"Status","Start Time","Stop Time","Duration in ms","Parent Suite","Suite","Sub Suite","Test Class","Test Method","Name","Description"
"broken","Tue Apr 14 22:53:54 UTC 2026","Tue Apr 14 22:53:54 UTC 2026","65","HabitNuCoachPortalSuite","GroupDPPClassPlanner","CoachesPortal.ClassPlanner","CoachesPortal.ClassPlanner","case36","validate user is able to view classPlanner item==app-link",""
"passed","Tue Apr 14 21:30:30 UTC 2026","Tue Apr 14 21:30:32 UTC 2026","2093","HabitNuCoachPortalSuite","HabitNuCoachesPortalRegression-PartA","CoachesPortal.DiscussionForumPage","CoachesPortal.DiscussionForumPage","case26","test1 > Given I am logged in as customerAdmin, I am validating UnPin The post","test1 > Given I am logged in as customerAdmin, I am validating UnPin The post"
"passed","Tue Apr 14 22:55:41 UTC 2026","Tue Apr 14 22:55:41 UTC 2026","74","HabitNuCoachPortalSuite","GeneralContent","CoachesPortal.generalContent_WEb_Coaches","CoachesPortal.generalContent_WEb_Coaches","Case13_verifyGroup","verifyGroup creation",""
"passed","Tue Apr 14 22:21:01 UTC 2026","Tue Apr 14 22:21:06 UTC 2026","5201","HabitNuCoachPortalSuite","Scheduler","CoachesPortal.Schedular","CoachesPortal.Schedular","viewAppointment","test5 >  Given I am logged in as admin, and on time slot page, When I click on created appointment, Then I should be able to view the appointment","admin login - User should be able to view appointment"
"passed","Tue Apr 14 21:37:32 UTC 2026","Tue Apr 14 21:37:32 UTC 2026","630","HabitNuCoachPortalSuite","HabitNuCoachesPortalRegression-PartB","CoachesPortal.OnsiteUsersListDashboard","CoachesPortal.OnsiteUsersListDashboard","case15","test1 > Given I am logged in as coach, Click on a user and check whether its navigating to the dashboard.","test1 > Given I am logged in as coach, Click on a user and check whether its navigating to the dashboard."
"passed","Tue Apr 14 23:06:35 UTC 2026","Tue Apr 14 23:06:38 UTC 2026","3272","HabitNuCoachPortalSuite","ParticipationsTable","CoachesPortal.participations","CoachesPortal.participations","test10_searchpartner","And user is able to search the user with participation ID",""
"passed","Tue Apr 14 23:07:43 UTC 2026","Tue Apr 14 23:07:44 UTC 2026","51","HabitNuCoachPortalSuite","DifferentTypeOfDashboards","CoachesPortal.CohortLevelDashboard.OnlineCohortDashboard","CoachesPortal.CohortLevelDashboard.OnlineCohortDashboard","coachName","test1 > Given I am logged in as customer admin, I am validating online cohort 'dashboard-card=coachName","test1 > Given I am logged in as customer admin, I am validating online cohort 'dashboard-card=coachName"
"passed","Tue Apr 14 22:07:32 UTC 2026","Tue Apr 14 22:07:32 UTC 2026","24","HabitNuCoachPortalSuite","HabitNuCoachesPortalRegression-PartB","CoachesPortal.PatientDetails.PatientProfileDemographic","CoachesPortal.PatientDetails.PatientProfileDemographic","verifyScaleOrderDetails","test1 > Given I am logged in as customer admin, verifyScaleOrderDetails","test1 > Given I am logged in as customer admin, verifyScaleOrderDetails"
"skipped","Tue Apr 14 23:03:55 UTC 2026","Tue Apr 14 23:03:55 UTC 2026","0","HabitNuCoachPortalSuite","UserDashboard","CoachesPortal.PatientDashboard","CoachesPortal.PatientDashboard","patientVWeeklyStatusVideo_when_100_percentWatched","Physical Activity History section",""
"broken","Tue Apr 14 20:53:20 UTC 2026","Tue Apr 14 20:54:20 UTC 2026","60327","HabitNuCoachPortalSuite","HabitNuCoachesPortalRegression-PartA","CoachesPortal.CohortLevelDashboard.CohortLevelDashboardPage","CoachesPortal.CohortLevelDashboard.CohortLevelDashboardPage","case23","Attendance By participants.",""
"passed","Tue Apr 14 22:21:26 UTC 2026","Tue Apr 14 22:21:26 UTC 2026","0","HabitNuCoachPortalSuite","Scheduler","CoachesPortal.Schedular","CoachesPortal.Schedular","userNoToTheMeet","test1 > Given I am logged in as admin, verify user response to meet attendance - NO","test1 > Given I am logged in as admin, verify user response to meet attendance - NO"
"broken","Tue Apr 14 22:13:00 UTC 2026","Tue Apr 14 22:13:01 UTC 2026","1227","HabitNuCoachPortalSuite","UserActivities","CoachesPortal.PatientDetails.UserActivitiesBloodPressure","CoachesPortal.PatientDetails.UserActivitiesBloodPressure","verifyCurrentAndYesterdayBPDataInCoachesPortal","Verify current and yesterday BPdata in coaches and webportal",""
"passed","Tue Apr 14 23:19:35 UTC 2026","Tue Apr 14 23:19:44 UTC 2026","9760","HabitNuCoachPortalSuite","DifferentTypeOfDashboards","CoachesPortal.CohortLevelDashboard.ParticipantsProgressTracker","CoachesPortal.CohortLevelDashboard.ParticipantsProgressTracker","test12_Completedunits","And User is validating the completed units",""
"passed","Tue Apr 14 22:40:57 UTC 2026","Tue Apr 14 22:40:57 UTC 2026","17","HabitNuCoachPortalSuite","ProjectPowerDashboard","CoachesPortal.ProjectPowerDashboard","CoachesPortal.ProjectPowerDashboard","verifyDemographicsReferralSource","Demographics page - Referral Source",""
"passed","Tue Apr 14 22:41:46 UTC 2026","Tue Apr 14 22:41:47 UTC 2026","1072","HabitNuCoachPortalSuite","LogClassSession","CoachesPortal.LogClassSection","CoachesPortal.LogClassSection","validateLogClassSession_Non_Availibility","Verify Log Class Section is unavailable for programDeliveryType!=Onsite",""
"broken","Tue Apr 14 21:17:12 UTC 2026","Tue Apr 14 21:17:12 UTC 2026","64","HabitNuCoachPortalSuite","HabitNuCoachesPortalRegression-PartA","CoachesPortal.LearnModule.CustomerAdminCourseDocument","CoachesPortal.LearnModule.CustomerAdminCourseDocument","verifyDocumentPublishCancelAndConfirm","Document Publish Cancel And Confirm",""
"broken","Tue Apr 14 21:57:59 UTC 2026","Tue Apr 14 21:58:30 UTC 2026","30163","HabitNuCoachPortalSuite","HabitNuCoachesPortalRegression-PartB","CoachesPortal.PatientDetails.PatientProfileDemographic","CoachesPortal.PatientDetails.PatientProfileDemographic","updateAndVerifyOtherDetails","test1 > Given I am logged in as coach, updateAndVerifyOtherDetails","test1 > Given I am logged in as coach, updateAndVerifyOtherDetails"
"passed","Tue Apr 14 22:54:56 UTC 2026","Tue Apr 14 22:55:19 UTC 2026","23388","HabitNuCoachPortalSuite","GeneralContent","CoachesPortal.generalContent_WEb_Coaches","CoachesPortal.generalContent_WEb_Coaches","case11","Fitness Videos Details",""
"broken","Tue Apr 14 22:41:30 UTC 2026","Tue Apr 14 22:41:30 UTC 2026","184","HabitNuCoachPortalSuite","LoginPageCases","CoachesPortal.LoginPageCases","CoachesPortal.LoginPageCases","case14","Coaches Portal Feedback URL -> Add subject-> Keep other fields empty -> Click on submit feedback",""
"passed","Tue Apr 14 22:28:11 UTC 2026","Tue Apr 14 22:28:14 UTC 2026","2186","HabitNuCoachPortalSuite","Paywal","CoachesPortal.payWall","CoachesPortal.payWall","testFilterTransactions","COP-T400: Validate all transaction filters",""
"broken","Tue Apr 14 22:51:53 UTC 2026","Tue Apr 14 22:51:53 UTC 2026","66","HabitNuCoachPortalSuite","GroupDPPClassPlanner","CoachesPortal.ClassPlanner","CoachesPortal.ClassPlanner","case30","Login to coach portal -> select the cohort -> Class planner -> Click on Edit (pencil) button -> remove the participant -> Done",""
"passed","Tue Apr 14 21:06:50 UTC 2026","Tue Apr 14 21:06:50 UTC 2026","49","HabitNuCoachPortalSuite","HabitNuCoachesPortalRegression-PartA","CoachesPortal.LearnModule.Learn","CoachesPortal.LearnModule.Learn","activeConfiguredNotificationsCheck","verify active is displayed against course notifications configured",""
"passed","Tue Apr 14 21:03:58 UTC 2026","Tue Apr 14 21:04:16 UTC 2026","17244","HabitNuCoachPortalSuite","HabitNuCoachesPortalRegression-PartA","CoachesPortal.LearnModule.Learn","CoachesPortal.LearnModule.Learn","addClonedCourseToCohort","verify on clone course page, course created by admin is available",""
"failed","Tue Apr 14 23:09:40 UTC 2026","Tue Apr 14 23:09:41 UTC 2026","698","HabitNuCoachPortalSuite","DifferentTypeOfDashboards","CoachesPortal.CohortLevelDashboard.OnsiteCohortDashboard","CoachesPortal.CohortLevelDashboard.OnsiteCohortDashboard","case9","test1 > Given I am logged in as coach, I am validating onsite cohort 'Weight Loss By Participants validation on graph with 'Added by coach' option, when user adds weight","test1 > Given I am logged in as coach, I am validating onsite cohort 'Weight Loss By Participants validation on graph with 'Added by coach' option, when user adds weight"
"failed","Tue Apr 14 23:09:52 UTC 2026","Tue Apr 14 23:09:59 UTC 2026","6546","HabitNuCoachPortalSuite","DifferentTypeOfDashboards","CoachesPortal.CohortLevelDashboard.OnsiteCohortDashboard","CoachesPortal.CohortLevelDashboard.OnsiteCohortDashboard","totalNoOfClasses","test1 > Given I am logged in as coach,  I am validating onsite cohort 'dashboard-card=totalNoOfClasses","test1 > Given I am logged in as coach,  I am validating onsite cohort 'dashboard-card=totalNoOfClasses"
"passed","Tue Apr 14 21:21:51 UTC 2026","Tue Apr 14 21:21:53 UTC 2026","2107","HabitNuCoachPortalSuite","HabitNuCoachesPortalRegression-PartA","CoachesPortal.DiscussionForumPage","CoachesPortal.DiscussionForumPage","case26","test1 > Given I am logged in as admin, I am validating UnPin The post","test1 > Given I am logged in as admin, I am validating UnPin The post"
"passed","Tue Apr 14 21:28:51 UTC 2026","Tue Apr 14 21:28:52 UTC 2026","1151","HabitNuCoachPortalSuite","HabitNuCoachesPortalRegression-PartA","CoachesPortal.DiscussionForumPage","CoachesPortal.DiscussionForumPage","case9","test1 > Given I am logged in as customerAdmin, I am validating Post empty comment- error message.","test1 > Given I am logged in as customerAdmin, I am validating Post empty comment- error message."
"broken","Tue Apr 14 22:58:10 UTC 2026","Tue Apr 14 22:58:35 UTC 2026","25126","HabitNuCoachPortalSuite","Milestones","CoachesPortal.MilestoneModule.SoleraIBCorNDPP","CoachesPortal.MilestoneModule.SoleraIBCorNDPP","test11","Given I have achieved M0 & M1, M2, M3, M4, M5(1st & 2ndgreen), When I achieve Weekly Meaningful Engagement for week8, Then I should be able to achieve M5",""
"passed","Tue Apr 14 21:33:13 UTC 2026","Tue Apr 14 21:33:14 UTC 2026","1137","HabitNuCoachPortalSuite","HabitNuCoachesPortalRegression-PartA","CoachesPortal.DirectMessage","CoachesPortal.DirectMessage","searchParticipantByFirstName_who_is_notPartOfthisCohort","Search participant by firstName who is not part of this cohort",""
"passed","Tue Apr 14 23:04:05 UTC 2026","Tue Apr 14 23:04:05 UTC 2026","74","HabitNuCoachPortalSuite","FeatureFlags","CoachesPortal.FeatureFlags","CoachesPortal.FeatureFlags","test7_navigatingflag","And user is able to navigating the flag details section",""
"broken","Tue Apr 14 20:51:02 UTC 2026","Tue Apr 14 20:51:17 UTC 2026","15397","HabitNuCoachPortalSuite","HabitNuCoachesPortalRegression-PartA","CoachesPortal.CohortLevelDashboard.CohortLevelDashboardPage","CoachesPortal.CohortLevelDashboard.CohortLevelDashboardPage","case13","Food category - 0 Kcal test case.",""
"passed","Tue Apr 14 22:37:04 UTC 2026","Tue Apr 14 22:37:04 UTC 2026","20","HabitNuCoachPortalSuite","ProjectPowerDashboard","CoachesPortal.ProjectPowerDashboard","CoachesPortal.ProjectPowerDashboard","verifyPending","go to coaches portal - Project Power-verify Pending Leads",""
"passed","Tue Apr 14 22:21:26 UTC 2026","Tue Apr 14 22:21:26 UTC 2026","1","HabitNuCoachPortalSuite","Scheduler","CoachesPortal.Schedular","CoachesPortal.Schedular","validateInteractionEntries_SessionName","test1 > Given I am logged in as admin, verify group interaction entries are made automatically when meet is attended for min of 1min > Validating field==SessionName","test1 > Given I am logged in as admin, verify group interaction entries are made automatically when meet is attended for min of 1min > Validating field==SessionName"
"broken","Tue Apr 14 22:41:29 UTC 2026","Tue Apr 14 22:41:29 UTC 2026","209","HabitNuCoachPortalSuite","LoginPageCases","CoachesPortal.LoginPageCases","CoachesPortal.LoginPageCases","case11","TC11- Click on Ask us",""
"failed","Tue Apr 14 23:07:27 UTC 2026","Tue Apr 14 23:07:27 UTC 2026","95","HabitNuCoachPortalSuite","DifferentTypeOfDashboards","CoachesPortal.CohortLevelDashboard.OnlineCohortDashboard","CoachesPortal.CohortLevelDashboard.OnlineCohortDashboard","male_female_card_withUdate_to_male","test1 > Given I am logged in as customer admin, I am validating online cohort 'dashboard-card=male_female_card_withUdate_to_male","test1 > Given I am logged in as customer admin, I am validating online cohort 'dashboard-card=male_female_card_withUdate_to_male"
"passed","Tue Apr 14 22:41:50 UTC 2026","Tue Apr 14 22:41:56 UTC 2026","5375","HabitNuCoachPortalSuite","LogClassSession","CoachesPortal.LogClassSection","CoachesPortal.LogClassSection","verifySearchPatientByName","Search Participant By Name",""
"passed","Tue Apr 14 22:21:34 UTC 2026","Tue Apr 14 22:21:37 UTC 2026","2554","HabitNuCoachPortalSuite","Scheduler","CoachesPortal.Schedular","CoachesPortal.Schedular","clickOnSchedular","test1 > Given I am logged in as coach, wehn I click on Scheduler module, Then I should be taken to meeting time slot pick up page","coach login - clicking on scheduler should open the scheduler page in coaches portal"
"passed","Tue Apr 14 22:16:00 UTC 2026","Tue Apr 14 22:16:16 UTC 2026","16178","HabitNuCoachPortalSuite","UserActivities","CoachesPortal.PatientDetails.UserActivitiesBloodSugar","CoachesPortal.PatientDetails.UserActivitiesBloodSugar","verifyBloodSugarInCoachPortalYesterdaysData","Verify user as Ethelyn in useractivities tab added yesterday date blood sugar fasting ,before meal and after meal",""
"passed","Tue Apr 14 23:12:45 UTC 2026","Tue Apr 14 23:13:32 UTC 2026","47077","HabitNuCoachPortalSuite","DifferentTypeOfDashboards","CoachesPortal.CohortLevelDashboard.ParticipantsProgressTracker","CoachesPortal.CohortLevelDashboard.ParticipantsProgressTracker","test3_participants_filter_actions_options","And user is navigating to participants and validating the filter status.",""
"skipped","Tue Apr 14 22:29:35 UTC 2026","Tue Apr 14 22:29:35 UTC 2026","0","HabitNuCoachPortalSuite","Paywal","CoachesPortal.payWall","CoachesPortal.payWall","testUserSeesAndSubscribesToPlan","COP-T408 & T409: Verify user can see and subscribe to a linked plan",""
"passed","Tue Apr 14 22:28:06 UTC 2026","Tue Apr 14 22:28:08 UTC 2026","2027","HabitNuCoachPortalSuite","Paywal","CoachesPortal.payWall","CoachesPortal.payWall","testFilterTransactions","COP-T400: Validate all transaction filters",""
"passed","Tue Apr 14 23:06:29 UTC 2026","Tue Apr 14 23:06:29 UTC 2026","28","HabitNuCoachPortalSuite","ParticipationsTable","CoachesPortal.participations","CoachesPortal.participations","test4_validatingadmin_defaultpage","When user is validating to Admin default section ",""
"broken","Tue Apr 14 21:17:54 UTC 2026","Tue Apr 14 21:18:15 UTC 2026","20730","HabitNuCoachPortalSuite","HabitNuCoachesPortalRegression-PartA","CoachesPortal.LearnModule.CustomerAdminCourseDocument","CoachesPortal.LearnModule.CustomerAdminCourseDocument","verifyAddOnlyDiscriptionVideo","Add Only Discription And verify videoupload and title Required",""
"broken","Tue Apr 14 21:18:15 UTC 2026","Tue Apr 14 21:18:35 UTC 2026","20732","HabitNuCoachPortalSuite","HabitNuCoachesPortalRegression-PartA","CoachesPortal.LearnModule.CustomerAdminCourseDocument","CoachesPortal.LearnModule.CustomerAdminCourseDocument","verifyAddVideoTitleRequired","Add Title Required",""
"passed","Tue Apr 14 21:01:18 UTC 2026","Tue Apr 14 21:01:20 UTC 2026","2565","HabitNuCoachPortalSuite","HabitNuCoachesPortalRegression-PartA","CoachesPortal.LearnModule.Learn","CoachesPortal.LearnModule.Learn","removeCourseFromTheCohort","remove course from the cohort",""
"passed","Tue Apr 14 23:19:59 UTC 2026","Tue Apr 14 23:20:07 UTC 2026","7814","HabitNuCoachPortalSuite","DifferentTypeOfCohorts","CoachesPortal.connectCohorts","CoachesPortal.connectCohorts","case1","test1 > Given I am logged in as admin, I am validating connect cohorts modules","test1 > Given I am logged in as admin, I am validating connect cohorts modules"
"failed","Tue Apr 14 23:07:37 UTC 2026","Tue Apr 14 23:07:39 UTC 2026","1828","HabitNuCoachPortalSuite","DifferentTypeOfDashboards","CoachesPortal.CohortLevelDashboard.OnlineCohortDashboard","CoachesPortal.CohortLevelDashboard.OnlineCohortDashboard","activeParticipants","test1 > Given I am logged in as customer admin, I am validating online cohort 'dashboard-card=activeParticipants","test1 > Given I am logged in as customer admin, I am validating online cohort 'dashboard-card=activeParticipants"
"passed","Tue Apr 14 22:41:30 UTC 2026","Tue Apr 14 22:41:32 UTC 2026","1352","HabitNuCoachPortalSuite","LoginPageCases","CoachesPortal.LoginPageCases","CoachesPortal.LoginPageCases","case16","Coaches Portal Login URL -> Click on Privacy Policy Link",""
"passed","Tue Apr 14 22:59:13 UTC 2026","Tue Apr 14 22:59:15 UTC 2026","2075","HabitNuCoachPortalSuite","Milestones","CoachesPortal.BPSMMilestone","CoachesPortal.BPSMMilestone","test3_currentcohort_dashboard","And user is navigated to current cohort dashboard",""
"passed","Tue Apr 14 22:54:41 UTC 2026","Tue Apr 14 22:54:42 UTC 2026","156","HabitNuCoachPortalSuite","GeneralContent","CoachesPortal.generalContent_WEb_Coaches","CoachesPortal.generalContent_WEb_Coaches","printGroupDetails","Printing Group Details",""
"broken","Tue Apr 14 22:16:16 UTC 2026","Tue Apr 14 22:16:55 UTC 2026","39314","HabitNuCoachPortalSuite","UserActivities","CoachesPortal.PatientDetails.UserActivitiesBloodSugar","CoachesPortal.PatientDetails.UserActivitiesBloodSugar","verifyBloodSugarInWebPortal","Verify login to webapp and data reflected in bloodsugar section",""
"broken","Tue Apr 14 21:59:30 UTC 2026","Tue Apr 14 22:00:00 UTC 2026","30147","HabitNuCoachPortalSuite","HabitNuCoachesPortalRegression-PartB","CoachesPortal.PatientDetails.PatientProfileDemographic","CoachesPortal.PatientDetails.PatientProfileDemographic","testSelectWalkingYes","test1 > Given I am logged in as coach, testSelectWalkingYes","test1 > Given I am logged in as coach, testSelectWalkingYes"
"passed","Tue Apr 14 22:35:15 UTC 2026","Tue Apr 14 22:35:47 UTC 2026","32324","HabitNuCoachPortalSuite","HabitNuCoachesPortalRegression-PartC","CoachesPortal.PatientDetails.PatientProfileImmunizations","CoachesPortal.PatientDetails.PatientProfileImmunizations","verifyPersonalDetails","Add medication of Ethlen",""
"passed","Tue Apr 14 22:37:04 UTC 2026","Tue Apr 14 22:37:04 UTC 2026","37","HabitNuCoachPortalSuite","ProjectPowerDashboard","CoachesPortal.ProjectPowerDashboard","CoachesPortal.ProjectPowerDashboard","verifyCumulative_EnrollmentGraphPresence_for3monthsFilter","It should display the enrollment of participants for 3 months",""
"passed","Tue Apr 14 22:01:01 UTC 2026","Tue Apr 14 22:01:01 UTC 2026","4","HabitNuCoachPortalSuite","HabitNuCoachesPortalRegression-PartB","CoachesPortal.PatientDetails.PatientProfileDemographic","CoachesPortal.PatientDetails.PatientProfileDemographic","updateMaritalStatus","test1 > Given I am logged in as coach, Marital Status","test1 > Given I am logged in as coach, Marital Status"
"broken","Tue Apr 14 21:17:12 UTC 2026","Tue Apr 14 21:17:12 UTC 2026","65","HabitNuCoachPortalSuite","HabitNuCoachesPortalRegression-PartA","CoachesPortal.LearnModule.CustomerAdminCourseDocument","CoachesPortal.LearnModule.CustomerAdminCourseDocument","verifyDocumentArchiveCancelAndConfirm","Document Archive Cancel And Confirm",""
"passed","Tue Apr 14 22:41:49 UTC 2026","Tue Apr 14 22:41:49 UTC 2026","98","HabitNuCoachPortalSuite","LogClassSession","CoachesPortal.LogClassSection","CoachesPortal.LogClassSection","verifyLogClassSectionWithPatientFields","Verify Log Class Section With Patient all fields",""
"passed","Tue Apr 14 23:01:55 UTC 2026","Tue Apr 14 23:02:00 UTC 2026","4802","HabitNuCoachPortalSuite","Milestones","CoachesPortal.VAMilestone","CoachesPortal.VAMilestone","test19_validating_VAHeaders_data","And user is validating to VAHeaders data by clicking arrow button",""
"passed","Tue Apr 14 21:28:53 UTC 2026","Tue Apr 14 21:29:02 UTC 2026","9130","HabitNuCoachPortalSuite","HabitNuCoachesPortalRegression-PartA","CoachesPortal.DiscussionForumPage","CoachesPortal.DiscussionForumPage","case11","test1 > Given I am logged in as customerAdmin, I am validating File upload- error","test1 > Given I am logged in as customerAdmin, I am validating File upload- error"
"passed","Tue Apr 14 21:00:30 UTC 2026","Tue Apr 14 21:00:32 UTC 2026","1627","HabitNuCoachPortalSuite","HabitNuCoachesPortalRegression-PartA","CoachesPortal.LearnModule.Learn","CoachesPortal.LearnModule.Learn","addCourseToTheProgram","adding  the course to the program",""
"passed","Tue Apr 14 23:00:32 UTC 2026","Tue Apr 14 23:00:42 UTC 2026","10521","HabitNuCoachPortalSuite","Milestones","CoachesPortal.VAMilestone","CoachesPortal.VAMilestone","test8_validating_VAHeaders_data","And user is validating to VAHeaders data by clicking arrow button",""
"broken","Tue Apr 14 22:57:34 UTC 2026","Tue Apr 14 22:58:10 UTC 2026","36272","HabitNuCoachPortalSuite","Milestones","CoachesPortal.MilestoneModule.SoleraIBCorNDPP","CoachesPortal.MilestoneModule.SoleraIBCorNDPP","test4","Given I am enrolled in a programId==IBC/NDPP, When I achieve Weekly Meaningful Engagement for week1, Then I should be marked as having achieved milestone M0 and milestone M1",""
"skipped","Tue Apr 14 23:03:55 UTC 2026","Tue Apr 14 23:03:55 UTC 2026","0","HabitNuCoachPortalSuite","UserDashboard","CoachesPortal.PatientDashboard","CoachesPortal.PatientDashboard","bloodSugarHistory","bloodSugarHistory",""
"passed","Tue Apr 14 22:12:25 UTC 2026","Tue Apr 14 22:12:29 UTC 2026","3625","HabitNuCoachPortalSuite","PatientsProfileAllergies","CoachesPortal.PatientDetails.PatientsProfileAllergies","CoachesPortal.PatientDetails.PatientsProfileAllergies","verifyMedication","verify allergy for Ethylen",""
"passed","Tue Apr 14 23:14:33 UTC 2026","Tue Apr 14 23:15:16 UTC 2026","42346","HabitNuCoachPortalSuite","DifferentTypeOfDashboards","CoachesPortal.CohortLevelDashboard.ParticipantsProgressTracker","CoachesPortal.CohortLevelDashboard.ParticipantsProgressTracker","test5_Actions_Options","And user is able to select the Actions options.",""
"passed","Tue Apr 14 21:25:44 UTC 2026","Tue Apr 14 21:25:50 UTC 2026","5780","HabitNuCoachPortalSuite","HabitNuCoachesPortalRegression-PartA","CoachesPortal.DiscussionForumPage","CoachesPortal.DiscussionForumPage","case20","test1 > Given I am logged in as coach, I am validating Edit Post- Upload File","test1 > Given I am logged in as coach, I am validating Edit Post- Upload File"
"passed","Tue Apr 14 21:02:18 UTC 2026","Tue Apr 14 21:02:47 UTC 2026","29621","HabitNuCoachPortalSuite","HabitNuCoachesPortalRegression-PartA","CoachesPortal.LearnModule.Learn","CoachesPortal.LearnModule.Learn","addVideoToTheContent","filter down course content by Video and assert Pagination",""
"broken","Tue Apr 14 22:39:54 UTC 2026","Tue Apr 14 22:40:55 UTC 2026","61346","HabitNuCoachPortalSuite","ProjectPowerDashboard","CoachesPortal.ProjectPowerDashboard","CoachesPortal.ProjectPowerDashboard","verifySDOHPage_Education","SDOH page - It should display the count of participants of Education",""
"passed","Tue Apr 14 22:59:20 UTC 2026","Tue Apr 14 22:59:24 UTC 2026","4860","HabitNuCoachPortalSuite","Milestones","CoachesPortal.BPSMMilestone","CoachesPortal.BPSMMilestone","test7_validating_BPSMHeaders_data","And user is validating to BPSmHeaders data by clicking arrow button",""
"passed","Tue Apr 14 23:06:31 UTC 2026","Tue Apr 14 23:06:35 UTC 2026","3673","HabitNuCoachPortalSuite","ParticipationsTable","CoachesPortal.participations","CoachesPortal.participations","test9_searchuser","And user is able to search the user with user email",""
"passed","Tue Apr 14 21:30:32 UTC 2026","Tue Apr 14 21:32:50 UTC 2026","137201","HabitNuCoachPortalSuite","HabitNuCoachesPortalRegression-PartA","CoachesPortal.DiscussionForumPage","CoachesPortal.DiscussionForumPage","case27","test1 > Given I am logged in as customerAdmin, I am validating add max number of pinned posts(20).","test1 > Given I am logged in as customerAdmin, I am validating add max number of pinned posts(20)."
"passed","Tue Apr 14 22:59:26 UTC 2026","Tue Apr 14 22:59:28 UTC 2026","2255","HabitNuCoachPortalSuite","Milestones","CoachesPortal.BPSMMilestone","CoachesPortal.BPSMMilestone","test9_validating_BPSMHeaders_data","And user is validating to BPSmHeaders data by clicking arrow button",""
"broken","Tue Apr 14 21:53:26 UTC 2026","Tue Apr 14 21:53:57 UTC 2026","30710","HabitNuCoachPortalSuite","HabitNuCoachesPortalRegression-PartB","CoachesPortal.PatientDetails.PatientProfileDemographic","CoachesPortal.PatientDetails.PatientProfileDemographic","updateDisenrollmentDetails_with_DisenrolledCode_and_date","test1 > Given I am logged in as coach, try updating DisenrollmentDetails with only diseenrolledCode & Date","test1 > Given I am logged in as coach, try updating DisenrollmentDetails with only diseenrolledCode & Date"
"passed","Tue Apr 14 21:39:04 UTC 2026","Tue Apr 14 21:39:08 UTC 2026","3896","HabitNuCoachPortalSuite","HabitNuCoachesPortalRegression-PartB","CoachesPortal.OnsiteUsersListDashboard","CoachesPortal.OnsiteUsersListDashboard","case42","test1 > Given I am logged in as customerAdmin, disenroll user validation - on CANCEL check","test1 > Given I am logged in as customerAdmin, disenroll user validation - on CANCEL check"
"passed","Tue Apr 14 22:55:55 UTC 2026","Tue Apr 14 22:55:58 UTC 2026","3177","HabitNuCoachPortalSuite","GeneralContent","CoachesPortal.generalContent_WEb_Coaches","CoachesPortal.generalContent_WEb_Coaches","validateDeleteinWeb","Validate Delete in Web Main Page",""
"passed","Tue Apr 14 21:38:55 UTC 2026","Tue Apr 14 21:38:58 UTC 2026","3143","HabitNuCoachPortalSuite","HabitNuCoachesPortalRegression-PartB","CoachesPortal.OnsiteUsersListDashboard","CoachesPortal.OnsiteUsersListDashboard","case39","test1 > Given I am logged in as customerAdmin, sorting users table with 'cohort' in desc order","test1 > Given I am logged in as customerAdmin, sorting users table with 'cohort' in desc order"
"passed","Tue Apr 14 21:28:50 UTC 2026","Tue Apr 14 21:28:51 UTC 2026","755","HabitNuCoachPortalSuite","HabitNuCoachesPortalRegression-PartA","CoachesPortal.DiscussionForumPage","CoachesPortal.DiscussionForumPage","case8","test1 > Given I am logged in as customerAdmin, I am validating Add describe only- success post.","test1 > Given I am logged in as customerAdmin, I am validating Add describe only- success post."
"broken","Tue Apr 14 22:01:45 UTC 2026","Tue Apr 14 22:02:16 UTC 2026","30467","HabitNuCoachPortalSuite","HabitNuCoachesPortalRegression-PartB","CoachesPortal.PatientDetails.PatientProfileDemographic","CoachesPortal.PatientDetails.PatientProfileDemographic","verifyProgramDetails","test1 > Given I am logged in as customer admin, Verify user as Ethelyn in demographic with Program Details","test1 > Given I am logged in as customer admin, Verify user as Ethelyn in demographic with Program Details"
"passed","Tue Apr 14 22:28:22 UTC 2026","Tue Apr 14 22:28:24 UTC 2026","2143","HabitNuCoachPortalSuite","Paywal","CoachesPortal.payWall","CoachesPortal.payWall","testFilterTransactions","COP-T400: Validate all transaction filters",""
"passed","Tue Apr 14 21:21:42 UTC 2026","Tue Apr 14 21:21:43 UTC 2026","661","HabitNuCoachPortalSuite","HabitNuCoachesPortalRegression-PartA","CoachesPortal.DiscussionForumPage","CoachesPortal.DiscussionForumPage","case22","test1 > Given I am logged in as admin, I am validating Edit Post-Close button.","test1 > Given I am logged in as admin, I am validating Edit Post-Close button."
"passed","Tue Apr 14 22:26:09 UTC 2026","Tue Apr 14 22:27:14 UTC 2026","65711","HabitNuCoachPortalSuite","Paywal","CoachesPortal.payWall","CoachesPortal.payWall","validatePaywallPage","Navigate to Paywall and validate header tabs",""
"passed","Tue Apr 14 23:02:00 UTC 2026","Tue Apr 14 23:02:10 UTC 2026","10431","HabitNuCoachPortalSuite","Milestones","CoachesPortal.VAMilestone","CoachesPortal.VAMilestone","test20_validating_VAHeaders_data","And user is validating to VAHeaders data by clicking arrow button",""
"passed","Tue Apr 14 22:46:23 UTC 2026","Tue Apr 14 22:46:24 UTC 2026","501","HabitNuCoachPortalSuite","GroupDPPClassPlanner","CoachesPortal.ClassPlanner","CoachesPortal.ClassPlanner","case13","click on CANCEL while editing the Created card",""
"broken","Tue Apr 14 22:47:51 UTC 2026","Tue Apr 14 22:48:53 UTC 2026","61388","HabitNuCoachPortalSuite","GroupDPPClassPlanner","CoachesPortal.ClassPlanner","CoachesPortal.ClassPlanner","case23","Login to coach portal -> select the cohort -> Class planner -> Activate class planner ",""
"passed","Tue Apr 14 22:36:22 UTC 2026","Tue Apr 14 22:36:28 UTC 2026","5817","HabitNuCoachPortalSuite","HabitNuCoachesPortalRegression-PartC","CoachesPortal.PatientDetails.PatientProfilePayerType","CoachesPortal.PatientDetails.PatientProfilePayerType","editPayerType_click_Cancel","edit PayerType for Ethylen, but click on cancel button rather update button",""
"passed","Tue Apr 14 23:06:56 UTC 2026","Tue Apr 14 23:06:58 UTC 2026","2241","HabitNuCoachPortalSuite","DifferentTypeOfDashboards","CoachesPortal.CohortLevelDashboard.OnlineCohortDashboard","CoachesPortal.CohortLevelDashboard.OnlineCohortDashboard","case1","test1 > Given I am logged in as customer admin, I am validating online cohort 'dashboard-cards","test1 > Given I am logged in as customer admin, I am validating online cohort 'dashboard-cards"
"passed","Tue Apr 14 21:06:40 UTC 2026","Tue Apr 14 21:06:50 UTC 2026","9682","HabitNuCoachPortalSuite","HabitNuCoachesPortalRegression-PartA","CoachesPortal.LearnModule.Learn","CoachesPortal.LearnModule.Learn","selectNotificationsAndConfigure","Send a notification before a chapter getting released",""
"passed","Tue Apr 14 21:36:59 UTC 2026","Tue Apr 14 21:36:59 UTC 2026","170","HabitNuCoachPortalSuite","HabitNuCoachesPortalRegression-PartB","CoachesPortal.OnsiteUsersListDashboard","CoachesPortal.OnsiteUsersListDashboard","case2","test1 > Given I am logged in as coach, Users- All expected elements is displayed.","test1 > Given I am logged in as coach, Users- All expected elements is displayed."
"broken","Tue Apr 14 22:38:13 UTC 2026","Tue Apr 14 22:39:13 UTC 2026","60288","HabitNuCoachPortalSuite","ProjectPowerDashboard","CoachesPortal.ProjectPowerDashboard","CoachesPortal.ProjectPowerDashboard","verifyADAMilestoneFor3Months","All cohort dashboard for project power - ADA milestone trend - 3months",""
"passed","Tue Apr 14 22:46:21 UTC 2026","Tue Apr 14 22:46:22 UTC 2026","1076","HabitNuCoachPortalSuite","GroupDPPClassPlanner","CoachesPortal.ClassPlanner","CoachesPortal.ClassPlanner","case9","Create the APP LINK cards under the list",""
"failed","Tue Apr 14 23:10:48 UTC 2026","Tue Apr 14 23:11:10 UTC 2026","21316","HabitNuCoachPortalSuite","DifferentTypeOfDashboards","CoachesPortal.CohortLevelDashboard.DSMEDashboardCoachesPortal","CoachesPortal.CohortLevelDashboard.DSMEDashboardCoachesPortal","test4_Nurture","And user is validating Nurture",""
"passed","Tue Apr 14 20:59:25 UTC 2026","Tue Apr 14 20:59:25 UTC 2026","616","HabitNuCoachPortalSuite","HabitNuCoachesPortalRegression-PartA","CoachesPortal.LearnModule.Learn","CoachesPortal.LearnModule.Learn","clickOnCourseModule","Verify CustomerAdmin can click on course",""
"passed","Tue Apr 14 22:45:08 UTC 2026","Tue Apr 14 22:45:14 UTC 2026","5482","HabitNuCoachPortalSuite","GroupDPPClassPlanner","CoachesPortal.ClassPlanner","CoachesPortal.ClassPlanner","case1","It should open the class planner creation page",""
"passed","Tue Apr 14 22:44:47 UTC 2026","Tue Apr 14 22:44:49 UTC 2026","1938","HabitNuCoachPortalSuite","LogClassSession","CoachesPortal.LogClassSection","CoachesPortal.LogClassSection","verifyAddWeightAttendanceDateAndPAAndLFAndMUPDistanceLearning","Add weight,attendance date and PA And LF And MUP In Distance Learning",""
"failed","Tue Apr 14 23:09:41 UTC 2026","Tue Apr 14 23:09:51 UTC 2026","9782","HabitNuCoachPortalSuite","DifferentTypeOfDashboards","CoachesPortal.CohortLevelDashboard.OnsiteCohortDashboard","CoachesPortal.CohortLevelDashboard.OnsiteCohortDashboard","male_female_card_with_update_to_female","test1 > Given I am logged in as coach, I am validating onsite cohort 'dashboard-card=male_female_card_with_update_to_female","test1 > Given I am logged in as coach, I am validating onsite cohort 'dashboard-card=male_female_card_with_update_to_female"
"broken","Tue Apr 14 22:50:53 UTC 2026","Tue Apr 14 22:51:53 UTC 2026","60179","HabitNuCoachPortalSuite","GroupDPPClassPlanner","CoachesPortal.ClassPlanner","CoachesPortal.ClassPlanner","case29","Login to coach portal -> select the cohort -> Class planner -> Click on Edit (pencil) button",""
"failed","Tue Apr 14 23:08:15 UTC 2026","Tue Apr 14 23:08:15 UTC 2026","765","HabitNuCoachPortalSuite","DifferentTypeOfDashboards","CoachesPortal.CohortLevelDashboard.OnlineCohortDashboard","CoachesPortal.CohortLevelDashboard.OnlineCohortDashboard","case6","test1 > Given I am logged in as coach, I am validating online cohort 'Weight Loss By Participants validation on graph with 'Added by user' option","test1 > Given I am logged in as coach, I am validating online cohort 'Weight Loss By Participants validation on graph with 'Added by user' option"
"passed","Tue Apr 14 22:27:57 UTC 2026","Tue Apr 14 22:27:59 UTC 2026","2481","HabitNuCoachPortalSuite","Paywal","CoachesPortal.payWall","CoachesPortal.payWall","testFilterSubscriptions","COP-T397–399: Validate subscription filters",""
"broken","Tue Apr 14 21:19:17 UTC 2026","Tue Apr 14 21:19:17 UTC 2026","66","HabitNuCoachPortalSuite","HabitNuCoachesPortalRegression-PartA","CoachesPortal.LearnModule.CustomerAdminCourseDocument","CoachesPortal.LearnModule.CustomerAdminCourseDocument","verifyVideoEditAndClose","Video Edit and Close",""
"broken","Tue Apr 14 21:39:59 UTC 2026","Tue Apr 14 21:40:35 UTC 2026","35596","HabitNuCoachPortalSuite","HabitNuCoachesPortalRegression-PartB","CoachesPortal.OnsiteUsersListDashboard","CoachesPortal.OnsiteUsersListDashboard","case55","test1 > Given I am logged in as customerAdmin, verify milestonecolor==green when coach updates 'confirm By participant' to true","test1 > Given I am logged in as customerAdmin, verify milestonecolor==green when coach updates 'confirm By participant' to true"
"passed","Tue Apr 14 22:40:57 UTC 2026","Tue Apr 14 22:40:57 UTC 2026","18","HabitNuCoachPortalSuite","ProjectPowerDashboard","CoachesPortal.ProjectPowerDashboard","CoachesPortal.ProjectPowerDashboard","verifyDemographicsIPAS","Demographics page - Initial Physical Activity Status",""
"passed","Tue Apr 14 23:12:20 UTC 2026","Tue Apr 14 23:12:26 UTC 2026","5568","HabitNuCoachPortalSuite","DifferentTypeOfDashboards","CoachesPortal.CohortLevelDashboard.ParticipantsProgressTracker","CoachesPortal.CohortLevelDashboard.ParticipantsProgressTracker","test1_navigating","Given user is navigating to coaches portal",""
"passed","Tue Apr 14 21:30:14 UTC 2026","Tue Apr 14 21:30:20 UTC 2026","6214","HabitNuCoachPortalSuite","HabitNuCoachesPortalRegression-PartA","CoachesPortal.DiscussionForumPage","CoachesPortal.DiscussionForumPage","case20","test1 > Given I am logged in as customerAdmin, I am validating Edit Post- Upload File","test1 > Given I am logged in as customerAdmin, I am validating Edit Post- Upload File"
"passed","Tue Apr 14 21:04:16 UTC 2026","Tue Apr 14 21:05:18 UTC 2026","61884","HabitNuCoachPortalSuite","HabitNuCoachesPortalRegression-PartA","CoachesPortal.LearnModule.Learn","CoachesPortal.LearnModule.Learn","checkWebAPPAfterCourseAddedByAdmin","verify on clone course page, course created by admin is available",""
"passed","Tue Apr 14 21:24:17 UTC 2026","Tue Apr 14 21:24:18 UTC 2026","188","HabitNuCoachPortalSuite","HabitNuCoachesPortalRegression-PartA","CoachesPortal.DiscussionForumPage","CoachesPortal.DiscussionForumPage","case6","test1 > Given I am logged in as coach, I am validating Mandatory fields input test case with Subject only..","test1 > Given I am logged in as coach, I am validating Mandatory fields input test case with Subject only."
"passed","Tue Apr 14 22:54:01 UTC 2026","Tue Apr 14 22:54:03 UTC 2026","1858","HabitNuCoachPortalSuite","GeneralContent","CoachesPortal.generalContent_WEb_Coaches","CoachesPortal.generalContent_WEb_Coaches","case2","Creating tags for Exercise",""
"broken","Tue Apr 14 21:50:44 UTC 2026","Tue Apr 14 21:51:14 UTC 2026","30402","HabitNuCoachPortalSuite","HabitNuCoachesPortalRegression-PartB","CoachesPortal.PatientDetails.PatientProfileDemographic","CoachesPortal.PatientDetails.PatientProfileDemographic","verifyDisenrollmentDetails","test1 > Given I am logged in as coach, verifyDisenrollmentDetails","test1 > Given I am logged in as coach, verifyDisenrollmentDetails"
"broken","Tue Apr 14 21:54:27 UTC 2026","Tue Apr 14 21:54:58 UTC 2026","30396","HabitNuCoachPortalSuite","HabitNuCoachesPortalRegression-PartB","CoachesPortal.PatientDetails.PatientProfileDemographic","CoachesPortal.PatientDetails.PatientProfileDemographic","verifyCallDetails","test1 > Given I am logged in as coach, verifyCallDetails","test1 > Given I am logged in as coach, verifyCallDetails"
"passed","Tue Apr 14 22:54:05 UTC 2026","Tue Apr 14 22:54:07 UTC 2026","1859","HabitNuCoachPortalSuite","GeneralContent","CoachesPortal.generalContent_WEb_Coaches","CoachesPortal.generalContent_WEb_Coaches","case4","Creating tags for Sleep",""
"skipped","Tue Apr 14 23:03:55 UTC 2026","Tue Apr 14 23:03:55 UTC 2026","0","HabitNuCoachPortalSuite","UserDashboard","CoachesPortal.PatientDashboard","CoachesPortal.PatientDashboard","Last_Fasting_Blood_Sugar","Physical Activity History section",""
"passed","Tue Apr 14 22:12:46 UTC 2026","Tue Apr 14 22:12:55 UTC 2026","9275","HabitNuCoachPortalSuite","UserActivities","CoachesPortal.PatientDetails.UserActivitiesBloodPressure","CoachesPortal.PatientDetails.UserActivitiesBloodPressure","verifyAddCurrentDateBloodPressure","Verify user as Ethelyn in useractivities tab and add current date blood pressure",""
"passed","Tue Apr 14 21:29:22 UTC 2026","Tue Apr 14 21:29:26 UTC 2026","4113","HabitNuCoachPortalSuite","HabitNuCoachesPortalRegression-PartA","CoachesPortal.DiscussionForumPage","CoachesPortal.DiscussionForumPage","case14","test1 > Given I am logged in as customerAdmin, I am validating File upload-error ","test1 > Given I am logged in as customerAdmin, I am validating File upload-error "
"passed","Tue Apr 14 22:35:49 UTC 2026","Tue Apr 14 22:35:49 UTC 2026","306","HabitNuCoachPortalSuite","HabitNuCoachesPortalRegression-PartC","CoachesPortal.PatientDetails.PatientProfileImmunizations","CoachesPortal.PatientDetails.PatientProfileImmunizations","editImmunication","edit immunization for Ethylen",""
"broken","Tue Apr 14 21:58:30 UTC 2026","Tue Apr 14 21:59:00 UTC 2026","30164","HabitNuCoachPortalSuite","HabitNuCoachesPortalRegression-PartB","CoachesPortal.PatientDetails.PatientProfileDemographic","CoachesPortal.PatientDetails.PatientProfileDemographic","testSelectBlindNo","test1 > Given I am logged in as coach, testSelectBlindNo","test1 > Given I am logged in as coach, testSelectBlindNo"
"passed","Tue Apr 14 23:06:43 UTC 2026","Tue Apr 14 23:06:44 UTC 2026","1615","HabitNuCoachPortalSuite","ParticipationsTable","CoachesPortal.participations","CoachesPortal.participations","test13_exitadmin","And user is able to exit from admin section",""
"failed","Tue Apr 14 23:06:58 UTC 2026","Tue Apr 14 23:07:04 UTC 2026","6248","HabitNuCoachPortalSuite","DifferentTypeOfDashboards","CoachesPortal.CohortLevelDashboard.OnlineCohortDashboard","CoachesPortal.CohortLevelDashboard.OnlineCohortDashboard","disenrolledCard","test1 > Given I am logged in as customer admin, I am validating online cohort 'dashboard-card=DisenrolledCount","test1 > Given I am logged in as customer admin, I am validating online cohort 'dashboard-card=DisenrolledCount"
"passed","Tue Apr 14 21:24:51 UTC 2026","Tue Apr 14 21:24:52 UTC 2026","266","HabitNuCoachPortalSuite","HabitNuCoachesPortalRegression-PartA","CoachesPortal.DiscussionForumPage","CoachesPortal.DiscussionForumPage","verifyFileIsNotBroken","test1 > Given I am logged in as coach, I am validating verify file is not broken","test1 > Given I am logged in as coach, I am validating verify file is not broken"
"passed","Tue Apr 14 21:01:16 UTC 2026","Tue Apr 14 21:01:17 UTC 2026","1161","HabitNuCoachPortalSuite","HabitNuCoachesPortalRegression-PartA","CoachesPortal.LearnModule.Learn","CoachesPortal.LearnModule.Learn","checkLearnTabOnCoachesWhenCourseIsPublished","check learn tab on coaches portal when course is published",""
"passed","Tue Apr 14 21:29:51 UTC 2026","Tue Apr 14 21:29:56 UTC 2026","5210","HabitNuCoachPortalSuite","HabitNuCoachesPortalRegression-PartA","CoachesPortal.DiscussionForumPage","CoachesPortal.DiscussionForumPage","case16","test1 > Given I am logged in as customerAdmin, I am validating upload upto 5 files with Description- Success.","test1 > Given I am logged in as customerAdmin, I am validating upload upto 5 files with Description- Success."
"passed","Tue Apr 14 22:08:42 UTC 2026","Tue Apr 14 22:08:42 UTC 2026","192","HabitNuCoachPortalSuite","HabitNuCoachesPortalRegression-PartB","CoachesPortal.PatientDetails.PatientProfileDemographic","CoachesPortal.PatientDetails.PatientProfileDemographic","testSelectBlindNo","test1 > Given I am logged in as customer admin, testSelectBlindNo","test1 > Given I am logged in as customer admin, testSelectBlindNo"
"passed","Tue Apr 14 23:12:18 UTC 2026","Tue Apr 14 23:12:18 UTC 2026","143","HabitNuCoachPortalSuite","DifferentTypeOfDashboards","CoachesPortal.CohortLevelDashboard.DSMEDashboardCoachesPortal","CoachesPortal.CohortLevelDashboard.DSMEDashboardCoachesPortal","test15_verifyBloodSugarByPatientsWithCalender","Verify Blood Sugar by Patients with Calender as default date today selected",""
"passed","Tue Apr 14 21:39:23 UTC 2026","Tue Apr 14 21:39:23 UTC 2026","36","HabitNuCoachPortalSuite","HabitNuCoachesPortalRegression-PartB","CoachesPortal.OnsiteUsersListDashboard","CoachesPortal.OnsiteUsersListDashboard","case51","test1 > Given I am logged in as customerAdmin, validate enrolled status under Milestone column - colorcode","test1 > Given I am logged in as customerAdmin, validate enrolled status under Milestone column - colorcode"
"broken","Tue Apr 14 21:12:46 UTC 2026","Tue Apr 14 21:13:07 UTC 2026","20451","HabitNuCoachPortalSuite","HabitNuCoachesPortalRegression-PartA","CoachesPortal.LearnModule.CustomerAdminCourseDocument","CoachesPortal.LearnModule.CustomerAdminCourseDocument","verifyLinkEditAndSave","Link Edit and Save",""
"passed","Tue Apr 14 21:21:12 UTC 2026","Tue Apr 14 21:21:18 UTC 2026","5277","HabitNuCoachPortalSuite","HabitNuCoachesPortalRegression-PartA","CoachesPortal.DiscussionForumPage","CoachesPortal.DiscussionForumPage","case16","test1 > Given I am logged in as admin, I am validating upload upto 5 files with Description- Success.","test1 > Given I am logged in as admin, I am validating upload upto 5 files with Description- Success."
"passed","Tue Apr 14 21:39:08 UTC 2026","Tue Apr 14 21:39:12 UTC 2026","3723","HabitNuCoachPortalSuite","HabitNuCoachesPortalRegression-PartB","CoachesPortal.OnsiteUsersListDashboard","CoachesPortal.OnsiteUsersListDashboard","case43","test1 > Given I am logged in as customerAdmin, disenroll user validation - on DISENROLL check","test1 > Given I am logged in as customerAdmin, disenroll user validation - on DISENROLL check"
"passed","Tue Apr 14 23:09:00 UTC 2026","Tue Apr 14 23:09:03 UTC 2026","2935","HabitNuCoachPortalSuite","DifferentTypeOfDashboards","CoachesPortal.CohortLevelDashboard.OnsiteCohortDashboard","CoachesPortal.CohortLevelDashboard.OnsiteCohortDashboard","case1","test1 > Given I am logged in as coach, I am validating onsite cohort 'dashboard-cards","test1 > Given I am logged in as coach, I am validating onsite cohort 'dashboard-cards"
"broken","Tue Apr 14 23:05:00 UTC 2026","Tue Apr 14 23:05:24 UTC 2026","23614","HabitNuCoachPortalSuite","FeatureFlags","CoachesPortal.FeatureFlags","CoachesPortal.FeatureFlags","test14_addrulesforpartner","And user is able to add the rule for partner level",""
"passed","Tue Apr 14 23:04:04 UTC 2026","Tue Apr 14 23:04:04 UTC 2026","74","HabitNuCoachPortalSuite","FeatureFlags","CoachesPortal.FeatureFlags","CoachesPortal.FeatureFlags","test5_navigatingfeatureflags","And user is navigating to Feature Flags section ",""
"broken","Tue Apr 14 23:05:24 UTC 2026","Tue Apr 14 23:05:48 UTC 2026","24851","HabitNuCoachPortalSuite","FeatureFlags","CoachesPortal.FeatureFlags","CoachesPortal.FeatureFlags","test15_addrulesforuser_multipletimes","And user is able to add the rule for user level multiple times",""
"passed","Tue Apr 14 22:22:19 UTC 2026","Tue Apr 14 22:22:22 UTC 2026","3054","HabitNuCoachPortalSuite","Scheduler","CoachesPortal.Schedular","CoachesPortal.Schedular","joinTheMeeting","test7 >  Given I am logged in as coach, and on time slot page, When I click on created appointment, Then I should see the Join the meet button, When I click on it, Then I should be taken to joinmeeting page in new tab","coach login - User should be able to join the meet"
"failed","Tue Apr 14 22:28:26 UTC 2026","Tue Apr 14 22:29:28 UTC 2026","62802","HabitNuCoachPortalSuite","Paywal","CoachesPortal.payWall","CoachesPortal.payWall","testLinkPaymentPlantoProgram","COP-T406: Link Payment Plan to Program",""
"passed","Tue Apr 14 22:46:22 UTC 2026","Tue Apr 14 22:46:23 UTC 2026","996","HabitNuCoachPortalSuite","GroupDPPClassPlanner","CoachesPortal.ClassPlanner","CoachesPortal.ClassPlanner","case12","Edit the Created card",""
"passed","Tue Apr 14 21:29:02 UTC 2026","Tue Apr 14 21:29:11 UTC 2026","9301","HabitNuCoachPortalSuite","HabitNuCoachesPortalRegression-PartA","CoachesPortal.DiscussionForumPage","CoachesPortal.DiscussionForumPage","case12","test1 > Given I am logged in as customerAdmin, I am validating File upload- subject only- error.","test1 > Given I am logged in as customerAdmin, I am validating File upload- subject only- error."
"failed","Tue Apr 14 23:09:40 UTC 2026","Tue Apr 14 23:09:40 UTC 2026","717","HabitNuCoachPortalSuite","DifferentTypeOfDashboards","CoachesPortal.CohortLevelDashboard.OnsiteCohortDashboard","CoachesPortal.CohortLevelDashboard.OnsiteCohortDashboard","case8","test1 > Given I am logged in as coach,  I am validating onsite cohort 'Weight Loss By Participants validation on graph with 'Added by user' option, when user adds weight","test1 > Given I am logged in as coach,  I am validating onsite cohort 'Weight Loss By Participants validation on graph with 'Added by user' option, when user adds weight"
"passed","Tue Apr 14 22:39:50 UTC 2026","Tue Apr 14 22:39:50 UTC 2026","10","HabitNuCoachPortalSuite","ProjectPowerDashboard","CoachesPortal.ProjectPowerDashboard","CoachesPortal.ProjectPowerDashboard","verifySDOHPage_challenging_resources","Verify SDOH - Challenges Accessing Resources chart",""
"passed","Tue Apr 14 21:00:18 UTC 2026","Tue Apr 14 21:00:19 UTC 2026","740","HabitNuCoachPortalSuite","HabitNuCoachesPortalRegression-PartA","CoachesPortal.LearnModule.Learn","CoachesPortal.LearnModule.Learn","verifyContentAdded","verifying add content to the course",""
"failed","Tue Apr 14 22:27:30 UTC 2026","Tue Apr 14 22:27:35 UTC 2026","5572","HabitNuCoachPortalSuite","Paywal","CoachesPortal.payWall","CoachesPortal.payWall","testEditSyncedPlanAndManualSync","COP-T393 & T394: Edit a synced plan and verify manual sync",""
"broken","Tue Apr 14 22:13:38 UTC 2026","Tue Apr 14 22:14:08 UTC 2026","30183","HabitNuCoachPortalSuite","UserActivities","CoachesPortal.PatientDetails.UserActivitiesBloodPressure","CoachesPortal.PatientDetails.UserActivitiesBloodPressure","verifyEditCurrentAndYesterdayBPDataInCoachesPortal","Verify current and yesterday edit BPdata in coaches portal and reflect in web portal",""
"passed","Tue Apr 14 23:06:38 UTC 2026","Tue Apr 14 23:06:40 UTC 2026","2193","HabitNuCoachPortalSuite","ParticipationsTable","CoachesPortal.participations","CoachesPortal.participations","test11_searchprogram","And user is able to search the user with program name",""
"passed","Tue Apr 14 23:07:57 UTC 2026","Tue Apr 14 23:07:59 UTC 2026","2219","HabitNuCoachPortalSuite","DifferentTypeOfDashboards","CoachesPortal.CohortLevelDashboard.OnlineCohortDashboard","CoachesPortal.CohortLevelDashboard.OnlineCohortDashboard","case1","test1 > Given I am logged in as coach, I am validating online cohort 'dashboard-cards","test1 > Given I am logged in as coach, I am validating online cohort 'dashboard-cards"
"broken","Tue Apr 14 21:12:05 UTC 2026","Tue Apr 14 21:12:46 UTC 2026","40864","HabitNuCoachPortalSuite","HabitNuCoachesPortalRegression-PartA","CoachesPortal.LearnModule.CustomerAdminCourseDocument","CoachesPortal.LearnModule.CustomerAdminCourseDocument","verifyAddValidUrlRequired","Add Valid Url Required",""
"passed","Tue Apr 14 22:21:26 UTC 2026","Tue Apr 14 22:21:26 UTC 2026","0","HabitNuCoachPortalSuite","Scheduler","CoachesPortal.Schedular","CoachesPortal.Schedular","validateInteractionEntries_InteractionOn","test1 > Given I am logged in as admin, verify group interaction entries are made automatically when meet is attended for min of 1min > Validating field==InteractionOn","test1 > Given I am logged in as admin, verify group interaction entries are made automatically when meet is attended for min of 1min > Validating field==InteractionOn"
"passed","Tue Apr 14 22:46:18 UTC 2026","Tue Apr 14 22:46:19 UTC 2026","270","HabitNuCoachPortalSuite","GroupDPPClassPlanner","CoachesPortal.ClassPlanner","CoachesPortal.ClassPlanner","case6","Cancel the Edit list",""
"failed","Tue Apr 14 23:17:24 UTC 2026","Tue Apr 14 23:17:40 UTC 2026","15949","HabitNuCoachPortalSuite","DifferentTypeOfDashboards","CoachesPortal.CohortLevelDashboard.ParticipantsProgressTracker","CoachesPortal.CohortLevelDashboard.ParticipantsProgressTracker","test10_Createmeeting","And User is able to navigating to schedular and creating a meeting",""
"broken","Tue Apr 14 20:52:03 UTC 2026","Tue Apr 14 20:52:19 UTC 2026","15398","HabitNuCoachPortalSuite","HabitNuCoachesPortalRegression-PartA","CoachesPortal.CohortLevelDashboard.CohortLevelDashboardPage","CoachesPortal.CohortLevelDashboard.CohortLevelDashboardPage","case20","Navigating to user dashboard through HbA1c user graph.",""
"passed","Tue Apr 14 22:41:47 UTC 2026","Tue Apr 14 22:41:48 UTC 2026","850","HabitNuCoachPortalSuite","LogClassSession","CoachesPortal.LogClassSection","CoachesPortal.LogClassSection","validateLogClassSession_Non_Availibility_forDSME","Verify Log Class Section is unavailable for programDeliveryType==Onsite and programType == DSME ",""
"broken","Tue Apr 14 20:49:28 UTC 2026","Tue Apr 14 20:49:28 UTC 2026","79","HabitNuCoachPortalSuite","HabitNuCoachesPortalRegression-PartA","CoachesPortal.CohortLevelDashboard.CohortLevelDashboardPage","CoachesPortal.CohortLevelDashboard.CohortLevelDashboardPage","case6","Weekly Engagement Should be displayed.",""
"skipped","Tue Apr 14 23:03:55 UTC 2026","Tue Apr 14 23:03:55 UTC 2026","0","HabitNuCoachPortalSuite","UserDashboard","CoachesPortal.PatientDashboard","CoachesPortal.PatientDashboard","Profile_in_Green","Profile in Green",""
"passed","Tue Apr 14 22:29:29 UTC 2026","Tue Apr 14 22:29:35 UTC 2026","6304","HabitNuCoachPortalSuite","Paywal","CoachesPortal.payWall","CoachesPortal.payWall","testSubscriptionFailureScenario","COP-T415: Validate subscription failure scenario",""
"passed","Tue Apr 14 22:46:41 UTC 2026","Tue Apr 14 22:46:42 UTC 2026","98","HabitNuCoachPortalSuite","GroupDPPClassPlanner","CoachesPortal.ClassPlanner","CoachesPortal.ClassPlanner","case19","Click on Unlock button",""
"broken","Tue Apr 14 21:43:30 UTC 2026","Tue Apr 14 21:44:00 UTC 2026","30146","HabitNuCoachPortalSuite","HabitNuCoachesPortalRegression-PartB","CoachesPortal.PatientDetails.CommunicationLogsCoachesPortal","CoachesPortal.PatientDetails.CommunicationLogsCoachesPortal","verifyCommunicationLogsWithEmail","verifyCommunicationLogsWithEmail",""
"passed","Tue Apr 14 21:37:44 UTC 2026","Tue Apr 14 21:37:44 UTC 2026","213","HabitNuCoachPortalSuite","HabitNuCoachesPortalRegression-PartB","CoachesPortal.OnsiteUsersListDashboard","CoachesPortal.OnsiteUsersListDashboard","case20","test1 > Given I am logged in as coach, Clicking on Cohort should navigate to Dashboard.","test1 > Given I am logged in as coach, Clicking on Cohort should navigate to Dashboard."
"passed","Tue Apr 14 23:00:27 UTC 2026","Tue Apr 14 23:00:29 UTC 2026","2138","HabitNuCoachPortalSuite","Milestones","CoachesPortal.VAMilestone","CoachesPortal.VAMilestone","test5_navigating_VAmilestone","And user is navigating to VA_Milestone",""
"passed","Tue Apr 14 21:37:02 UTC 2026","Tue Apr 14 21:37:05 UTC 2026","3226","HabitNuCoachPortalSuite","HabitNuCoachesPortalRegression-PartB","CoachesPortal.OnsiteUsersListDashboard","CoachesPortal.OnsiteUsersListDashboard","case8","test1 > Given I am logged in as coach, Form Survey for cohort- validate sdoh tag present against form set.","test1 > Given I am logged in as coach, Form Survey for cohort- validate sdoh tag present against form set."
"passed","Tue Apr 14 21:20:07 UTC 2026","Tue Apr 14 21:20:08 UTC 2026","165","HabitNuCoachPortalSuite","HabitNuCoachesPortalRegression-PartA","CoachesPortal.DiscussionForumPage","CoachesPortal.DiscussionForumPage","case5","test1 > Given I am logged in as admin, I am validating Mandatory fields input test case.","test1 > Given I am logged in as admin, I am validating Mandatory fields input test case."
"broken","Tue Apr 14 21:06:59 UTC 2026","Tue Apr 14 21:07:19 UTC 2026","20527","HabitNuCoachPortalSuite","HabitNuCoachesPortalRegression-PartA","CoachesPortal.LearnModule.CustomerAdminCourseDocument","CoachesPortal.LearnModule.CustomerAdminCourseDocument","verifyCustAdminCourseDocument","Verify Customer Admin Should have CourseDocument",""
"passed","Tue Apr 14 22:20:39 UTC 2026","Tue Apr 14 22:20:42 UTC 2026","3037","HabitNuCoachPortalSuite","Scheduler","CoachesPortal.Schedular","CoachesPortal.Schedular","clickOnSchedular","test1 > Given I am logged in as admin, wehn I click on Scheduler module, Then I should be taken to meeting time slot pick up page","admin login - clicking on scheduler should open the scheduler page in coaches portal"
"broken","Tue Apr 14 22:56:08 UTC 2026","Tue Apr 14 22:57:18 UTC 2026","70013","HabitNuCoachPortalSuite","Milestones","CoachesPortal.MilestoneModule.SoleraIBCorNDPP","CoachesPortal.MilestoneModule.SoleraIBCorNDPP","test1","Given I am logged into the coaches portal as an admin, When I select a non-DSME cohort, Then I should see the milestone module, And when I click on it, I should be navigated to the IBC/NDPP milestone section",""
"passed","Tue Apr 14 22:27:35 UTC 2026","Tue Apr 14 22:27:38 UTC 2026","2948","HabitNuCoachPortalSuite","Paywal","CoachesPortal.payWall","CoachesPortal.payWall","testSubscriptionPageLayoutAndContent","COP-T395: Verify Subscriptions page layout, filters, content, and pagination",""
"skipped","Tue Apr 14 23:03:55 UTC 2026","Tue Apr 14 23:03:55 UTC 2026","0","HabitNuCoachPortalSuite","UserDashboard","CoachesPortal.PatientDashboard","CoachesPortal.PatientDashboard","bloodPressureHistory","bloodPressureHistory",""
"broken","Tue Apr 14 22:58:35 UTC 2026","Tue Apr 14 22:59:00 UTC 2026","25033","HabitNuCoachPortalSuite","Milestones","CoachesPortal.MilestoneModule.SoleraIBCorNDPP","CoachesPortal.MilestoneModule.SoleraIBCorNDPP","test12","Given I have achieved M0 & M1, M2, M3, M4, M5,, When I achieve Weekly Meaningful Engagement for week9, Then I should be able to achieve M6",""
"failed","Tue Apr 14 23:07:14 UTC 2026","Tue Apr 14 23:07:15 UTC 2026","726","HabitNuCoachPortalSuite","DifferentTypeOfDashboards","CoachesPortal.CohortLevelDashboard.OnlineCohortDashboard","CoachesPortal.CohortLevelDashboard.OnlineCohortDashboard","case6","test1 > Given I am logged in as customer admin, I am validating online cohort 'Weight Loss By Participants validation on graph with 'Added by user' option","test1 > Given I am logged in as customer admin, I am validating online cohort 'Weight Loss By Participants validation on graph with 'Added by user' option"
"passed","Tue Apr 14 22:21:22 UTC 2026","Tue Apr 14 22:21:22 UTC 2026","290","HabitNuCoachPortalSuite","Scheduler","CoachesPortal.Schedular","CoachesPortal.Schedular","cancelMeeting","test8 >  Given I am logged in as admin, and on time slot page, When I click on created appointment, Then I should see Cancel meeting button, When I click on it, Then Should be able to cancel it","admin login - User should be able to cancel appointment"
"broken","Tue Apr 14 21:57:29 UTC 2026","Tue Apr 14 21:57:59 UTC 2026","30398","HabitNuCoachPortalSuite","HabitNuCoachesPortalRegression-PartB","CoachesPortal.PatientDetails.PatientProfileDemographic","CoachesPortal.PatientDetails.PatientProfileDemographic","verifyOtherdetails","test1 > Given I am logged in as coach, verifyOtherdetails","test1 > Given I am logged in as coach, verifyOtherdetails"
"passed","Tue Apr 14 23:04:06 UTC 2026","Tue Apr 14 23:04:07 UTC 2026","1164","HabitNuCoachPortalSuite","FeatureFlags","CoachesPortal.FeatureFlags","CoachesPortal.FeatureFlags","test9_disableglobally","And user is able to disable the flag globally",""
"failed","Tue Apr 14 23:09:03 UTC 2026","Tue Apr 14 23:09:08 UTC 2026","5046","HabitNuCoachPortalSuite","DifferentTypeOfDashboards","CoachesPortal.CohortLevelDashboard.OnsiteCohortDashboard","CoachesPortal.CohortLevelDashboard.OnsiteCohortDashboard","disenrolledCard","test1 > Given I am logged in as coach, I am validating onsite cohort 'dashboard-card=DisenrolledCount","test1 > Given I am logged in as coach, I am validating onsite cohort 'dashboard-card=DisenrolledCount"
"passed","Tue Apr 14 22:03:46 UTC 2026","Tue Apr 14 22:03:50 UTC 2026","3698","HabitNuCoachPortalSuite","HabitNuCoachesPortalRegression-PartB","CoachesPortal.PatientDetails.PatientProfileDemographic","CoachesPortal.PatientDetails.PatientProfileDemographic","updateAndVerifyContactDetails","test1 > Given I am logged in as customer admin, updateAndVerifyContactDetails","test1 > Given I am logged in as customer admin, updateAndVerifyContactDetails"
"passed","Tue Apr 14 23:12:18 UTC 2026","Tue Apr 14 23:12:18 UTC 2026","68","HabitNuCoachPortalSuite","DifferentTypeOfDashboards","CoachesPortal.CohortLevelDashboard.DSMEDashboardCoachesPortal","CoachesPortal.CohortLevelDashboard.DSMEDashboardCoachesPortal","test13_verifyBloodSugarByPatientsWithAllDefaultOption","Verify Blood Sugar by Patients Should be selected by dropdownCard with all as default option",""
"broken","Tue Apr 14 21:53:57 UTC 2026","Tue Apr 14 21:54:27 UTC 2026","30396","HabitNuCoachPortalSuite","HabitNuCoachesPortalRegression-PartB","CoachesPortal.PatientDetails.PatientProfileDemographic","CoachesPortal.PatientDetails.PatientProfileDemographic","verifyScaleOrderDetails","test1 > Given I am logged in as coach, verifyScaleOrderDetails","test1 > Given I am logged in as coach, verifyScaleOrderDetails"
"broken","Tue Apr 14 23:17:08 UTC 2026","Tue Apr 14 23:17:24 UTC 2026","16208","HabitNuCoachPortalSuite","DifferentTypeOfDashboards","CoachesPortal.CohortLevelDashboard.ParticipantsProgressTracker","CoachesPortal.CohortLevelDashboard.ParticipantsProgressTracker","test9_Download_Report","And user is able to download the annual assessment report",""
"passed","Tue Apr 14 22:22:04 UTC 2026","Tue Apr 14 22:22:19 UTC 2026","14371","HabitNuCoachPortalSuite","Scheduler","CoachesPortal.Schedular","CoachesPortal.Schedular","rescheduleMeeting","test6 >  Given I am logged in as coach, and on time slot page, When I click on created appointment, Then I should see Reschedule button, When I click on it and submit details, Then I should be able to save it","coach login - User should be able to reschedule appointment"
"broken","Tue Apr 14 22:32:54 UTC 2026","Tue Apr 14 22:33:44 UTC 2026","50155","HabitNuCoachPortalSuite","HabitNuCoachesPortalRegression-PartC","CoachesPortal.PatientDetails.PatientProfilePreAuth","CoachesPortal.PatientDetails.PatientProfilePreAuth","verifyAddPreAuthDetails","Add PreAuth of Ethlen",""
"passed","Tue Apr 14 23:01:44 UTC 2026","Tue Apr 14 23:01:55 UTC 2026","10460","HabitNuCoachPortalSuite","Milestones","CoachesPortal.VAMilestone","CoachesPortal.VAMilestone","test17_validating_VAHeaders_data","And user is validating to VAHeaders data by clicking arrow button",""
"passed","Tue Apr 14 23:06:24 UTC 2026","Tue Apr 14 23:06:28 UTC 2026","4134","HabitNuCoachPortalSuite","ParticipationsTable","CoachesPortal.participations","CoachesPortal.participations","test1_navigatingcoach","Given user is navigating to coaches portal",""
"passed","Tue Apr 14 22:14:43 UTC 2026","Tue Apr 14 22:14:53 UTC 2026","10019","HabitNuCoachPortalSuite","UserActivities","CoachesPortal.PatientDetails.UserActivitiesBloodSugar","CoachesPortal.PatientDetails.UserActivitiesBloodSugar","verifyandCancelCurrentDateBloodSugar","Verify user as Ethelyn in useractivities tab and Cancel filled current date blood sugar",""
"passed","Tue Apr 14 23:17:40 UTC 2026","Tue Apr 14 23:19:35 UTC 2026","114460","HabitNuCoachPortalSuite","DifferentTypeOfDashboards","CoachesPortal.CohortLevelDashboard.ParticipantsProgressTracker","CoachesPortal.CohortLevelDashboard.ParticipantsProgressTracker","test11_CreateRecursivemeeting","And User is able to navigating to schedular and creating a recursive meeting",""
"passed","Tue Apr 14 21:20:41 UTC 2026","Tue Apr 14 21:20:42 UTC 2026","278","HabitNuCoachPortalSuite","HabitNuCoachesPortalRegression-PartA","CoachesPortal.DiscussionForumPage","CoachesPortal.DiscussionForumPage","verifyFileIsNotBroken","test1 > Given I am logged in as admin, I am validating verify file is not broken","test1 > Given I am logged in as admin, I am validating verify file is not broken"
"passed","Tue Apr 14 22:10:07 UTC 2026","Tue Apr 14 22:10:18 UTC 2026","10481","HabitNuCoachPortalSuite","HabitNuCoachesPortalRegression-PartB","CoachesPortal.PatientDetails.PatientProfileDemographic","CoachesPortal.PatientDetails.PatientProfileDemographic","updateSexAtbirth","test1 > Given I am logged in as customer admin, Sex at Birth","test1 > Given I am logged in as customer admin, Sex at Birth"
"skipped","Tue Apr 14 23:03:55 UTC 2026","Tue Apr 14 23:03:55 UTC 2026","0","HabitNuCoachPortalSuite","UserDashboard","CoachesPortal.PatientDashboard","CoachesPortal.PatientDashboard","Last_AFterMeal_Blood_Sugar","Physical Activity History section",""
"passed","Tue Apr 14 21:24:57 UTC 2026","Tue Apr 14 21:25:22 UTC 2026","25270","HabitNuCoachPortalSuite","HabitNuCoachesPortalRegression-PartA","CoachesPortal.DiscussionForumPage","CoachesPortal.DiscussionForumPage","case15","test1 > Given I am logged in as coach, I am validating upload upto 5 files.","test1 > Given I am logged in as coach, I am validating upload upto 5 files. "
"passed","Tue Apr 14 22:39:47 UTC 2026","Tue Apr 14 22:39:50 UTC 2026","2600","HabitNuCoachPortalSuite","ProjectPowerDashboard","CoachesPortal.ProjectPowerDashboard","CoachesPortal.ProjectPowerDashboard","verifyCohortWeightLossTrendForCustomTIME","All cohort dashboard for project power - Cohort Weight Loss trend - Custom Time",""
"broken","Tue Apr 14 22:06:13 UTC 2026","Tue Apr 14 22:06:51 UTC 2026","38345","HabitNuCoachPortalSuite","HabitNuCoachesPortalRegression-PartB","CoachesPortal.PatientDetails.PatientProfileDemographic","CoachesPortal.PatientDetails.PatientProfileDemographic","updateDisenrollmentDetails_with_onlyDisenrolledReason","test1 > Given I am logged in as customer admin, try updating DisenrollmentDetails with only diseenrolledReason data","test1 > Given I am logged in as customer admin, try updating DisenrollmentDetails with only diseenrolledReason data"
"passed","Tue Apr 14 22:46:19 UTC 2026","Tue Apr 14 22:46:20 UTC 2026","944","HabitNuCoachPortalSuite","GroupDPPClassPlanner","CoachesPortal.ClassPlanner","CoachesPortal.ClassPlanner","case7","Create the TEXT cards under the list",""
"passed","Tue Apr 14 21:39:12 UTC 2026","Tue Apr 14 21:39:15 UTC 2026","3049","HabitNuCoachPortalSuite","HabitNuCoachesPortalRegression-PartB","CoachesPortal.OnsiteUsersListDashboard","CoachesPortal.OnsiteUsersListDashboard","case44","test1 > Given I am logged in as customerAdmin, validate disenrolled date on list page","test1 > Given I am logged in as customerAdmin, validate disenrolled date on list page"
"passed","Tue Apr 14 22:03:50 UTC 2026","Tue Apr 14 22:03:54 UTC 2026","3683","HabitNuCoachPortalSuite","HabitNuCoachesPortalRegression-PartB","CoachesPortal.PatientDetails.PatientProfileDemographic","CoachesPortal.PatientDetails.PatientProfileDemographic","updateAndVerifyAddressDetails","test1 > Given I am logged in as customer admin, updateAndVerifyAddressDetails","test1 > Given I am logged in as customer admin, updateAndVerifyAddressDetails"
"passed","Tue Apr 14 22:28:19 UTC 2026","Tue Apr 14 22:28:21 UTC 2026","2129","HabitNuCoachPortalSuite","Paywal","CoachesPortal.payWall","CoachesPortal.payWall","testFilterTransactions","COP-T400: Validate all transaction filters",""
"passed","Tue Apr 14 22:41:23 UTC 2026","Tue Apr 14 22:41:24 UTC 2026","153","HabitNuCoachPortalSuite","LoginPageCases","CoachesPortal.LoginPageCases","CoachesPortal.LoginPageCases","testLoginWithEmptyEmailAndValidPassword","try login with empty email and valid password",""
"passed","Tue Apr 14 22:20:42 UTC 2026","Tue Apr 14 22:20:43 UTC 2026","896","HabitNuCoachPortalSuite","Scheduler","CoachesPortal.Schedular","CoachesPortal.Schedular","openAppoitmentCreateForm","test2 > Given I am logged in as admin, When I click on time slot, Then I should be able to see the create appointment form","admin login - It should open meeting form"
"passed","Tue Apr 14 23:07:39 UTC 2026","Tue Apr 14 23:07:43 UTC 2026","4514","HabitNuCoachPortalSuite","DifferentTypeOfDashboards","CoachesPortal.CohortLevelDashboard.OnlineCohortDashboard","CoachesPortal.CohortLevelDashboard.OnlineCohortDashboard","weeksCompleted","test1 > Given I am logged in as customer admin, I am validating online cohort 'dashboard-card=weeksCompleted","test1 > Given I am logged in as customer admin, I am validating online cohort 'dashboard-card=weeksCompleted"
"broken","Tue Apr 14 22:25:38 UTC 2026","Tue Apr 14 22:26:05 UTC 2026","26495","HabitNuCoachPortalSuite","Scheduler","CoachesPortal.Schedular","CoachesPortal.Schedular","validateUserNoInSchedular","test1 > Given I am logged in as coach, verify when user responds to meet with NO, same can be validated by coach in coaches portal in Attended dropdown","test1 > Given I am logged in as coach, verify when user responds to meet with NO, same can be validated by coach in coaches portal in Attended dropdown"
"passed","Tue Apr 14 21:39:15 UTC 2026","Tue Apr 14 21:39:18 UTC 2026","3259","HabitNuCoachPortalSuite","HabitNuCoachesPortalRegression-PartB","CoachesPortal.OnsiteUsersListDashboard","CoachesPortal.OnsiteUsersListDashboard","case47","test1 > Given I am logged in as customerAdmin, sorting users table with 'cohort' in asc order","test1 > Given I am logged in as customerAdmin, sorting users table with 'cohort' in asc order"
"passed","Tue Apr 14 21:28:48 UTC 2026","Tue Apr 14 21:28:50 UTC 2026","2191","HabitNuCoachPortalSuite","HabitNuCoachesPortalRegression-PartA","CoachesPortal.DiscussionForumPage","CoachesPortal.DiscussionForumPage","case7","test1 > Given I am logged in as customerAdmin, I am validating Add subject and describe- success post.","test1 > Given I am logged in as customerAdmin, I am validating Add subject and describe- success post."
"failed","Tue Apr 14 22:29:35 UTC 2026","Tue Apr 14 22:32:40 UTC 2026","185286","HabitNuCoachPortalSuite","Paywal","CoachesPortal.payWall","CoachesPortal.payWall","testProgramWithoutPlanHidesSubscription","COP-T416: Validate program without plan shows no subscription option",""
"passed","Tue Apr 14 23:06:40 UTC 2026","Tue Apr 14 23:06:43 UTC 2026","2233","HabitNuCoachPortalSuite","ParticipationsTable","CoachesPortal.participations","CoachesPortal.participations","test12_searchcohort","And user is able to search the user with cohort name",""
"broken","Tue Apr 14 21:48:43 UTC 2026","Tue Apr 14 21:49:13 UTC 2026","30431","HabitNuCoachPortalSuite","HabitNuCoachesPortalRegression-PartB","CoachesPortal.PatientDetails.PatientProfileDemographic","CoachesPortal.PatientDetails.PatientProfileDemographic","verifyContactDetails","test1 > Given I am logged in as coach, verifyContactDetails","test1 > Given I am logged in as coach, verifyContactDetails"
"passed","Tue Apr 14 21:26:00 UTC 2026","Tue Apr 14 21:26:02 UTC 2026","2097","HabitNuCoachPortalSuite","HabitNuCoachesPortalRegression-PartA","CoachesPortal.DiscussionForumPage","CoachesPortal.DiscussionForumPage","case26","test1 > Given I am logged in as coach, I am validating UnPin The post","test1 > Given I am logged in as coach, I am validating UnPin The post"
"broken","Tue Apr 14 22:25:38 UTC 2026","Tue Apr 14 22:25:38 UTC 2026","112","HabitNuCoachPortalSuite","Scheduler","CoachesPortal.Schedular","CoachesPortal.Schedular","validateInteractionEntries_Duration","test1 > Given I am logged in as coach, verify group interaction entries are made automatically when meet is attended for min of 1min > Validating field==Duration","test1 > Given I am logged in as coach, verify group interaction entries are made automatically when meet is attended for min of 1min > Validating field==Duration"
"passed","Tue Apr 14 22:09:13 UTC 2026","Tue Apr 14 22:09:23 UTC 2026","10115","HabitNuCoachPortalSuite","HabitNuCoachesPortalRegression-PartB","CoachesPortal.PatientDetails.PatientProfileDemographic","CoachesPortal.PatientDetails.PatientProfileDemographic","updateFirstName","test1 > Given I am logged in as customer admin, First Name","test1 > Given I am logged in as customer admin, First Name"
"failed","Tue Apr 14 23:07:15 UTC 2026","Tue Apr 14 23:07:27 UTC 2026","12486","HabitNuCoachPortalSuite","DifferentTypeOfDashboards","CoachesPortal.CohortLevelDashboard.OnlineCohortDashboard","CoachesPortal.CohortLevelDashboard.OnlineCohortDashboard","fivePercentWeightLossCard_forUserWeight","test1 > Given I am logged in as customer admin, I am validating online cohort 'dashboard-card=fivePercentWeightLossCardCount, when user adds weight","test1 > Given I am logged in as customer admin, I am validating online cohort 'dashboard-card=fivePercentWeightLossCardCount, when user adds weight"
"broken","Tue Apr 14 22:00:00 UTC 2026","Tue Apr 14 22:00:30 UTC 2026","30131","HabitNuCoachPortalSuite","HabitNuCoachesPortalRegression-PartB","CoachesPortal.PatientDetails.PatientProfileDemographic","CoachesPortal.PatientDetails.PatientProfileDemographic","testSelectDressingNo","test1 > Given I am logged in as coach, testSelectDressingNo","test1 > Given I am logged in as coach, testSelectDressingNo"
"passed","Tue Apr 14 20:59:31 UTC 2026","Tue Apr 14 20:59:31 UTC 2026","334","HabitNuCoachPortalSuite","HabitNuCoachesPortalRegression-PartA","CoachesPortal.LearnModule.Learn","CoachesPortal.LearnModule.Learn","publishCourse","Verify CustomerAdmin can publish the course",""
"passed","Tue Apr 14 21:33:11 UTC 2026","Tue Apr 14 21:33:13 UTC 2026","1223","HabitNuCoachPortalSuite","HabitNuCoachesPortalRegression-PartA","CoachesPortal.DirectMessage","CoachesPortal.DirectMessage","searchParticipantByEmail_who_is_notPartOfthisCohort","Search participant by email who is not part of this cohort",""
"broken","Tue Apr 14 22:25:38 UTC 2026","Tue Apr 14 22:25:38 UTC 2026","115","HabitNuCoachPortalSuite","Scheduler","CoachesPortal.Schedular","CoachesPortal.Schedular","validateInteractionEntries_SessionName","test1 > Given I am logged in as coach, verify group interaction entries are made automatically when meet is attended for min of 1min > Validating field==SessionName","test1 > Given I am logged in as coach, verify group interaction entries are made automatically when meet is attended for min of 1min > Validating field==SessionName"
"passed","Tue Apr 14 22:42:21 UTC 2026","Tue Apr 14 22:42:27 UTC 2026","5749","HabitNuCoachPortalSuite","LogClassSession","CoachesPortal.LogClassSection","CoachesPortal.LogClassSection","verifyAddOnlyminsofactivity","Add Only mins of activity",""
"passed","Tue Apr 14 22:21:26 UTC 2026","Tue Apr 14 22:21:26 UTC 2026","0","HabitNuCoachPortalSuite","Scheduler","CoachesPortal.Schedular","CoachesPortal.Schedular","validateInteractionEntries_Duration","test1 > Given I am logged in as admin, verify group interaction entries are made automatically when meet is attended for min of 1min > Validating field==Duration","test1 > Given I am logged in as admin, verify group interaction entries are made automatically when meet is attended for min of 1min > Validating field==Duration"
"passed","Tue Apr 14 22:40:57 UTC 2026","Tue Apr 14 22:40:57 UTC 2026","20","HabitNuCoachPortalSuite","ProjectPowerDashboard","CoachesPortal.ProjectPowerDashboard","CoachesPortal.ProjectPowerDashboard","verifyDemographicsIRW","Demographics page - Initial Reported Weight",""
"passed","Tue Apr 14 23:01:08 UTC 2026","Tue Apr 14 23:01:18 UTC 2026","10463","HabitNuCoachPortalSuite","Milestones","CoachesPortal.VAMilestone","CoachesPortal.VAMilestone","test12_validating_VAHeaders_data","And user is validating to VAHeaders data by clicking arrow button",""
"passed","Tue Apr 14 22:42:02 UTC 2026","Tue Apr 14 22:42:15 UTC 2026","12522","HabitNuCoachPortalSuite","LogClassSession","CoachesPortal.LogClassSection","CoachesPortal.LogClassSection","verifyAddOnlyWeight","Add Only weight",""
"broken","Tue Apr 14 20:52:19 UTC 2026","Tue Apr 14 20:53:20 UTC 2026","60892","HabitNuCoachPortalSuite","HabitNuCoachesPortalRegression-PartA","CoachesPortal.CohortLevelDashboard.CohortLevelDashboardPage","CoachesPortal.CohortLevelDashboard.CohortLevelDashboardPage","case22","Session Attendance.",""
"passed","Tue Apr 14 21:37:08 UTC 2026","Tue Apr 14 21:37:18 UTC 2026","9946","HabitNuCoachPortalSuite","HabitNuCoachesPortalRegression-PartB","CoachesPortal.OnsiteUsersListDashboard","CoachesPortal.OnsiteUsersListDashboard","case10","test1 > Given I am logged in as coach, Choose Cohort which does not have form- multiple_classes_ofChild.","test1 > Given I am logged in as coach, Choose Cohort which does not have form- multiple_classes_ofChild."
"passed","Tue Apr 14 20:59:25 UTC 2026","Tue Apr 14 20:59:26 UTC 2026","448","HabitNuCoachPortalSuite","HabitNuCoachesPortalRegression-PartA","CoachesPortal.LearnModule.Learn","CoachesPortal.LearnModule.Learn","createCourse","Verify CustomerAdmin can create course",""
"passed","Tue Apr 14 22:40:57 UTC 2026","Tue Apr 14 22:40:57 UTC 2026","162","HabitNuCoachPortalSuite","ProjectPowerDashboard","CoachesPortal.ProjectPowerDashboard","CoachesPortal.ProjectPowerDashboard","verifyDemographicsRacialDistribution","Demographics page - RacialDistribution",""
"broken","Tue Apr 14 21:52:25 UTC 2026","Tue Apr 14 21:52:55 UTC 2026","30615","HabitNuCoachPortalSuite","HabitNuCoachesPortalRegression-PartB","CoachesPortal.PatientDetails.PatientProfileDemographic","CoachesPortal.PatientDetails.PatientProfileDemographic","updateDisenrollmentDetails_with_onlyDisenrolledDateData","test1 > Given I am logged in as coach, try updating DisenrollmentDetails with only diseenrolledDate data","test1 > Given I am logged in as coach, try updating DisenrollmentDetails with only diseenrolledDate data"
"passed","Tue Apr 14 22:09:46 UTC 2026","Tue Apr 14 22:09:58 UTC 2026","11476","HabitNuCoachPortalSuite","HabitNuCoachesPortalRegression-PartB","CoachesPortal.PatientDetails.PatientProfileDemographic","CoachesPortal.PatientDetails.PatientProfileDemographic","updateethnicity_race_info","test1 > Given I am logged in as customer admin, ethnicity_race_info","test1 > Given I am logged in as customer admin, ethnicity_race_info"
"broken","Tue Apr 14 21:46:42 UTC 2026","Tue Apr 14 21:47:12 UTC 2026","30445","HabitNuCoachPortalSuite","HabitNuCoachesPortalRegression-PartB","CoachesPortal.PatientDetails.PatientProfileDemographic","CoachesPortal.PatientDetails.PatientProfileDemographic","verifyProgramDetails","test1 > Given I am logged in as coach, Verify user as Ethelyn in demographic with Program Details","test1 > Given I am logged in as coach, Verify user as Ethelyn in demographic with Program Details"
"passed","Tue Apr 14 21:20:12 UTC 2026","Tue Apr 14 21:20:13 UTC 2026","1260","HabitNuCoachPortalSuite","HabitNuCoachesPortalRegression-PartA","CoachesPortal.DiscussionForumPage","CoachesPortal.DiscussionForumPage","case10","test1 > Given I am logged in as admin, I am validating post comment-success.","test1 > Given I am logged in as admin, I am validating post comment-success."
"passed","Tue Apr 14 22:38:07 UTC 2026","Tue Apr 14 22:38:13 UTC 2026","5069","HabitNuCoachPortalSuite","ProjectPowerDashboard","CoachesPortal.ProjectPowerDashboard","CoachesPortal.ProjectPowerDashboard","verifyADAMilestone","All cohort dashboard for project power - ADA milestone trend",""
"broken","Tue Apr 14 21:13:07 UTC 2026","Tue Apr 14 21:13:48 UTC 2026","40847","HabitNuCoachPortalSuite","HabitNuCoachesPortalRegression-PartA","CoachesPortal.LearnModule.CustomerAdminCourseDocument","CoachesPortal.LearnModule.CustomerAdminCourseDocument","verifyAddUrlTitleDocumentRequired","Add Documentupload And Title Required",""
"passed","Tue Apr 14 22:14:08 UTC 2026","Tue Apr 14 22:14:23 UTC 2026","14290","HabitNuCoachPortalSuite","UserActivities","CoachesPortal.PatientDetails.UserActivitiesBloodSugar","CoachesPortal.PatientDetails.UserActivitiesBloodSugar","verifyandAddCurrentDateBloodSugar","Verify user as Ethelyn in useractivities tab and add current date blood sugar",""
"passed","Tue Apr 14 22:21:59 UTC 2026","Tue Apr 14 22:22:04 UTC 2026","5202","HabitNuCoachPortalSuite","Scheduler","CoachesPortal.Schedular","CoachesPortal.Schedular","viewAppointment","test5 >  Given I am logged in as coach, and on time slot page, When I click on created appointment, Then I should be able to view the appointment","coach login - User should be able to view appointment"
"passed","Tue Apr 14 23:03:57 UTC 2026","Tue Apr 14 23:04:02 UTC 2026","5124","HabitNuCoachPortalSuite","FeatureFlags","CoachesPortal.FeatureFlags","CoachesPortal.FeatureFlags","test1_navigatingcoach","Given user is navigating to coaches portal",""
"broken","Tue Apr 14 21:51:50 UTC 2026","Tue Apr 14 21:52:25 UTC 2026","35181","HabitNuCoachPortalSuite","HabitNuCoachesPortalRegression-PartB","CoachesPortal.PatientDetails.PatientProfileDemographic","CoachesPortal.PatientDetails.PatientProfileDemographic","updateDisenrollmentDetails_with_onlyDisenrolledCodeData","test1 > Given I am logged in as coach, try updating DisenrollmentDetails with only diseenrolledCode data","test1 > Given I am logged in as coach, try updating DisenrollmentDetails with only diseenrolledCode data"
"broken","Tue Apr 14 20:48:41 UTC 2026","Tue Apr 14 20:48:57 UTC 2026","15459","HabitNuCoachPortalSuite","HabitNuCoachesPortalRegression-PartA","CoachesPortal.CohortLevelDashboard.CohortLevelDashboardPage","CoachesPortal.CohortLevelDashboard.CohortLevelDashboardPage","case3","Weight Loss by coach and user graph seletion values test case.",""
"passed","Tue Apr 14 22:52:53 UTC 2026","Tue Apr 14 22:52:53 UTC 2026","8","HabitNuCoachPortalSuite","GroupDPPClassPlanner","CoachesPortal.ClassPlanner","CoachesPortal.ClassPlanner","case32","validate user is able to add notes",""
"broken","Tue Apr 14 21:50:14 UTC 2026","Tue Apr 14 21:50:44 UTC 2026","30198","HabitNuCoachPortalSuite","HabitNuCoachesPortalRegression-PartB","CoachesPortal.PatientDetails.PatientProfileDemographic","CoachesPortal.PatientDetails.PatientProfileDemographic","updateAndVerifyAddressDetails","test1 > Given I am logged in as coach, updateAndVerifyAddressDetails","test1 > Given I am logged in as coach, updateAndVerifyAddressDetails"
"passed","Tue Apr 14 22:08:32 UTC 2026","Tue Apr 14 22:08:32 UTC 2026","37","HabitNuCoachPortalSuite","HabitNuCoachesPortalRegression-PartB","CoachesPortal.PatientDetails.PatientProfileDemographic","CoachesPortal.PatientDetails.PatientProfileDemographic","verifyBaselineHealthData","test1 > Given I am logged in as customer admin, verifyBaselineHealthData","test1 > Given I am logged in as customer admin, verifyBaselineHealthData"
"broken","Tue Apr 14 22:44:15 UTC 2026","Tue Apr 14 22:44:47 UTC 2026","32198","HabitNuCoachPortalSuite","LogClassSession","CoachesPortal.LogClassSection","CoachesPortal.LogClassSection","verifyAddWeightAttendanceDateAndPAAndLFAndMUPIn_Person","Add weight,attendance date and PA And LF And MUP In Person Mode",""
"passed","Tue Apr 14 21:06:28 UTC 2026","Tue Apr 14 21:06:37 UTC 2026","9891","HabitNuCoachPortalSuite","HabitNuCoachesPortalRegression-PartA","CoachesPortal.LearnModule.Learn","CoachesPortal.LearnModule.Learn","configNofifications","verify list of default list notifications",""
"passed","Tue Apr 14 22:14:23 UTC 2026","Tue Apr 14 22:14:28 UTC 2026","5512","HabitNuCoachPortalSuite","UserActivities","CoachesPortal.PatientDetails.UserActivitiesBloodSugar","CoachesPortal.PatientDetails.UserActivitiesBloodSugar","verifyreadingTimeRequired","Verify reading time required",""
"broken","Tue Apr 14 21:58:30 UTC 2026","Tue Apr 14 21:58:30 UTC 2026","66","HabitNuCoachPortalSuite","HabitNuCoachesPortalRegression-PartB","CoachesPortal.PatientDetails.PatientProfileDemographic","CoachesPortal.PatientDetails.PatientProfileDemographic","testSelectHearingYes","test1 > Given I am logged in as coach, testSelectHearingYes","test1 > Given I am logged in as coach, testSelectHearingYes"
"passed","Tue Apr 14 22:22:22 UTC 2026","Tue Apr 14 22:24:04 UTC 2026","102242","HabitNuCoachPortalSuite","Scheduler","CoachesPortal.Schedular","CoachesPortal.Schedular","validateCreatedMeetingAvailable_for_user","test1 > Given I am logged in as coach, verify meet created by system user is available for users","test1 > Given I am logged in as coach, verify meet created by system user is available for users"
"passed","Tue Apr 14 22:37:04 UTC 2026","Tue Apr 14 22:37:04 UTC 2026","109","HabitNuCoachPortalSuite","ProjectPowerDashboard","CoachesPortal.ProjectPowerDashboard","CoachesPortal.ProjectPowerDashboard","verifyOutcomesDashboard","It should display the total number of participants who have achieved 5% weight loss",""
"passed","Tue Apr 14 22:36:55 UTC 2026","Tue Apr 14 22:36:55 UTC 2026","225","HabitNuCoachPortalSuite","HabitNuCoachesPortalRegression-PartC","CoachesPortal.PatientDetails.PatientProfileHealthProviders","CoachesPortal.PatientDetails.PatientProfileHealthProviders","verifyHealthProvider","verify HealthProvider for Ethylen",""
"passed","Tue Apr 14 23:12:06 UTC 2026","Tue Apr 14 23:12:11 UTC 2026","4351","HabitNuCoachPortalSuite","DifferentTypeOfDashboards","CoachesPortal.CohortLevelDashboard.DSMEDashboardCoachesPortal","CoachesPortal.CohortLevelDashboard.DSMEDashboardCoachesPortal","test10_AddParticipants_danger_text_validations","And user is validating Add participants danger text validations",""
"passed","Tue Apr 14 21:39:19 UTC 2026","Tue Apr 14 21:39:23 UTC 2026","3681","HabitNuCoachPortalSuite","HabitNuCoachesPortalRegression-PartB","CoachesPortal.OnsiteUsersListDashboard","CoachesPortal.OnsiteUsersListDashboard","case50","test1 > Given I am logged in as customerAdmin, hover over milestone dot to validate enrolled state text","test1 > Given I am logged in as customerAdmin, hover over milestone dot to validate enrolled state text"
"broken","Tue Apr 14 21:08:00 UTC 2026","Tue Apr 14 21:08:21 UTC 2026","20282","HabitNuCoachPortalSuite","HabitNuCoachesPortalRegression-PartA","CoachesPortal.LearnModule.CustomerAdminCourseDocument","CoachesPortal.LearnModule.CustomerAdminCourseDocument","verifyAllElementsInCourseDocuments_","Verify all Elements In CourseDocument",""
"broken","Tue Apr 14 21:10:03 UTC 2026","Tue Apr 14 21:10:44 UTC 2026","40845","HabitNuCoachPortalSuite","HabitNuCoachesPortalRegression-PartA","CoachesPortal.LearnModule.CustomerAdminCourseDocument","CoachesPortal.LearnModule.CustomerAdminCourseDocument","verifyAddUrlLinkRequired","Add Url Required",""
"passed","Tue Apr 14 22:36:31 UTC 2026","Tue Apr 14 22:36:53 UTC 2026","22777","HabitNuCoachPortalSuite","HabitNuCoachesPortalRegression-PartC","CoachesPortal.PatientDetails.PatientProfileHealthProviders","CoachesPortal.PatientDetails.PatientProfileHealthProviders","verifyAddHealthProviderDetails","Add HealthProvider of Ethlen",""
"passed","Tue Apr 14 23:06:28 UTC 2026","Tue Apr 14 23:06:29 UTC 2026","559","HabitNuCoachPortalSuite","ParticipationsTable","CoachesPortal.participations","CoachesPortal.participations","test3_validatingadmin","When user is validating to Admin section ",""
"passed","Tue Apr 14 21:02:47 UTC 2026","Tue Apr 14 21:03:48 UTC 2026","60541","HabitNuCoachPortalSuite","HabitNuCoachesPortalRegression-PartA","CoachesPortal.LearnModule.Learn","CoachesPortal.LearnModule.Learn","verifycloneCoursePage","verify on clone course page, course created by admin is available",""
"passed","Tue Apr 14 21:24:42 UTC 2026","Tue Apr 14 21:24:51 UTC 2026","9440","HabitNuCoachPortalSuite","HabitNuCoachesPortalRegression-PartA","CoachesPortal.DiscussionForumPage","CoachesPortal.DiscussionForumPage","case13","test1 > Given I am logged in as coach, I am validating File upload- description only- success.","test1 > Given I am logged in as coach, I am validating File upload- description only- success."
"broken","Tue Apr 14 22:34:15 UTC 2026","Tue Apr 14 22:34:45 UTC 2026","30199","HabitNuCoachPortalSuite","HabitNuCoachesPortalRegression-PartC","CoachesPortal.PatientDetails.PatientProfilePreAuth","CoachesPortal.PatientDetails.PatientProfilePreAuth","editPreAuth","edit PreAuth for Ethylen",""
"failed","Tue Apr 14 22:35:49 UTC 2026","Tue Apr 14 22:35:49 UTC 2026","226","HabitNuCoachPortalSuite","HabitNuCoachesPortalRegression-PartC","CoachesPortal.PatientDetails.PatientProfileImmunizations","CoachesPortal.PatientDetails.PatientProfileImmunizations","verifyImmunication","verify immunization for Ethylen",""
"failed","Tue Apr 14 23:11:10 UTC 2026","Tue Apr 14 23:11:21 UTC 2026","11032","HabitNuCoachPortalSuite","DifferentTypeOfDashboards","CoachesPortal.CohortLevelDashboard.DSMEDashboardCoachesPortal","CoachesPortal.CohortLevelDashboard.DSMEDashboardCoachesPortal","test5_Enrolled","And user is validating Enrolled",""
"passed","Tue Apr 14 22:09:13 UTC 2026","Tue Apr 14 22:09:13 UTC 2026","116","HabitNuCoachPortalSuite","HabitNuCoachesPortalRegression-PartB","CoachesPortal.PatientDetails.PatientProfileDemographic","CoachesPortal.PatientDetails.PatientProfileDemographic","testSelectEmotionalYes","test1 > Given I am logged in as customer admin, testSelectEmotionalYes","test1 > Given I am logged in as customer admin, testSelectEmotionalYes"
"passed","Tue Apr 14 21:33:04 UTC 2026","Tue Apr 14 21:33:04 UTC 2026","15","HabitNuCoachPortalSuite","HabitNuCoachesPortalRegression-PartA","CoachesPortal.DirectMessage","CoachesPortal.DirectMessage","verify_the_elements_of_direct_message","verify the elements of direct message ",""
"passed","Tue Apr 14 22:27:52 UTC 2026","Tue Apr 14 22:27:54 UTC 2026","1961","HabitNuCoachPortalSuite","Paywal","CoachesPortal.payWall","CoachesPortal.payWall","testFilterSubscriptions","COP-T397–399: Validate subscription filters",""
"broken","Tue Apr 14 21:55:58 UTC 2026","Tue Apr 14 21:56:28 UTC 2026","30148","HabitNuCoachPortalSuite","HabitNuCoachesPortalRegression-PartB","CoachesPortal.PatientDetails.PatientProfileDemographic","CoachesPortal.PatientDetails.PatientProfileDemographic","updateAndVerifyBaselineHealthData","test1 > Given I am logged in as coach, updateAndVerifyBaselineHealthData","test1 > Given I am logged in as coach, updateAndVerifyBaselineHealthData"
"broken","Tue Apr 14 22:41:29 UTC 2026","Tue Apr 14 22:41:29 UTC 2026","114","HabitNuCoachPortalSuite","LoginPageCases","CoachesPortal.LoginPageCases","CoachesPortal.LoginPageCases","case12","Coaches Portal Feedback URL -> Keep the feedback page empty -> Click on submit feedback",""
"passed","Tue Apr 14 22:46:25 UTC 2026","Tue Apr 14 22:46:36 UTC 2026","10189","HabitNuCoachPortalSuite","GroupDPPClassPlanner","CoachesPortal.ClassPlanner","CoachesPortal.ClassPlanner","case16","Cancel Unarchive card",""
"passed","Tue Apr 14 22:41:18 UTC 2026","Tue Apr 14 22:41:23 UTC 2026","5378","HabitNuCoachPortalSuite","LoginPageCases","CoachesPortal.LoginPageCases","CoachesPortal.LoginPageCases","testRestpasswordAuthentication","validate user is able to login with the reset password",""
"skipped","Tue Apr 14 23:03:55 UTC 2026","Tue Apr 14 23:03:55 UTC 2026","0","HabitNuCoachPortalSuite","UserDashboard","CoachesPortal.PatientDashboard","CoachesPortal.PatientDashboard","habitCard_NotDone","Physical Activity History section",""
"broken","Tue Apr 14 20:48:57 UTC 2026","Tue Apr 14 20:49:12 UTC 2026","15445","HabitNuCoachPortalSuite","HabitNuCoachesPortalRegression-PartA","CoachesPortal.CohortLevelDashboard.CohortLevelDashboardPage","CoachesPortal.CohortLevelDashboard.CohortLevelDashboardPage","case4","Habitnu716 - weight loss-user- tooltip",""
"passed","Tue Apr 14 22:36:58 UTC 2026","Tue Apr 14 22:37:04 UTC 2026","6198","HabitNuCoachPortalSuite","ProjectPowerDashboard","CoachesPortal.ProjectPowerDashboard","CoachesPortal.ProjectPowerDashboard","accessDirectMessageModule","go to coaches portal - Project Power",""
"broken","Tue Apr 14 22:08:02 UTC 2026","Tue Apr 14 22:08:32 UTC 2026","30162","HabitNuCoachPortalSuite","HabitNuCoachesPortalRegression-PartB","CoachesPortal.PatientDetails.PatientProfileDemographic","CoachesPortal.PatientDetails.PatientProfileDemographic","updateAndVerifyCallDetails","test1 > Given I am logged in as customer admin, updateAndVerifyCallDetails","test1 > Given I am logged in as customer admin, updateAndVerifyCallDetails"
"passed","Tue Apr 14 22:41:23 UTC 2026","Tue Apr 14 22:41:23 UTC 2026","116","HabitNuCoachPortalSuite","LoginPageCases","CoachesPortal.LoginPageCases","CoachesPortal.LoginPageCases","testLoginWithoutEmailAndPassword","try login without email and password",""
"broken","Tue Apr 14 22:04:24 UTC 2026","Tue Apr 14 22:04:59 UTC 2026","35200","HabitNuCoachPortalSuite","HabitNuCoachesPortalRegression-PartB","CoachesPortal.PatientDetails.PatientProfileDemographic","CoachesPortal.PatientDetails.PatientProfileDemographic","updateDisenrollmentDetails_with_emptyData","test1 > Given I am logged in as customer admin, try updating DisenrollmentDetails with empty data","test1 > Given I am logged in as customer admin, try updating DisenrollmentDetails with empty data"
"failed","Tue Apr 14 23:07:13 UTC 2026","Tue Apr 14 23:07:13 UTC 2026","150","HabitNuCoachPortalSuite","DifferentTypeOfDashboards","CoachesPortal.CohortLevelDashboard.OnlineCohortDashboard","CoachesPortal.CohortLevelDashboard.OnlineCohortDashboard","case4","test1 > Given I am logged in as customer admin, I am validating online cohort 'Weight Loss By Participants validation on graph with ALL option","test1 > Given I am logged in as customer admin, I am validating online cohort 'Weight Loss By Participants validation on graph with ALL option"
"broken","Tue Apr 14 20:50:14 UTC 2026","Tue Apr 14 20:50:29 UTC 2026","15407","HabitNuCoachPortalSuite","HabitNuCoachesPortalRegression-PartA","CoachesPortal.CohortLevelDashboard.CohortLevelDashboardPage","CoachesPortal.CohortLevelDashboard.CohortLevelDashboardPage","case10","Coach Interactions by Participants.",""
"passed","Tue Apr 14 21:00:43 UTC 2026","Tue Apr 14 21:00:51 UTC 2026","8113","HabitNuCoachPortalSuite","HabitNuCoachesPortalRegression-PartA","CoachesPortal.LearnModule.Learn","CoachesPortal.LearnModule.Learn","checkLearnTabWhenNoCourse","check learn tab visibilty on web app when course is published from coaches portal",""
"passed","Tue Apr 14 21:05:42 UTC 2026","Tue Apr 14 21:05:59 UTC 2026","16396","HabitNuCoachPortalSuite","HabitNuCoachesPortalRegression-PartA","CoachesPortal.LearnModule.Learn","CoachesPortal.LearnModule.Learn","editCourseContent","edit course content",""
"passed","Tue Apr 14 21:33:57 UTC 2026","Tue Apr 14 21:33:58 UTC 2026","555","HabitNuCoachPortalSuite","HabitNuCoachesPortalRegression-PartA","CoachesPortal.DirectMessage","CoachesPortal.DirectMessage","verifysentMessageToPatient","send a message to participant",""
"broken","Tue Apr 14 22:41:30 UTC 2026","Tue Apr 14 22:41:30 UTC 2026","699","HabitNuCoachPortalSuite","LoginPageCases","CoachesPortal.LoginPageCases","CoachesPortal.LoginPageCases","case15","Coaches Portal Feedback URL -> Add Feedback-> Keep other fields empty -> Click on submit feedback",""
"broken","Tue Apr 14 21:19:38 UTC 2026","Tue Apr 14 21:19:58 UTC 2026","20767","HabitNuCoachPortalSuite","HabitNuCoachesPortalRegression-PartA","CoachesPortal.LearnModule.CustomerAdminCourseDocument","CoachesPortal.LearnModule.CustomerAdminCourseDocument","verifyVideoArchiveCancelAndConfirm","Video Archive Cancel And Confirm",""
"passed","Tue Apr 14 20:59:36 UTC 2026","Tue Apr 14 20:59:38 UTC 2026","2033","HabitNuCoachPortalSuite","HabitNuCoachesPortalRegression-PartA","CoachesPortal.LearnModule.Learn","CoachesPortal.LearnModule.Learn","checkChapterAddition","verify course addition",""
"failed","Tue Apr 14 23:09:17 UTC 2026","Tue Apr 14 23:09:17 UTC 2026","96","HabitNuCoachPortalSuite","DifferentTypeOfDashboards","CoachesPortal.CohortLevelDashboard.OnsiteCohortDashboard","CoachesPortal.CohortLevelDashboard.OnsiteCohortDashboard","case4","test1 > Given I am logged in as coach, I am validating onsite cohort 'Weight Loss By Participants validation on graph with ALL option","test1 > Given I am logged in as coach, I am validating onsite cohort 'Weight Loss By Participants validation on graph with ALL option"
"broken","Tue Apr 14 21:28:26 UTC 2026","Tue Apr 14 21:28:47 UTC 2026","20211","HabitNuCoachPortalSuite","HabitNuCoachesPortalRegression-PartA","CoachesPortal.DiscussionForumPage","CoachesPortal.DiscussionForumPage","case1","test1 > Given I am logged in as customerAdmin, I am validating Coaches - Discussions module","test1 > Given I am logged in as customerAdmin, I am validating - Discussions module"
"passed","Tue Apr 14 21:00:13 UTC 2026","Tue Apr 14 21:00:18 UTC 2026","5564","HabitNuCoachPortalSuite","HabitNuCoachesPortalRegression-PartA","CoachesPortal.LearnModule.Learn","CoachesPortal.LearnModule.Learn","addContentToTheCourse","add content to the course",""
"broken","Tue Apr 14 22:33:44 UTC 2026","Tue Apr 14 22:34:15 UTC 2026","30295","HabitNuCoachPortalSuite","HabitNuCoachesPortalRegression-PartC","CoachesPortal.PatientDetails.PatientProfilePreAuth","CoachesPortal.PatientDetails.PatientProfilePreAuth","deletePerAuth","delete PreAuth for Ethylen",""
"passed","Tue Apr 14 22:39:46 UTC 2026","Tue Apr 14 22:39:46 UTC 2026","542","HabitNuCoachPortalSuite","ProjectPowerDashboard","CoachesPortal.ProjectPowerDashboard","CoachesPortal.ProjectPowerDashboard","verifyCohortWeightLossTrend","All cohort dashboard for project power - Cohort Weight Loss trend",""
"skipped","Tue Apr 14 23:03:55 UTC 2026","Tue Apr 14 23:03:55 UTC 2026","0","HabitNuCoachPortalSuite","UserDashboard","CoachesPortal.PatientDashboard","CoachesPortal.PatientDashboard","habitCard_Done","Physical Activity History section",""
"passed","Tue Apr 14 22:12:24 UTC 2026","Tue Apr 14 22:12:25 UTC 2026","752","HabitNuCoachPortalSuite","PatientsProfileAllergies","CoachesPortal.PatientDetails.PatientsProfileAllergies","CoachesPortal.PatientDetails.PatientsProfileAllergies","editMedication","edit allergy for Ethylen",""
"passed","Tue Apr 14 22:40:57 UTC 2026","Tue Apr 14 22:40:57 UTC 2026","7","HabitNuCoachPortalSuite","ProjectPowerDashboard","CoachesPortal.ProjectPowerDashboard","CoachesPortal.ProjectPowerDashboard","verifyDemographicsParticipantCountByMarket","Demographics page - Participant Count by Market",""
"passed","Tue Apr 14 21:01:16 UTC 2026","Tue Apr 14 21:01:16 UTC 2026","270","HabitNuCoachPortalSuite","HabitNuCoachesPortalRegression-PartA","CoachesPortal.LearnModule.Learn","CoachesPortal.LearnModule.Learn","courseProgressUnderUserTab","check course tab from main dashboard",""
"passed","Tue Apr 14 23:00:42 UTC 2026","Tue Apr 14 23:00:47 UTC 2026","4803","HabitNuCoachPortalSuite","Milestones","CoachesPortal.VAMilestone","CoachesPortal.VAMilestone","test9_validating_VAHeaders_data","And user is validating to VAHeaders data by clicking arrow button",""
"passed","Tue Apr 14 23:06:29 UTC 2026","Tue Apr 14 23:06:29 UTC 2026","131","HabitNuCoachPortalSuite","ParticipationsTable","CoachesPortal.participations","CoachesPortal.participations","test5_navigatingparticipations","And user is navigating to Participations section ",""
"passed","Tue Apr 14 22:41:23 UTC 2026","Tue Apr 14 22:41:23 UTC 2026","131","HabitNuCoachPortalSuite","LoginPageCases","CoachesPortal.LoginPageCases","CoachesPortal.LoginPageCases","testLoginWithValidEmailAndEmptyPassword","try login with valid email and empty password",""
"passed","Tue Apr 14 21:25:22 UTC 2026","Tue Apr 14 21:25:27 UTC 2026","5256","HabitNuCoachPortalSuite","HabitNuCoachesPortalRegression-PartA","CoachesPortal.DiscussionForumPage","CoachesPortal.DiscussionForumPage","case16","test1 > Given I am logged in as coach, I am validating upload upto 5 files with Description- Success.","test1 > Given I am logged in as coach, I am validating upload upto 5 files with Description- Success."
"passed","Tue Apr 14 21:20:47 UTC 2026","Tue Apr 14 21:21:12 UTC 2026","25293","HabitNuCoachPortalSuite","HabitNuCoachesPortalRegression-PartA","CoachesPortal.DiscussionForumPage","CoachesPortal.DiscussionForumPage","case15","test1 > Given I am logged in as admin, I am validating upload upto 5 files.","test1 > Given I am logged in as admin, I am validating upload upto 5 files. "
"passed","Tue Apr 14 21:06:17 UTC 2026","Tue Apr 14 21:06:28 UTC 2026","10270","HabitNuCoachPortalSuite","HabitNuCoachesPortalRegression-PartA","CoachesPortal.LearnModule.Learn","CoachesPortal.LearnModule.Learn","verifyCourseHistory","verify chapter timeline history",""
"passed","Tue Apr 14 21:01:29 UTC 2026","Tue Apr 14 21:01:47 UTC 2026","17849","HabitNuCoachPortalSuite","HabitNuCoachesPortalRegression-PartA","CoachesPortal.LearnModule.Learn","CoachesPortal.LearnModule.Learn","verifyFromCoachesEndAfterCourseisRemoved","verify from coaches portal after course has been removed",""
"passed","Tue Apr 14 21:37:21 UTC 2026","Tue Apr 14 21:37:32 UTC 2026","10926","HabitNuCoachPortalSuite","HabitNuCoachesPortalRegression-PartB","CoachesPortal.OnsiteUsersListDashboard","CoachesPortal.OnsiteUsersListDashboard","case14","test1 > Given I am logged in as coach, SDOH Risk Area flag test case.","test1 > Given I am logged in as coach, SDOH Risk Area flag test case."
"passed","Tue Apr 14 22:01:00 UTC 2026","Tue Apr 14 22:01:00 UTC 2026","5","HabitNuCoachPortalSuite","HabitNuCoachesPortalRegression-PartB","CoachesPortal.PatientDetails.PatientProfileDemographic","CoachesPortal.PatientDetails.PatientProfileDemographic","updatelastName","test1 > Given I am logged in as coach, Last Name","test1 > Given I am logged in as coach, Last Name"
"passed","Tue Apr 14 22:27:46 UTC 2026","Tue Apr 14 22:27:48 UTC 2026","2038","HabitNuCoachPortalSuite","Paywal","CoachesPortal.payWall","CoachesPortal.payWall","testFilterSubscriptions","COP-T397–399: Validate subscription filters",""
"passed","Tue Apr 14 21:21:53 UTC 2026","Tue Apr 14 21:24:07 UTC 2026","134647","HabitNuCoachPortalSuite","HabitNuCoachesPortalRegression-PartA","CoachesPortal.DiscussionForumPage","CoachesPortal.DiscussionForumPage","case27","test1 > Given I am logged in as admin, I am validating add max number of pinned posts(20).","test1 > Given I am logged in as admin, I am validating add max number of pinned posts(20)."
"passed","Tue Apr 14 21:32:52 UTC 2026","Tue Apr 14 21:33:04 UTC 2026","11448","HabitNuCoachPortalSuite","HabitNuCoachesPortalRegression-PartA","CoachesPortal.DirectMessage","CoachesPortal.DirectMessage","accessDirectMessageModule","go to DM on coaches portal",""
"passed","Tue Apr 14 22:39:47 UTC 2026","Tue Apr 14 22:39:47 UTC 2026","578","HabitNuCoachPortalSuite","ProjectPowerDashboard","CoachesPortal.ProjectPowerDashboard","CoachesPortal.ProjectPowerDashboard","verifyCohortWeightLossTrendForALLTIME","All cohort dashboard for project power - Cohort Weight Loss trend - All Time",""
"passed","Tue Apr 14 22:08:36 UTC 2026","Tue Apr 14 22:08:40 UTC 2026","4150","HabitNuCoachPortalSuite","HabitNuCoachesPortalRegression-PartB","CoachesPortal.PatientDetails.PatientProfileDemographic","CoachesPortal.PatientDetails.PatientProfileDemographic","updateAndVerifyCDCDetails","test1 > Given I am logged in as customer admin, updateAndVerifyCDCDetails","test1 > Given I am logged in as customer admin, updateAndVerifyCDCDetails"
"failed","Tue Apr 14 23:07:44 UTC 2026","Tue Apr 14 23:07:48 UTC 2026","4363","HabitNuCoachPortalSuite","DifferentTypeOfDashboards","CoachesPortal.CohortLevelDashboard.OnlineCohortDashboard","CoachesPortal.CohortLevelDashboard.OnlineCohortDashboard","coachInteractionGraph","test1 > Given I am logged in as customer admin, I am validating online cohort 'coachInteractionGraph","test1 > Given I am logged in as customer admin, I am validating online cohort 'coachInteractionGraph"
"broken","Tue Apr 14 21:40:57 UTC 2026","Tue Apr 14 21:41:20 UTC 2026","23015","HabitNuCoachPortalSuite","HabitNuCoachesPortalRegression-PartB","CoachesPortal.OnsiteUsersListDashboard","CoachesPortal.OnsiteUsersListDashboard","case57","test1 > Given I am logged in as customerAdmin, verify milestonecolor==green when user completes registration banner","test1 > Given I am logged in as customerAdmin, verify milestonecolor==green when user completes registration banner"
"skipped","Tue Apr 14 22:58:10 UTC 2026","Tue Apr 14 22:58:10 UTC 2026","0","HabitNuCoachPortalSuite","Milestones","CoachesPortal.MilestoneModule.SoleraIBCorNDPP","CoachesPortal.MilestoneModule.SoleraIBCorNDPP","test6","Given I have achieved M0 & M1, M2 now, When I achieve Weekly Meaningful Engagement for week3, Then I should be able to achieve First green for M3",""
"passed","Tue Apr 14 22:09:34 UTC 2026","Tue Apr 14 22:09:46 UTC 2026","11681","HabitNuCoachPortalSuite","HabitNuCoachesPortalRegression-PartB","CoachesPortal.PatientDetails.PatientProfileDemographic","CoachesPortal.PatientDetails.PatientProfileDemographic","updatelastName","test1 > Given I am logged in as customer admin, Last Name","test1 > Given I am logged in as customer admin, Last Name"
"passed","Tue Apr 14 22:29:35 UTC 2026","Tue Apr 14 22:29:35 UTC 2026","28","HabitNuCoachPortalSuite","Paywal","CoachesPortal.payWall","CoachesPortal.payWall","testPlanConsistencyAcrossSystems","COP-T419: Validate plan details consistency across systems",""
"failed","Tue Apr 14 22:39:34 UTC 2026","Tue Apr 14 22:39:45 UTC 2026","10599","HabitNuCoachPortalSuite","ProjectPowerDashboard","CoachesPortal.ProjectPowerDashboard","CoachesPortal.ProjectPowerDashboard","verifyADAMilestoneForALLTIME","All cohort dashboard for project power - ADA milestone trend - ALL TIME",""
"passed","Tue Apr 14 22:42:27 UTC 2026","Tue Apr 14 22:42:33 UTC 2026","5653","HabitNuCoachPortalSuite","LogClassSession","CoachesPortal.LogClassSection","CoachesPortal.LogClassSection","verifyAddOnlyLF","Add Only LF",""
"passed","Tue Apr 14 22:37:04 UTC 2026","Tue Apr 14 22:37:04 UTC 2026","11","HabitNuCoachPortalSuite","ProjectPowerDashboard","CoachesPortal.ProjectPowerDashboard","CoachesPortal.ProjectPowerDashboard","verifyACTIVE_IN_PHASE_2","go to coaches portal - Project Power-verify ACTIVE IN PHASE 2 users",""
"broken","Tue Apr 14 21:08:21 UTC 2026","Tue Apr 14 21:08:41 UTC 2026","20480","HabitNuCoachPortalSuite","HabitNuCoachesPortalRegression-PartA","CoachesPortal.LearnModule.CustomerAdminCourseDocument","CoachesPortal.LearnModule.CustomerAdminCourseDocument","verifyopenAndCloseDocument","Verify open and close new document",""
"passed","Tue Apr 14 22:17:40 UTC 2026","Tue Apr 14 22:17:41 UTC 2026","609","HabitNuCoachPortalSuite","UserActivities","CoachesPortal.PatientDetails.UserActivitiesBloodSugar","CoachesPortal.PatientDetails.UserActivitiesBloodSugar","verifyUser_isNot_allowed_edit_coachAddedData","Verify user is not allowed to edit data added by coaches",""
"passed","Tue Apr 14 22:46:20 UTC 2026","Tue Apr 14 22:46:21 UTC 2026","1641","HabitNuCoachPortalSuite","GroupDPPClassPlanner","CoachesPortal.ClassPlanner","CoachesPortal.ClassPlanner","case8","Create the DOCUMENT cards under the list",""
"passed","Tue Apr 14 23:09:18 UTC 2026","Tue Apr 14 23:09:33 UTC 2026","14354","HabitNuCoachPortalSuite","DifferentTypeOfDashboards","CoachesPortal.CohortLevelDashboard.OnsiteCohortDashboard","CoachesPortal.CohortLevelDashboard.OnsiteCohortDashboard","fivePercentWeightLossCard_forUserWeight","test1 > Given I am logged in as coach, I am validating onsite cohort 'dashboard-card=fivePercentWeightLossCardCount, when user adds weight","test1 > Given I am logged in as coach, I am validating onsite cohort 'dashboard-card=fivePercentWeightLossCardCount, when user adds weight"
"broken","Tue Apr 14 22:24:16 UTC 2026","Tue Apr 14 22:25:38 UTC 2026","81644","HabitNuCoachPortalSuite","Scheduler","CoachesPortal.Schedular","CoachesPortal.Schedular","validateInteractionEntries_InteractionOn","test1 > Given I am logged in as coach, verify group interaction entries are made automatically when meet is attended for min of 1min > Validating field==InteractionOn","test1 > Given I am logged in as coach, verify group interaction entries are made automatically when meet is attended for min of 1min > Validating field==InteractionOn"
"passed","Tue Apr 14 20:59:23 UTC 2026","Tue Apr 14 20:59:24 UTC 2026","173","HabitNuCoachPortalSuite","HabitNuCoachesPortalRegression-PartA","CoachesPortal.LearnModule.Learn","CoachesPortal.LearnModule.Learn","verifyAdminModuleIsAvailable","Verify CustomerAdmin can click on admin option from profile Icon",""
"passed","Tue Apr 14 21:29:56 UTC 2026","Tue Apr 14 21:30:12 UTC 2026","15304","HabitNuCoachPortalSuite","HabitNuCoachesPortalRegression-PartA","CoachesPortal.DiscussionForumPage","CoachesPortal.DiscussionForumPage","case17","test1 > Given I am logged in as customerAdmin, I am validating Upload more than 5 files.- Error.","test1 > Given I am logged in as customerAdmin, I am validating Upload more than 5 files.- Error"
"passed","Tue Apr 14 21:24:18 UTC 2026","Tue Apr 14 21:24:20 UTC 2026","2213","HabitNuCoachPortalSuite","HabitNuCoachesPortalRegression-PartA","CoachesPortal.DiscussionForumPage","CoachesPortal.DiscussionForumPage","case7","test1 > Given I am logged in as coach, I am validating Add subject and describe- success post.","test1 > Given I am logged in as coach, I am validating Add subject and describe- success post."
"passed","Tue Apr 14 21:00:51 UTC 2026","Tue Apr 14 21:00:59 UTC 2026","8318","HabitNuCoachPortalSuite","HabitNuCoachesPortalRegression-PartA","CoachesPortal.LearnModule.Learn","CoachesPortal.LearnModule.Learn","accessCourseFromWebApp","accessCourseFromWebApp",""
"broken","Tue Apr 14 21:13:07 UTC 2026","Tue Apr 14 21:13:07 UTC 2026","62","HabitNuCoachPortalSuite","HabitNuCoachesPortalRegression-PartA","CoachesPortal.LearnModule.CustomerAdminCourseDocument","CoachesPortal.LearnModule.CustomerAdminCourseDocument","verifyLinkEditAndClose","Link Edit and Close",""
"broken","Tue Apr 14 20:48:31 UTC 2026","Tue Apr 14 20:48:41 UTC 2026","10078","HabitNuCoachPortalSuite","HabitNuCoachesPortalRegression-PartA","CoachesPortal.CohortLevelDashboard.CohortLevelDashboardPage","CoachesPortal.CohortLevelDashboard.CohortLevelDashboardPage","case2","Extract all graphs in outcomes page.",""
"passed","Tue Apr 14 22:59:24 UTC 2026","Tue Apr 14 22:59:26 UTC 2026","1806","HabitNuCoachPortalSuite","Milestones","CoachesPortal.BPSMMilestone","CoachesPortal.BPSMMilestone","test8_validating_BPSMHeaders_data","And user is validating to BPSmHeaders data by clicking arrow button",""
"passed","Tue Apr 14 23:00:26 UTC 2026","Tue Apr 14 23:00:27 UTC 2026","653","HabitNuCoachPortalSuite","Milestones","CoachesPortal.VAMilestone","CoachesPortal.VAMilestone","test4_navigating_milestone","And user is navigating to milestone",""
"broken","Tue Apr 14 22:52:53 UTC 2026","Tue Apr 14 22:52:54 UTC 2026","68","HabitNuCoachPortalSuite","GroupDPPClassPlanner","CoachesPortal.ClassPlanner","CoachesPortal.ClassPlanner","case34","validate user is able to view classPlanner item==document",""
"broken","Tue Apr 14 23:04:07 UTC 2026","Tue Apr 14 23:04:12 UTC 2026","5023","HabitNuCoachPortalSuite","FeatureFlags","CoachesPortal.FeatureFlags","CoachesPortal.FeatureFlags","test11_addrulesforuser","And user is able to add the rule for user level",""
"passed","Tue Apr 14 23:04:03 UTC 2026","Tue Apr 14 23:04:04 UTC 2026","1623","HabitNuCoachPortalSuite","FeatureFlags","CoachesPortal.FeatureFlags","CoachesPortal.FeatureFlags","test3_validatingadmin","When user is validating to Admin section ",""
"broken","Tue Apr 14 22:51:53 UTC 2026","Tue Apr 14 22:52:53 UTC 2026","60179","HabitNuCoachPortalSuite","GroupDPPClassPlanner","CoachesPortal.ClassPlanner","CoachesPortal.ClassPlanner","case31","Login to coach portal -> select the cohort -> Class planner -> Click on Edit (pencil) button -> add the participant -> Done",""
"broken","Tue Apr 14 21:56:28 UTC 2026","Tue Apr 14 21:56:59 UTC 2026","30397","HabitNuCoachPortalSuite","HabitNuCoachesPortalRegression-PartB","CoachesPortal.PatientDetails.PatientProfileDemographic","CoachesPortal.PatientDetails.PatientProfileDemographic","verifyCDCdetails","test1 > Given I am logged in as coach, verifyCDCdetails","test1 > Given I am logged in as coach, verifyCDCdetails"
"passed","Tue Apr 14 22:36:20 UTC 2026","Tue Apr 14 22:36:21 UTC 2026","877","HabitNuCoachPortalSuite","HabitNuCoachesPortalRegression-PartC","CoachesPortal.PatientDetails.PatientProfilePayerType","CoachesPortal.PatientDetails.PatientProfilePayerType","deletePayertype","delete Payertype for Ethylen",""
"passed","Tue Apr 14 22:09:12 UTC 2026","Tue Apr 14 22:09:13 UTC 2026","130","HabitNuCoachPortalSuite","HabitNuCoachesPortalRegression-PartB","CoachesPortal.PatientDetails.PatientProfileDemographic","CoachesPortal.PatientDetails.PatientProfileDemographic","testSelectDressingNo","test1 > Given I am logged in as customer admin, testSelectDressingNo","test1 > Given I am logged in as customer admin, testSelectDressingNo"
"broken","Tue Apr 14 22:19:18 UTC 2026","Tue Apr 14 22:19:59 UTC 2026","41256","HabitNuCoachPortalSuite","UserActivities","CoachesPortal.PatientDetails.UserActivitiesTobacco","CoachesPortal.PatientDetails.UserActivitiesTobacco","verifyUserData_on_coachesPortal","Verify user data added on web on coaches portal",""
"passed","Tue Apr 14 22:15:31 UTC 2026","Tue Apr 14 22:16:00 UTC 2026","29122","HabitNuCoachPortalSuite","UserActivities","CoachesPortal.PatientDetails.UserActivitiesBloodSugar","CoachesPortal.PatientDetails.UserActivitiesBloodSugar","verifyAndAddYesterdayBloodSugar","Verify user as Ethelyn in useractivities tab and add past date blood sugar",""
"passed","Tue Apr 14 22:27:16 UTC 2026","Tue Apr 14 22:27:18 UTC 2026","1761","HabitNuCoachPortalSuite","Paywal","CoachesPortal.payWall","CoachesPortal.payWall","testCreateAnnualPaymentPlan","COP-T388B: Create Annual Payment Plan",""
"passed","Tue Apr 14 22:01:37 UTC 2026","Tue Apr 14 22:01:45 UTC 2026","7989","HabitNuCoachPortalSuite","HabitNuCoachesPortalRegression-PartB","CoachesPortal.PatientDetails.PatientProfileDemographic","CoachesPortal.PatientDetails.PatientProfileDemographic","verifyPersonalDetails","test1 > Given I am logged in as customer admin, Verify user as Ethelyn in demographic with Personal Details","test1 > Given I am logged in as customer admin, Verify user as Ethelyn in demographic with Personal Details"
"passed","Tue Apr 14 21:37:38 UTC 2026","Tue Apr 14 21:37:38 UTC 2026","566","HabitNuCoachPortalSuite","HabitNuCoachesPortalRegression-PartB","CoachesPortal.OnsiteUsersListDashboard","CoachesPortal.OnsiteUsersListDashboard","case17","test1 > Given I am logged in as coach, Enter call details from list section using headset button","test1 > Given I am logged in as coach, Enter call details from list section using headset button"
"passed","Tue Apr 14 21:38:30 UTC 2026","Tue Apr 14 21:38:30 UTC 2026","484","HabitNuCoachPortalSuite","HabitNuCoachesPortalRegression-PartB","CoachesPortal.OnsiteUsersListDashboard","CoachesPortal.OnsiteUsersListDashboard","case31","test1 > Given I am logged in as customerAdmin, validate userList as customerAdmin-Add Cohort for a user- cancel scenario.","test1 > Given I am logged in as customerAdmin, validate userList as customerAdmin-Add Cohort for a user- cancel scenario."
"passed","Tue Apr 14 22:27:59 UTC 2026","Tue Apr 14 22:28:03 UTC 2026","3727","HabitNuCoachPortalSuite","Paywal","CoachesPortal.payWall","CoachesPortal.payWall","testFilterSubscriptions","COP-T397–399: Validate subscription filters",""
"passed","Tue Apr 14 21:06:52 UTC 2026","Tue Apr 14 21:06:59 UTC 2026","6402","HabitNuCoachPortalSuite","HabitNuCoachesPortalRegression-PartA","CoachesPortal.LearnModule.Learn","CoachesPortal.LearnModule.Learn","pushNotifications","verify push  notification settings",""
"passed","Tue Apr 14 21:03:50 UTC 2026","Tue Apr 14 21:03:58 UTC 2026","8644","HabitNuCoachPortalSuite","HabitNuCoachesPortalRegression-PartA","CoachesPortal.LearnModule.Learn","CoachesPortal.LearnModule.Learn","publishTheClonedCourse","verify on clone course page, course created by admin is available",""
"passed","Tue Apr 14 21:24:07 UTC 2026","Tue Apr 14 21:24:10 UTC 2026","2904","HabitNuCoachPortalSuite","HabitNuCoachesPortalRegression-PartA","CoachesPortal.DiscussionForumPage","CoachesPortal.DiscussionForumPage","case28","test1 > Given I am logged in as admin, I am validating Delete all posts","test1 > Given I am logged in as admin, I am validating Delete all posts"
"passed","Tue Apr 14 22:41:24 UTC 2026","Tue Apr 14 22:41:26 UTC 2026","2730","HabitNuCoachPortalSuite","LoginPageCases","CoachesPortal.LoginPageCases","CoachesPortal.LoginPageCases","testLoginWithInvalidEmailAndValidPassword","try login with invalid email and valid password",""
"broken","Tue Apr 14 21:33:17 UTC 2026","Tue Apr 14 21:33:37 UTC 2026","20583","HabitNuCoachPortalSuite","HabitNuCoachesPortalRegression-PartA","CoachesPortal.DirectMessage","CoachesPortal.DirectMessage","sendMessageToPatient_2","send a message to second participant in the list, and use ENTER button from keyboard to simulate message submission and validate message==null. ",""
"skipped","Tue Apr 14 23:03:55 UTC 2026","Tue Apr 14 23:03:55 UTC 2026","0","HabitNuCoachPortalSuite","UserDashboard","CoachesPortal.PatientDashboard","CoachesPortal.PatientDashboard","foodLog","foodLog",""
"passed","Tue Apr 14 21:30:22 UTC 2026","Tue Apr 14 21:30:24 UTC 2026","2092","HabitNuCoachPortalSuite","HabitNuCoachesPortalRegression-PartA","CoachesPortal.DiscussionForumPage","CoachesPortal.DiscussionForumPage","case23","test1 > Given I am logged in as customerAdmin, I am validating Click Delete - Cancel","test1 > Given I am logged in as customerAdmin, I am validating Click Delete - Cancel"
"passed","Tue Apr 14 21:06:37 UTC 2026","Tue Apr 14 21:06:40 UTC 2026","2398","HabitNuCoachPortalSuite","HabitNuCoachesPortalRegression-PartA","CoachesPortal.LearnModule.Learn","CoachesPortal.LearnModule.Learn","editByErasingMessageContent","verify, Please enter message content for email",""
"passed","Tue Apr 14 21:01:20 UTC 2026","Tue Apr 14 21:01:29 UTC 2026","8738","HabitNuCoachPortalSuite","HabitNuCoachesPortalRegression-PartA","CoachesPortal.LearnModule.Learn","CoachesPortal.LearnModule.Learn","checkLearnTabOnWebWhenCourseIsPublished","check learn tab visibilty on web app when no course is published from coaches portal",""
"failed","Tue Apr 14 23:08:28 UTC 2026","Tue Apr 14 23:08:37 UTC 2026","9722","HabitNuCoachPortalSuite","DifferentTypeOfDashboards","CoachesPortal.CohortLevelDashboard.OnlineCohortDashboard","CoachesPortal.CohortLevelDashboard.OnlineCohortDashboard","male_female_card_with_update_to_female","test1 > Given I am logged in as coach, I am validating online cohort 'dashboard-card=male_female_card_with_update_to_female","test1 > Given I am logged in as coach, I am validating online cohort 'dashboard-card=male_female_card_with_update_to_female"
"passed","Tue Apr 14 22:39:50 UTC 2026","Tue Apr 14 22:39:50 UTC 2026","193","HabitNuCoachPortalSuite","ProjectPowerDashboard","CoachesPortal.ProjectPowerDashboard","CoachesPortal.ProjectPowerDashboard","verifySDOHPage","Verify SDOH page legends",""
"skipped","Tue Apr 14 22:29:35 UTC 2026","Tue Apr 14 22:29:35 UTC 2026","0","HabitNuCoachPortalSuite","Paywal","CoachesPortal.payWall","CoachesPortal.payWall","testProgramPlanReordering","COP-T420-T423: Verify reordering plans and validate persistence",""
"passed","Tue Apr 14 22:01:00 UTC 2026","Tue Apr 14 22:01:01 UTC 2026","5","HabitNuCoachPortalSuite","HabitNuCoachesPortalRegression-PartB","CoachesPortal.PatientDetails.PatientProfileDemographic","CoachesPortal.PatientDetails.PatientProfileDemographic","updatepreferred_name","test1 > Given I am logged in as coach, preferred_name","test1 > Given I am logged in as coach, preferred_name"
"broken","Tue Apr 14 21:13:07 UTC 2026","Tue Apr 14 21:13:07 UTC 2026","66","HabitNuCoachPortalSuite","HabitNuCoachesPortalRegression-PartA","CoachesPortal.LearnModule.CustomerAdminCourseDocument","CoachesPortal.LearnModule.CustomerAdminCourseDocument","verifyLinkPublishCancelAndConfirm","Link Publish Cancel And Confirm",""
"passed","Tue Apr 14 23:11:48 UTC 2026","Tue Apr 14 23:11:53 UTC 2026","4427","HabitNuCoachPortalSuite","DifferentTypeOfDashboards","CoachesPortal.CohortLevelDashboard.DSMEDashboardCoachesPortal","CoachesPortal.CohortLevelDashboard.DSMEDashboardCoachesPortal","test8_Complete","And user is validating Complete",""
"passed","Tue Apr 14 22:18:25 UTC 2026","Tue Apr 14 22:18:34 UTC 2026","9329","HabitNuCoachPortalSuite","UserActivities","CoachesPortal.PatientDetails.UserActivitiesTobacco","CoachesPortal.PatientDetails.UserActivitiesTobacco","verifyAddCurrentDateBloodPressure","Verify user as Ethelyn in useractivities tab and add tobacco to current date",""
"broken","Tue Apr 14 21:44:30 UTC 2026","Tue Apr 14 21:45:01 UTC 2026","30180","HabitNuCoachPortalSuite","HabitNuCoachesPortalRegression-PartB","CoachesPortal.PatientDetails.CommunicationLogsCoachesPortal","CoachesPortal.PatientDetails.CommunicationLogsCoachesPortal","verifyCommunicationLogs_doesnt_GO_on_clicking_cancel","verify messages do not post upon clicking on CANCEL button",""
"passed","Tue Apr 14 22:59:17 UTC 2026","Tue Apr 14 22:59:20 UTC 2026","2283","HabitNuCoachPortalSuite","Milestones","CoachesPortal.BPSMMilestone","CoachesPortal.BPSMMilestone","test6_validating_BPSMHeaders_Name","And user is validating to BPSMHeaders data by clicking arrow button",""
"passed","Tue Apr 14 21:32:50 UTC 2026","Tue Apr 14 21:32:52 UTC 2026","2870","HabitNuCoachPortalSuite","HabitNuCoachesPortalRegression-PartA","CoachesPortal.DiscussionForumPage","CoachesPortal.DiscussionForumPage","case28","test1 > Given I am logged in as customerAdmin, I am validating Delete all posts","test1 > Given I am logged in as customerAdmin, I am validating Delete all posts"
"passed","Tue Apr 14 22:01:01 UTC 2026","Tue Apr 14 22:01:01 UTC 2026","6","HabitNuCoachPortalSuite","HabitNuCoachesPortalRegression-PartB","CoachesPortal.PatientDetails.PatientProfileDemographic","CoachesPortal.PatientDetails.PatientProfileDemographic","deleteEthnicityAndRace","test1 > Given I am logged in as coach, Ethnicity and Race","test1 > Given I am logged in as coach, Ethnicity and Race"
"passed","Tue Apr 14 23:12:14 UTC 2026","Tue Apr 14 23:12:18 UTC 2026","3258","HabitNuCoachPortalSuite","DifferentTypeOfDashboards","CoachesPortal.CohortLevelDashboard.DSMEDashboardCoachesPortal","CoachesPortal.CohortLevelDashboard.DSMEDashboardCoachesPortal","test12_verifyBloodSugarByPatientsInOutcomesTab","Verify Blood Sugar by Patients Should be displayed under outcomes tab",""
"passed","Tue Apr 14 23:08:40 UTC 2026","Tue Apr 14 23:08:44 UTC 2026","4525","HabitNuCoachPortalSuite","DifferentTypeOfDashboards","CoachesPortal.CohortLevelDashboard.OnlineCohortDashboard","CoachesPortal.CohortLevelDashboard.OnlineCohortDashboard","weeksCompleted","test1 > Given I am logged in as coach, I am validating online cohort 'dashboard-card=weeksCompleted","test1 > Given I am logged in as coach, I am validating online cohort 'dashboard-card=weeksCompleted"
"passed","Tue Apr 14 21:03:48 UTC 2026","Tue Apr 14 21:03:50 UTC 2026","1878","HabitNuCoachPortalSuite","HabitNuCoachesPortalRegression-PartA","CoachesPortal.LearnModule.Learn","CoachesPortal.LearnModule.Learn","cloneCourse","verify cloning of course",""
"broken","Tue Apr 14 21:49:13 UTC 2026","Tue Apr 14 21:49:43 UTC 2026","30184","HabitNuCoachPortalSuite","HabitNuCoachesPortalRegression-PartB","CoachesPortal.PatientDetails.PatientProfileDemographic","CoachesPortal.PatientDetails.PatientProfileDemographic","updateAndVerifyContactDetails","test1 > Given I am logged in as coach, updateAndVerifyContactDetails","test1 > Given I am logged in as coach, updateAndVerifyContactDetails"
"broken","Tue Apr 14 21:15:09 UTC 2026","Tue Apr 14 21:15:50 UTC 2026","40863","HabitNuCoachPortalSuite","HabitNuCoachesPortalRegression-PartA","CoachesPortal.LearnModule.CustomerAdminCourseDocument","CoachesPortal.LearnModule.CustomerAdminCourseDocument","verifyAddDocumentTitleRequired","Add Title Required",""
"broken","Tue Apr 14 20:57:22 UTC 2026","Tue Apr 14 20:57:22 UTC 2026","81","HabitNuCoachPortalSuite","HabitNuCoachesPortalRegression-PartA","CoachesPortal.CohortLevelDashboard.CohortLevelDashboardPage","CoachesPortal.CohortLevelDashboard.CohortLevelDashboardPage","case28","office hours attended by participants graph and tooltip extraction.",""
"passed","Tue Apr 14 23:09:59 UTC 2026","Tue Apr 14 23:09:59 UTC 2026","43","HabitNuCoachPortalSuite","DifferentTypeOfDashboards","CoachesPortal.CohortLevelDashboard.OnsiteCohortDashboard","CoachesPortal.CohortLevelDashboard.OnsiteCohortDashboard","coachName","test1 > Given I am logged in as coach, I am validating onsite cohort 'dashboard-card=coachName","test1 > Given I am logged in as coach, I am validating onsite cohort 'dashboard-card=coachName"
"passed","Tue Apr 14 22:46:18 UTC 2026","Tue Apr 14 22:46:18 UTC 2026","798","HabitNuCoachPortalSuite","GroupDPPClassPlanner","CoachesPortal.ClassPlanner","CoachesPortal.ClassPlanner","case5","Edit the list to class planner",""
"passed","Tue Apr 14 22:37:04 UTC 2026","Tue Apr 14 22:37:04 UTC 2026","10","HabitNuCoachPortalSuite","ProjectPowerDashboard","CoachesPortal.ProjectPowerDashboard","CoachesPortal.ProjectPowerDashboard","verifyDISENROLLED","go to coaches portal - Project Power-verify DISENROLLED users",""
"broken","Tue Apr 14 21:41:20 UTC 2026","Tue Apr 14 21:41:41 UTC 2026","20981","HabitNuCoachPortalSuite","HabitNuCoachesPortalRegression-PartB","CoachesPortal.OnsiteUsersListDashboard","CoachesPortal.OnsiteUsersListDashboard","case58","test1 > Given I am logged in as customerAdmin, verify milestonecolor==green when user completes registration banner and verifies address","test1 > Given I am logged in as customerAdmin, verify milestonecolor==green when user completes registration banner and verifies address"
"passed","Tue Apr 14 21:38:41 UTC 2026","Tue Apr 14 21:38:41 UTC 2026","467","HabitNuCoachPortalSuite","HabitNuCoachesPortalRegression-PartB","CoachesPortal.OnsiteUsersListDashboard","CoachesPortal.OnsiteUsersListDashboard","case33","test1 > Given I am logged in as customerAdmin, validate userList as customerAdmin-Move a user from one cohort to another- cancel scenario.","test1 > Given I am logged in as customerAdmin, validate userList as customerAdmin-Move a user from one cohort to another- cancel scenario."
"failed","Tue Apr 14 23:09:17 UTC 2026","Tue Apr 14 23:09:18 UTC 2026","735","HabitNuCoachPortalSuite","DifferentTypeOfDashboards","CoachesPortal.CohortLevelDashboard.OnsiteCohortDashboard","CoachesPortal.CohortLevelDashboard.OnsiteCohortDashboard","case5","test1 > Given I am logged in as coach, I am validating onsite cohort 'Weight Loss By Participants validation on graph with 'Added by coach' option","test1 > Given I am logged in as coach, I am validating onsite cohort 'Weight Loss By Participants validation on graph with 'Added by coach' option"
"passed","Tue Apr 14 21:30:12 UTC 2026","Tue Apr 14 21:30:13 UTC 2026","974","HabitNuCoachPortalSuite","HabitNuCoachesPortalRegression-PartA","CoachesPortal.DiscussionForumPage","CoachesPortal.DiscussionForumPage","case18","test1 > Given I am logged in as customerAdmin, I am validating Edit Post- Subject only- Update- Success","test1 > Given I am logged in as customerAdmin, I am validating Edit Post- Subject only- Update- Success"
"passed","Tue Apr 14 22:41:16 UTC 2026","Tue Apr 14 22:41:16 UTC 2026","214","HabitNuCoachPortalSuite","LoginPageCases","CoachesPortal.LoginPageCases","CoachesPortal.LoginPageCases","testRestpasswordCase2","validate users be able to reset password, while doing so entering new password, but entering different one in confirm password",""
"failed","Tue Apr 14 21:33:04 UTC 2026","Tue Apr 14 21:33:04 UTC 2026","219","HabitNuCoachPortalSuite","HabitNuCoachesPortalRegression-PartA","CoachesPortal.DirectMessage","CoachesPortal.DirectMessage","verify_emptyChatlist_state","No messages are sent or received",""
"passed","Tue Apr 14 21:39:15 UTC 2026","Tue Apr 14 21:39:15 UTC 2026","41","HabitNuCoachPortalSuite","HabitNuCoachesPortalRegression-PartB","CoachesPortal.OnsiteUsersListDashboard","CoachesPortal.OnsiteUsersListDashboard","case45","test1 > Given I am logged in as customerAdmin, validate disenrolled status under Milestone column - colorcode","test1 > Given I am logged in as customerAdmin, validate disenrolled status under Milestone column - colorcode"
"passed","Tue Apr 14 22:46:36 UTC 2026","Tue Apr 14 22:46:41 UTC 2026","5836","HabitNuCoachPortalSuite","GroupDPPClassPlanner","CoachesPortal.ClassPlanner","CoachesPortal.ClassPlanner","case17","Unarchive the DOC Created card",""
"passed","Tue Apr 14 21:20:08 UTC 2026","Tue Apr 14 21:20:10 UTC 2026","2227","HabitNuCoachPortalSuite","HabitNuCoachesPortalRegression-PartA","CoachesPortal.DiscussionForumPage","CoachesPortal.DiscussionForumPage","case7","test1 > Given I am logged in as admin, I am validating Add subject and describe- success post.","test1 > Given I am logged in as admin, I am validating Add subject and describe- success post."
"passed","Tue Apr 14 21:33:16 UTC 2026","Tue Apr 14 21:33:17 UTC 2026","180","HabitNuCoachPortalSuite","HabitNuCoachesPortalRegression-PartA","CoachesPortal.DirectMessage","CoachesPortal.DirectMessage","sendMessageToPatient_1","send a message to participant",""
"broken","Tue Apr 14 21:16:31 UTC 2026","Tue Apr 14 21:16:52 UTC 2026","20447","HabitNuCoachPortalSuite","HabitNuCoachesPortalRegression-PartA","CoachesPortal.LearnModule.CustomerAdminCourseDocument","CoachesPortal.LearnModule.CustomerAdminCourseDocument","verifyDocuentEditAndSave","Document Edit and Save",""
"passed","Tue Apr 14 22:28:10 UTC 2026","Tue Apr 14 22:28:11 UTC 2026","887","HabitNuCoachPortalSuite","Paywal","CoachesPortal.payWall","CoachesPortal.payWall","testFilterTransactions","COP-T400: Validate all transaction filters",""
"broken","Tue Apr 14 20:57:22 UTC 2026","Tue Apr 14 20:57:23 UTC 2026","100","HabitNuCoachPortalSuite","HabitNuCoachesPortalRegression-PartA","CoachesPortal.CohortLevelDashboard.CohortLevelDashboardPage","CoachesPortal.CohortLevelDashboard.CohortLevelDashboardPage","case29","Office Hours Participant click- dashboard navigation.",""
"passed","Tue Apr 14 23:00:29 UTC 2026","Tue Apr 14 23:00:32 UTC 2026","2836","HabitNuCoachPortalSuite","Milestones","CoachesPortal.VAMilestone","CoachesPortal.VAMilestone","test7_validating_VAHeaders_data","And user is validating to VAHeaders data by clicking arrow button",""
"passed","Tue Apr 14 22:28:21 UTC 2026","Tue Apr 14 22:28:22 UTC 2026","881","HabitNuCoachPortalSuite","Paywal","CoachesPortal.payWall","CoachesPortal.payWall","testFilterTransactions","COP-T400: Validate all transaction filters",""
"broken","Tue Apr 14 21:17:33 UTC 2026","Tue Apr 14 21:17:33 UTC 2026","65","HabitNuCoachPortalSuite","HabitNuCoachesPortalRegression-PartA","CoachesPortal.LearnModule.CustomerAdminCourseDocument","CoachesPortal.LearnModule.CustomerAdminCourseDocument","verifyAddUrlTitleVideoRequired","Add Video upload And Title Required",""
"passed","Tue Apr 14 22:46:25 UTC 2026","Tue Apr 14 22:46:25 UTC 2026","144","HabitNuCoachPortalSuite","GroupDPPClassPlanner","CoachesPortal.ClassPlanner","CoachesPortal.ClassPlanner","case15","Cancel the archive pop up",""
"broken","Tue Apr 14 22:25:38 UTC 2026","Tue Apr 14 22:25:38 UTC 2026","117","HabitNuCoachPortalSuite","Scheduler","CoachesPortal.Schedular","CoachesPortal.Schedular","validateInteractionEntries_Claimed","test1 > Given I am logged in as coach, verify group interaction entries are made automatically when meet is attended for min of 1min > Validating field==Claimed","test1 > Given I am logged in as coach, verify group interaction entries are made automatically when meet is attended for min of 1min > Validating field==Claimed"
"passed","Tue Apr 14 22:54:51 UTC 2026","Tue Apr 14 22:54:56 UTC 2026","5219","HabitNuCoachPortalSuite","GeneralContent","CoachesPortal.generalContent_WEb_Coaches","CoachesPortal.generalContent_WEb_Coaches","case10","Main Page",""
"failed","Tue Apr 14 23:11:28 UTC 2026","Tue Apr 14 23:11:48 UTC 2026","20179","HabitNuCoachPortalSuite","DifferentTypeOfDashboards","CoachesPortal.CohortLevelDashboard.DSMEDashboardCoachesPortal","CoachesPortal.CohortLevelDashboard.DSMEDashboardCoachesPortal","test7_Active","And user is validating Nurture",""
"passed","Tue Apr 14 22:41:48 UTC 2026","Tue Apr 14 22:41:49 UTC 2026","1209","HabitNuCoachPortalSuite","LogClassSession","CoachesPortal.LogClassSection","CoachesPortal.LogClassSection","verifyLogClassSectionWithPatient","Verify Log Class Section With Patient",""
"broken","Tue Apr 14 21:40:35 UTC 2026","Tue Apr 14 21:40:57 UTC 2026","21782","HabitNuCoachPortalSuite","HabitNuCoachesPortalRegression-PartB","CoachesPortal.OnsiteUsersListDashboard","CoachesPortal.OnsiteUsersListDashboard","case56","test1 > Given I am logged in as customerAdmin, verify Mail hasn't sent & unverified address.","test1 > Given I am logged in as customerAdmin, verify Mail hasn't sent & unverified address."
"passed","Tue Apr 14 22:10:52 UTC 2026","Tue Apr 14 22:11:03 UTC 2026","10983","HabitNuCoachPortalSuite","HabitNuCoachesPortalRegression-PartB","CoachesPortal.PatientDetails.PatientProfileDemographic","CoachesPortal.PatientDetails.PatientProfileDemographic","deleteEthnicityAndRace","test1 > Given I am logged in as customer admin, Ethnicity and Race","test1 > Given I am logged in as customer admin, Ethnicity and Race"
"passed","Tue Apr 14 23:06:29 UTC 2026","Tue Apr 14 23:06:29 UTC 2026","94","HabitNuCoachPortalSuite","ParticipationsTable","CoachesPortal.participations","CoachesPortal.participations","test6_validatingparticipations","And user is validating paricipations section",""
"passed","Tue Apr 14 23:06:28 UTC 2026","Tue Apr 14 23:06:28 UTC 2026","140","HabitNuCoachPortalSuite","ParticipationsTable","CoachesPortal.participations","CoachesPortal.participations","test2_navigatingadmin","When user is navigating to Admin section ",""
"broken","Tue Apr 14 20:49:43 UTC 2026","Tue Apr 14 20:49:58 UTC 2026","15443","HabitNuCoachPortalSuite","HabitNuCoachesPortalRegression-PartA","CoachesPortal.CohortLevelDashboard.CohortLevelDashboardPage","CoachesPortal.CohortLevelDashboard.CohortLevelDashboardPage","case8","participant activity- Select previous week.",""
"skipped","Tue Apr 14 22:29:35 UTC 2026","Tue Apr 14 22:29:35 UTC 2026","0","HabitNuCoachPortalSuite","Paywal","CoachesPortal.payWall","CoachesPortal.payWall","testUnlinkPlanFromProgram","COP-T413: Validate unlinking a plan from a program",""
"passed","Tue Apr 14 22:46:16 UTC 2026","Tue Apr 14 22:46:17 UTC 2026","741","HabitNuCoachPortalSuite","GroupDPPClassPlanner","CoachesPortal.ClassPlanner","CoachesPortal.ClassPlanner","case3","Add the list to class planner",""
"passed","Tue Apr 14 22:37:04 UTC 2026","Tue Apr 14 22:37:09 UTC 2026","5067","HabitNuCoachPortalSuite","ProjectPowerDashboard","CoachesPortal.ProjectPowerDashboard","CoachesPortal.ProjectPowerDashboard","verifyM1completionTrend","All cohort dashboard for project power - M1 completion % Trend",""
"passed","Tue Apr 14 22:01:01 UTC 2026","Tue Apr 14 22:01:01 UTC 2026","13","HabitNuCoachPortalSuite","HabitNuCoachesPortalRegression-PartB","CoachesPortal.PatientDetails.PatientProfileDemographic","CoachesPortal.PatientDetails.PatientProfileDemographic","updateSexAtbirth","test1 > Given I am logged in as coach, Sex at Birth","test1 > Given I am logged in as coach, Sex at Birth"
"broken","Tue Apr 14 20:48:16 UTC 2026","Tue Apr 14 20:48:31 UTC 2026","15503","HabitNuCoachPortalSuite","HabitNuCoachesPortalRegression-PartA","CoachesPortal.CohortLevelDashboard.CohortLevelDashboardPage","CoachesPortal.CohortLevelDashboard.CohortLevelDashboardPage","case1","Element Level assertion at the landing page.",""
"passed","Tue Apr 14 21:37:38 UTC 2026","Tue Apr 14 21:37:43 UTC 2026","4753","HabitNuCoachPortalSuite","HabitNuCoachesPortalRegression-PartB","CoachesPortal.OnsiteUsersListDashboard","CoachesPortal.OnsiteUsersListDashboard","case18","test1 > Given I am logged in as coach, Enter call details and then to profile section and check for the details saved.","test1 > Given I am logged in as coach, Enter call details and then to profile section and check for the details saved."
"passed","Tue Apr 14 22:37:04 UTC 2026","Tue Apr 14 22:37:04 UTC 2026","10","HabitNuCoachPortalSuite","ProjectPowerDashboard","CoachesPortal.ProjectPowerDashboard","CoachesPortal.ProjectPowerDashboard","verifyM4","It should display total number of participants who have completed the Post survey",""
"broken","Tue Apr 14 21:36:07 UTC 2026","Tue Apr 14 21:36:37 UTC 2026","30209","HabitNuCoachPortalSuite","HabitNuCoachesPortalRegression-PartA","CoachesPortal.DirectMessage","CoachesPortal.DirectMessage","click_on_delete_icon_of_message","Verify message sent from Coach in chatbox",""
"passed","Tue Apr 14 21:21:34 UTC 2026","Tue Apr 14 21:21:35 UTC 2026","900","HabitNuCoachPortalSuite","HabitNuCoachesPortalRegression-PartA","CoachesPortal.DiscussionForumPage","CoachesPortal.DiscussionForumPage","case19","test1 > Given I am logged in as admin, I am validating Edit Post- Description only- Success","test1 > Given I am logged in as admin, I am validating Edit Post- Description only- Success"
"passed","Tue Apr 14 21:33:14 UTC 2026","Tue Apr 14 21:33:15 UTC 2026","1191","HabitNuCoachPortalSuite","HabitNuCoachesPortalRegression-PartA","CoachesPortal.DirectMessage","CoachesPortal.DirectMessage","searchParticipantByLastName_who_is_notPartOfthisCohort","Search participant by LastName who is not part of this cohort",""
"broken","Tue Apr 14 21:07:19 UTC 2026","Tue Apr 14 21:07:40 UTC 2026","20469","HabitNuCoachPortalSuite","HabitNuCoachesPortalRegression-PartA","CoachesPortal.LearnModule.CustomerAdminCourseDocument","CoachesPortal.LearnModule.CustomerAdminCourseDocument","verifyOpeningCustAdminCourseDocument","Verify Opening Customer Admin Should have CourseDocument",""
"passed","Tue Apr 14 23:06:19 UTC 2026","Tue Apr 14 23:06:20 UTC 2026","40","HabitNuCoachPortalSuite","FeatureFlags","CoachesPortal.FeatureFlags","CoachesPortal.FeatureFlags","test22_deleteuser","delete rule",""
"passed","Tue Apr 14 21:37:05 UTC 2026","Tue Apr 14 21:37:08 UTC 2026","3264","HabitNuCoachPortalSuite","HabitNuCoachesPortalRegression-PartB","CoachesPortal.OnsiteUsersListDashboard","CoachesPortal.OnsiteUsersListDashboard","case9","test1 > Given I am logged in as coach, Form Survey for cohort- Disability.","test1 > Given I am logged in as coach, Form Survey for cohort- Disability."
"broken","Tue Apr 14 21:13:07 UTC 2026","Tue Apr 14 21:13:07 UTC 2026","66","HabitNuCoachPortalSuite","HabitNuCoachesPortalRegression-PartA","CoachesPortal.LearnModule.CustomerAdminCourseDocument","CoachesPortal.LearnModule.CustomerAdminCourseDocument","verifyLinkArchiveCancelAndConfirm","Link Archive Cancel And Confirm",""
"passed","Tue Apr 14 22:03:50 UTC 2026","Tue Apr 14 22:03:50 UTC 2026","46","HabitNuCoachPortalSuite","HabitNuCoachesPortalRegression-PartB","CoachesPortal.PatientDetails.PatientProfileDemographic","CoachesPortal.PatientDetails.PatientProfileDemographic","verifyAddressDetails","test1 > Given I am logged in as customer admin, verifyAddressDetails","test1 > Given I am logged in as customer admin, verifyAddressDetails"
"passed","Tue Apr 14 23:04:05 UTC 2026","Tue Apr 14 23:04:06 UTC 2026","603","HabitNuCoachPortalSuite","FeatureFlags","CoachesPortal.FeatureFlags","CoachesPortal.FeatureFlags","test8_validatingflag","And user is able to view the flag details",""
"passed","Tue Apr 14 21:39:18 UTC 2026","Tue Apr 14 21:39:19 UTC 2026","262","HabitNuCoachPortalSuite","HabitNuCoachesPortalRegression-PartB","CoachesPortal.OnsiteUsersListDashboard","CoachesPortal.OnsiteUsersListDashboard","case48","test1 > Given I am logged in as customerAdmin, enroll user but click - N0","test1 > Given I am logged in as customerAdmin, enroll user but click - N0"
"broken","Tue Apr 14 20:51:17 UTC 2026","Tue Apr 14 20:51:32 UTC 2026","15409","HabitNuCoachPortalSuite","HabitNuCoachesPortalRegression-PartA","CoachesPortal.CohortLevelDashboard.CohortLevelDashboardPage","CoachesPortal.CohortLevelDashboard.CohortLevelDashboardPage","case17","Food Category Previous Week Data.",""
"broken","Tue Apr 14 21:09:22 UTC 2026","Tue Apr 14 21:10:03 UTC 2026","40848","HabitNuCoachPortalSuite","HabitNuCoachesPortalRegression-PartA","CoachesPortal.LearnModule.CustomerAdminCourseDocument","CoachesPortal.LearnModule.CustomerAdminCourseDocument","verifyAddUrlTitleLinkRequired","Add Url And Title Required",""
"broken","Tue Apr 14 20:57:23 UTC 2026","Tue Apr 14 20:58:23 UTC 2026","60377","HabitNuCoachPortalSuite","HabitNuCoachesPortalRegression-PartA","CoachesPortal.CohortLevelDashboard.CohortLevelDashboardPage","CoachesPortal.CohortLevelDashboard.CohortLevelDashboardPage","case31","Payer Type graph- tooltip extraction.",""
"failed","Tue Apr 14 23:07:04 UTC 2026","Tue Apr 14 23:07:13 UTC 2026","9097","HabitNuCoachPortalSuite","DifferentTypeOfDashboards","CoachesPortal.CohortLevelDashboard.OnlineCohortDashboard","CoachesPortal.CohortLevelDashboard.OnlineCohortDashboard","fivePercentWeightLossCard","test1 > Given I am logged in as customer admin, I am validating online cohort 'dashboard-card=fivePercentWeightLossCardCount","test1 > Given I am logged in as customer admin, I am validating online cohort 'dashboard-card=fivePercentWeightLossCardCount"
"skipped","Tue Apr 14 23:03:55 UTC 2026","Tue Apr 14 23:03:55 UTC 2026","0","HabitNuCoachPortalSuite","UserDashboard","CoachesPortal.PatientDashboard","CoachesPortal.PatientDashboard","patientWeeklyStatus_WEIGHTS","patientWeeklyStatus_WEIGHTS",""
"passed","Tue Apr 14 21:21:18 UTC 2026","Tue Apr 14 21:21:33 UTC 2026","15461","HabitNuCoachPortalSuite","HabitNuCoachesPortalRegression-PartA","CoachesPortal.DiscussionForumPage","CoachesPortal.DiscussionForumPage","case17","test1 > Given I am logged in as admin, I am validating Upload more than 5 files.- Error.","test1 > Given I am logged in as admin, I am validating Upload more than 5 files.- Error"
"broken","Tue Apr 14 21:14:29 UTC 2026","Tue Apr 14 21:15:09 UTC 2026","40879","HabitNuCoachPortalSuite","HabitNuCoachesPortalRegression-PartA","CoachesPortal.LearnModule.CustomerAdminCourseDocument","CoachesPortal.LearnModule.CustomerAdminCourseDocument","verifyAddOnlyDiscriptionDocument","Add Only Discription And verify documentupload and title Required",""
"broken","Tue Apr 14 22:46:49 UTC 2026","Tue Apr 14 22:47:51 UTC 2026","61906","HabitNuCoachPortalSuite","GroupDPPClassPlanner","CoachesPortal.ClassPlanner","CoachesPortal.ClassPlanner","case22","Activate the class planner - It should activate the class planner",""
"passed","Tue Apr 14 22:43:09 UTC 2026","Tue Apr 14 22:43:26 UTC 2026","16847","HabitNuCoachPortalSuite","LogClassSession","CoachesPortal.LogClassSection","CoachesPortal.LogClassSection","verifyAddWeightAttendanceDateAndPA","Add weight,attendance date and PA",""
"passed","Tue Apr 14 22:20:43 UTC 2026","Tue Apr 14 22:20:53 UTC 2026","9491","HabitNuCoachPortalSuite","Scheduler","CoachesPortal.Schedular","CoachesPortal.Schedular","createAppointment","test3 >  Given I am logged in as admin, and on create appointment page, When I fill in all the required details, Then I should be able to save the appointment","admin login - User should be able to create and save appointment"
"passed","Tue Apr 14 21:24:23 UTC 2026","Tue Apr 14 21:24:33 UTC 2026","9169","HabitNuCoachPortalSuite","HabitNuCoachesPortalRegression-PartA","CoachesPortal.DiscussionForumPage","CoachesPortal.DiscussionForumPage","case11","test1 > Given I am logged in as coach, I am validating File upload- error","test1 > Given I am logged in as coach, I am validating File upload- error"
"broken","Tue Apr 14 22:45:14 UTC 2026","Tue Apr 14 22:46:16 UTC 2026","62290","HabitNuCoachPortalSuite","GroupDPPClassPlanner","CoachesPortal.ClassPlanner","CoachesPortal.ClassPlanner","case2","It should have an Activate button, Add List, and Show Archived.",""
"passed","Tue Apr 14 22:41:26 UTC 2026","Tue Apr 14 22:41:29 UTC 2026","2641","HabitNuCoachPortalSuite","LoginPageCases","CoachesPortal.LoginPageCases","CoachesPortal.LoginPageCases","testLoginWithValidEmailAndInvalidPassword","try login with valid email and invalid password",""
"passed","Tue Apr 14 22:52:53 UTC 2026","Tue Apr 14 22:52:53 UTC 2026","5","HabitNuCoachPortalSuite","GroupDPPClassPlanner","CoachesPortal.ClassPlanner","CoachesPortal.ClassPlanner","case33","validate user is able to view notes",""
"passed","Tue Apr 14 22:21:26 UTC 2026","Tue Apr 14 22:21:26 UTC 2026","0","HabitNuCoachPortalSuite","Scheduler","CoachesPortal.Schedular","CoachesPortal.Schedular","validateInteractionEntries_UpdatedAt","test1 > Given I am logged in as admin, verify group interaction entries are made automatically when meet is attended for min of 1min > Validating field==UpdatedAt","test1 > Given I am logged in as admin, verify group interaction entries are made automatically when meet is attended for min of 1min > Validating field==UpdatedAt"
"broken","Tue Apr 14 22:17:41 UTC 2026","Tue Apr 14 22:18:25 UTC 2026","44035","HabitNuCoachPortalSuite","UserActivities","CoachesPortal.PatientDetails.UserActivitiesBloodSugar","CoachesPortal.PatientDetails.UserActivitiesBloodSugar","verifyUserData_on_coachesPortal","Verify user data added on web on coaches portal",""
"passed","Tue Apr 14 22:55:54 UTC 2026","Tue Apr 14 22:55:55 UTC 2026","479","HabitNuCoachPortalSuite","GeneralContent","CoachesPortal.generalContent_WEb_Coaches","CoachesPortal.generalContent_WEb_Coaches","RedirectToWebForDelete","Redirecting To Web page for delete validation",""
"broken","Tue Apr 14 22:35:47 UTC 2026","Tue Apr 14 22:35:49 UTC 2026","1205","HabitNuCoachPortalSuite","HabitNuCoachesPortalRegression-PartC","CoachesPortal.PatientDetails.PatientProfileImmunizations","CoachesPortal.PatientDetails.PatientProfileImmunizations","deleteImmunization","delete immunization for Ethylen",""
"failed","Tue Apr 14 23:07:27 UTC 2026","Tue Apr 14 23:07:37 UTC 2026","9606","HabitNuCoachPortalSuite","DifferentTypeOfDashboards","CoachesPortal.CohortLevelDashboard.OnlineCohortDashboard","CoachesPortal.CohortLevelDashboard.OnlineCohortDashboard","male_female_card_with_update_to_female","test1 > Given I am logged in as customer admin, I am validating online cohort 'dashboard-card=male_female_card_with_update_to_female","test1 > Given I am logged in as customer admin, I am validating online cohort 'dashboard-card=male_female_card_with_update_to_female"
"passed","Tue Apr 14 22:40:57 UTC 2026","Tue Apr 14 22:41:05 UTC 2026","7903","HabitNuCoachPortalSuite","ProjectPowerDashboard","CoachesPortal.ProjectPowerDashboard","CoachesPortal.ProjectPowerDashboard","verifyDemographicsParticipantCountByState","Demographics page - Participant Count by State",""
"passed","Tue Apr 14 21:20:42 UTC 2026","Tue Apr 14 21:20:43 UTC 2026","1223","HabitNuCoachPortalSuite","HabitNuCoachesPortalRegression-PartA","CoachesPortal.DiscussionForumPage","CoachesPortal.DiscussionForumPage","verifyFileIsOpenedOnClickingViewButton","test1 > Given I am logged in as admin, I am validating verify file opened on clicking view button","test1 > Given I am logged in as admin, I am validating verify file opened on clicking view button"
"broken","Tue Apr 14 22:13:02 UTC 2026","Tue Apr 14 22:13:38 UTC 2026","36556","HabitNuCoachPortalSuite","UserActivities","CoachesPortal.PatientDetails.UserActivitiesBloodPressure","CoachesPortal.PatientDetails.UserActivitiesBloodPressure","verifyUserData_on_coachesPortal","Verify user data added on web on coaches portal",""
"broken","Tue Apr 14 20:59:23 UTC 2026","Tue Apr 14 20:59:23 UTC 2026","65","HabitNuCoachPortalSuite","HabitNuCoachesPortalRegression-PartA","CoachesPortal.CohortLevelDashboard.CohortLevelDashboardPage","CoachesPortal.CohortLevelDashboard.CohortLevelDashboardPage","case33","Logout and Login again as customer admin- all cohort dashboard displayed/not",""
"passed","Tue Apr 14 22:08:40 UTC 2026","Tue Apr 14 22:08:42 UTC 2026","1965","HabitNuCoachPortalSuite","HabitNuCoachesPortalRegression-PartB","CoachesPortal.PatientDetails.PatientProfileDemographic","CoachesPortal.PatientDetails.PatientProfileDemographic","updateAndVerifyOtherDetails","test1 > Given I am logged in as customer admin, updateAndVerifyOtherDetails","test1 > Given I am logged in as customer admin, updateAndVerifyOtherDetails"
"passed","Tue Apr 14 22:39:46 UTC 2026","Tue Apr 14 22:39:46 UTC 2026","77","HabitNuCoachPortalSuite","ProjectPowerDashboard","CoachesPortal.ProjectPowerDashboard","CoachesPortal.ProjectPowerDashboard","verifyCohortWeightLossTrendFor6months","All cohort dashboard for project power - Cohort Weight Loss trend - 6months",""
"passed","Tue Apr 14 21:39:23 UTC 2026","Tue Apr 14 21:39:28 UTC 2026","5441","HabitNuCoachPortalSuite","HabitNuCoachesPortalRegression-PartB","CoachesPortal.OnsiteUsersListDashboard","CoachesPortal.OnsiteUsersListDashboard","case52","test1 > Given I am logged in as customerAdmin, validate 'Show unassigned users' checkbox","test1 > Given I am logged in as customerAdmin, validate 'Show unassigned users' checkbox"
"broken","Tue Apr 14 20:54:20 UTC 2026","Tue Apr 14 20:55:21 UTC 2026","60828","HabitNuCoachPortalSuite","HabitNuCoachesPortalRegression-PartA","CoachesPortal.CohortLevelDashboard.CohortLevelDashboardPage","CoachesPortal.CohortLevelDashboard.CohortLevelDashboardPage","case25","Average BP of Participants graph navigation and extraction of tooltips.",""
"passed","Tue Apr 14 21:01:47 UTC 2026","Tue Apr 14 21:01:51 UTC 2026","4752","HabitNuCoachPortalSuite","HabitNuCoachesPortalRegression-PartA","CoachesPortal.LearnModule.Learn","CoachesPortal.LearnModule.Learn","nocourseconfiguredfortheprogram","No course configured for the program.",""
"broken","Tue Apr 14 21:49:43 UTC 2026","Tue Apr 14 21:50:14 UTC 2026","30412","HabitNuCoachPortalSuite","HabitNuCoachesPortalRegression-PartB","CoachesPortal.PatientDetails.PatientProfileDemographic","CoachesPortal.PatientDetails.PatientProfileDemographic","verifyAddressDetails","test1 > Given I am logged in as coach, verifyAddressDetails","test1 > Given I am logged in as coach, verifyAddressDetails"
"passed","Tue Apr 14 21:30:13 UTC 2026","Tue Apr 14 21:30:14 UTC 2026","1349","HabitNuCoachPortalSuite","HabitNuCoachesPortalRegression-PartA","CoachesPortal.DiscussionForumPage","CoachesPortal.DiscussionForumPage","case19","test1 > Given I am logged in as customerAdmin, I am validating Edit Post- Description only- Success","test1 > Given I am logged in as customerAdmin, I am validating Edit Post- Description only- Success"
"broken","Tue Apr 14 22:03:16 UTC 2026","Tue Apr 14 22:03:46 UTC 2026","30216","HabitNuCoachPortalSuite","HabitNuCoachesPortalRegression-PartB","CoachesPortal.PatientDetails.PatientProfileDemographic","CoachesPortal.PatientDetails.PatientProfileDemographic","updateverifyProgramDetailsWithIsActive","test1 > Given I am logged in as customer admin, update patientId and payertype","test1 > Given I am logged in as customer admin, update patientId and payertype"
"broken","Tue Apr 14 21:13:07 UTC 2026","Tue Apr 14 21:13:07 UTC 2026","64","HabitNuCoachPortalSuite","HabitNuCoachesPortalRegression-PartA","CoachesPortal.LearnModule.CustomerAdminCourseDocument","CoachesPortal.LearnModule.CustomerAdminCourseDocument","verifyAddDocument","Add Document",""
"broken","Tue Apr 14 22:04:59 UTC 2026","Tue Apr 14 22:05:35 UTC 2026","35171","HabitNuCoachPortalSuite","HabitNuCoachesPortalRegression-PartB","CoachesPortal.PatientDetails.PatientProfileDemographic","CoachesPortal.PatientDetails.PatientProfileDemographic","updateDisenrollmentDetails_with_onlyDisenrolledCodeData","test1 > Given I am logged in as customer admin, try updating DisenrollmentDetails with only diseenrolledCode data","test1 > Given I am logged in as customer admin, try updating DisenrollmentDetails with only diseenrolledCode data"
"broken","Tue Apr 14 22:00:30 UTC 2026","Tue Apr 14 22:01:00 UTC 2026","30164","HabitNuCoachPortalSuite","HabitNuCoachesPortalRegression-PartB","CoachesPortal.PatientDetails.PatientProfileDemographic","CoachesPortal.PatientDetails.PatientProfileDemographic","testSelectEmotionalYes","test1 > Given I am logged in as coach, testSelectEmotionalYes","test1 > Given I am logged in as coach, testSelectEmotionalYes"
"passed","Tue Apr 14 23:04:02 UTC 2026","Tue Apr 14 23:04:03 UTC 2026","143","HabitNuCoachPortalSuite","FeatureFlags","CoachesPortal.FeatureFlags","CoachesPortal.FeatureFlags","test2_navigatingadmin","When user is navigating to Admin section ",""
"broken","Tue Apr 14 21:08:41 UTC 2026","Tue Apr 14 21:09:22 UTC 2026","40846","HabitNuCoachPortalSuite","HabitNuCoachesPortalRegression-PartA","CoachesPortal.LearnModule.CustomerAdminCourseDocument","CoachesPortal.LearnModule.CustomerAdminCourseDocument","verifyAddLinkDocument","Add link Document",""
"passed","Tue Apr 14 22:21:26 UTC 2026","Tue Apr 14 22:21:26 UTC 2026","0","HabitNuCoachPortalSuite","Scheduler","CoachesPortal.Schedular","CoachesPortal.Schedular","validateInteractionEntries_Interaction_Type","test1 > Given I am logged in as admin, verify group interaction entries are made automatically when meet is attended for min of 1min > Validating field==Interaction_Typ","test1 > Given I am logged in as admin, verify group interaction entries are made automatically when meet is attended for min of 1min > Validating field==Interaction_Typ"
"broken","Tue Apr 14 21:46:07 UTC 2026","Tue Apr 14 21:46:42 UTC 2026","34946","HabitNuCoachPortalSuite","HabitNuCoachesPortalRegression-PartB","CoachesPortal.PatientDetails.PatientProfileDemographic","CoachesPortal.PatientDetails.PatientProfileDemographic","verifyPersonalDetails","test1 > Given I am logged in as coach, Verify user as Ethelyn in demographic with Personal Details","test1 > Given I am logged in as coach, Verify user as Ethelyn in demographic with Personal Details"
"broken","Tue Apr 14 20:52:19 UTC 2026","Tue Apr 14 20:52:19 UTC 2026","65","HabitNuCoachPortalSuite","HabitNuCoachesPortalRegression-PartA","CoachesPortal.CohortLevelDashboard.CohortLevelDashboardPage","CoachesPortal.CohortLevelDashboard.CohortLevelDashboardPage","case21","Demographics page- Ethinicity, Payer type and Racial Breakdown should be displayed.",""
"passed","Tue Apr 14 21:37:46 UTC 2026","Tue Apr 14 21:37:46 UTC 2026","163","HabitNuCoachPortalSuite","HabitNuCoachesPortalRegression-PartB","CoachesPortal.OnsiteUsersListDashboard","CoachesPortal.OnsiteUsersListDashboard","case22","test1 > Given I am logged in as coach, Actions- Request form survey and Reset password should be displayed.","test1 > Given I am logged in as coach, Actions- Request form survey and Reset password should be displayed."
"passed","Tue Apr 14 21:34:43 UTC 2026","Tue Apr 14 21:34:48 UTC 2026","5176","HabitNuCoachPortalSuite","HabitNuCoachesPortalRegression-PartA","CoachesPortal.DirectMessage","CoachesPortal.DirectMessage","verifyMessageFromChatBox","Verify message sent from Coach in chatbox",""
"passed","Tue Apr 14 21:25:42 UTC 2026","Tue Apr 14 21:25:43 UTC 2026","951","HabitNuCoachPortalSuite","HabitNuCoachesPortalRegression-PartA","CoachesPortal.DiscussionForumPage","CoachesPortal.DiscussionForumPage","case18","test1 > Given I am logged in as coach, I am validating Edit Post- Subject only- Update- Success","test1 > Given I am logged in as coach, I am validating Edit Post- Subject only- Update- Success"
"passed","Tue Apr 14 22:14:28 UTC 2026","Tue Apr 14 22:14:43 UTC 2026","14663","HabitNuCoachPortalSuite","UserActivities","CoachesPortal.PatientDetails.UserActivitiesBloodSugar","CoachesPortal.PatientDetails.UserActivitiesBloodSugar","verifyBloodSugareRequired","Verify bloodsugar required",""
"passed","Tue Apr 14 21:25:43 UTC 2026","Tue Apr 14 21:25:44 UTC 2026","860","HabitNuCoachPortalSuite","HabitNuCoachesPortalRegression-PartA","CoachesPortal.DiscussionForumPage","CoachesPortal.DiscussionForumPage","case19","test1 > Given I am logged in as coach, I am validating Edit Post- Description only- Success","test1 > Given I am logged in as coach, I am validating Edit Post- Description only- Success"
"passed","Tue Apr 14 22:42:53 UTC 2026","Tue Apr 14 22:43:09 UTC 2026","15827","HabitNuCoachPortalSuite","LogClassSession","CoachesPortal.LogClassSection","CoachesPortal.LogClassSection","verifyAddWeightAndAttendanceDate","Add weight and attendance date",""
"passed","Tue Apr 14 22:21:26 UTC 2026","Tue Apr 14 22:21:26 UTC 2026","0","HabitNuCoachPortalSuite","Scheduler","CoachesPortal.Schedular","CoachesPortal.Schedular","validateInteractionEntries_UpdatedBy","test1 > Given I am logged in as admin, verify group interaction entries are made automatically when meet is attended for min of 1min > Validating field==UpdatedBy","test1 > Given I am logged in as admin, verify group interaction entries are made automatically when meet is attended for min of 1min > Validating field==UpdatedBy"
"broken","Tue Apr 14 21:10:44 UTC 2026","Tue Apr 14 21:11:24 UTC 2026","40848","HabitNuCoachPortalSuite","HabitNuCoachesPortalRegression-PartA","CoachesPortal.LearnModule.CustomerAdminCourseDocument","CoachesPortal.LearnModule.CustomerAdminCourseDocument","verifyAddOnlyDiscription","Add Only Discription And verify url and title Required",""
"passed","Tue Apr 14 23:06:11 UTC 2026","Tue Apr 14 23:06:16 UTC 2026","4574","HabitNuCoachPortalSuite","FeatureFlags","CoachesPortal.FeatureFlags","CoachesPortal.FeatureFlags","test19_addrulesforprogram_multipletimes","And user is able to add the rule for program level multiple times",""
"skipped","Tue Apr 14 22:58:10 UTC 2026","Tue Apr 14 22:58:10 UTC 2026","0","HabitNuCoachPortalSuite","Milestones","CoachesPortal.MilestoneModule.SoleraIBCorNDPP","CoachesPortal.MilestoneModule.SoleraIBCorNDPP","test7","Given I have achieved M0 & M1, M2, M3(firstgreen) now, When I achieve Weekly Meaningful Engagement for week4, Then I should be able to achieve Second green for M3",""
"passed","Tue Apr 14 22:54:19 UTC 2026","Tue Apr 14 22:54:41 UTC 2026","22095","HabitNuCoachPortalSuite","GeneralContent","CoachesPortal.generalContent_WEb_Coaches","CoachesPortal.generalContent_WEb_Coaches","case6","Creating tags for Groups",""
"broken","Tue Apr 14 20:55:21 UTC 2026","Tue Apr 14 20:56:21 UTC 2026","60313","HabitNuCoachPortalSuite","HabitNuCoachesPortalRegression-PartA","CoachesPortal.CohortLevelDashboard.CohortLevelDashboardPage","CoachesPortal.CohortLevelDashboard.CohortLevelDashboardPage","case26","Click on Participant in average BP- should navigate to user dashboard.",""
"broken","Tue Apr 14 22:07:32 UTC 2026","Tue Apr 14 22:08:02 UTC 2026","30405","HabitNuCoachPortalSuite","HabitNuCoachesPortalRegression-PartB","CoachesPortal.PatientDetails.PatientProfileDemographic","CoachesPortal.PatientDetails.PatientProfileDemographic","verifyCallDetails","test1 > Given I am logged in as customer admin, verifyCallDetails","test1 > Given I am logged in as customer admin, verifyCallDetails"
"passed","Tue Apr 14 22:41:32 UTC 2026","Tue Apr 14 22:41:36 UTC 2026","3909","HabitNuCoachPortalSuite","LoginPageCases","CoachesPortal.LoginPageCases","CoachesPortal.LoginPageCases","testClickOnForgetPasswordLink","validate forget-password link button",""
"passed","Tue Apr 14 22:46:42 UTC 2026","Tue Apr 14 22:46:49 UTC 2026","7686","HabitNuCoachPortalSuite","GroupDPPClassPlanner","CoachesPortal.ClassPlanner","CoachesPortal.ClassPlanner","case21","There is no Class Planner for this Cohort - before activating class planner",""
"skipped","Tue Apr 14 23:03:55 UTC 2026","Tue Apr 14 23:03:55 UTC 2026","0","HabitNuCoachPortalSuite","UserDashboard","CoachesPortal.PatientDashboard","CoachesPortal.PatientDashboard","Weight_History","Weight_History",""
"failed","Tue Apr 14 22:39:50 UTC 2026","Tue Apr 14 22:39:54 UTC 2026","3668","HabitNuCoachPortalSuite","ProjectPowerDashboard","CoachesPortal.ProjectPowerDashboard","CoachesPortal.ProjectPowerDashboard","verifySDOHPage_HouseHold_Income","Verify SDOH - Household Income chart tooltips",""
"passed","Tue Apr 14 21:37:01 UTC 2026","Tue Apr 14 21:37:02 UTC 2026","458","HabitNuCoachPortalSuite","HabitNuCoachesPortalRegression-PartB","CoachesPortal.OnsiteUsersListDashboard","CoachesPortal.OnsiteUsersListDashboard","case7","test1 > Given I am logged in as coach, Form Survey for cohort- Check for options displayed.","test1 > Given I am logged in as coach, Form Survey for cohort- Check for options displayed."
"passed","Tue Apr 14 22:36:22 UTC 2026","Tue Apr 14 22:36:22 UTC 2026","63","HabitNuCoachPortalSuite","HabitNuCoachesPortalRegression-PartC","CoachesPortal.PatientDetails.PatientProfilePayerType","CoachesPortal.PatientDetails.PatientProfilePayerType","verifyPayerType","verify PayerType for Ethylen",""
"passed","Tue Apr 14 21:05:18 UTC 2026","Tue Apr 14 21:05:42 UTC 2026","24610","HabitNuCoachPortalSuite","HabitNuCoachesPortalRegression-PartA","CoachesPortal.LearnModule.Learn","CoachesPortal.LearnModule.Learn","replaceCourseContent","replace course content",""
"broken","Tue Apr 14 21:44:00 UTC 2026","Tue Apr 14 21:44:30 UTC 2026","30133","HabitNuCoachPortalSuite","HabitNuCoachesPortalRegression-PartB","CoachesPortal.PatientDetails.CommunicationLogsCoachesPortal","CoachesPortal.PatientDetails.CommunicationLogsCoachesPortal","verifyCommunicationLogsWithPush","verifyCommunicationLogsWithPush",""
"passed","Tue Apr 14 22:37:04 UTC 2026","Tue Apr 14 22:37:04 UTC 2026","11","HabitNuCoachPortalSuite","ProjectPowerDashboard","CoachesPortal.ProjectPowerDashboard","CoachesPortal.ProjectPowerDashboard","verifyM1","It should display total number of participants who are confirmed by Coach",""
"passed","Tue Apr 14 22:21:26 UTC 2026","Tue Apr 14 22:21:26 UTC 2026","0","HabitNuCoachPortalSuite","Scheduler","CoachesPortal.Schedular","CoachesPortal.Schedular","validateUserNoInSchedular","test1 > Given I am logged in as admin, verify when user responds to meet with NO, same can be validated by coach in coaches portal in Attended dropdown","test1 > Given I am logged in as admin, verify when user responds to meet with NO, same can be validated by coach in coaches portal in Attended dropdown"
"broken","Tue Apr 14 21:33:58 UTC 2026","Tue Apr 14 21:34:43 UTC 2026","45488","HabitNuCoachPortalSuite","HabitNuCoachesPortalRegression-PartA","CoachesPortal.DirectMessage","CoachesPortal.DirectMessage","verifyDMonWebApp","Verify message on web app by Patient",""
"broken","Tue Apr 14 21:42:15 UTC 2026","Tue Apr 14 21:42:50 UTC 2026","34447","HabitNuCoachPortalSuite","HabitNuCoachesPortalRegression-PartB","CoachesPortal.OnsiteUsersListDashboard","CoachesPortal.OnsiteUsersListDashboard","verifyConfirmed_By_CoachNo","test1 > Given I am logged in as customerAdmin, verifyConfirmed_By_Coach is updated to TRUE when coach update to No from user profile","test1 > Given I am logged in as customerAdmin, verifyConfirmed_By_Coach is updated to TRUE when coach update to No from user profile"
"broken","Tue Apr 14 21:59:00 UTC 2026","Tue Apr 14 21:59:30 UTC 2026","30147","HabitNuCoachPortalSuite","HabitNuCoachesPortalRegression-PartB","CoachesPortal.PatientDetails.PatientProfileDemographic","CoachesPortal.PatientDetails.PatientProfileDemographic","testSelectRememberingUnknown","test1 > Given I am logged in as coach, testSelectRememberingUnknown","test1 > Given I am logged in as coach, testSelectRememberingUnknown"
"passed","Tue Apr 14 21:21:35 UTC 2026","Tue Apr 14 21:21:41 UTC 2026","5762","HabitNuCoachPortalSuite","HabitNuCoachesPortalRegression-PartA","CoachesPortal.DiscussionForumPage","CoachesPortal.DiscussionForumPage","case20","test1 > Given I am logged in as admin, I am validating Edit Post- Upload File","test1 > Given I am logged in as admin, I am validating Edit Post- Upload File"
"broken","Tue Apr 14 21:47:12 UTC 2026","Tue Apr 14 21:47:42 UTC 2026","30214","HabitNuCoachPortalSuite","HabitNuCoachesPortalRegression-PartB","CoachesPortal.PatientDetails.PatientProfileDemographic","CoachesPortal.PatientDetails.PatientProfileDemographic","verifyConfirmed_By_CoachNo","test1 > Given I am logged in as coach, verifyConfirmed_By_Coach by clicking on No","test1 > Given I am logged in as coach, verifyConfirmed_By_Coach by clicking on No"
"passed","Tue Apr 14 22:28:24 UTC 2026","Tue Apr 14 22:28:26 UTC 2026","1585","HabitNuCoachPortalSuite","Paywal","CoachesPortal.payWall","CoachesPortal.payWall","testFilterTransactions","COP-T400: Validate all transaction filters",""
"passed","Tue Apr 14 23:04:04 UTC 2026","Tue Apr 14 23:04:04 UTC 2026","28","HabitNuCoachPortalSuite","FeatureFlags","CoachesPortal.FeatureFlags","CoachesPortal.FeatureFlags","test4_validatingadmin_defaultpage","When user is validating to Admin default section ",""
"skipped","Tue Apr 14 22:29:35 UTC 2026","Tue Apr 14 22:29:35 UTC 2026","0","HabitNuCoachPortalSuite","Paywal","CoachesPortal.payWall","CoachesPortal.payWall","testValidateTransactionEntryAfterSubscription","COP-T411: Validate transaction entry after user subscription",""
"broken","Tue Apr 14 20:49:12 UTC 2026","Tue Apr 14 20:49:28 UTC 2026","15399","HabitNuCoachPortalSuite","HabitNuCoachesPortalRegression-PartA","CoachesPortal.CohortLevelDashboard.CohortLevelDashboardPage","CoachesPortal.CohortLevelDashboard.CohortLevelDashboardPage","case5","Click on graph of a participant- Should open dashboard of that particular participant.",""
"broken","Tue Apr 14 21:48:13 UTC 2026","Tue Apr 14 21:48:43 UTC 2026","30213","HabitNuCoachPortalSuite","HabitNuCoachesPortalRegression-PartB","CoachesPortal.PatientDetails.PatientProfileDemographic","CoachesPortal.PatientDetails.PatientProfileDemographic","updateverifyProgramDetailsWithIsActive","test1 > Given I am logged in as coach, update patientId and payertype","test1 > Given I am logged in as coach, update patientId and payertype"
"passed","Tue Apr 14 21:37:18 UTC 2026","Tue Apr 14 21:37:19 UTC 2026","678","HabitNuCoachPortalSuite","HabitNuCoachesPortalRegression-PartB","CoachesPortal.OnsiteUsersListDashboard","CoachesPortal.OnsiteUsersListDashboard","case11","test1 > Given I am logged in as coach, Choose Cohort- Form survey- SDOH- No form configured. Please contact admin.","test1 > Given I am logged in as coach, Choose Cohort- Form survey- SDOH- No form configured. Please contact admin."
"passed","Tue Apr 14 21:37:46 UTC 2026","Tue Apr 14 21:38:25 UTC 2026","38061","HabitNuCoachPortalSuite","HabitNuCoachesPortalRegression-PartB","CoachesPortal.OnsiteUsersListDashboard","CoachesPortal.OnsiteUsersListDashboard","case29","test1 > Given I am logged in as customerAdmin, Given I am logged in as customerAdmin, validate userList as customerAdmin","test1 > Given I am logged in as customerAdmin, Given I am logged in as customerAdmin, validate userList as customerAdmin"
"passed","Tue Apr 14 23:06:31 UTC 2026","Tue Apr 14 23:06:31 UTC 2026","742","HabitNuCoachPortalSuite","ParticipationsTable","CoachesPortal.participations","CoachesPortal.participations","test8_navigatingnextpage","And user is navigating to second page and user can come back to previous page",""
"broken","Tue Apr 14 22:18:57 UTC 2026","Tue Apr 14 22:19:17 UTC 2026","20464","HabitNuCoachPortalSuite","UserActivities","CoachesPortal.PatientDetails.UserActivitiesTobacco","CoachesPortal.PatientDetails.UserActivitiesTobacco","verifyCurrentAndYesterdayBPDataInCoachesPortal","Verify current and yesterday tobacco in coaches and webportal",""
"failed","Tue Apr 14 23:08:37 UTC 2026","Tue Apr 14 23:08:40 UTC 2026","2297","HabitNuCoachPortalSuite","DifferentTypeOfDashboards","CoachesPortal.CohortLevelDashboard.OnlineCohortDashboard","CoachesPortal.CohortLevelDashboard.OnlineCohortDashboard","activeParticipants","test1 > Given I am logged in as coach, I am validating online cohort 'dashboard-card=activeParticipants","test1 > Given I am logged in as coach, I am validating online cohort 'dashboard-card=activeParticipants"
"skipped","Tue Apr 14 22:58:10 UTC 2026","Tue Apr 14 22:58:10 UTC 2026","0","HabitNuCoachPortalSuite","Milestones","CoachesPortal.MilestoneModule.SoleraIBCorNDPP","CoachesPortal.MilestoneModule.SoleraIBCorNDPP","test8","Given I have achieved M0 & M1, M2, M3(firstgreen), M3(secondgreen) now, When I achieve Weekly Meaningful Engagement for week5, Then I should be able to achieve M4",""
"passed","Tue Apr 14 21:39:19 UTC 2026","Tue Apr 14 21:39:19 UTC 2026","245","HabitNuCoachPortalSuite","HabitNuCoachesPortalRegression-PartB","CoachesPortal.OnsiteUsersListDashboard","CoachesPortal.OnsiteUsersListDashboard","case49","test1 > Given I am logged in as customerAdmin, enroll user but click - YES","test1 > Given I am logged in as customerAdmin, enroll user but click - YES"
"failed","Tue Apr 14 23:08:15 UTC 2026","Tue Apr 14 23:08:27 UTC 2026","12067","HabitNuCoachPortalSuite","DifferentTypeOfDashboards","CoachesPortal.CohortLevelDashboard.OnlineCohortDashboard","CoachesPortal.CohortLevelDashboard.OnlineCohortDashboard","fivePercentWeightLossCard_forUserWeight","test1 > Given I am logged in as coach, I am validating online cohort 'dashboard-card=fivePercentWeightLossCardCount, when user adds weight","test1 > Given I am logged in as coach, I am validating online cohort 'dashboard-card=fivePercentWeightLossCardCount, when user adds weight"
"passed","Tue Apr 14 21:00:40 UTC 2026","Tue Apr 14 21:00:43 UTC 2026","3227","HabitNuCoachPortalSuite","HabitNuCoachesPortalRegression-PartA","CoachesPortal.LearnModule.Learn","CoachesPortal.LearnModule.Learn","checkDefaultCourseInfoMessage","add course to the cohort",""
"passed","Tue Apr 14 22:28:03 UTC 2026","Tue Apr 14 22:28:05 UTC 2026","2424","HabitNuCoachPortalSuite","Paywal","CoachesPortal.payWall","CoachesPortal.payWall","testViewAllTransactionsPage","COP-T400: View all transactions and validate page layout",""
"passed","Tue Apr 14 23:12:18 UTC 2026","Tue Apr 14 23:12:18 UTC 2026","42","HabitNuCoachPortalSuite","DifferentTypeOfDashboards","CoachesPortal.CohortLevelDashboard.DSMEDashboardCoachesPortal","CoachesPortal.CohortLevelDashboard.DSMEDashboardCoachesPortal","test17_verifyWeightLossByPatientsWithAllDefaultOption","Verify Weight Loss by Patients Should be selected by dropdownCard with all as default option",""
"passed","Tue Apr 14 22:21:26 UTC 2026","Tue Apr 14 22:21:26 UTC 2026","0","HabitNuCoachPortalSuite","Scheduler","CoachesPortal.Schedular","CoachesPortal.Schedular","validateInteractionEntries_Claimed","test1 > Given I am logged in as admin, verify group interaction entries are made automatically when meet is attended for min of 1min > Validating field==Claimed","test1 > Given I am logged in as admin, verify group interaction entries are made automatically when meet is attended for min of 1min > Validating field==Claimed"
"passed","Tue Apr 14 21:36:04 UTC 2026","Tue Apr 14 21:36:07 UTC 2026","3053","HabitNuCoachPortalSuite","HabitNuCoachesPortalRegression-PartA","CoachesPortal.DirectMessage","CoachesPortal.DirectMessage","message_div_colorCode_afterMessageSent","Verify deleting message box",""
"passed","Tue Apr 14 21:00:24 UTC 2026","Tue Apr 14 21:00:30 UTC 2026","6481","HabitNuCoachPortalSuite","HabitNuCoachesPortalRegression-PartA","CoachesPortal.LearnModule.Learn","CoachesPortal.LearnModule.Learn","accessCourseContentFromCoachesPortal","access the course content to verify",""
"passed","Tue Apr 14 21:37:44 UTC 2026","Tue Apr 14 21:37:46 UTC 2026","1663","HabitNuCoachPortalSuite","HabitNuCoachesPortalRegression-PartB","CoachesPortal.OnsiteUsersListDashboard","CoachesPortal.OnsiteUsersListDashboard","case21","test1 > Given I am logged in as coach, Disenroll pop up is displayed when tried to disenrol user","test1 > Given I am logged in as coach, Disenroll pop up is displayed when tried to disenrol user"
"skipped","Tue Apr 14 23:03:55 UTC 2026","Tue Apr 14 23:03:55 UTC 2026","0","HabitNuCoachPortalSuite","UserDashboard","CoachesPortal.PatientDashboard","CoachesPortal.PatientDashboard","videoActivity","videoActivity",""
"broken","Tue Apr 14 22:06:51 UTC 2026","Tue Apr 14 22:07:32 UTC 2026","40301","HabitNuCoachPortalSuite","HabitNuCoachesPortalRegression-PartB","CoachesPortal.PatientDetails.PatientProfileDemographic","CoachesPortal.PatientDetails.PatientProfileDemographic","updateDisenrollmentDetails_with_DisenrolledCode_and_date","test1 > Given I am logged in as customer admin, try updating DisenrollmentDetails with only diseenrolledCode & Date","test1 > Given I am logged in as customer admin, try updating DisenrollmentDetails with only diseenrolledCode & Date"
"passed","Tue Apr 14 22:59:02 UTC 2026","Tue Apr 14 22:59:11 UTC 2026","8705","HabitNuCoachPortalSuite","Milestones","CoachesPortal.BPSMMilestone","CoachesPortal.BPSMMilestone","test1_navigatingcoach","Given user is navigating to coaches portal",""
"failed","Tue Apr 14 23:09:59 UTC 2026","Tue Apr 14 23:09:59 UTC 2026","98","HabitNuCoachPortalSuite","DifferentTypeOfDashboards","CoachesPortal.CohortLevelDashboard.OnsiteCohortDashboard","CoachesPortal.CohortLevelDashboard.OnsiteCohortDashboard","AttendanceByparticipantsGraph","test1 > Given I am logged in as coach, I am validating onsite cohort 'AttendanceByparticipantsGraph","test1 > Given I am logged in as coach, I am validating onsite cohort 'AttendanceByparticipantsGraph"
"passed","Tue Apr 14 22:42:33 UTC 2026","Tue Apr 14 22:42:38 UTC 2026","5613","HabitNuCoachPortalSuite","LogClassSession","CoachesPortal.LogClassSection","CoachesPortal.LogClassSection","verifyAddOnlyMUP","Add Only MUP",""
"passed","Tue Apr 14 22:42:48 UTC 2026","Tue Apr 14 22:42:53 UTC 2026","5513","HabitNuCoachPortalSuite","LogClassSession","CoachesPortal.LogClassSection","CoachesPortal.LogClassSection","verifyMaxValueinWeightNotAllowed","entering 1000 Value in weight should limit to 3 chars which is 100",""
"failed","Tue Apr 14 22:27:38 UTC 2026","Tue Apr 14 22:27:39 UTC 2026","1008","HabitNuCoachPortalSuite","Paywal","CoachesPortal.payWall","CoachesPortal.payWall","testViewSubscriptionDetails","COP-T396: View subscription details",""
"passed","Tue Apr 14 21:24:16 UTC 2026","Tue Apr 14 21:24:17 UTC 2026","898","HabitNuCoachPortalSuite","HabitNuCoachesPortalRegression-PartA","CoachesPortal.DiscussionForumPage","CoachesPortal.DiscussionForumPage","case2","test1 > Given I am logged in as coach, I am validating Discussions- All elements check","test1 > Given I am logged in as coach, I am validating Discussions- All elements check"
"passed","Tue Apr 14 22:54:48 UTC 2026","Tue Apr 14 22:54:51 UTC 2026","2433","HabitNuCoachPortalSuite","GeneralContent","CoachesPortal.generalContent_WEb_Coaches","CoachesPortal.generalContent_WEb_Coaches","RedirectToWeb","Redirecting To Web page",""
"passed","Tue Apr 14 22:28:14 UTC 2026","Tue Apr 14 22:28:15 UTC 2026","1593","HabitNuCoachPortalSuite","Paywal","CoachesPortal.payWall","CoachesPortal.payWall","testFilterTransactions","COP-T400: Validate all transaction filters",""
"passed","Tue Apr 14 22:57:18 UTC 2026","Tue Apr 14 22:57:34 UTC 2026","15297","HabitNuCoachPortalSuite","Milestones","CoachesPortal.MilestoneModule.SoleraIBCorNDPP","CoachesPortal.MilestoneModule.SoleraIBCorNDPP","test3","Given I am on the Name/SID column, When I click the downward arrow, Then the names should be displayed in ascending order",""
"passed","Tue Apr 14 21:28:47 UTC 2026","Tue Apr 14 21:28:48 UTC 2026","903","HabitNuCoachPortalSuite","HabitNuCoachesPortalRegression-PartA","CoachesPortal.DiscussionForumPage","CoachesPortal.DiscussionForumPage","case2","test1 > Given I am logged in as customerAdmin, I am validating Discussions- All elements check","test1 > Given I am logged in as customerAdmin, I am validating Discussions- All elements check"
"passed","Tue Apr 14 21:00:19 UTC 2026","Tue Apr 14 21:00:24 UTC 2026","4740","HabitNuCoachPortalSuite","HabitNuCoachesPortalRegression-PartA","CoachesPortal.LearnModule.Learn","CoachesPortal.LearnModule.Learn","letsPublishCourseNow","publish the course",""
"broken","Tue Apr 14 20:50:45 UTC 2026","Tue Apr 14 20:51:02 UTC 2026","16883","HabitNuCoachPortalSuite","HabitNuCoachesPortalRegression-PartA","CoachesPortal.CohortLevelDashboard.CohortLevelDashboardPage","CoachesPortal.CohortLevelDashboard.CohortLevelDashboardPage","case12","Food category - Displayed/Not Displayed.",""
"passed","Tue Apr 14 21:01:51 UTC 2026","Tue Apr 14 21:02:10 UTC 2026","18271","HabitNuCoachPortalSuite","HabitNuCoachesPortalRegression-PartA","CoachesPortal.LearnModule.Learn","CoachesPortal.LearnModule.Learn","loginAsAdmin","No course configured for the program.",""
"passed","Tue Apr 14 21:24:52 UTC 2026","Tue Apr 14 21:24:56 UTC 2026","4120","HabitNuCoachPortalSuite","HabitNuCoachesPortalRegression-PartA","CoachesPortal.DiscussionForumPage","CoachesPortal.DiscussionForumPage","case14","test1 > Given I am logged in as coach, I am validating File upload-error ","test1 > Given I am logged in as coach, I am validating File upload-error "
"broken","Tue Apr 14 20:59:23 UTC 2026","Tue Apr 14 20:59:23 UTC 2026","65","HabitNuCoachPortalSuite","HabitNuCoachesPortalRegression-PartA","CoachesPortal.CohortLevelDashboard.CohortLevelDashboardPage","CoachesPortal.CohortLevelDashboard.CohortLevelDashboardPage","case34","Extracting values of Registered, In cohort, pending users,active users,disenrolled,male/felmale.",""
"passed","Tue Apr 14 21:39:15 UTC 2026","Tue Apr 14 21:39:15 UTC 2026","164","HabitNuCoachPortalSuite","HabitNuCoachesPortalRegression-PartB","CoachesPortal.OnsiteUsersListDashboard","CoachesPortal.OnsiteUsersListDashboard","case46","test1 > Given I am logged in as customerAdmin, hover over milestone dot to validate disenrolled state text","test1 > Given I am logged in as customerAdmin, hover over milestone dot to validate disenrolled state text"
"skipped","Tue Apr 14 23:03:55 UTC 2026","Tue Apr 14 23:03:55 UTC 2026","0","HabitNuCoachPortalSuite","UserDashboard","CoachesPortal.PatientDashboard","CoachesPortal.PatientDashboard","goToUserDashboard","goToUserDashboard",""
"passed","Tue Apr 14 21:06:50 UTC 2026","Tue Apr 14 21:06:50 UTC 2026","155","HabitNuCoachPortalSuite","HabitNuCoachesPortalRegression-PartA","CoachesPortal.LearnModule.Learn","CoachesPortal.LearnModule.Learn","editByDisablingDeliveryMode","verify 'Please enable atleast one delivery mode.'",""
"passed","Tue Apr 14 22:19:17 UTC 2026","Tue Apr 14 22:19:18 UTC 2026","488","HabitNuCoachPortalSuite","UserActivities","CoachesPortal.PatientDetails.UserActivitiesTobacco","CoachesPortal.PatientDetails.UserActivitiesTobacco","verifyUser_isNot_allowed_edit_coachAddedData","Verify user is not allowed to edit data added by coaches",""
"passed","Tue Apr 14 23:06:16 UTC 2026","Tue Apr 14 23:06:16 UTC 2026","44","HabitNuCoachPortalSuite","FeatureFlags","CoachesPortal.FeatureFlags","CoachesPortal.FeatureFlags","test20_deleteuser","delete rule",""
"passed","Tue Apr 14 23:01:39 UTC 2026","Tue Apr 14 23:01:44 UTC 2026","4872","HabitNuCoachPortalSuite","Milestones","CoachesPortal.VAMilestone","CoachesPortal.VAMilestone","test16_validating_VAHeaders_data","And user is validating to VAHeaders data by clicking arrow button",""
"passed","Tue Apr 14 21:24:15 UTC 2026","Tue Apr 14 21:24:16 UTC 2026","1172","HabitNuCoachPortalSuite","HabitNuCoachesPortalRegression-PartA","CoachesPortal.DiscussionForumPage","CoachesPortal.DiscussionForumPage","case1","test1 > Given I am logged in as coach, I am validating Coaches - Discussions module","test1 > Given I am logged in as coach, I am validating - Discussions module"
"passed","Tue Apr 14 20:59:31 UTC 2026","Tue Apr 14 20:59:32 UTC 2026","551","HabitNuCoachPortalSuite","HabitNuCoachesPortalRegression-PartA","CoachesPortal.LearnModule.Learn","CoachesPortal.LearnModule.Learn","checkToastMessage","to verify toast message when no content is added to the course",""
"passed","Tue Apr 14 20:59:38 UTC 2026","Tue Apr 14 20:59:43 UTC 2026","5194","HabitNuCoachPortalSuite","HabitNuCoachesPortalRegression-PartA","CoachesPortal.LearnModule.Learn","CoachesPortal.LearnModule.Learn","verifyChapterActions","Verify chapter Actions on hovering shows all the buttons",""
"passed","Tue Apr 14 23:15:19 UTC 2026","Tue Apr 14 23:16:04 UTC 2026","45684","HabitNuCoachPortalSuite","DifferentTypeOfDashboards","CoachesPortal.CohortLevelDashboard.ParticipantsProgressTracker","CoachesPortal.CohortLevelDashboard.ParticipantsProgressTracker","test7_Activate_Session","And user is able to activate the session.",""
"broken","Tue Apr 14 22:49:53 UTC 2026","Tue Apr 14 22:50:53 UTC 2026","60198","HabitNuCoachPortalSuite","GroupDPPClassPlanner","CoachesPortal.ClassPlanner","CoachesPortal.ClassPlanner","case26","Edit (lock)button of class planner in cohort by editing card from user dashboard",""
"passed","Tue Apr 14 21:21:45 UTC 2026","Tue Apr 14 21:21:51 UTC 2026","5778","HabitNuCoachPortalSuite","HabitNuCoachesPortalRegression-PartA","CoachesPortal.DiscussionForumPage","CoachesPortal.DiscussionForumPage","case25","test1 > Given I am logged in as admin, I am validating Comment on pinned post.","test1 > Given I am logged in as admin, I am validating Comment on pinned post."
"broken","Tue Apr 14 20:51:17 UTC 2026","Tue Apr 14 20:51:17 UTC 2026","82","HabitNuCoachPortalSuite","HabitNuCoachesPortalRegression-PartA","CoachesPortal.CohortLevelDashboard.CohortLevelDashboardPage","CoachesPortal.CohortLevelDashboard.CohortLevelDashboardPage","case16","Nutrition Details Displayed Successfully Test Case.",""
"broken","Tue Apr 14 22:05:35 UTC 2026","Tue Apr 14 22:06:13 UTC 2026","38391","HabitNuCoachPortalSuite","HabitNuCoachesPortalRegression-PartB","CoachesPortal.PatientDetails.PatientProfileDemographic","CoachesPortal.PatientDetails.PatientProfileDemographic","updateDisenrollmentDetails_with_onlyDisenrolledDateData","test1 > Given I am logged in as customer admin, try updating DisenrollmentDetails with only diseenrolledDate data","test1 > Given I am logged in as customer admin, try updating DisenrollmentDetails with only diseenrolledDate data"
"passed","Tue Apr 14 22:41:13 UTC 2026","Tue Apr 14 22:41:16 UTC 2026","2524","HabitNuCoachPortalSuite","LoginPageCases","CoachesPortal.LoginPageCases","CoachesPortal.LoginPageCases","testRestpasswordCase1","validate users be able to reset password, while doing so entering passwords that matches with previous ones ",""
"broken","Tue Apr 14 20:49:59 UTC 2026","Tue Apr 14 20:50:14 UTC 2026","15407","HabitNuCoachPortalSuite","HabitNuCoachesPortalRegression-PartA","CoachesPortal.CohortLevelDashboard.CohortLevelDashboardPage","CoachesPortal.CohortLevelDashboard.CohortLevelDashboardPage","case9","Weekly Engagement- 12 week, year and custom date test case.",""
"passed","Tue Apr 14 22:55:41 UTC 2026","Tue Apr 14 22:55:42 UTC 2026","170","HabitNuCoachPortalSuite","GeneralContent","CoachesPortal.generalContent_WEb_Coaches","CoachesPortal.generalContent_WEb_Coaches","RedirectToCoaches","Redirecting To Coaches page",""
"failed","Tue Apr 14 23:08:44 UTC 2026","Tue Apr 14 23:08:49 UTC 2026","4832","HabitNuCoachPortalSuite","DifferentTypeOfDashboards","CoachesPortal.CohortLevelDashboard.OnlineCohortDashboard","CoachesPortal.CohortLevelDashboard.OnlineCohortDashboard","coachInteractionGraph","test1 > Given I am logged in as coach, I am validating online cohort 'coachInteractionGraph","test1 > Given I am logged in as coach, I am validating online cohort 'coachInteractionGraph"
"skipped","Tue Apr 14 23:03:55 UTC 2026","Tue Apr 14 23:03:55 UTC 2026","0","HabitNuCoachPortalSuite","UserDashboard","CoachesPortal.PatientDashboard","CoachesPortal.PatientDashboard","patientWeeklyStatus_GroupClasses","patientWeeklyStatus_GroupClasses",""
"passed","Tue Apr 14 22:20:53 UTC 2026","Tue Apr 14 22:21:01 UTC 2026","8580","HabitNuCoachPortalSuite","Scheduler","CoachesPortal.Schedular","CoachesPortal.Schedular","editAppointment","test4 >  Given I am logged in as admin, and on time slot page, When I click on created appointment, Then I should be able to see edit appointment page with edit button, When I click on it and edit details, Then I should be able to save it","admin login - User should be able to edit and save appointment"
"passed","Tue Apr 14 23:00:29 UTC 2026","Tue Apr 14 23:00:29 UTC 2026","133","HabitNuCoachPortalSuite","Milestones","CoachesPortal.VAMilestone","CoachesPortal.VAMilestone","test6_validating_Headers","And user is validating headers",""
"passed","Tue Apr 14 22:21:06 UTC 2026","Tue Apr 14 22:21:18 UTC 2026","11832","HabitNuCoachPortalSuite","Scheduler","CoachesPortal.Schedular","CoachesPortal.Schedular","rescheduleMeeting","test6 >  Given I am logged in as admin, and on time slot page, When I click on created appointment, Then I should see Reschedule button, When I click on it and submit details, Then I should be able to save it","admin login - User should be able to reschedule appointment"
"passed","Tue Apr 14 20:59:43 UTC 2026","Tue Apr 14 21:00:13 UTC 2026","29276","HabitNuCoachPortalSuite","HabitNuCoachesPortalRegression-PartA","CoachesPortal.LearnModule.Learn","CoachesPortal.LearnModule.Learn","createContentToTheCourse","create content to the course",""
"passed","Tue Apr 14 22:41:49 UTC 2026","Tue Apr 14 22:41:50 UTC 2026","725","HabitNuCoachPortalSuite","LogClassSession","CoachesPortal.LogClassSection","CoachesPortal.LogClassSection","addDataLogClassSectionWithPatient","Add data in Log Class Section With Patient",""
"broken","Tue Apr 14 21:34:48 UTC 2026","Tue Apr 14 21:36:04 UTC 2026","75662","HabitNuCoachPortalSuite","HabitNuCoachesPortalRegression-PartA","CoachesPortal.DirectMessage","CoachesPortal.DirectMessage","sendMessageToCoach","Verify message sent from Web app on Coaches",""
"passed","Tue Apr 14 22:10:18 UTC 2026","Tue Apr 14 22:10:28 UTC 2026","10421","HabitNuCoachPortalSuite","HabitNuCoachesPortalRegression-PartB","CoachesPortal.PatientDetails.PatientProfileDemographic","CoachesPortal.PatientDetails.PatientProfileDemographic","updateCurrentGender","test1 > Given I am logged in as customer admin, Current Gender","test1 > Given I am logged in as customer admin, Current Gender"
"passed","Tue Apr 14 22:55:43 UTC 2026","Tue Apr 14 22:55:54 UTC 2026","11435","HabitNuCoachPortalSuite","GeneralContent","CoachesPortal.generalContent_WEb_Coaches","CoachesPortal.generalContent_WEb_Coaches","deleteGroup","Deleting Groups",""
"broken","Tue Apr 14 21:17:33 UTC 2026","Tue Apr 14 21:17:54 UTC 2026","20747","HabitNuCoachPortalSuite","HabitNuCoachesPortalRegression-PartA","CoachesPortal.LearnModule.CustomerAdminCourseDocument","CoachesPortal.LearnModule.CustomerAdminCourseDocument","verifyAddVideoUploadRequired","Add Video upload Required",""
"passed","Tue Apr 14 22:21:49 UTC 2026","Tue Apr 14 22:21:59 UTC 2026","10050","HabitNuCoachPortalSuite","Scheduler","CoachesPortal.Schedular","CoachesPortal.Schedular","editAppointment","test4 >  Given I am logged in as coach, and on time slot page, When I click on created appointment, Then I should be able to see edit appointment page with edit button, When I click on it and edit details, Then I should be able to save it","coach login - User should be able to edit and save appointment"
"passed","Tue Apr 14 22:54:07 UTC 2026","Tue Apr 14 22:54:19 UTC 2026","12861","HabitNuCoachPortalSuite","GeneralContent","CoachesPortal.generalContent_WEb_Coaches","CoachesPortal.generalContent_WEb_Coaches","Case5_selectRandomVideoTags","Selecting Random Video Tags for Video",""
"passed","Tue Apr 14 22:12:55 UTC 2026","Tue Apr 14 22:13:00 UTC 2026","4836","HabitNuCoachPortalSuite","UserActivities","CoachesPortal.PatientDetails.UserActivitiesBloodPressure","CoachesPortal.PatientDetails.UserActivitiesBloodPressure","verifyYesterdayBPDataInCoachesPortal","Add yesterday date blood pressure",""
"passed","Tue Apr 14 21:36:59 UTC 2026","Tue Apr 14 21:37:00 UTC 2026","793","HabitNuCoachPortalSuite","HabitNuCoachesPortalRegression-PartB","CoachesPortal.OnsiteUsersListDashboard","CoachesPortal.OnsiteUsersListDashboard","case4","test1 > Given I am logged in as coach, Seach user by name.","test1 > Given I am logged in as coach, Seach user by name."
"passed","Tue Apr 14 21:21:33 UTC 2026","Tue Apr 14 21:21:34 UTC 2026","980","HabitNuCoachPortalSuite","HabitNuCoachesPortalRegression-PartA","CoachesPortal.DiscussionForumPage","CoachesPortal.DiscussionForumPage","case18","test1 > Given I am logged in as admin, I am validating Edit Post- Subject only- Update- Success","test1 > Given I am logged in as admin, I am validating Edit Post- Subject only- Update- Success"
"broken","Tue Apr 14 20:58:23 UTC 2026","Tue Apr 14 20:59:23 UTC 2026","60309","HabitNuCoachPortalSuite","HabitNuCoachesPortalRegression-PartA","CoachesPortal.CohortLevelDashboard.CohortLevelDashboardPage","CoachesPortal.CohortLevelDashboard.CohortLevelDashboardPage","case32","Racial Breakdown graph- tooltip extraction.",""
"broken","Tue Apr 14 22:25:38 UTC 2026","Tue Apr 14 22:25:38 UTC 2026","98","HabitNuCoachPortalSuite","Scheduler","CoachesPortal.Schedular","CoachesPortal.Schedular","validateInteractionEntries_UpdatedAt","test1 > Given I am logged in as coach, verify group interaction entries are made automatically when meet is attended for min of 1min > Validating field==UpdatedAt","test1 > Given I am logged in as coach, verify group interaction entries are made automatically when meet is attended for min of 1min > Validating field==UpdatedAt"
"broken","Tue Apr 14 22:14:53 UTC 2026","Tue Apr 14 22:15:31 UTC 2026","37565","HabitNuCoachPortalSuite","UserActivities","CoachesPortal.PatientDetails.UserActivitiesBloodSugar","CoachesPortal.PatientDetails.UserActivitiesBloodSugar","verifyBloodSugarInCoachPortal","Verify user as Ethelyn in useractivities tab added current date blood sugar fasting ,before meal and after meal",""
"passed","Tue Apr 14 21:37:01 UTC 2026","Tue Apr 14 21:37:01 UTC 2026","798","HabitNuCoachPortalSuite","HabitNuCoachesPortalRegression-PartB","CoachesPortal.OnsiteUsersListDashboard","CoachesPortal.OnsiteUsersListDashboard","case6","test1 > Given I am logged in as coach, Seach user by ID.","test1 > Given I am logged in as coach, Seach user by ID."
"passed","Tue Apr 14 22:08:42 UTC 2026","Tue Apr 14 22:08:42 UTC 2026","219","HabitNuCoachPortalSuite","HabitNuCoachesPortalRegression-PartB","CoachesPortal.PatientDetails.PatientProfileDemographic","CoachesPortal.PatientDetails.PatientProfileDemographic","testSelectHearingYes","test1 > Given I am logged in as customer admin, testSelectHearingYes","test1 > Given I am logged in as customer admin, testSelectHearingYes"
"passed","Tue Apr 14 22:01:00 UTC 2026","Tue Apr 14 22:01:00 UTC 2026","5","HabitNuCoachPortalSuite","HabitNuCoachesPortalRegression-PartB","CoachesPortal.PatientDetails.PatientProfileDemographic","CoachesPortal.PatientDetails.PatientProfileDemographic","updateMiddleName","test1 > Given I am logged in as coach, Middle Name","test1 > Given I am logged in as coach, Middle Name"
"failed","Tue Apr 14 22:27:28 UTC 2026","Tue Apr 14 22:27:29 UTC 2026","1346","HabitNuCoachPortalSuite","Paywal","CoachesPortal.payWall","CoachesPortal.payWall","testVerifySyncStatusIsDisplayedOnPlanDetails","COP-T391: Verify Sync Status is displayed on the Plan Details page",""
"passed","Tue Apr 14 21:38:44 UTC 2026","Tue Apr 14 21:38:45 UTC 2026","1274","HabitNuCoachPortalSuite","HabitNuCoachesPortalRegression-PartB","CoachesPortal.OnsiteUsersListDashboard","CoachesPortal.OnsiteUsersListDashboard","case35","test1 > Given I am logged in as customerAdmin, Remove Cohort for a user.","test1 > Given I am logged in as customerAdmin, Remove Cohort for a user."
"skipped","Tue Apr 14 22:58:10 UTC 2026","Tue Apr 14 22:58:10 UTC 2026","0","HabitNuCoachPortalSuite","Milestones","CoachesPortal.MilestoneModule.SoleraIBCorNDPP","CoachesPortal.MilestoneModule.SoleraIBCorNDPP","test10","Given I have achieved M0 & M1, M2, M3, M4, M5(1stgreen), When I achieve Weekly Meaningful Engagement for week7, Then I should be able to achieve M5(secondgreen)",""
"broken","Tue Apr 14 22:44:49 UTC 2026","Tue Apr 14 22:45:03 UTC 2026","13516","HabitNuCoachPortalSuite","LogClassSession","CoachesPortal.LogClassSection","CoachesPortal.LogClassSection","verifylogClassDataonDashboard_WeightHistory","Add weight,attendance date and PA And LF And MUP In Distance Learning",""
"broken","Tue Apr 14 21:18:56 UTC 2026","Tue Apr 14 21:19:17 UTC 2026","20732","HabitNuCoachPortalSuite","HabitNuCoachesPortalRegression-PartA","CoachesPortal.LearnModule.CustomerAdminCourseDocument","CoachesPortal.LearnModule.CustomerAdminCourseDocument","verifyDocuentVideoEditAndSave","Video Edit and Save",""
"broken","Tue Apr 14 21:42:50 UTC 2026","Tue Apr 14 21:43:30 UTC 2026","40429","HabitNuCoachPortalSuite","HabitNuCoachesPortalRegression-PartB","CoachesPortal.PatientDetails.CommunicationLogsCoachesPortal","CoachesPortal.PatientDetails.CommunicationLogsCoachesPortal","verifyCommunicationLogsWithSMS","verifyCommunicationLogsWithSMS",""
"broken","Tue Apr 14 22:36:53 UTC 2026","Tue Apr 14 22:36:55 UTC 2026","1208","HabitNuCoachPortalSuite","HabitNuCoachesPortalRegression-PartC","CoachesPortal.PatientDetails.PatientProfileHealthProviders","CoachesPortal.PatientDetails.PatientProfileHealthProviders","deleteHealthProvider","delete HealthProvider for Ethylen",""
"passed","Tue Apr 14 22:39:46 UTC 2026","Tue Apr 14 22:39:46 UTC 2026","18","HabitNuCoachPortalSuite","ProjectPowerDashboard","CoachesPortal.ProjectPowerDashboard","CoachesPortal.ProjectPowerDashboard","verifyCohortWeightLossTrendFor3months","All cohort dashboard for project power - Cohort Weight Loss trend - 3months",""
"passed","Tue Apr 14 22:46:41 UTC 2026","Tue Apr 14 22:46:41 UTC 2026","115","HabitNuCoachPortalSuite","GroupDPPClassPlanner","CoachesPortal.ClassPlanner","CoachesPortal.ClassPlanner","case18","Click on Lock button",""
"failed","Tue Apr 14 23:09:33 UTC 2026","Tue Apr 14 23:09:40 UTC 2026","6709","HabitNuCoachPortalSuite","DifferentTypeOfDashboards","CoachesPortal.CohortLevelDashboard.OnsiteCohortDashboard","CoachesPortal.CohortLevelDashboard.OnsiteCohortDashboard","case7","test1 > Given I am logged in as coach, I am validating onsite cohort 'Weight Loss By Participants validation on graph with ALL option, when user adds weightt","test1 > Given I am logged in as coach, I am validating onsite cohort 'Weight Loss By Participants validation on graph with ALL option, when user adds weightt"
"failed","Tue Apr 14 23:11:53 UTC 2026","Tue Apr 14 23:12:06 UTC 2026","13537","HabitNuCoachPortalSuite","DifferentTypeOfDashboards","CoachesPortal.CohortLevelDashboard.DSMEDashboardCoachesPortal","CoachesPortal.CohortLevelDashboard.DSMEDashboardCoachesPortal","test9_All","And user is validating All",""
"passed","Tue Apr 14 21:38:45 UTC 2026","Tue Apr 14 21:38:48 UTC 2026","3300","HabitNuCoachPortalSuite","HabitNuCoachesPortalRegression-PartB","CoachesPortal.OnsiteUsersListDashboard","CoachesPortal.OnsiteUsersListDashboard","case36","test1 > Given I am logged in as customerAdmin, sorting users table with Join Date in asc order","test1 > Given I am logged in as customerAdmin, sorting users table with Join Date in asc order"
"broken","Tue Apr 14 21:41:41 UTC 2026","Tue Apr 14 21:42:15 UTC 2026","34481","HabitNuCoachPortalSuite","HabitNuCoachesPortalRegression-PartB","CoachesPortal.OnsiteUsersListDashboard","CoachesPortal.OnsiteUsersListDashboard","verifyConfirmed_By_CoachYes","test1 > Given I am logged in as customerAdmin, verifyConfirmed_By_Coach is updated to TRUE when coach update to Yes from user profile","test1 > Given I am logged in as customerAdmin, verifyConfirmed_By_Coach is updated to TRUE when coach update to Yes from user profile"
"passed","Tue Apr 14 21:38:48 UTC 2026","Tue Apr 14 21:38:51 UTC 2026","3234","HabitNuCoachPortalSuite","HabitNuCoachesPortalRegression-PartB","CoachesPortal.OnsiteUsersListDashboard","CoachesPortal.OnsiteUsersListDashboard","case37","test1 > Given I am logged in as customerAdmin, sorting users table with Join Date in desc order","test1 > Given I am logged in as customerAdmin, sorting users table with Join Date in desc order"
"passed","Tue Apr 14 21:06:50 UTC 2026","Tue Apr 14 21:06:52 UTC 2026","2703","HabitNuCoachPortalSuite","HabitNuCoachesPortalRegression-PartA","CoachesPortal.LearnModule.Learn","CoachesPortal.LearnModule.Learn","editByDisablingNotifications","verify inactive notifications",""
"passed","Tue Apr 14 22:59:53 UTC 2026","Tue Apr 14 23:00:18 UTC 2026","24865","HabitNuCoachPortalSuite","Milestones","CoachesPortal.BPSMMilestone","CoachesPortal.BPSMMilestone","test11_groupinteraction","And user is able to add group interaction without seminar name",""
"broken","Tue Apr 14 22:03:54 UTC 2026","Tue Apr 14 22:04:24 UTC 2026","30425","HabitNuCoachPortalSuite","HabitNuCoachesPortalRegression-PartB","CoachesPortal.PatientDetails.PatientProfileDemographic","CoachesPortal.PatientDetails.PatientProfileDemographic","verifyDisenrollmentDetails","test1 > Given I am logged in as customer admin, verifyDisenrollmentDetails","test1 > Given I am logged in as customer admin, verifyDisenrollmentDetails"
"skipped","Tue Apr 14 23:03:55 UTC 2026","Tue Apr 14 23:03:55 UTC 2026","0","HabitNuCoachPortalSuite","UserDashboard","CoachesPortal.PatientDashboard","CoachesPortal.PatientDashboard","hbA1cHistory","hbA1cHistory",""
"passed","Tue Apr 14 22:54:42 UTC 2026","Tue Apr 14 22:54:48 UTC 2026","6467","HabitNuCoachPortalSuite","GeneralContent","CoachesPortal.generalContent_WEb_Coaches","CoachesPortal.generalContent_WEb_Coaches","validateAndPublishGroup","Validating Created Group Name, Tag Type, and Video Tags",""
"passed","Tue Apr 14 23:00:24 UTC 2026","Tue Apr 14 23:00:25 UTC 2026","817","HabitNuCoachPortalSuite","Milestones","CoachesPortal.VAMilestone","CoachesPortal.VAMilestone","test2_changecohort","When user is able to change the cohort",""
"broken","Tue Apr 14 21:07:40 UTC 2026","Tue Apr 14 21:08:00 UTC 2026","20446","HabitNuCoachPortalSuite","HabitNuCoachesPortalRegression-PartA","CoachesPortal.LearnModule.CustomerAdminCourseDocument","CoachesPortal.LearnModule.CustomerAdminCourseDocument","verifyNoOfElementsInCourseDocuments","Verify No of Elements In CourseDocument",""
"skipped","Tue Apr 14 22:29:29 UTC 2026","Tue Apr 14 22:29:29 UTC 2026","0","HabitNuCoachPortalSuite","Paywal","CoachesPortal.payWall","CoachesPortal.payWall","testVerifyLinkedPlanDisplays","COP-T407: Validate linked plan displays in Program details",""
"passed","Tue Apr 14 21:20:05 UTC 2026","Tue Apr 14 21:20:07 UTC 2026","1832","HabitNuCoachPortalSuite","HabitNuCoachesPortalRegression-PartA","CoachesPortal.DiscussionForumPage","CoachesPortal.DiscussionForumPage","case1","test1 > Given I am logged in as admin, I am validating Coaches - Discussions module","test1 > Given I am logged in as admin, I am validating - Discussions module"
"passed","Tue Apr 14 22:37:14 UTC 2026","Tue Apr 14 22:37:21 UTC 2026","6864","HabitNuCoachPortalSuite","ProjectPowerDashboard","CoachesPortal.ProjectPowerDashboard","CoachesPortal.ProjectPowerDashboard","verifyM1GraphwithfilterAs12months","verifyM1GraphwithfilterAs12months",""
"passed","Tue Apr 14 22:28:05 UTC 2026","Tue Apr 14 22:28:06 UTC 2026","358","HabitNuCoachPortalSuite","Paywal","CoachesPortal.payWall","CoachesPortal.payWall","testViewTransactionDetails","COP-T401: View transaction details",""
"passed","Tue Apr 14 22:21:22 UTC 2026","Tue Apr 14 22:21:26 UTC 2026","3671","HabitNuCoachPortalSuite","Scheduler","CoachesPortal.Schedular","CoachesPortal.Schedular","validateCreatedMeetingAvailable_for_user","test1 > Given I am logged in as admin, verify meet created by system user is available for users","test1 > Given I am logged in as admin, verify meet created by system user is available for users"
"passed","Tue Apr 14 22:59:15 UTC 2026","Tue Apr 14 22:59:15 UTC 2026","79","HabitNuCoachPortalSuite","Milestones","CoachesPortal.BPSMMilestone","CoachesPortal.BPSMMilestone","test4_navigating_milestone","And user is navigating to milestone",""
"passed","Tue Apr 14 22:08:36 UTC 2026","Tue Apr 14 22:08:36 UTC 2026","57","HabitNuCoachPortalSuite","HabitNuCoachesPortalRegression-PartB","CoachesPortal.PatientDetails.PatientProfileDemographic","CoachesPortal.PatientDetails.PatientProfileDemographic","verifyCDCdetails","test1 > Given I am logged in as customer admin, verifyCDCdetails","test1 > Given I am logged in as customer admin, verifyCDCdetails"
"passed","Tue Apr 14 21:30:24 UTC 2026","Tue Apr 14 21:30:30 UTC 2026","5807","HabitNuCoachPortalSuite","HabitNuCoachesPortalRegression-PartA","CoachesPortal.DiscussionForumPage","CoachesPortal.DiscussionForumPage","case25","test1 > Given I am logged in as customerAdmin, I am validating Comment on pinned post.","test1 > Given I am logged in as customerAdmin, I am validating Comment on pinned post."
"broken","Tue Apr 14 22:02:16 UTC 2026","Tue Apr 14 22:02:46 UTC 2026","30224","HabitNuCoachPortalSuite","HabitNuCoachesPortalRegression-PartB","CoachesPortal.PatientDetails.PatientProfileDemographic","CoachesPortal.PatientDetails.PatientProfileDemographic","verifyConfirmed_By_CoachNo","test1 > Given I am logged in as customer admin, verifyConfirmed_By_Coach by clicking on No","test1 > Given I am logged in as customer admin, verifyConfirmed_By_Coach by clicking on No"
"broken","Tue Apr 14 21:19:17 UTC 2026","Tue Apr 14 21:19:38 UTC 2026","20767","HabitNuCoachPortalSuite","HabitNuCoachesPortalRegression-PartA","CoachesPortal.LearnModule.CustomerAdminCourseDocument","CoachesPortal.LearnModule.CustomerAdminCourseDocument","verifyVideoPublishCancelAndConfirm","Video Publish Cancel And Confirm",""
"passed","Tue Apr 14 23:12:18 UTC 2026","Tue Apr 14 23:12:18 UTC 2026","51","HabitNuCoachPortalSuite","DifferentTypeOfDashboards","CoachesPortal.CohortLevelDashboard.DSMEDashboardCoachesPortal","CoachesPortal.CohortLevelDashboard.DSMEDashboardCoachesPortal","test14_verifyBloodSugarByPatientsWithallPosibleActions","Verify Blood Sugar by Patients dropdown card with possible options listed",""
"passed","Tue Apr 14 22:21:18 UTC 2026","Tue Apr 14 22:21:22 UTC 2026","3603","HabitNuCoachPortalSuite","Scheduler","CoachesPortal.Schedular","CoachesPortal.Schedular","joinTheMeeting","test7 >  Given I am logged in as admin, and on time slot page, When I click on created appointment, Then I should see the Join the meet button, When I click on it, Then I should be taken to joinmeeting page in new tab","admin login - User should be able to join the meet"
"failed","Tue Apr 14 22:39:45 UTC 2026","Tue Apr 14 22:39:45 UTC 2026","527","HabitNuCoachPortalSuite","ProjectPowerDashboard","CoachesPortal.ProjectPowerDashboard","CoachesPortal.ProjectPowerDashboard","verifyADAMilestoneForCUSTOMTIME","All cohort dashboard for project power - ADA milestone trend - CUSTOM TIME",""
"broken","Tue Apr 14 22:19:59 UTC 2026","Tue Apr 14 22:20:29 UTC 2026","30164","HabitNuCoachPortalSuite","UserActivities","CoachesPortal.PatientDetails.UserActivitiesTobacco","CoachesPortal.PatientDetails.UserActivitiesTobacco","verifyEditCurrentAndYesterdayBPDataInCoachesPortal","Verify current and yesterday edit tobacco in coaches portal and reflect in web portal",""
"passed","Tue Apr 14 21:28:52 UTC 2026","Tue Apr 14 21:28:53 UTC 2026","701","HabitNuCoachPortalSuite","HabitNuCoachesPortalRegression-PartA","CoachesPortal.DiscussionForumPage","CoachesPortal.DiscussionForumPage","case10","test1 > Given I am logged in as customerAdmin, I am validating post comment-success.","test1 > Given I am logged in as customerAdmin, I am validating post comment-success."
"passed","Tue Apr 14 23:06:16 UTC 2026","Tue Apr 14 23:06:19 UTC 2026","3492","HabitNuCoachPortalSuite","FeatureFlags","CoachesPortal.FeatureFlags","CoachesPortal.FeatureFlags","test21_addrulesforpartner_multipletimes","And user is able to add the rule for partner level multiple times",""
"passed","Tue Apr 14 22:09:58 UTC 2026","Tue Apr 14 22:10:07 UTC 2026","9935","HabitNuCoachPortalSuite","HabitNuCoachesPortalRegression-PartB","CoachesPortal.PatientDetails.PatientProfileDemographic","CoachesPortal.PatientDetails.PatientProfileDemographic","updatepreferred_name","test1 > Given I am logged in as customer admin, preferred_name","test1 > Given I am logged in as customer admin, preferred_name"
"passed","Tue Apr 14 22:39:46 UTC 2026","Tue Apr 14 22:39:47 UTC 2026","585","HabitNuCoachPortalSuite","ProjectPowerDashboard","CoachesPortal.ProjectPowerDashboard","CoachesPortal.ProjectPowerDashboard","verifyCohortWeightLossTrendFor12months","All cohort dashboard for project power - Cohort Weight Loss trend - 12months",""
"passed","Tue Apr 14 22:54:03 UTC 2026","Tue Apr 14 22:54:05 UTC 2026","1357","HabitNuCoachPortalSuite","GeneralContent","CoachesPortal.generalContent_WEb_Coaches","CoachesPortal.generalContent_WEb_Coaches","case3","Creating tags for Food",""
"broken","Tue Apr 14 20:50:29 UTC 2026","Tue Apr 14 20:50:45 UTC 2026","15395","HabitNuCoachPortalSuite","HabitNuCoachesPortalRegression-PartA","CoachesPortal.CohortLevelDashboard.CohortLevelDashboardPage","CoachesPortal.CohortLevelDashboard.CohortLevelDashboardPage","case11","Coach Interactions by Participants- click on participant and navigate to dashboard.",""
"passed","Tue Apr 14 21:29:21 UTC 2026","Tue Apr 14 21:29:22 UTC 2026","666","HabitNuCoachPortalSuite","HabitNuCoachesPortalRegression-PartA","CoachesPortal.DiscussionForumPage","CoachesPortal.DiscussionForumPage","verifyFileIsOpenedOnClickingViewButton","test1 > Given I am logged in as customerAdmin, I am validating verify file opened on clicking view button","test1 > Given I am logged in as customerAdmin, I am validating verify file opened on clicking view button"
"passed","Tue Apr 14 22:10:28 UTC 2026","Tue Apr 14 22:10:42 UTC 2026","13590","HabitNuCoachPortalSuite","HabitNuCoachesPortalRegression-PartB","CoachesPortal.PatientDetails.PatientProfileDemographic","CoachesPortal.PatientDetails.PatientProfileDemographic","updateMaritalStatus","test1 > Given I am logged in as customer admin, Marital Status","test1 > Given I am logged in as customer admin, Marital Status"
"broken","Tue Apr 14 21:11:24 UTC 2026","Tue Apr 14 21:12:05 UTC 2026","40861","HabitNuCoachPortalSuite","HabitNuCoachesPortalRegression-PartA","CoachesPortal.LearnModule.CustomerAdminCourseDocument","CoachesPortal.LearnModule.CustomerAdminCourseDocument","verifyAddTitleLinkRequired","Add Title Required",""
"passed","Tue Apr 14 23:15:16 UTC 2026","Tue Apr 14 23:15:19 UTC 2026","3187","HabitNuCoachPortalSuite","DifferentTypeOfDashboards","CoachesPortal.CohortLevelDashboard.ParticipantsProgressTracker","CoachesPortal.CohortLevelDashboard.ParticipantsProgressTracker","test6_Search_Users","And user is able to search the users",""
"failed","Tue Apr 14 23:07:59 UTC 2026","Tue Apr 14 23:08:05 UTC 2026","5554","HabitNuCoachPortalSuite","DifferentTypeOfDashboards","CoachesPortal.CohortLevelDashboard.OnlineCohortDashboard","CoachesPortal.CohortLevelDashboard.OnlineCohortDashboard","disenrolledCard","test1 > Given I am logged in as coach, I am validating online cohort 'dashboard-card=DisenrolledCount","test1 > Given I am logged in as coach, I am validating online cohort 'dashboard-card=DisenrolledCount"
"broken","Tue Apr 14 20:56:21 UTC 2026","Tue Apr 14 20:57:22 UTC 2026","61148","HabitNuCoachPortalSuite","HabitNuCoachesPortalRegression-PartA","CoachesPortal.CohortLevelDashboard.CohortLevelDashboardPage","CoachesPortal.CohortLevelDashboard.CohortLevelDashboardPage","case27","Outcomes- Adherance,SBP reductions, DBP Reductions,Achieving Targets.",""
"broken","Tue Apr 14 22:08:42 UTC 2026","Tue Apr 14 22:09:12 UTC 2026","30168","HabitNuCoachPortalSuite","HabitNuCoachesPortalRegression-PartB","CoachesPortal.PatientDetails.PatientProfileDemographic","CoachesPortal.PatientDetails.PatientProfileDemographic","testSelectRememberingUnknown","test1 > Given I am logged in as customer admin, testSelectRememberingUnknown","test1 > Given I am logged in as customer admin, testSelectRememberingUnknown"
"broken","Tue Apr 14 22:34:45 UTC 2026","Tue Apr 14 22:35:15 UTC 2026","30247","HabitNuCoachPortalSuite","HabitNuCoachesPortalRegression-PartC","CoachesPortal.PatientDetails.PatientProfilePreAuth","CoachesPortal.PatientDetails.PatientProfilePreAuth","verifyPreAuth","verify PreAuth for Ethylen",""
"passed","Tue Apr 14 21:20:43 UTC 2026","Tue Apr 14 21:20:47 UTC 2026","4161","HabitNuCoachPortalSuite","HabitNuCoachesPortalRegression-PartA","CoachesPortal.DiscussionForumPage","CoachesPortal.DiscussionForumPage","case14","test1 > Given I am logged in as admin, I am validating File upload-error ","test1 > Given I am logged in as admin, I am validating File upload-error "
"broken","Tue Apr 14 21:18:35 UTC 2026","Tue Apr 14 21:18:56 UTC 2026","20748","HabitNuCoachPortalSuite","HabitNuCoachesPortalRegression-PartA","CoachesPortal.LearnModule.CustomerAdminCourseDocument","CoachesPortal.LearnModule.CustomerAdminCourseDocument","verifyAddValidUploadVideoRequired","Add Valid upload Video Required",""
"broken","Tue Apr 14 22:41:29 UTC 2026","Tue Apr 14 22:41:30 UTC 2026","186","HabitNuCoachPortalSuite","LoginPageCases","CoachesPortal.LoginPageCases","CoachesPortal.LoginPageCases","case13","Coaches Portal Feedback URL -> Add valid email address -> Keep other fields empty -> Click on submit feedback",""
"skipped","Tue Apr 14 23:03:55 UTC 2026","Tue Apr 14 23:03:55 UTC 2026","0","HabitNuCoachPortalSuite","UserDashboard","CoachesPortal.PatientDashboard","CoachesPortal.PatientDashboard","physicalActivityHistory","physicalActivityHistory",""
"broken","Tue Apr 14 22:16:55 UTC 2026","Tue Apr 14 22:17:40 UTC 2026","45227","HabitNuCoachPortalSuite","UserActivities","CoachesPortal.PatientDetails.UserActivitiesBloodSugar","CoachesPortal.PatientDetails.UserActivitiesBloodSugar","verifyEditBSDataInCoachesPortal","Edit BS data in webapp and verify in webapp as well as in coaches portal",""
"passed","Tue Apr 14 22:41:16 UTC 2026","Tue Apr 14 22:41:18 UTC 2026","1981","HabitNuCoachPortalSuite","LoginPageCases","CoachesPortal.LoginPageCases","CoachesPortal.LoginPageCases","testRestpasswordCase3","validate users be able to reset password, while doing so entering passwords that do not match with previous ones",""
"passed","Tue Apr 14 21:00:59 UTC 2026","Tue Apr 14 21:01:16 UTC 2026","16743","HabitNuCoachPortalSuite","HabitNuCoachesPortalRegression-PartA","CoachesPortal.LearnModule.Learn","CoachesPortal.LearnModule.Learn","verifyFromCoachesEndAfterUserWatchesCourse","verify from coaches portal",""
"broken","Tue Apr 14 21:39:28 UTC 2026","Tue Apr 14 21:39:59 UTC 2026","31280","HabitNuCoachPortalSuite","HabitNuCoachesPortalRegression-PartB","CoachesPortal.OnsiteUsersListDashboard","CoachesPortal.OnsiteUsersListDashboard","case53","test1 > Given I am logged in as customerAdmin, verify milestonecolor==yellow after participant just register and login to app and do not fill the banner","test1 > Given I am logged in as customerAdmin, verify milestonecolor==yellow after participant just register and login to app and do not fill the banner"
"passed","Tue Apr 14 21:29:26 UTC 2026","Tue Apr 14 21:29:51 UTC 2026","25282","HabitNuCoachPortalSuite","HabitNuCoachesPortalRegression-PartA","CoachesPortal.DiscussionForumPage","CoachesPortal.DiscussionForumPage","case15","test1 > Given I am logged in as customerAdmin, I am validating upload upto 5 files.","test1 > Given I am logged in as customerAdmin, I am validating upload upto 5 files. "
"broken","Tue Apr 14 20:54:20 UTC 2026","Tue Apr 14 20:54:20 UTC 2026","66","HabitNuCoachPortalSuite","HabitNuCoachesPortalRegression-PartA","CoachesPortal.CohortLevelDashboard.CohortLevelDashboardPage","CoachesPortal.CohortLevelDashboard.CohortLevelDashboardPage","case24","Click on participant in the attendance graph- should navigate to dashboard.",""
"failed","Tue Apr 14 23:08:14 UTC 2026","Tue Apr 14 23:08:14 UTC 2026","79","HabitNuCoachPortalSuite","DifferentTypeOfDashboards","CoachesPortal.CohortLevelDashboard.OnlineCohortDashboard","CoachesPortal.CohortLevelDashboard.OnlineCohortDashboard","case4","test1 > Given I am logged in as coach, I am validating online cohort 'Weight Loss By Participants validation on graph with ALL option","test1 > Given I am logged in as coach, I am validating online cohort 'Weight Loss By Participants validation on graph with ALL option"
"passed","Tue Apr 14 22:08:32 UTC 2026","Tue Apr 14 22:08:36 UTC 2026","3281","HabitNuCoachPortalSuite","HabitNuCoachesPortalRegression-PartB","CoachesPortal.PatientDetails.PatientProfileDemographic","CoachesPortal.PatientDetails.PatientProfileDemographic","updateAndVerifyBaselineHealthData","test1 > Given I am logged in as customer admin, updateAndVerifyBaselineHealthData","test1 > Given I am logged in as customer admin, updateAndVerifyBaselineHealthData"
"failed","Tue Apr 14 23:10:07 UTC 2026","Tue Apr 14 23:10:30 UTC 2026","22897","HabitNuCoachPortalSuite","DifferentTypeOfDashboards","CoachesPortal.CohortLevelDashboard.DSMEDashboardCoachesPortal","CoachesPortal.CohortLevelDashboard.DSMEDashboardCoachesPortal","test2_Flagged","And user is navigated to Flagged",""
"failed","Tue Apr 14 23:08:27 UTC 2026","Tue Apr 14 23:08:28 UTC 2026","140","HabitNuCoachPortalSuite","DifferentTypeOfDashboards","CoachesPortal.CohortLevelDashboard.OnlineCohortDashboard","CoachesPortal.CohortLevelDashboard.OnlineCohortDashboard","male_female_card_withUdate_to_male","test1 > Given I am logged in as coach, I am validating online cohort 'dashboard-card=male_female_card_withUdate_to_male","test1 > Given I am logged in as coach, I am validating online cohort 'dashboard-card=male_female_card_withUdate_to_male"
"passed","Tue Apr 14 21:33:10 UTC 2026","Tue Apr 14 21:33:11 UTC 2026","1178","HabitNuCoachPortalSuite","HabitNuCoachesPortalRegression-PartA","CoachesPortal.DirectMessage","CoachesPortal.DirectMessage","searchParticipantByEmail","Search by firstname > It should display the participant by email",""
"passed","Tue Apr 14 22:27:42 UTC 2026","Tue Apr 14 22:27:46 UTC 2026","3762","HabitNuCoachPortalSuite","Paywal","CoachesPortal.payWall","CoachesPortal.payWall","testFilterSubscriptions","COP-T397–399: Validate subscription filters",""
"broken","Tue Apr 14 21:51:14 UTC 2026","Tue Apr 14 21:51:50 UTC 2026","35159","HabitNuCoachPortalSuite","HabitNuCoachesPortalRegression-PartB","CoachesPortal.PatientDetails.PatientProfileDemographic","CoachesPortal.PatientDetails.PatientProfileDemographic","updateDisenrollmentDetails_with_emptyData","test1 > Given I am logged in as coach, try updating DisenrollmentDetails with empty data","test1 > Given I am logged in as coach, try updating DisenrollmentDetails with empty data"
"broken","Tue Apr 14 21:17:12 UTC 2026","Tue Apr 14 21:17:33 UTC 2026","20830","HabitNuCoachPortalSuite","HabitNuCoachesPortalRegression-PartA","CoachesPortal.LearnModule.CustomerAdminCourseDocument","CoachesPortal.LearnModule.CustomerAdminCourseDocument","verifyAddVideo","Add Video",""
"passed","Tue Apr 14 22:42:00 UTC 2026","Tue Apr 14 22:42:02 UTC 2026","1938","HabitNuCoachPortalSuite","LogClassSession","CoachesPortal.LogClassSection","CoachesPortal.LogClassSection","verifyDashboardClickParticipant","Click On Search Participant",""
"skipped","Tue Apr 14 22:58:10 UTC 2026","Tue Apr 14 22:58:10 UTC 2026","0","HabitNuCoachPortalSuite","Milestones","CoachesPortal.MilestoneModule.SoleraIBCorNDPP","CoachesPortal.MilestoneModule.SoleraIBCorNDPP","test9","Given I have achieved M0 & M1, M2, M3, M4, When I achieve Weekly Meaningful Engagement for week6, Then I should be able to achieve M5(firstgreen)",""
"passed","Tue Apr 14 21:24:33 UTC 2026","Tue Apr 14 21:24:42 UTC 2026","9277","HabitNuCoachPortalSuite","HabitNuCoachesPortalRegression-PartA","CoachesPortal.DiscussionForumPage","CoachesPortal.DiscussionForumPage","case12","test1 > Given I am logged in as coach, I am validating File upload- subject only- error.","test1 > Given I am logged in as coach, I am validating File upload- subject only- error."
"passed","Tue Apr 14 23:01:18 UTC 2026","Tue Apr 14 23:01:29 UTC 2026","10521","HabitNuCoachPortalSuite","Milestones","CoachesPortal.VAMilestone","CoachesPortal.VAMilestone","test13_validating_VAHeaders_data","And user is validating to VAHeaders data by clicking arrow button",""
"passed","Tue Apr 14 23:12:18 UTC 2026","Tue Apr 14 23:12:18 UTC 2026","46","HabitNuCoachPortalSuite","DifferentTypeOfDashboards","CoachesPortal.CohortLevelDashboard.DSMEDashboardCoachesPortal","CoachesPortal.CohortLevelDashboard.DSMEDashboardCoachesPortal","test18_verifyWeightLossByPatientsWithallPosibleActions","Verify Weight Loss by Patients dropdown card with possible options listed",""
"passed","Tue Apr 14 21:28:19 UTC 2026","Tue Apr 14 21:28:22 UTC 2026","2921","HabitNuCoachPortalSuite","HabitNuCoachesPortalRegression-PartA","CoachesPortal.DiscussionForumPage","CoachesPortal.DiscussionForumPage","case28","test1 > Given I am logged in as coach, I am validating Delete all posts","test1 > Given I am logged in as coach, I am validating Delete all posts"
"passed","Tue Apr 14 21:38:58 UTC 2026","Tue Apr 14 21:39:01 UTC 2026","3190","HabitNuCoachPortalSuite","HabitNuCoachesPortalRegression-PartB","CoachesPortal.OnsiteUsersListDashboard","CoachesPortal.OnsiteUsersListDashboard","case40","test1 > Given I am logged in as customerAdmin, sorting users table with 'Name' in asc order","test1 > Given I am logged in as customerAdmin, sorting users table with 'Name' in asc order"
"passed","Tue Apr 14 22:21:38 UTC 2026","Tue Apr 14 22:21:49 UTC 2026","11586","HabitNuCoachPortalSuite","Scheduler","CoachesPortal.Schedular","CoachesPortal.Schedular","createAppointment","test3 >  Given I am logged in as coach, and on create appointment page, When I fill in all the required details, Then I should be able to save the appointment","coach login - User should be able to create and save appointment"
"skipped","Tue Apr 14 23:03:55 UTC 2026","Tue Apr 14 23:03:55 UTC 2026","0","HabitNuCoachPortalSuite","UserDashboard","CoachesPortal.PatientDashboard","CoachesPortal.PatientDashboard","patientVWeeklyStatusVideo_when_partiallyWatched","Physical Activity History section",""
"passed","Tue Apr 14 21:20:32 UTC 2026","Tue Apr 14 21:20:41 UTC 2026","9431","HabitNuCoachPortalSuite","HabitNuCoachesPortalRegression-PartA","CoachesPortal.DiscussionForumPage","CoachesPortal.DiscussionForumPage","case13","test1 > Given I am logged in as admin, I am validating File upload- description only- success.","test1 > Given I am logged in as admin, I am validating File upload- description only- success."
"passed","Tue Apr 14 20:59:32 UTC 2026","Tue Apr 14 20:59:36 UTC 2026","4274","HabitNuCoachPortalSuite","HabitNuCoachesPortalRegression-PartA","CoachesPortal.LearnModule.Learn","CoachesPortal.LearnModule.Learn","addChapterToTheCourse","adding a chapter to the course",""
"passed","Tue Apr 14 22:41:50 UTC 2026","Tue Apr 14 22:41:50 UTC 2026","844","HabitNuCoachPortalSuite","LogClassSession","CoachesPortal.LogClassSection","CoachesPortal.LogClassSection","verify10DaysBackDateInLogClassSectionWithPatient","Add data in Log Class Section With Date 10 days back",""
"broken","Tue Apr 14 22:43:43 UTC 2026","Tue Apr 14 22:44:15 UTC 2026","32071","HabitNuCoachPortalSuite","LogClassSession","CoachesPortal.LogClassSection","CoachesPortal.LogClassSection","verifyAddWeightAttendanceDateAndPAAndLFAndMUPOnline","Add weight,attendance date and PA And LF And MUP Online Mode",""
"passed","Tue Apr 14 22:40:57 UTC 2026","Tue Apr 14 22:40:57 UTC 2026","8","HabitNuCoachPortalSuite","ProjectPowerDashboard","CoachesPortal.ProjectPowerDashboard","CoachesPortal.ProjectPowerDashboard","verifyDemographicsDiabetesDiagnosis","Demographics page - Diabetes Diagnosis",""
"failed","Tue Apr 14 22:40:55 UTC 2026","Tue Apr 14 22:40:57 UTC 2026","1140","HabitNuCoachPortalSuite","ProjectPowerDashboard","CoachesPortal.ProjectPowerDashboard","CoachesPortal.ProjectPowerDashboard","verifySDOHPage_Referral_code","SDOH page - It should display the count of participants of Education",""
"passed","Tue Apr 14 21:33:37 UTC 2026","Tue Apr 14 21:33:57 UTC 2026","19956","HabitNuCoachPortalSuite","HabitNuCoachesPortalRegression-PartA","CoachesPortal.DirectMessage","CoachesPortal.DirectMessage","validateSentMessageAcrossAllUsers","send a message to second participant in the list, and click on submit button for message submission and validate message!=null and validate across all users in cohort",""
"broken","Tue Apr 14 21:55:28 UTC 2026","Tue Apr 14 21:55:58 UTC 2026","30396","HabitNuCoachPortalSuite","HabitNuCoachesPortalRegression-PartB","CoachesPortal.PatientDetails.PatientProfileDemographic","CoachesPortal.PatientDetails.PatientProfileDemographic","verifyBaselineHealthData","test1 > Given I am logged in as coach, verifyBaselineHealthData","test1 > Given I am logged in as coach, verifyBaselineHealthData"
"passed","Tue Apr 14 22:09:23 UTC 2026","Tue Apr 14 22:09:34 UTC 2026","11502","HabitNuCoachPortalSuite","HabitNuCoachesPortalRegression-PartB","CoachesPortal.PatientDetails.PatientProfileDemographic","CoachesPortal.PatientDetails.PatientProfileDemographic","updateMiddleName","test1 > Given I am logged in as customer admin, Middle Name","test1 > Given I am logged in as customer admin, Middle Name"
"passed","Tue Apr 14 22:37:04 UTC 2026","Tue Apr 14 22:37:04 UTC 2026","16","HabitNuCoachPortalSuite","ProjectPowerDashboard","CoachesPortal.ProjectPowerDashboard","CoachesPortal.ProjectPowerDashboard","verifyLEADS","go to coaches portal - Project Power-verify Leads",""
"failed","Tue Apr 14 23:09:18 UTC 2026","Tue Apr 14 23:09:18 UTC 2026","714","HabitNuCoachPortalSuite","DifferentTypeOfDashboards","CoachesPortal.CohortLevelDashboard.OnsiteCohortDashboard","CoachesPortal.CohortLevelDashboard.OnsiteCohortDashboard","case6","test1 > Given I am logged in as coach, I am validating onsite cohort 'Weight Loss By Participants validation on graph with 'Added by user' option","test1 > Given I am logged in as coach, I am validating onsite cohort 'Weight Loss By Participants validation on graph with 'Added by user' option"
"passed","Tue Apr 14 22:59:15 UTC 2026","Tue Apr 14 22:59:17 UTC 2026","2111","HabitNuCoachPortalSuite","Milestones","CoachesPortal.BPSMMilestone","CoachesPortal.BPSMMilestone","test5_validating_Headers","And user is validating headers",""
"broken","Tue Apr 14 22:49:53 UTC 2026","Tue Apr 14 22:49:53 UTC 2026","66","HabitNuCoachPortalSuite","GroupDPPClassPlanner","CoachesPortal.ClassPlanner","CoachesPortal.ClassPlanner","case25","Edit (lock)button of class planner in cohort by adding new card",""
"broken","Tue Apr 14 22:11:03 UTC 2026","Tue Apr 14 22:11:33 UTC 2026","30165","HabitNuCoachPortalSuite","HabitNuCoachesPortalRegression-PartB","CoachesPortal.PatientDetails.PatientProfileDemographic","CoachesPortal.PatientDetails.PatientProfileDemographic","verifyConfirmed_By_CoachYes","test1 > Given I am logged in as customer admin, verifyConfirmed_By_Coach by clicking on Yes","test1 > Given I am logged in as customer admin, verifyConfirmed_By_Coach by clicking on Yes"
"passed","Tue Apr 14 20:59:26 UTC 2026","Tue Apr 14 20:59:31 UTC 2026","5183","HabitNuCoachPortalSuite","HabitNuCoachesPortalRegression-PartA","CoachesPortal.LearnModule.Learn","CoachesPortal.LearnModule.Learn","verifyCourseActions","Verify course Actions on hovering shows all the buttons",""
"passed","Tue Apr 14 22:28:08 UTC 2026","Tue Apr 14 22:28:10 UTC 2026","2101","HabitNuCoachPortalSuite","Paywal","CoachesPortal.payWall","CoachesPortal.payWall","testFilterTransactions","COP-T400: Validate all transaction filters",""
"passed","Tue Apr 14 22:01:00 UTC 2026","Tue Apr 14 22:01:00 UTC 2026","15","HabitNuCoachPortalSuite","HabitNuCoachesPortalRegression-PartB","CoachesPortal.PatientDetails.PatientProfileDemographic","CoachesPortal.PatientDetails.PatientProfileDemographic","updateFirstName","test1 > Given I am logged in as coach, First Name","test1 > Given I am logged in as coach, First Name"
"passed","Tue Apr 14 23:00:58 UTC 2026","Tue Apr 14 23:01:08 UTC 2026","10433","HabitNuCoachPortalSuite","Milestones","CoachesPortal.VAMilestone","CoachesPortal.VAMilestone","test11_validating_VAHeaders_data","And user is validating to VAHeaders data by clicking arrow button",""
"passed","Tue Apr 14 22:27:48 UTC 2026","Tue Apr 14 22:27:52 UTC 2026","3810","HabitNuCoachPortalSuite","Paywal","CoachesPortal.payWall","CoachesPortal.payWall","testFilterSubscriptions","COP-T397–399: Validate subscription filters",""
"passed","Tue Apr 14 23:06:29 UTC 2026","Tue Apr 14 23:06:31 UTC 2026","1243","HabitNuCoachPortalSuite","ParticipationsTable","CoachesPortal.participations","CoachesPortal.participations","tes7_validatingparticipations_columns","And user is validating paricipations columns section",""
"broken","Tue Apr 14 21:39:59 UTC 2026","Tue Apr 14 21:39:59 UTC 2026","65","HabitNuCoachPortalSuite","HabitNuCoachesPortalRegression-PartB","CoachesPortal.OnsiteUsersListDashboard","CoachesPortal.OnsiteUsersListDashboard","case54","test1 > Given I am logged in as customerAdmin, verify milestone tooltiptext after participant just register and login to app and do not fill the banner","test1 > Given I am logged in as customerAdmin, verify milestone tooltiptext after participant just register and login to app and do not fill the banner"
"passed","Tue Apr 14 21:24:21 UTC 2026","Tue Apr 14 21:24:22 UTC 2026","1160","HabitNuCoachPortalSuite","HabitNuCoachesPortalRegression-PartA","CoachesPortal.DiscussionForumPage","CoachesPortal.DiscussionForumPage","case9","test1 > Given I am logged in as coach, I am validating Post empty comment- error message.","test1 > Given I am logged in as coach, I am validating Post empty comment- error message."
"passed","Tue Apr 14 22:41:41 UTC 2026","Tue Apr 14 22:41:46 UTC 2026","5000","HabitNuCoachPortalSuite","LogClassSession","CoachesPortal.LogClassSection","CoachesPortal.LogClassSection","validateLogClassSessionAvailibility","Verify Log Class Section is available only for programDeliveryType==Onsite",""
"passed","Tue Apr 14 21:37:43 UTC 2026","Tue Apr 14 21:37:44 UTC 2026","1395","HabitNuCoachPortalSuite","HabitNuCoachesPortalRegression-PartB","CoachesPortal.OnsiteUsersListDashboard","CoachesPortal.OnsiteUsersListDashboard","case19","test1 > Given I am logged in as coach, Cancel Scenarios- Call","test1 > Given I am logged in as coach, Cancel Scenarios- Call"
"passed","Tue Apr 14 22:57:18 UTC 2026","Tue Apr 14 22:57:18 UTC 2026","126","HabitNuCoachPortalSuite","Milestones","CoachesPortal.MilestoneModule.SoleraIBCorNDPP","CoachesPortal.MilestoneModule.SoleraIBCorNDPP","test2","Given I am on the IBC milestone tracker, When the page loads, Then I should see all the required IBC milestone elements displayed",""
"passed","Tue Apr 14 23:16:04 UTC 2026","Tue Apr 14 23:17:08 UTC 2026","63662","HabitNuCoachPortalSuite","DifferentTypeOfDashboards","CoachesPortal.CohortLevelDashboard.ParticipantsProgressTracker","CoachesPortal.CohortLevelDashboard.ParticipantsProgressTracker","test8_Session","And user is able to increase the session count",""
"passed","Tue Apr 14 23:00:25 UTC 2026","Tue Apr 14 23:00:26 UTC 2026","1043","HabitNuCoachPortalSuite","Milestones","CoachesPortal.VAMilestone","CoachesPortal.VAMilestone","test3_currentcohort_dashboard","And user is navigated to current cohort dashboard",""
"passed","Tue Apr 14 23:12:18 UTC 2026","Tue Apr 14 23:12:18 UTC 2026","126","HabitNuCoachPortalSuite","DifferentTypeOfDashboards","CoachesPortal.CohortLevelDashboard.DSMEDashboardCoachesPortal","CoachesPortal.CohortLevelDashboard.DSMEDashboardCoachesPortal","test19_verifyWeightByPatientsWithallPosibleActionsSelection","Verify Weight Loss by Patients dropdown card with possible options selected and verify it's selection",""
"passed","Tue Apr 14 23:12:26 UTC 2026","Tue Apr 14 23:12:45 UTC 2026","19398","HabitNuCoachPortalSuite","DifferentTypeOfDashboards","CoachesPortal.CohortLevelDashboard.ParticipantsProgressTracker","CoachesPortal.CohortLevelDashboard.ParticipantsProgressTracker","test2_participants","And user is navigating to participants and create a new user.",""
"passed","Tue Apr 14 21:02:10 UTC 2026","Tue Apr 14 21:02:18 UTC 2026","8062","HabitNuCoachPortalSuite","HabitNuCoachesPortalRegression-PartA","CoachesPortal.LearnModule.Learn","CoachesPortal.LearnModule.Learn","select_content_from_list","filter down course content by Video and assert Pagination",""
"skipped","Tue Apr 14 22:58:10 UTC 2026","Tue Apr 14 22:58:10 UTC 2026","0","HabitNuCoachPortalSuite","Milestones","CoachesPortal.MilestoneModule.SoleraIBCorNDPP","CoachesPortal.MilestoneModule.SoleraIBCorNDPP","test5","Given I have achieved M0 & M1 now, When I achieve Weekly Meaningful Engagement for week2, Then I should be marked as having achieved milestone M2",""
"broken","Tue Apr 14 20:48:06 UTC 2026","Tue Apr 14 20:48:06 UTC 2026","2","HabitNuCoachPortalSuite","HabitNuCoachesPortalRegression-PartA","CoachesPortal.CohortLevelDashboard.CohortLevelDashboardPage","CoachesPortal.CohortLevelDashboard.CohortLevelDashboardPage","setup","setup",""
"failed","Tue Apr 14 23:07:13 UTC 2026","Tue Apr 14 23:07:14 UTC 2026","752","HabitNuCoachPortalSuite","DifferentTypeOfDashboards","CoachesPortal.CohortLevelDashboard.OnlineCohortDashboard","CoachesPortal.CohortLevelDashboard.OnlineCohortDashboard","case5","test1 > Given I am logged in as customer admin, I am validating online cohort 'Weight Loss By Participants validation on graph with 'Added by coach' option","test1 > Given I am logged in as customer admin, I am validating online cohort 'Weight Loss By Participants validation on graph with 'Added by coach' option"
"passed","Tue Apr 14 22:09:12 UTC 2026","Tue Apr 14 22:09:12 UTC 2026","114","HabitNuCoachPortalSuite","HabitNuCoachesPortalRegression-PartB","CoachesPortal.PatientDetails.PatientProfileDemographic","CoachesPortal.PatientDetails.PatientProfileDemographic","testSelectWalkingYes","test1 > Given I am logged in as customer admin, testSelectWalkingYes","test1 > Given I am logged in as customer admin, testSelectWalkingYes"
"passed","Tue Apr 14 22:36:55 UTC 2026","Tue Apr 14 22:36:55 UTC 2026","380","HabitNuCoachPortalSuite","HabitNuCoachesPortalRegression-PartC","CoachesPortal.PatientDetails.PatientProfileHealthProviders","CoachesPortal.PatientDetails.PatientProfileHealthProviders","editHealthProvider","edit HealthProvider for Ethylen",""
"broken","Tue Apr 14 21:45:01 UTC 2026","Tue Apr 14 21:46:01 UTC 2026","60114","HabitNuCoachPortalSuite","HabitNuCoachesPortalRegression-PartB","CoachesPortal.PatientDetails.CommunicationLogsCoachesPortal","CoachesPortal.PatientDetails.CommunicationLogsCoachesPortal","verifyDMonWebApp","Verify message on web app by Patient",""
"passed","Tue Apr 14 22:55:19 UTC 2026","Tue Apr 14 22:55:41 UTC 2026","22224","HabitNuCoachPortalSuite","GeneralContent","CoachesPortal.generalContent_WEb_Coaches","CoachesPortal.generalContent_WEb_Coaches","case12","Verify Fitness Videos Details Consistency",""
"passed","Tue Apr 14 22:13:01 UTC 2026","Tue Apr 14 22:13:02 UTC 2026","602","HabitNuCoachPortalSuite","UserActivities","CoachesPortal.PatientDetails.UserActivitiesBloodPressure","CoachesPortal.PatientDetails.UserActivitiesBloodPressure","verifyUser_isNot_allowed_edit_coachAddedData","Verify user is not allowed to edit data added by coaches",""
"passed","Tue Apr 14 22:27:14 UTC 2026","Tue Apr 14 22:27:16 UTC 2026","1603","HabitNuCoachPortalSuite","Paywal","CoachesPortal.payWall","CoachesPortal.payWall","testCreateMonthlyPaymentPlan","COP-T388: Create Monthly Payment Plan",""
"passed","Tue Apr 14 21:29:11 UTC 2026","Tue Apr 14 21:29:21 UTC 2026","9439","HabitNuCoachPortalSuite","HabitNuCoachesPortalRegression-PartA","CoachesPortal.DiscussionForumPage","CoachesPortal.DiscussionForumPage","case13","test1 > Given I am logged in as customerAdmin, I am validating File upload- description only- success.","test1 > Given I am logged in as customerAdmin, I am validating File upload- description only- success."
"passed","Tue Apr 14 21:20:10 UTC 2026","Tue Apr 14 21:20:11 UTC 2026","801","HabitNuCoachPortalSuite","HabitNuCoachesPortalRegression-PartA","CoachesPortal.DiscussionForumPage","CoachesPortal.DiscussionForumPage","case8","test1 > Given I am logged in as admin, I am validating Add describe only- success post.","test1 > Given I am logged in as admin, I am validating Add describe only- success post."
"passed","Tue Apr 14 23:19:45 UTC 2026","Tue Apr 14 23:19:53 UTC 2026","8284","HabitNuCoachPortalSuite","DifferentTypeOfCohorts","CoachesPortal.liteCohorts","CoachesPortal.liteCohorts","case1","test1 > Given I am logged in as admin, I am validating Lite cohorts modules","test1 > Given I am logged in as admin, I am validating Lite cohorts modules, where cohort's Program type=NDPP, Delivery type=Online"
"broken","Tue Apr 14 21:15:50 UTC 2026","Tue Apr 14 21:16:31 UTC 2026","40848","HabitNuCoachPortalSuite","HabitNuCoachesPortalRegression-PartA","CoachesPortal.LearnModule.CustomerAdminCourseDocument","CoachesPortal.LearnModule.CustomerAdminCourseDocument","verifyAddValidUploadRequired","Add Valid upload Required",""
"passed","Tue Apr 14 22:42:38 UTC 2026","Tue Apr 14 22:42:48 UTC 2026","9629","HabitNuCoachPortalSuite","LogClassSession","CoachesPortal.LogClassSection","CoachesPortal.LogClassSection","verifyNegativeValueinWeightNotAllowed","Negative Value in weight not allowed",""
"passed","Tue Apr 14 22:37:09 UTC 2026","Tue Apr 14 22:37:09 UTC 2026","26","HabitNuCoachPortalSuite","ProjectPowerDashboard","CoachesPortal.ProjectPowerDashboard","CoachesPortal.ProjectPowerDashboard","verifyM1GraphwithfilterAs3months","verifyM1GraphwithfilterAs3months",""
"passed","Tue Apr 14 21:21:41 UTC 2026","Tue Apr 14 21:21:42 UTC 2026","1265","HabitNuCoachPortalSuite","HabitNuCoachesPortalRegression-PartA","CoachesPortal.DiscussionForumPage","CoachesPortal.DiscussionForumPage","case21","test1 > Given I am logged in as admin, I am validating Edit Post-Remove File.","test1 > Given I am logged in as admin, I am validating Edit Post-Remove File."
"passed","Tue Apr 14 21:37:19 UTC 2026","Tue Apr 14 21:37:21 UTC 2026","1747","HabitNuCoachPortalSuite","HabitNuCoachesPortalRegression-PartB","CoachesPortal.OnsiteUsersListDashboard","CoachesPortal.OnsiteUsersListDashboard","case13","test1 > Given I am logged in as coach, Click on +, wait till all elements are displayed and then validate.","test1 > Given I am logged in as coach, Click on +, wait till all elements are displayed and then validate."
"passed","Tue Apr 14 23:05:48 UTC 2026","Tue Apr 14 23:05:49 UTC 2026","547","HabitNuCoachPortalSuite","FeatureFlags","CoachesPortal.FeatureFlags","CoachesPortal.FeatureFlags","test16_deleteuser","delete rule",""
"passed","Tue Apr 14 21:38:30 UTC 2026","Tue Apr 14 21:38:41 UTC 2026","10402","HabitNuCoachPortalSuite","HabitNuCoachesPortalRegression-PartB","CoachesPortal.OnsiteUsersListDashboard","CoachesPortal.OnsiteUsersListDashboard","case32","test1 > Given I am logged in as customerAdmin, validate userListSAVEerAdmin-Add Cohort for a user- Add scenario.","test1 > Given I am logged in as customerAdmin, validate userListSAVEerAdmin-Add Cohort for a user- Add scenario."
"passed","Tue Apr 14 21:30:20 UTC 2026","Tue Apr 14 21:30:21 UTC 2026","800","HabitNuCoachPortalSuite","HabitNuCoachesPortalRegression-PartA","CoachesPortal.DiscussionForumPage","CoachesPortal.DiscussionForumPage","case21","test1 > Given I am logged in as customerAdmin, I am validating Edit Post-Remove File.","test1 > Given I am logged in as customerAdmin, I am validating Edit Post-Remove File."
"broken","Tue Apr 14 20:51:33 UTC 2026","Tue Apr 14 20:51:48 UTC 2026","15391","HabitNuCoachPortalSuite","HabitNuCoachesPortalRegression-PartA","CoachesPortal.CohortLevelDashboard.CohortLevelDashboardPage","CoachesPortal.CohortLevelDashboard.CohortLevelDashboardPage","case18","Latest HbA1c of participant.",""
"failed","Tue Apr 14 23:08:05 UTC 2026","Tue Apr 14 23:08:14 UTC 2026","8830","HabitNuCoachPortalSuite","DifferentTypeOfDashboards","CoachesPortal.CohortLevelDashboard.OnlineCohortDashboard","CoachesPortal.CohortLevelDashboard.OnlineCohortDashboard","fivePercentWeightLossCard","test1 > Given I am logged in as coach, I am validating online cohort 'dashboard-card=fivePercentWeightLossCardCount","test1 > Given I am logged in as coach, I am validating online cohort 'dashboard-card=fivePercentWeightLossCardCount"
"passed","Tue Apr 14 21:39:01 UTC 2026","Tue Apr 14 21:39:04 UTC 2026","3175","HabitNuCoachPortalSuite","HabitNuCoachesPortalRegression-PartB","CoachesPortal.OnsiteUsersListDashboard","CoachesPortal.OnsiteUsersListDashboard","case41","test1 > Given I am logged in as customerAdmin, sorting users table with 'Name' in desc order","test1 > Given I am logged in as customerAdmin, sorting users table with 'Name' in desc order"
"passed","Tue Apr 14 21:33:07 UTC 2026","Tue Apr 14 21:33:08 UTC 2026","657","HabitNuCoachPortalSuite","HabitNuCoachesPortalRegression-PartA","CoachesPortal.DirectMessage","CoachesPortal.DirectMessage","it_should_open_the_pop_up_Private_Post","It should open the pop up Private Post",""
"passed","Tue Apr 14 21:38:41 UTC 2026","Tue Apr 14 21:38:44 UTC 2026","2373","HabitNuCoachPortalSuite","HabitNuCoachesPortalRegression-PartB","CoachesPortal.OnsiteUsersListDashboard","CoachesPortal.OnsiteUsersListDashboard","case34","test1 > Given I am logged in as customerAdmin, validate userList as customerAdmin-Move a user from one cohort to another","test1 > Given I am logged in as customerAdmin, validate userList as customerAdmin-Move a user from one cohort to another"
"passed","Tue Apr 14 23:12:18 UTC 2026","Tue Apr 14 23:12:18 UTC 2026","19","HabitNuCoachPortalSuite","DifferentTypeOfDashboards","CoachesPortal.CohortLevelDashboard.DSMEDashboardCoachesPortal","CoachesPortal.CohortLevelDashboard.DSMEDashboardCoachesPortal","test16_verifyBloodSugarByPatientsWithCalenderDefaultWeek","Verify Blood Sugar by Patients with Calender as week selection as current week by default",""
"passed","Tue Apr 14 22:24:04 UTC 2026","Tue Apr 14 22:24:09 UTC 2026","5118","HabitNuCoachPortalSuite","Scheduler","CoachesPortal.Schedular","CoachesPortal.Schedular","userYesToTheMeet","test1 > Given I am logged in as coach, verify user response to meet attendance - YES","test1 > Given I am logged in as coach, verify user response to meet attendance - YES"
"broken","Tue Apr 14 23:03:55 UTC 2026","Tue Apr 14 23:03:55 UTC 2026","1","HabitNuCoachPortalSuite","UserDashboard","CoachesPortal.PatientDashboard","CoachesPortal.PatientDashboard","setup","setup",""
"passed","Tue Apr 14 22:37:58 UTC 2026","Tue Apr 14 22:38:07 UTC 2026","9656","HabitNuCoachPortalSuite","ProjectPowerDashboard","CoachesPortal.ProjectPowerDashboard","CoachesPortal.ProjectPowerDashboard","verifyM1GraphwithfilterAsCustom","verifyM1GraphwithfilterAsCustom",""
"passed","Tue Apr 14 23:01:29 UTC 2026","Tue Apr 14 23:01:39 UTC 2026","10442","HabitNuCoachPortalSuite","Milestones","CoachesPortal.VAMilestone","CoachesPortal.VAMilestone","test14_validating_VAHeaders_data","And user is validating to VAHeaders data by clicking arrow button",""
"broken","Tue Apr 14 21:13:48 UTC 2026","Tue Apr 14 21:14:29 UTC 2026","40847","HabitNuCoachPortalSuite","HabitNuCoachesPortalRegression-PartA","CoachesPortal.LearnModule.CustomerAdminCourseDocument","CoachesPortal.LearnModule.CustomerAdminCourseDocument","verifyAddDocumentUploadRequired","Add Document upload Required",""
"passed","Tue Apr 14 21:25:51 UTC 2026","Tue Apr 14 21:25:52 UTC 2026","693","HabitNuCoachPortalSuite","HabitNuCoachesPortalRegression-PartA","CoachesPortal.DiscussionForumPage","CoachesPortal.DiscussionForumPage","case22","test1 > Given I am logged in as coach, I am validating Edit Post-Close button.","test1 > Given I am logged in as coach, I am validating Edit Post-Close button."
"passed","Tue Apr 14 22:27:21 UTC 2026","Tue Apr 14 22:27:24 UTC 2026","3623","HabitNuCoachPortalSuite","Paywal","CoachesPortal.payWall","CoachesPortal.payWall","testPublishPaymentPlan","COP-T390: Publish the monthly Payment Plan",""
"skipped","Tue Apr 14 22:29:35 UTC 2026","Tue Apr 14 22:29:35 UTC 2026","0","HabitNuCoachPortalSuite","Paywal","CoachesPortal.payWall","CoachesPortal.payWall","testUnpublishedPlanIsHiddenFromUser","COP-T414: Validate user cannot see unpublished plans",""
"passed","Tue Apr 14 23:19:53 UTC 2026","Tue Apr 14 23:19:56 UTC 2026","2635","HabitNuCoachPortalSuite","DifferentTypeOfCohorts","CoachesPortal.liteCohorts","CoachesPortal.liteCohorts","case2","test1 > Given I am logged in as admin, I am validating Lite cohorts modules","test1 > Given I am logged in as admin, I am validating Lite cohorts modules, where cohort's Program type=NDPP, Delivery type=Onsite"
"passed","Tue Apr 14 23:00:20 UTC 2026","Tue Apr 14 23:00:24 UTC 2026","4272","HabitNuCoachPortalSuite","Milestones","CoachesPortal.VAMilestone","CoachesPortal.VAMilestone","test1_navigatingcoach","Given user is navigating to coaches portal",""
"broken","Tue Apr 14 23:13:32 UTC 2026","Tue Apr 14 23:14:33 UTC 2026","61227","HabitNuCoachPortalSuite","DifferentTypeOfDashboards","CoachesPortal.CohortLevelDashboard.ParticipantsProgressTracker","CoachesPortal.CohortLevelDashboard.ParticipantsProgressTracker","test4_Change_Filter_Status","And user is able to change the participants status",""
"passed","Tue Apr 14 21:37:00 UTC 2026","Tue Apr 14 21:37:01 UTC 2026","779","HabitNuCoachPortalSuite","HabitNuCoachesPortalRegression-PartB","CoachesPortal.OnsiteUsersListDashboard","CoachesPortal.OnsiteUsersListDashboard","case5","test1 > Given I am logged in as coach, Seach user by email.","test1 > Given I am logged in as coach, Seach user by email."
"broken","Tue Apr 14 22:02:46 UTC 2026","Tue Apr 14 22:03:16 UTC 2026","30219","HabitNuCoachPortalSuite","HabitNuCoachesPortalRegression-PartB","CoachesPortal.PatientDetails.PatientProfileDemographic","CoachesPortal.PatientDetails.PatientProfileDemographic","editverifyProgramDetailsWithIsActive","test1 > Given I am logged in as customer admin, verify cancel and update buttons are present for program details","test1 > Given I am logged in as customer admin, verify cancel and update buttons are present for program details"
"passed","Tue Apr 14 21:25:27 UTC 2026","Tue Apr 14 21:25:42 UTC 2026","15303","HabitNuCoachPortalSuite","HabitNuCoachesPortalRegression-PartA","CoachesPortal.DiscussionForumPage","CoachesPortal.DiscussionForumPage","case17","test1 > Given I am logged in as coach, I am validating Upload more than 5 files.- Error.","test1 > Given I am logged in as coach, I am validating Upload more than 5 files.- Error"
"passed","Tue Apr 14 22:22:22 UTC 2026","Tue Apr 14 22:22:22 UTC 2026","299","HabitNuCoachPortalSuite","Scheduler","CoachesPortal.Schedular","CoachesPortal.Schedular","cancelMeeting","test8 >  Given I am logged in as coach, and on time slot page, When I click on created appointment, Then I should see Cancel meeting button, When I click on it, Then Should be able to cancel it","coach login - User should be able to cancel appointment"
"passed","Tue Apr 14 23:06:11 UTC 2026","Tue Apr 14 23:06:11 UTC 2026","565","HabitNuCoachPortalSuite","FeatureFlags","CoachesPortal.FeatureFlags","CoachesPortal.FeatureFlags","test18_deleteuser","delete rule",""
"broken","Tue Apr 14 23:04:35 UTC 2026","Tue Apr 14 23:05:00 UTC 2026","24575","HabitNuCoachPortalSuite","FeatureFlags","CoachesPortal.FeatureFlags","CoachesPortal.FeatureFlags","test13_addrulesforprogram","And user is able to add the rule for program level",""
"broken","Tue Apr 14 21:47:42 UTC 2026","Tue Apr 14 21:48:13 UTC 2026","30183","HabitNuCoachPortalSuite","HabitNuCoachesPortalRegression-PartB","CoachesPortal.PatientDetails.PatientProfileDemographic","CoachesPortal.PatientDetails.PatientProfileDemographic","editverifyProgramDetailsWithIsActive","test1 > Given I am logged in as coach, verify cancel and update buttons are present for program details","test1 > Given I am logged in as coach, verify cancel and update buttons are present for program details"
"passed","Tue Apr 14 22:01:00 UTC 2026","Tue Apr 14 22:01:00 UTC 2026","4","HabitNuCoachPortalSuite","HabitNuCoachesPortalRegression-PartB","CoachesPortal.PatientDetails.PatientProfileDemographic","CoachesPortal.PatientDetails.PatientProfileDemographic","updateethnicity_race_info","test1 > Given I am logged in as coach, ethnicity_race_info","test1 > Given I am logged in as coach, ethnicity_race_info"
"broken","Tue Apr 14 20:49:28 UTC 2026","Tue Apr 14 20:49:43 UTC 2026","15397","HabitNuCoachPortalSuite","HabitNuCoachesPortalRegression-PartA","CoachesPortal.CohortLevelDashboard.CohortLevelDashboardPage","CoachesPortal.CohortLevelDashboard.CohortLevelDashboardPage","case7","participant activity- All options in the graph.",""
"passed","Tue Apr 14 21:37:46 UTC 2026","Tue Apr 14 21:37:46 UTC 2026","206","HabitNuCoachPortalSuite","HabitNuCoachesPortalRegression-PartB","CoachesPortal.OnsiteUsersListDashboard","CoachesPortal.OnsiteUsersListDashboard","case23","test1 > Given I am logged in as coach, Action- Request Form Survey.","test1 > Given I am logged in as coach, Action- Request Form Survey."
"passed","Tue Apr 14 23:10:01 UTC 2026","Tue Apr 14 23:10:07 UTC 2026","5926","HabitNuCoachPortalSuite","DifferentTypeOfDashboards","CoachesPortal.CohortLevelDashboard.DSMEDashboardCoachesPortal","CoachesPortal.CohortLevelDashboard.DSMEDashboardCoachesPortal","test1_Navigating","Given user is navigating to coaches portal",""
"broken","Tue Apr 14 21:38:25 UTC 2026","Tue Apr 14 21:38:30 UTC 2026","5405","HabitNuCoachPortalSuite","HabitNuCoachesPortalRegression-PartB","CoachesPortal.OnsiteUsersListDashboard","CoachesPortal.OnsiteUsersListDashboard","case30","test1 > Given I am logged in as customerAdmin, validate userList as customerAdmin-Verify all elements are present.","test1 > Given I am logged in as customerAdmin, validate userList as customerAdmin-Verify all elements are present."
"failed","Tue Apr 14 23:08:14 UTC 2026","Tue Apr 14 23:08:15 UTC 2026","768","HabitNuCoachPortalSuite","DifferentTypeOfDashboards","CoachesPortal.CohortLevelDashboard.OnlineCohortDashboard","CoachesPortal.CohortLevelDashboard.OnlineCohortDashboard","case5","test1 > Given I am logged in as coach, I am validating online cohort 'Weight Loss By Participants validation on graph with 'Added by coach' option","test1 > Given I am logged in as coach, I am validating online cohort 'Weight Loss By Participants validation on graph with 'Added by coach' option"
"passed","Tue Apr 14 22:46:22 UTC 2026","Tue Apr 14 22:46:22 UTC 2026","8","HabitNuCoachPortalSuite","GroupDPPClassPlanner","CoachesPortal.ClassPlanner","CoachesPortal.ClassPlanner","case11","Create multiple cards under List",""
"passed","Tue Apr 14 22:27:18 UTC 2026","Tue Apr 14 22:27:21 UTC 2026","3027","HabitNuCoachPortalSuite","Paywal","CoachesPortal.payWall","CoachesPortal.payWall","testEditDraftPaymentPlan","COP-T389: Edit the Monthly Draft Payment Plan",""
"broken","Tue Apr 14 22:59:28 UTC 2026","Tue Apr 14 22:59:53 UTC 2026","24929","HabitNuCoachPortalSuite","Milestones","CoachesPortal.BPSMMilestone","CoachesPortal.BPSMMilestone","test10_groupinteraction","And user is able to add group interaction with seminar name",""
"passed","Tue Apr 14 22:37:04 UTC 2026","Tue Apr 14 22:37:04 UTC 2026","12","HabitNuCoachPortalSuite","ProjectPowerDashboard","CoachesPortal.ProjectPowerDashboard","CoachesPortal.ProjectPowerDashboard","verifyACTIVE_IN_PHASE_1","go to coaches portal - Project Power-verify ACTIVE IN PHASE 1 users",""
"passed","Tue Apr 14 22:28:15 UTC 2026","Tue Apr 14 22:28:17 UTC 2026","1581","HabitNuCoachPortalSuite","Paywal","CoachesPortal.payWall","CoachesPortal.payWall","testFilterTransactions","COP-T400: Validate all transaction filters",""
"skipped","Tue Apr 14 23:03:55 UTC 2026","Tue Apr 14 23:03:55 UTC 2026","0","HabitNuCoachPortalSuite","UserDashboard","CoachesPortal.PatientDashboard","CoachesPortal.PatientDashboard","Last_BeforeMeal_Blood_Sugar","Physical Activity History section",""
"passed","Tue Apr 14 22:37:04 UTC 2026","Tue Apr 14 22:37:04 UTC 2026","16","HabitNuCoachPortalSuite","ProjectPowerDashboard","CoachesPortal.ProjectPowerDashboard","CoachesPortal.ProjectPowerDashboard","verifyM3","It should display the total number of participants who have completed atleast 8 sessions",""
"passed","Tue Apr 14 22:37:04 UTC 2026","Tue Apr 14 22:37:04 UTC 2026","35","HabitNuCoachPortalSuite","ProjectPowerDashboard","CoachesPortal.ProjectPowerDashboard","CoachesPortal.ProjectPowerDashboard","verifyYet_to_Confirm","go to coaches portal - Project Power-verify Yet to Confirm users",""
"passed","Tue Apr 14 22:27:54 UTC 2026","Tue Apr 14 22:27:57 UTC 2026","2536","HabitNuCoachPortalSuite","Paywal","CoachesPortal.payWall","CoachesPortal.payWall","testFilterSubscriptions","COP-T397–399: Validate subscription filters",""
"passed","Tue Apr 14 22:59:11 UTC 2026","Tue Apr 14 22:59:13 UTC 2026","2344","HabitNuCoachPortalSuite","Milestones","CoachesPortal.BPSMMilestone","CoachesPortal.BPSMMilestone","test2_changecohort","When user is able to change the cohort",""
"broken","Tue Apr 14 23:04:12 UTC 2026","Tue Apr 14 23:04:35 UTC 2026","23537","HabitNuCoachPortalSuite","FeatureFlags","CoachesPortal.FeatureFlags","CoachesPortal.FeatureFlags","test12_addrulesforcohort","And user is able to add the rule for cohort level",""
"broken","Tue Apr 14 22:25:38 UTC 2026","Tue Apr 14 22:25:38 UTC 2026","100","HabitNuCoachPortalSuite","Scheduler","CoachesPortal.Schedular","CoachesPortal.Schedular","validateInteractionEntries_Interaction_Type","test1 > Given I am logged in as coach, verify group interaction entries are made automatically when meet is attended for min of 1min > Validating field==Interaction_Typ","test1 > Given I am logged in as coach, verify group interaction entries are made automatically when meet is attended for min of 1min > Validating field==Interaction_Typ"
"passed","Tue Apr 14 21:20:23 UTC 2026","Tue Apr 14 21:20:32 UTC 2026","9330","HabitNuCoachPortalSuite","HabitNuCoachesPortalRegression-PartA","CoachesPortal.DiscussionForumPage","CoachesPortal.DiscussionForumPage","case12","test1 > Given I am logged in as admin, I am validating File upload- subject only- error.","test1 > Given I am logged in as admin, I am validating File upload- subject only- error."
"passed","Tue Apr 14 22:53:56 UTC 2026","Tue Apr 14 22:54:01 UTC 2026","5496","HabitNuCoachPortalSuite","GeneralContent","CoachesPortal.generalContent_WEb_Coaches","CoachesPortal.generalContent_WEb_Coaches","case1","going to general content throgh Profile.",""
"broken","Tue Apr 14 22:01:01 UTC 2026","Tue Apr 14 22:01:31 UTC 2026","30152","HabitNuCoachPortalSuite","HabitNuCoachesPortalRegression-PartB","CoachesPortal.PatientDetails.PatientProfileDemographic","CoachesPortal.PatientDetails.PatientProfileDemographic","verifyConfirmed_By_CoachYes","test1 > Given I am logged in as coach, verifyConfirmed_By_Coach by clicking on Yes","test1 > Given I am logged in as coach, verifyConfirmed_By_Coach by clicking on Yes"
"broken","Tue Apr 14 23:11:21 UTC 2026","Tue Apr 14 23:11:28 UTC 2026","7585","HabitNuCoachPortalSuite","DifferentTypeOfDashboards","CoachesPortal.CohortLevelDashboard.DSMEDashboardCoachesPortal","CoachesPortal.CohortLevelDashboard.DSMEDashboardCoachesPortal","test6_Disenrolled","And user is validating Disenrolled",""
"passed","Tue Apr 14 21:21:43 UTC 2026","Tue Apr 14 21:21:45 UTC 2026","2094","HabitNuCoachPortalSuite","HabitNuCoachesPortalRegression-PartA","CoachesPortal.DiscussionForumPage","CoachesPortal.DiscussionForumPage","case23","test1 > Given I am logged in as admin, I am validating Click Delete - Cancel","test1 > Given I am logged in as admin, I am validating Click Delete - Cancel"
"passed","Tue Apr 14 21:05:59 UTC 2026","Tue Apr 14 21:06:17 UTC 2026","18704","HabitNuCoachPortalSuite","HabitNuCoachesPortalRegression-PartA","CoachesPortal.LearnModule.Learn","CoachesPortal.LearnModule.Learn","deleteCourseContent","delete course content",""
"passed","Tue Apr 14 22:37:21 UTC 2026","Tue Apr 14 22:37:58 UTC 2026","36507","HabitNuCoachPortalSuite","ProjectPowerDashboard","CoachesPortal.ProjectPowerDashboard","CoachesPortal.ProjectPowerDashboard","verifyM1GraphwithfilterAsAllTime","verifyM1GraphwithfilterAsAllTime",""
"broken","Tue Apr 14 22:01:00 UTC 2026","Tue Apr 14 22:01:00 UTC 2026","82","HabitNuCoachPortalSuite","HabitNuCoachesPortalRegression-PartB","CoachesPortal.PatientDetails.PatientProfileDemographic","CoachesPortal.PatientDetails.PatientProfileDemographic","testDropdownOptions","test1 > Given I am logged in as coach, testDropdownOptions","test1 > Given I am logged in as coach, testDropdownOptions"
"passed","Tue Apr 14 23:08:44 UTC 2026","Tue Apr 14 23:08:44 UTC 2026","41","HabitNuCoachPortalSuite","DifferentTypeOfDashboards","CoachesPortal.CohortLevelDashboard.OnlineCohortDashboard","CoachesPortal.CohortLevelDashboard.OnlineCohortDashboard","coachName","test1 > Given I am logged in as coach, I am validating online cohort 'dashboard-card=coachName","test1 > Given I am logged in as coach, I am validating online cohort 'dashboard-card=coachName"
"passed","Tue Apr 14 22:01:01 UTC 2026","Tue Apr 14 22:01:01 UTC 2026","9","HabitNuCoachPortalSuite","HabitNuCoachesPortalRegression-PartB","CoachesPortal.PatientDetails.PatientProfileDemographic","CoachesPortal.PatientDetails.PatientProfileDemographic","updateCurrentGender","test1 > Given I am logged in as coach, Current Gender","test1 > Given I am logged in as coach, Current Gender"
"passed","Tue Apr 14 22:36:28 UTC 2026","Tue Apr 14 22:36:31 UTC 2026","3075","HabitNuCoachPortalSuite","HabitNuCoachesPortalRegression-PartC","CoachesPortal.PatientDetails.PatientProfilePayerType","CoachesPortal.PatientDetails.PatientProfilePayerType","deletePayerTypes","verify PayerType can be deleted",""
"failed","Tue Apr 14 22:39:13 UTC 2026","Tue Apr 14 22:39:24 UTC 2026","10603","HabitNuCoachPortalSuite","ProjectPowerDashboard","CoachesPortal.ProjectPowerDashboard","CoachesPortal.ProjectPowerDashboard","verifyADAMilestoneFor6Months","All cohort dashboard for project power - ADA milestone trend - 6months",""
"passed","Tue Apr 14 22:42:15 UTC 2026","Tue Apr 14 22:42:21 UTC 2026","6644","HabitNuCoachPortalSuite","LogClassSession","CoachesPortal.LogClassSection","CoachesPortal.LogClassSection","verifyAddOnlyAttendanceDate","Add Only AttendanceDate",""
"passed","Tue Apr 14 22:12:24 UTC 2026","Tue Apr 14 22:12:24 UTC 2026","643","HabitNuCoachPortalSuite","PatientsProfileAllergies","CoachesPortal.PatientDetails.PatientsProfileAllergies","CoachesPortal.PatientDetails.PatientsProfileAllergies","deleteMedication","delete allergy for Ethylen",""
"passed","Tue Apr 14 22:27:24 UTC 2026","Tue Apr 14 22:27:28 UTC 2026","3708","HabitNuCoachPortalSuite","Paywal","CoachesPortal.payWall","CoachesPortal.payWall","testPublishAnnualPaymentPlan","COP-T390B: Publish the Annual Payment Plan",""
"skipped","Tue Apr 14 23:03:55 UTC 2026","Tue Apr 14 23:03:55 UTC 2026","0","HabitNuCoachPortalSuite","UserDashboard","CoachesPortal.PatientDashboard","CoachesPortal.PatientDashboard","patientWeeklyStatus_CoachInteractions","patientWeeklyStatus_CoachInteractions",""
"passed","Tue Apr 14 21:25:50 UTC 2026","Tue Apr 14 21:25:51 UTC 2026","1239","HabitNuCoachPortalSuite","HabitNuCoachesPortalRegression-PartA","CoachesPortal.DiscussionForumPage","CoachesPortal.DiscussionForumPage","case21","test1 > Given I am logged in as coach, I am validating Edit Post-Remove File.","test1 > Given I am logged in as coach, I am validating Edit Post-Remove File."
"skipped","Tue Apr 14 23:03:55 UTC 2026","Tue Apr 14 23:03:55 UTC 2026","0","HabitNuCoachPortalSuite","UserDashboard","CoachesPortal.PatientDashboard","CoachesPortal.PatientDashboard","patientWeeklyStatus_STEPS","patientWeeklyStatus_STEPS",""
"passed","Tue Apr 14 22:27:39 UTC 2026","Tue Apr 14 22:27:42 UTC 2026","3241","HabitNuCoachPortalSuite","Paywal","CoachesPortal.payWall","CoachesPortal.payWall","testFilterSubscriptions","COP-T397–399: Validate subscription filters",""
"passed","Tue Apr 14 22:46:17 UTC 2026","Tue Apr 14 22:46:18 UTC 2026","794","HabitNuCoachPortalSuite","GroupDPPClassPlanner","CoachesPortal.ClassPlanner","CoachesPortal.ClassPlanner","case4","create multiple lists",""
"passed","Tue Apr 14 22:43:26 UTC 2026","Tue Apr 14 22:43:43 UTC 2026","17017","HabitNuCoachPortalSuite","LogClassSession","CoachesPortal.LogClassSection","CoachesPortal.LogClassSection","verifyAddWeightAttendanceDateAndPAAndLF","Add weight,attendance date and PA And LF",""
"passed","Tue Apr 14 22:08:40 UTC 2026","Tue Apr 14 22:08:40 UTC 2026","47","HabitNuCoachPortalSuite","HabitNuCoachesPortalRegression-PartB","CoachesPortal.PatientDetails.PatientProfileDemographic","CoachesPortal.PatientDetails.PatientProfileDemographic","verifyOtherdetails","test1 > Given I am logged in as customer admin, verifyOtherdetails","test1 > Given I am logged in as customer admin, verifyOtherdetails"
"passed","Tue Apr 14 21:36:54 UTC 2026","Tue Apr 14 21:36:59 UTC 2026","4931","HabitNuCoachPortalSuite","HabitNuCoachesPortalRegression-PartB","CoachesPortal.OnsiteUsersListDashboard","CoachesPortal.OnsiteUsersListDashboard","case1","test1 > Given I am logged in as coach, Search for 'automationForLogclass' and click on users.","test1 > Given I am logged in as coach, Search for 'automationForLogclass' and click on users."
"passed","Tue Apr 14 21:20:11 UTC 2026","Tue Apr 14 21:20:12 UTC 2026","1161","HabitNuCoachPortalSuite","HabitNuCoachesPortalRegression-PartA","CoachesPortal.DiscussionForumPage","CoachesPortal.DiscussionForumPage","case9","test1 > Given I am logged in as admin, I am validating Post empty comment- error message.","test1 > Given I am logged in as admin, I am validating Post empty comment- error message."
"broken","Tue Apr 14 22:25:38 UTC 2026","Tue Apr 14 22:25:38 UTC 2026","114","HabitNuCoachPortalSuite","Scheduler","CoachesPortal.Schedular","CoachesPortal.Schedular","validateInteractionEntries_UpdatedBy","test1 > Given I am logged in as coach, verify group interaction entries are made automatically when meet is attended for min of 1min > Validating field==UpdatedBy","test1 > Given I am logged in as coach, verify group interaction entries are made automatically when meet is attended for min of 1min > Validating field==UpdatedBy"
"passed","Tue Apr 14 21:25:54 UTC 2026","Tue Apr 14 21:26:00 UTC 2026","5818","HabitNuCoachPortalSuite","HabitNuCoachesPortalRegression-PartA","CoachesPortal.DiscussionForumPage","CoachesPortal.DiscussionForumPage","case25","test1 > Given I am logged in as coach, I am validating Comment on pinned post.","test1 > Given I am logged in as coach, I am validating Comment on pinned post."
"broken","Tue Apr 14 23:05:49 UTC 2026","Tue Apr 14 23:06:11 UTC 2026","21884","HabitNuCoachPortalSuite","FeatureFlags","CoachesPortal.FeatureFlags","CoachesPortal.FeatureFlags","test17_addrulesforcohort_multipletimes","And user is able to add the rule for cohort level multiple times",""
"skipped","Tue Apr 14 22:29:35 UTC 2026","Tue Apr 14 22:29:35 UTC 2026","0","HabitNuCoachPortalSuite","Paywal","CoachesPortal.payWall","CoachesPortal.payWall","testMultiplePlansLinkedToProgram","COP-T412: Validate multiple plans linked to a program",""
"passed","Tue Apr 14 22:37:09 UTC 2026","Tue Apr 14 22:37:14 UTC 2026","5030","HabitNuCoachPortalSuite","ProjectPowerDashboard","CoachesPortal.ProjectPowerDashboard","CoachesPortal.ProjectPowerDashboard","verifyM1GraphwithfilterAs6months","verifyM1GraphwithfilterAs6months",""
"passed","Tue Apr 14 21:00:32 UTC 2026","Tue Apr 14 21:00:40 UTC 2026","7917","HabitNuCoachPortalSuite","HabitNuCoachesPortalRegression-PartA","CoachesPortal.LearnModule.Learn","CoachesPortal.LearnModule.Learn","addCourseToTheCohort","add course to the cohort",""
"passed","Tue Apr 14 22:21:26 UTC 2026","Tue Apr 14 22:21:26 UTC 2026","1","HabitNuCoachPortalSuite","Scheduler","CoachesPortal.Schedular","CoachesPortal.Schedular","userYesToTheMeet","test1 > Given I am logged in as admin, verify user response to meet attendance - YES","test1 > Given I am logged in as admin, verify user response to meet attendance - YES"
"passed","Tue Apr 14 23:19:56 UTC 2026","Tue Apr 14 23:19:59 UTC 2026","3526","HabitNuCoachPortalSuite","DifferentTypeOfCohorts","CoachesPortal.liteCohorts","CoachesPortal.liteCohorts","case3","test1 > Given I am logged in as admin, I am validating Lite cohorts modules","test1 > Given I am logged in as admin, I am validating Lite cohorts modules, where cohort's Program type=DSME, Delivery type=Onsite"
"passed","Tue Apr 14 23:04:07 UTC 2026","Tue Apr 14 23:04:07 UTC 2026","78","HabitNuCoachPortalSuite","FeatureFlags","CoachesPortal.FeatureFlags","CoachesPortal.FeatureFlags","test10_clickaddrule","And user is able to click on add rule button",""
"passed","Tue Apr 14 22:37:04 UTC 2026","Tue Apr 14 22:37:04 UTC 2026","11","HabitNuCoachPortalSuite","ProjectPowerDashboard","CoachesPortal.ProjectPowerDashboard","CoachesPortal.ProjectPowerDashboard","verify5percentWeightLoss","It should display the total number of participants who have achieved 5% weight loss",""
"passed","Tue Apr 14 21:24:22 UTC 2026","Tue Apr 14 21:24:23 UTC 2026","1292","HabitNuCoachPortalSuite","HabitNuCoachesPortalRegression-PartA","CoachesPortal.DiscussionForumPage","CoachesPortal.DiscussionForumPage","case10","test1 > Given I am logged in as coach, I am validating post comment-success.","test1 > Given I am logged in as coach, I am validating post comment-success."
"failed","Tue Apr 14 23:10:30 UTC 2026","Tue Apr 14 23:10:48 UTC 2026","18131","HabitNuCoachPortalSuite","DifferentTypeOfDashboards","CoachesPortal.CohortLevelDashboard.DSMEDashboardCoachesPortal","CoachesPortal.CohortLevelDashboard.DSMEDashboardCoachesPortal","test3_pending","And user is validating pending",""
"passed","Tue Apr 14 22:11:49 UTC 2026","Tue Apr 14 22:12:24 UTC 2026","35032","HabitNuCoachPortalSuite","PatientsProfileAllergies","CoachesPortal.PatientDetails.PatientsProfileAllergies","CoachesPortal.PatientDetails.PatientsProfileAllergies","verifyPersonalDetails","Add Allergy of Ethlen",""
"broken","Tue Apr 14 22:48:53 UTC 2026","Tue Apr 14 22:49:53 UTC 2026","60164","HabitNuCoachPortalSuite","GroupDPPClassPlanner","CoachesPortal.ClassPlanner","CoachesPortal.ClassPlanner","case24","Verify the elements of Group class planner in cohort",""
"passed","Tue Apr 14 21:33:09 UTC 2026","Tue Apr 14 21:33:10 UTC 2026","1163","HabitNuCoachPortalSuite","HabitNuCoachesPortalRegression-PartA","CoachesPortal.DirectMessage","CoachesPortal.DirectMessage","searchParticipantByLastName","Search by lastname > It should display the participant by lastname",""
"passed","Tue Apr 14 21:24:20 UTC 2026","Tue Apr 14 21:24:21 UTC 2026","1238","HabitNuCoachPortalSuite","HabitNuCoachesPortalRegression-PartA","CoachesPortal.DiscussionForumPage","CoachesPortal.DiscussionForumPage","case8","test1 > Given I am logged in as coach, I am validating Add describe only- success post.","test1 > Given I am logged in as coach, I am validating Add describe only- success post."
"broken","Tue Apr 14 21:52:55 UTC 2026","Tue Apr 14 21:53:26 UTC 2026","30718","HabitNuCoachPortalSuite","HabitNuCoachesPortalRegression-PartB","CoachesPortal.PatientDetails.PatientProfileDemographic","CoachesPortal.PatientDetails.PatientProfileDemographic","updateDisenrollmentDetails_with_onlyDisenrolledReason","test1 > Given I am logged in as coach, try updating DisenrollmentDetails with only diseenrolledReason data","test1 > Given I am logged in as coach, try updating DisenrollmentDetails with only diseenrolledReason data"
"failed","Tue Apr 14 23:09:59 UTC 2026","Tue Apr 14 23:09:59 UTC 2026","232","HabitNuCoachPortalSuite","DifferentTypeOfDashboards","CoachesPortal.CohortLevelDashboard.OnsiteCohortDashboard","CoachesPortal.CohortLevelDashboard.OnsiteCohortDashboard","sessionAttendanceGraph","test1 > Given I am logged in as coach, I am validating onsite cohort 'sessionAttendanceGraph","test1 > Given I am logged in as coach, I am validating onsite cohort 'sessionAttendanceGraph"
"failed","Tue Apr 14 23:09:08 UTC 2026","Tue Apr 14 23:09:17 UTC 2026","8868","HabitNuCoachPortalSuite","DifferentTypeOfDashboards","CoachesPortal.CohortLevelDashboard.OnsiteCohortDashboard","CoachesPortal.CohortLevelDashboard.OnsiteCohortDashboard","fivePercentWeightLossCard","test1 > Given I am logged in as coach, I am validating onsite cohort 'dashboard-card=fivePercentWeightLossCardCount","test1 > Given I am logged in as coach, I am validating onsite cohort 'dashboard-card=fivePercentWeightLossCardCount"
"passed","Tue Apr 14 20:59:24 UTC 2026","Tue Apr 14 20:59:25 UTC 2026","1086","HabitNuCoachPortalSuite","HabitNuCoachesPortalRegression-PartA","CoachesPortal.LearnModule.Learn","CoachesPortal.LearnModule.Learn","verifyLandingPageWhichIsProgramsHeadlined","Verify CustomerAdmin now lands on Course configuration page (Programs)",""
"failed","Tue Apr 14 23:09:51 UTC 2026","Tue Apr 14 23:09:52 UTC 2026","1551","HabitNuCoachPortalSuite","DifferentTypeOfDashboards","CoachesPortal.CohortLevelDashboard.OnsiteCohortDashboard","CoachesPortal.CohortLevelDashboard.OnsiteCohortDashboard","activeParticipants","test1 > Given I am logged in as coach, I am validating onsite cohort 'dashboard-card=activeParticipants","test1 > Given I am logged in as coach, I am validating onsite cohort 'dashboard-card=activeParticipants"
"passed","Tue Apr 14 22:55:42 UTC 2026","Tue Apr 14 22:55:43 UTC 2026","1333","HabitNuCoachPortalSuite","GeneralContent","CoachesPortal.generalContent_WEb_Coaches","CoachesPortal.generalContent_WEb_Coaches","CoachesPortalGroup","delecting created Group",""
"passed","Tue Apr 14 23:04:04 UTC 2026","Tue Apr 14 23:04:05 UTC 2026","579","HabitNuCoachPortalSuite","FeatureFlags","CoachesPortal.FeatureFlags","CoachesPortal.FeatureFlags","test6_validatingfeatureflags","And user is validating the Feature Flags section ",""
"failed","Tue Apr 14 22:39:24 UTC 2026","Tue Apr 14 22:39:34 UTC 2026","10612","HabitNuCoachPortalSuite","ProjectPowerDashboard","CoachesPortal.ProjectPowerDashboard","CoachesPortal.ProjectPowerDashboard","verifyADAMilestoneFor12Months","All cohort dashboard for project power - ADA milestone trend - 12months",""
"passed","Tue Apr 14 22:28:11 UTC 2026","Tue Apr 14 22:28:11 UTC 2026","885","HabitNuCoachPortalSuite","Paywal","CoachesPortal.payWall","CoachesPortal.payWall","testFilterTransactions","COP-T400: Validate all transaction filters",""
"passed","Tue Apr 14 21:33:08 UTC 2026","Tue Apr 14 21:33:09 UTC 2026","1170","HabitNuCoachPortalSuite","HabitNuCoachesPortalRegression-PartA","CoachesPortal.DirectMessage","CoachesPortal.DirectMessage","searchParticipantByFirstName","Search by firstname > It should display the participant by firstname",""
"broken","Tue Apr 14 22:18:34 UTC 2026","Tue Apr 14 22:18:57 UTC 2026","22473","HabitNuCoachPortalSuite","UserActivities","CoachesPortal.PatientDetails.UserActivitiesTobacco","CoachesPortal.PatientDetails.UserActivitiesTobacco","verifyYesterdayBPDataInCoachesPortal","As a coach adding tobacco to previous date",""
"broken","Tue Apr 14 21:16:52 UTC 2026","Tue Apr 14 21:17:12 UTC 2026","20448","HabitNuCoachPortalSuite","HabitNuCoachesPortalRegression-PartA","CoachesPortal.LearnModule.CustomerAdminCourseDocument","CoachesPortal.LearnModule.CustomerAdminCourseDocument","verifyDocumentEditAndClose","Document Edit and Close",""
"passed","Tue Apr 14 22:24:09 UTC 2026","Tue Apr 14 22:24:16 UTC 2026","6385","HabitNuCoachPortalSuite","Scheduler","CoachesPortal.Schedular","CoachesPortal.Schedular","userNoToTheMeet","test1 > Given I am logged in as coach, verify user response to meet attendance - NO","test1 > Given I am logged in as coach, verify user response to meet attendance - NO"
"broken","Tue Apr 14 20:51:48 UTC 2026","Tue Apr 14 20:52:03 UTC 2026","15414","HabitNuCoachPortalSuite","HabitNuCoachesPortalRegression-PartA","CoachesPortal.CohortLevelDashboard.CohortLevelDashboardPage","CoachesPortal.CohortLevelDashboard.CohortLevelDashboardPage","case19","Latest HbA1c of participant- graph.",""
"broken","Tue Apr 14 22:52:54 UTC 2026","Tue Apr 14 22:53:54 UTC 2026","60197","HabitNuCoachPortalSuite","GroupDPPClassPlanner","CoachesPortal.ClassPlanner","CoachesPortal.ClassPlanner","case35","validate user is able to view classPlanner item==text",""
"passed","Tue Apr 14 22:41:32 UTC 2026","Tue Apr 14 22:41:32 UTC 2026","113","HabitNuCoachPortalSuite","LoginPageCases","CoachesPortal.LoginPageCases","CoachesPortal.LoginPageCases","case17","Coaches Portal Login URL -> Click on terms of use",""
"passed","Tue Apr 14 21:20:13 UTC 2026","Tue Apr 14 21:20:23 UTC 2026","9169","HabitNuCoachPortalSuite","HabitNuCoachesPortalRegression-PartA","CoachesPortal.DiscussionForumPage","CoachesPortal.DiscussionForumPage","case11","test1 > Given I am logged in as admin, I am validating File upload- error","test1 > Given I am logged in as admin, I am validating File upload- error"
"broken","Tue Apr 14 21:56:59 UTC 2026","Tue Apr 14 21:57:29 UTC 2026","30182","HabitNuCoachPortalSuite","HabitNuCoachesPortalRegression-PartB","CoachesPortal.PatientDetails.PatientProfileDemographic","CoachesPortal.PatientDetails.PatientProfileDemographic","updateAndVerifyCDCDetails","test1 > Given I am logged in as coach, updateAndVerifyCDCDetails","test1 > Given I am logged in as coach, updateAndVerifyCDCDetails"
"skipped","Tue Apr 14 23:03:55 UTC 2026","Tue Apr 14 23:03:55 UTC 2026","0","HabitNuCoachPortalSuite","UserDashboard","CoachesPortal.PatientDashboard","CoachesPortal.PatientDashboard","patientWeeklyStatus_Meals","patientWeeklyStatus_Meals",""
"passed","Tue Apr 14 22:36:21 UTC 2026","Tue Apr 14 22:36:22 UTC 2026","854","HabitNuCoachPortalSuite","HabitNuCoachesPortalRegression-PartC","CoachesPortal.PatientDetails.PatientProfilePayerType","CoachesPortal.PatientDetails.PatientProfilePayerType","editPayerType","edit PayerType for Ethylen",""
"passed","Tue Apr 14 22:28:17 UTC 2026","Tue Apr 14 22:28:19 UTC 2026","2107","HabitNuCoachPortalSuite","Paywal","CoachesPortal.payWall","CoachesPortal.payWall","testFilterTransactions","COP-T400: Validate all transaction filters",""
"passed","Tue Apr 14 22:09:13 UTC 2026","Tue Apr 14 22:09:13 UTC 2026","104","HabitNuCoachPortalSuite","HabitNuCoachesPortalRegression-PartB","CoachesPortal.PatientDetails.PatientProfileDemographic","CoachesPortal.PatientDetails.PatientProfileDemographic","testDropdownOptions","test1 > Given I am logged in as customer admin, testDropdownOptions","test1 > Given I am logged in as customer admin, testDropdownOptions"
"passed","Tue Apr 14 21:33:04 UTC 2026","Tue Apr 14 21:33:07 UTC 2026","3149","HabitNuCoachPortalSuite","HabitNuCoachesPortalRegression-PartA","CoachesPortal.DirectMessage","CoachesPortal.DirectMessage","verify_Existing_message","It should display the existing message",""
"passed","Tue Apr 14 23:12:11 UTC 2026","Tue Apr 14 23:12:14 UTC 2026","3649","HabitNuCoachPortalSuite","DifferentTypeOfDashboards","CoachesPortal.CohortLevelDashboard.DSMEDashboardCoachesPortal","CoachesPortal.CohortLevelDashboard.DSMEDashboardCoachesPortal","test11_ReferralManager_addparticipantsreferral_addnotes","And user is able to add notes in referral manager",""
"passed","Tue Apr 14 22:37:04 UTC 2026","Tue Apr 14 22:37:04 UTC 2026","37","HabitNuCoachPortalSuite","ProjectPowerDashboard","CoachesPortal.ProjectPowerDashboard","CoachesPortal.ProjectPowerDashboard","verifyCumulative_EnrollmentGraphPresence","It should display the graph of enrollment of participants on monthly basis",""
"passed","Tue Apr 14 23:00:47 UTC 2026","Tue Apr 14 23:00:58 UTC 2026","10458","HabitNuCoachPortalSuite","Milestones","CoachesPortal.VAMilestone","CoachesPortal.VAMilestone","test10_validating_VAHeaders_data","And user is validating to VAHeaders data by clicking arrow button",""
"passed","Tue Apr 14 22:37:04 UTC 2026","Tue Apr 14 22:37:04 UTC 2026","12","HabitNuCoachPortalSuite","ProjectPowerDashboard","CoachesPortal.ProjectPowerDashboard","CoachesPortal.ProjectPowerDashboard","verifyUNCONFIRMED","go to coaches portal - Project Power-verify UNCONFIRMED users",""
"broken","Tue Apr 14 21:54:58 UTC 2026","Tue Apr 14 21:55:28 UTC 2026","30183","HabitNuCoachPortalSuite","HabitNuCoachesPortalRegression-PartB","CoachesPortal.PatientDetails.PatientProfileDemographic","CoachesPortal.PatientDetails.PatientProfileDemographic","updateAndVerifyCallDetails","test1 > Given I am logged in as coach, updateAndVerifyCallDetails","test1 > Given I am logged in as coach, updateAndVerifyCallDetails"
"failed","Tue Apr 14 23:09:41 UTC 2026","Tue Apr 14 23:09:41 UTC 2026","100","HabitNuCoachPortalSuite","DifferentTypeOfDashboards","CoachesPortal.CohortLevelDashboard.OnsiteCohortDashboard","CoachesPortal.CohortLevelDashboard.OnsiteCohortDashboard","male_female_card_withUdate_to_male","test1 > Given I am logged in as coach, I am validating onsite cohort 'dashboard-card=male_female_card_withUdate_to_male","test1 > Given I am logged in as coach, I am validating onsite cohort 'dashboard-card=male_female_card_withUdate_to_male"
"passed","Tue Apr 14 21:25:52 UTC 2026","Tue Apr 14 21:25:54 UTC 2026","2091","HabitNuCoachPortalSuite","HabitNuCoachesPortalRegression-PartA","CoachesPortal.DiscussionForumPage","CoachesPortal.DiscussionForumPage","case23","test1 > Given I am logged in as coach, I am validating Click Delete - Cancel","test1 > Given I am logged in as coach, I am validating Click Delete - Cancel"
"passed","Tue Apr 14 21:33:15 UTC 2026","Tue Apr 14 21:33:16 UTC 2026","1375","HabitNuCoachPortalSuite","HabitNuCoachesPortalRegression-PartA","CoachesPortal.DirectMessage","CoachesPortal.DirectMessage","selectPatientToSendMessage","select participants to send a message",""
"passed","Tue Apr 14 22:21:37 UTC 2026","Tue Apr 14 22:21:38 UTC 2026","905","HabitNuCoachPortalSuite","Scheduler","CoachesPortal.Schedular","CoachesPortal.Schedular","openAppoitmentCreateForm","test2 > Given I am logged in as coach, When I click on time slot, Then I should be able to see the create appointment form","coach login - It should open meeting form"
"passed","Tue Apr 14 22:46:24 UTC 2026","Tue Apr 14 22:46:25 UTC 2026","1304","HabitNuCoachPortalSuite","GroupDPPClassPlanner","CoachesPortal.ClassPlanner","CoachesPortal.ClassPlanner","case14","Archive the TEXT Created card",""
"passed","Tue Apr 14 22:37:04 UTC 2026","Tue Apr 14 22:37:04 UTC 2026","11","HabitNuCoachPortalSuite","ProjectPowerDashboard","CoachesPortal.ProjectPowerDashboard","CoachesPortal.ProjectPowerDashboard","verifyM2","It should display the total number of participants who have completed atleast 4 sessions",""
"passed","Tue Apr 14 22:41:56 UTC 2026","Tue Apr 14 22:42:00 UTC 2026","4347","HabitNuCoachPortalSuite","LogClassSession","CoachesPortal.LogClassSection","CoachesPortal.LogClassSection","verifySearchPatientById","Search Participant By ID",""
"passed","Tue Apr 14 21:26:02 UTC 2026","Tue Apr 14 21:28:19 UTC 2026","136603","HabitNuCoachPortalSuite","HabitNuCoachesPortalRegression-PartA","CoachesPortal.DiscussionForumPage","CoachesPortal.DiscussionForumPage","case27","test1 > Given I am logged in as coach, I am validating add max number of pinned posts(20).","test1 > Given I am logged in as coach, I am validating add max number of pinned posts(20)."
"passed","Tue Apr 14 21:30:21 UTC 2026","Tue Apr 14 21:30:22 UTC 2026","697","HabitNuCoachPortalSuite","HabitNuCoachesPortalRegression-PartA","CoachesPortal.DiscussionForumPage","CoachesPortal.DiscussionForumPage","case22","test1 > Given I am logged in as customerAdmin, I am validating Edit Post-Close button.","test1 > Given I am logged in as customerAdmin, I am validating Edit Post-Close button."
"passed","Tue Apr 14 22:03:46 UTC 2026","Tue Apr 14 22:03:46 UTC 2026","74","HabitNuCoachPortalSuite","HabitNuCoachesPortalRegression-PartB","CoachesPortal.PatientDetails.PatientProfileDemographic","CoachesPortal.PatientDetails.PatientProfileDemographic","verifyContactDetails","test1 > Given I am logged in as customer admin, verifyContactDetails","test1 > Given I am logged in as customer admin, verifyContactDetails"
"passed","Tue Apr 14 21:37:32 UTC 2026","Tue Apr 14 21:37:38 UTC 2026","5141","HabitNuCoachPortalSuite","HabitNuCoachesPortalRegression-PartB","CoachesPortal.OnsiteUsersListDashboard","CoachesPortal.OnsiteUsersListDashboard","case16","test1 > Given I am logged in as coach, Click on headphone icon- check for Pop up.","test1 > Given I am logged in as coach, Click on headphone icon- check for Pop up."
"passed","Tue Apr 14 22:41:07 UTC 2026","Tue Apr 14 22:41:13 UTC 2026","6504","HabitNuCoachPortalSuite","LoginPageCases","CoachesPortal.LoginPageCases","CoachesPortal.LoginPageCases","testLockAccount","validate users account gets locked after entering incorrect password for 3 times",""
"passed","Tue Apr 14 22:55:58 UTC 2026","Tue Apr 14 22:56:08 UTC 2026","10116","HabitNuCoachPortalSuite","GeneralContent","CoachesPortal.generalContent_WEb_Coaches","CoachesPortal.generalContent_WEb_Coaches","verifyGroupDeletion","Verify Group Deletion",""
"broken","Tue Apr 14 22:35:49 UTC 2026","Tue Apr 14 22:36:20 UTC 2026","30829","HabitNuCoachPortalSuite","HabitNuCoachesPortalRegression-PartC","CoachesPortal.PatientDetails.PatientProfilePayerType","CoachesPortal.PatientDetails.PatientProfilePayerType","verifyAddPayerTypeDetails","Add PayerType of Ethlen",""
