"Status","Start Time","Stop Time","Duration in ms","Parent Suite","Suite","Sub Suite","Test Class","Test Method","Name","Description"
"passed","Sun Jun 14 20:38:41 UTC 2026","Sun Jun 14 20:38:48 UTC 2026","6987","HabitNuWebAppSuite","3. Nutrition and Recipes","WebAppSanityPackage.habiRecipe","WebAppSanityPackage.habiRecipe","case24_LogMicronutrientRecipe","Log Recipe Generated from Micronutrient Preferences",""
"passed","Sun Jun 14 20:18:37 UTC 2026","Sun Jun 14 20:18:38 UTC 2026","720","HabitNuWebAppSuite","2. Health Metrics","WebAppSanityPackage.WebAppHealth_WeightSection","WebAppSanityPackage.WebAppHealth_WeightSection","editTargetButDoNotSave","edit target values and do click on 'x' mark and do not save",""
"passed","Sun Jun 14 20:15:36 UTC 2026","Sun Jun 14 20:15:45 UTC 2026","8524","HabitNuWebAppSuite","2. Health Metrics","WebAppSanityPackage.Sugar_Section","WebAppSanityPackage.Sugar_Section","noTargetSet","verify no target case",""
"passed","Sun Jun 14 20:36:37 UTC 2026","Sun Jun 14 20:37:05 UTC 2026","28179","HabitNuWebAppSuite","3. Nutrition and Recipes","WebAppSanityPackage.habiRecipe","WebAppSanityPackage.habiRecipe","case15_GenerateRecipeForDietType","Generate Recipe Using Diet Type Preferences",""
"passed","Sun Jun 14 20:20:13 UTC 2026","Sun Jun 14 20:20:20 UTC 2026","6852","HabitNuWebAppSuite","2. Health Metrics","WebAppSanityPackage.Hba1c","WebAppSanityPackage.Hba1c","case1","Click on Health tab and verify 'No data recorded yet' in HbA1c section",""
"broken","Sun Jun 14 20:24:35 UTC 2026","Sun Jun 14 20:24:45 UTC 2026","10166","HabitNuWebAppSuite","2. Health Metrics","WebAppSanityPackage.ExerciseSection","WebAppSanityPackage.ExerciseSection","editTargetWithNegatives","edit - negative target values and assert messages",""
"passed","Sun Jun 14 20:11:27 UTC 2026","Sun Jun 14 20:11:28 UTC 2026","1274","HabitNuWebAppSuite","1. Core and Authentication","WebAppSanityPackage.ProfileAppClass","WebAppSanityPackage.ProfileAppClass","case49","Add Hips (in inches) as 0 and save",""
"passed","Sun Jun 14 20:08:44 UTC 2026","Sun Jun 14 20:08:55 UTC 2026","10316","HabitNuWebAppSuite","1. Core and Authentication","WebAppSanityPackage.HomePage","WebAppSanityPackage.HomePage","testDeleteExercise","Verify that existing Exercise logs are listed correctly and can be deleted successfully.",""
"passed","Sun Jun 14 20:14:50 UTC 2026","Sun Jun 14 20:14:52 UTC 2026","1881","HabitNuWebAppSuite","2. Health Metrics","WebAppSanityPackage.BloodPressure_Section","WebAppSanityPackage.BloodPressure_Section","case4_setNegativeSystolicTarget","[MAIN CARD] Verify Set Target validation error when entering negative systolic target value",""
"passed","Sun Jun 14 20:21:07 UTC 2026","Sun Jun 14 20:21:07 UTC 2026","254","HabitNuWebAppSuite","2. Health Metrics","WebAppSanityPackage.Hba1c","WebAppSanityPackage.Hba1c","setValidTarget","enter valid Target",""
"passed","Sun Jun 14 20:51:34 UTC 2026","Sun Jun 14 20:51:40 UTC 2026","5789","HabitNuWebAppSuite","4. Lifestyle and Social","WebAppSanityPackage.DiscussAppClass","WebAppSanityPackage.DiscussAppClass","case6","Upload only a file (should not allow)",""
"passed","Sun Jun 14 20:11:16 UTC 2026","Sun Jun 14 20:11:16 UTC 2026","206","HabitNuWebAppSuite","1. Core and Authentication","WebAppSanityPackage.ProfileAppClass","WebAppSanityPackage.ProfileAppClass","clickOnEditHealthParameters","Click on Health parameters edit → Should open edit mode",""
"passed","Sun Jun 14 20:38:00 UTC 2026","Sun Jun 14 20:38:02 UTC 2026","2105","HabitNuWebAppSuite","3. Nutrition and Recipes","WebAppSanityPackage.habiRecipe","WebAppSanityPackage.habiRecipe","case21_SelectMacronutrientRecipeFromList","Log Generated Recipe",""
"passed","Sun Jun 14 20:31:05 UTC 2026","Sun Jun 14 20:31:09 UTC 2026","3309","HabitNuWebAppSuite","3. Nutrition and Recipes","WebAppSanityPackage.foodGrouping","WebAppSanityPackage.foodGrouping","case11","Log My Meal Group to Snacks",""
"passed","Sun Jun 14 20:39:45 UTC 2026","Sun Jun 14 20:39:51 UTC 2026","6534","HabitNuWebAppSuite","3. Nutrition and Recipes","WebAppSanityPackage.habiRecipe","WebAppSanityPackage.habiRecipe","case28_LogLocalFoodRecipe","Log Recipe Generated from Local Food Preferences",""
"passed","Sun Jun 14 20:17:39 UTC 2026","Sun Jun 14 20:18:00 UTC 2026","21545","HabitNuWebAppSuite","2. Health Metrics","WebAppSanityPackage.Sugar_Section","WebAppSanityPackage.Sugar_Section","case14","add yesterday's Blood Sugar n it should show last added data Before Meal",""
"passed","Sun Jun 14 20:43:20 UTC 2026","Sun Jun 14 20:44:41 UTC 2026","81318","HabitNuWebAppSuite","3. Nutrition and Recipes","WebAppSanityPackage.Myrecipes","WebAppSanityPackage.Myrecipes","test18_searchrecipe","Verify User Can Search Saved Recipes",""
"passed","Sun Jun 14 20:05:45 UTC 2026","Sun Jun 14 20:05:46 UTC 2026","810","HabitNuWebAppSuite","1. Core and Authentication","WebAppSanityPackage.Login","WebAppSanityPackage.Login","testLoginWithOnlyEmail","Validate missing-password error when only email is entered and assert message: 'Please enter a valid password'.",""
"passed","Sun Jun 14 20:27:37 UTC 2026","Sun Jun 14 20:27:51 UTC 2026","14335","HabitNuWebAppSuite","2. Health Metrics","WebAppSanityPackage.TobaccoSection","WebAppSanityPackage.TobaccoSection","case22","Click on tobacco , click on add new button and add tobacco for last month and and Total count of the day should be 0",""
"passed","Sun Jun 14 20:52:22 UTC 2026","Sun Jun 14 20:52:24 UTC 2026","2161","HabitNuWebAppSuite","4. Lifestyle and Social","WebAppSanityPackage.Weights_lbs_Kgs","WebAppSanityPackage.Weights_lbs_Kgs","case2","Dashboard weights match unit selected",""
"passed","Sun Jun 14 20:26:43 UTC 2026","Sun Jun 14 20:26:44 UTC 2026","341","HabitNuWebAppSuite","2. Health Metrics","WebAppSanityPackage.TobaccoSection","WebAppSanityPackage.TobaccoSection","case10_editTargetWithNegatives","edit -  negative target values and assert messages",""
"passed","Sun Jun 14 20:51:30 UTC 2026","Sun Jun 14 20:51:30 UTC 2026","174","HabitNuWebAppSuite","4. Lifestyle and Social","WebAppSanityPackage.DiscussAppClass","WebAppSanityPackage.DiscussAppClass","case3","Post a message with description only (should allow posting)",""
"passed","Sun Jun 14 20:33:53 UTC 2026","Sun Jun 14 20:33:59 UTC 2026","6210","HabitNuWebAppSuite","3. Nutrition and Recipes","WebAppSanityPackage.waterLog","WebAppSanityPackage.waterLog","case2","8 oz Water Log",""
"passed","Sun Jun 14 20:21:56 UTC 2026","Sun Jun 14 20:21:58 UTC 2026","2032","HabitNuWebAppSuite","2. Health Metrics","WebAppSanityPackage.Medication","WebAppSanityPackage.Medication","case2","Navigate to Log page and open Weight Loss Medication form",""
"passed","Sun Jun 14 20:11:05 UTC 2026","Sun Jun 14 20:11:06 UTC 2026","1195","HabitNuWebAppSuite","1. Core and Authentication","WebAppSanityPackage.ProfileAppClass","WebAppSanityPackage.ProfileAppClass","editCityAndSave","Edit city to 'Los Angeles' and save → Should update successfully",""
"passed","Sun Jun 14 20:24:14 UTC 2026","Sun Jun 14 20:24:14 UTC 2026","335","HabitNuWebAppSuite","2. Health Metrics","WebAppSanityPackage.ExerciseSection","WebAppSanityPackage.ExerciseSection","setTargetMoreThan99","enter target more than 1440 and assert messages",""
"passed","Sun Jun 14 20:14:54 UTC 2026","Sun Jun 14 20:14:56 UTC 2026","1824","HabitNuWebAppSuite","2. Health Metrics","WebAppSanityPackage.BloodPressure_Section","WebAppSanityPackage.BloodPressure_Section","case6_setSystolicTargetMoreThan250","[MAIN CARD] Verify Set Target validation error when entering systolic target value greater than 250",""
"passed","Sun Jun 14 20:10:31 UTC 2026","Sun Jun 14 20:10:32 UTC 2026","608","HabitNuWebAppSuite","1. Core and Authentication","WebAppSanityPackage.ProfileAppClass","WebAppSanityPackage.ProfileAppClass","uploadInvalidProfilePicture","Try adding PDF as profile picture → should NOT allow",""
"passed","Sun Jun 14 20:52:06 UTC 2026","Sun Jun 14 20:52:06 UTC 2026","131","HabitNuWebAppSuite","4. Lifestyle and Social","WebAppSanityPackage.DiscussAppClass","WebAppSanityPackage.DiscussAppClass","case21","Click on my posts ( it should take to my post section)",""
"passed","Sun Jun 14 20:11:01 UTC 2026","Sun Jun 14 20:11:03 UTC 2026","1781","HabitNuWebAppSuite","1. Core and Authentication","WebAppSanityPackage.ProfileAppClass","WebAppSanityPackage.ProfileAppClass","keepAddressLine2BlankAndSave","Keep Address line 2 as blank and save",""
"passed","Sun Jun 14 20:18:38 UTC 2026","Sun Jun 14 20:18:39 UTC 2026","1084","HabitNuWebAppSuite","2. Health Metrics","WebAppSanityPackage.WebAppHealth_WeightSection","WebAppSanityPackage.WebAppHealth_WeightSection","editTargetWithBlankValue","edit -  Weight cannot be blank",""
"passed","Sun Jun 14 20:11:18 UTC 2026","Sun Jun 14 20:11:22 UTC 2026","3324","HabitNuWebAppSuite","1. Core and Authentication","WebAppSanityPackage.ProfileAppClass","WebAppSanityPackage.ProfileAppClass","case44","Keep Waist (in inches) as blank and save",""
"passed","Sun Jun 14 20:10:34 UTC 2026","Sun Jun 14 20:10:36 UTC 2026","1906","HabitNuWebAppSuite","1. Core and Authentication","WebAppSanityPackage.ProfileAppClass","WebAppSanityPackage.ProfileAppClass","editFirstName","Edit first name and save → should reflect",""
"passed","Sun Jun 14 20:12:28 UTC 2026","Sun Jun 14 20:12:30 UTC 2026","2801","HabitNuWebAppSuite","1. Core and Authentication","WebAppSanityPackage.ProfileAppClass","WebAppSanityPackage.ProfileAppClass","case77","Click on delete file and cancel it",""
"passed","Sun Jun 14 20:24:13 UTC 2026","Sun Jun 14 20:24:14 UTC 2026","333","HabitNuWebAppSuite","2. Health Metrics","WebAppSanityPackage.ExerciseSection","WebAppSanityPackage.ExerciseSection","setNegativeTarget","enter negative target values and assert messages",""
"passed","Sun Jun 14 20:42:47 UTC 2026","Sun Jun 14 20:42:48 UTC 2026","67","HabitNuWebAppSuite","3. Nutrition and Recipes","WebAppSanityPackage.Myrecipes","WebAppSanityPackage.Myrecipes","test4_fieldsvalidations","Verify Create Recipe Form Fields Are Displayed Correctly",""
"passed","Sun Jun 14 20:07:15 UTC 2026","Sun Jun 14 20:07:16 UTC 2026","448","HabitNuWebAppSuite","1. Core and Authentication","WebAppSanityPackage.HomePage","WebAppSanityPackage.HomePage","testHealthSection","Verify that the Health page displays Weight, Exercise, Blood Sugar, Blood Pressure, Electrodermal Activity, Tobacco Count, and HbA1c cards.",""
"passed","Sun Jun 14 20:22:31 UTC 2026","Sun Jun 14 20:22:43 UTC 2026","11183","HabitNuWebAppSuite","2. Health Metrics","WebAppSanityPackage.Medication","WebAppSanityPackage.Medication","case14","Weight loss medication Edit details on Log",""
"passed","Sun Jun 14 20:09:01 UTC 2026","Sun Jun 14 20:09:37 UTC 2026","36556","HabitNuWebAppSuite","1. Core and Authentication","WebAppSanityPackage.HomePage","WebAppSanityPackage.HomePage","testMealsProgressBarByAddingFood","Verify that Meals progress updates correctly when food is added across current-week days.",""
"passed","Sun Jun 14 20:14:59 UTC 2026","Sun Jun 14 20:15:01 UTC 2026","1326","HabitNuWebAppSuite","2. Health Metrics","WebAppSanityPackage.BloodPressure_Section","WebAppSanityPackage.BloodPressure_Section","case9_editTargetValid","[MAIN CARD] Verify successful editing of existing blood pressure target with valid values",""
"passed","Sun Jun 14 20:11:42 UTC 2026","Sun Jun 14 20:11:46 UTC 2026","3544","HabitNuWebAppSuite","1. Core and Authentication","WebAppSanityPackage.ProfileAppClass","WebAppSanityPackage.ProfileAppClass","case67","Upload file type only and submit",""
"passed","Sun Jun 14 20:48:48 UTC 2026","Sun Jun 14 20:48:49 UTC 2026","170","HabitNuWebAppSuite","4. Lifestyle and Social","WebAppSanityPackage.HabitsAppClass","WebAppSanityPackage.HabitsAppClass","case7","Single click on habit button and mark a red",""
"passed","Sun Jun 14 20:14:37 UTC 2026","Sun Jun 14 20:14:48 UTC 2026","10932","HabitNuWebAppSuite","2. Health Metrics","WebAppSanityPackage.BloodPressure_Section","WebAppSanityPackage.BloodPressure_Section","case1_addInitialBloodPressureData","[MAIN CARD] Navigate to Health tab and add initial blood pressure data using the Add New button",""
"passed","Sun Jun 14 20:10:26 UTC 2026","Sun Jun 14 20:10:31 UTC 2026","5632","HabitNuWebAppSuite","1. Core and Authentication","WebAppSanityPackage.ProfileAppClass","WebAppSanityPackage.ProfileAppClass","uploadProfilePicture","Add profile picture → should upload",""
"passed","Sun Jun 14 20:44:55 UTC 2026","Sun Jun 14 20:45:05 UTC 2026","9579","HabitNuWebAppSuite","3. Nutrition and Recipes","WebAppSanityPackage.WebAppClass","WebAppSanityPackage.WebAppClass","case1","Add Food to Breakfast Meal",""
"passed","Sun Jun 14 20:26:33 UTC 2026","Sun Jun 14 20:26:34 UTC 2026","303","HabitNuWebAppSuite","2. Health Metrics","WebAppSanityPackage.TobaccoSection","WebAppSanityPackage.TobaccoSection","case2_setTarget","enter target values and do click on 'x' mark and do not save",""
"broken","Sun Jun 14 20:40:45 UTC 2026","Sun Jun 14 20:40:46 UTC 2026","1086","HabitNuWebAppSuite","3. Nutrition and Recipes","WebAppSanityPackage.habiRecipe","WebAppSanityPackage.habiRecipe","case34_SelectAllPreferencesRecipeFromList","Log Generated Recipe",""
"passed","Sun Jun 14 20:45:21 UTC 2026","Sun Jun 14 20:45:21 UTC 2026","0","HabitNuWebAppSuite","3. Nutrition and Recipes","WebAppSanityPackage.WebAppClass","WebAppSanityPackage.WebAppClass","case8","Search and Add Recipe Food",""
"passed","Sun Jun 14 20:38:59 UTC 2026","Sun Jun 14 20:39:45 UTC 2026","46192","HabitNuWebAppSuite","3. Nutrition and Recipes","WebAppSanityPackage.habiRecipe","WebAppSanityPackage.habiRecipe","case27_GenerateRecipeForLocalFood","Generate Recipe Using Local Food Preferences",""
"passed","Sun Jun 14 20:05:42 UTC 2026","Sun Jun 14 20:05:44 UTC 2026","1439","HabitNuWebAppSuite","1. Core and Authentication","WebAppSanityPackage.Login","WebAppSanityPackage.Login","testLoginWithDeactivatedUser","Validate deactivated-user login block and assert message: 'Account is deactivated! Please contact support-stage@habitnu.com for assistance'.",""
"passed","Sun Jun 14 20:35:48 UTC 2026","Sun Jun 14 20:35:56 UTC 2026","8005","HabitNuWebAppSuite","3. Nutrition and Recipes","WebAppSanityPackage.habiRecipe","WebAppSanityPackage.habiRecipe","case10_SetFoodAllergiesPreferences","Configure Food Allergy Preference",""
"passed","Sun Jun 14 20:10:32 UTC 2026","Sun Jun 14 20:10:34 UTC 2026","1634","HabitNuWebAppSuite","1. Core and Authentication","WebAppSanityPackage.ProfileAppClass","WebAppSanityPackage.ProfileAppClass","replaceProfilePicture","Replace profile picture → should update",""
"passed","Sun Jun 14 20:12:55 UTC 2026","Sun Jun 14 20:12:56 UTC 2026","1178","HabitNuWebAppSuite","1. Core and Authentication","WebAppSanityPackage.GuidedTour","WebAppSanityPackage.GuidedTour","test2_userregistration","When user is able to enter the  registration form",""
"passed","Sun Jun 14 20:52:06 UTC 2026","Sun Jun 14 20:52:07 UTC 2026","251","HabitNuWebAppSuite","4. Lifestyle and Social","WebAppSanityPackage.DiscussAppClass","WebAppSanityPackage.DiscussAppClass","case22","Post a message in my post",""
"passed","Sun Jun 14 20:21:59 UTC 2026","Sun Jun 14 20:21:59 UTC 2026","140","HabitNuWebAppSuite","2. Health Metrics","WebAppSanityPackage.Medication","WebAppSanityPackage.Medication","case5","Creating new Medications details like selecting Type/Form.",""
"passed","Sun Jun 14 20:20:24 UTC 2026","Sun Jun 14 20:20:34 UTC 2026","9597","HabitNuWebAppSuite","2. Health Metrics","WebAppSanityPackage.Hba1c","WebAppSanityPackage.Hba1c","case3","Click on hba1c , click on add new button and add hba1c for last month and and Total count of the day should be 0",""
"passed","Sun Jun 14 20:10:39 UTC 2026","Sun Jun 14 20:10:40 UTC 2026","226","HabitNuWebAppSuite","1. Core and Authentication","WebAppSanityPackage.ProfileAppClass","WebAppSanityPackage.ProfileAppClass","clearGenderAndSave","Clear gender and save → should save or skip validation",""
"passed","Sun Jun 14 20:49:53 UTC 2026","Sun Jun 14 20:50:08 UTC 2026","14981","HabitNuWebAppSuite","4. Lifestyle and Social","WebAppSanityPackage.HabitsAppClass","WebAppSanityPackage.HabitsAppClass","case24","Click on Calender and edit  and save the details",""
"passed","Sun Jun 14 20:49:08 UTC 2026","Sun Jun 14 20:49:08 UTC 2026","235","HabitNuWebAppSuite","4. Lifestyle and Social","WebAppSanityPackage.HabitsAppClass","WebAppSanityPackage.HabitsAppClass","case11","Click on Calender and close it without making changes",""
"passed","Sun Jun 14 20:18:38 UTC 2026","Sun Jun 14 20:18:38 UTC 2026","291","HabitNuWebAppSuite","2. Health Metrics","WebAppSanityPackage.WebAppHealth_WeightSection","WebAppSanityPackage.WebAppHealth_WeightSection","editTargetWithNegatives","edit -  negative target values and assert messages",""
"passed","Sun Jun 14 20:15:28 UTC 2026","Sun Jun 14 20:15:28 UTC 2026","583","HabitNuWebAppSuite","2. Health Metrics","WebAppSanityPackage.BloodPressure_Section","WebAppSanityPackage.BloodPressure_Section","case19_addPreviousDayBloodPressureReading","[MODAL] Add previous day blood pressure reading and verify it updates the main card display",""
"failed","Sun Jun 14 20:53:26 UTC 2026","Sun Jun 14 20:53:26 UTC 2026","266","HabitNuWebAppSuite","4. Lifestyle and Social","WebAppSanityPackage.Weights_lbs_Kgs","WebAppSanityPackage.Weights_lbs_Kgs","Case4","verify placeholder - weight ",""
"passed","Sun Jun 14 20:41:25 UTC 2026","Sun Jun 14 20:41:33 UTC 2026","7420","HabitNuWebAppSuite","3. Nutrition and Recipes","WebAppSanityPackage.recipeBuilder","WebAppSanityPackage.recipeBuilder","verifyFavoriteRecipesByRecipeCal","Verify Favorite Recipes Display Calories Correctly",""
"passed","Sun Jun 14 20:25:18 UTC 2026","Sun Jun 14 20:25:20 UTC 2026","1604","HabitNuWebAppSuite","2. Health Metrics","WebAppSanityPackage.ExerciseSection","WebAppSanityPackage.ExerciseSection","case4","verify added today data in exercise section and verify total exercise per day",""
"passed","Sun Jun 14 20:48:14 UTC 2026","Sun Jun 14 20:48:27 UTC 2026","13181","HabitNuWebAppSuite","4. Lifestyle and Social","WebAppSanityPackage.HabitsAppClass","WebAppSanityPackage.HabitsAppClass","case4","click on forward arrowmark it should take you to current week",""
"passed","Sun Jun 14 20:36:28 UTC 2026","Sun Jun 14 20:36:37 UTC 2026","9018","HabitNuWebAppSuite","3. Nutrition and Recipes","WebAppSanityPackage.habiRecipe","WebAppSanityPackage.habiRecipe","case14_SetDietTypePreferences","Configure Diet Type Preference",""
"passed","Sun Jun 14 20:17:04 UTC 2026","Sun Jun 14 20:17:06 UTC 2026","2413","HabitNuWebAppSuite","2. Health Metrics","WebAppSanityPackage.Sugar_Section","WebAppSanityPackage.Sugar_Section","case11","verify added today data in Blood Sugar section as Before Meal",""
"passed","Sun Jun 14 20:14:52 UTC 2026","Sun Jun 14 20:14:54 UTC 2026","1815","HabitNuWebAppSuite","2. Health Metrics","WebAppSanityPackage.BloodPressure_Section","WebAppSanityPackage.BloodPressure_Section","case5_setNegativeDiastolicTarget","[MAIN CARD] Verify Set Target validation error when entering negative diastolic target value",""
"passed","Sun Jun 14 20:11:37 UTC 2026","Sun Jun 14 20:11:37 UTC 2026","249","HabitNuWebAppSuite","1. Core and Authentication","WebAppSanityPackage.ProfileAppClass","WebAppSanityPackage.ProfileAppClass","case64","Upload the file only and submit",""
"passed","Sun Jun 14 20:25:20 UTC 2026","Sun Jun 14 20:25:21 UTC 2026","582","HabitNuWebAppSuite","2. Health Metrics","WebAppSanityPackage.ExerciseSection","WebAppSanityPackage.ExerciseSection","case5","add yesterday's Exercise and verify last added data",""
"passed","Sun Jun 14 20:07:07 UTC 2026","Sun Jun 14 20:07:07 UTC 2026","86","HabitNuWebAppSuite","1. Core and Authentication","WebAppSanityPackage.HomePage","WebAppSanityPackage.HomePage","testNavigationBarLinksArePresent","Verify that Home, Food, Health, Learn or Videos, and Habits links are visible in the main navigation.",""
"passed","Sun Jun 14 20:32:56 UTC 2026","Sun Jun 14 20:32:58 UTC 2026","1753","HabitNuWebAppSuite","3. Nutrition and Recipes","WebAppSanityPackage.foodGrouping","WebAppSanityPackage.foodGrouping","case20","Log Existing My Meal Group",""
"passed","Sun Jun 14 20:45:40 UTC 2026","Sun Jun 14 20:45:43 UTC 2026","2909","HabitNuWebAppSuite","3. Nutrition and Recipes","WebAppSanityPackage.WebAppClass","WebAppSanityPackage.WebAppClass","case16","Add Food for Selected Date",""
"passed","Sun Jun 14 20:14:48 UTC 2026","Sun Jun 14 20:14:49 UTC 2026","831","HabitNuWebAppSuite","2. Health Metrics","WebAppSanityPackage.BloodPressure_Section","WebAppSanityPackage.BloodPressure_Section","case2_setTargetButCancel","[MAIN CARD] Verify Set Target button functionality - enter values and cancel without saving",""
"passed","Sun Jun 14 20:05:54 UTC 2026","Sun Jun 14 20:05:56 UTC 2026","2302","HabitNuWebAppSuite","1. Core and Authentication","WebAppSanityPackage.Login","WebAppSanityPackage.Login","testFieldValidationOnBlur","Validate blur-triggered field validations and check messages: 'Email is required' and 'Please enter a valid password'.",""
"passed","Sun Jun 14 20:35:07 UTC 2026","Sun Jun 14 20:35:08 UTC 2026","1323","HabitNuWebAppSuite","3. Nutrition and Recipes","WebAppSanityPackage.habiRecipe","WebAppSanityPackage.habiRecipe","case5_SelectRecipeFromListAndLog","Log Generated Recipe",""
"passed","Sun Jun 14 20:07:07 UTC 2026","Sun Jun 14 20:07:07 UTC 2026","16","HabitNuWebAppSuite","1. Core and Authentication","WebAppSanityPackage.HomePage","WebAppSanityPackage.HomePage","testHomeIsTheActiveNavigationLink","Verify that the Home navigation link is marked as active on the dashboard.",""
"passed","Sun Jun 14 20:43:12 UTC 2026","Sun Jun 14 20:43:19 UTC 2026","7018","HabitNuWebAppSuite","3. Nutrition and Recipes","WebAppSanityPackage.Myrecipes","WebAppSanityPackage.Myrecipes","test16_logmeal","Verify User Can Add a Saved Recipe to Food Log",""
"passed","Sun Jun 14 20:15:08 UTC 2026","Sun Jun 14 20:15:10 UTC 2026","2114","HabitNuWebAppSuite","2. Health Metrics","WebAppSanityPackage.BloodPressure_Section","WebAppSanityPackage.BloodPressure_Section","case14_editdiastolicTargetWithBlankValue","[MAIN CARD] Verify target edit validation error when clearing diastolic field (blank/empty value)",""
"passed","Sun Jun 14 20:42:13 UTC 2026","Sun Jun 14 20:42:19 UTC 2026","6499","HabitNuWebAppSuite","3. Nutrition and Recipes","WebAppSanityPackage.recipeBuilder","WebAppSanityPackage.recipeBuilder","removeRecipeFromFavorites","Verify User Can Remove Recipe From Favorites Using Three-Dot Menu",""
"passed","Sun Jun 14 20:05:39 UTC 2026","Sun Jun 14 20:05:41 UTC 2026","1823","HabitNuWebAppSuite","1. Core and Authentication","WebAppSanityPackage.Login","WebAppSanityPackage.Login","testLoginWithInactiveUser","Validate inactive-user login block and assert message: 'Account is not activated!! Please contact support-stage@habitnu.com for assistance'.",""
"passed","Sun Jun 14 20:41:05 UTC 2026","Sun Jun 14 20:41:10 UTC 2026","5392","HabitNuWebAppSuite","3. Nutrition and Recipes","WebAppSanityPackage.recipeBuilder","WebAppSanityPackage.recipeBuilder","favoriteTheRecipe","Verify User Can Mark a Recipe as Favorite",""
"passed","Sun Jun 14 20:41:10 UTC 2026","Sun Jun 14 20:41:11 UTC 2026","815","HabitNuWebAppSuite","3. Nutrition and Recipes","WebAppSanityPackage.recipeBuilder","WebAppSanityPackage.recipeBuilder","clickHereToViewFullRecipe","Verify View Full Recipe Button Navigates to Recipe Details",""
"passed","Sun Jun 14 20:49:13 UTC 2026","Sun Jun 14 20:49:16 UTC 2026","2528","HabitNuWebAppSuite","4. Lifestyle and Social","WebAppSanityPackage.HabitsAppClass","WebAppSanityPackage.HabitsAppClass","case16","Click on Back button and go back to Habits list",""
"passed","Sun Jun 14 20:37:09 UTC 2026","Sun Jun 14 20:37:10 UTC 2026","1408","HabitNuWebAppSuite","3. Nutrition and Recipes","WebAppSanityPackage.habiRecipe","WebAppSanityPackage.habiRecipe","case17_SelectDietTypeRecipeFromList","Log Generated Recipe",""
"passed","Sun Jun 14 20:11:12 UTC 2026","Sun Jun 14 20:11:16 UTC 2026","3559","HabitNuWebAppSuite","1. Core and Authentication","WebAppSanityPackage.ProfileAppClass","WebAppSanityPackage.ProfileAppClass","validateAddressConfirmationSection","Keep Zipcode with valid numbers and save → Should not show error",""
"passed","Sun Jun 14 20:49:16 UTC 2026","Sun Jun 14 20:49:28 UTC 2026","12504","HabitNuWebAppSuite","4. Lifestyle and Social","WebAppSanityPackage.HabitsAppClass","WebAppSanityPackage.HabitsAppClass","case17","Click on Active Habits dropdown",""
"passed","Sun Jun 14 20:22:45 UTC 2026","Sun Jun 14 20:22:45 UTC 2026","199","HabitNuWebAppSuite","2. Health Metrics","WebAppSanityPackage.Medication","WebAppSanityPackage.Medication","Case16verifyAddNewMedicationElements","TC: Verify the elements of Add New Medication popup",""
"passed","Sun Jun 14 20:21:59 UTC 2026","Sun Jun 14 20:22:00 UTC 2026","252","HabitNuWebAppSuite","2. Health Metrics","WebAppSanityPackage.Medication","WebAppSanityPackage.Medication","case7","Creating new Medications details like selecting Frequency ",""
"passed","Sun Jun 14 20:26:38 UTC 2026","Sun Jun 14 20:26:43 UTC 2026","4812","HabitNuWebAppSuite","2. Health Metrics","WebAppSanityPackage.TobaccoSection","WebAppSanityPackage.TobaccoSection","case9_editTargetButDoNotSave","edit target values and do click on 'x' mark and do not save",""
"passed","Sun Jun 14 20:10:48 UTC 2026","Sun Jun 14 20:10:52 UTC 2026","3626","HabitNuWebAppSuite","1. Core and Authentication","WebAppSanityPackage.ProfileAppClass","WebAppSanityPackage.ProfileAppClass","setDOBAndSave","Select DOB and save → Should update successfully",""
"broken","Sun Jun 14 20:21:38 UTC 2026","Sun Jun 14 20:21:49 UTC 2026","10166","HabitNuWebAppSuite","2. Health Metrics","WebAppSanityPackage.Hba1c","WebAppSanityPackage.Hba1c","editTargetWithGreaterThan99","edit -  enter target more than 14 and assert messages",""
"passed","Sun Jun 14 20:52:00 UTC 2026","Sun Jun 14 20:52:00 UTC 2026","397","HabitNuWebAppSuite","4. Lifestyle and Social","WebAppSanityPackage.DiscussAppClass","WebAppSanityPackage.DiscussAppClass","case11","Edit the post with subject line (should update the post)",""
"passed","Sun Jun 14 20:41:14 UTC 2026","Sun Jun 14 20:41:25 UTC 2026","11214","HabitNuWebAppSuite","3. Nutrition and Recipes","WebAppSanityPackage.recipeBuilder","WebAppSanityPackage.recipeBuilder","verifyFavoriteRecipesUnderFood","Verify Favorite Recipes Are Displayed Under Food Favorites",""
"passed","Sun Jun 14 20:39:53 UTC 2026","Sun Jun 14 20:40:27 UTC 2026","34754","HabitNuWebAppSuite","3. Nutrition and Recipes","WebAppSanityPackage.habiRecipe","WebAppSanityPackage.habiRecipe","case30_DeleteRecentlyGeneratedRecipes","Delete Recently Generated Recipe",""
"passed","Sun Jun 14 20:51:47 UTC 2026","Sun Jun 14 20:51:50 UTC 2026","3431","HabitNuWebAppSuite","4. Lifestyle and Social","WebAppSanityPackage.DiscussAppClass","WebAppSanityPackage.DiscussAppClass","case9","Upload a message with subject, description, and file over 10MB (should not allow)",""
"passed","Sun Jun 14 20:34:02 UTC 2026","Sun Jun 14 20:34:03 UTC 2026","1175","HabitNuWebAppSuite","3. Nutrition and Recipes","WebAppSanityPackage.waterLog","WebAppSanityPackage.waterLog","case6","40 oz Water Log",""
"passed","Sun Jun 14 20:23:20 UTC 2026","Sun Jun 14 20:23:20 UTC 2026","150","HabitNuWebAppSuite","2. Health Metrics","WebAppSanityPackage.Medication","WebAppSanityPackage.Medication","case26","Creating new Medications details like selecting Frequency",""
"passed","Sun Jun 14 20:09:37 UTC 2026","Sun Jun 14 20:09:51 UTC 2026","13756","HabitNuWebAppSuite","1. Core and Authentication","WebAppSanityPackage.HomePage","WebAppSanityPackage.HomePage","testWeightProgressBarByAddingWeight","Verify that Weight progress updates correctly when weight logs are added across current-week days.",""
"passed","Sun Jun 14 20:16:35 UTC 2026","Sun Jun 14 20:16:36 UTC 2026","779","HabitNuWebAppSuite","2. Health Metrics","WebAppSanityPackage.Sugar_Section","WebAppSanityPackage.Sugar_Section","case6","Click on Blood Sugar , click on add new button and add Blood Sugar Before Meal for current  year , current date -1 ",""
"passed","Sun Jun 14 20:07:41 UTC 2026","Sun Jun 14 20:07:41 UTC 2026","154","HabitNuWebAppSuite","1. Core and Authentication","WebAppSanityPackage.HomePage","WebAppSanityPackage.HomePage","testWeeklyProgressBarValidation","Verify that weekly progress title and progress bar are visible and contain valid values.",""
"passed","Sun Jun 14 20:23:42 UTC 2026","Sun Jun 14 20:23:52 UTC 2026","10174","HabitNuWebAppSuite","2. Health Metrics","WebAppSanityPackage.Medication","WebAppSanityPackage.Medication","case33","Weight loss medication Skipped and taken",""
"passed","Sun Jun 14 20:07:09 UTC 2026","Sun Jun 14 20:07:09 UTC 2026","101","HabitNuWebAppSuite","1. Core and Authentication","WebAppSanityPackage.HomePage","WebAppSanityPackage.HomePage","testThisWeekProgressCards","Verify that This Week cards for Meals, Weight, and Exercise show correct titles and progress units.",""
"broken","Sun Jun 14 20:24:25 UTC 2026","Sun Jun 14 20:24:35 UTC 2026","10197","HabitNuWebAppSuite","2. Health Metrics","WebAppSanityPackage.ExerciseSection","WebAppSanityPackage.ExerciseSection","editTargetButDoNotSave","edit target values and do click on 'x' mark and do not save",""
"passed","Sun Jun 14 20:43:04 UTC 2026","Sun Jun 14 20:43:06 UTC 2026","1712","HabitNuWebAppSuite","3. Nutrition and Recipes","WebAppSanityPackage.Myrecipes","WebAppSanityPackage.Myrecipes","test13_addremovefavorite","Verify User Can Mark and Unmark a Recipe as Favorite",""
"passed","Sun Jun 14 20:06:00 UTC 2026","Sun Jun 14 20:06:02 UTC 2026","1787","HabitNuWebAppSuite","1. Core and Authentication","WebAppSanityPackage.Login","WebAppSanityPackage.Login","testPasswordVisibilityToggle","Validate password visibility toggle behavior by confirming the password input type changes from password to text and back to password.",""
"passed","Sun Jun 14 20:27:16 UTC 2026","Sun Jun 14 20:27:17 UTC 2026","986","HabitNuWebAppSuite","2. Health Metrics","WebAppSanityPackage.TobaccoSection","WebAppSanityPackage.TobaccoSection","case20_case51e","verify added today data in tobacco section ",""
"passed","Sun Jun 14 20:46:23 UTC 2026","Sun Jun 14 20:46:23 UTC 2026","89","HabitNuWebAppSuite","3. Nutrition and Recipes","WebAppSanityPackage.WebAppClass","WebAppSanityPackage.WebAppClass","case26","Verify Carbohydrate Data in Nutrition Summary",""
"passed","Sun Jun 14 20:10:59 UTC 2026","Sun Jun 14 20:11:00 UTC 2026","554","HabitNuWebAppSuite","1. Core and Authentication","WebAppSanityPackage.ProfileAppClass","WebAppSanityPackage.ProfileAppClass","keepAddressLine1Blank","Keep Address Line 1 blank and save → Should throw required field error (if validation present)",""
"passed","Sun Jun 14 20:05:24 UTC 2026","Sun Jun 14 20:05:29 UTC 2026","5432","HabitNuWebAppSuite","1. Core and Authentication","WebAppSanityPackage.Login","WebAppSanityPackage.Login","testLogout","Validate successful sign-out by logging in, opening the user menu, verifying 'View Profile Details', and clicking 'Sign Out'.",""
"passed","Sun Jun 14 20:23:31 UTC 2026","Sun Jun 14 20:23:32 UTC 2026","279","HabitNuWebAppSuite","2. Health Metrics","WebAppSanityPackage.Medication","WebAppSanityPackage.Medication","case31","Weight loss medication Review",""
"passed","Sun Jun 14 20:34:00 UTC 2026","Sun Jun 14 20:34:02 UTC 2026","1153","HabitNuWebAppSuite","3. Nutrition and Recipes","WebAppSanityPackage.waterLog","WebAppSanityPackage.waterLog","case4","24 oz Water Log",""
"passed","Sun Jun 14 20:12:45 UTC 2026","Sun Jun 14 20:12:46 UTC 2026","1269","HabitNuWebAppSuite","1. Core and Authentication","WebAppSanityPackage.ProfileAppClass","WebAppSanityPackage.ProfileAppClass","case90","Click on Manage Devices and validate connected devices",""
"passed","Sun Jun 14 20:52:05 UTC 2026","Sun Jun 14 20:52:05 UTC 2026","146","HabitNuWebAppSuite","4. Lifestyle and Social","WebAppSanityPackage.DiscussAppClass","WebAppSanityPackage.DiscussAppClass","case17","Click on + button of coaches ( it should list all coaches)",""
"passed","Sun Jun 14 20:11:46 UTC 2026","Sun Jun 14 20:11:51 UTC 2026","5588","HabitNuWebAppSuite","1. Core and Authentication","WebAppSanityPackage.ProfileAppClass","WebAppSanityPackage.ProfileAppClass","case68","Upload file, name, and type and submit",""
"passed","Sun Jun 14 20:49:13 UTC 2026","Sun Jun 14 20:49:13 UTC 2026","374","HabitNuWebAppSuite","4. Lifestyle and Social","WebAppSanityPackage.HabitsAppClass","WebAppSanityPackage.HabitsAppClass","case15","Click on Activate and add the habit back",""
"passed","Sun Jun 14 20:11:16 UTC 2026","Sun Jun 14 20:11:16 UTC 2026","345","HabitNuWebAppSuite","1. Core and Authentication","WebAppSanityPackage.ProfileAppClass","WebAppSanityPackage.ProfileAppClass","validateContactDetailsFields","Validate presence and absence of fields in Contact Details section",""
"passed","Sun Jun 14 20:43:07 UTC 2026","Sun Jun 14 20:43:12 UTC 2026","5100","HabitNuWebAppSuite","3. Nutrition and Recipes","WebAppSanityPackage.Myrecipes","WebAppSanityPackage.Myrecipes","test15_foodsection","Verify User Can Navigate to Food Logging Section",""
"passed","Sun Jun 14 20:23:20 UTC 2026","Sun Jun 14 20:23:21 UTC 2026","769","HabitNuWebAppSuite","2. Health Metrics","WebAppSanityPackage.Medication","WebAppSanityPackage.Medication","case27","editing the created Medication under the LOG",""
"passed","Sun Jun 14 20:12:56 UTC 2026","Sun Jun 14 20:13:04 UTC 2026","7477","HabitNuWebAppSuite","1. Core and Authentication","WebAppSanityPackage.GuidedTour","WebAppSanityPackage.GuidedTour","test4_registrationfilling","When user is able to enter the details in registration form",""
"passed","Sun Jun 14 20:16:06 UTC 2026","Sun Jun 14 20:16:21 UTC 2026","15214","HabitNuWebAppSuite","2. Health Metrics","WebAppSanityPackage.Sugar_Section","WebAppSanityPackage.Sugar_Section","case2","Click on Blood Sugar , click on add new button and add Blood Sugar fasting for current year current date ",""
"broken","Sun Jun 14 20:19:32 UTC 2026","Sun Jun 14 20:19:45 UTC 2026","13106","HabitNuWebAppSuite","2. Health Metrics","WebAppSanityPackage.WebAppHealth_WeightSection","WebAppSanityPackage.WebAppHealth_WeightSection","graphcase5","Load web app -> Click on Health section -> Weight section -> click on ""i"" symbol",""
"passed","Sun Jun 14 20:26:44 UTC 2026","Sun Jun 14 20:26:46 UTC 2026","2224","HabitNuWebAppSuite","2. Health Metrics","WebAppSanityPackage.TobaccoSection","WebAppSanityPackage.TobaccoSection","case12","Click on Health tab and verify 'No data recorded yet' in Tobacco section",""
"passed","Sun Jun 14 20:22:43 UTC 2026","Sun Jun 14 20:22:45 UTC 2026","2688","HabitNuWebAppSuite","2. Health Metrics","WebAppSanityPackage.Medication","WebAppSanityPackage.Medication","case15","Coach- Users- Medication- Creating new Medications.",""
"passed","Sun Jun 14 20:28:37 UTC 2026","Sun Jun 14 20:29:17 UTC 2026","39894","HabitNuWebAppSuite","3. Nutrition and Recipes","WebAppSanityPackage.foodGrouping","WebAppSanityPackage.foodGrouping","case1","Verify My Meals Page Navigation",""
"passed","Sun Jun 14 20:14:49 UTC 2026","Sun Jun 14 20:14:50 UTC 2026","1191","HabitNuWebAppSuite","2. Health Metrics","WebAppSanityPackage.BloodPressure_Section","WebAppSanityPackage.BloodPressure_Section","case3_verifyPlaceholderText","[MAIN CARD] Verify Set Target modal placeholder text displays correctly for systolic and diastolic input fields",""
"passed","Sun Jun 14 20:15:31 UTC 2026","Sun Jun 14 20:15:31 UTC 2026","437","HabitNuWebAppSuite","2. Health Metrics","WebAppSanityPackage.BloodPressure_Section","WebAppSanityPackage.BloodPressure_Section","case27_verifyNegativeDiastolicInputValidation","[MODAL] Verify negative diastolic input validation in form (alternative test scenario)",""
"passed","Sun Jun 14 20:11:00 UTC 2026","Sun Jun 14 20:11:01 UTC 2026","1195","HabitNuWebAppSuite","1. Core and Authentication","WebAppSanityPackage.ProfileAppClass","WebAppSanityPackage.ProfileAppClass","editAddressLine1AndSave","Edit Address Line 1 and save → Should save successfully",""
"passed","Sun Jun 14 20:43:03 UTC 2026","Sun Jun 14 20:43:03 UTC 2026","115","HabitNuWebAppSuite","3. Nutrition and Recipes","WebAppSanityPackage.Myrecipes","WebAppSanityPackage.Myrecipes","test10_validatetotalcalories","Verify Nutrition Facts and Calories Are Calculated Correctly",""
"passed","Sun Jun 14 20:11:10 UTC 2026","Sun Jun 14 20:11:10 UTC 2026","184","HabitNuWebAppSuite","1. Core and Authentication","WebAppSanityPackage.ProfileAppClass","WebAppSanityPackage.ProfileAppClass","keepZipcode6digitsAndSave","Keep Zipcode with 6 numbers and save → Should show validation error",""
"passed","Sun Jun 14 20:15:48 UTC 2026","Sun Jun 14 20:15:48 UTC 2026","271","HabitNuWebAppSuite","2. Health Metrics","WebAppSanityPackage.Sugar_Section","WebAppSanityPackage.Sugar_Section","setValidTarget","enter valid Target",""
"broken","Sun Jun 14 20:40:33 UTC 2026","Sun Jun 14 20:40:45 UTC 2026","12184","HabitNuWebAppSuite","3. Nutrition and Recipes","WebAppSanityPackage.habiRecipe","WebAppSanityPackage.habiRecipe","case33_LogAllPreferencesRecipe","Log Recipe Generated from All Preferences",""
"passed","Sun Jun 14 20:11:22 UTC 2026","Sun Jun 14 20:11:24 UTC 2026","1803","HabitNuWebAppSuite","1. Core and Authentication","WebAppSanityPackage.ProfileAppClass","WebAppSanityPackage.ProfileAppClass","case45","Add Waist (in inches) as 0 and save",""
"passed","Sun Jun 14 20:23:52 UTC 2026","Sun Jun 14 20:24:02 UTC 2026","10187","HabitNuWebAppSuite","2. Health Metrics","WebAppSanityPackage.Medication","WebAppSanityPackage.Medication","case34","Medication Log History ",""
"passed","Sun Jun 14 20:05:47 UTC 2026","Sun Jun 14 20:05:48 UTC 2026","757","HabitNuWebAppSuite","1. Core and Authentication","WebAppSanityPackage.Login","WebAppSanityPackage.Login","testLoginWithOnlyPassword","Validate missing-email error when only password is entered and assert message: 'Email is required'.",""
"passed","Sun Jun 14 20:35:05 UTC 2026","Sun Jun 14 20:35:07 UTC 2026","1752","HabitNuWebAppSuite","3. Nutrition and Recipes","WebAppSanityPackage.habiRecipe","WebAppSanityPackage.habiRecipe","case4_SelectGeneratedRecipeAndLog","Log Generated Recipe",""
"passed","Sun Jun 14 20:10:36 UTC 2026","Sun Jun 14 20:10:38 UTC 2026","1920","HabitNuWebAppSuite","1. Core and Authentication","WebAppSanityPackage.ProfileAppClass","WebAppSanityPackage.ProfileAppClass","editLastName","Edit first + last name and save → should reflect",""
"passed","Sun Jun 14 20:50:14 UTC 2026","Sun Jun 14 20:50:18 UTC 2026","3834","HabitNuWebAppSuite","4. Lifestyle and Social","WebAppSanityPackage.ChatandNotificationsClass","WebAppSanityPackage.ChatandNotificationsClass","case1","Click on chat ( it should open the chat box)",""
"passed","Sun Jun 14 20:23:32 UTC 2026","Sun Jun 14 20:23:42 UTC 2026","10169","HabitNuWebAppSuite","2. Health Metrics","WebAppSanityPackage.Medication","WebAppSanityPackage.Medication","case32","Weight loss medication Review",""
"passed","Sun Jun 14 20:41:01 UTC 2026","Sun Jun 14 20:41:01 UTC 2026","213","HabitNuWebAppSuite","3. Nutrition and Recipes","WebAppSanityPackage.recipeBuilder","WebAppSanityPackage.recipeBuilder","clickOnRecipeAndValidateRecipeFieldPage","Verify Recipe Builder Page Fields Are Displayed Correctly",""
"passed","Sun Jun 14 20:48:46 UTC 2026","Sun Jun 14 20:48:48 UTC 2026","2206","HabitNuWebAppSuite","4. Lifestyle and Social","WebAppSanityPackage.HabitsAppClass","WebAppSanityPackage.HabitsAppClass","case6","Single Click on habit button and mark a green",""
"passed","Sun Jun 14 20:22:45 UTC 2026","Sun Jun 14 20:22:46 UTC 2026","161","HabitNuWebAppSuite","2. Health Metrics","WebAppSanityPackage.Medication","WebAppSanityPackage.Medication","Case17validateMedicationFieldRequired","TC: Keep the Medication field empty and save",""
"passed","Sun Jun 14 20:12:33 UTC 2026","Sun Jun 14 20:12:37 UTC 2026","4136","HabitNuWebAppSuite","1. Core and Authentication","WebAppSanityPackage.ProfileAppClass","WebAppSanityPackage.ProfileAppClass","case82","Enter wrong current password and new password, click Change Password",""
"passed","Sun Jun 14 20:46:23 UTC 2026","Sun Jun 14 20:46:23 UTC 2026","0","HabitNuWebAppSuite","3. Nutrition and Recipes","WebAppSanityPackage.WebAppClass","WebAppSanityPackage.WebAppClass","case29","Verify Edamam Attribution Link",""
"passed","Sun Jun 14 20:21:07 UTC 2026","Sun Jun 14 20:21:07 UTC 2026","278","HabitNuWebAppSuite","2. Health Metrics","WebAppSanityPackage.Hba1c","WebAppSanityPackage.Hba1c","setTargetMoreThan99","enter target more than 14 and assert messages",""
"passed","Sun Jun 14 20:15:04 UTC 2026","Sun Jun 14 20:15:06 UTC 2026","1818","HabitNuWebAppSuite","2. Health Metrics","WebAppSanityPackage.BloodPressure_Section","WebAppSanityPackage.BloodPressure_Section","case12_editTargetWithGreaterThan250","[MAIN CARD] Verify target edit validation error when entering systolic value greater than 250",""
"passed","Sun Jun 14 20:12:01 UTC 2026","Sun Jun 14 20:12:10 UTC 2026","8615","HabitNuWebAppSuite","1. Core and Authentication","WebAppSanityPackage.ProfileAppClass","WebAppSanityPackage.ProfileAppClass","case73","Upload the file, name and file type and upload",""
"broken","Sun Jun 14 20:25:08 UTC 2026","Sun Jun 14 20:25:18 UTC 2026","10278","HabitNuWebAppSuite","2. Health Metrics","WebAppSanityPackage.ExerciseSection","WebAppSanityPackage.ExerciseSection","case2","Click on Exercise, add exercise for last year, verify Total minutes is 0",""
"passed","Sun Jun 14 20:11:37 UTC 2026","Sun Jun 14 20:11:37 UTC 2026","149","HabitNuWebAppSuite","1. Core and Authentication","WebAppSanityPackage.ProfileAppClass","WebAppSanityPackage.ProfileAppClass","case63","Click on the Upload button",""
"passed","Sun Jun 14 20:12:51 UTC 2026","Sun Jun 14 20:12:55 UTC 2026","4200","HabitNuWebAppSuite","1. Core and Authentication","WebAppSanityPackage.GuidedTour","WebAppSanityPackage.GuidedTour","test1_welcomepage","Given user is getting the license agreement",""
"passed","Sun Jun 14 20:21:04 UTC 2026","Sun Jun 14 20:21:07 UTC 2026","3267","HabitNuWebAppSuite","2. Health Metrics","WebAppSanityPackage.Hba1c","WebAppSanityPackage.Hba1c","editTargetWithBlankValue","edit -  HbA1c cannot be blank",""
"passed","Sun Jun 14 20:06:23 UTC 2026","Sun Jun 14 20:06:24 UTC 2026","899","HabitNuWebAppSuite","1. Core and Authentication","WebAppSanityPackage.Login","WebAppSanityPackage.Login","testForgotPasswordFlow","Validate Forgot Password with registered email and assert success message: 'Password Reset Link Sent Successfully!'.",""
"passed","Sun Jun 14 20:35:13 UTC 2026","Sun Jun 14 20:35:43 UTC 2026","30044","HabitNuWebAppSuite","3. Nutrition and Recipes","WebAppSanityPackage.habiRecipe","WebAppSanityPackage.habiRecipe","case7_GenerateRecipeForDietaryRestrictions","Generate Recipe Using Dietary Restrictions",""
"passed","Sun Jun 14 20:11:58 UTC 2026","Sun Jun 14 20:12:01 UTC 2026","2983","HabitNuWebAppSuite","1. Core and Authentication","WebAppSanityPackage.ProfileAppClass","WebAppSanityPackage.ProfileAppClass","case72","Upload the file type and upload",""
"failed","Sun Jun 14 20:25:18 UTC 2026","Sun Jun 14 20:25:18 UTC 2026","95","HabitNuWebAppSuite","2. Health Metrics","WebAppSanityPackage.ExerciseSection","WebAppSanityPackage.ExerciseSection","case3","Verify No data added for last 30 days",""
"passed","Sun Jun 14 20:15:46 UTC 2026","Sun Jun 14 20:15:46 UTC 2026","370","HabitNuWebAppSuite","2. Health Metrics","WebAppSanityPackage.Sugar_Section","WebAppSanityPackage.Sugar_Section","setNegativeDiastolicTarget","enter negative Low target values and assert messages",""
"passed","Sun Jun 14 20:29:53 UTC 2026","Sun Jun 14 20:30:22 UTC 2026","28374","HabitNuWebAppSuite","3. Nutrition and Recipes","WebAppSanityPackage.foodGrouping","WebAppSanityPackage.foodGrouping","case8","Add My Meal to Dinner",""
"passed","Sun Jun 14 20:10:34 UTC 2026","Sun Jun 14 20:10:34 UTC 2026","129","HabitNuWebAppSuite","1. Core and Authentication","WebAppSanityPackage.ProfileAppClass","WebAppSanityPackage.ProfileAppClass","editBasicInfo","Click 'Edit' on Basic information → enter edit mode",""
"passed","Sun Jun 14 20:36:23 UTC 2026","Sun Jun 14 20:36:27 UTC 2026","3699","HabitNuWebAppSuite","3. Nutrition and Recipes","WebAppSanityPackage.habiRecipe","WebAppSanityPackage.habiRecipe","case12_LogFoodAllergiesRecipe","Log Recipe Generated from Food Allergy Preferences",""
"passed","Sun Jun 14 20:15:28 UTC 2026","Sun Jun 14 20:15:28 UTC 2026","143","HabitNuWebAppSuite","2. Health Metrics","WebAppSanityPackage.BloodPressure_Section","WebAppSanityPackage.BloodPressure_Section","case20_verifyHistoryTableDateTime","[MODAL] Verify blood pressure history table displays correct date/time entries with proper formatting",""
"passed","Sun Jun 14 20:26:52 UTC 2026","Sun Jun 14 20:26:53 UTC 2026","982","HabitNuWebAppSuite","2. Health Metrics","WebAppSanityPackage.TobaccoSection","WebAppSanityPackage.TobaccoSection","case14","verify added today data in tobacco section ",""
"passed","Sun Jun 14 20:05:50 UTC 2026","Sun Jun 14 20:05:52 UTC 2026","2338","HabitNuWebAppSuite","1. Core and Authentication","WebAppSanityPackage.Login","WebAppSanityPackage.Login","testEmailCaseInsensitive","Validate case-insensitive email handling and assert auth error message contains: 'Login Information is Incorrect'.",""
"passed","Sun Jun 14 20:52:04 UTC 2026","Sun Jun 14 20:52:05 UTC 2026","544","HabitNuWebAppSuite","4. Lifestyle and Social","WebAppSanityPackage.DiscussAppClass","WebAppSanityPackage.DiscussAppClass","case14","Edit the post message and then cancel it ( It should not edit the post)",""
"passed","Sun Jun 14 20:07:09 UTC 2026","Sun Jun 14 20:07:09 UTC 2026","87","HabitNuWebAppSuite","1. Core and Authentication","WebAppSanityPackage.HomePage","WebAppSanityPackage.HomePage","testExploreSectionItemsAreVisible","Verify that Discussion, Recipes, Fitness Videos, and Medications are visible in the Explore section.",""
"passed","Sun Jun 14 20:45:32 UTC 2026","Sun Jun 14 20:45:35 UTC 2026","3370","HabitNuWebAppSuite","3. Nutrition and Recipes","WebAppSanityPackage.WebAppClass","WebAppSanityPackage.WebAppClass","case14","Delete Logged Food Item",""
"passed","Sun Jun 14 20:42:58 UTC 2026","Sun Jun 14 20:43:00 UTC 2026","2472","HabitNuWebAppSuite","3. Nutrition and Recipes","WebAppSanityPackage.Myrecipes","WebAppSanityPackage.Myrecipes","test6_createrecipe","Verify User Can Create a Custom Recipe",""
"passed","Sun Jun 14 20:11:26 UTC 2026","Sun Jun 14 20:11:27 UTC 2026","1460","HabitNuWebAppSuite","1. Core and Authentication","WebAppSanityPackage.ProfileAppClass","WebAppSanityPackage.ProfileAppClass","case48","Keep Hips (in inches) as blank and save",""
"passed","Sun Jun 14 20:49:28 UTC 2026","Sun Jun 14 20:49:30 UTC 2026","2063","HabitNuWebAppSuite","4. Lifestyle and Social","WebAppSanityPackage.HabitsAppClass","WebAppSanityPackage.HabitsAppClass","case18","Click on Active Habits dropdown",""
"passed","Sun Jun 14 20:11:24 UTC 2026","Sun Jun 14 20:11:24 UTC 2026","563","HabitNuWebAppSuite","1. Core and Authentication","WebAppSanityPackage.ProfileAppClass","WebAppSanityPackage.ProfileAppClass","case46","Add Waist (in inches) as letters and save",""
"passed","Sun Jun 14 20:22:00 UTC 2026","Sun Jun 14 20:22:01 UTC 2026","651","HabitNuWebAppSuite","2. Health Metrics","WebAppSanityPackage.Medication","WebAppSanityPackage.Medication","case9","Creating new Medications details like selecting add time (What time(s) do you want to take this medication?",""
"passed","Sun Jun 14 20:46:23 UTC 2026","Sun Jun 14 20:46:23 UTC 2026","9","HabitNuWebAppSuite","3. Nutrition and Recipes","WebAppSanityPackage.WebAppClass","WebAppSanityPackage.WebAppClass","Case_28check_the_link_in_log","Verify Nutritional Details Pop-up",""
"failed","Sun Jun 14 20:07:17 UTC 2026","Sun Jun 14 20:07:32 UTC 2026","14528","HabitNuWebAppSuite","1. Core and Authentication","WebAppSanityPackage.HomePage","WebAppSanityPackage.HomePage","testHabitsSection","Verify that the Habits page shows Active Habits details, weekly calendar, and Taking Medication card correctly.",""
"failed","Sun Jun 14 20:46:47 UTC 2026","Sun Jun 14 20:46:47 UTC 2026","203","HabitNuWebAppSuite","3. Nutrition and Recipes","WebAppSanityPackage.WebAppClass","WebAppSanityPackage.WebAppClass","Case31_add_food_check_in_coaches","Verify User Details in Coach Dashboard",""
"passed","Sun Jun 14 20:07:16 UTC 2026","Sun Jun 14 20:07:17 UTC 2026","1763","HabitNuWebAppSuite","1. Core and Authentication","WebAppSanityPackage.HomePage","WebAppSanityPackage.HomePage","testLearnOrVideosSection","Verify that the available Learn or Videos page opens and shows required sections and content.",""
"passed","Sun Jun 14 20:18:12 UTC 2026","Sun Jun 14 20:18:17 UTC 2026","4876","HabitNuWebAppSuite","2. Health Metrics","WebAppSanityPackage.Sugar_Section","WebAppSanityPackage.Sugar_Section","case16","verify blank data in Blood Sugar section before meal",""
"passed","Sun Jun 14 20:52:00 UTC 2026","Sun Jun 14 20:52:01 UTC 2026","663","HabitNuWebAppSuite","4. Lifestyle and Social","WebAppSanityPackage.DiscussAppClass","WebAppSanityPackage.DiscussAppClass","case12","Edit the post with describe line ( It should edit the post)",""
"passed","Sun Jun 14 20:52:06 UTC 2026","Sun Jun 14 20:52:06 UTC 2026","52","HabitNuWebAppSuite","4. Lifestyle and Social","WebAppSanityPackage.DiscussAppClass","WebAppSanityPackage.DiscussAppClass","case20","Click on - button of members ( it should go back )",""
"passed","Sun Jun 14 20:23:19 UTC 2026","Sun Jun 14 20:23:19 UTC 2026","141","HabitNuWebAppSuite","2. Health Metrics","WebAppSanityPackage.Medication","WebAppSanityPackage.Medication","case23","Creating new Medications details like selecting Type/Form.",""
"passed","Sun Jun 14 20:52:05 UTC 2026","Sun Jun 14 20:52:05 UTC 2026","129","HabitNuWebAppSuite","4. Lifestyle and Social","WebAppSanityPackage.DiscussAppClass","WebAppSanityPackage.DiscussAppClass","case16","Add the comment ( It should add the comment)",""
"passed","Sun Jun 14 20:07:09 UTC 2026","Sun Jun 14 20:07:10 UTC 2026","273","HabitNuWebAppSuite","1. Core and Authentication","WebAppSanityPackage.HomePage","WebAppSanityPackage.HomePage","testNotificationPanelContentAndFunctionality","Verify that the notification panel opens, shows Mark All as Read, and contains notifications with message text.",""
"passed","Sun Jun 14 20:07:37 UTC 2026","Sun Jun 14 20:07:39 UTC 2026","1423","HabitNuWebAppSuite","1. Core and Authentication","WebAppSanityPackage.HomePage","WebAppSanityPackage.HomePage","testRecipeBookPageLayoutAndTabs","Verify that the Recipe Book page shows header, tabs, and enabled Generate New Recipe button.",""
"passed","Sun Jun 14 20:20:41 UTC 2026","Sun Jun 14 20:20:46 UTC 2026","4461","HabitNuWebAppSuite","2. Health Metrics","WebAppSanityPackage.Hba1c","WebAppSanityPackage.Hba1c","case7","verify blank data in Hba1c section",""
"passed","Sun Jun 14 20:12:56 UTC 2026","Sun Jun 14 20:12:56 UTC 2026","11","HabitNuWebAppSuite","1. Core and Authentication","WebAppSanityPackage.GuidedTour","WebAppSanityPackage.GuidedTour","test3_registration","When user is able to enter the details in registration form",""
"passed","Sun Jun 14 20:15:45 UTC 2026","Sun Jun 14 20:15:45 UTC 2026","305","HabitNuWebAppSuite","2. Health Metrics","WebAppSanityPackage.Sugar_Section","WebAppSanityPackage.Sugar_Section","placeHolderOfBPCountValueInputBox","verify placeholder - High and Low ",""
"passed","Sun Jun 14 20:47:51 UTC 2026","Sun Jun 14 20:47:55 UTC 2026","3700","HabitNuWebAppSuite","4. Lifestyle and Social","WebAppSanityPackage.HabitsAppClass","WebAppSanityPackage.HabitsAppClass","case1","Click on Habits section (It should take to Habits section)",""
"passed","Sun Jun 14 20:11:29 UTC 2026","Sun Jun 14 20:11:30 UTC 2026","1320","HabitNuWebAppSuite","1. Core and Authentication","WebAppSanityPackage.ProfileAppClass","WebAppSanityPackage.ProfileAppClass","case51","Add Hips (in inches) as valid number and save",""
"passed","Sun Jun 14 20:31:51 UTC 2026","Sun Jun 14 20:32:04 UTC 2026","13553","HabitNuWebAppSuite","3. Nutrition and Recipes","WebAppSanityPackage.foodGrouping","WebAppSanityPackage.foodGrouping","case16","Create My Meal from Logged Breakfast Foods",""
"passed","Sun Jun 14 20:45:16 UTC 2026","Sun Jun 14 20:45:21 UTC 2026","4979","HabitNuWebAppSuite","3. Nutrition and Recipes","WebAppSanityPackage.WebAppClass","WebAppSanityPackage.WebAppClass","case7","Create Custom Food Item",""
"passed","Sun Jun 14 20:15:45 UTC 2026","Sun Jun 14 20:15:46 UTC 2026","351","HabitNuWebAppSuite","2. Health Metrics","WebAppSanityPackage.Sugar_Section","WebAppSanityPackage.Sugar_Section","setNegativeSystolicTarget","enter negative High target values and assert messages",""
"passed","Sun Jun 14 20:44:41 UTC 2026","Sun Jun 14 20:44:53 UTC 2026","12569","HabitNuWebAppSuite","3. Nutrition and Recipes","WebAppSanityPackage.Myrecipes","WebAppSanityPackage.Myrecipes","test19_deleteallrecipes","Verify Empty State Is Displayed After Deleting All Custom Recipes",""
"passed","Sun Jun 14 20:18:22 UTC 2026","Sun Jun 14 20:18:35 UTC 2026","12852","HabitNuWebAppSuite","2. Health Metrics","WebAppSanityPackage.WebAppHealth_WeightSection","WebAppSanityPackage.WebAppHealth_WeightSection","case1","verify - Blank weights",""
"passed","Sun Jun 14 20:06:25 UTC 2026","Sun Jun 14 20:06:27 UTC 2026","1328","HabitNuWebAppSuite","1. Core and Authentication","WebAppSanityPackage.Login","WebAppSanityPackage.Login","testForgotPasswordWithValidEmail","Validate Forgot Password success modal and assert exact text: 'Password Reset Link Sent Successfully!'.",""
"passed","Sun Jun 14 20:15:56 UTC 2026","Sun Jun 14 20:15:56 UTC 2026","374","HabitNuWebAppSuite","2. Health Metrics","WebAppSanityPackage.Sugar_Section","WebAppSanityPackage.Sugar_Section","editTargetWithNegatives","edit -  negative target values and assert messages",""
"passed","Sun Jun 14 20:21:58 UTC 2026","Sun Jun 14 20:21:58 UTC 2026","122","HabitNuWebAppSuite","2. Health Metrics","WebAppSanityPackage.Medication","WebAppSanityPackage.Medication","case3","Adding Strength",""
"failed","Sun Jun 14 20:07:39 UTC 2026","Sun Jun 14 20:07:40 UTC 2026","1575","HabitNuWebAppSuite","1. Core and Authentication","WebAppSanityPackage.HomePage","WebAppSanityPackage.HomePage","testFitnessVideoPage","Verify that the Fitness Videos page shows header, categories, and video items with required details.",""
"passed","Sun Jun 14 20:50:39 UTC 2026","Sun Jun 14 20:50:49 UTC 2026","10454","HabitNuWebAppSuite","4. Lifestyle and Social","WebAppSanityPackage.ChatandNotificationsClass","WebAppSanityPackage.ChatandNotificationsClass","case9","Click on HabitNu: Please step on your scale to achieve your weight tracking goal!",""
"passed","Sun Jun 14 20:45:27 UTC 2026","Sun Jun 14 20:45:29 UTC 2026","1454","HabitNuWebAppSuite","3. Nutrition and Recipes","WebAppSanityPackage.WebAppClass","WebAppSanityPackage.WebAppClass","case11","Add Food to Dinner from Food Log",""
"passed","Sun Jun 14 20:07:09 UTC 2026","Sun Jun 14 20:07:09 UTC 2026","133","HabitNuWebAppSuite","1. Core and Authentication","WebAppSanityPackage.HomePage","WebAppSanityPackage.HomePage","testdiscussionHeaderElementsAreClickable","Verify that the discussion dropdown shows Talk to My Coach, Talk to My Team, and View My Meetings.",""
"passed","Sun Jun 14 20:10:22 UTC 2026","Sun Jun 14 20:10:22 UTC 2026","16","HabitNuWebAppSuite","1. Core and Authentication","WebAppSanityPackage.ProfileAppClass","WebAppSanityPackage.ProfileAppClass","handleSpinner","handleSpinner",""
"failed","Sun Jun 14 20:53:33 UTC 2026","Sun Jun 14 20:53:34 UTC 2026","912","HabitNuWebAppSuite","4. Lifestyle and Social","WebAppSanityPackage.Weights_lbs_Kgs","WebAppSanityPackage.Weights_lbs_Kgs","case8","Set Targets with Unit Toggle and store selected unit",""
"passed","Sun Jun 14 20:18:17 UTC 2026","Sun Jun 14 20:18:17 UTC 2026","438","HabitNuWebAppSuite","2. Health Metrics","WebAppSanityPackage.Sugar_Section","WebAppSanityPackage.Sugar_Section","case17","verify blank data in Blood Sugar section Fasting",""
"passed","Sun Jun 14 20:34:20 UTC 2026","Sun Jun 14 20:34:22 UTC 2026","2284","HabitNuWebAppSuite","3. Nutrition and Recipes","WebAppSanityPackage.waterLog","WebAppSanityPackage.waterLog","case17","1183 ml Water Log",""
"passed","Sun Jun 14 20:24:13 UTC 2026","Sun Jun 14 20:24:13 UTC 2026","331","HabitNuWebAppSuite","2. Health Metrics","WebAppSanityPackage.ExerciseSection","WebAppSanityPackage.ExerciseSection","BeditTargetWithBlankValue","edit - Exercise cannot be blank",""
"passed","Sun Jun 14 20:43:01 UTC 2026","Sun Jun 14 20:43:03 UTC 2026","1900","HabitNuWebAppSuite","3. Nutrition and Recipes","WebAppSanityPackage.Myrecipes","WebAppSanityPackage.Myrecipes","test9_addcustomingredient","Verify User Can Add an Ingredient to Recipe",""
"passed","Sun Jun 14 20:13:13 UTC 2026","Sun Jun 14 20:13:27 UTC 2026","13424","HabitNuWebAppSuite","1. Core and Authentication","WebAppSanityPackage.GuidedTour","WebAppSanityPackage.GuidedTour","test15_backbutton","And User is navigating from last slide to first slide by clicking back button",""
"broken","Sun Jun 14 20:25:35 UTC 2026","Sun Jun 14 20:25:46 UTC 2026","10505","HabitNuWebAppSuite","2. Health Metrics","WebAppSanityPackage.ExerciseSection","WebAppSanityPackage.ExerciseSection","case11","verify negative data as others in exercise section",""
"passed","Sun Jun 14 20:13:41 UTC 2026","Sun Jun 14 20:13:42 UTC 2026","1116","HabitNuWebAppSuite","1. Core and Authentication","WebAppSanityPackage.GuidedTour","WebAppSanityPackage.GuidedTour","test18_skiptour","When User is able to skip the guided tour",""
"passed","Sun Jun 14 20:28:33 UTC 2026","Sun Jun 14 20:28:33 UTC 2026","418","HabitNuWebAppSuite","2. Health Metrics","WebAppSanityPackage.TobaccoSection","WebAppSanityPackage.TobaccoSection","case25","verify data should not be more than 100000 in Tobocco count section,Systolic should not be grater than 250",""
"broken","Sun Jun 14 20:21:18 UTC 2026","Sun Jun 14 20:21:28 UTC 2026","10170","HabitNuWebAppSuite","2. Health Metrics","WebAppSanityPackage.Hba1c","WebAppSanityPackage.Hba1c","editTargetButDoNotSave","edit target values and do click on 'x' mark and do not save",""
"passed","Sun Jun 14 20:10:58 UTC 2026","Sun Jun 14 20:10:58 UTC 2026","166","HabitNuWebAppSuite","1. Core and Authentication","WebAppSanityPackage.ProfileAppClass","WebAppSanityPackage.ProfileAppClass","addInvalidShortPhoneNumber","Add numbers less than 10 digits → Should show error",""
"passed","Sun Jun 14 20:30:22 UTC 2026","Sun Jun 14 20:30:24 UTC 2026","2265","HabitNuWebAppSuite","3. Nutrition and Recipes","WebAppSanityPackage.foodGrouping","WebAppSanityPackage.foodGrouping","case9","Log My Meal Group to Dinner",""
"passed","Sun Jun 14 20:43:19 UTC 2026","Sun Jun 14 20:43:20 UTC 2026","455","HabitNuWebAppSuite","3. Nutrition and Recipes","WebAppSanityPackage.Myrecipes","WebAppSanityPackage.Myrecipes","test17_navigatingrecipe","Verify User Can Delete a Saved Recipe",""
"passed","Sun Jun 14 20:13:12 UTC 2026","Sun Jun 14 20:13:13 UTC 2026","746","HabitNuWebAppSuite","1. Core and Authentication","WebAppSanityPackage.GuidedTour","WebAppSanityPackage.GuidedTour","test13_navigatingtourpage6","And user is navigating from fifth slide to sixth and validating",""
"passed","Sun Jun 14 20:25:58 UTC 2026","Sun Jun 14 20:26:07 UTC 2026","9441","HabitNuWebAppSuite","2. Health Metrics","WebAppSanityPackage.ExerciseSection","WebAppSanityPackage.ExerciseSection","case13","verify decimal data and DELETE ALL logs",""
"passed","Sun Jun 14 20:10:38 UTC 2026","Sun Jun 14 20:10:39 UTC 2026","1793","HabitNuWebAppSuite","1. Core and Authentication","WebAppSanityPackage.ProfileAppClass","WebAppSanityPackage.ProfileAppClass","lastNameBlankTest","Leave last name as blank → should show default name or fail gracefully",""
"broken","Sun Jun 14 20:29:23 UTC 2026","Sun Jun 14 20:29:30 UTC 2026","7626","HabitNuWebAppSuite","3. Nutrition and Recipes","WebAppSanityPackage.foodGrouping","WebAppSanityPackage.foodGrouping","case4","Add My Meal to Breakfast",""
"passed","Sun Jun 14 20:52:12 UTC 2026","Sun Jun 14 20:52:12 UTC 2026","295","HabitNuWebAppSuite","4. Lifestyle and Social","WebAppSanityPackage.DiscussAppClass","WebAppSanityPackage.DiscussAppClass","case35","Click on Replay ( It will display all the recorded meetings)",""
"passed","Sun Jun 14 20:43:04 UTC 2026","Sun Jun 14 20:43:04 UTC 2026","362","HabitNuWebAppSuite","3. Nutrition and Recipes","WebAppSanityPackage.Myrecipes","WebAppSanityPackage.Myrecipes","test12_savedrecipes","Verify User Can Save a Custom Recipe",""
"passed","Sun Jun 14 20:07:34 UTC 2026","Sun Jun 14 20:07:36 UTC 2026","1806","HabitNuWebAppSuite","1. Core and Authentication","WebAppSanityPackage.HomePage","WebAppSanityPackage.HomePage","testSetTargetsSection","Verify that Set Targets page loads and allows counter changes, unit toggle updates, and save action.",""
"passed","Sun Jun 14 20:33:18 UTC 2026","Sun Jun 14 20:33:24 UTC 2026","5680","HabitNuWebAppSuite","3. Nutrition and Recipes","WebAppSanityPackage.foodGrouping","WebAppSanityPackage.foodGrouping","case23","Update Quantities of All Food Items in Existing My Meal Group",""
"passed","Sun Jun 14 20:42:47 UTC 2026","Sun Jun 14 20:42:47 UTC 2026","64","HabitNuWebAppSuite","3. Nutrition and Recipes","WebAppSanityPackage.Myrecipes","WebAppSanityPackage.Myrecipes","test3_NavigaetoMyRecipes","Verify My Recipes Screen Is Displayed Correctly",""
"passed","Sun Jun 14 20:45:05 UTC 2026","Sun Jun 14 20:45:08 UTC 2026","2885","HabitNuWebAppSuite","3. Nutrition and Recipes","WebAppSanityPackage.WebAppClass","WebAppSanityPackage.WebAppClass","case2","Add Food to Lunch Meal",""
"passed","Sun Jun 14 20:51:10 UTC 2026","Sun Jun 14 20:51:20 UTC 2026","10109","HabitNuWebAppSuite","4. Lifestyle and Social","WebAppSanityPackage.ChatandNotificationsClass","WebAppSanityPackage.ChatandNotificationsClass","case12","Click on Reminder : You have an appointment in an hour",""
"passed","Sun Jun 14 20:42:41 UTC 2026","Sun Jun 14 20:42:46 UTC 2026","4790","HabitNuWebAppSuite","3. Nutrition and Recipes","WebAppSanityPackage.Myrecipes","WebAppSanityPackage.Myrecipes","test1_clickrecipes","Verify User Can Navigate to Recipe Book Section",""
"passed","Sun Jun 14 20:21:03 UTC 2026","Sun Jun 14 20:21:03 UTC 2026","212","HabitNuWebAppSuite","2. Health Metrics","WebAppSanityPackage.Hba1c","WebAppSanityPackage.Hba1c","setTarget","enter target values and do click on 'x' mark and do not save",""
"passed","Sun Jun 14 20:34:30 UTC 2026","Sun Jun 14 20:34:31 UTC 2026","921","HabitNuWebAppSuite","3. Nutrition and Recipes","WebAppSanityPackage.waterLog","WebAppSanityPackage.waterLog","case19","Validate setting reminders and verifying Wrong timings",""
"broken","Sun Jun 14 20:40:27 UTC 2026","Sun Jun 14 20:40:31 UTC 2026","4093","HabitNuWebAppSuite","3. Nutrition and Recipes","WebAppSanityPackage.habiRecipe","WebAppSanityPackage.habiRecipe","case31_SetAllPreferences","Configure All Recipe Preferences",""
"passed","Sun Jun 14 20:38:11 UTC 2026","Sun Jun 14 20:38:41 UTC 2026","30370","HabitNuWebAppSuite","3. Nutrition and Recipes","WebAppSanityPackage.habiRecipe","WebAppSanityPackage.habiRecipe","case23_GenerateRecipeForMicronutrients","Generate Recipe Using Micronutrient Preferences",""
"passed","Sun Jun 14 20:05:35 UTC 2026","Sun Jun 14 20:05:36 UTC 2026","304","HabitNuWebAppSuite","1. Core and Authentication","WebAppSanityPackage.Login","WebAppSanityPackage.Login","testLoginWithEmptyCredentials","Validate empty-credentials errors and assert messages: 'Email is required' and 'Please enter a valid password'.",""
"passed","Sun Jun 14 20:52:05 UTC 2026","Sun Jun 14 20:52:06 UTC 2026","65","HabitNuWebAppSuite","4. Lifestyle and Social","WebAppSanityPackage.DiscussAppClass","WebAppSanityPackage.DiscussAppClass","case18","Click on - button of coaches ( it should go back )",""
"passed","Sun Jun 14 20:06:56 UTC 2026","Sun Jun 14 20:07:01 UTC 2026","4939","HabitNuWebAppSuite","1. Core and Authentication","WebAppSanityPackage.Login","WebAppSanityPackage.Login","testProjectPowerRegisterNavigation","Validate Register navigation on Project Power opens the ADA Project Power page in a new tab and displays expected branding elements.",""
"passed","Sun Jun 14 20:15:29 UTC 2026","Sun Jun 14 20:15:30 UTC 2026","545","HabitNuWebAppSuite","2. Health Metrics","WebAppSanityPackage.BloodPressure_Section","WebAppSanityPackage.BloodPressure_Section","case23_verifyNegativeDiastolicValidation","[MODAL] Verify form validation when entering negative value in diastolic field (min=0 validation) and leaving systolic field blank",""
"failed","Sun Jun 14 20:19:13 UTC 2026","Sun Jun 14 20:19:13 UTC 2026","147","HabitNuWebAppSuite","2. Health Metrics","WebAppSanityPackage.WebAppHealth_WeightSection","WebAppSanityPackage.WebAppHealth_WeightSection","case9","Add data as negative weight",""
"passed","Sun Jun 14 20:17:06 UTC 2026","Sun Jun 14 20:17:18 UTC 2026","11404","HabitNuWebAppSuite","2. Health Metrics","WebAppSanityPackage.Sugar_Section","WebAppSanityPackage.Sugar_Section","case12","add yesterday's Blood Sugar n it should show last added data Fasting",""
"failed","Sun Jun 14 20:53:34 UTC 2026","Sun Jun 14 20:53:34 UTC 2026","147","HabitNuWebAppSuite","4. Lifestyle and Social","WebAppSanityPackage.Weights_lbs_Kgs","WebAppSanityPackage.Weights_lbs_Kgs","case9","Dashboard weights match unit selected",""
"passed","Sun Jun 14 20:07:09 UTC 2026","Sun Jun 14 20:07:09 UTC 2026","177","HabitNuWebAppSuite","1. Core and Authentication","WebAppSanityPackage.HomePage","WebAppSanityPackage.HomePage","testWeightLossProgressCardData","Verify that the Weight Loss Progress card shows correct labels, values, units, percentage, and Set Targets button.",""
"passed","Sun Jun 14 20:16:21 UTC 2026","Sun Jun 14 20:16:22 UTC 2026","864","HabitNuWebAppSuite","2. Health Metrics","WebAppSanityPackage.Sugar_Section","WebAppSanityPackage.Sugar_Section","case3","Click on Blood Sugar , click on add new button and add Blood Sugar Before Meal for current year current date ",""
"passed","Sun Jun 14 20:15:56 UTC 2026","Sun Jun 14 20:15:57 UTC 2026","737","HabitNuWebAppSuite","2. Health Metrics","WebAppSanityPackage.Sugar_Section","WebAppSanityPackage.Sugar_Section","editTargetWithGreaterThan999","edit -  enter High target more than 999 and assert messages",""
"passed","Sun Jun 14 20:50:49 UTC 2026","Sun Jun 14 20:51:00 UTC 2026","10579","HabitNuWebAppSuite","4. Lifestyle and Social","WebAppSanityPackage.ChatandNotificationsClass","WebAppSanityPackage.ChatandNotificationsClass","case10","Click on HabitNu: Welcome to a new week! Please step on your scale to record your weight 3 days this week!",""
"passed","Sun Jun 14 20:50:28 UTC 2026","Sun Jun 14 20:50:28 UTC 2026","88","HabitNuWebAppSuite","4. Lifestyle and Social","WebAppSanityPackage.ChatandNotificationsClass","WebAppSanityPackage.ChatandNotificationsClass","case7","Click on the Mark All as Read",""
"passed","Sun Jun 14 20:08:43 UTC 2026","Sun Jun 14 20:08:44 UTC 2026","1473","HabitNuWebAppSuite","1. Core and Authentication","WebAppSanityPackage.HomePage","WebAppSanityPackage.HomePage","testDeleteWeights","Verify that existing Weight logs are listed correctly and can be deleted successfully.",""
"passed","Sun Jun 14 20:10:08 UTC 2026","Sun Jun 14 20:10:20 UTC 2026","12394","HabitNuWebAppSuite","1. Core and Authentication","WebAppSanityPackage.HomePage","WebAppSanityPackage.HomePage","testWeightLossProgressCardAndValidation","Verify that Weight Loss Progress card and related values update after adding a new weight entry.",""
"passed","Sun Jun 14 20:50:26 UTC 2026","Sun Jun 14 20:50:26 UTC 2026","114","HabitNuWebAppSuite","4. Lifestyle and Social","WebAppSanityPackage.ChatandNotificationsClass","WebAppSanityPackage.ChatandNotificationsClass","case5","Close the chatbox",""
"passed","Sun Jun 14 20:11:04 UTC 2026","Sun Jun 14 20:11:05 UTC 2026","444","HabitNuWebAppSuite","1. Core and Authentication","WebAppSanityPackage.ProfileAppClass","WebAppSanityPackage.ProfileAppClass","keepCityBlankAndSave","Keep City as blank and save → Should throw validation error",""
"passed","Sun Jun 14 20:41:03 UTC 2026","Sun Jun 14 20:41:05 UTC 2026","1936","HabitNuWebAppSuite","3. Nutrition and Recipes","WebAppSanityPackage.recipeBuilder","WebAppSanityPackage.recipeBuilder","validateRecipeCardElements","Verify Recipe Card Elements Are Displayed Correctly",""
"passed","Sun Jun 14 20:24:14 UTC 2026","Sun Jun 14 20:24:14 UTC 2026","243","HabitNuWebAppSuite","2. Health Metrics","WebAppSanityPackage.ExerciseSection","WebAppSanityPackage.ExerciseSection","setValidTarget","enter valid Target",""
"passed","Sun Jun 14 20:10:52 UTC 2026","Sun Jun 14 20:10:55 UTC 2026","3357","HabitNuWebAppSuite","1. Core and Authentication","WebAppSanityPackage.ProfileAppClass","WebAppSanityPackage.ProfileAppClass","setTimeZoneEasternAndSave","Select Timezone as 'Eastern' and save → should update successfully",""
"passed","Sun Jun 14 20:19:07 UTC 2026","Sun Jun 14 20:19:09 UTC 2026","2140","HabitNuWebAppSuite","2. Health Metrics","WebAppSanityPackage.WebAppHealth_WeightSection","WebAppSanityPackage.WebAppHealth_WeightSection","case5","verify added today data",""
"passed","Sun Jun 14 20:45:49 UTC 2026","Sun Jun 14 20:45:51 UTC 2026","2324","HabitNuWebAppSuite","3. Nutrition and Recipes","WebAppSanityPackage.WebAppClass","WebAppSanityPackage.WebAppClass","case19","Add/Edit Food Without Optional Fields",""
"passed","Sun Jun 14 20:37:05 UTC 2026","Sun Jun 14 20:37:09 UTC 2026","3705","HabitNuWebAppSuite","3. Nutrition and Recipes","WebAppSanityPackage.habiRecipe","WebAppSanityPackage.habiRecipe","case16_LogDietTypeRecipe","Log Recipe Generated from Diet Type Preferences",""
"passed","Sun Jun 14 20:11:56 UTC 2026","Sun Jun 14 20:11:58 UTC 2026","2510","HabitNuWebAppSuite","1. Core and Authentication","WebAppSanityPackage.ProfileAppClass","WebAppSanityPackage.ProfileAppClass","case70","Upload the name only and upload",""
"passed","Sun Jun 14 20:15:48 UTC 2026","Sun Jun 14 20:15:50 UTC 2026","2281","HabitNuWebAppSuite","2. Health Metrics","WebAppSanityPackage.Sugar_Section","WebAppSanityPackage.Sugar_Section","editTargetValid","edit Target - valid",""
"passed","Sun Jun 14 20:26:34 UTC 2026","Sun Jun 14 20:26:34 UTC 2026","413","HabitNuWebAppSuite","2. Health Metrics","WebAppSanityPackage.TobaccoSection","WebAppSanityPackage.TobaccoSection","case3_ditTargetWithBlankValue","edit -  tobacco cannot be blank",""
"passed","Sun Jun 14 20:24:04 UTC 2026","Sun Jun 14 20:24:12 UTC 2026","8057","HabitNuWebAppSuite","2. Health Metrics","WebAppSanityPackage.ExerciseSection","WebAppSanityPackage.ExerciseSection","noTargetSet","verify no target case",""
"passed","Sun Jun 14 20:19:15 UTC 2026","Sun Jun 14 20:19:17 UTC 2026","2738","HabitNuWebAppSuite","2. Health Metrics","WebAppSanityPackage.WebAppHealth_WeightSection","WebAppSanityPackage.WebAppHealth_WeightSection","graphcase1","Load web app -> Click on Health section -> Weight section -> click on three lines -> Click on graph -> click on filter as last week",""
"passed","Sun Jun 14 20:43:06 UTC 2026","Sun Jun 14 20:43:07 UTC 2026","1301","HabitNuWebAppSuite","3. Nutrition and Recipes","WebAppSanityPackage.Myrecipes","WebAppSanityPackage.Myrecipes","test14_logrecipes","Verify User Can Log a Custom Recipe as a Meal",""
"failed","Sun Jun 14 20:06:04 UTC 2026","Sun Jun 14 20:06:07 UTC 2026","3572","HabitNuWebAppSuite","1. Core and Authentication","WebAppSanityPackage.Login","WebAppSanityPackage.Login","testLoginWithValidOTP","Validate OTP login happy path by requesting an email OTP, fetching the latest code from TestMail, submitting it, and verifying arrival on Home.",""
"passed","Sun Jun 14 20:13:12 UTC 2026","Sun Jun 14 20:13:12 UTC 2026","258","HabitNuWebAppSuite","1. Core and Authentication","WebAppSanityPackage.GuidedTour","WebAppSanityPackage.GuidedTour","test12_navigatingtourpage5","And user is navigating from fourth slide to fifth and validating",""
"passed","Sun Jun 14 20:49:30 UTC 2026","Sun Jun 14 20:49:46 UTC 2026","15897","HabitNuWebAppSuite","4. Lifestyle and Social","WebAppSanityPackage.HabitsAppClass","WebAppSanityPackage.HabitsAppClass","case19","Click on Add button it should take to create the habit page and create the habit using flexible days",""
"passed","Sun Jun 14 20:18:36 UTC 2026","Sun Jun 14 20:18:37 UTC 2026","1216","HabitNuWebAppSuite","2. Health Metrics","WebAppSanityPackage.WebAppHealth_WeightSection","WebAppSanityPackage.WebAppHealth_WeightSection","setValidTarget","enter valid Target",""
"passed","Sun Jun 14 20:15:29 UTC 2026","Sun Jun 14 20:15:29 UTC 2026","181","HabitNuWebAppSuite","2. Health Metrics","WebAppSanityPackage.BloodPressure_Section","WebAppSanityPackage.BloodPressure_Section","case22_verifyNegativeSystolicValidation","[MODAL] Verify form validation when entering negative value in systolic field (min=0 validation) and leaving diastolic field blank",""
"passed","Sun Jun 14 20:42:03 UTC 2026","Sun Jun 14 20:42:03 UTC 2026","144","HabitNuWebAppSuite","3. Nutrition and Recipes","WebAppSanityPackage.recipeBuilder","WebAppSanityPackage.recipeBuilder","verifyRemoveFavorites_from_recipeView_page","Verify User Can Remove Favorite From Recipe Detail Page",""
"passed","Sun Jun 14 20:45:43 UTC 2026","Sun Jun 14 20:45:46 UTC 2026","2620","HabitNuWebAppSuite","3. Nutrition and Recipes","WebAppSanityPackage.WebAppClass","WebAppSanityPackage.WebAppClass","case17","Edit Food and Validate Updated Details",""
"passed","Sun Jun 14 20:45:14 UTC 2026","Sun Jun 14 20:45:14 UTC 2026","356","HabitNuWebAppSuite","3. Nutrition and Recipes","WebAppSanityPackage.WebAppClass","WebAppSanityPackage.WebAppClass","case5","Verify Added Food Appears in All Foods Section",""
"passed","Sun Jun 14 20:49:13 UTC 2026","Sun Jun 14 20:49:13 UTC 2026","135","HabitNuWebAppSuite","4. Lifestyle and Social","WebAppSanityPackage.HabitsAppClass","WebAppSanityPackage.HabitsAppClass","case14","Click on Activate and do not add the habit back",""
"passed","Sun Jun 14 20:21:59 UTC 2026","Sun Jun 14 20:21:59 UTC 2026","725","HabitNuWebAppSuite","2. Health Metrics","WebAppSanityPackage.Medication","WebAppSanityPackage.Medication","case6","Coach- Users- Medication- Creating new Medications details like selecting Dosage",""
"passed","Sun Jun 14 20:47:55 UTC 2026","Sun Jun 14 20:48:14 UTC 2026","19207","HabitNuWebAppSuite","4. Lifestyle and Social","WebAppSanityPackage.HabitsAppClass","WebAppSanityPackage.HabitsAppClass","case3","Click on backward arrowmark",""
"passed","Sun Jun 14 20:27:02 UTC 2026","Sun Jun 14 20:27:04 UTC 2026","2817","HabitNuWebAppSuite","2. Health Metrics","WebAppSanityPackage.TobaccoSection","WebAppSanityPackage.TobaccoSection","case18_graphCase6","Load web app -> Click on Health section -> Tobacco section ->>It should verify all the values added in graph",""
"passed","Sun Jun 14 20:50:09 UTC 2026","Sun Jun 14 20:50:09 UTC 2026","198","HabitNuWebAppSuite","4. Lifestyle and Social","WebAppSanityPackage.HabitsAppClass","WebAppSanityPackage.HabitsAppClass","case28","Click on Activate and do not add the habit back",""
"broken","Sun Jun 14 20:06:09 UTC 2026","Sun Jun 14 20:06:21 UTC 2026","11271","HabitNuWebAppSuite","1. Core and Authentication","WebAppSanityPackage.Login","WebAppSanityPackage.Login","testLoginWithInvalidOTP","Validate invalid OTP handling and assert message: 'Code entered is wrong'.",""
"passed","Sun Jun 14 20:21:03 UTC 2026","Sun Jun 14 20:21:04 UTC 2026","302","HabitNuWebAppSuite","2. Health Metrics","WebAppSanityPackage.Hba1c","WebAppSanityPackage.Hba1c","setNegativeTarget","enter negative target values and assert messages",""
"passed","Sun Jun 14 20:07:41 UTC 2026","Sun Jun 14 20:08:43 UTC 2026","62111","HabitNuWebAppSuite","1. Core and Authentication","WebAppSanityPackage.HomePage","WebAppSanityPackage.HomePage","deleteFoodLogsForPreviousDays","Verify that food logs can be deleted for current week dates across all meal sections.",""
"passed","Sun Jun 14 20:10:40 UTC 2026","Sun Jun 14 20:10:41 UTC 2026","1792","HabitNuWebAppSuite","1. Core and Authentication","WebAppSanityPackage.ProfileAppClass","WebAppSanityPackage.ProfileAppClass","selectGenderMaleAndSave","Select Gender as Male and save → should reflect",""
"passed","Sun Jun 14 20:13:10 UTC 2026","Sun Jun 14 20:13:10 UTC 2026","303","HabitNuWebAppSuite","1. Core and Authentication","WebAppSanityPackage.GuidedTour","WebAppSanityPackage.GuidedTour","test9_navigatingtourpage2","And user is navigating from first slide to second slide and validating",""
"passed","Sun Jun 14 20:11:18 UTC 2026","Sun Jun 14 20:11:18 UTC 2026","375","HabitNuWebAppSuite","1. Core and Authentication","WebAppSanityPackage.ProfileAppClass","WebAppSanityPackage.ProfileAppClass","addWaistAsLettersAndValidate","Add Waist as letters → Should show validation error",""
"passed","Sun Jun 14 20:25:23 UTC 2026","Sun Jun 14 20:25:23 UTC 2026","450","HabitNuWebAppSuite","2. Health Metrics","WebAppSanityPackage.ExerciseSection","WebAppSanityPackage.ExerciseSection","case7","verify blank data in exercise section",""
"passed","Sun Jun 14 20:11:03 UTC 2026","Sun Jun 14 20:11:04 UTC 2026","1797","HabitNuWebAppSuite","1. Core and Authentication","WebAppSanityPackage.ProfileAppClass","WebAppSanityPackage.ProfileAppClass","editAddressLine2AndSave","Edit Address line 2 and save",""
"passed","Sun Jun 14 20:16:58 UTC 2026","Sun Jun 14 20:17:04 UTC 2026","5937","HabitNuWebAppSuite","2. Health Metrics","WebAppSanityPackage.Sugar_Section","WebAppSanityPackage.Sugar_Section","case10","verify added today data in Blood Sugar section as After Meal",""
"passed","Sun Jun 14 20:33:44 UTC 2026","Sun Jun 14 20:33:53 UTC 2026","8700","HabitNuWebAppSuite","3. Nutrition and Recipes","WebAppSanityPackage.waterLog","WebAppSanityPackage.waterLog","case1","Main Page",""
"passed","Sun Jun 14 20:12:46 UTC 2026","Sun Jun 14 20:12:47 UTC 2026","1113","HabitNuWebAppSuite","1. Core and Authentication","WebAppSanityPackage.ProfileAppClass","WebAppSanityPackage.ProfileAppClass","case91","Click on Profile Dropdown and validate List of options",""
"passed","Sun Jun 14 20:07:07 UTC 2026","Sun Jun 14 20:07:09 UTC 2026","1558","HabitNuWebAppSuite","1. Core and Authentication","WebAppSanityPackage.HomePage","WebAppSanityPackage.HomePage","testWelcomeMessageIsDisplayed","Verify that the personalized welcome message is displayed with the expected text.",""
"passed","Sun Jun 14 20:27:04 UTC 2026","Sun Jun 14 20:27:16 UTC 2026","11138","HabitNuWebAppSuite","2. Health Metrics","WebAppSanityPackage.TobaccoSection","WebAppSanityPackage.TobaccoSection","case19","Click on tobacco , click on add new button and add tobacco for last month and and Total count of the day should be 0",""
"passed","Sun Jun 14 20:13:13 UTC 2026","Sun Jun 14 20:13:13 UTC 2026","484","HabitNuWebAppSuite","1. Core and Authentication","WebAppSanityPackage.GuidedTour","WebAppSanityPackage.GuidedTour","test14_navigatingtourpage7","And user is navigating from sixth slide to seventh and validating",""
"passed","Sun Jun 14 20:15:31 UTC 2026","Sun Jun 14 20:15:33 UTC 2026","1296","HabitNuWebAppSuite","2. Health Metrics","WebAppSanityPackage.BloodPressure_Section","WebAppSanityPackage.BloodPressure_Section","case28_verifyEditFunctionalityInHistoryTable","[MODAL] Verify edit functionality for blood pressure entries in history table using edit action buttons",""
"passed","Sun Jun 14 20:41:33 UTC 2026","Sun Jun 14 20:42:02 UTC 2026","29657","HabitNuWebAppSuite","3. Nutrition and Recipes","WebAppSanityPackage.recipeBuilder","WebAppSanityPackage.recipeBuilder","deleteFavRecipesFromFavorites","Verify Removing Favorite From Favorites Section Updates Recipe List",""
"passed","Sun Jun 14 20:46:19 UTC 2026","Sun Jun 14 20:46:21 UTC 2026","2013","HabitNuWebAppSuite","3. Nutrition and Recipes","WebAppSanityPackage.WebAppClass","WebAppSanityPackage.WebAppClass","case23","Delete Food from Frequent Foods Section",""
"broken","Sun Jun 14 20:50:18 UTC 2026","Sun Jun 14 20:50:19 UTC 2026","1495","HabitNuWebAppSuite","4. Lifestyle and Social","WebAppSanityPackage.ChatandNotificationsClass","WebAppSanityPackage.ChatandNotificationsClass","case2","Send a message in chatbox and click enter",""
"passed","Sun Jun 14 20:15:47 UTC 2026","Sun Jun 14 20:15:48 UTC 2026","251","HabitNuWebAppSuite","2. Health Metrics","WebAppSanityPackage.Sugar_Section","WebAppSanityPackage.Sugar_Section","lowTargetWithBlankValue","edit -  low BS cannot be blank",""
"passed","Sun Jun 14 20:14:58 UTC 2026","Sun Jun 14 20:14:59 UTC 2026","1838","HabitNuWebAppSuite","2. Health Metrics","WebAppSanityPackage.BloodPressure_Section","WebAppSanityPackage.BloodPressure_Section","case8_setValidTarget","[MAIN CARD] Verify successful setting of valid blood pressure target values via Set Target button",""
"passed","Sun Jun 14 20:15:28 UTC 2026","Sun Jun 14 20:15:29 UTC 2026","642","HabitNuWebAppSuite","2. Health Metrics","WebAppSanityPackage.BloodPressure_Section","WebAppSanityPackage.BloodPressure_Section","case21_verifyRequiredFieldValidation","[MODAL] Verify required field validation when submitting form with empty systolic and diastolic inputs",""
"passed","Sun Jun 14 20:29:32 UTC 2026","Sun Jun 14 20:29:52 UTC 2026","20469","HabitNuWebAppSuite","3. Nutrition and Recipes","WebAppSanityPackage.foodGrouping","WebAppSanityPackage.foodGrouping","case6","Add My Meal to Lunch",""
"passed","Sun Jun 14 20:41:10 UTC 2026","Sun Jun 14 20:41:10 UTC 2026","343","HabitNuWebAppSuite","3. Nutrition and Recipes","WebAppSanityPackage.recipeBuilder","WebAppSanityPackage.recipeBuilder","viewTheFavoritedRecipePage","Verify User Can View Favorite Recipe Details",""
"passed","Sun Jun 14 20:50:09 UTC 2026","Sun Jun 14 20:50:11 UTC 2026","2045","HabitNuWebAppSuite","4. Lifestyle and Social","WebAppSanityPackage.HabitsAppClass","WebAppSanityPackage.HabitsAppClass","case29","Click on Activate and add the habit back",""
"passed","Sun Jun 14 20:15:16 UTC 2026","Sun Jun 14 20:15:16 UTC 2026","20","HabitNuWebAppSuite","2. Health Metrics","WebAppSanityPackage.BloodPressure_Section","WebAppSanityPackage.BloodPressure_Section","case17_verifyNoDataFor30DaysMessage","[MAIN CARD] Verify 'No data for last 30 days' message displays correctly in widget",""
"passed","Sun Jun 14 20:42:03 UTC 2026","Sun Jun 14 20:42:13 UTC 2026","9994","HabitNuWebAppSuite","3. Nutrition and Recipes","WebAppSanityPackage.recipeBuilder","WebAppSanityPackage.recipeBuilder","addRecipeToFavorites","Verify User Can Add Recipe to Favorites Using Three-Dot Menu",""
"passed","Sun Jun 14 20:21:51 UTC 2026","Sun Jun 14 20:21:56 UTC 2026","5753","HabitNuWebAppSuite","2. Health Metrics","WebAppSanityPackage.Medication","WebAppSanityPackage.Medication","case1","Main Page - Navigate to Medications Section",""
"passed","Sun Jun 14 20:15:30 UTC 2026","Sun Jun 14 20:15:30 UTC 2026","584","HabitNuWebAppSuite","2. Health Metrics","WebAppSanityPackage.BloodPressure_Section","WebAppSanityPackage.BloodPressure_Section","case24_verifySystolicMaxValueValidation","[MODAL] Verify systolic field maximum value validation (max=250) with extremely large input",""
"passed","Sun Jun 14 20:15:30 UTC 2026","Sun Jun 14 20:15:31 UTC 2026","444","HabitNuWebAppSuite","2. Health Metrics","WebAppSanityPackage.BloodPressure_Section","WebAppSanityPackage.BloodPressure_Section","case25_verifyDiastolicMaxValueValidation","[MODAL] Verify diastolic field maximum value validation (max=200) with extremely large input",""
"passed","Sun Jun 14 20:43:03 UTC 2026","Sun Jun 14 20:43:04 UTC 2026","619","HabitNuWebAppSuite","3. Nutrition and Recipes","WebAppSanityPackage.Myrecipes","WebAppSanityPackage.Myrecipes","test11_removeingredient","Verify User Can Remove an Ingredient from the Recipe",""
"passed","Sun Jun 14 20:34:33 UTC 2026","Sun Jun 14 20:34:38 UTC 2026","5655","HabitNuWebAppSuite","3. Nutrition and Recipes","WebAppSanityPackage.habiRecipe","WebAppSanityPackage.habiRecipe","case1_NavigateToRecipesPage","Verify Recipe Generation Landing Page",""
"passed","Sun Jun 14 20:11:24 UTC 2026","Sun Jun 14 20:11:26 UTC 2026","1395","HabitNuWebAppSuite","1. Core and Authentication","WebAppSanityPackage.ProfileAppClass","WebAppSanityPackage.ProfileAppClass","case47","Add Waist (in inches) as valid number and save",""
"passed","Sun Jun 14 20:20:20 UTC 2026","Sun Jun 14 20:20:24 UTC 2026","4721","HabitNuWebAppSuite","2. Health Metrics","WebAppSanityPackage.Hba1c","WebAppSanityPackage.Hba1c","case2","Click on HbA1c , click on add new button and add hba1c for last year",""
"passed","Sun Jun 14 20:18:38 UTC 2026","Sun Jun 14 20:18:38 UTC 2026","284","HabitNuWebAppSuite","2. Health Metrics","WebAppSanityPackage.WebAppHealth_WeightSection","WebAppSanityPackage.WebAppHealth_WeightSection","editTargetWithGreaterThan99","edit -  enter target more than 999 and assert messages",""
"passed","Sun Jun 14 20:22:08 UTC 2026","Sun Jun 14 20:22:30 UTC 2026","21690","HabitNuWebAppSuite","2. Health Metrics","WebAppSanityPackage.Medication","WebAppSanityPackage.Medication","editWeightLossMedication","Edit details of Weight Loss Medication",""
"passed","Sun Jun 14 20:15:45 UTC 2026","Sun Jun 14 20:15:45 UTC 2026","321","HabitNuWebAppSuite","2. Health Metrics","WebAppSanityPackage.Sugar_Section","WebAppSanityPackage.Sugar_Section","setTarget","enter target values and do click on 'x' mark and do not save",""
"passed","Sun Jun 14 20:19:09 UTC 2026","Sun Jun 14 20:19:13 UTC 2026","3250","HabitNuWebAppSuite","2. Health Metrics","WebAppSanityPackage.WebAppHealth_WeightSection","WebAppSanityPackage.WebAppHealth_WeightSection","case8","Add data as blank",""
"passed","Sun Jun 14 20:15:57 UTC 2026","Sun Jun 14 20:16:06 UTC 2026","9249","HabitNuWebAppSuite","2. Health Metrics","WebAppSanityPackage.Sugar_Section","WebAppSanityPackage.Sugar_Section","case1","Click on health tab and verify no data recorded yet in Blood Sugar section",""
"passed","Sun Jun 14 20:34:17 UTC 2026","Sun Jun 14 20:34:18 UTC 2026","732","HabitNuWebAppSuite","3. Nutrition and Recipes","WebAppSanityPackage.waterLog","WebAppSanityPackage.waterLog","case14","473 ml Water Log",""
"passed","Sun Jun 14 20:15:06 UTC 2026","Sun Jun 14 20:15:08 UTC 2026","1814","HabitNuWebAppSuite","2. Health Metrics","WebAppSanityPackage.BloodPressure_Section","WebAppSanityPackage.BloodPressure_Section","case13_editsystolicTargetWithBlankValue","[MAIN CARD] Verify target edit validation error when clearing systolic field (blank/empty value)",""
"broken","Sun Jun 14 20:19:45 UTC 2026","Sun Jun 14 20:19:56 UTC 2026","10597","HabitNuWebAppSuite","2. Health Metrics","WebAppSanityPackage.WebAppHealth_WeightSection","WebAppSanityPackage.WebAppHealth_WeightSection","graphCase6","Load web app -> Click on Health section -> Weight section -> verify graph values",""
"passed","Sun Jun 14 20:34:02 UTC 2026","Sun Jun 14 20:34:02 UTC 2026","647","HabitNuWebAppSuite","3. Nutrition and Recipes","WebAppSanityPackage.waterLog","WebAppSanityPackage.waterLog","case5","32 oz Water Log",""
"passed","Sun Jun 14 20:24:13 UTC 2026","Sun Jun 14 20:24:13 UTC 2026","192","HabitNuWebAppSuite","2. Health Metrics","WebAppSanityPackage.ExerciseSection","WebAppSanityPackage.ExerciseSection","placeHolderOfTobaccoCountValueInputBox","verify placeholder - Exercise",""
"passed","Sun Jun 14 20:22:30 UTC 2026","Sun Jun 14 20:22:31 UTC 2026","1595","HabitNuWebAppSuite","2. Health Metrics","WebAppSanityPackage.Medication","WebAppSanityPackage.Medication","case13","Weight loss medication Your Medication Edit detials on Yor Medication",""
"passed","Sun Jun 14 20:18:39 UTC 2026","Sun Jun 14 20:18:54 UTC 2026","14873","HabitNuWebAppSuite","2. Health Metrics","WebAppSanityPackage.WebAppHealth_WeightSection","WebAppSanityPackage.WebAppHealth_WeightSection","case2","Click on weight , click on add new button and add weight for last month",""
"passed","Sun Jun 14 20:07:36 UTC 2026","Sun Jun 14 20:07:37 UTC 2026","1048","HabitNuWebAppSuite","1. Core and Authentication","WebAppSanityPackage.HomePage","WebAppSanityPackage.HomePage","testDiscussionPage","Verify that the Discussion page shows tabs, post composer controls, and feed item details.",""
"passed","Sun Jun 14 20:26:54 UTC 2026","Sun Jun 14 20:26:57 UTC 2026","2543","HabitNuWebAppSuite","2. Health Metrics","WebAppSanityPackage.TobaccoSection","WebAppSanityPackage.TobaccoSection","case16_graphcase2","Load web app -> Click on Health section -> Weight section -> click on three lines -> Click on graph -> click on filter as last month",""
"passed","Sun Jun 14 20:12:40 UTC 2026","Sun Jun 14 20:12:42 UTC 2026","2026","HabitNuWebAppSuite","1. Core and Authentication","WebAppSanityPackage.ProfileAppClass","WebAppSanityPackage.ProfileAppClass","case87","Switch back to English language and verify UI text",""
"passed","Sun Jun 14 20:13:42 UTC 2026","Sun Jun 14 20:13:43 UTC 2026","692","HabitNuWebAppSuite","1. Core and Authentication","WebAppSanityPackage.GuidedTour","WebAppSanityPackage.GuidedTour","test19_maybelater","Then User is able to explore the guided tour after sometimes",""
"passed","Sun Jun 14 20:23:19 UTC 2026","Sun Jun 14 20:23:20 UTC 2026","481","HabitNuWebAppSuite","2. Health Metrics","WebAppSanityPackage.Medication","WebAppSanityPackage.Medication","case24","Coach- Users- Medication- Creating new Medications details like selecting Dosage",""
"passed","Sun Jun 14 20:19:13 UTC 2026","Sun Jun 14 20:19:13 UTC 2026","185","HabitNuWebAppSuite","2. Health Metrics","WebAppSanityPackage.WebAppHealth_WeightSection","WebAppSanityPackage.WebAppHealth_WeightSection","case10","Add data as 1000 weight",""
"broken","Sun Jun 14 20:19:20 UTC 2026","Sun Jun 14 20:19:32 UTC 2026","11928","HabitNuWebAppSuite","2. Health Metrics","WebAppSanityPackage.WebAppHealth_WeightSection","WebAppSanityPackage.WebAppHealth_WeightSection","graphcase3","Load web app -> Click on Health section -> Weight section -> click on three lines -> Click on graph -> click on filter as last year",""
"passed","Sun Jun 14 20:50:08 UTC 2026","Sun Jun 14 20:50:08 UTC 2026","278","HabitNuWebAppSuite","4. Lifestyle and Social","WebAppSanityPackage.HabitsAppClass","WebAppSanityPackage.HabitsAppClass","case25","Click on Calender and close it without making changes",""
"passed","Sun Jun 14 20:45:46 UTC 2026","Sun Jun 14 20:45:49 UTC 2026","3221","HabitNuWebAppSuite","3. Nutrition and Recipes","WebAppSanityPackage.WebAppClass","WebAppSanityPackage.WebAppClass","case18","Verify Validation for Missing Mandatory Fields During Food Edit",""
"passed","Sun Jun 14 20:19:56 UTC 2026","Sun Jun 14 20:20:11 UTC 2026","14723","HabitNuWebAppSuite","2. Health Metrics","WebAppSanityPackage.WebAppHealth_WeightSection","WebAppSanityPackage.WebAppHealth_WeightSection","case13","verify last week , month , year data ",""
"passed","Sun Jun 14 20:51:50 UTC 2026","Sun Jun 14 20:52:00 UTC 2026","9800","HabitNuWebAppSuite","4. Lifestyle and Social","WebAppSanityPackage.DiscussAppClass","WebAppSanityPackage.DiscussAppClass","case10","Upload more than 5 files (should not allow)",""
"passed","Sun Jun 14 20:45:14 UTC 2026","Sun Jun 14 20:45:16 UTC 2026","1389","HabitNuWebAppSuite","3. Nutrition and Recipes","WebAppSanityPackage.WebAppClass","WebAppSanityPackage.WebAppClass","case6","Verify Added Food Appears in Frequent Foods Section",""
"passed","Sun Jun 14 20:26:44 UTC 2026","Sun Jun 14 20:26:44 UTC 2026","546","HabitNuWebAppSuite","2. Health Metrics","WebAppSanityPackage.TobaccoSection","WebAppSanityPackage.TobaccoSection","case11_editTargetWithGreaterThan99","edit -  enter target more than 99 and assert messages",""
"broken","Sun Jun 14 20:24:14 UTC 2026","Sun Jun 14 20:24:25 UTC 2026","10439","HabitNuWebAppSuite","2. Health Metrics","WebAppSanityPackage.ExerciseSection","WebAppSanityPackage.ExerciseSection","editTargetValid","edit Target - valid",""
"passed","Sun Jun 14 20:41:14 UTC 2026","Sun Jun 14 20:41:14 UTC 2026","148","HabitNuWebAppSuite","3. Nutrition and Recipes","WebAppSanityPackage.recipeBuilder","WebAppSanityPackage.recipeBuilder","verifyLoggedRecipeUnderFood","Verify Logged Recipe Appears in Food Log",""
"passed","Sun Jun 14 20:10:57 UTC 2026","Sun Jun 14 20:10:58 UTC 2026","354","HabitNuWebAppSuite","1. Core and Authentication","WebAppSanityPackage.ProfileAppClass","WebAppSanityPackage.ProfileAppClass","blankContactNumberValidation","Keep contact number blank → Show validation error",""
"broken","Sun Jun 14 20:46:47 UTC 2026","Sun Jun 14 20:47:48 UTC 2026","60821","HabitNuWebAppSuite","3. Nutrition and Recipes","WebAppSanityPackage.WebAppClass","WebAppSanityPackage.WebAppClass","delete_from_all_food_sections","Delete All Logged Foods Across Meal Sections",""
"passed","Sun Jun 14 20:37:10 UTC 2026","Sun Jun 14 20:37:19 UTC 2026","9100","HabitNuWebAppSuite","3. Nutrition and Recipes","WebAppSanityPackage.habiRecipe","WebAppSanityPackage.habiRecipe","case18_SetMacronutrientPreferences","Configure Macronutrient Preferences",""
"passed","Sun Jun 14 20:20:46 UTC 2026","Sun Jun 14 20:20:50 UTC 2026","4272","HabitNuWebAppSuite","2. Health Metrics","WebAppSanityPackage.Hba1c","WebAppSanityPackage.Hba1c","case8","verify negative data in Hba1c count section",""
"passed","Sun Jun 14 20:12:31 UTC 2026","Sun Jun 14 20:12:31 UTC 2026","198","HabitNuWebAppSuite","1. Core and Authentication","WebAppSanityPackage.ProfileAppClass","WebAppSanityPackage.ProfileAppClass","case80","Enter current password only and click Change Password",""
"passed","Sun Jun 14 20:11:37 UTC 2026","Sun Jun 14 20:11:40 UTC 2026","3190","HabitNuWebAppSuite","1. Core and Authentication","WebAppSanityPackage.ProfileAppClass","WebAppSanityPackage.ProfileAppClass","case65","Upload the name only and submit",""
"passed","Sun Jun 14 20:51:30 UTC 2026","Sun Jun 14 20:51:31 UTC 2026","590","HabitNuWebAppSuite","4. Lifestyle and Social","WebAppSanityPackage.DiscussAppClass","WebAppSanityPackage.DiscussAppClass","case4","Click on post button without entering message (should not allow posting)",""
"passed","Sun Jun 14 20:52:07 UTC 2026","Sun Jun 14 20:52:09 UTC 2026","2177","HabitNuWebAppSuite","4. Lifestyle and Social","WebAppSanityPackage.DiscussAppClass","WebAppSanityPackage.DiscussAppClass","case23","comment a message in my post",""
"passed","Sun Jun 14 20:13:09 UTC 2026","Sun Jun 14 20:13:10 UTC 2026","1114","HabitNuWebAppSuite","1. Core and Authentication","WebAppSanityPackage.GuidedTour","WebAppSanityPackage.GuidedTour","test8_validatingtourpage1","And user is validating the first slide of the tour page",""
"passed","Sun Jun 14 20:25:34 UTC 2026","Sun Jun 14 20:25:35 UTC 2026","899","HabitNuWebAppSuite","2. Health Metrics","WebAppSanityPackage.ExerciseSection","WebAppSanityPackage.ExerciseSection","case10","verify others data",""
"passed","Sun Jun 14 20:34:19 UTC 2026","Sun Jun 14 20:34:20 UTC 2026","1253","HabitNuWebAppSuite","3. Nutrition and Recipes","WebAppSanityPackage.waterLog","WebAppSanityPackage.waterLog","case16","946 ml Water Log",""
"passed","Sun Jun 14 20:45:30 UTC 2026","Sun Jun 14 20:45:32 UTC 2026","1772","HabitNuWebAppSuite","3. Nutrition and Recipes","WebAppSanityPackage.WebAppClass","WebAppSanityPackage.WebAppClass","case13","Edit Logged Food Date and Save",""
"passed","Sun Jun 14 20:25:34 UTC 2026","Sun Jun 14 20:25:34 UTC 2026","642","HabitNuWebAppSuite","2. Health Metrics","WebAppSanityPackage.ExerciseSection","WebAppSanityPackage.ExerciseSection","case9","verify data should not be more than 100000 in exercise section",""
"skipped","Sun Jun 14 20:06:40 UTC 2026","Sun Jun 14 20:06:40 UTC 2026","1","HabitNuWebAppSuite","1. Core and Authentication","WebAppSanityPackage.Login","WebAppSanityPackage.Login","testReusePasswordResetLink","Validate one-time reset-link enforcement and assert expired-link message: 'Password url has been expired'.",""
"passed","Sun Jun 14 20:42:19 UTC 2026","Sun Jun 14 20:42:40 UTC 2026","20204","HabitNuWebAppSuite","3. Nutrition and Recipes","WebAppSanityPackage.recipeBuilder","WebAppSanityPackage.recipeBuilder","logRecipeFromThreeDotMenu","Verify User Can Log Recipe and Delete Logged Entry Using Three-Dot Menu",""
"passed","Sun Jun 14 20:18:37 UTC 2026","Sun Jun 14 20:18:37 UTC 2026","209","HabitNuWebAppSuite","2. Health Metrics","WebAppSanityPackage.WebAppHealth_WeightSection","WebAppSanityPackage.WebAppHealth_WeightSection","editTargetValid","edit Target - valid",""
"passed","Sun Jun 14 20:11:28 UTC 2026","Sun Jun 14 20:11:29 UTC 2026","342","HabitNuWebAppSuite","1. Core and Authentication","WebAppSanityPackage.ProfileAppClass","WebAppSanityPackage.ProfileAppClass","case50","Add Hips (in inches) as letters and save",""
"passed","Sun Jun 14 20:46:23 UTC 2026","Sun Jun 14 20:46:23 UTC 2026","226","HabitNuWebAppSuite","3. Nutrition and Recipes","WebAppSanityPackage.WebAppClass","WebAppSanityPackage.WebAppClass","case27","Validating data from View Food Log section",""
"passed","Sun Jun 14 20:13:11 UTC 2026","Sun Jun 14 20:13:12 UTC 2026","760","HabitNuWebAppSuite","1. Core and Authentication","WebAppSanityPackage.GuidedTour","WebAppSanityPackage.GuidedTour","test11_navigatingtourpage4","And user is navigating from third slide to fourth slide and validating",""
"passed","Sun Jun 14 20:47:55 UTC 2026","Sun Jun 14 20:47:55 UTC 2026","16","HabitNuWebAppSuite","4. Lifestyle and Social","WebAppSanityPackage.HabitsAppClass","WebAppSanityPackage.HabitsAppClass","case2","If there are no Habits in the Habits section - it should display There are no Habits to display",""
"passed","Sun Jun 14 20:18:00 UTC 2026","Sun Jun 14 20:18:12 UTC 2026","11439","HabitNuWebAppSuite","2. Health Metrics","WebAppSanityPackage.Sugar_Section","WebAppSanityPackage.Sugar_Section","case15","verify last added monthly and yesterday's data in details page in Blood Sugar section",""
"passed","Sun Jun 14 20:51:44 UTC 2026","Sun Jun 14 20:51:47 UTC 2026","2553","HabitNuWebAppSuite","4. Lifestyle and Social","WebAppSanityPackage.DiscussAppClass","WebAppSanityPackage.DiscussAppClass","case8","Upload only a file (should not allow)",""
"passed","Sun Jun 14 20:15:47 UTC 2026","Sun Jun 14 20:15:47 UTC 2026","265","HabitNuWebAppSuite","2. Health Metrics","WebAppSanityPackage.Sugar_Section","WebAppSanityPackage.Sugar_Section","highTargetWithBlankValue","edit -  high BS cannot be blank",""
"passed","Sun Jun 14 20:22:01 UTC 2026","Sun Jun 14 20:22:08 UTC 2026","7086","HabitNuWebAppSuite","2. Health Metrics","WebAppSanityPackage.Medication","WebAppSanityPackage.Medication","case10","Weight loss medication Edit detials on Yor Medication",""
"passed","Sun Jun 14 20:42:46 UTC 2026","Sun Jun 14 20:42:47 UTC 2026","1258","HabitNuWebAppSuite","3. Nutrition and Recipes","WebAppSanityPackage.Myrecipes","WebAppSanityPackage.Myrecipes","test2_clickonMyRecipes","Verify User Can Open My Recipes Tab",""
"passed","Sun Jun 14 20:28:33 UTC 2026","Sun Jun 14 20:28:34 UTC 2026","884","HabitNuWebAppSuite","2. Health Metrics","WebAppSanityPackage.TobaccoSection","WebAppSanityPackage.TobaccoSection","case26","edit data in tobacco section",""
"passed","Sun Jun 14 20:32:04 UTC 2026","Sun Jun 14 20:32:18 UTC 2026","13699","HabitNuWebAppSuite","3. Nutrition and Recipes","WebAppSanityPackage.foodGrouping","WebAppSanityPackage.foodGrouping","case17","Create My Meal from Logged Lunch Foods",""
"broken","Sun Jun 14 20:28:12 UTC 2026","Sun Jun 14 20:28:33 UTC 2026","20728","HabitNuWebAppSuite","2. Health Metrics","WebAppSanityPackage.TobaccoSection","WebAppSanityPackage.TobaccoSection","case24","verify negative data in Tobocco count section",""
"passed","Sun Jun 14 20:16:47 UTC 2026","Sun Jun 14 20:16:58 UTC 2026","10916","HabitNuWebAppSuite","2. Health Metrics","WebAppSanityPackage.Sugar_Section","WebAppSanityPackage.Sugar_Section","case9","verify added today data in Blood Sugar section as Fasting",""
"passed","Sun Jun 14 20:34:10 UTC 2026","Sun Jun 14 20:34:17 UTC 2026","6812","HabitNuWebAppSuite","3. Nutrition and Recipes","WebAppSanityPackage.waterLog","WebAppSanityPackage.waterLog","case13","237 ml Water Log",""
"passed","Sun Jun 14 20:46:22 UTC 2026","Sun Jun 14 20:46:23 UTC 2026","390","HabitNuWebAppSuite","3. Nutrition and Recipes","WebAppSanityPackage.WebAppClass","WebAppSanityPackage.WebAppClass","case25","Verify Nutrition Summary Data",""
"failed","Sun Jun 14 20:53:27 UTC 2026","Sun Jun 14 20:53:27 UTC 2026","318","HabitNuWebAppSuite","4. Lifestyle and Social","WebAppSanityPackage.Weights_lbs_Kgs","WebAppSanityPackage.Weights_lbs_Kgs","setNegativeTarget","enter negative target values and assert messages",""
"passed","Sun Jun 14 20:31:09 UTC 2026","Sun Jun 14 20:31:20 UTC 2026","11231","HabitNuWebAppSuite","3. Nutrition and Recipes","WebAppSanityPackage.foodGrouping","WebAppSanityPackage.foodGrouping","case12","Add Food Item to Breakfast Section",""
"passed","Sun Jun 14 20:32:58 UTC 2026","Sun Jun 14 20:33:13 UTC 2026","14793","HabitNuWebAppSuite","3. Nutrition and Recipes","WebAppSanityPackage.foodGrouping","WebAppSanityPackage.foodGrouping","case21","Edit Existing My Meal Group and Add Food Items",""
"passed","Sun Jun 14 20:49:52 UTC 2026","Sun Jun 14 20:49:53 UTC 2026","1468","HabitNuWebAppSuite","4. Lifestyle and Social","WebAppSanityPackage.HabitsAppClass","WebAppSanityPackage.HabitsAppClass","case23","Click on Edit and edit the habit",""
"broken","Sun Jun 14 20:40:49 UTC 2026","Sun Jun 14 20:40:50 UTC 2026","1049","HabitNuWebAppSuite","3. Nutrition and Recipes","WebAppSanityPackage.habiRecipe","WebAppSanityPackage.habiRecipe","case36_deletegeneratedRecipe","Delete Generated Recipe",""
"passed","Sun Jun 14 20:34:38 UTC 2026","Sun Jun 14 20:34:48 UTC 2026","9697","HabitNuWebAppSuite","3. Nutrition and Recipes","WebAppSanityPackage.habiRecipe","WebAppSanityPackage.habiRecipe","case2_ValidateRecipePageAndGenerationFlows","Verify Recipe Generation Workflow",""
"passed","Sun Jun 14 20:34:22 UTC 2026","Sun Jun 14 20:34:30 UTC 2026","7615","HabitNuWebAppSuite","3. Nutrition and Recipes","WebAppSanityPackage.waterLog","WebAppSanityPackage.waterLog","case18","Validate setting reminders and verifying active time slots",""
"passed","Sun Jun 14 20:49:51 UTC 2026","Sun Jun 14 20:49:52 UTC 2026","1006","HabitNuWebAppSuite","4. Lifestyle and Social","WebAppSanityPackage.HabitsAppClass","WebAppSanityPackage.HabitsAppClass","case22","double click on habit button and it should open the pop up",""
"failed","Sun Jun 14 20:53:35 UTC 2026","Sun Jun 14 20:53:40 UTC 2026","5344","HabitNuWebAppSuite","4. Lifestyle and Social","WebAppSanityPackage.Weights_lbs_Kgs","WebAppSanityPackage.Weights_lbs_Kgs","case10","Health section weights match selected unit",""
"passed","Sun Jun 14 20:52:01 UTC 2026","Sun Jun 14 20:52:04 UTC 2026","3473","HabitNuWebAppSuite","4. Lifestyle and Social","WebAppSanityPackage.DiscussAppClass","WebAppSanityPackage.DiscussAppClass","Case13","Edit the post by adding a file (It should edit the post)",""
"broken","Sun Jun 14 20:37:47 UTC 2026","Sun Jun 14 20:37:59 UTC 2026","12263","HabitNuWebAppSuite","3. Nutrition and Recipes","WebAppSanityPackage.habiRecipe","WebAppSanityPackage.habiRecipe","case20_LogMacronutrientRecipe","Log Recipe Generated from Macronutrient Preferences",""
"passed","Sun Jun 14 20:11:06 UTC 2026","Sun Jun 14 20:11:10 UTC 2026","3243","HabitNuWebAppSuite","1. Core and Authentication","WebAppSanityPackage.ProfileAppClass","WebAppSanityPackage.ProfileAppClass","editStateAndSave","Edit State to 'California' and save",""
"passed","Sun Jun 14 20:39:51 UTC 2026","Sun Jun 14 20:39:53 UTC 2026","1314","HabitNuWebAppSuite","3. Nutrition and Recipes","WebAppSanityPackage.habiRecipe","WebAppSanityPackage.habiRecipe","case29_SelectLocalFoodRecipeFromList","Log Generated Recipe",""
"passed","Sun Jun 14 20:49:08 UTC 2026","Sun Jun 14 20:49:10 UTC 2026","2248","HabitNuWebAppSuite","4. Lifestyle and Social","WebAppSanityPackage.HabitsAppClass","WebAppSanityPackage.HabitsAppClass","case12","Click on Archive and do not add the habit to archive",""
"passed","Sun Jun 14 20:51:23 UTC 2026","Sun Jun 14 20:51:30 UTC 2026","6696","HabitNuWebAppSuite","4. Lifestyle and Social","WebAppSanityPackage.DiscussAppClass","WebAppSanityPackage.DiscussAppClass","case1","Post a message with subject and description (should allow posting)",""
"broken","Sun Jun 14 20:40:46 UTC 2026","Sun Jun 14 20:40:49 UTC 2026","3041","HabitNuWebAppSuite","3. Nutrition and Recipes","WebAppSanityPackage.habiRecipe","WebAppSanityPackage.habiRecipe","case35_RegenerateSelectedRecipe","Regenerate Generated Recipe",""
"passed","Sun Jun 14 20:49:50 UTC 2026","Sun Jun 14 20:49:51 UTC 2026","287","HabitNuWebAppSuite","4. Lifestyle and Social","WebAppSanityPackage.HabitsAppClass","WebAppSanityPackage.HabitsAppClass","case21","Single click on habit button and mark a red",""
"broken","Sun Jun 14 20:22:46 UTC 2026","Sun Jun 14 20:22:56 UTC 2026","10541","HabitNuWebAppSuite","2. Health Metrics","WebAppSanityPackage.Medication","WebAppSanityPackage.Medication","Case18addValidMedicationName","TC11: Add valid Medication name and save",""
"passed","Sun Jun 14 20:16:36 UTC 2026","Sun Jun 14 20:16:47 UTC 2026","10734","HabitNuWebAppSuite","2. Health Metrics","WebAppSanityPackage.Sugar_Section","WebAppSanityPackage.Sugar_Section","case8","Verify No data added for last 30 days",""
"passed","Sun Jun 14 20:21:02 UTC 2026","Sun Jun 14 20:21:03 UTC 2026","1166","HabitNuWebAppSuite","2. Health Metrics","WebAppSanityPackage.Hba1c","WebAppSanityPackage.Hba1c","case12","verify deleting of hba1c datas",""
"passed","Sun Jun 14 20:21:58 UTC 2026","Sun Jun 14 20:21:59 UTC 2026","96","HabitNuWebAppSuite","2. Health Metrics","WebAppSanityPackage.Medication","WebAppSanityPackage.Medication","case4","Creating new Medications details like selecting mg or ml.",""
"passed","Sun Jun 14 20:12:38 UTC 2026","Sun Jun 14 20:12:40 UTC 2026","1550","HabitNuWebAppSuite","1. Core and Authentication","WebAppSanityPackage.ProfileAppClass","WebAppSanityPackage.ProfileAppClass","case86","Change language to Spanish and verify UI text",""
"passed","Sun Jun 14 20:41:01 UTC 2026","Sun Jun 14 20:41:03 UTC 2026","1466","HabitNuWebAppSuite","3. Nutrition and Recipes","WebAppSanityPackage.recipeBuilder","WebAppSanityPackage.recipeBuilder","searchForRecipe","Verify Search Results Are Displayed Correctly for Recipe Search",""
"passed","Sun Jun 14 20:12:31 UTC 2026","Sun Jun 14 20:12:31 UTC 2026","138","HabitNuWebAppSuite","1. Core and Authentication","WebAppSanityPackage.ProfileAppClass","WebAppSanityPackage.ProfileAppClass","case79","Click directly on Change Password without entering any data",""
"passed","Sun Jun 14 20:18:17 UTC 2026","Sun Jun 14 20:18:17 UTC 2026","403","HabitNuWebAppSuite","2. Health Metrics","WebAppSanityPackage.Sugar_Section","WebAppSanityPackage.Sugar_Section","case18","verify blank data in Blood Sugar section After Meal",""
"passed","Sun Jun 14 20:35:56 UTC 2026","Sun Jun 14 20:36:23 UTC 2026","26328","HabitNuWebAppSuite","3. Nutrition and Recipes","WebAppSanityPackage.habiRecipe","WebAppSanityPackage.habiRecipe","case11_GenerateRecipeForFoodAllergies","Generate Recipe Using Food Allergy Preferences",""
"passed","Sun Jun 14 20:12:44 UTC 2026","Sun Jun 14 20:12:45 UTC 2026","180","HabitNuWebAppSuite","1. Core and Authentication","WebAppSanityPackage.ProfileAppClass","WebAppSanityPackage.ProfileAppClass","testToggleNotifications","Toggle notifications On/Off and validate state change",""
"passed","Sun Jun 14 20:27:17 UTC 2026","Sun Jun 14 20:27:37 UTC 2026","20348","HabitNuWebAppSuite","2. Health Metrics","WebAppSanityPackage.TobaccoSection","WebAppSanityPackage.TobaccoSection","case21","add yesterday's tobacco n it should show last added data",""
"passed","Sun Jun 14 20:15:01 UTC 2026","Sun Jun 14 20:15:02 UTC 2026","1243","HabitNuWebAppSuite","2. Health Metrics","WebAppSanityPackage.BloodPressure_Section","WebAppSanityPackage.BloodPressure_Section","case10_editTargetButDoNotSave","[MAIN CARD] Verify edit target functionality - modify values but cancel without saving",""
"passed","Sun Jun 14 20:13:27 UTC 2026","Sun Jun 14 20:13:41 UTC 2026","14111","HabitNuWebAppSuite","1. Core and Authentication","WebAppSanityPackage.GuidedTour","WebAppSanityPackage.GuidedTour","test16_finishtour","And user is navigating first to last slide and validating finish button",""
"passed","Sun Jun 14 20:33:13 UTC 2026","Sun Jun 14 20:33:18 UTC 2026","5743","HabitNuWebAppSuite","3. Nutrition and Recipes","WebAppSanityPackage.foodGrouping","WebAppSanityPackage.foodGrouping","case22","Edit Existing My Meal Group, Remove Items, and Cancel Changes",""
"broken","Sun Jun 14 20:29:17 UTC 2026","Sun Jun 14 20:29:23 UTC 2026","5359","HabitNuWebAppSuite","3. Nutrition and Recipes","WebAppSanityPackage.foodGrouping","WebAppSanityPackage.foodGrouping","case2","Create New My Meal Group",""
"passed","Sun Jun 14 20:26:46 UTC 2026","Sun Jun 14 20:26:52 UTC 2026","5538","HabitNuWebAppSuite","2. Health Metrics","WebAppSanityPackage.TobaccoSection","WebAppSanityPackage.TobaccoSection","case13","Click on tobacco , click on add new button and add tobacco for last year and and Total count of the day should be 0",""
"passed","Sun Jun 14 20:10:55 UTC 2026","Sun Jun 14 20:10:57 UTC 2026","1642","HabitNuWebAppSuite","1. Core and Authentication","WebAppSanityPackage.ProfileAppClass","WebAppSanityPackage.ProfileAppClass","closeBasicInfoWithoutSaving","Click close without saving Basic information → No change expected",""
"broken","Sun Jun 14 20:50:19 UTC 2026","Sun Jun 14 20:50:23 UTC 2026","3895","HabitNuWebAppSuite","4. Lifestyle and Social","WebAppSanityPackage.ChatandNotificationsClass","WebAppSanityPackage.ChatandNotificationsClass","case3","Type a message in chatbox and close the chat",""
"passed","Sun Jun 14 20:38:02 UTC 2026","Sun Jun 14 20:38:11 UTC 2026","9125","HabitNuWebAppSuite","3. Nutrition and Recipes","WebAppSanityPackage.habiRecipe","WebAppSanityPackage.habiRecipe","case22_SetMicronutrientPreferences","Configure Micronutrient Preferences",""
"passed","Sun Jun 14 20:08:55 UTC 2026","Sun Jun 14 20:09:01 UTC 2026","5942","HabitNuWebAppSuite","1. Core and Authentication","WebAppSanityPackage.HomePage","WebAppSanityPackage.HomePage","testSetTargetPage","Verify that updated target values are saved and reflected on Home cards after refresh.",""
"passed","Sun Jun 14 20:11:10 UTC 2026","Sun Jun 14 20:11:10 UTC 2026","159","HabitNuWebAppSuite","1. Core and Authentication","WebAppSanityPackage.ProfileAppClass","WebAppSanityPackage.ProfileAppClass","keepZipcode4digitsAndSave","Keep Zipcode with 4 numbers and save → Should show validation error",""
"passed","Sun Jun 14 20:26:35 UTC 2026","Sun Jun 14 20:26:35 UTC 2026","197","HabitNuWebAppSuite","2. Health Metrics","WebAppSanityPackage.TobaccoSection","WebAppSanityPackage.TobaccoSection","case7_setValidTarget","enter valid Target",""
"passed","Sun Jun 14 20:20:50 UTC 2026","Sun Jun 14 20:20:53 UTC 2026","2343","HabitNuWebAppSuite","2. Health Metrics","WebAppSanityPackage.Hba1c","WebAppSanityPackage.Hba1c","case9","verify data should not be more than 14 in Hba1c count section",""
"passed","Sun Jun 14 20:19:14 UTC 2026","Sun Jun 14 20:19:15 UTC 2026","603","HabitNuWebAppSuite","2. Health Metrics","WebAppSanityPackage.WebAppHealth_WeightSection","WebAppSanityPackage.WebAppHealth_WeightSection","case12","Add data as double weight",""
"passed","Sun Jun 14 20:12:42 UTC 2026","Sun Jun 14 20:12:44 UTC 2026","2122","HabitNuWebAppSuite","1. Core and Authentication","WebAppSanityPackage.ProfileAppClass","WebAppSanityPackage.ProfileAppClass","case88","Open Notification Preferences from Profile dropdown",""
"passed","Sun Jun 14 20:50:08 UTC 2026","Sun Jun 14 20:50:08 UTC 2026","185","HabitNuWebAppSuite","4. Lifestyle and Social","WebAppSanityPackage.HabitsAppClass","WebAppSanityPackage.HabitsAppClass","case26","Click on Archive and do not add the habit to archive",""
"passed","Sun Jun 14 20:29:23 UTC 2026","Sun Jun 14 20:29:23 UTC 2026","22","HabitNuWebAppSuite","3. Nutrition and Recipes","WebAppSanityPackage.foodGrouping","WebAppSanityPackage.foodGrouping","case3","Verify My Meal Group is Displayed in Food Groups",""
"passed","Sun Jun 14 20:09:51 UTC 2026","Sun Jun 14 20:10:08 UTC 2026","16952","HabitNuWebAppSuite","1. Core and Authentication","WebAppSanityPackage.HomePage","WebAppSanityPackage.HomePage","testExerciseProgressBarByAddingExercise","Verify that Exercise progress updates correctly toward weekly target when exercise entries are added.",""
"passed","Sun Jun 14 20:11:31 UTC 2026","Sun Jun 14 20:11:33 UTC 2026","1417","HabitNuWebAppSuite","1. Core and Authentication","WebAppSanityPackage.ProfileAppClass","WebAppSanityPackage.ProfileAppClass","case55","Select My diabetes status as valid reason and save",""
"passed","Sun Jun 14 20:48:49 UTC 2026","Sun Jun 14 20:48:50 UTC 2026","897","HabitNuWebAppSuite","4. Lifestyle and Social","WebAppSanityPackage.HabitsAppClass","WebAppSanityPackage.HabitsAppClass","case8","double click on habit button and it should open the pop up",""
"passed","Sun Jun 14 20:12:17 UTC 2026","Sun Jun 14 20:12:25 UTC 2026","7933","HabitNuWebAppSuite","1. Core and Authentication","WebAppSanityPackage.ProfileAppClass","WebAppSanityPackage.ProfileAppClass","case75","Click on view file",""
"passed","Sun Jun 14 20:15:02 UTC 2026","Sun Jun 14 20:15:04 UTC 2026","1825","HabitNuWebAppSuite","2. Health Metrics","WebAppSanityPackage.BloodPressure_Section","WebAppSanityPackage.BloodPressure_Section","case11_editTargetWithNegatives","[MAIN CARD] Verify target edit validation error when entering negative systolic value",""
"passed","Sun Jun 14 20:10:25 UTC 2026","Sun Jun 14 20:10:26 UTC 2026","151","HabitNuWebAppSuite","1. Core and Authentication","WebAppSanityPackage.ProfileAppClass","WebAppSanityPackage.ProfileAppClass","openProfileDetails","Click on 'View profile details' → open profile page",""
"passed","Sun Jun 14 20:11:10 UTC 2026","Sun Jun 14 20:11:10 UTC 2026","429","HabitNuWebAppSuite","1. Core and Authentication","WebAppSanityPackage.ProfileAppClass","WebAppSanityPackage.ProfileAppClass","keepZipcodeBlankAndSave","Keep Zipcode blank and save → Should show validation error",""
"passed","Sun Jun 14 20:51:31 UTC 2026","Sun Jun 14 20:51:34 UTC 2026","3441","HabitNuWebAppSuite","4. Lifestyle and Social","WebAppSanityPackage.DiscussAppClass","WebAppSanityPackage.DiscussAppClass","case5","Upload a message with subject, description, and file (should allow uploading)",""
"passed","Sun Jun 14 20:29:31 UTC 2026","Sun Jun 14 20:29:32 UTC 2026","1205","HabitNuWebAppSuite","3. Nutrition and Recipes","WebAppSanityPackage.foodGrouping","WebAppSanityPackage.foodGrouping","case5","Log My Meal Group to Breakfast",""
"passed","Sun Jun 14 20:33:24 UTC 2026","Sun Jun 14 20:33:27 UTC 2026","2968","HabitNuWebAppSuite","3. Nutrition and Recipes","WebAppSanityPackage.foodGrouping","WebAppSanityPackage.foodGrouping","case24","Delete a Food Item from Existing My Meal Group",""
"broken","Sun Jun 14 20:24:55 UTC 2026","Sun Jun 14 20:25:08 UTC 2026","12321","HabitNuWebAppSuite","2. Health Metrics","WebAppSanityPackage.ExerciseSection","WebAppSanityPackage.ExerciseSection","case1","Click on health tab and verify no data recorded yet in Exercise section",""
"passed","Sun Jun 14 20:11:10 UTC 2026","Sun Jun 14 20:11:11 UTC 2026","369","HabitNuWebAppSuite","1. Core and Authentication","WebAppSanityPackage.ProfileAppClass","WebAppSanityPackage.ProfileAppClass","keepZipcodevalidAndSaveforminus","Keep Zipcode with valid numbers and save → Should show validation error for missing '-' ",""
"passed","Sun Jun 14 20:33:27 UTC 2026","Sun Jun 14 20:33:42 UTC 2026","15298","HabitNuWebAppSuite","3. Nutrition and Recipes","WebAppSanityPackage.foodGrouping","WebAppSanityPackage.foodGrouping","case25","Create My Meal Group, Update Group Name with Edge Cases, and Validate",""
"passed","Sun Jun 14 20:23:21 UTC 2026","Sun Jun 14 20:23:31 UTC 2026","10167","HabitNuWebAppSuite","2. Health Metrics","WebAppSanityPackage.Medication","WebAppSanityPackage.Medication","case29_NavigateToLogAndCheckData","Weight loss medication Edit details on Log - Check for available medications",""
"passed","Sun Jun 14 20:07:32 UTC 2026","Sun Jun 14 20:07:34 UTC 2026","2251","HabitNuWebAppSuite","1. Core and Authentication","WebAppSanityPackage.HomePage","WebAppSanityPackage.HomePage","testWeightLossProgressSection","Verify that clicking the Weight Loss arrow on Home opens the Health page.",""
"broken","Sun Jun 14 20:24:45 UTC 2026","Sun Jun 14 20:24:55 UTC 2026","10166","HabitNuWebAppSuite","2. Health Metrics","WebAppSanityPackage.ExerciseSection","WebAppSanityPackage.ExerciseSection","editTargetWithGreaterThan99","edit - enter target more than 1440 and assert messages",""
"passed","Sun Jun 14 20:12:38 UTC 2026","Sun Jun 14 20:12:38 UTC 2026","199","HabitNuWebAppSuite","1. Core and Authentication","WebAppSanityPackage.ProfileAppClass","WebAppSanityPackage.ProfileAppClass","case85","Click on Language Preferences section",""
"failed","Sun Jun 14 20:52:24 UTC 2026","Sun Jun 14 20:53:26 UTC 2026","61994","HabitNuWebAppSuite","4. Lifestyle and Social","WebAppSanityPackage.Weights_lbs_Kgs","WebAppSanityPackage.Weights_lbs_Kgs","case3","Health section weights match selected unit",""
"passed","Sun Jun 14 20:16:36 UTC 2026","Sun Jun 14 20:16:36 UTC 2026","774","HabitNuWebAppSuite","2. Health Metrics","WebAppSanityPackage.Sugar_Section","WebAppSanityPackage.Sugar_Section","case7","Click on Blood Sugar , click on add new button and add Blood Sugar After Meal for current year current date -1",""
"passed","Sun Jun 14 20:11:11 UTC 2026","Sun Jun 14 20:11:12 UTC 2026","1395","HabitNuWebAppSuite","1. Core and Authentication","WebAppSanityPackage.ProfileAppClass","WebAppSanityPackage.ProfileAppClass","keepZipcodevalidAndSave","Keep Zipcode with valid numbers and save → Should not show error",""
"passed","Sun Jun 14 20:52:05 UTC 2026","Sun Jun 14 20:52:05 UTC 2026","179","HabitNuWebAppSuite","4. Lifestyle and Social","WebAppSanityPackage.DiscussAppClass","WebAppSanityPackage.DiscussAppClass","case15","Add the comment ( It should add the comment)",""
"passed","Sun Jun 14 20:26:53 UTC 2026","Sun Jun 14 20:26:54 UTC 2026","1648","HabitNuWebAppSuite","2. Health Metrics","WebAppSanityPackage.TobaccoSection","WebAppSanityPackage.TobaccoSection","case15_graphcase1","Load web app -> Click on Health section -> Weight section -> click on three lines -> Click on graph -> click on filter as last week",""
"broken","Sun Jun 14 20:46:02 UTC 2026","Sun Jun 14 20:46:15 UTC 2026","13566","HabitNuWebAppSuite","3. Nutrition and Recipes","WebAppSanityPackage.WebAppClass","WebAppSanityPackage.WebAppClass","case21","Verify Food Quantity Supports Decimal Values",""
"passed","Sun Jun 14 20:51:00 UTC 2026","Sun Jun 14 20:51:10 UTC 2026","10603","HabitNuWebAppSuite","4. Lifestyle and Social","WebAppSanityPackage.ChatandNotificationsClass","WebAppSanityPackage.ChatandNotificationsClass","case11","HabitNu: This is a reminder for you to keep stepping on your scale, recording your meals, and logging your activity! Check in on our discussion forum to stay in touch with your coach and other Team members!",""
"passed","Sun Jun 14 20:07:10 UTC 2026","Sun Jun 14 20:07:15 UTC 2026","4875","HabitNuWebAppSuite","1. Core and Authentication","WebAppSanityPackage.HomePage","WebAppSanityPackage.HomePage","testFoodSection","Verify that the Food page shows date controls, calorie and macro sections, meal cards, and Logs section.",""
"passed","Sun Jun 14 20:10:22 UTC 2026","Sun Jun 14 20:10:25 UTC 2026","3299","HabitNuWebAppSuite","1. Core and Authentication","WebAppSanityPackage.ProfileAppClass","WebAppSanityPackage.ProfileAppClass","openProfileDropdown","Click profile picture dropdown (should display dropdown options)",""
"passed","Sun Jun 14 20:20:53 UTC 2026","Sun Jun 14 20:21:02 UTC 2026","9259","HabitNuWebAppSuite","2. Health Metrics","WebAppSanityPackage.Hba1c","WebAppSanityPackage.Hba1c","case10","edit data in Hba1c section",""
"broken","Sun Jun 14 20:19:13 UTC 2026","Sun Jun 14 20:19:14 UTC 2026","765","HabitNuWebAppSuite","2. Health Metrics","WebAppSanityPackage.WebAppHealth_WeightSection","WebAppSanityPackage.WebAppHealth_WeightSection","case11","Add data and edit",""
"passed","Sun Jun 14 20:15:46 UTC 2026","Sun Jun 14 20:15:47 UTC 2026","866","HabitNuWebAppSuite","2. Health Metrics","WebAppSanityPackage.Sugar_Section","WebAppSanityPackage.Sugar_Section","setHighTargetMoreThan250","enter High target more than 1000 and assert messages",""
"passed","Sun Jun 14 20:13:08 UTC 2026","Sun Jun 14 20:13:09 UTC 2026","765","HabitNuWebAppSuite","1. Core and Authentication","WebAppSanityPackage.GuidedTour","WebAppSanityPackage.GuidedTour","test7_skipnewuser","And user is able to skip guide tour for the first time login",""
"passed","Sun Jun 14 20:40:52 UTC 2026","Sun Jun 14 20:41:01 UTC 2026","8399","HabitNuWebAppSuite","3. Nutrition and Recipes","WebAppSanityPackage.recipeBuilder","WebAppSanityPackage.recipeBuilder","verifyRecipeSectionOnHomePage","Verify User Can Navigate to Recipe Builder Section",""
"passed","Sun Jun 14 20:34:48 UTC 2026","Sun Jun 14 20:35:05 UTC 2026","17100","HabitNuWebAppSuite","3. Nutrition and Recipes","WebAppSanityPackage.habiRecipe","WebAppSanityPackage.habiRecipe","case3_GenerateNewRecipe","Generate Recipe with Default Preferences",""
"broken","Sun Jun 14 20:22:56 UTC 2026","Sun Jun 14 20:23:06 UTC 2026","10226","HabitNuWebAppSuite","2. Health Metrics","WebAppSanityPackage.Medication","WebAppSanityPackage.Medication","Case19addValidMedicationName","TC: Add valid Medication name and save",""
"passed","Sun Jun 14 20:34:10 UTC 2026","Sun Jun 14 20:34:10 UTC 2026","564","HabitNuWebAppSuite","3. Nutrition and Recipes","WebAppSanityPackage.waterLog","WebAppSanityPackage.waterLog","case12","Validate setting reminders and verifying active time slots",""
"passed","Sun Jun 14 20:32:18 UTC 2026","Sun Jun 14 20:32:32 UTC 2026","13606","HabitNuWebAppSuite","3. Nutrition and Recipes","WebAppSanityPackage.foodGrouping","WebAppSanityPackage.foodGrouping","case18","Create My Meal from Logged Dinner Foods",""
"passed","Sun Jun 14 20:45:26 UTC 2026","Sun Jun 14 20:45:27 UTC 2026","945","HabitNuWebAppSuite","3. Nutrition and Recipes","WebAppSanityPackage.WebAppClass","WebAppSanityPackage.WebAppClass","case10","Add Food to Lunch from Frequent Foods in Food Log",""
"passed","Sun Jun 14 20:23:19 UTC 2026","Sun Jun 14 20:23:19 UTC 2026","77","HabitNuWebAppSuite","2. Health Metrics","WebAppSanityPackage.Medication","WebAppSanityPackage.Medication","case22","Creating new Medications details like selecting mg or ml.",""
"passed","Sun Jun 14 20:06:31 UTC 2026","Sun Jun 14 20:06:32 UTC 2026","1338","HabitNuWebAppSuite","1. Core and Authentication","WebAppSanityPackage.Login","WebAppSanityPackage.Login","testPasswordResetPageAccess","Validate reset confirmation modal content and behavior, asserting texts: 'Password Reset Link Sent Successfully!' and 'Your password can be reset by clicking the link in your email'.",""
"passed","Sun Jun 14 20:34:03 UTC 2026","Sun Jun 14 20:34:04 UTC 2026","993","HabitNuWebAppSuite","3. Nutrition and Recipes","WebAppSanityPackage.waterLog","WebAppSanityPackage.waterLog","case7","Custom Water Log",""
"passed","Sun Jun 14 20:11:33 UTC 2026","Sun Jun 14 20:11:33 UTC 2026","169","HabitNuWebAppSuite","1. Core and Authentication","WebAppSanityPackage.ProfileAppClass","WebAppSanityPackage.ProfileAppClass","case56","Click on close without editting Health parameters",""
"passed","Sun Jun 14 20:10:34 UTC 2026","Sun Jun 14 20:10:34 UTC 2026","175","HabitNuWebAppSuite","1. Core and Authentication","WebAppSanityPackage.ProfileAppClass","WebAppSanityPackage.ProfileAppClass","firstNameBlankValidation","Leave first name blank → show error",""
"passed","Sun Jun 14 20:37:19 UTC 2026","Sun Jun 14 20:37:47 UTC 2026","27854","HabitNuWebAppSuite","3. Nutrition and Recipes","WebAppSanityPackage.habiRecipe","WebAppSanityPackage.habiRecipe","case19_GenerateRecipeForMacronutrients","Generate Recipe Using Macronutrient Preferences",""
"broken","Sun Jun 14 20:45:51 UTC 2026","Sun Jun 14 20:46:02 UTC 2026","10716","HabitNuWebAppSuite","3. Nutrition and Recipes","WebAppSanityPackage.WebAppClass","WebAppSanityPackage.WebAppClass","case20","Verify Food Quantity with Zero Value",""
"passed","Sun Jun 14 20:12:10 UTC 2026","Sun Jun 14 20:12:17 UTC 2026","7269","HabitNuWebAppSuite","1. Core and Authentication","WebAppSanityPackage.ProfileAppClass","WebAppSanityPackage.ProfileAppClass","case74","Upload the file, name and file type and cancel",""
"passed","Sun Jun 14 20:11:40 UTC 2026","Sun Jun 14 20:11:42 UTC 2026","1925","HabitNuWebAppSuite","1. Core and Authentication","WebAppSanityPackage.ProfileAppClass","WebAppSanityPackage.ProfileAppClass","case66","Upload a file more than 15 MB",""
"passed","Sun Jun 14 20:26:57 UTC 2026","Sun Jun 14 20:27:02 UTC 2026","4577","HabitNuWebAppSuite","2. Health Metrics","WebAppSanityPackage.TobaccoSection","WebAppSanityPackage.TobaccoSection","case17_graphcase3","Load web app -> Click on Health section -> Weight section -> click on three lines -> Click on graph -> click on filter as last year",""
"passed","Sun Jun 14 20:23:19 UTC 2026","Sun Jun 14 20:23:19 UTC 2026","143","HabitNuWebAppSuite","2. Health Metrics","WebAppSanityPackage.Medication","WebAppSanityPackage.Medication","case21","Adding Strength",""
"broken","Sun Jun 14 20:21:07 UTC 2026","Sun Jun 14 20:21:18 UTC 2026","10398","HabitNuWebAppSuite","2. Health Metrics","WebAppSanityPackage.Hba1c","WebAppSanityPackage.Hba1c","editTargetValid","edit Target - valid",""
"passed","Sun Jun 14 20:22:00 UTC 2026","Sun Jun 14 20:22:00 UTC 2026","704","HabitNuWebAppSuite","2. Health Metrics","WebAppSanityPackage.Medication","WebAppSanityPackage.Medication","case8","Creating new Medications details like selecting add time (What time(s) do you want to take this medication?",""
"passed","Sun Jun 14 20:52:14 UTC 2026","Sun Jun 14 20:52:22 UTC 2026","7952","HabitNuWebAppSuite","4. Lifestyle and Social","WebAppSanityPackage.Weights_lbs_Kgs","WebAppSanityPackage.Weights_lbs_Kgs","case1","Set Targets with Unit Toggle and store selected unit",""
"passed","Sun Jun 14 20:13:50 UTC 2026","Sun Jun 14 20:14:13 UTC 2026","22803","HabitNuWebAppSuite","1. Core and Authentication","WebAppSanityPackage.generalContentWEB","WebAppSanityPackage.generalContentWEB","case2","Fitness Videos Details",""
"passed","Sun Jun 14 20:35:08 UTC 2026","Sun Jun 14 20:35:13 UTC 2026","4963","HabitNuWebAppSuite","3. Nutrition and Recipes","WebAppSanityPackage.habiRecipe","WebAppSanityPackage.habiRecipe","case6_SetDietaryRestrictionsPreferences","Configure Dietary Restrictions Preference",""
"passed","Sun Jun 14 20:14:13 UTC 2026","Sun Jun 14 20:14:34 UTC 2026","21637","HabitNuWebAppSuite","1. Core and Authentication","WebAppSanityPackage.generalContentWEB","WebAppSanityPackage.generalContentWEB","case3","Verify Fitness Videos Details Consistency",""
"passed","Sun Jun 14 20:18:35 UTC 2026","Sun Jun 14 20:18:35 UTC 2026","383","HabitNuWebAppSuite","2. Health Metrics","WebAppSanityPackage.WebAppHealth_WeightSection","WebAppSanityPackage.WebAppHealth_WeightSection","placeHolderOfWightCountValueInputBox","verify placeholder - weight ",""
"broken","Sun Jun 14 20:25:23 UTC 2026","Sun Jun 14 20:25:34 UTC 2026","10404","HabitNuWebAppSuite","2. Health Metrics","WebAppSanityPackage.ExerciseSection","WebAppSanityPackage.ExerciseSection","case8","verify negative data in exercise section",""
"passed","Sun Jun 14 20:45:08 UTC 2026","Sun Jun 14 20:45:11 UTC 2026","3292","HabitNuWebAppSuite","3. Nutrition and Recipes","WebAppSanityPackage.WebAppClass","WebAppSanityPackage.WebAppClass","case3","Add Food to Dinner Meal",""
"passed","Sun Jun 14 20:26:35 UTC 2026","Sun Jun 14 20:26:38 UTC 2026","3263","HabitNuWebAppSuite","2. Health Metrics","WebAppSanityPackage.TobaccoSection","WebAppSanityPackage.TobaccoSection","case8_editTargetValid","edit Target - valid",""
"passed","Sun Jun 14 20:10:57 UTC 2026","Sun Jun 14 20:10:57 UTC 2026","177","HabitNuWebAppSuite","1. Core and Authentication","WebAppSanityPackage.ProfileAppClass","WebAppSanityPackage.ProfileAppClass","openContactDetailsEdit","Click on Contact Details edit button → Should enter edit mode",""
"passed","Sun Jun 14 20:38:48 UTC 2026","Sun Jun 14 20:38:50 UTC 2026","1455","HabitNuWebAppSuite","3. Nutrition and Recipes","WebAppSanityPackage.habiRecipe","WebAppSanityPackage.habiRecipe","case25_SelectMicronutrientRecipeFromList","Log Generated Recipe",""
"passed","Sun Jun 14 20:11:16 UTC 2026","Sun Jun 14 20:11:18 UTC 2026","1800","HabitNuWebAppSuite","1. Core and Authentication","WebAppSanityPackage.ProfileAppClass","WebAppSanityPackage.ProfileAppClass","addValidHeightAndSave","Add valid Height and save",""
"passed","Sun Jun 14 20:12:44 UTC 2026","Sun Jun 14 20:12:44 UTC 2026","214","HabitNuWebAppSuite","1. Core and Authentication","WebAppSanityPackage.ProfileAppClass","WebAppSanityPackage.ProfileAppClass","testToggleNotifications","Toggle notifications On/Off and validate state change",""
"passed","Sun Jun 14 20:18:54 UTC 2026","Sun Jun 14 20:19:05 UTC 2026","10624","HabitNuWebAppSuite","2. Health Metrics","WebAppSanityPackage.WebAppHealth_WeightSection","WebAppSanityPackage.WebAppHealth_WeightSection","case3","add yesterday's weight n it should show last added data",""
"passed","Sun Jun 14 20:34:09 UTC 2026","Sun Jun 14 20:34:10 UTC 2026","1140","HabitNuWebAppSuite","3. Nutrition and Recipes","WebAppSanityPackage.waterLog","WebAppSanityPackage.waterLog","case10","Total Water Logged Count",""
"passed","Sun Jun 14 20:49:10 UTC 2026","Sun Jun 14 20:49:13 UTC 2026","2445","HabitNuWebAppSuite","4. Lifestyle and Social","WebAppSanityPackage.HabitsAppClass","WebAppSanityPackage.HabitsAppClass","case13","Click on Archive and add the habit to archive",""
"passed","Sun Jun 14 20:16:24 UTC 2026","Sun Jun 14 20:16:35 UTC 2026","10849","HabitNuWebAppSuite","2. Health Metrics","WebAppSanityPackage.Sugar_Section","WebAppSanityPackage.Sugar_Section","case5","Click on Blood Sugar , click on add new button and add Blood Sugar fasting for current year current date -1 ",""
"passed","Sun Jun 14 20:11:30 UTC 2026","Sun Jun 14 20:11:31 UTC 2026","1360","HabitNuWebAppSuite","1. Core and Authentication","WebAppSanityPackage.ProfileAppClass","WebAppSanityPackage.ProfileAppClass","case53","Select Activity level as valid reason and save",""
"passed","Sun Jun 14 20:11:51 UTC 2026","Sun Jun 14 20:11:56 UTC 2026","4319","HabitNuWebAppSuite","1. Core and Authentication","WebAppSanityPackage.ProfileAppClass","WebAppSanityPackage.ProfileAppClass","case69","Upload file, name, type and cancel",""
"passed","Sun Jun 14 20:23:21 UTC 2026","Sun Jun 14 20:23:21 UTC 2026","511","HabitNuWebAppSuite","2. Health Metrics","WebAppSanityPackage.Medication","WebAppSanityPackage.Medication","case28","Creating new Medications details like selecting add time (What time(s) do you want to take this medication?)",""
"broken","Sun Jun 14 20:25:46 UTC 2026","Sun Jun 14 20:25:58 UTC 2026","12115","HabitNuWebAppSuite","2. Health Metrics","WebAppSanityPackage.ExerciseSection","WebAppSanityPackage.ExerciseSection","case12","edit data in exercise section",""
"passed","Sun Jun 14 20:12:47 UTC 2026","Sun Jun 14 20:12:48 UTC 2026","1113","HabitNuWebAppSuite","1. Core and Authentication","WebAppSanityPackage.ProfileAppClass","WebAppSanityPackage.ProfileAppClass","case92","Sign out and validate Terms of Use link visible",""
"passed","Sun Jun 14 20:50:26 UTC 2026","Sun Jun 14 20:50:28 UTC 2026","1845","HabitNuWebAppSuite","4. Lifestyle and Social","WebAppSanityPackage.ChatandNotificationsClass","WebAppSanityPackage.ChatandNotificationsClass","case6","Click on notifications section",""
"passed","Sun Jun 14 20:15:31 UTC 2026","Sun Jun 14 20:15:31 UTC 2026","334","HabitNuWebAppSuite","2. Health Metrics","WebAppSanityPackage.BloodPressure_Section","WebAppSanityPackage.BloodPressure_Section","case26_verifyNegativeSystolicInputValidation","[MODAL] Verify negative systolic input validation in form (other)",""
"passed","Sun Jun 14 20:49:46 UTC 2026","Sun Jun 14 20:49:50 UTC 2026","3981","HabitNuWebAppSuite","4. Lifestyle and Social","WebAppSanityPackage.HabitsAppClass","WebAppSanityPackage.HabitsAppClass","case20","Single Click on habit button and mark a green",""
"passed","Sun Jun 14 20:35:43 UTC 2026","Sun Jun 14 20:35:47 UTC 2026","3676","HabitNuWebAppSuite","3. Nutrition and Recipes","WebAppSanityPackage.habiRecipe","WebAppSanityPackage.habiRecipe","case8_LogDietaryRestrictionsRecipe","Log Recipe Generated from Dietary Restrictions",""
"passed","Sun Jun 14 20:25:21 UTC 2026","Sun Jun 14 20:25:23 UTC 2026","2200","HabitNuWebAppSuite","2. Health Metrics","WebAppSanityPackage.ExerciseSection","WebAppSanityPackage.ExerciseSection","case6","verify last added monthly and yesterday's data in details page",""
"passed","Sun Jun 14 20:12:30 UTC 2026","Sun Jun 14 20:12:31 UTC 2026","240","HabitNuWebAppSuite","1. Core and Authentication","WebAppSanityPackage.ProfileAppClass","WebAppSanityPackage.ProfileAppClass","case78","Click On change password section",""
"passed","Sun Jun 14 20:35:47 UTC 2026","Sun Jun 14 20:35:48 UTC 2026","1482","HabitNuWebAppSuite","3. Nutrition and Recipes","WebAppSanityPackage.habiRecipe","WebAppSanityPackage.habiRecipe","case9_SelectExistingRecipeAndLog","Log Generated Recipe",""
"passed","Sun Jun 14 20:12:25 UTC 2026","Sun Jun 14 20:12:28 UTC 2026","2816","HabitNuWebAppSuite","1. Core and Authentication","WebAppSanityPackage.ProfileAppClass","WebAppSanityPackage.ProfileAppClass","case76","Click on delete file and accept it",""
"passed","Sun Jun 14 20:19:05 UTC 2026","Sun Jun 14 20:19:07 UTC 2026","2180","HabitNuWebAppSuite","2. Health Metrics","WebAppSanityPackage.WebAppHealth_WeightSection","WebAppSanityPackage.WebAppHealth_WeightSection","case4","verify last added monthly and yesterday's data in details page",""
"passed","Sun Jun 14 20:18:17 UTC 2026","Sun Jun 14 20:18:19 UTC 2026","1802","HabitNuWebAppSuite","2. Health Metrics","WebAppSanityPackage.Sugar_Section","WebAppSanityPackage.Sugar_Section","case19","verify decimal data in Blood Sugar section After meal",""
"passed","Sun Jun 14 20:19:09 UTC 2026","Sun Jun 14 20:19:09 UTC 2026","184","HabitNuWebAppSuite","2. Health Metrics","WebAppSanityPackage.WebAppHealth_WeightSection","WebAppSanityPackage.WebAppHealth_WeightSection","case6","verify multiple added today data with 998",""
"passed","Sun Jun 14 20:38:50 UTC 2026","Sun Jun 14 20:38:59 UTC 2026","8849","HabitNuWebAppSuite","3. Nutrition and Recipes","WebAppSanityPackage.habiRecipe","WebAppSanityPackage.habiRecipe","case26_SetLocalFoodPreferences","Configure Local Food Preferences",""
"passed","Sun Jun 14 20:33:59 UTC 2026","Sun Jun 14 20:34:00 UTC 2026","1192","HabitNuWebAppSuite","3. Nutrition and Recipes","WebAppSanityPackage.waterLog","WebAppSanityPackage.waterLog","case3","16 oz Water Log",""
"passed","Sun Jun 14 20:06:28 UTC 2026","Sun Jun 14 20:06:29 UTC 2026","1391","HabitNuWebAppSuite","1. Core and Authentication","WebAppSanityPackage.Login","WebAppSanityPackage.Login","testForgotPasswordWithInvalidEmail","Validate Forgot Password with unregistered email and assert one supported error text appears: 'This email is not registered', 'Invalid email', or 'Could not find any users matching email'.",""
"passed","Sun Jun 14 20:11:33 UTC 2026","Sun Jun 14 20:11:37 UTC 2026","3234","HabitNuWebAppSuite","1. Core and Authentication","WebAppSanityPackage.ProfileAppClass","WebAppSanityPackage.ProfileAppClass","case62","Click on Upload/View files section",""
"passed","Sun Jun 14 20:07:04 UTC 2026","Sun Jun 14 20:07:07 UTC 2026","3682","HabitNuWebAppSuite","1. Core and Authentication","WebAppSanityPackage.HomePage","WebAppSanityPackage.HomePage","testHeaderElementsAreVisible","Verify that the dashboard header shows the logo, discussion icon, notification icon, and profile menu.",""
"passed","Sun Jun 14 20:41:12 UTC 2026","Sun Jun 14 20:41:14 UTC 2026","2138","HabitNuWebAppSuite","3. Nutrition and Recipes","WebAppSanityPackage.recipeBuilder","WebAppSanityPackage.recipeBuilder","logRecipe","verify 'View full' recipe button",""
"passed","Sun Jun 14 20:12:31 UTC 2026","Sun Jun 14 20:12:33 UTC 2026","1580","HabitNuWebAppSuite","1. Core and Authentication","WebAppSanityPackage.ProfileAppClass","WebAppSanityPackage.ProfileAppClass","case81","Enter new password only and click Change Password",""
"passed","Sun Jun 14 20:29:52 UTC 2026","Sun Jun 14 20:29:53 UTC 2026","1203","HabitNuWebAppSuite","3. Nutrition and Recipes","WebAppSanityPackage.foodGrouping","WebAppSanityPackage.foodGrouping","case7","Log My Meal Group to Lunch",""
"passed","Sun Jun 14 20:18:35 UTC 2026","Sun Jun 14 20:18:36 UTC 2026","272","HabitNuWebAppSuite","2. Health Metrics","WebAppSanityPackage.WebAppHealth_WeightSection","WebAppSanityPackage.WebAppHealth_WeightSection","setTargetMoreThan99","enter target more than 999 and assert messages",""
"passed","Sun Jun 14 20:30:24 UTC 2026","Sun Jun 14 20:31:05 UTC 2026","41309","HabitNuWebAppSuite","3. Nutrition and Recipes","WebAppSanityPackage.foodGrouping","WebAppSanityPackage.foodGrouping","case10","Add My Meal to Snacks",""
"passed","Sun Jun 14 20:48:50 UTC 2026","Sun Jun 14 20:48:51 UTC 2026","1648","HabitNuWebAppSuite","4. Lifestyle and Social","WebAppSanityPackage.HabitsAppClass","WebAppSanityPackage.HabitsAppClass","case9","Click on Edit and edit the habit",""
"passed","Sun Jun 14 20:14:56 UTC 2026","Sun Jun 14 20:14:58 UTC 2026","1844","HabitNuWebAppSuite","2. Health Metrics","WebAppSanityPackage.BloodPressure_Section","WebAppSanityPackage.BloodPressure_Section","case7_setDiastolicTargetMoreThan200","[MAIN CARD] Verify Set Target validation error when entering diastolic target value greater than 200",""
"passed","Sun Jun 14 20:13:41 UTC 2026","Sun Jun 14 20:13:41 UTC 2026","21","HabitNuWebAppSuite","1. Core and Authentication","WebAppSanityPackage.GuidedTour","WebAppSanityPackage.GuidedTour","test17_homepage","Then user is navigating to home page once the tour is done",""
"passed","Sun Jun 14 20:06:53 UTC 2026","Sun Jun 14 20:06:55 UTC 2026","1869","HabitNuWebAppSuite","1. Core and Authentication","WebAppSanityPackage.Login","WebAppSanityPackage.Login","testHabitNuRegisterNavigation","Validate Register navigation from login page opens HabitNu signup in a new tab and loads expected signup/login page content.",""
"passed","Sun Jun 14 20:46:21 UTC 2026","Sun Jun 14 20:46:22 UTC 2026","1379","HabitNuWebAppSuite","3. Nutrition and Recipes","WebAppSanityPackage.WebAppClass","WebAppSanityPackage.WebAppClass","case24","Delete Custom Food Item",""
"passed","Sun Jun 14 20:05:37 UTC 2026","Sun Jun 14 20:05:38 UTC 2026","858","HabitNuWebAppSuite","1. Core and Authentication","WebAppSanityPackage.Login","WebAppSanityPackage.Login","testLoginWithInvalidEmailFormat","Validate invalid email format and assert message: 'Please enter a valid email Id'.",""
"passed","Sun Jun 14 20:52:06 UTC 2026","Sun Jun 14 20:52:06 UTC 2026","636","HabitNuWebAppSuite","4. Lifestyle and Social","WebAppSanityPackage.DiscussAppClass","WebAppSanityPackage.DiscussAppClass","case19","Click on + button of memebers ( it should list all memebers)",""
"passed","Sun Jun 14 20:34:04 UTC 2026","Sun Jun 14 20:34:06 UTC 2026","1036","HabitNuWebAppSuite","3. Nutrition and Recipes","WebAppSanityPackage.waterLog","WebAppSanityPackage.waterLog","case8","Custom again Water Log",""
"passed","Sun Jun 14 20:11:33 UTC 2026","Sun Jun 14 20:11:33 UTC 2026","264","HabitNuWebAppSuite","1. Core and Authentication","WebAppSanityPackage.ProfileAppClass","WebAppSanityPackage.ProfileAppClass","validateHealthParametersFields","Validate presence and absence of fields in Health Parameters section",""
"passed","Sun Jun 14 20:32:32 UTC 2026","Sun Jun 14 20:32:56 UTC 2026","24221","HabitNuWebAppSuite","3. Nutrition and Recipes","WebAppSanityPackage.foodGrouping","WebAppSanityPackage.foodGrouping","case19","Create My Meal from Logged Snack Foods",""
"passed","Sun Jun 14 20:41:05 UTC 2026","Sun Jun 14 20:41:05 UTC 2026","147","HabitNuWebAppSuite","3. Nutrition and Recipes","WebAppSanityPackage.recipeBuilder","WebAppSanityPackage.recipeBuilder","clearSearchBar","Verify Search Results Are Cleared When Search Text Is Removed",""
"passed","Sun Jun 14 20:10:46 UTC 2026","Sun Jun 14 20:10:48 UTC 2026","1588","HabitNuWebAppSuite","1. Core and Authentication","WebAppSanityPackage.ProfileAppClass","WebAppSanityPackage.ProfileAppClass","clearDOBAndSave","Clear DOB field and save → should save or ignore gracefully",""
"passed","Sun Jun 14 20:51:40 UTC 2026","Sun Jun 14 20:51:44 UTC 2026","3862","HabitNuWebAppSuite","4. Lifestyle and Social","WebAppSanityPackage.DiscussAppClass","WebAppSanityPackage.DiscussAppClass","case7","Upload a message with description and add file (should upload the file)",""
"passed","Sun Jun 14 20:52:09 UTC 2026","Sun Jun 14 20:52:11 UTC 2026","2255","HabitNuWebAppSuite","4. Lifestyle and Social","WebAppSanityPackage.DiscussAppClass","WebAppSanityPackage.DiscussAppClass","case24","upload a message in my post",""
"passed","Sun Jun 14 20:07:40 UTC 2026","Sun Jun 14 20:07:41 UTC 2026","316","HabitNuWebAppSuite","1. Core and Authentication","WebAppSanityPackage.HomePage","WebAppSanityPackage.HomePage","testMedicationPageLayout","Verify that the Medication page shows date controls, tabs, Today's Log section, and Add Medication button.",""
"passed","Sun Jun 14 20:34:18 UTC 2026","Sun Jun 14 20:34:19 UTC 2026","734","HabitNuWebAppSuite","3. Nutrition and Recipes","WebAppSanityPackage.waterLog","WebAppSanityPackage.waterLog","case15","710 ml Water Log",""
"passed","Sun Jun 14 20:41:11 UTC 2026","Sun Jun 14 20:41:12 UTC 2026","452","HabitNuWebAppSuite","3. Nutrition and Recipes","WebAppSanityPackage.recipeBuilder","WebAppSanityPackage.recipeBuilder","ClickViewFullRecipeToViewFullRecipe","Verify View Full Recipe Action Displays Complete Recipe Information",""
"passed","Sun Jun 14 20:23:20 UTC 2026","Sun Jun 14 20:23:20 UTC 2026","161","HabitNuWebAppSuite","2. Health Metrics","WebAppSanityPackage.Medication","WebAppSanityPackage.Medication","case25","Before Food or After Food Selection",""
"passed","Sun Jun 14 20:15:50 UTC 2026","Sun Jun 14 20:15:56 UTC 2026","5299","HabitNuWebAppSuite","2. Health Metrics","WebAppSanityPackage.Sugar_Section","WebAppSanityPackage.Sugar_Section","editTargetButDoNotSave","edit target values and do click on 'x' mark and do not save",""
"passed","Sun Jun 14 20:43:01 UTC 2026","Sun Jun 14 20:43:01 UTC 2026","18","HabitNuWebAppSuite","3. Nutrition and Recipes","WebAppSanityPackage.Myrecipes","WebAppSanityPackage.Myrecipes","test8_validateingredient","Verify Added Ingredient Appears in Ingredient List",""
"passed","Sun Jun 14 20:06:42 UTC 2026","Sun Jun 14 20:06:52 UTC 2026","10230","HabitNuWebAppSuite","1. Core and Authentication","WebAppSanityPackage.Login","WebAppSanityPackage.Login","testLanguageChangeToSpanish","Validate localization switch to Spanish by selecting ES and verifying login UI text reflects Spanish language content.",""
"passed","Sun Jun 14 20:46:23 UTC 2026","Sun Jun 14 20:46:47 UTC 2026","23887","HabitNuWebAppSuite","3. Nutrition and Recipes","WebAppSanityPackage.WebAppClass","WebAppSanityPackage.WebAppClass","case30","Verify Coach User Access in Meals Section",""
"passed","Sun Jun 14 20:28:34 UTC 2026","Sun Jun 14 20:28:34 UTC 2026","256","HabitNuWebAppSuite","2. Health Metrics","WebAppSanityPackage.TobaccoSection","WebAppSanityPackage.TobaccoSection","case27","verify decimal data in Tobacco Count section",""
"passed","Sun Jun 14 20:15:10 UTC 2026","Sun Jun 14 20:15:12 UTC 2026","2739","HabitNuWebAppSuite","2. Health Metrics","WebAppSanityPackage.BloodPressure_Section","WebAppSanityPackage.BloodPressure_Section","case15_verifyNoDataMessageAndAddButton","[MAIN CARD] Verify Blood Pressure widget displays 'No data recorded yet' message and Add New button",""
"passed","Sun Jun 14 20:13:10 UTC 2026","Sun Jun 14 20:13:11 UTC 2026","734","HabitNuWebAppSuite","1. Core and Authentication","WebAppSanityPackage.GuidedTour","WebAppSanityPackage.GuidedTour","test10_navigatingtourpage3","And user is navigating from second slide to third slide and validating",""
"passed","Sun Jun 14 20:53:28 UTC 2026","Sun Jun 14 20:53:33 UTC 2026","5763","HabitNuWebAppSuite","4. Lifestyle and Social","WebAppSanityPackage.Weights_lbs_Kgs","WebAppSanityPackage.Weights_lbs_Kgs","setValidTarget","enter valid Target",""
"passed","Sun Jun 14 20:31:20 UTC 2026","Sun Jun 14 20:31:30 UTC 2026","10313","HabitNuWebAppSuite","3. Nutrition and Recipes","WebAppSanityPackage.foodGrouping","WebAppSanityPackage.foodGrouping","case13","Add Food Item to Lunch Section",""
"passed","Sun Jun 14 20:45:29 UTC 2026","Sun Jun 14 20:45:30 UTC 2026","1509","HabitNuWebAppSuite","3. Nutrition and Recipes","WebAppSanityPackage.WebAppClass","WebAppSanityPackage.WebAppClass","case12","Add Food to Snacks from Food Log",""
"passed","Sun Jun 14 20:13:45 UTC 2026","Sun Jun 14 20:13:50 UTC 2026","5371","HabitNuWebAppSuite","1. Core and Authentication","WebAppSanityPackage.generalContentWEB","WebAppSanityPackage.generalContentWEB","case1","Main Page",""
"passed","Sun Jun 14 20:45:35 UTC 2026","Sun Jun 14 20:45:40 UTC 2026","4729","HabitNuWebAppSuite","3. Nutrition and Recipes","WebAppSanityPackage.WebAppClass","WebAppSanityPackage.WebAppClass","case15","Add Food for Previous Date",""
"passed","Sun Jun 14 20:05:31 UTC 2026","Sun Jun 14 20:05:34 UTC 2026","3037","HabitNuWebAppSuite","1. Core and Authentication","WebAppSanityPackage.Login","WebAppSanityPackage.Login","testLoginWithInvalidPassword","Validate login failure with invalid password and assert message: 'Login Information is Incorrect, 3 wrong attempts will lock your Account'.",""
"passed","Sun Jun 14 20:31:40 UTC 2026","Sun Jun 14 20:31:51 UTC 2026","10596","HabitNuWebAppSuite","3. Nutrition and Recipes","WebAppSanityPackage.foodGrouping","WebAppSanityPackage.foodGrouping","case15","Add Food Item to Snacks Section",""
"passed","Sun Jun 14 20:51:30 UTC 2026","Sun Jun 14 20:51:30 UTC 2026","159","HabitNuWebAppSuite","4. Lifestyle and Social","WebAppSanityPackage.DiscussAppClass","WebAppSanityPackage.DiscussAppClass","case2","Post a message with subject only (should show error)",""
"passed","Sun Jun 14 20:48:27 UTC 2026","Sun Jun 14 20:48:46 UTC 2026","19212","HabitNuWebAppSuite","4. Lifestyle and Social","WebAppSanityPackage.HabitsAppClass","WebAppSanityPackage.HabitsAppClass","case5","Click on Add button it should take to create the habit page and create the habit",""
"passed","Sun Jun 14 20:15:12 UTC 2026","Sun Jun 14 20:15:16 UTC 2026","3862","HabitNuWebAppSuite","2. Health Metrics","WebAppSanityPackage.BloodPressure_Section","WebAppSanityPackage.BloodPressure_Section","case16_addHistoricalBloodPressureData","[MODAL] Open Blood Pressure modal and add historical data with date picker and form validation",""
"passed","Sun Jun 14 20:41:25 UTC 2026","Sun Jun 14 20:41:25 UTC 2026","24","HabitNuWebAppSuite","3. Nutrition and Recipes","WebAppSanityPackage.recipeBuilder","WebAppSanityPackage.recipeBuilder","verifyFavoriteRecipesByRecipeName","Verify Favorite Recipes Display Recipe Name Correctly",""
"passed","Sun Jun 14 20:10:57 UTC 2026","Sun Jun 14 20:10:57 UTC 2026","335","HabitNuWebAppSuite","1. Core and Authentication","WebAppSanityPackage.ProfileAppClass","WebAppSanityPackage.ProfileAppClass","case19","Click on Basic information and validate the presence of expected fields and absence of unexpected fields",""
"passed","Sun Jun 14 20:10:41 UTC 2026","Sun Jun 14 20:10:46 UTC 2026","5008","HabitNuWebAppSuite","1. Core and Authentication","WebAppSanityPackage.ProfileAppClass","WebAppSanityPackage.ProfileAppClass","selectGenderFemaleAndSave","Select Gender as Female and save → Should reflect in profile",""
"passed","Sun Jun 14 20:20:41 UTC 2026","Sun Jun 14 20:20:41 UTC 2026","145","HabitNuWebAppSuite","2. Health Metrics","WebAppSanityPackage.Hba1c","WebAppSanityPackage.Hba1c","case6","Verify last added monthly and yesterday's data in details page in Hba1c section",""
"passed","Sun Jun 14 20:07:07 UTC 2026","Sun Jun 14 20:07:07 UTC 2026","34","HabitNuWebAppSuite","1. Core and Authentication","WebAppSanityPackage.HomePage","WebAppSanityPackage.HomePage","testNotificationBadgeCount","Verify that the notification badge is either not shown or shows a valid non-negative count.",""
"passed","Sun Jun 14 20:12:37 UTC 2026","Sun Jun 14 20:12:38 UTC 2026","1541","HabitNuWebAppSuite","1. Core and Authentication","WebAppSanityPackage.ProfileAppClass","WebAppSanityPackage.ProfileAppClass","case83","Enter mismatched confirm password and click Change Password",""
"passed","Sun Jun 14 20:13:04 UTC 2026","Sun Jun 14 20:13:05 UTC 2026","1174","HabitNuWebAppSuite","1. Core and Authentication","WebAppSanityPackage.GuidedTour","WebAppSanityPackage.GuidedTour","test5_navigatingguidedtour","And user is navigating to Habi page by clicking Finish button",""
"passed","Sun Jun 14 20:41:33 UTC 2026","Sun Jun 14 20:41:33 UTC 2026","124","HabitNuWebAppSuite","3. Nutrition and Recipes","WebAppSanityPackage.recipeBuilder","WebAppSanityPackage.recipeBuilder","verifyFavoriteRecipesByRecipeServings","Verify Favorite Recipes Display Serving Information Correctly",""
"passed","Sun Jun 14 20:42:48 UTC 2026","Sun Jun 14 20:42:58 UTC 2026","10401","HabitNuWebAppSuite","3. Nutrition and Recipes","WebAppSanityPackage.Myrecipes","WebAppSanityPackage.Myrecipes","test5_enterrecipe","Verify User Can Enter Recipe Information",""
"passed","Sun Jun 14 20:16:22 UTC 2026","Sun Jun 14 20:16:24 UTC 2026","1925","HabitNuWebAppSuite","2. Health Metrics","WebAppSanityPackage.Sugar_Section","WebAppSanityPackage.Sugar_Section","case4","Click on Blood Sugar , click on add new button and add Blood Sugar After Meal for current year current date ",""
"passed","Sun Jun 14 20:45:11 UTC 2026","Sun Jun 14 20:45:14 UTC 2026","2881","HabitNuWebAppSuite","3. Nutrition and Recipes","WebAppSanityPackage.WebAppClass","WebAppSanityPackage.WebAppClass","case4","Add Food to Snacks Meal",""
"passed","Sun Jun 14 20:18:35 UTC 2026","Sun Jun 14 20:18:35 UTC 2026","384","HabitNuWebAppSuite","2. Health Metrics","WebAppSanityPackage.WebAppHealth_WeightSection","WebAppSanityPackage.WebAppHealth_WeightSection","setNegativeTarget","enter negative target values and assert messages",""
"passed","Sun Jun 14 20:24:12 UTC 2026","Sun Jun 14 20:24:13 UTC 2026","310","HabitNuWebAppSuite","2. Health Metrics","WebAppSanityPackage.ExerciseSection","WebAppSanityPackage.ExerciseSection","AsetTarget","enter target values and do click on 'x' mark and do not save",""
"passed","Sun Jun 14 20:27:51 UTC 2026","Sun Jun 14 20:28:12 UTC 2026","20869","HabitNuWebAppSuite","2. Health Metrics","WebAppSanityPackage.TobaccoSection","WebAppSanityPackage.TobaccoSection","case23","verify blank data in Tobacco section",""
"broken","Sun Jun 14 20:21:28 UTC 2026","Sun Jun 14 20:21:38 UTC 2026","10165","HabitNuWebAppSuite","2. Health Metrics","WebAppSanityPackage.Hba1c","WebAppSanityPackage.Hba1c","editTargetWithNegatives","edit -  negative target values and assert messages",""
"passed","Sun Jun 14 20:46:15 UTC 2026","Sun Jun 14 20:46:19 UTC 2026","3337","HabitNuWebAppSuite","3. Nutrition and Recipes","WebAppSanityPackage.WebAppClass","WebAppSanityPackage.WebAppClass","case22","Edit Custom Food Logged in Dinner",""
"passed","Sun Jun 14 20:50:08 UTC 2026","Sun Jun 14 20:50:09 UTC 2026","429","HabitNuWebAppSuite","4. Lifestyle and Social","WebAppSanityPackage.HabitsAppClass","WebAppSanityPackage.HabitsAppClass","case27","Click on Archive and add the habit to archive",""
"passed","Sun Jun 14 20:48:51 UTC 2026","Sun Jun 14 20:49:08 UTC 2026","16579","HabitNuWebAppSuite","4. Lifestyle and Social","WebAppSanityPackage.HabitsAppClass","WebAppSanityPackage.HabitsAppClass","case10","Click on Calender and edit  and save the details",""
"passed","Sun Jun 14 20:43:00 UTC 2026","Sun Jun 14 20:43:01 UTC 2026","520","HabitNuWebAppSuite","3. Nutrition and Recipes","WebAppSanityPackage.Myrecipes","WebAppSanityPackage.Myrecipes","test7_toastvalidation","Verify Ingredient Added Success Message Is Displayed",""
"passed","Sun Jun 14 20:11:33 UTC 2026","Sun Jun 14 20:11:33 UTC 2026","150","HabitNuWebAppSuite","1. Core and Authentication","WebAppSanityPackage.ProfileAppClass","WebAppSanityPackage.ProfileAppClass","case61","Click on Devices button and it should take to device page",""
"failed","Sun Jun 14 20:06:33 UTC 2026","Sun Jun 14 20:06:40 UTC 2026","6543","HabitNuWebAppSuite","1. Core and Authentication","WebAppSanityPackage.Login","WebAppSanityPackage.Login","testFullPasswordResetFlow","Validate end-to-end password reset flow and key messages: 'Passwords do not match' and success text 'Password successfuly updated', then store used reset link for reuse validation.",""
"passed","Sun Jun 14 20:15:47 UTC 2026","Sun Jun 14 20:15:47 UTC 2026","407","HabitNuWebAppSuite","2. Health Metrics","WebAppSanityPackage.Sugar_Section","WebAppSanityPackage.Sugar_Section","setLowTargetMoreThan200","enter Low target more than 1000 and assert messages",""
"passed","Sun Jun 14 20:17:18 UTC 2026","Sun Jun 14 20:17:39 UTC 2026","20937","HabitNuWebAppSuite","2. Health Metrics","WebAppSanityPackage.Sugar_Section","WebAppSanityPackage.Sugar_Section","case13","add yesterday's Blood Sugar n it should show last added data After Meal",""
"passed","Sun Jun 14 20:42:02 UTC 2026","Sun Jun 14 20:42:03 UTC 2026","248","HabitNuWebAppSuite","3. Nutrition and Recipes","WebAppSanityPackage.recipeBuilder","WebAppSanityPackage.recipeBuilder","verifyRemoveFavorites_from_recipeList_page","Verify User Can Remove Favorite From Recipe List Page",""
"broken","Sun Jun 14 20:23:07 UTC 2026","Sun Jun 14 20:23:19 UTC 2026","12173","HabitNuWebAppSuite","2. Health Metrics","WebAppSanityPackage.Medication","WebAppSanityPackage.Medication","case20","Creating new Medications details like selecting",""
"passed","Sun Jun 14 20:20:34 UTC 2026","Sun Jun 14 20:20:37 UTC 2026","2478","HabitNuWebAppSuite","2. Health Metrics","WebAppSanityPackage.Hba1c","WebAppSanityPackage.Hba1c","case4","verify added today data in hba1c section ",""
"passed","Sun Jun 14 20:11:06 UTC 2026","Sun Jun 14 20:11:06 UTC 2026","258","HabitNuWebAppSuite","1. Core and Authentication","WebAppSanityPackage.ProfileAppClass","WebAppSanityPackage.ProfileAppClass","keepStateBlankAndSave","Keep State as blank and save → Should show validation error",""
"passed","Sun Jun 14 20:26:34 UTC 2026","Sun Jun 14 20:26:35 UTC 2026","254","HabitNuWebAppSuite","2. Health Metrics","WebAppSanityPackage.TobaccoSection","WebAppSanityPackage.TobaccoSection","case5_setNegativeTarget","enter negative target values and assert messages",""
"passed","Sun Jun 14 20:45:21 UTC 2026","Sun Jun 14 20:45:26 UTC 2026","5432","HabitNuWebAppSuite","3. Nutrition and Recipes","WebAppSanityPackage.WebAppClass","WebAppSanityPackage.WebAppClass","case9","Add Food to Breakfast from Food Log",""
"passed","Sun Jun 14 20:15:16 UTC 2026","Sun Jun 14 20:15:28 UTC 2026","11269","HabitNuWebAppSuite","2. Health Metrics","WebAppSanityPackage.BloodPressure_Section","WebAppSanityPackage.BloodPressure_Section","case18_addCurrentDayBloodPressureReading","[MODAL] Add current day blood pressure reading via modal form and verify entry appears in history table",""
"broken","Sun Jun 14 20:50:23 UTC 2026","Sun Jun 14 20:50:26 UTC 2026","2714","HabitNuWebAppSuite","4. Lifestyle and Social","WebAppSanityPackage.ChatandNotificationsClass","WebAppSanityPackage.ChatandNotificationsClass","case4","Without typing the message click on enter",""
"passed","Sun Jun 14 20:31:30 UTC 2026","Sun Jun 14 20:31:40 UTC 2026","10095","HabitNuWebAppSuite","3. Nutrition and Recipes","WebAppSanityPackage.foodGrouping","WebAppSanityPackage.foodGrouping","case14","Add Food Item to Dinner Section",""
"passed","Sun Jun 14 20:26:09 UTC 2026","Sun Jun 14 20:26:33 UTC 2026","23948","HabitNuWebAppSuite","2. Health Metrics","WebAppSanityPackage.TobaccoSection","WebAppSanityPackage.TobaccoSection","Case1_noTargetSet","verify no target case",""
"passed","Sun Jun 14 20:07:10 UTC 2026","Sun Jun 14 20:07:10 UTC 2026","587","HabitNuWebAppSuite","1. Core and Authentication","WebAppSanityPackage.HomePage","WebAppSanityPackage.HomePage","testProfileDropdownContents","Verify that the profile dropdown contains all expected menu options.",""
"passed","Sun Jun 14 20:21:03 UTC 2026","Sun Jun 14 20:21:03 UTC 2026","130","HabitNuWebAppSuite","2. Health Metrics","WebAppSanityPackage.Hba1c","WebAppSanityPackage.Hba1c","noTargetSet","verify no target case",""
"passed","Sun Jun 14 20:15:33 UTC 2026","Sun Jun 14 20:15:34 UTC 2026","913","HabitNuWebAppSuite","2. Health Metrics","WebAppSanityPackage.BloodPressure_Section","WebAppSanityPackage.BloodPressure_Section","case29_verifyDecimalValueValidationAndCleanup","[MODAL] Verify decimal value validation in form fields and cleanup test data using delete action buttons",""
"passed","Sun Jun 14 20:52:11 UTC 2026","Sun Jun 14 20:52:12 UTC 2026","789","HabitNuWebAppSuite","4. Lifestyle and Social","WebAppSanityPackage.DiscussAppClass","WebAppSanityPackage.DiscussAppClass","case25","edit a message in my post",""
"passed","Sun Jun 14 20:13:05 UTC 2026","Sun Jun 14 20:13:08 UTC 2026","3347","HabitNuWebAppSuite","1. Core and Authentication","WebAppSanityPackage.GuidedTour","WebAppSanityPackage.GuidedTour","test6_navigatingtourpage1","And user is navigating to first slide and refresh the tour page",""
"passed","Sun Jun 14 20:26:34 UTC 2026","Sun Jun 14 20:26:34 UTC 2026","146","HabitNuWebAppSuite","2. Health Metrics","WebAppSanityPackage.TobaccoSection","WebAppSanityPackage.TobaccoSection","case4_placeHolderOfTobaccoCountValueInputBox","verify placeholder - MAX ",""
"passed","Sun Jun 14 20:10:58 UTC 2026","Sun Jun 14 20:10:59 UTC 2026","1189","HabitNuWebAppSuite","1. Core and Authentication","WebAppSanityPackage.ProfileAppClass","WebAppSanityPackage.ProfileAppClass","addValidPhoneNumber","Add valid phone number and save → Should save successfully",""
"passed","Sun Jun 14 20:50:28 UTC 2026","Sun Jun 14 20:50:39 UTC 2026","10372","HabitNuWebAppSuite","4. Lifestyle and Social","WebAppSanityPackage.ChatandNotificationsClass","WebAppSanityPackage.ChatandNotificationsClass","case8","Click on It’s time to update your habit tracker and it will take you to habit tracker",""
"passed","Sun Jun 14 20:34:06 UTC 2026","Sun Jun 14 20:34:09 UTC 2026","3220","HabitNuWebAppSuite","3. Nutrition and Recipes","WebAppSanityPackage.waterLog","WebAppSanityPackage.waterLog","case9","Custom Water Log by Using + and - Buttons",""
"passed","Sun Jun 14 20:10:58 UTC 2026","Sun Jun 14 20:10:58 UTC 2026","167","HabitNuWebAppSuite","1. Core and Authentication","WebAppSanityPackage.ProfileAppClass","WebAppSanityPackage.ProfileAppClass","invalidAlphabetContactNumber","Add alphabets in contact number → Show invalid contact error",""
"failed","Sun Jun 14 20:53:27 UTC 2026","Sun Jun 14 20:53:27 UTC 2026","323","HabitNuWebAppSuite","4. Lifestyle and Social","WebAppSanityPackage.Weights_lbs_Kgs","WebAppSanityPackage.Weights_lbs_Kgs","setTargetMoreThan99","enter target more than 999 and assert messages",""
"passed","Sun Jun 14 20:05:57 UTC 2026","Sun Jun 14 20:05:59 UTC 2026","1885","HabitNuWebAppSuite","1. Core and Authentication","WebAppSanityPackage.Login","WebAppSanityPackage.Login","testLoginWithInvalidEmailValidPassword","Validate unregistered-email login attempt and assert generic error contains: 'Login Information is Incorrect'.",""
"passed","Sun Jun 14 20:26:35 UTC 2026","Sun Jun 14 20:26:35 UTC 2026","332","HabitNuWebAppSuite","2. Health Metrics","WebAppSanityPackage.TobaccoSection","WebAppSanityPackage.TobaccoSection","case6_setTargetMoreThan99","enter target more than 99 and assert messages",""
"passed","Sun Jun 14 20:19:17 UTC 2026","Sun Jun 14 20:19:20 UTC 2026","2629","HabitNuWebAppSuite","2. Health Metrics","WebAppSanityPackage.WebAppHealth_WeightSection","WebAppSanityPackage.WebAppHealth_WeightSection","graphcase2","Load web app -> Click on Health section -> Weight section -> click on three lines -> Click on graph -> click on filter as last month",""
"broken","Sun Jun 14 20:40:31 UTC 2026","Sun Jun 14 20:40:33 UTC 2026","1184","HabitNuWebAppSuite","3. Nutrition and Recipes","WebAppSanityPackage.habiRecipe","WebAppSanityPackage.habiRecipe","case32_GenerateRecipeForAllPreferences","Generate Recipe Using All Preferences",""
"passed","Sun Jun 14 20:20:37 UTC 2026","Sun Jun 14 20:20:41 UTC 2026","4747","HabitNuWebAppSuite","2. Health Metrics","WebAppSanityPackage.Hba1c","WebAppSanityPackage.Hba1c","case5","add yesterday's hba1c n it should show last added data",""
"passed","Sun Jun 14 20:36:27 UTC 2026","Sun Jun 14 20:36:28 UTC 2026","1393","HabitNuWebAppSuite","3. Nutrition and Recipes","WebAppSanityPackage.habiRecipe","WebAppSanityPackage.habiRecipe","case13_SelectRecipeFromDashboardAndLog","Log Generated Recipe",""
