"Status","Start Time","Stop Time","Duration in ms","Parent Suite","Suite","Sub Suite","Test Class","Test Method","Name","Description"
"passed","Mon Jul 27 03:04:20 UTC 2026","Mon Jul 27 03:04:20 UTC 2026","91","tests.PlayWrightTests.UserFacingPortal","test_login_page","TestLoginPage","","","Submitting the form with both email and password empty shows required field errors",""
"passed","Mon Jul 27 02:38:32 UTC 2026","Mon Jul 27 02:38:32 UTC 2026","231","tests.PlayWrightTests.UserFacingPortal","test_blood_sugar","TestBloodSugarSection","","","Verify that editing a target fails with a validation error when entering a negative target value",""
"passed","Mon Jul 27 02:54:43 UTC 2026","Mon Jul 27 02:54:43 UTC 2026","141","tests.PlayWrightTests.UserFacingPortal","test_habits","TestHabitsFeature","","","Click on newly created habit opens detail page",""
"passed","Mon Jul 27 03:04:26 UTC 2026","Mon Jul 27 03:04:26 UTC 2026","56","tests.PlayWrightTests.UserFacingPortal","test_login_page","TestLoginPage","","","Sign in with Code page displays the verification code delivery options prompt",""
"passed","Mon Jul 27 03:04:42 UTC 2026","Mon Jul 27 03:04:42 UTC 2026","79","tests.PlayWrightTests.UserFacingPortal","test_login_page","TestNeedHelpPage","","","Submitting with message only shows email required error",""
"passed","Mon Jul 27 02:52:41 UTC 2026","Mon Jul 27 02:52:46 UTC 2026","5040","tests.PlayWrightTests.UserFacingPortal","test_habirecipe_book","TestRecipeBook","","","As a user When I fill the search input with a valid ingredient, Verify every result has checkbox + image + label",""
"passed","Mon Jul 27 03:04:42 UTC 2026","Mon Jul 27 03:04:42 UTC 2026","9","tests.PlayWrightTests.UserFacingPortal","test_login_page","TestNeedHelpPage","","","Category label is visible on the Need Help page",""
"failed","Mon Jul 27 03:02:07 UTC 2026","Mon Jul 27 03:02:38 UTC 2026","31371","tests.PlayWrightTests.UserFacingPortal","test_homepage","TestHomePage","","","Verify Weight full completion green state with dynamic target.",""
"passed","Mon Jul 27 03:08:12 UTC 2026","Mon Jul 27 03:08:13 UTC 2026","1354","tests.PlayWrightTests.UserFacingPortal","test_profile","TestProfile","","","Contact Details edit: entering a valid Address Line 1 ('5356 Rose Street') and saving persists the value and renders it in the read-only address block",""
"passed","Mon Jul 27 02:26:11 UTC 2026","Mon Jul 27 02:26:36 UTC 2026","25146","tests.PlayWrightTests.UserFacingPortal","test_AI_Chatbot","TestAIChatbot","","","AI Chatbot log confirmation: sending a free-form tobacco count log message and confirming with 'Yes' successfully logs the entry and displays the confirmation",""
"passed","Mon Jul 27 02:38:22 UTC 2026","Mon Jul 27 02:38:22 UTC 2026","146","tests.PlayWrightTests.UserFacingPortal","test_blood_sugar","TestBloodSugarSection","","","Verify that the placeholders for High and Low inputs in the Set Target modal display correctly",""
"passed","Mon Jul 27 02:52:19 UTC 2026","Mon Jul 27 02:52:19 UTC 2026","97","tests.PlayWrightTests.UserFacingPortal","test_habirecipe_book","TestRecipeBook","","","As a user When I click on the Food Allergies button, it should take to food allergies page","Test the Food Allergies page"
"passed","Mon Jul 27 03:09:34 UTC 2026","Mon Jul 27 03:09:43 UTC 2026","9444","tests.PlayWrightTests.UserFacingPortal","test_profile","TestProfile","","","Uploaded documents: clicking the 'View' icon on an uploaded document opens the document viewer and the original row is still present in the documents table",""
"passed","Mon Jul 27 02:38:59 UTC 2026","Mon Jul 27 02:39:09 UTC 2026","10075","tests.PlayWrightTests.UserFacingPortal","test_blood_sugar","TestBloodSugarSection","","","Verify that adding another historical Fasting blood sugar entry correctly updates the current widget value",""
"failed","Mon Jul 27 02:20:08 UTC 2026","Mon Jul 27 02:20:30 UTC 2026","21933","tests.PlayWrightTests.UserFacingPortal.Chatbot","test_chatbot_forLoggingExercise","TestChatbotLogsData","","","Verify user logs an exercise through the chatbot with both a duration and step count",""
"passed","Mon Jul 27 03:08:36 UTC 2026","Mon Jul 27 03:08:37 UTC 2026","1490","tests.PlayWrightTests.UserFacingPortal","test_profile","TestProfile","","","Health Parameters edit: selecting Current Physical Activity = 'Medium' and saving persists the value and renders 'Medium' in the read-only view",""
"passed","Mon Jul 27 02:53:20 UTC 2026","Mon Jul 27 02:53:20 UTC 2026","3","tests.PlayWrightTests.UserFacingPortal","test_habirecipe_book","TestRecipeBook","","","View Servings displayed in view page == servings displayed in list page",""
"passed","Mon Jul 27 03:04:44 UTC 2026","Mon Jul 27 03:04:45 UTC 2026","648","tests.PlayWrightTests.UserFacingPortal","test_login_page","TestNeedHelpPage","","","Submitting with email and message only shows subject required error",""
"passed","Mon Jul 27 03:04:51 UTC 2026","Mon Jul 27 03:04:51 UTC 2026","8","tests.PlayWrightTests.UserFacingPortal","test_login_page","TestNeedHelpPageSpanish","","","Subject input field is visible in Spanish",""
"broken","Mon Jul 27 03:16:44 UTC 2026","Mon Jul 27 03:17:15 UTC 2026","31239","tests.PlayWrightTests.UserFacingPortal","test_talk_to_my_team","TestTalkToMyTeamMyPostsTab","","","Verify that a user can edit only the description of an existing post and the updated description is reflected in the My Posts tab",""
"passed","Mon Jul 27 03:04:21 UTC 2026","Mon Jul 27 03:04:21 UTC 2026","66","tests.PlayWrightTests.UserFacingPortal","test_login_page","TestLoginPage","","","Submitting the form with only the password filled shows email required error",""
"passed","Mon Jul 27 02:37:20 UTC 2026","Mon Jul 27 02:37:20 UTC 2026","534","tests.PlayWrightTests.UserFacingPortal","test_Set_Targets","Test_Set_Targets","","","Water Target Negative Test Cases","Test invalid inputs: negative numbers, zero, non-numeric, special characters, decimals."
"passed","Mon Jul 27 03:19:25 UTC 2026","Mon Jul 27 03:19:25 UTC 2026","182","tests.PlayWrightTests.UserFacingPortal","test_talktomycoach","TestDashboardChat","","","TC15 – Verify that pressing Enter on a completely empty input field does not send a message and the chat conversation remains unchanged",""
"passed","Mon Jul 27 03:08:21 UTC 2026","Mon Jul 27 03:08:21 UTC 2026","66","tests.PlayWrightTests.UserFacingPortal","test_profile","TestProfile","","","Contact Details validation: entering a 6-digit Zip Code displays the inline length error 'Zip code must be either 5 digits (XXXXX) or 9 digits (XXXXX-XXXX)'",""
"passed","Mon Jul 27 02:25:46 UTC 2026","Mon Jul 27 02:26:09 UTC 2026","22583","tests.PlayWrightTests.UserFacingPortal","test_AI_Chatbot","TestAIChatbot","","","AI Chatbot log confirmation: sending a free-form bp log message and confirming with 'Yes' successfully logs the entry and displays the confirmation",""
"passed","Mon Jul 27 03:04:45 UTC 2026","Mon Jul 27 03:04:46 UTC 2026","496","tests.PlayWrightTests.UserFacingPortal","test_login_page","TestNeedHelpPage","","","Submitting with email, category and message shows subject required error",""
"passed","Mon Jul 27 03:21:19 UTC 2026","Mon Jul 27 03:21:24 UTC 2026","4509","tests.PlayWrightTests.UserFacingPortal","test_tobacco","TestTobaccoSection","","","Verify that the values displayed on the graph circles match the values in the history list view",""
"passed","Mon Jul 27 03:10:14 UTC 2026","Mon Jul 27 03:10:14 UTC 2026","853","tests.PlayWrightTests.UserFacingPortal","test_profile","TestProfile","","","Sign out: selecting 'Sign Out' from the profile dropdown logs the user out, navigates away from /app/dashboard, and renders the 'Terms of Use' link on the public landing page",""
"passed","Mon Jul 27 03:04:54 UTC 2026","Mon Jul 27 03:04:55 UTC 2026","611","tests.PlayWrightTests.UserFacingPortal","test_login_page","TestNeedHelpPageSpanish","","","Submitting with email, category and message shows subject required error in Spanish",""
"passed","Mon Jul 27 02:52:40 UTC 2026","Mon Jul 27 02:52:41 UTC 2026","804","tests.PlayWrightTests.UserFacingPortal","test_habirecipe_book","TestRecipeBook","","","As a user When I fill the search input with a valid ingredient, I should see a loading state",""
"passed","Mon Jul 27 02:35:28 UTC 2026","Mon Jul 27 02:35:28 UTC 2026","79","tests.PlayWrightTests.UserFacingPortal","test_ProgressInsights","TestUserProgressInsights","","","test_insights_disclaimer_after_insights_generated[chromium]",""
"passed","Mon Jul 27 03:07:53 UTC 2026","Mon Jul 27 03:07:55 UTC 2026","2395","tests.PlayWrightTests.UserFacingPortal","test_profile","TestProfile","","","Basic Information edit: clearing the Date of Birth field and attempting to save is handled gracefully without crashing the form",""
"passed","Mon Jul 27 03:19:22 UTC 2026","Mon Jul 27 03:19:22 UTC 2026","164","tests.PlayWrightTests.UserFacingPortal","test_talktomycoach","TestDashboardChat","","","TC09 – Verify that clicking the X close button dismisses and hides the coach chat modal",""
"passed","Mon Jul 27 02:58:14 UTC 2026","Mon Jul 27 02:58:26 UTC 2026","12154","tests.PlayWrightTests.UserFacingPortal","test_homepage","TestHomePage","","","Graph is fully filled when goal weight is reached",""
"passed","Mon Jul 27 02:53:20 UTC 2026","Mon Jul 27 02:53:20 UTC 2026","2","tests.PlayWrightTests.UserFacingPortal","test_habirecipe_book","TestRecipeBook","","","View Recipe Name displayed in view page == Recipe Name displayed in list page",""
"passed","Mon Jul 27 02:54:44 UTC 2026","Mon Jul 27 02:54:45 UTC 2026","1194","tests.PlayWrightTests.UserFacingPortal","test_habits","TestHabitsFeature","","","Minus button doesn't go below 1",""
"passed","Mon Jul 27 02:22:43 UTC 2026","Mon Jul 27 02:23:10 UTC 2026","26753","tests.PlayWrightTests.UserFacingPortal.Chatbot","test_chatbot_forLoggingWeights","TestChatbotLogWeight","","","Verify user can use habi chatbot to log Weight in kg, given prompt==log my weight==68kg measured today, and says 'YES' to confirmation message",""
"passed","Mon Jul 27 02:54:03 UTC 2026","Mon Jul 27 02:54:08 UTC 2026","5088","tests.PlayWrightTests.UserFacingPortal","test_habirecipe_book","TestRecipeBook","","","View logged recipe details and image in view logs page is same as generated recipe",""
"passed","Mon Jul 27 03:20:51 UTC 2026","Mon Jul 27 03:20:58 UTC 2026","7075","tests.PlayWrightTests.UserFacingPortal","test_tobacco","TestTobaccoSection","","","Verify that canceling a target edit reverts the target value back to its previously saved value",""
"passed","Mon Jul 27 03:20:31 UTC 2026","Mon Jul 27 03:20:32 UTC 2026","146","tests.PlayWrightTests.UserFacingPortal","test_talktomycoach","TestDashboardChat","","","TC26 – Verify the message input box displays the placeholder text 'Send a message to coach'",""
"skipped","Mon Jul 27 02:55:06 UTC 2026","Mon Jul 27 02:55:06 UTC 2026","0","tests.PlayWrightTests.UserFacingPortal","test_habits","TestHabitsFeature","","","Test 32: Create flexible 2x habit - displays frequency circle",""
"passed","Mon Jul 27 02:25:04 UTC 2026","Mon Jul 27 02:25:22 UTC 2026","18280","tests.PlayWrightTests.UserFacingPortal","test_AI_Chatbot","TestAIChatbot","","","AI Chatbot weight log confirmation: Check with the user whether it is kg or lbs",""
"skipped","Mon Jul 27 02:39:15 UTC 2026","Mon Jul 27 02:39:15 UTC 2026","0","tests.PlayWrightTests.UserFacingPortal","test_blood_sugar","TestBloodSugarSection","","","Verify that 'No data for last 30 days' is visible when no data is logged for the last 30 days",""
"passed","Mon Jul 27 02:46:55 UTC 2026","Mon Jul 27 02:47:03 UTC 2026","7443","tests.PlayWrightTests.UserFacingPortal","test_exercise","TestExerciseSection","","","Exercise Target Validation: verifying an error message ('Minutes cannot be blank') is displayed when saving a blank target value",""
"passed","Mon Jul 27 02:51:50 UTC 2026","Mon Jul 27 02:51:52 UTC 2026","1253","tests.PlayWrightTests.UserFacingPortal","test_guided_tour_spanish","TestGuidedTourSpanish","","","Step 5 shows the exercise guidance text and preserves all expected navigation actions",""
"passed","Mon Jul 27 02:54:40 UTC 2026","Mon Jul 27 02:54:41 UTC 2026","1277","tests.PlayWrightTests.UserFacingPortal","test_habits","TestHabitsFeature","","","Night tab unselects with white background and black text",""
"passed","Mon Jul 27 02:56:58 UTC 2026","Mon Jul 27 02:57:04 UTC 2026","6467","tests.PlayWrightTests.UserFacingPortal","test_homepage","TestHomePage","","","Verify entering 170 lbs in the Weight add panel and saving shows the Created weight success toast, then closes the modal and returns to the dashboard",""
"passed","Mon Jul 27 03:04:19 UTC 2026","Mon Jul 27 03:04:19 UTC 2026","8","tests.PlayWrightTests.UserFacingPortal","test_login_page","TestLoginPage","","","Email input field is visible on the login page",""
"skipped","Mon Jul 27 02:54:55 UTC 2026","Mon Jul 27 02:54:55 UTC 2026","0","tests.PlayWrightTests.UserFacingPortal","test_habits","TestHabitsFeature","","","Test 26: Single click on orange circle (flexible) marks done",""
"passed","Mon Jul 27 03:19:22 UTC 2026","Mon Jul 27 03:19:23 UTC 2026","1013","tests.PlayWrightTests.UserFacingPortal","test_talktomycoach","TestDashboardChat","","","TC10 – Full end-to-end flow: open coach modal, send a dynamic test message via button, verify it appears in chat, confirm input clears, and close the modal",""
"passed","Mon Jul 27 03:21:17 UTC 2026","Mon Jul 27 03:21:19 UTC 2026","1766","tests.PlayWrightTests.UserFacingPortal","test_tobacco","TestTobaccoSection","","","Verify that the graph view correctly displays and filters data for the Last Year range",""
"passed","Mon Jul 27 02:44:34 UTC 2026","Mon Jul 27 02:44:41 UTC 2026","6961","tests.PlayWrightTests.UserFacingPortal","test_exercise","TestExerciseSection","","","Exercise History: verifying the 'No data for last 30 days' message is shown on the dashboard widget when only historical data exists",""
"passed","Mon Jul 27 02:29:28 UTC 2026","Mon Jul 27 02:29:29 UTC 2026","8","tests.PlayWrightTests.UserFacingPortal","test_MyRecipes","TestMyRecipes","","","Then user is able to validate added ingredient",""
"passed","Mon Jul 27 03:08:44 UTC 2026","Mon Jul 27 03:08:44 UTC 2026","105","tests.PlayWrightTests.UserFacingPortal","test_profile","TestProfile","","","Upload dialog: clicking the 'Upload' button opens the upload modal with the 'Upload' header and the accepted-formats / max-size helper text 'Max size 10MB (gif, jpg, jpeg, png, pdf)'",""
"passed","Mon Jul 27 02:41:13 UTC 2026","Mon Jul 27 02:41:13 UTC 2026","445","tests.PlayWrightTests.UserFacingPortal","test_chef_curated","TestChefCurated","","","Chef Curated: Load more recipes and validate additional recipes are displayed",""
"passed","Mon Jul 27 02:36:39 UTC 2026","Mon Jul 27 02:36:39 UTC 2026","62","tests.PlayWrightTests.UserFacingPortal","test_Set_Targets","Test_Set_Targets","","","Validate gram recalculations after reset","Verify that gram values are recalculated correctly after clicking Reset to Default"
"passed","Mon Jul 27 03:10:10 UTC 2026","Mon Jul 27 03:10:12 UTC 2026","2078","tests.PlayWrightTests.UserFacingPortal","test_profile","TestProfile","","","Notification Preferences: selecting 'Notification Preferences' from the profile dropdown opens the page with the 'Notification Preferences' header and the 'Habit Tracker' notification group",""
"passed","Mon Jul 27 03:04:26 UTC 2026","Mon Jul 27 03:04:26 UTC 2026","9","tests.PlayWrightTests.UserFacingPortal","test_login_page","TestLoginPage","","","Send Code Via Email button is visible and has the correct label on the code delivery page",""
"passed","Mon Jul 27 02:54:34 UTC 2026","Mon Jul 27 02:54:35 UTC 2026","1181","tests.PlayWrightTests.UserFacingPortal","test_habits","TestHabitsFeature","","","Monday button selects when clicked again",""
"passed","Mon Jul 27 02:37:40 UTC 2026","Mon Jul 27 02:37:40 UTC 2026","131","tests.PlayWrightTests.UserFacingPortal","test_blood_pressure","TestBloodPressureSection","","","Verify target edit error when entering systolic greater than 250",""
"broken","Mon Jul 27 02:19:38 UTC 2026","Mon Jul 27 02:20:08 UTC 2026","30002","tests.PlayWrightTests.UserFacingPortal.Chatbot","test_chatbot_forLoggingExercise","TestChatbotLogsData","","","Verify multiple exercise data logged via chatbot should be summated for that day and displayed in Health dashboard",""
"passed","Mon Jul 27 02:55:36 UTC 2026","Mon Jul 27 02:55:43 UTC 2026","6592","tests.PlayWrightTests.UserFacingPortal","test_hba1c","TestHbA1cSection","","","Verify deleting all HbA1c entries in the history table",""
"passed","Mon Jul 27 02:56:38 UTC 2026","Mon Jul 27 02:56:38 UTC 2026","427","tests.PlayWrightTests.UserFacingPortal","test_homepage","TestHomePage","","","Verify the Exercise card progress bar is visible and clicking the Exercise card opens the exercise modal or panel, which is then closed",""
"passed","Mon Jul 27 02:51:31 UTC 2026","Mon Jul 27 02:51:35 UTC 2026","3942","tests.PlayWrightTests.UserFacingPortal","test_guided_tour_spanish","TestGuidedTourSpanish","","","Selecting 'Quizás más tarde' shows the completion message and allows returning to the dashboard with 'Finalizar'",""
"passed","Mon Jul 27 02:47:33 UTC 2026","Mon Jul 27 02:47:43 UTC 2026","10148","tests.PlayWrightTests.UserFacingPortal","test_exercise","TestExerciseSection","","","Exercise Target: verifying a user can successfully edit an existing target to a new valid value (7 min)",""
"passed","Mon Jul 27 02:54:45 UTC 2026","Mon Jul 27 02:54:46 UTC 2026","1085","tests.PlayWrightTests.UserFacingPortal","test_habits","TestHabitsFeature","","","Test 14: Plus button increases frequency to 2",""
"passed","Mon Jul 27 02:56:47 UTC 2026","Mon Jul 27 02:56:47 UTC 2026","115","tests.PlayWrightTests.UserFacingPortal","test_homepage","TestHomePage","","","Verify on the Food page the Previous date button is enabled to allow navigating back, but the Next date button is disabled since today is the most recent allowed date",""
"passed","Mon Jul 27 02:32:20 UTC 2026","Mon Jul 27 02:32:20 UTC 2026","67","tests.PlayWrightTests.UserFacingPortal","test_ProgressInsights","TestUserProgressInsights","","","test_insights_disclaimer[chromium]",""
"passed","Mon Jul 27 02:23:52 UTC 2026","Mon Jul 27 02:24:01 UTC 2026","8995","tests.PlayWrightTests.UserFacingPortal","test_AI_Chatbot","TestAIChatbot","","","AI Chatbot greeting: launching 'Chat with Habi' from the Smart Insights menu renders the greeting 'Hello <FirstName>' using the logged-in user's first name",""
"passed","Mon Jul 27 02:37:20 UTC 2026","Mon Jul 27 02:37:20 UTC 2026","9","tests.PlayWrightTests.UserFacingPortal","test_Set_Targets","Test_Set_Targets","","","Fiber Target constraints metadata validation","Validate fiber target unit and min/max constraints from input attributes"
"passed","Mon Jul 27 03:08:09 UTC 2026","Mon Jul 27 03:08:12 UTC 2026","2861","tests.PlayWrightTests.UserFacingPortal","test_profile","TestProfile","","","Contact Details edit: entering a valid 10-digit Contact Number and saving persists the value and renders it (prefixed with '+') in the read-only view",""
"passed","Mon Jul 27 03:08:28 UTC 2026","Mon Jul 27 03:08:30 UTC 2026","1444","tests.PlayWrightTests.UserFacingPortal","test_profile","TestProfile","","","Health Parameters edit: entering '0' in the Waist (inches) field and saving persists the literal value and renders '0inches' in the read-only view",""
"passed","Mon Jul 27 02:38:42 UTC 2026","Mon Jul 27 02:38:53 UTC 2026","10538","tests.PlayWrightTests.UserFacingPortal","test_blood_sugar","TestBloodSugarSection","","","Verify that adding a historical Fasting blood sugar entry displays correctly in the current widget value",""
"passed","Mon Jul 27 03:04:51 UTC 2026","Mon Jul 27 03:04:51 UTC 2026","9","tests.PlayWrightTests.UserFacingPortal","test_login_page","TestNeedHelpPageSpanish","","","Email input placeholder text is correct in Spanish",""
"passed","Mon Jul 27 02:52:30 UTC 2026","Mon Jul 27 02:52:31 UTC 2026","680","tests.PlayWrightTests.UserFacingPortal","test_habirecipe_book","TestRecipeBook","","","As a user When I click on the DIET_TYPE_BUTTON  preference, it should take to DIET_TYPE_BUTTON preference page and should be able to see tooltips with expected texts",""
"passed","Mon Jul 27 03:12:05 UTC 2026","Mon Jul 27 03:12:19 UTC 2026","13581","tests.PlayWrightTests.UserFacingPortal","test_talk_to_my_team","TestTalkToMyTeamDiscussTab","","","Verify that a user can block a post with category 'Other' by providing a custom reason in the Discuss tab",""
"passed","Mon Jul 27 02:55:56 UTC 2026","Mon Jul 27 02:55:56 UTC 2026","4","tests.PlayWrightTests.UserFacingPortal","test_homepage","TestHomePage","","","Verify the Home/Dashboard nav link has the active CSS class applied, confirming the browser is currently on the dashboard route",""
"passed","Mon Jul 27 02:56:38 UTC 2026","Mon Jul 27 02:56:46 UTC 2026","7535","tests.PlayWrightTests.UserFacingPortal","test_homepage","TestHomePage","","","Verify after saving targets of 3 meals, 30 min exercise, 3 weight days, the weekly card help texts show the correct format: X/3 Days for meals and weight, X/210 Minutes for exercise",""
"passed","Mon Jul 27 02:38:22 UTC 2026","Mon Jul 27 02:38:22 UTC 2026","196","tests.PlayWrightTests.UserFacingPortal","test_blood_sugar","TestBloodSugarSection","","","Verify that a validation error is displayed when trying to save a negative High target value",""
"passed","Mon Jul 27 03:04:35 UTC 2026","Mon Jul 27 03:04:35 UTC 2026","10","tests.PlayWrightTests.UserFacingPortal","test_login_page","TestLoginPageSpanish","","","Register link is visible and enabled with Spanish label",""
"passed","Mon Jul 27 03:04:42 UTC 2026","Mon Jul 27 03:04:42 UTC 2026","86","tests.PlayWrightTests.UserFacingPortal","test_login_page","TestNeedHelpPage","","","Submitting with category only shows email required error",""
"passed","Mon Jul 27 02:53:21 UTC 2026","Mon Jul 27 02:53:43 UTC 2026","22403","tests.PlayWrightTests.UserFacingPortal","test_habirecipe_book","TestRecipeBook","","","View when user clicks 'Back to Recipes' button while recipe is generating should take to Recipe list page and'Generate New Recipe' button should be in disabled state",""
"skipped","Mon Jul 27 02:55:06 UTC 2026","Mon Jul 27 02:55:06 UTC 2026","0","tests.PlayWrightTests.UserFacingPortal","test_habits","TestHabitsFeature","","","Test 36: Notification Preferences - Push and SMS enabled",""
"passed","Mon Jul 27 02:56:51 UTC 2026","Mon Jul 27 02:56:55 UTC 2026","3999","tests.PlayWrightTests.UserFacingPortal","test_homepage","TestHomePage","","","Verify the Habits page shows the Active Habits toggle, exactly 7 weekly calendar day blocks when present, and the Taking Medication habit card description and frequency label when it exists",""
"passed","Mon Jul 27 02:41:14 UTC 2026","Mon Jul 27 02:41:17 UTC 2026","2849","tests.PlayWrightTests.UserFacingPortal","test_chef_curated","TestChefCurated","","","Chef Curated: Recipe video validation","p9: Validate recipe video functionality"
"broken","Mon Jul 27 03:18:18 UTC 2026","Mon Jul 27 03:19:11 UTC 2026","53269","tests.PlayWrightTests.UserFacingPortal","test_talk_to_my_team","TestTalkToMyTeamMyPostsTab","","","Verify that a user can edit an existing post and remove all uploaded files leaving no attachments in the My Posts tab",""
"passed","Mon Jul 27 03:04:51 UTC 2026","Mon Jul 27 03:04:51 UTC 2026","3","tests.PlayWrightTests.UserFacingPortal","test_login_page","TestNeedHelpPageSpanish","","","Subject input placeholder text is correct in Spanish",""
"passed","Mon Jul 27 02:44:41 UTC 2026","Mon Jul 27 02:44:50 UTC 2026","8887","tests.PlayWrightTests.UserFacingPortal","test_exercise","TestExerciseSection","","","Exercise Logging: logging today's exercise entry (998 steps) successfully registers the entry and displays it in the history log list",""
"passed","Mon Jul 27 03:20:32 UTC 2026","Mon Jul 27 03:20:32 UTC 2026","180","tests.PlayWrightTests.UserFacingPortal","test_talktomycoach","TestDashboardChat","","","TC27 – Verify that after sending a message today, the chat conversation displays a date label for the current day (e.g. 'Today')",""
"passed","Mon Jul 27 02:56:01 UTC 2026","Mon Jul 27 02:56:01 UTC 2026","3","tests.PlayWrightTests.UserFacingPortal","test_homepage","TestHomePage","","","Verify navigating to Learn or Videos (based on program config) correctly renders the section header for whichever variant is active",""
"passed","Mon Jul 27 03:11:38 UTC 2026","Mon Jul 27 03:11:50 UTC 2026","12115","tests.PlayWrightTests.UserFacingPortal","test_talk_to_my_team","TestTalkToMyTeamDiscussTab","","","Verify that a user can report and block a post as spam and that the blocked content indicator is displayed in the Discuss tab",""
"passed","Mon Jul 27 02:45:14 UTC 2026","Mon Jul 27 02:45:23 UTC 2026","9431","tests.PlayWrightTests.UserFacingPortal","test_exercise","TestExerciseSection","","","Exercise Validation: verifying an error message ('Steps cannot be blank') is displayed when entering a negative steps value",""
"passed","Mon Jul 27 03:04:42 UTC 2026","Mon Jul 27 03:04:42 UTC 2026","8","tests.PlayWrightTests.UserFacingPortal","test_login_page","TestNeedHelpPage","","","Add Files label is visible on the Need Help page",""
"passed","Mon Jul 27 03:19:18 UTC 2026","Mon Jul 27 03:19:18 UTC 2026","165","tests.PlayWrightTests.UserFacingPortal","test_talktomycoach","TestDashboardChat","","","TC05 – Verify the message input box is visible inside the coach modal and accepts text input",""
"passed","Mon Jul 27 02:36:10 UTC 2026","Mon Jul 27 02:36:14 UTC 2026","4104","tests.PlayWrightTests.UserFacingPortal","test_Search_the_web","TestSearchTheWeb","","","Search the Web: Validate full recipe page with 'No' confirmation","p9: Validate full recipe page with 'No' confirmation"
"passed","Mon Jul 27 03:00:58 UTC 2026","Mon Jul 27 03:01:20 UTC 2026","21392","tests.PlayWrightTests.UserFacingPortal","test_homepage","TestHomePage","","","Verify that Weight progress bar initializes properly after setting target.",""
"passed","Mon Jul 27 02:55:48 UTC 2026","Mon Jul 27 02:55:50 UTC 2026","2032","tests.PlayWrightTests.UserFacingPortal","test_hba1c","TestHbA1cSection","","","Verify target edit validation error when entering target greater than 14",""
"passed","Mon Jul 27 03:04:35 UTC 2026","Mon Jul 27 03:04:35 UTC 2026","9","tests.PlayWrightTests.UserFacingPortal","test_login_page","TestLoginPageSpanish","","","Need Help button is visible and enabled with Spanish label",""
"broken","Mon Jul 27 02:42:33 UTC 2026","Mon Jul 27 02:43:03 UTC 2026","30004","tests.PlayWrightTests.UserFacingPortal","test_discussionReactions","TestUserDiscussionReactions","","","Given there are discussion posts with reactions==Like by logged in user, when I click on 'You reacted' section, then I should see a modal with all reactions details such as 'All' count, count by 'emojis', users who reacted with what emojis",""
"passed","Mon Jul 27 02:56:17 UTC 2026","Mon Jul 27 02:56:17 UTC 2026","214","tests.PlayWrightTests.UserFacingPortal","test_homepage","TestHomePage","","","Verify navigating to Health shows the Exercise card title and the history panel open button for Exercise logs",""
"passed","Mon Jul 27 02:37:13 UTC 2026","Mon Jul 27 02:37:16 UTC 2026","2860","tests.PlayWrightTests.UserFacingPortal","test_Set_Targets","Test_Set_Targets","","","Calorie input negative tests","Validate error handling for empty, non-numeric, <1200, and edge values in calorie input"
"passed","Mon Jul 27 02:56:00 UTC 2026","Mon Jul 27 02:56:00 UTC 2026","8","tests.PlayWrightTests.UserFacingPortal","test_homepage","TestHomePage","","","Verify the three This Week summary cards exist and display the correct labels: Meals, Weight, and Exercise",""
"passed","Mon Jul 27 02:28:56 UTC 2026","Mon Jul 27 02:28:57 UTC 2026","1357","tests.PlayWrightTests.UserFacingPortal","test_India_users","TestUserPlaywright","","","test_fill_the_banner[chromium]",""
"passed","Mon Jul 27 03:12:42 UTC 2026","Mon Jul 27 03:13:01 UTC 2026","18830","tests.PlayWrightTests.UserFacingPortal","test_talk_to_my_team","TestTalkToMyTeamDiscussTab","","","Verify that a user can block another user without providing a reason and that the blocked user indicator appears in the Discuss tab",""
"passed","Mon Jul 27 03:04:19 UTC 2026","Mon Jul 27 03:04:19 UTC 2026","8","tests.PlayWrightTests.UserFacingPortal","test_login_page","TestLoginPage","","","Sign in with Code button is visible and has the correct label",""
"passed","Mon Jul 27 03:08:21 UTC 2026","Mon Jul 27 03:08:21 UTC 2026","121","tests.PlayWrightTests.UserFacingPortal","test_profile","TestProfile","","","Contact Details validation: submitting a blank Zip Code displays the inline error 'Zip code is required'",""
"passed","Mon Jul 27 03:04:21 UTC 2026","Mon Jul 27 03:04:23 UTC 2026","2355","tests.PlayWrightTests.UserFacingPortal","test_login_page","TestLoginPage","","","Entering a valid email with an incorrect password shows wrong credentials error",""
"passed","Mon Jul 27 02:38:21 UTC 2026","Mon Jul 27 02:38:22 UTC 2026","194","tests.PlayWrightTests.UserFacingPortal","test_blood_sugar","TestBloodSugarSection","","","Verify that entering target values and clicking the Cancel button does not save the target",""
"passed","Mon Jul 27 03:13:45 UTC 2026","Mon Jul 27 03:13:47 UTC 2026","2428","tests.PlayWrightTests.UserFacingPortal","test_talk_to_my_team","TestTalkToMyTeamMyPostsTab","","","Verify that a user can create a post with both subject and description in the My Posts tab",""
"skipped","Mon Jul 27 02:55:06 UTC 2026","Mon Jul 27 02:55:06 UTC 2026","0","tests.PlayWrightTests.UserFacingPortal","test_habits","TestHabitsFeature","","","test_notifications_push_only[chromium]",""
"passed","Mon Jul 27 03:20:50 UTC 2026","Mon Jul 27 03:20:50 UTC 2026","156","tests.PlayWrightTests.UserFacingPortal","test_tobacco","TestTobaccoSection","","","Verify that a user is able to successfully set a valid tobacco target (5)",""
"passed","Mon Jul 27 02:55:56 UTC 2026","Mon Jul 27 02:55:56 UTC 2026","8","tests.PlayWrightTests.UserFacingPortal","test_homepage","TestHomePage","","","Verify notification badge count beside the bell is a valid non-negative integer and not broken text when visible",""
"passed","Mon Jul 27 02:54:01 UTC 2026","Mon Jul 27 02:54:03 UTC 2026","1639","tests.PlayWrightTests.UserFacingPortal","test_habirecipe_book","TestRecipeBook","","","View user can log habi recipe",""
"passed","Mon Jul 27 03:04:51 UTC 2026","Mon Jul 27 03:04:52 UTC 2026","460","tests.PlayWrightTests.UserFacingPortal","test_login_page","TestNeedHelpPageSpanish","","","Submitting with an invalid email format shows invalid email error in Spanish",""
"passed","Mon Jul 27 03:04:42 UTC 2026","Mon Jul 27 03:04:42 UTC 2026","9","tests.PlayWrightTests.UserFacingPortal","test_login_page","TestNeedHelpPage","","","Terms of Use link is visible on the Need Help page",""
"passed","Mon Jul 27 02:38:23 UTC 2026","Mon Jul 27 02:38:24 UTC 2026","1207","tests.PlayWrightTests.UserFacingPortal","test_blood_sugar","TestBloodSugarSection","","","Verify that a user is able to successfully edit an existing target to a new valid value",""
"passed","Mon Jul 27 02:45:31 UTC 2026","Mon Jul 27 02:45:39 UTC 2026","8797","tests.PlayWrightTests.UserFacingPortal","test_exercise","TestExerciseSection","","","Other Activity: logging an other activity entry by minutes (1 min) successfully displays the logged duration in the history list",""
"passed","Mon Jul 27 02:52:18 UTC 2026","Mon Jul 27 02:52:18 UTC 2026","791","tests.PlayWrightTests.UserFacingPortal","test_habirecipe_book","TestRecipeBook","","","As a user When I click on the Generate New Recipe button, it should take me to Let's Set Your Preferences page and Verify all preference categories are displayed",""
"passed","Mon Jul 27 02:54:49 UTC 2026","Mon Jul 27 02:54:53 UTC 2026","4271","tests.PlayWrightTests.UserFacingPortal","test_habits","TestHabitsFeature","","","Test 17: Edit habit and save changes",""
"passed","Mon Jul 27 03:09:16 UTC 2026","Mon Jul 27 03:09:25 UTC 2026","8764","tests.PlayWrightTests.UserFacingPortal","test_profile","TestProfile","","","Upload happy path (second instance): providing a valid file, Name and Type and submitting uploads a second document and the documents table row count increases by exactly one",""
"passed","Mon Jul 27 02:55:43 UTC 2026","Mon Jul 27 02:55:44 UTC 2026","197","tests.PlayWrightTests.UserFacingPortal","test_hba1c","TestHbA1cSection","","","Verify target validation error when entering target greater than 14",""
"passed","Mon Jul 27 02:54:47 UTC 2026","Mon Jul 27 02:54:49 UTC 2026","1105","tests.PlayWrightTests.UserFacingPortal","test_habits","TestHabitsFeature","","","Test 16: Select Monday and Morning in flexible frequency",""
"passed","Mon Jul 27 02:54:54 UTC 2026","Mon Jul 27 02:54:54 UTC 2026","87","tests.PlayWrightTests.UserFacingPortal","test_habits","TestHabitsFeature","","","Test 20: Calendar forward arrow goes to next month",""
"passed","Mon Jul 27 03:08:39 UTC 2026","Mon Jul 27 03:08:39 UTC 2026","145","tests.PlayWrightTests.UserFacingPortal","test_profile","TestProfile","","","Health Parameters structural validation: the edit modal exposes exactly the expected controls (Height Feet & Inches dropdowns, Waist input, Hips input, Physical Activity dropdown, Diabetes Status dropdown, Hypertension dropdown, Save button) with no unexpected input fields",""
"passed","Mon Jul 27 03:04:35 UTC 2026","Mon Jul 27 03:04:35 UTC 2026","38","tests.PlayWrightTests.UserFacingPortal","test_login_page","TestLoginPageSpanish","","","Clicking the Need Help button navigates to the feedback page",""
"passed","Mon Jul 27 02:21:49 UTC 2026","Mon Jul 27 02:22:16 UTC 2026","27082","tests.PlayWrightTests.UserFacingPortal.Chatbot","test_chatbot_forLoggingWater","TestChatbotLogWater","","","Verify user can use habi chatbot to log Water in liters, given prompt==I drank 1 liter today, and says 'YES' to confirmation message",""
"passed","Mon Jul 27 02:35:44 UTC 2026","Mon Jul 27 02:35:48 UTC 2026","4458","tests.PlayWrightTests.UserFacingPortal","test_Search_the_web","TestSearchTheWeb","","","Search the Web: search recipe and log the recipe via action menu","p3: Search for a recipe and log the recipe via action menu"
"passed","Mon Jul 27 03:08:53 UTC 2026","Mon Jul 27 03:09:02 UTC 2026","8278","tests.PlayWrightTests.UserFacingPortal","test_profile","TestProfile","","","Upload happy path: providing a valid file, Name='Test Document' and Type='Blood Report' and submitting uploads the document and the documents table row count increases by exactly one",""
"passed","Mon Jul 27 03:04:42 UTC 2026","Mon Jul 27 03:04:42 UTC 2026","3","tests.PlayWrightTests.UserFacingPortal","test_login_page","TestNeedHelpPage","","","Email input placeholder text is correct",""
"passed","Mon Jul 27 03:08:21 UTC 2026","Mon Jul 27 03:08:21 UTC 2026","64","tests.PlayWrightTests.UserFacingPortal","test_profile","TestProfile","","","Contact Details validation: entering 9 consecutive digits without the required dash separator displays the inline format error for 9-digit Zip Codes",""
"passed","Mon Jul 27 02:55:28 UTC 2026","Mon Jul 27 02:55:29 UTC 2026","683","tests.PlayWrightTests.UserFacingPortal","test_hba1c","TestHbA1cSection","","","Verify adding yesterday's HbA1c reading does not override today's latest reading",""
"passed","Mon Jul 27 03:04:26 UTC 2026","Mon Jul 27 03:04:27 UTC 2026","830","tests.PlayWrightTests.UserFacingPortal","test_login_page","TestLoginPage","","","Clicking Send Code Via Email shows the code sent successfully confirmation message",""
"passed","Mon Jul 27 03:15:38 UTC 2026","Mon Jul 27 03:15:59 UTC 2026","21159","tests.PlayWrightTests.UserFacingPortal","test_talk_to_my_team","TestTalkToMyTeamMyPostsTab","","","Verify that a user can create a post with both an image and a PDF document attached in the My Posts tab",""
"broken","Mon Jul 27 02:27:04 UTC 2026","Mon Jul 27 02:27:33 UTC 2026","28682","tests.PlayWrightTests.UserFacingPortal","test_AI_Chatbot","TestAIChatbot","","","AI Chatbot log confirmation: sending a free-form hba1c log message and confirming with 'Yes' successfully logs the entry and displays the confirmation",""
"passed","Mon Jul 27 02:29:29 UTC 2026","Mon Jul 27 02:29:29 UTC 2026","208","tests.PlayWrightTests.UserFacingPortal","test_MyRecipes","TestMyRecipes","","","And user is able to validate total calories & Detailed nutrients",""
"skipped","Mon Jul 27 02:54:55 UTC 2026","Mon Jul 27 02:54:55 UTC 2026","0","tests.PlayWrightTests.UserFacingPortal","test_habits","TestHabitsFeature","","","Test 27: Click again on orange circle marks not done (red)",""
"skipped","Mon Jul 27 02:55:06 UTC 2026","Mon Jul 27 02:55:06 UTC 2026","0","tests.PlayWrightTests.UserFacingPortal","test_habits","TestHabitsFeature","","","Test 31: Back button returns to habits list",""
"passed","Mon Jul 27 03:20:06 UTC 2026","Mon Jul 27 03:20:27 UTC 2026","21430","tests.PlayWrightTests.UserFacingPortal","test_talktomycoach","TestDashboardChat","","","TC21 – Verify that a vertical scrollbar appears in the chat messages area when the number of messages exceeds the visible screen height of the modal",""
"passed","Mon Jul 27 02:52:47 UTC 2026","Mon Jul 27 02:53:17 UTC 2026","30017","tests.PlayWrightTests.UserFacingPortal","test_habirecipe_book","TestRecipeBook","","","Verify generated recipe page elements are visible",""
"passed","Mon Jul 27 02:48:36 UTC 2026","Mon Jul 27 02:48:44 UTC 2026","8013","tests.PlayWrightTests.UserFacingPortal","test_exercise","TestExerciseSection","","","Exercise Logging: entering special characters in the Minutes field is rejected with a validation error",""
"passed","Mon Jul 27 02:44:17 UTC 2026","Mon Jul 27 02:44:26 UTC 2026","9585","tests.PlayWrightTests.UserFacingPortal","test_exercise","TestExerciseSection","","","Exercise Empty State: navigating to the health tab renders the empty state title 'No data recorded yet' and the 'Add New' button is visible",""
"passed","Mon Jul 27 03:09:53 UTC 2026","Mon Jul 27 03:09:53 UTC 2026","61","tests.PlayWrightTests.UserFacingPortal","test_profile","TestProfile","","","Change Password validation: entering only the Current Password and submitting displays the min-length error on New Password and 'is required' on Confirm Password",""
"passed","Mon Jul 27 02:53:19 UTC 2026","Mon Jul 27 02:53:20 UTC 2026","810","tests.PlayWrightTests.UserFacingPortal","test_habirecipe_book","TestRecipeBook","","","View generated Habi recipe adhering to selected preferences",""
"passed","Mon Jul 27 02:55:31 UTC 2026","Mon Jul 27 02:55:36 UTC 2026","5183","tests.PlayWrightTests.UserFacingPortal","test_hba1c","TestHbA1cSection","","","Verify inline editing of HbA1c logs in the history table list",""
"passed","Mon Jul 27 02:38:23 UTC 2026","Mon Jul 27 02:38:23 UTC 2026","198","tests.PlayWrightTests.UserFacingPortal","test_blood_sugar","TestBloodSugarSection","","","Verify that a validation error is displayed when trying to save targets with a blank High target value",""
"passed","Mon Jul 27 02:52:19 UTC 2026","Mon Jul 27 02:52:19 UTC 2026","108","tests.PlayWrightTests.UserFacingPortal","test_habirecipe_book","TestRecipeBook","","","As a user When I click on the Food Allergies button, it should be seen ticked and button should be seen enabled","Test the Food Allergies page"
"passed","Mon Jul 27 02:52:40 UTC 2026","Mon Jul 27 02:52:40 UTC 2026","51","tests.PlayWrightTests.UserFacingPortal","test_habirecipe_book","TestRecipeBook","","","As a user When I click on the ADD_INGREDIENTS_BUTTON, Verify Search Ingredient dropdown opens",""
"passed","Mon Jul 27 03:09:52 UTC 2026","Mon Jul 27 03:09:53 UTC 2026","171","tests.PlayWrightTests.UserFacingPortal","test_profile","TestProfile","","","Change Password: selecting 'Change Password' from the profile dropdown navigates to the Change Password section and exposes the 'View Profile Details' link in the dropdown",""
"passed","Mon Jul 27 02:41:17 UTC 2026","Mon Jul 27 02:41:18 UTC 2026","1249","tests.PlayWrightTests.UserFacingPortal","test_chef_curated","TestChefCurated","","","Chef Curated: Validated Download PDF button is displayed and functional for each recipe card","p10: Validate Download PDF button functionality for each recipe card"
"passed","Mon Jul 27 03:04:42 UTC 2026","Mon Jul 27 03:04:42 UTC 2026","8","tests.PlayWrightTests.UserFacingPortal","test_login_page","TestNeedHelpPage","","","Email input field is visible on the Need Help page",""
"passed","Mon Jul 27 03:04:47 UTC 2026","Mon Jul 27 03:04:49 UTC 2026","1556","tests.PlayWrightTests.UserFacingPortal","test_login_page","TestNeedHelpPage","","","Submitting with all fields including a file attachment shows success toaster",""
"passed","Mon Jul 27 02:29:35 UTC 2026","Mon Jul 27 02:29:42 UTC 2026","7467","tests.PlayWrightTests.UserFacingPortal","test_MyRecipes","TestMyRecipes","","","And user is able to add & remove the favorite recipes",""
"passed","Mon Jul 27 02:52:18 UTC 2026","Mon Jul 27 02:52:19 UTC 2026","65","tests.PlayWrightTests.UserFacingPortal","test_habirecipe_book","TestRecipeBook","","","Verify user can navigate back to recipe book page",""
"passed","Mon Jul 27 02:51:17 UTC 2026","Mon Jul 27 02:51:18 UTC 2026","648","tests.PlayWrightTests.UserFacingPortal","test_guided_tour","TestGuidedTour","","","Guided Tour Step 2 UI: Discussion board step should show exact guidance text with Back, Next, and Skip Tour buttons",""
"passed","Mon Jul 27 02:52:46 UTC 2026","Mon Jul 27 02:52:46 UTC 2026","3","tests.PlayWrightTests.UserFacingPortal","test_habirecipe_book","TestRecipeBook","","","As a user When I fill the search input with a valid ingredient, Verify search term entered",""
"passed","Mon Jul 27 03:04:51 UTC 2026","Mon Jul 27 03:04:51 UTC 2026","13","tests.PlayWrightTests.UserFacingPortal","test_login_page","TestNeedHelpPageSpanish","","","Contact us form heading is correct in Spanish",""
"passed","Mon Jul 27 03:04:20 UTC 2026","Mon Jul 27 03:04:20 UTC 2026","16","tests.PlayWrightTests.UserFacingPortal","test_login_page","TestLoginPage","","","Need Help button is visible and has the correct label",""
"passed","Mon Jul 27 03:04:18 UTC 2026","Mon Jul 27 03:04:19 UTC 2026","845","tests.PlayWrightTests.UserFacingPortal","test_login_page","TestLoginPage","","","HabitNu logo is displayed on the login page",""
"passed","Mon Jul 27 02:51:10 UTC 2026","Mon Jul 27 02:51:16 UTC 2026","6045","tests.PlayWrightTests.UserFacingPortal","test_guided_tour","TestGuidedTour","","","Guided Tour Skip Behavior: Skipping from each intermediate step should jump to final message and support successful finish",""
"passed","Mon Jul 27 03:04:35 UTC 2026","Mon Jul 27 03:04:35 UTC 2026","9","tests.PlayWrightTests.UserFacingPortal","test_login_page","TestLoginPageSpanish","","","Password field label displays the Spanish text for password",""
"passed","Mon Jul 27 02:56:01 UTC 2026","Mon Jul 27 02:56:01 UTC 2026","157","tests.PlayWrightTests.UserFacingPortal","test_homepage","TestHomePage","","","Verify the Habits page renders when navigating to /app/habits",""
"passed","Mon Jul 27 03:04:35 UTC 2026","Mon Jul 27 03:04:35 UTC 2026","30","tests.PlayWrightTests.UserFacingPortal","test_login_page","TestLoginPageSpanish","","","Privacy policy and terms of use links are visible in Spanish",""
"passed","Mon Jul 27 02:52:41 UTC 2026","Mon Jul 27 02:52:41 UTC 2026","4","tests.PlayWrightTests.UserFacingPortal","test_habirecipe_book","TestRecipeBook","","","As a user When I fill the search input with a valid ingredient, Verify first result",""
"passed","Mon Jul 27 02:54:01 UTC 2026","Mon Jul 27 02:54:01 UTC 2026","64","tests.PlayWrightTests.UserFacingPortal","test_habirecipe_book","TestRecipeBook","","","View recipe image icon is loaded on log page",""
"passed","Mon Jul 27 02:21:23 UTC 2026","Mon Jul 27 02:21:49 UTC 2026","25802","tests.PlayWrightTests.UserFacingPortal.Chatbot","test_chatbot_forLoggingWater","TestChatbotLogWater","","","Verify user can use habi chatbot to log water in oz, given prompt==I drank 39oz today, and says 'YES' to confirmation message",""
"skipped","Mon Jul 27 02:55:06 UTC 2026","Mon Jul 27 02:55:06 UTC 2026","0","tests.PlayWrightTests.UserFacingPortal","test_habits","TestHabitsFeature","","","Test 34: Double click habit circle opens rating popup",""
"passed","Mon Jul 27 02:29:42 UTC 2026","Mon Jul 27 02:29:51 UTC 2026","8563","tests.PlayWrightTests.UserFacingPortal","test_MyRecipes","TestMyRecipes","","","And user is able to log the recipes",""
"broken","Mon Jul 27 02:42:03 UTC 2026","Mon Jul 27 02:42:33 UTC 2026","30003","tests.PlayWrightTests.UserFacingPortal","test_discussionReactions","TestUserDiscussionReactions","","","Given there are discussion posts with reactions==Like by logged in user, then 'No reactions yet' text should be changed to 'You reacted' with reacted emoji",""
"passed","Mon Jul 27 02:52:46 UTC 2026","Mon Jul 27 02:52:46 UTC 2026","3","tests.PlayWrightTests.UserFacingPortal","test_habirecipe_book","TestRecipeBook","","","As a user When I fill the search input with a valid ingredient, Verify ingredient card exists",""
"passed","Mon Jul 27 02:36:39 UTC 2026","Mon Jul 27 02:36:39 UTC 2026","87","tests.PlayWrightTests.UserFacingPortal","test_Set_Targets","Test_Set_Targets","","","Verify calendar opens and today's date is displayed in bold","Test that clicking the calendar icon opens the date picker and today's date is shown in bold font"
"passed","Mon Jul 27 02:53:17 UTC 2026","Mon Jul 27 02:53:18 UTC 2026","826","tests.PlayWrightTests.UserFacingPortal","test_habirecipe_book","TestRecipeBook","","","add to fav from 3 dot menu and verify in fav tab","Verify generated recipe can be added to favorites from 3-dot menu"
"passed","Mon Jul 27 03:04:42 UTC 2026","Mon Jul 27 03:04:42 UTC 2026","13","tests.PlayWrightTests.UserFacingPortal","test_login_page","TestNeedHelpPage","","","Contact us tag is visible on the Need Help page",""
"passed","Mon Jul 27 03:10:37 UTC 2026","Mon Jul 27 03:10:37 UTC 2026","864","tests.PlayWrightTests.UserFacingPortal","test_talk_to_my_team","TestTalkToMyTeamDiscussTab","","","Verify that a user can create a post with subject and description text in the Discuss tab",""
"passed","Mon Jul 27 02:39:16 UTC 2026","Mon Jul 27 02:39:17 UTC 2026","599","tests.PlayWrightTests.UserFacingPortal","test_blood_sugar","TestBloodSugarSection","","","Verify that adding today's After Meal blood sugar entry shows correctly in the widget",""
"passed","Mon Jul 27 03:04:42 UTC 2026","Mon Jul 27 03:04:42 UTC 2026","9","tests.PlayWrightTests.UserFacingPortal","test_login_page","TestNeedHelpPage","","","Message label is visible on the Need Help page",""
"passed","Mon Jul 27 02:54:38 UTC 2026","Mon Jul 27 02:54:40 UTC 2026","1226","tests.PlayWrightTests.UserFacingPortal","test_habits","TestHabitsFeature","","","Noon and Night tabs become selected with dark blue color",""
"passed","Mon Jul 27 03:19:18 UTC 2026","Mon Jul 27 03:19:18 UTC 2026","149","tests.PlayWrightTests.UserFacingPortal","test_talktomycoach","TestDashboardChat","","","TC03 – Verify clicking Talk To My Coach from the dropdown opens the coach chat modal",""
"passed","Mon Jul 27 03:09:53 UTC 2026","Mon Jul 27 03:09:55 UTC 2026","2323","tests.PlayWrightTests.UserFacingPortal","test_profile","TestProfile","","","Change Password validation: entering only the New Password (without Current and Confirm) and submitting displays the inline 'is required' error on Confirm Password",""
"passed","Mon Jul 27 02:52:32 UTC 2026","Mon Jul 27 02:52:32 UTC 2026","234","tests.PlayWrightTests.UserFacingPortal","test_habirecipe_book","TestRecipeBook","","","As a user When I click on the LOCAL_FOOD_PREFERENCES_BUTTON  preference, it should take to LOCAL_FOOD_PREFERENCES_BUTTON preference page and should be able to see tooltips with expected texts",""
"passed","Mon Jul 27 03:07:28 UTC 2026","Mon Jul 27 03:07:28 UTC 2026","125","tests.PlayWrightTests.UserFacingPortal","test_profile","TestProfile","","","Navigation: selecting 'View Profile Details' from the profile dropdown navigates to the Profile page and renders the 'Basic Information' section header",""
"passed","Mon Jul 27 03:04:25 UTC 2026","Mon Jul 27 03:04:26 UTC 2026","1344","tests.PlayWrightTests.UserFacingPortal","test_login_page","TestLoginPage","","","Logging in with an account that has not been activated shows inactive account error message",""
"passed","Mon Jul 27 03:04:19 UTC 2026","Mon Jul 27 03:04:19 UTC 2026","4","tests.PlayWrightTests.UserFacingPortal","test_login_page","TestLoginPage","","","Don't have an account prompt text is displayed below the sign in form",""
"passed","Mon Jul 27 02:37:42 UTC 2026","Mon Jul 27 02:37:49 UTC 2026","6756","tests.PlayWrightTests.UserFacingPortal","test_blood_pressure","TestBloodPressureSection","","","Verify empty state message ('No data recorded yet') and Add New button are visible after clearing all vital logs",""
"passed","Mon Jul 27 03:04:51 UTC 2026","Mon Jul 27 03:04:51 UTC 2026","8","tests.PlayWrightTests.UserFacingPortal","test_login_page","TestNeedHelpPageSpanish","","","Add file button is visible in Spanish on the Need Help page",""
"passed","Mon Jul 27 03:15:10 UTC 2026","Mon Jul 27 03:15:38 UTC 2026","28149","tests.PlayWrightTests.UserFacingPortal","test_talk_to_my_team","TestTalkToMyTeamMyPostsTab","","","Verify that uploading more than 5 documents shows a 'Maximum number of files Exceeded' error message in the My Posts tab",""
"skipped","Mon Jul 27 02:55:06 UTC 2026","Mon Jul 27 02:55:06 UTC 2026","0","tests.PlayWrightTests.UserFacingPortal","test_habits","TestHabitsFeature","","","Test 33: Edit flexible habit and save",""
"passed","Mon Jul 27 02:48:52 UTC 2026","Mon Jul 27 02:48:59 UTC 2026","7082","tests.PlayWrightTests.UserFacingPortal","test_exercise","TestExerciseSection","","","Exercise History: exercise history log is sorted in reverse chronological order (latest entries first)",""
"passed","Mon Jul 27 03:10:01 UTC 2026","Mon Jul 27 03:10:03 UTC 2026","1923","tests.PlayWrightTests.UserFacingPortal","test_profile","TestProfile","","","Change Password validation: submitting a New Password and a mismatching Confirm Password displays the inline error 'Passwords do not match' on Confirm Password",""
"passed","Mon Jul 27 03:13:40 UTC 2026","Mon Jul 27 03:13:44 UTC 2026","4108","tests.PlayWrightTests.UserFacingPortal","test_talk_to_my_team","TestTalkToMyTeamMyPostsTab","","","Verify that submitting a post with subject only (no description) shows a required field validation error in the My Posts tab",""
"passed","Mon Jul 27 02:38:05 UTC 2026","Mon Jul 27 02:38:05 UTC 2026","649","tests.PlayWrightTests.UserFacingPortal","test_blood_pressure","TestBloodPressureSection","","","Verify that logging a previous day reading is recorded successfully without overriding a more recent today's reading",""
"passed","Mon Jul 27 03:04:35 UTC 2026","Mon Jul 27 03:04:35 UTC 2026","24","tests.PlayWrightTests.UserFacingPortal","test_login_page","TestLoginPageSpanish","","","OR separator is visible between the two sign in options",""
"passed","Mon Jul 27 02:41:14 UTC 2026","Mon Jul 27 02:41:14 UTC 2026","255","tests.PlayWrightTests.UserFacingPortal","test_chef_curated","TestChefCurated","","","Chef Curated: Search for an invalid recipe and validate the result","p8: Search for an invalid recipe and validate the result"
"broken","Mon Jul 27 02:34:58 UTC 2026","Mon Jul 27 02:35:28 UTC 2026","30002","tests.PlayWrightTests.UserFacingPortal","test_ProgressInsights","TestUserProgressInsights","","","test_feedback_with_details[chromium]",""
"passed","Mon Jul 27 02:39:15 UTC 2026","Mon Jul 27 02:39:16 UTC 2026","561","tests.PlayWrightTests.UserFacingPortal","test_blood_sugar","TestBloodSugarSection","","","Verify that adding today's Fasting blood sugar entry shows correctly in the widget",""
"passed","Mon Jul 27 03:07:28 UTC 2026","Mon Jul 27 03:07:35 UTC 2026","6827","tests.PlayWrightTests.UserFacingPortal","test_profile","TestProfile","","","Profile picture upload: uploading a valid PNG image as the profile avatar succeeds and a confirmation toast is shown",""
"passed","Mon Jul 27 02:38:10 UTC 2026","Mon Jul 27 02:38:21 UTC 2026","11589","tests.PlayWrightTests.UserFacingPortal","test_blood_sugar","TestBloodSugarSection","","","Verify that the Set Target button is displayed in the empty state when no target is set",""
"passed","Mon Jul 27 02:54:35 UTC 2026","Mon Jul 27 02:54:37 UTC 2026","1341","tests.PlayWrightTests.UserFacingPortal","test_habits","TestHabitsFeature","","","Previous button retains Fixed frequency and weekday selection",""
"passed","Mon Jul 27 03:12:32 UTC 2026","Mon Jul 27 03:12:42 UTC 2026","9895","tests.PlayWrightTests.UserFacingPortal","test_talk_to_my_team","TestTalkToMyTeamDiscussTab","","","Verify that a user can block another user by providing a reason and that the blocked user indicator appears in the Discuss tab",""
"passed","Mon Jul 27 02:56:00 UTC 2026","Mon Jul 27 02:56:00 UTC 2026","16","tests.PlayWrightTests.UserFacingPortal","test_homepage","TestHomePage","","","Verify Weight Loss Progress card is visible with its label, Set Targets button, and weekly progress title all rendered on the dashboard",""
"passed","Mon Jul 27 02:29:04 UTC 2026","Mon Jul 27 02:29:04 UTC 2026","94","tests.PlayWrightTests.UserFacingPortal","test_India_users","TestUserPlaywright","","","test_verify_state_zipcode_profile[chromium]",""
"passed","Mon Jul 27 03:04:19 UTC 2026","Mon Jul 27 03:04:19 UTC 2026","3","tests.PlayWrightTests.UserFacingPortal","test_login_page","TestLoginPage","","","Browser tab title contains HabitNu",""
"passed","Mon Jul 27 02:31:05 UTC 2026","Mon Jul 27 02:31:10 UTC 2026","4967","tests.PlayWrightTests.UserFacingPortal","test_MyRecipes","TestMyRecipes","","","verify nutrition facts update after ingredients quantity change",""
"passed","Mon Jul 27 02:37:19 UTC 2026","Mon Jul 27 02:37:19 UTC 2026","174","tests.PlayWrightTests.UserFacingPortal","test_Set_Targets","Test_Set_Targets","","","Water Target plus/minus button functionality","Test plus/minus buttons increment/decrement correctly based on unit (oz or ml)."
"passed","Mon Jul 27 03:07:40 UTC 2026","Mon Jul 27 03:07:41 UTC 2026","1625","tests.PlayWrightTests.UserFacingPortal","test_profile","TestProfile","","","Basic Information edit: updating both First Name and Last Name to 'Ethelyn Kemmer' persists and the combined display name is rendered in the profile header",""
"passed","Mon Jul 27 02:54:33 UTC 2026","Mon Jul 27 02:54:34 UTC 2026","1171","tests.PlayWrightTests.UserFacingPortal","test_habits","TestHabitsFeature","","","Monday button unselects when clicked",""
"passed","Mon Jul 27 02:36:37 UTC 2026","Mon Jul 27 02:36:37 UTC 2026","130","tests.PlayWrightTests.UserFacingPortal","test_Set_Targets","Test_Set_Targets","","","Validate Grams section colors and text","Verify UI colors, text labels, and styling of Grams of each Macronutrient section"
"passed","Mon Jul 27 02:37:50 UTC 2026","Mon Jul 27 02:37:57 UTC 2026","6602","tests.PlayWrightTests.UserFacingPortal","test_blood_pressure","TestBloodPressureSection","","","Verify that a 'No data for last 30 days' notification is displayed on the widget for older historical logs",""
"passed","Mon Jul 27 02:51:17 UTC 2026","Mon Jul 27 02:51:17 UTC 2026","481","tests.PlayWrightTests.UserFacingPortal","test_guided_tour","TestGuidedTour","","","Guided Tour Step 1 UI: Social communication step should display exact message with Skip Tour and Next controls",""
"passed","Mon Jul 27 02:38:53 UTC 2026","Mon Jul 27 02:38:56 UTC 2026","3169","tests.PlayWrightTests.UserFacingPortal","test_blood_sugar","TestBloodSugarSection","","","Verify that adding a historical Before Meal blood sugar entry displays correctly in the current widget value",""
"passed","Mon Jul 27 03:04:42 UTC 2026","Mon Jul 27 03:04:42 UTC 2026","81","tests.PlayWrightTests.UserFacingPortal","test_login_page","TestNeedHelpPage","","","Submitting with subject only shows email required error",""
"passed","Mon Jul 27 02:39:18 UTC 2026","Mon Jul 27 02:39:20 UTC 2026","2692","tests.PlayWrightTests.UserFacingPortal","test_blood_sugar","TestBloodSugarSection","","","Verify that yesterday's Fasting blood sugar entry is saved successfully",""
"passed","Mon Jul 27 03:04:56 UTC 2026","Mon Jul 27 03:04:56 UTC 2026","85","tests.PlayWrightTests.UserFacingPortal","test_login_page","TestNeedHelpPageSpanish","","","Submitting with all fields shows success toaster in Spanish",""
"passed","Mon Jul 27 03:04:51 UTC 2026","Mon Jul 27 03:04:51 UTC 2026","9","tests.PlayWrightTests.UserFacingPortal","test_login_page","TestNeedHelpPageSpanish","","","Email label is visible in Spanish on the Need Help page",""
"passed","Mon Jul 27 03:08:37 UTC 2026","Mon Jul 27 03:08:39 UTC 2026","1481","tests.PlayWrightTests.UserFacingPortal","test_profile","TestProfile","","","Health Parameters edit: selecting My Diabetes Status = 'Diabetes' and saving persists the value and renders 'Diabetes' in the read-only view",""
"passed","Mon Jul 27 02:51:46 UTC 2026","Mon Jul 27 02:51:47 UTC 2026","347","tests.PlayWrightTests.UserFacingPortal","test_guided_tour_spanish","TestGuidedTourSpanish","","","Welcome modal displays onboarding image, language switch, and both action buttons before starting",""
"passed","Mon Jul 27 02:37:20 UTC 2026","Mon Jul 27 02:37:20 UTC 2026","94","tests.PlayWrightTests.UserFacingPortal","test_Set_Targets","Test_Set_Targets","","","Water Target Boundary Value Analysis (BVA)","Test boundary values for water target: oz (0, 1, 2, 499, 500, 501) and ml (0, 1, 50, 14737, 14787, 14788)."
"passed","Mon Jul 27 02:37:38 UTC 2026","Mon Jul 27 02:37:39 UTC 2026","164","tests.PlayWrightTests.UserFacingPortal","test_blood_pressure","TestBloodPressureSection","","","Verify validation error blocks saving diastolic target values exceeding 200",""
"passed","Mon Jul 27 03:00:22 UTC 2026","Mon Jul 27 03:00:58 UTC 2026","36240","tests.PlayWrightTests.UserFacingPortal","test_homepage","TestHomePage","","","Verify Meals full completion green state with dynamic target.",""
"passed","Mon Jul 27 02:25:43 UTC 2026","Mon Jul 27 02:25:46 UTC 2026","2927","tests.PlayWrightTests.UserFacingPortal","test_AI_Chatbot","TestAIChatbot","","","AI Chatbot log confirmation: after logging an exercise entry via the chatbot, the log is still present in the Health page",""
"passed","Mon Jul 27 03:04:42 UTC 2026","Mon Jul 27 03:04:42 UTC 2026","11","tests.PlayWrightTests.UserFacingPortal","test_login_page","TestNeedHelpPage","","","Subject label is visible on the Need Help page",""
"passed","Mon Jul 27 02:28:39 UTC 2026","Mon Jul 27 02:28:44 UTC 2026","5336","tests.PlayWrightTests.UserFacingPortal","test_India_users","TestUserPlaywright","","","test_subscription_banner_message[chromium]",""
"passed","Mon Jul 27 02:35:48 UTC 2026","Mon Jul 27 02:35:56 UTC 2026","7754","tests.PlayWrightTests.UserFacingPortal","test_Search_the_web","TestSearchTheWeb","","","Search the Web: search recipe and add/remove favorite via action menu","p5: Search for a recipe and add/remove favorite via action menu"
"passed","Mon Jul 27 03:20:50 UTC 2026","Mon Jul 27 03:20:51 UTC 2026","1179","tests.PlayWrightTests.UserFacingPortal","test_tobacco","TestTobaccoSection","","","Verify that a user is able to successfully edit an existing tobacco target value to a new valid value (7)",""
"passed","Mon Jul 27 03:04:42 UTC 2026","Mon Jul 27 03:04:42 UTC 2026","9","tests.PlayWrightTests.UserFacingPortal","test_login_page","TestNeedHelpPage","","","Privacy Policy link is visible on the Need Help page",""
"passed","Mon Jul 27 02:36:17 UTC 2026","Mon Jul 27 02:36:19 UTC 2026","1913","tests.PlayWrightTests.UserFacingPortal","test_Search_the_web","TestSearchTheWeb","","","Search the Web: Validate instructions text visibility on full recipe page","p11: Validate instructions text visibility on full recipe page"
"passed","Mon Jul 27 03:15:59 UTC 2026","Mon Jul 27 03:16:00 UTC 2026","151","tests.PlayWrightTests.UserFacingPortal","test_talk_to_my_team","TestTalkToMyTeamMyPostsTab","","","Verify that submitting an empty comment on a post shows a required field validation error in the My Posts tab",""
"passed","Mon Jul 27 02:41:14 UTC 2026","Mon Jul 27 02:41:14 UTC 2026","393","tests.PlayWrightTests.UserFacingPortal","test_chef_curated","TestChefCurated","","","Chef Curated: Search for a recipe and validate the result","p7: Search for a recipe and validate the result"
"passed","Mon Jul 27 02:37:20 UTC 2026","Mon Jul 27 02:37:20 UTC 2026","18","tests.PlayWrightTests.UserFacingPortal","test_Set_Targets","Test_Set_Targets","","","Verify Daily Fiber Target section with SVG icon and text","Test that Daily Fiber Target section displays wheat icon and helper text correctly"
"passed","Mon Jul 27 02:36:32 UTC 2026","Mon Jul 27 02:36:32 UTC 2026","88","tests.PlayWrightTests.UserFacingPortal","test_Set_Targets","Test_Set_Targets","","","Verify all header elements are visible","Test that logo, home nav, and food nav are visible in the header"
"passed","Mon Jul 27 02:57:05 UTC 2026","Mon Jul 27 02:57:06 UTC 2026","1018","tests.PlayWrightTests.UserFacingPortal","test_homepage","TestHomePage","","","Verify the Weight and Exercise history panels each show either delete action buttons for existing entries or the No data recorded yet empty state message",""
"skipped","Mon Jul 27 02:55:06 UTC 2026","Mon Jul 27 02:55:06 UTC 2026","0","tests.PlayWrightTests.UserFacingPortal","test_habits","TestHabitsFeature","","","test_notifications_sms_only[chromium]",""
"passed","Mon Jul 27 02:53:19 UTC 2026","Mon Jul 27 02:53:19 UTC 2026","49","tests.PlayWrightTests.UserFacingPortal","test_habirecipe_book","TestRecipeBook","","","View generated Habi recipe",""
"passed","Mon Jul 27 02:56:30 UTC 2026","Mon Jul 27 02:56:31 UTC 2026","645","tests.PlayWrightTests.UserFacingPortal","test_homepage","TestHomePage","","","Verify adding an exercise entry from Health works, then return to dashboard",""
"passed","Mon Jul 27 02:37:19 UTC 2026","Mon Jul 27 02:37:19 UTC 2026","20","tests.PlayWrightTests.UserFacingPortal","test_Set_Targets","Test_Set_Targets","","","Verify Daily Water Target section with SVG icon and text","Test that the Daily Water Target section displays glass-water SVG icon and text correctly"
"passed","Mon Jul 27 03:04:51 UTC 2026","Mon Jul 27 03:04:51 UTC 2026","4","tests.PlayWrightTests.UserFacingPortal","test_login_page","TestNeedHelpPageSpanish","","","Message input placeholder text is correct in Spanish",""
"broken","Mon Jul 27 03:10:38 UTC 2026","Mon Jul 27 03:10:43 UTC 2026","5434","tests.PlayWrightTests.UserFacingPortal","test_talk_to_my_team","TestTalkToMyTeamDiscussTab","","","Verify that a user can edit the subject and description of an existing post in the Discuss tab",""
"passed","Mon Jul 27 03:10:03 UTC 2026","Mon Jul 27 03:10:04 UTC 2026","119","tests.PlayWrightTests.UserFacingPortal","test_profile","TestProfile","","","Language Preferences: selecting 'Language Preferences' from the profile dropdown opens the section and the 'Language Preferences' button label is rendered",""
"passed","Mon Jul 27 03:07:35 UTC 2026","Mon Jul 27 03:07:38 UTC 2026","2807","tests.PlayWrightTests.UserFacingPortal","test_profile","TestProfile","","","Profile picture replace: uploading a different valid image (JPG) replaces the existing avatar and the success toast is displayed",""
"passed","Mon Jul 27 02:52:46 UTC 2026","Mon Jul 27 02:52:46 UTC 2026","148","tests.PlayWrightTests.UserFacingPortal","test_habirecipe_book","TestRecipeBook","","","Verify habi recipe can be generated with preference==Dietary restrictions",""
"passed","Mon Jul 27 02:39:26 UTC 2026","Mon Jul 27 02:39:27 UTC 2026","564","tests.PlayWrightTests.UserFacingPortal","test_blood_sugar","TestBloodSugarSection","","","Verify that a validation error is displayed when trying to save a blank Before Meal blood sugar entry",""
"passed","Mon Jul 27 03:08:34 UTC 2026","Mon Jul 27 03:08:36 UTC 2026","1502","tests.PlayWrightTests.UserFacingPortal","test_profile","TestProfile","","","Health Parameters edit: entering a valid numeric Hips value (34 inches) and saving persists the value and renders '34' in the read-only view",""
"passed","Mon Jul 27 02:51:06 UTC 2026","Mon Jul 27 02:51:10 UTC 2026","3665","tests.PlayWrightTests.UserFacingPortal","test_guided_tour","TestGuidedTour","","","Guided Tour Navigation Controls: Back and Next should preserve correct step content and still allow successful completion",""
"passed","Mon Jul 27 02:52:18 UTC 2026","Mon Jul 27 02:52:18 UTC 2026","5","tests.PlayWrightTests.UserFacingPortal","test_habirecipe_book","TestRecipeBook","","","Verify Generate New Recipe button is displayed",""
"passed","Mon Jul 27 03:04:51 UTC 2026","Mon Jul 27 03:04:51 UTC 2026","8","tests.PlayWrightTests.UserFacingPortal","test_login_page","TestNeedHelpPageSpanish","","","Account settings text is correct in Spanish on the Need Help page",""
"skipped","Mon Jul 27 02:54:55 UTC 2026","Mon Jul 27 02:54:55 UTC 2026","1","tests.PlayWrightTests.UserFacingPortal","test_habits","TestHabitsFeature","","","Test 24: Click again marks habit as not done (red)",""
"broken","Mon Jul 27 02:43:03 UTC 2026","Mon Jul 27 02:43:33 UTC 2026","30005","tests.PlayWrightTests.UserFacingPortal","test_discussionReactions","TestUserDiscussionReactions","","","Given there are discussion posts, when I try to hover over Like button, then I should see all the available list of emojis",""
"passed","Mon Jul 27 03:10:07 UTC 2026","Mon Jul 27 03:10:10 UTC 2026","3080","tests.PlayWrightTests.UserFacingPortal","test_profile","TestProfile","","","Language Preferences: switching the application language back to English from Spanish restores the original UI translations and 'Contact Us' is rendered in English again",""
"passed","Mon Jul 27 03:16:06 UTC 2026","Mon Jul 27 03:16:12 UTC 2026","5708","tests.PlayWrightTests.UserFacingPortal","test_talk_to_my_team","TestTalkToMyTeamMyPostsTab","","","Verify that clicking 'See all comments' expands and displays all comments for a post in the My Posts tab",""
"passed","Mon Jul 27 02:55:56 UTC 2026","Mon Jul 27 02:56:00 UTC 2026","3804","tests.PlayWrightTests.UserFacingPortal","test_homepage","TestHomePage","","","Verify the personalised welcome message/title element is visible on the dashboard page and correct for the user",""
"broken","Mon Jul 27 02:34:28 UTC 2026","Mon Jul 27 02:34:58 UTC 2026","30002","tests.PlayWrightTests.UserFacingPortal","test_ProgressInsights","TestUserProgressInsights","","","test_validate_shareNegativeFeedback[chromium]",""
"passed","Mon Jul 27 02:23:51 UTC 2026","Mon Jul 27 02:23:52 UTC 2026","122","tests.PlayWrightTests.UserFacingPortal","test_AI_Chatbot","TestAIChatbot","","","Navigation: selecting 'View Profile Details' from the profile dropdown navigates to the Profile page and renders the 'Basic Information' section header",""
"passed","Mon Jul 27 03:21:33 UTC 2026","Mon Jul 27 03:21:43 UTC 2026","10472","tests.PlayWrightTests.UserFacingPortal","test_weights","TestUserPlaywright","","","Given I am logged into the user portal, when I am on health page, then I should see the Add New button against all health parameters and able to click on Add New button",""
"passed","Mon Jul 27 03:04:20 UTC 2026","Mon Jul 27 03:04:21 UTC 2026","73","tests.PlayWrightTests.UserFacingPortal","test_login_page","TestLoginPage","","","Submitting the form with an invalid email format shows email and password validation errors",""
"passed","Mon Jul 27 02:40:06 UTC 2026","Mon Jul 27 02:40:12 UTC 2026","5886","tests.PlayWrightTests.UserFacingPortal","test_body_composition","TestBodyComposition","","","test_body_composition_menu_icon_exists[chromium]","Assert the three horizontal lines (menu icon) is visible in the Body Composition section."
"broken","Mon Jul 27 03:17:15 UTC 2026","Mon Jul 27 03:17:46 UTC 2026","31254","tests.PlayWrightTests.UserFacingPortal","test_talk_to_my_team","TestTalkToMyTeamMyPostsTab","","","Verify that a user can edit both subject and description of an existing post and both updates are reflected in the My Posts tab",""
"passed","Mon Jul 27 02:53:20 UTC 2026","Mon Jul 27 02:53:20 UTC 2026","4","tests.PlayWrightTests.UserFacingPortal","test_habirecipe_book","TestRecipeBook","","","View calories displayed in view page == calories displayed in list page",""
"passed","Mon Jul 27 02:55:30 UTC 2026","Mon Jul 27 02:55:31 UTC 2026","583","tests.PlayWrightTests.UserFacingPortal","test_hba1c","TestHbA1cSection","","","Verify vital validation error when entering HbA1c value less than 4",""
"passed","Mon Jul 27 02:48:44 UTC 2026","Mon Jul 27 02:48:52 UTC 2026","7963","tests.PlayWrightTests.UserFacingPortal","test_exercise","TestExerciseSection","","","Exercise Logging: multiple exercise entries can be successfully added on the same day",""
"passed","Mon Jul 27 03:04:21 UTC 2026","Mon Jul 27 03:04:21 UTC 2026","70","tests.PlayWrightTests.UserFacingPortal","test_login_page","TestLoginPage","","","Entering an invalid email format with a valid password shows invalid email error",""
"passed","Mon Jul 27 02:21:01 UTC 2026","Mon Jul 27 02:21:23 UTC 2026","22303","tests.PlayWrightTests.UserFacingPortal.Chatbot","test_chatbot_forLoggingWater","TestChatbotLogWater","","","Verify user can use habi chatbot to log Water in oz, given prompt==I drank 39oz today, and says 'NO' to confirmation message",""
"passed","Mon Jul 27 02:39:12 UTC 2026","Mon Jul 27 02:39:15 UTC 2026","3143","tests.PlayWrightTests.UserFacingPortal","test_blood_sugar","TestBloodSugarSection","","","Verify that adding another historical After Meal blood sugar entry correctly updates the current widget value",""
"passed","Mon Jul 27 03:07:41 UTC 2026","Mon Jul 27 03:07:45 UTC 2026","3732","tests.PlayWrightTests.UserFacingPortal","test_profile","TestProfile","","","Basic Information validation: submitting a blank (whitespace-only) Last Name is silently accepted and the profile reverts to the first-name-only display",""
"passed","Mon Jul 27 03:19:18 UTC 2026","Mon Jul 27 03:19:22 UTC 2026","3467","tests.PlayWrightTests.UserFacingPortal","test_talktomycoach","TestDashboardChat","","","TC08 – Verify that typing a message in the input box and pressing Enter sends the message and clears the input field",""
"passed","Mon Jul 27 02:55:45 UTC 2026","Mon Jul 27 02:55:47 UTC 2026","1655","tests.PlayWrightTests.UserFacingPortal","test_hba1c","TestHbA1cSection","","","Verify successfully editing target to a new valid value",""
"passed","Mon Jul 27 02:29:34 UTC 2026","Mon Jul 27 02:29:35 UTC 2026","54","tests.PlayWrightTests.UserFacingPortal","test_MyRecipes","TestMyRecipes","","","And user is able to save created recipes",""
"passed","Mon Jul 27 02:35:56 UTC 2026","Mon Jul 27 02:35:59 UTC 2026","2872","tests.PlayWrightTests.UserFacingPortal","test_Search_the_web","TestSearchTheWeb","","","Search the Web: search recipe and add/remove favorite via favorite icon","p6: Search for a recipe and add/remove favorite via favorite icon"
"passed","Mon Jul 27 02:54:41 UTC 2026","Mon Jul 27 02:54:43 UTC 2026","1849","tests.PlayWrightTests.UserFacingPortal","test_habits","TestHabitsFeature","","","Create Fixed habit with Monday and Noon/Night",""
"passed","Mon Jul 27 03:11:50 UTC 2026","Mon Jul 27 03:12:05 UTC 2026","14539","tests.PlayWrightTests.UserFacingPortal","test_talk_to_my_team","TestTalkToMyTeamDiscussTab","","","Verify that a user can report and block a post as offensive and that the blocked content indicator is displayed in the Discuss tab",""
"passed","Mon Jul 27 03:08:27 UTC 2026","Mon Jul 27 03:08:28 UTC 2026","1313","tests.PlayWrightTests.UserFacingPortal","test_profile","TestProfile","","","Health Parameters edit: leaving the Waist (inches) field blank and saving defaults the stored value to '0inches' in the read-only view",""
"skipped","Mon Jul 27 02:55:06 UTC 2026","Mon Jul 27 02:55:06 UTC 2026","1","tests.PlayWrightTests.UserFacingPortal","test_habits","TestHabitsFeature","","","Test 35: Create flexible habit with 7x per week",""
"passed","Mon Jul 27 02:36:40 UTC 2026","Mon Jul 27 02:37:12 UTC 2026","31156","tests.PlayWrightTests.UserFacingPortal","test_Set_Targets","Test_Set_Targets","","","Navigate backward and verify all sections are disabled","Test clicking backward button and verifying all input sections (calorie + macros) are disabled"
"passed","Mon Jul 27 02:54:53 UTC 2026","Mon Jul 27 02:54:54 UTC 2026","655","tests.PlayWrightTests.UserFacingPortal","test_habits","TestHabitsFeature","","","Test 18: Cancel edit - changes not saved",""
"passed","Mon Jul 27 02:28:44 UTC 2026","Mon Jul 27 02:28:48 UTC 2026","3834","tests.PlayWrightTests.UserFacingPortal","test_India_users","TestUserPlaywright","","","test_indianuser_Access_paused_banner[chromium]",""
"passed","Mon Jul 27 02:41:05 UTC 2026","Mon Jul 27 02:41:13 UTC 2026","7584","tests.PlayWrightTests.UserFacingPortal","test_chef_curated","TestChefCurated","","","Chef Curated: Add and remove favorite in Chef Curated page and validate the favorite icon state changes accordingly",""
"passed","Mon Jul 27 02:32:09 UTC 2026","Mon Jul 27 02:32:19 UTC 2026","9293","tests.PlayWrightTests.UserFacingPortal","test_ProgressInsights","TestUserProgressInsights","","","Given I logged into web app as a user, when I do not have any data added for the said week, then I should see an empty insights page",""
"broken","Mon Jul 27 03:10:43 UTC 2026","Mon Jul 27 03:11:09 UTC 2026","25719","tests.PlayWrightTests.UserFacingPortal","test_talk_to_my_team","TestTalkToMyTeamDiscussTab","","","Verify that a user can edit a post and remove all previously uploaded files in the Discuss tab",""
"passed","Mon Jul 27 02:37:40 UTC 2026","Mon Jul 27 02:37:40 UTC 2026","140","tests.PlayWrightTests.UserFacingPortal","test_blood_pressure","TestBloodPressureSection","","","Verify target edit error when entering negative systolic value",""
"passed","Mon Jul 27 03:04:51 UTC 2026","Mon Jul 27 03:04:51 UTC 2026","8","tests.PlayWrightTests.UserFacingPortal","test_login_page","TestNeedHelpPageSpanish","","","Terms of Use link is visible in Spanish on the Need Help page",""
"passed","Mon Jul 27 03:07:38 UTC 2026","Mon Jul 27 03:07:38 UTC 2026","93","tests.PlayWrightTests.UserFacingPortal","test_profile","TestProfile","","","Basic Information validation: submitting a blank (whitespace-only) First Name displays the inline error 'First name cannot be blank'",""
"skipped","Mon Jul 27 02:55:01 UTC 2026","Mon Jul 27 02:55:01 UTC 2026","1","tests.PlayWrightTests.UserFacingPortal","test_habits","TestHabitsFeature","","","Test 29: Activate archived habit back to active",""
"failed","Mon Jul 27 02:44:08 UTC 2026","Mon Jul 27 02:44:12 UTC 2026","4785","tests.PlayWrightTests.UserFacingPortal","test_discussionReactions","TestUserDiscussionReactions","","","Given there are discussion posts with reactions done by user and coach, when user logged into web portal and visits the post, then user should be able to see all reactions including coach's reactions and 'You reacted' text changing to 'You and 1 other' with respective emojis",""
"passed","Mon Jul 27 03:19:44 UTC 2026","Mon Jul 27 03:20:06 UTC 2026","21978","tests.PlayWrightTests.UserFacingPortal","test_talktomycoach","TestDashboardChat","","","TC20 – Verify that the chat modal maintains smooth scrolling performance when a large number of messages are present in the conversation",""
"passed","Mon Jul 27 03:21:12 UTC 2026","Mon Jul 27 03:21:14 UTC 2026","1422","tests.PlayWrightTests.UserFacingPortal","test_tobacco","TestTobaccoSection","","","Verify that adding today's tobacco entry registers correctly in the history list view",""
"passed","Mon Jul 27 02:55:27 UTC 2026","Mon Jul 27 02:55:28 UTC 2026","1478","tests.PlayWrightTests.UserFacingPortal","test_hba1c","TestHbA1cSection","","","Verify adding today's HbA1c entry registers successfully in the history log",""
"passed","Mon Jul 27 03:13:01 UTC 2026","Mon Jul 27 03:13:10 UTC 2026","8950","tests.PlayWrightTests.UserFacingPortal","test_talk_to_my_team","TestTalkToMyTeamDiscussTab","","","Verify that clicking 'No' on the block user reason dialog cancels the action and the post count remains unchanged in the Discuss tab",""
"passed","Mon Jul 27 02:39:09 UTC 2026","Mon Jul 27 02:39:12 UTC 2026","3171","tests.PlayWrightTests.UserFacingPortal","test_blood_sugar","TestBloodSugarSection","","","Verify that adding another historical Before Meal blood sugar entry correctly updates the current widget value",""
"passed","Mon Jul 27 03:04:39 UTC 2026","Mon Jul 27 03:04:40 UTC 2026","1351","tests.PlayWrightTests.UserFacingPortal","test_login_page","TestLoginPageSpanish","","","Logging in with an inactive account shows the inactive account error in Spanish",""
"passed","Mon Jul 27 02:39:50 UTC 2026","Mon Jul 27 02:39:50 UTC 2026","108","tests.PlayWrightTests.UserFacingPortal","test_blood_sugar_notes","TestBloodSugarNotes","","","test_health_tab_and_blood_sugar_heading[chromium]","Navigate to Health tab and verify Blood Sugar section is visible."
"passed","Mon Jul 27 03:19:18 UTC 2026","Mon Jul 27 03:19:18 UTC 2026","147","tests.PlayWrightTests.UserFacingPortal","test_talktomycoach","TestDashboardChat","","","TC07 – Verify the X close button is visible and in an enabled clickable state inside the coach modal",""
"passed","Mon Jul 27 02:28:56 UTC 2026","Mon Jul 27 02:28:56 UTC 2026","49","tests.PlayWrightTests.UserFacingPortal","test_India_users","TestUserPlaywright","","","test_timezone_validation[chromium]",""
"passed","Mon Jul 27 03:20:29 UTC 2026","Mon Jul 27 03:20:30 UTC 2026","1513","tests.PlayWrightTests.UserFacingPortal","test_talktomycoach","TestDashboardChat","","","TC24 – Verify that each chat message displays a timestamp",""
"passed","Mon Jul 27 02:45:55 UTC 2026","Mon Jul 27 02:46:09 UTC 2026","13863","tests.PlayWrightTests.UserFacingPortal","test_exercise","TestExerciseSection","","","Exercise History: verifying that a user can successfully edit an existing exercise log inline in the history table list",""
"passed","Mon Jul 27 02:37:16 UTC 2026","Mon Jul 27 02:37:19 UTC 2026","2996","tests.PlayWrightTests.UserFacingPortal","test_Set_Targets","Test_Set_Targets","","","Macronutrient distribution validation errors","Validate error messages and save blocking for out-of-range and sum≠100% macronutrient scenarios."
"passed","Mon Jul 27 02:31:00 UTC 2026","Mon Jul 27 02:31:05 UTC 2026","5030","tests.PlayWrightTests.UserFacingPortal","test_MyRecipes","TestMyRecipes","","","verify large instructions set and can scroll within textarea",""
"passed","Mon Jul 27 03:21:14 UTC 2026","Mon Jul 27 03:21:16 UTC 2026","1828","tests.PlayWrightTests.UserFacingPortal","test_tobacco","TestTobaccoSection","","","Verify that the graph view correctly displays and filters data for the Last Week range",""
"passed","Mon Jul 27 02:51:18 UTC 2026","Mon Jul 27 02:51:19 UTC 2026","1163","tests.PlayWrightTests.UserFacingPortal","test_guided_tour","TestGuidedTour","","","Guided Tour Step 3 UI: Meal logging step should render exact instructional text with navigation controls",""
"passed","Mon Jul 27 02:54:46 UTC 2026","Mon Jul 27 02:54:47 UTC 2026","1161","tests.PlayWrightTests.UserFacingPortal","test_habits","TestHabitsFeature","","","Test 15: Flexible days with 2x per week - no timings pre-selected",""
"passed","Mon Jul 27 03:12:32 UTC 2026","Mon Jul 27 03:12:32 UTC 2026","493","tests.PlayWrightTests.UserFacingPortal","test_talk_to_my_team","TestTalkToMyTeamDiscussTab","","","Verify that cancelling the block content action leaves the post unblocked and the post count unchanged in the Discuss tab",""
"passed","Mon Jul 27 02:55:43 UTC 2026","Mon Jul 27 02:55:43 UTC 2026","70","tests.PlayWrightTests.UserFacingPortal","test_hba1c","TestHbA1cSection","","","Verify Set Target button is visible when no target is configured",""
"passed","Mon Jul 27 02:48:13 UTC 2026","Mon Jul 27 02:48:20 UTC 2026","7079","tests.PlayWrightTests.UserFacingPortal","test_exercise","TestExerciseSection","","","Exercise Logging: logging an exercise entry with the minimum valid value (1 minute) is saved successfully",""
"passed","Mon Jul 27 03:19:23 UTC 2026","Mon Jul 27 03:19:24 UTC 2026","1013","tests.PlayWrightTests.UserFacingPortal","test_talktomycoach","TestDashboardChat","","","TC12 – Verify that a message containing emojis can be typed, sent successfully, and appears in the chat conversation",""
"passed","Mon Jul 27 02:48:20 UTC 2026","Mon Jul 27 02:48:28 UTC 2026","8232","tests.PlayWrightTests.UserFacingPortal","test_exercise","TestExerciseSection","","","Exercise Logging: entering a decimal minutes value less than 1 (0.5) is rejected with a validation error",""
"passed","Mon Jul 27 02:40:59 UTC 2026","Mon Jul 27 02:41:05 UTC 2026","6011","tests.PlayWrightTests.UserFacingPortal","test_chef_curated","TestChefCurated","","","Chef Curated: Log Recipe via action menu and validate recipe name and calories are displayed in the log list","p3: Log recipe via action menu and validate recipe name and calories in log list"
"passed","Mon Jul 27 03:08:23 UTC 2026","Mon Jul 27 03:08:24 UTC 2026","1435","tests.PlayWrightTests.UserFacingPortal","test_profile","TestProfile","","","Contact Details structural validation: the edit form exposes exactly the expected fields (phone, addressLine1, addressLine2, city, state, zipCode, addressConfirmedCheckbox) with an 'I confirm' label and an enabled Save button — no unexpected inputs are present",""
"passed","Mon Jul 27 02:56:00 UTC 2026","Mon Jul 27 02:56:00 UTC 2026","13","tests.PlayWrightTests.UserFacingPortal","test_homepage","TestHomePage","","","Verify all four Explore section shortcut buttons are visible on the dashboard: Discussion, Recipe Book, Fitness Videos, and Medication",""
"passed","Mon Jul 27 02:51:19 UTC 2026","Mon Jul 27 02:51:20 UTC 2026","1179","tests.PlayWrightTests.UserFacingPortal","test_guided_tour","TestGuidedTour","","","Guided Tour Step 4 UI: Weight tracking step should display exact copy and provide Back, Next, and Skip Tour options",""
"passed","Mon Jul 27 03:08:34 UTC 2026","Mon Jul 27 03:08:34 UTC 2026","200","tests.PlayWrightTests.UserFacingPortal","test_profile","TestProfile","","","Health Parameters validation: entering alphabetic characters in the Hips field displays the inline error 'Hips is not a number'",""
"passed","Mon Jul 27 02:56:57 UTC 2026","Mon Jul 27 02:56:58 UTC 2026","150","tests.PlayWrightTests.UserFacingPortal","test_homepage","TestHomePage","","","Verify the Medication page opens with the Log tab active by default (has active CSS class) and the Today's Log heading is displayed",""
"passed","Mon Jul 27 02:51:20 UTC 2026","Mon Jul 27 02:51:21 UTC 2026","1273","tests.PlayWrightTests.UserFacingPortal","test_guided_tour","TestGuidedTour","","","Guided Tour Step 5 UI: Exercise tracking step should present exact message and all expected navigation actions",""
"passed","Mon Jul 27 03:19:18 UTC 2026","Mon Jul 27 03:19:18 UTC 2026","146","tests.PlayWrightTests.UserFacingPortal","test_talktomycoach","TestDashboardChat","","","TC04 – Verify the coach chat modal header displays the correct title: Talk To Your Coach",""
"passed","Mon Jul 27 02:31:33 UTC 2026","Mon Jul 27 02:31:35 UTC 2026","1777","tests.PlayWrightTests.UserFacingPortal","test_MyRecipes","TestMyRecipes","","","verify recipe can be created with custom ingredients",""
"passed","Mon Jul 27 03:04:51 UTC 2026","Mon Jul 27 03:04:51 UTC 2026","75","tests.PlayWrightTests.UserFacingPortal","test_login_page","TestNeedHelpPageSpanish","","","Submitting with email only shows subject and message required errors in Spanish",""
"passed","Mon Jul 27 02:52:31 UTC 2026","Mon Jul 27 02:52:32 UTC 2026","156","tests.PlayWrightTests.UserFacingPortal","test_habirecipe_book","TestRecipeBook","","","As a user When I click on the LOCAL_FOOD_PREFERENCES_BUTTON  preference, it should take to LOCAL_FOOD_PREFERENCES_BUTTON preference page",""
"passed","Mon Jul 27 02:52:46 UTC 2026","Mon Jul 27 02:52:47 UTC 2026","828","tests.PlayWrightTests.UserFacingPortal","test_habirecipe_book","TestRecipeBook","","","Verify 'Back to button' and animation images are displayed when recipe gen starts",""
"passed","Mon Jul 27 02:47:17 UTC 2026","Mon Jul 27 02:47:25 UTC 2026","8681","tests.PlayWrightTests.UserFacingPortal","test_exercise","TestExerciseSection","","","Exercise Target: verifying a user can successfully configure a valid target value (500 min) and it is displayed on the widget",""
"passed","Mon Jul 27 02:46:09 UTC 2026","Mon Jul 27 02:46:17 UTC 2026","7433","tests.PlayWrightTests.UserFacingPortal","test_exercise","TestExerciseSection","","","Other Activity validation: entering a decimal Minutes value (0.1) displays the error message 'Minutes must be greater than or equal to 1'",""
"passed","Mon Jul 27 02:52:46 UTC 2026","Mon Jul 27 02:52:46 UTC 2026","52","tests.PlayWrightTests.UserFacingPortal","test_habirecipe_book","TestRecipeBook","","","As a user When I fill the search input with a valid ingredient, Verify ingredient is added",""
"passed","Mon Jul 27 02:51:49 UTC 2026","Mon Jul 27 02:51:50 UTC 2026","1182","tests.PlayWrightTests.UserFacingPortal","test_guided_tour_spanish","TestGuidedTourSpanish","","","Step 4 shows the weight-tracking guidance text with correct back, next, and skip controls",""
"passed","Mon Jul 27 02:35:59 UTC 2026","Mon Jul 27 02:36:06 UTC 2026","6677","tests.PlayWrightTests.UserFacingPortal","test_Search_the_web","TestSearchTheWeb","","","Search the Web: calories increment while increasing serving size and decrement while decreasing serving size","p7: Search for a recipe and validate calories adjustment with serving size"
"passed","Mon Jul 27 02:44:26 UTC 2026","Mon Jul 27 02:44:34 UTC 2026","8362","tests.PlayWrightTests.UserFacingPortal","test_exercise","TestExerciseSection","","","Exercise Logging: logging a historical exercise entry (50 steps) for the past year successfully saves the log and keeps today's total at 0 mins",""
"passed","Mon Jul 27 03:07:45 UTC 2026","Mon Jul 27 03:07:47 UTC 2026","1437","tests.PlayWrightTests.UserFacingPortal","test_profile","TestProfile","","","Basic Information edit: selecting Sex as 'Male' and saving persists the value and renders 'Male' in the read-only Basic Information view",""
"passed","Mon Jul 27 02:54:54 UTC 2026","Mon Jul 27 02:54:54 UTC 2026","350","tests.PlayWrightTests.UserFacingPortal","test_habits","TestHabitsFeature","","","Test 19: Calendar tab opens on habit detail page",""
"passed","Mon Jul 27 02:29:04 UTC 2026","Mon Jul 27 02:29:14 UTC 2026","9549","tests.PlayWrightTests.UserFacingPortal","test_MyRecipes","TestMyRecipes","","","Given user click on Recipe",""
"passed","Mon Jul 27 02:30:08 UTC 2026","Mon Jul 27 02:30:17 UTC 2026","8588","tests.PlayWrightTests.UserFacingPortal","test_MyRecipes","TestMyRecipes","","","And user is able to search the recipe",""
"passed","Mon Jul 27 02:36:21 UTC 2026","Mon Jul 27 02:36:21 UTC 2026","255","tests.PlayWrightTests.UserFacingPortal","test_Search_the_web","TestSearchTheWeb","","","Search the Web: Search invalid food item and validate no recipes found state with appropriate image and text","p13: Search for an invalid food item and validate no recipes found state"
"passed","Mon Jul 27 02:55:43 UTC 2026","Mon Jul 27 02:55:43 UTC 2026","195","tests.PlayWrightTests.UserFacingPortal","test_hba1c","TestHbA1cSection","","","Verify validation error blocks saving negative target values",""
"skipped","Mon Jul 27 02:54:55 UTC 2026","Mon Jul 27 02:54:55 UTC 2026","0","tests.PlayWrightTests.UserFacingPortal","test_habits","TestHabitsFeature","","","Test 23: Single click on green circle marks habit as done",""
"passed","Mon Jul 27 03:04:51 UTC 2026","Mon Jul 27 03:04:51 UTC 2026","8","tests.PlayWrightTests.UserFacingPortal","test_login_page","TestNeedHelpPageSpanish","","","Category dropdown is visible in Spanish on the Need Help page",""
"passed","Mon Jul 27 03:10:12 UTC 2026","Mon Jul 27 03:10:12 UTC 2026","112","tests.PlayWrightTests.UserFacingPortal","test_profile","TestProfile","","","Notification Preferences toggles: toggling the 'Habit Tracker' Push and SMS notification switches flips the displayed state from On→Off (or Off→On) and reverts cleanly when toggled again",""
"passed","Mon Jul 27 02:28:48 UTC 2026","Mon Jul 27 02:28:56 UTC 2026","7341","tests.PlayWrightTests.UserFacingPortal","test_India_users","TestUserPlaywright","","","test_Invalid_zipcode_validationl[chromium]",""
"passed","Mon Jul 27 03:04:42 UTC 2026","Mon Jul 27 03:04:42 UTC 2026","19","tests.PlayWrightTests.UserFacingPortal","test_login_page","TestNeedHelpPage","","","Subject input field is visible on the Need Help page",""
"failed","Mon Jul 27 02:56:33 UTC 2026","Mon Jul 27 02:56:38 UTC 2026","5002","tests.PlayWrightTests.UserFacingPortal","test_homepage","TestHomePage","","","Verify the Weight card progress bar is visible and clicking the Weight card opens the weight modal or panel, which is then closed",""
"passed","Mon Jul 27 03:07:07 UTC 2026","Mon Jul 27 03:07:22 UTC 2026","15112","tests.PlayWrightTests.UserFacingPortal","test_paywall_india","TestPaywallIndia","","","test_paywall_changing_program[chromium]",""
"passed","Mon Jul 27 02:52:30 UTC 2026","Mon Jul 27 02:52:30 UTC 2026","198","tests.PlayWrightTests.UserFacingPortal","test_habirecipe_book","TestRecipeBook","","","As a user When I click on the DIET TYPE BUTTON preference, it should take to DIET TYPE preference page",""
"passed","Mon Jul 27 02:51:16 UTC 2026","Mon Jul 27 02:51:17 UTC 2026","346","tests.PlayWrightTests.UserFacingPortal","test_guided_tour","TestGuidedTour","","","Guided Tour Welcome UI: Initial modal should show Habi welcome, Maybe Later and Take a Tour buttons, and language switch",""
"passed","Mon Jul 27 02:36:36 UTC 2026","Mon Jul 27 02:36:37 UTC 2026","997","tests.PlayWrightTests.UserFacingPortal","test_Set_Targets","Test_Set_Targets","","","Test macro redistribution and error validation","Test reducing components, redistribution, disabled options, and error when total != 100%"
"passed","Mon Jul 27 02:56:38 UTC 2026","Mon Jul 27 02:56:38 UTC 2026","50","tests.PlayWrightTests.UserFacingPortal","test_homepage","TestHomePage","","","Verify the Weight Loss Progress card displays the three key data labels: Current Weight, Target Weight, and the percentage progress value",""
"passed","Mon Jul 27 02:46:41 UTC 2026","Mon Jul 27 02:46:48 UTC 2026","7170","tests.PlayWrightTests.UserFacingPortal","test_exercise","TestExerciseSection","","","Exercise Target: verifying the set target input field placeholder text is correctly displayed as 'Min'",""
"passed","Mon Jul 27 02:37:38 UTC 2026","Mon Jul 27 02:37:38 UTC 2026","96","tests.PlayWrightTests.UserFacingPortal","test_blood_pressure","TestBloodPressureSection","","","Verify that target input fields display correct placeholder values for 'Systolic' and 'Diastolic'",""
"passed","Mon Jul 27 03:10:12 UTC 2026","Mon Jul 27 03:10:12 UTC 2026","137","tests.PlayWrightTests.UserFacingPortal","test_profile","TestProfile","","","Manage Devices: selecting 'Manage Devices' from the profile dropdown opens the page and a connected device header (one of Withings/Garmin/Fitbit) is rendered",""
"passed","Mon Jul 27 03:13:47 UTC 2026","Mon Jul 27 03:14:01 UTC 2026","13158","tests.PlayWrightTests.UserFacingPortal","test_talk_to_my_team","TestTalkToMyTeamMyPostsTab","","","Verify that a user can create a post with a PDF document attachment in the My Posts tab",""
"passed","Mon Jul 27 02:18:25 UTC 2026","Mon Jul 27 02:18:53 UTC 2026","28111","tests.PlayWrightTests.UserFacingPortal.Chatbot","test_chatbot_forLoggingExercise","TestChatbotLogsData","","","Verify user can use habi chatbot to log Exercise, given prompt==Log my exercise for today, where I ran 5 kilometers and took 2 hours, and says 'NO' to confirmation message",""
"passed","Mon Jul 27 02:58:26 UTC 2026","Mon Jul 27 02:58:48 UTC 2026","21215","tests.PlayWrightTests.UserFacingPortal","test_homepage","TestHomePage","","","Graph shows ~45% after significant weight loss",""
"passed","Mon Jul 27 02:56:38 UTC 2026","Mon Jul 27 02:56:38 UTC 2026","290","tests.PlayWrightTests.UserFacingPortal","test_homepage","TestHomePage","","","Verify Set Targets plus/minus buttons increment and decrement meals, and Lbs/Kg toggle updates selection correctly",""
"passed","Mon Jul 27 02:46:17 UTC 2026","Mon Jul 27 02:46:32 UTC 2026","15351","tests.PlayWrightTests.UserFacingPortal","test_exercise","TestExerciseSection","","","Exercise History: verifying that deleting all exercise entries in the history table successfully clears the log list",""
"passed","Mon Jul 27 02:28:56 UTC 2026","Mon Jul 27 02:28:56 UTC 2026","207","tests.PlayWrightTests.UserFacingPortal","test_India_users","TestUserPlaywright","","","test_indianuser_State_dropdown[chromium]",""
"failed","Mon Jul 27 02:44:04 UTC 2026","Mon Jul 27 02:44:07 UTC 2026","2961","tests.PlayWrightTests.UserFacingPortal","test_discussionReactions","TestUserDiscussionReactions","","","Given there are discussion posts with reactions done by user, when I logged into coach portal and visit this user posts, then coach should be able to see posts with user reactions",""
"passed","Mon Jul 27 03:08:45 UTC 2026","Mon Jul 27 03:08:49 UTC 2026","4520","tests.PlayWrightTests.UserFacingPortal","test_profile","TestProfile","","","Upload validation: providing only a document Name (without a file and Type) and submitting displays the inline 'is required' error for the missing mandatory fields",""
"passed","Mon Jul 27 02:51:55 UTC 2026","Mon Jul 27 02:51:56 UTC 2026","1522","tests.PlayWrightTests.UserFacingPortal","test_guided_tour_spanish","TestGuidedTourSpanish","","","All seven steps display the exact expected Spanish text in order from start to completion",""
"passed","Mon Jul 27 02:24:01 UTC 2026","Mon Jul 27 02:24:01 UTC 2026","98","tests.PlayWrightTests.UserFacingPortal","test_AI_Chatbot","TestAIChatbot","","","AI Chatbot Popular Topics: the 'POPULAR TOPICS' section is rendered with all four topic cards (Healthy Meal Ideas, Workout Routines, Activity Suggestions, Tips for Better Sleep) along with their description text",""
"passed","Mon Jul 27 02:36:34 UTC 2026","Mon Jul 27 02:36:35 UTC 2026","753","tests.PlayWrightTests.UserFacingPortal","test_Set_Targets","Test_Set_Targets","","","Error when Macronutrient total is not 100",""
"passed","Mon Jul 27 02:32:19 UTC 2026","Mon Jul 27 02:32:19 UTC 2026","12","tests.PlayWrightTests.UserFacingPortal","test_ProgressInsights","TestUserProgressInsights","","","Verify that a sparkling icon is added beside the chat bubble icon.",""
"passed","Mon Jul 27 02:24:01 UTC 2026","Mon Jul 27 02:24:01 UTC 2026","39","tests.PlayWrightTests.UserFacingPortal","test_AI_Chatbot","TestAIChatbot","","","AI Chatbot Predefined Features: the quick-log shortcut buttons (Log Food, Log Exercise, Log Weight, Log Water) are all visible to the user inside the chatbot panel",""
"passed","Mon Jul 27 03:16:01 UTC 2026","Mon Jul 27 03:16:06 UTC 2026","5662","tests.PlayWrightTests.UserFacingPortal","test_talk_to_my_team","TestTalkToMyTeamMyPostsTab","","","Verify that the 'See all comments' button becomes visible after 4 or more comments are added to a post in the My Posts tab",""
"passed","Mon Jul 27 02:45:23 UTC 2026","Mon Jul 27 02:45:31 UTC 2026","7314","tests.PlayWrightTests.UserFacingPortal","test_exercise","TestExerciseSection","","","Exercise Validation: verifying an error message ('Steps must be less than or equal to 100000') is displayed when entering steps greater than 100000",""
"passed","Mon Jul 27 03:19:36 UTC 2026","Mon Jul 27 03:19:43 UTC 2026","7116","tests.PlayWrightTests.UserFacingPortal","test_talktomycoach","TestDashboardChat","","","TC17 – Verify that messages sent in the coach chat are persisted and remain visible after the page is refreshed and the user logs back in",""
"passed","Mon Jul 27 02:32:19 UTC 2026","Mon Jul 27 02:32:20 UTC 2026","1017","tests.PlayWrightTests.UserFacingPortal","test_ProgressInsights","TestUserProgressInsights","","","test_validateAnimationEffects_on_insights_button[chromium]",""
"passed","Mon Jul 27 02:51:56 UTC 2026","Mon Jul 27 02:51:58 UTC 2026","1488","tests.PlayWrightTests.UserFacingPortal","test_guided_tour_spanish","TestGuidedTourSpanish","","","Welcome modal content remains in Spanish and completes successfully through 'Quizás más tarde'",""
"passed","Mon Jul 27 03:21:16 UTC 2026","Mon Jul 27 03:21:17 UTC 2026","1746","tests.PlayWrightTests.UserFacingPortal","test_tobacco","TestTobaccoSection","","","Verify that the graph view correctly displays and filters data for the Last Month range",""
"passed","Mon Jul 27 03:04:42 UTC 2026","Mon Jul 27 03:04:43 UTC 2026","733","tests.PlayWrightTests.UserFacingPortal","test_login_page","TestNeedHelpPage","","","Submitting with an invalid email format shows invalid email error",""
"passed","Mon Jul 27 02:44:50 UTC 2026","Mon Jul 27 02:44:58 UTC 2026","7663","tests.PlayWrightTests.UserFacingPortal","test_exercise","TestExerciseSection","","","Exercise Logging: adding yesterday's exercise entry (100 steps) does not overwrite or remove today's existing log entry",""
"passed","Mon Jul 27 03:04:44 UTC 2026","Mon Jul 27 03:04:44 UTC 2026","634","tests.PlayWrightTests.UserFacingPortal","test_login_page","TestNeedHelpPage","","","Submitting with email and subject only shows message required error",""
"passed","Mon Jul 27 03:04:42 UTC 2026","Mon Jul 27 03:04:42 UTC 2026","7","tests.PlayWrightTests.UserFacingPortal","test_login_page","TestNeedHelpPage","","","Supported file format message is displayed",""
"passed","Mon Jul 27 03:04:52 UTC 2026","Mon Jul 27 03:04:53 UTC 2026","478","tests.PlayWrightTests.UserFacingPortal","test_login_page","TestNeedHelpPageSpanish","","","Submitting with email and subject only shows message required error in Spanish",""
"passed","Mon Jul 27 02:38:22 UTC 2026","Mon Jul 27 02:38:23 UTC 2026","213","tests.PlayWrightTests.UserFacingPortal","test_blood_sugar","TestBloodSugarSection","","","Verify that a validation error is displayed when trying to save a Low target value greater than 999",""
"passed","Mon Jul 27 03:10:12 UTC 2026","Mon Jul 27 03:10:12 UTC 2026","99","tests.PlayWrightTests.UserFacingPortal","test_profile","TestProfile","","","Notification Preferences toggles: toggling the 'Habit Tracker' Push and SMS notification switches flips the displayed state from On→Off (or Off→On) and reverts cleanly when toggled again",""
"passed","Mon Jul 27 03:08:33 UTC 2026","Mon Jul 27 03:08:34 UTC 2026","1433","tests.PlayWrightTests.UserFacingPortal","test_profile","TestProfile","","","Health Parameters edit: entering '0' in the Hips (inches) field and saving persists the literal value and renders '0inches' in the read-only view",""
"passed","Mon Jul 27 02:30:17 UTC 2026","Mon Jul 27 02:30:50 UTC 2026","33068","tests.PlayWrightTests.UserFacingPortal","test_MyRecipes","TestMyRecipes","","","Then user is able to delete all the recipes and validate no custom recipes",""
"passed","Mon Jul 27 03:04:54 UTC 2026","Mon Jul 27 03:04:54 UTC 2026","629","tests.PlayWrightTests.UserFacingPortal","test_login_page","TestNeedHelpPageSpanish","","","Submitting with email, category and subject shows message required error in Spanish",""
"passed","Mon Jul 27 03:04:35 UTC 2026","Mon Jul 27 03:04:35 UTC 2026","16","tests.PlayWrightTests.UserFacingPortal","test_login_page","TestLoginPageSpanish","","","Email input field is editable",""
"passed","Mon Jul 27 02:57:35 UTC 2026","Mon Jul 27 02:57:40 UTC 2026","4918","tests.PlayWrightTests.UserFacingPortal","test_homepage","TestHomePage","","","Given I logged into web app as a user, when user's cohort dpp date is in week52, then user should see weekly progress title as 'Week 52/52'",""
"passed","Mon Jul 27 03:04:47 UTC 2026","Mon Jul 27 03:04:47 UTC 2026","92","tests.PlayWrightTests.UserFacingPortal","test_login_page","TestNeedHelpPage","","","Submitting with email, category, subject and message shows success toaster",""
"passed","Mon Jul 27 03:04:19 UTC 2026","Mon Jul 27 03:04:20 UTC 2026","1146","tests.PlayWrightTests.UserFacingPortal","test_login_page","TestLoginPage","","","Clicking Register link opens the signup page in a new tab",""
"passed","Mon Jul 27 03:04:35 UTC 2026","Mon Jul 27 03:04:37 UTC 2026","2349","tests.PlayWrightTests.UserFacingPortal","test_login_page","TestLoginPageSpanish","","","Entering a valid email with an incorrect password shows wrong credentials error in Spanish",""
"passed","Mon Jul 27 03:21:08 UTC 2026","Mon Jul 27 03:21:12 UTC 2026","4723","tests.PlayWrightTests.UserFacingPortal","test_tobacco","TestTobaccoSection","","","Verify that adding a historical tobacco entry for a past year keeps today's total at 0",""
"passed","Mon Jul 27 03:20:50 UTC 2026","Mon Jul 27 03:20:50 UTC 2026","144","tests.PlayWrightTests.UserFacingPortal","test_tobacco","TestTobaccoSection","","","Verify that the placeholder of the Tobacco target input field is 'Max'",""
"passed","Mon Jul 27 03:20:30 UTC 2026","Mon Jul 27 03:20:31 UTC 2026","1116","tests.PlayWrightTests.UserFacingPortal","test_talktomycoach","TestDashboardChat","","","TC25 – Verify reopening chat retains previous messages",""
"passed","Mon Jul 27 03:04:42 UTC 2026","Mon Jul 27 03:04:42 UTC 2026","91","tests.PlayWrightTests.UserFacingPortal","test_login_page","TestNeedHelpPage","","","Submitting with email only shows subject required error",""
"passed","Mon Jul 27 02:29:29 UTC 2026","Mon Jul 27 02:29:34 UTC 2026","5088","tests.PlayWrightTests.UserFacingPortal","test_MyRecipes","TestMyRecipes","","","And user is able to remove ingredient",""
"passed","Mon Jul 27 03:04:26 UTC 2026","Mon Jul 27 03:04:26 UTC 2026","68","tests.PlayWrightTests.UserFacingPortal","test_login_page","TestLoginPage","","","Entering a valid email and clicking Sign in with Code navigates to the code login page",""
"passed","Mon Jul 27 02:57:46 UTC 2026","Mon Jul 27 02:58:02 UTC 2026","15635","tests.PlayWrightTests.UserFacingPortal","test_homepage","TestHomePage","","","Graph shows 0% when no weight has been lost",""
"passed","Mon Jul 27 03:04:35 UTC 2026","Mon Jul 27 03:04:35 UTC 2026","66","tests.PlayWrightTests.UserFacingPortal","test_login_page","TestLoginPageSpanish","","","Submitting an invalid email format shows the invalid email error in Spanish",""
"passed","Mon Jul 27 02:55:44 UTC 2026","Mon Jul 27 02:55:45 UTC 2026","1656","tests.PlayWrightTests.UserFacingPortal","test_hba1c","TestHbA1cSection","","","Verify successfully setting a valid target",""
"passed","Mon Jul 27 02:57:09 UTC 2026","Mon Jul 27 02:57:11 UTC 2026","1371","tests.PlayWrightTests.UserFacingPortal","test_homepage","TestHomePage","","","Verify Set Targets date navigator disables all inputs when navigating to a past date (read-only historical data) and re-enables them when returning to today's date",""
"passed","Mon Jul 27 02:28:56 UTC 2026","Mon Jul 27 02:28:56 UTC 2026","3","tests.PlayWrightTests.UserFacingPortal","test_India_users","TestUserPlaywright","","","test_verify_phone_number[chromium]",""
"passed","Mon Jul 27 02:29:25 UTC 2026","Mon Jul 27 02:29:25 UTC 2026","16","tests.PlayWrightTests.UserFacingPortal","test_MyRecipes","TestMyRecipes","","","User is able to navigate to My Recipe page",""
"passed","Mon Jul 27 03:10:38 UTC 2026","Mon Jul 27 03:10:38 UTC 2026","76","tests.PlayWrightTests.UserFacingPortal","test_talk_to_my_team","TestTalkToMyTeamDiscussTab","","","Verify that a user can successfully add a comment to the first post in the Discuss tab",""
"passed","Mon Jul 27 03:19:43 UTC 2026","Mon Jul 27 03:19:44 UTC 2026","731","tests.PlayWrightTests.UserFacingPortal","test_talktomycoach","TestDashboardChat","","","TC18 – Verify that a sent message appears instantly in the chat conversation within 2 seconds of being submitted",""
"passed","Mon Jul 27 02:56:29 UTC 2026","Mon Jul 27 02:56:30 UTC 2026","675","tests.PlayWrightTests.UserFacingPortal","test_homepage","TestHomePage","","","Verify adding a weight entry from Health works, then return to dashboard",""
"passed","Mon Jul 27 02:51:47 UTC 2026","Mon Jul 27 02:51:47 UTC 2026","480","tests.PlayWrightTests.UserFacingPortal","test_guided_tour_spanish","TestGuidedTourSpanish","","","Step 1 shows the chat guidance text with visible 'Siguiente' and 'Saltar' controls",""
"passed","Mon Jul 27 02:54:54 UTC 2026","Mon Jul 27 02:54:55 UTC 2026","814","tests.PlayWrightTests.UserFacingPortal","test_habits","TestHabitsFeature","","","Test 22: Calendar date click opens rating popup",""
"passed","Mon Jul 27 02:36:33 UTC 2026","Mon Jul 27 02:36:34 UTC 2026","1405","tests.PlayWrightTests.UserFacingPortal","test_Set_Targets","Test_Set_Targets","","","Verify calorie counter component","Validate text, icons and dynamic calorie counter value"
"passed","Mon Jul 27 02:57:04 UTC 2026","Mon Jul 27 02:57:05 UTC 2026","698","tests.PlayWrightTests.UserFacingPortal","test_homepage","TestHomePage","","","Verify entering 1000 steps in the Exercise add panel and saving shows the Created exercise success toast, then closes the modal and returns to the dashboard",""
"passed","Mon Jul 27 02:54:12 UTC 2026","Mon Jul 27 02:54:19 UTC 2026","6397","tests.PlayWrightTests.UserFacingPortal","test_habirecipe_book","TestRecipeBook","","","Verify generated recipe can be deleted from delete option available from 3-dot menu",""
"passed","Mon Jul 27 02:25:22 UTC 2026","Mon Jul 27 02:25:43 UTC 2026","20807","tests.PlayWrightTests.UserFacingPortal","test_AI_Chatbot","TestAIChatbot","","","AI Chatbot log confirmation: sending a free-form exercise log message and confirming with 'Yes' successfully logs the entry and displays the confirmation",""
"passed","Mon Jul 27 02:38:23 UTC 2026","Mon Jul 27 02:38:23 UTC 2026","178","tests.PlayWrightTests.UserFacingPortal","test_blood_sugar","TestBloodSugarSection","","","Verify that a user is able to successfully set valid blood sugar target values (High 15, Low 5)",""
"passed","Mon Jul 27 03:08:27 UTC 2026","Mon Jul 27 03:08:27 UTC 2026","174","tests.PlayWrightTests.UserFacingPortal","test_profile","TestProfile","","","Health Parameters validation: entering alphabetic characters ('abcd') in the Waist field displays the inline error 'Waist is not a number'",""
"passed","Mon Jul 27 03:04:21 UTC 2026","Mon Jul 27 03:04:21 UTC 2026","55","tests.PlayWrightTests.UserFacingPortal","test_login_page","TestLoginPage","","","Clicking the password eye icon makes the password text visible",""
"passed","Mon Jul 27 02:39:55 UTC 2026","Mon Jul 27 02:40:00 UTC 2026","4736","tests.PlayWrightTests.UserFacingPortal","test_blood_sugar_notes","TestBloodSugarNotes","","","test_edit_blood_sugar_notes[chromium]","Edit blood sugar notes for Fasting, Before Meal, and After Meal entries and validate the updates."
"passed","Mon Jul 27 03:04:51 UTC 2026","Mon Jul 27 03:04:51 UTC 2026","9","tests.PlayWrightTests.UserFacingPortal","test_login_page","TestNeedHelpPageSpanish","","","Message input field is visible in Spanish",""
"passed","Mon Jul 27 02:37:38 UTC 2026","Mon Jul 27 02:37:38 UTC 2026","146","tests.PlayWrightTests.UserFacingPortal","test_blood_pressure","TestBloodPressureSection","","","Verify validation error 'Systolic cannot be blank' when attempting to save a negative diastolic target without systolic",""
"passed","Mon Jul 27 02:32:20 UTC 2026","Mon Jul 27 02:33:13 UTC 2026","53301","tests.PlayWrightTests.UserFacingPortal","test_ProgressInsights","TestUserProgressInsights","","","verify Smart Insight Banner for unread insight updates.",""
"passed","Mon Jul 27 02:36:32 UTC 2026","Mon Jul 27 02:36:33 UTC 2026","84","tests.PlayWrightTests.UserFacingPortal","test_Set_Targets","Test_Set_Targets","","","Verify Set Targets header is visible","Test that the Set Your Targets header is visible on the page"
"passed","Mon Jul 27 02:37:49 UTC 2026","Mon Jul 27 02:37:50 UTC 2026","1467","tests.PlayWrightTests.UserFacingPortal","test_blood_pressure","TestBloodPressureSection","","","Verify that logging historical blood pressure logs translates empty states to active health card widgets",""
"passed","Mon Jul 27 03:08:39 UTC 2026","Mon Jul 27 03:08:44 UTC 2026","5275","tests.PlayWrightTests.UserFacingPortal","test_profile","TestProfile","","","Upload/View Files: navigating to 'Upload/View Files' from the profile dropdown renders the section header and exposes the 'Upload' control",""
"passed","Mon Jul 27 03:08:24 UTC 2026","Mon Jul 27 03:08:27 UTC 2026","2121","tests.PlayWrightTests.UserFacingPortal","test_profile","TestProfile","","","Health Parameters edit: selecting Height = 6 feet 2 inches and Physical Activity = 'Light' and saving persists the values and renders Feet=6 / Inches=2 in the read-only view",""
"passed","Mon Jul 27 03:04:51 UTC 2026","Mon Jul 27 03:04:51 UTC 2026","8","tests.PlayWrightTests.UserFacingPortal","test_login_page","TestNeedHelpPageSpanish","","","Message label is visible in Spanish on the Need Help page",""
"passed","Mon Jul 27 02:45:48 UTC 2026","Mon Jul 27 02:45:55 UTC 2026","7860","tests.PlayWrightTests.UserFacingPortal","test_exercise","TestExerciseSection","","","Other Activity Validation: verifying an error message ('Minutes cannot be blank') is displayed when entering a negative minutes value",""
"passed","Mon Jul 27 02:55:56 UTC 2026","Mon Jul 27 02:55:56 UTC 2026","49","tests.PlayWrightTests.UserFacingPortal","test_homepage","TestHomePage","","","Verify every main nav link is present and visible: Home, Food, Health, Habits, and either Learn or Videos",""
"passed","Mon Jul 27 03:07:38 UTC 2026","Mon Jul 27 03:07:38 UTC 2026","115","tests.PlayWrightTests.UserFacingPortal","test_profile","TestProfile","","","Basic Information edit: clicking the 'Edit' link on the Basic Information card switches the section into edit mode and renders the 'Save' button",""
"passed","Mon Jul 27 03:19:25 UTC 2026","Mon Jul 27 03:19:36 UTC 2026","10662","tests.PlayWrightTests.UserFacingPortal","test_talktomycoach","TestDashboardChat","","","TC16 – Verify that multiple consecutive messages sent one after another all appear correctly in the chat conversation in order",""
"passed","Mon Jul 27 03:04:19 UTC 2026","Mon Jul 27 03:04:19 UTC 2026","33","tests.PlayWrightTests.UserFacingPortal","test_login_page","TestLoginPage","","","Sign in button is visible and has the correct label",""
"passed","Mon Jul 27 02:20:30 UTC 2026","Mon Jul 27 02:21:01 UTC 2026","30637","tests.PlayWrightTests.UserFacingPortal.Chatbot","test_chatbot_forLoggingExercise","TestChatbotLogsData","","","Verify user logs an exercise through the chatbot with only step count",""
"passed","Mon Jul 27 02:30:08 UTC 2026","Mon Jul 27 02:30:08 UTC 2026","373","tests.PlayWrightTests.UserFacingPortal","test_MyRecipes","TestMyRecipes","","","And User is able to delete the recipe - navigate back to My Recipes",""
"passed","Mon Jul 27 03:04:42 UTC 2026","Mon Jul 27 03:04:42 UTC 2026","11","tests.PlayWrightTests.UserFacingPortal","test_login_page","TestNeedHelpPage","","","Message input field is visible on the Need Help page",""
"passed","Mon Jul 27 02:55:25 UTC 2026","Mon Jul 27 02:55:27 UTC 2026","1924","tests.PlayWrightTests.UserFacingPortal","test_hba1c","TestHbA1cSection","","","Verify logging a historical HbA1c entry for last month updates the current widget",""
"passed","Mon Jul 27 02:36:37 UTC 2026","Mon Jul 27 02:36:37 UTC 2026","131","tests.PlayWrightTests.UserFacingPortal","test_Set_Targets","Test_Set_Targets","","","Validate gram calculations with 2500 calories","Test that gram values are calculated correctly based on 2500 calorie input and macro percentages"
"passed","Mon Jul 27 03:04:42 UTC 2026","Mon Jul 27 03:04:42 UTC 2026","9","tests.PlayWrightTests.UserFacingPortal","test_login_page","TestNeedHelpPage","","","Submit button is visible on the Need Help page",""
"passed","Mon Jul 27 03:04:27 UTC 2026","Mon Jul 27 03:04:32 UTC 2026","4498","tests.PlayWrightTests.UserFacingPortal","test_login_page","TestLoginPage","","","Logging in with valid credentials navigates to the dashboard and signing out returns to the login page",""
"passed","Mon Jul 27 02:36:06 UTC 2026","Mon Jul 27 02:36:10 UTC 2026","4154","tests.PlayWrightTests.UserFacingPortal","test_Search_the_web","TestSearchTheWeb","","","Search the Web: Validate full recipe page","p8: Validate full recipe page"
"passed","Mon Jul 27 03:04:51 UTC 2026","Mon Jul 27 03:04:51 UTC 2026","8","tests.PlayWrightTests.UserFacingPortal","test_login_page","TestNeedHelpPageSpanish","","","Register link is visible in Spanish on the Need Help page",""
"failed","Mon Jul 27 02:44:07 UTC 2026","Mon Jul 27 02:44:08 UTC 2026","418","tests.PlayWrightTests.UserFacingPortal","test_discussionReactions","TestUserDiscussionReactions","","","Given there are discussion posts with reactions done by user, when I logged into coach portal and visit this user posts, then coach should be able to add reactions to this post successfully",""
"passed","Mon Jul 27 02:56:17 UTC 2026","Mon Jul 27 02:56:21 UTC 2026","4449","tests.PlayWrightTests.UserFacingPortal","test_homepage","TestHomePage","","","Verify Set Targets saves successfully when Meals=3 days, Exercise=30 min/day, Weight=3 days, Target weight=170 lbs are entered, and the Meals help text appears on the dashboard after redirect",""
"passed","Mon Jul 27 03:04:19 UTC 2026","Mon Jul 27 03:04:19 UTC 2026","8","tests.PlayWrightTests.UserFacingPortal","test_login_page","TestLoginPage","","","Password field label displays the text Password",""
"passed","Mon Jul 27 02:36:33 UTC 2026","Mon Jul 27 02:36:33 UTC 2026","17","tests.PlayWrightTests.UserFacingPortal","test_Set_Targets","Test_Set_Targets","","","Verify Nutrient Intake section with SVG icon and text","Test that the Nutrient Intake section displays wheat SVG icon and text correctly"
"passed","Mon Jul 27 02:26:09 UTC 2026","Mon Jul 27 02:26:11 UTC 2026","2381","tests.PlayWrightTests.UserFacingPortal","test_AI_Chatbot","TestAIChatbot","","","AI Chatbot log confirmation: after logging a blood pressure entry via the chatbot, the log is still present in the Health page",""
"passed","Mon Jul 27 03:09:47 UTC 2026","Mon Jul 27 03:09:52 UTC 2026","5213","tests.PlayWrightTests.UserFacingPortal","test_profile","TestProfile","","","Uploaded documents: clicking the 'Delete' icon and cancelling with 'No' on the confirmation dialog dismisses the dialog and the row remains intact in the documents table",""
"passed","Mon Jul 27 02:26:36 UTC 2026","Mon Jul 27 02:26:39 UTC 2026","2787","tests.PlayWrightTests.UserFacingPortal","test_AI_Chatbot","TestAIChatbot","","","AI Chatbot tobacco log confirmation: after logging a tobacco entry via the chatbot, the log is still present in the Health page",""
"passed","Mon Jul 27 02:36:39 UTC 2026","Mon Jul 27 02:36:40 UTC 2026","1287","tests.PlayWrightTests.UserFacingPortal","test_Set_Targets","Test_Set_Targets","","","Select yesterday from calendar and navigate forward","Test selecting yesterday's date (-1 day), then clicking forward button and verifying can enter data in calorie section"
"passed","Mon Jul 27 02:31:12 UTC 2026","Mon Jul 27 02:31:21 UTC 2026","8676","tests.PlayWrightTests.UserFacingPortal","test_MyRecipes","TestMyRecipes","","","verify multiple ingredients can be added successfully",""
"passed","Mon Jul 27 02:55:29 UTC 2026","Mon Jul 27 02:55:30 UTC 2026","580","tests.PlayWrightTests.UserFacingPortal","test_hba1c","TestHbA1cSection","","","Verify vital validation error when clearing HbA1c input field",""
"passed","Mon Jul 27 03:04:20 UTC 2026","Mon Jul 27 03:04:20 UTC 2026","52","tests.PlayWrightTests.UserFacingPortal","test_login_page","TestLoginPage","","","Clicking Need Help button navigates to the feedback page",""
"passed","Mon Jul 27 03:10:04 UTC 2026","Mon Jul 27 03:10:07 UTC 2026","3442","tests.PlayWrightTests.UserFacingPortal","test_profile","TestProfile","","","Language Preferences: switching the application language to Spanish translates the profile dropdown UI and 'Contact Us' is rendered as 'Contáctanos'",""
"passed","Mon Jul 27 02:55:01 UTC 2026","Mon Jul 27 02:55:06 UTC 2026","5390","tests.PlayWrightTests.UserFacingPortal","test_habits","TestHabitsFeature","","","Test 30: Cancel Activate keeps habit archived",""
"passed","Mon Jul 27 03:20:49 UTC 2026","Mon Jul 27 03:20:50 UTC 2026","241","tests.PlayWrightTests.UserFacingPortal","test_tobacco","TestTobaccoSection","","","Verify that a validation error is displayed when trying to save a blank tobacco target value",""
"passed","Mon Jul 27 03:04:51 UTC 2026","Mon Jul 27 03:04:51 UTC 2026","9","tests.PlayWrightTests.UserFacingPortal","test_login_page","TestNeedHelpPageSpanish","","","Subject label is visible in Spanish on the Need Help page",""
"passed","Mon Jul 27 02:49:31 UTC 2026","Mon Jul 27 02:49:47 UTC 2026","16001","tests.PlayWrightTests.UserFacingPortal","test_exercise","TestExerciseSection","","","Exercise Dashboard: daily total updates correctly after editing an existing exercise entry",""
"broken","Mon Jul 27 02:27:33 UTC 2026","Mon Jul 27 02:28:04 UTC 2026","31485","tests.PlayWrightTests.UserFacingPortal","test_AI_Chatbot","TestAIChatbot","","","AI Chatbot hba1c log confirmation: after logging a hba1c entry via the chatbot, the log is still present in the Health page",""
"passed","Mon Jul 27 03:09:53 UTC 2026","Mon Jul 27 03:09:53 UTC 2026","71","tests.PlayWrightTests.UserFacingPortal","test_profile","TestProfile","","","Change Password validation: submitting the form without entering any data displays 'is required' for Current Password, the min-length error for New Password, and 'is required' for Confirm Password",""
"passed","Mon Jul 27 02:54:20 UTC 2026","Mon Jul 27 02:54:32 UTC 2026","11542","tests.PlayWrightTests.UserFacingPortal","test_habits","TestHabitsFeature","","","Frequency page appears with Fixed and Flexible options",""
"passed","Mon Jul 27 03:04:35 UTC 2026","Mon Jul 27 03:04:35 UTC 2026","10","tests.PlayWrightTests.UserFacingPortal","test_login_page","TestLoginPageSpanish","","","Email field label displays the Spanish text for email",""
"passed","Mon Jul 27 03:04:51 UTC 2026","Mon Jul 27 03:04:51 UTC 2026","8","tests.PlayWrightTests.UserFacingPortal","test_login_page","TestNeedHelpPageSpanish","","","Add Files label is visible in Spanish on the Need Help page",""
"passed","Mon Jul 27 03:10:12 UTC 2026","Mon Jul 27 03:10:14 UTC 2026","1085","tests.PlayWrightTests.UserFacingPortal","test_profile","TestProfile","","","Profile dropdown contents: opening the profile dropdown exposes exactly the expected set of options (View Profile Details, Upload/View Files, Change Password, Notification Preferences, Manage Devices, Language Preferences, Guided Tour, Contact Us, Sign Out) with no missing or unexpected entries",""
"failed","Mon Jul 27 02:24:23 UTC 2026","Mon Jul 27 02:24:30 UTC 2026","7405","tests.PlayWrightTests.UserFacingPortal","test_AI_Chatbot","TestAIChatbot","","","AI Chatbot weight log confirmation: after logging a weight entry via the chatbot, the log is still present in the Health page after navigating to the Health page",""
"passed","Mon Jul 27 02:54:54 UTC 2026","Mon Jul 27 02:54:54 UTC 2026","433","tests.PlayWrightTests.UserFacingPortal","test_habits","TestHabitsFeature","","","Test 21: Calendar backward arrow goes to previous month",""
"passed","Mon Jul 27 02:28:57 UTC 2026","Mon Jul 27 02:29:04 UTC 2026","6976","tests.PlayWrightTests.UserFacingPortal","test_India_users","TestUserPlaywright","","","test_verify_timezone_profile[chromium]",""
"passed","Mon Jul 27 02:56:21 UTC 2026","Mon Jul 27 02:56:29 UTC 2026","7966","tests.PlayWrightTests.UserFacingPortal","test_homepage","TestHomePage","","","Verify a meal can be added using addMeals and logMeal helpers and then return to dashboard",""
"passed","Mon Jul 27 02:27:02 UTC 2026","Mon Jul 27 02:27:04 UTC 2026","2338","tests.PlayWrightTests.UserFacingPortal","test_AI_Chatbot","TestAIChatbot","","","AI Chatbot blood sugar log confirmation: after logging a blood sugar entry via the chatbot, the log is still present in the Health page",""
"passed","Mon Jul 27 03:04:19 UTC 2026","Mon Jul 27 03:04:19 UTC 2026","8","tests.PlayWrightTests.UserFacingPortal","test_login_page","TestLoginPage","","","Password input field is visible on the login page",""
"skipped","Mon Jul 27 02:59:57 UTC 2026","Mon Jul 27 03:00:22 UTC 2026","24455","tests.PlayWrightTests.UserFacingPortal","test_homepage","TestHomePage","","","Verify that Set Targets Meals input throws an error on decimal values.",""
"passed","Mon Jul 27 03:04:51 UTC 2026","Mon Jul 27 03:04:51 UTC 2026","79","tests.PlayWrightTests.UserFacingPortal","test_login_page","TestNeedHelpPageSpanish","","","Submitting with message only shows email and subject errors in Spanish",""
"passed","Mon Jul 27 02:55:55 UTC 2026","Mon Jul 27 02:55:56 UTC 2026","828","tests.PlayWrightTests.UserFacingPortal","test_homepage","TestHomePage","","","Verify top header renders correctly: HabitNu logo, discussion menu button, notification bell, and profile dropdown are all visible",""
"passed","Mon Jul 27 03:08:23 UTC 2026","Mon Jul 27 03:08:23 UTC 2026","255","tests.PlayWrightTests.UserFacingPortal","test_profile","TestProfile","","","Address Confirmation: the 'I confirm' checkbox is checked by default with required-marker and bullet points visible; unchecking it and saving displays 'Please confirm address', and re-checking + saving clears the error",""
"passed","Mon Jul 27 02:45:39 UTC 2026","Mon Jul 27 02:45:48 UTC 2026","8151","tests.PlayWrightTests.UserFacingPortal","test_exercise","TestExerciseSection","","","Other Activity Validation: verifying an error message ('Minutes cannot be blank') is displayed when trying to save a blank minutes entry",""
"passed","Mon Jul 27 02:58:02 UTC 2026","Mon Jul 27 02:58:14 UTC 2026","12545","tests.PlayWrightTests.UserFacingPortal","test_homepage","TestHomePage","","","Graph shows 2% after a small weight loss",""
"passed","Mon Jul 27 02:52:19 UTC 2026","Mon Jul 27 02:52:19 UTC 2026","51","tests.PlayWrightTests.UserFacingPortal","test_habirecipe_book","TestRecipeBook","","","As a user when I am on the Food Allergies page, and when I click on the Previous button, I should be taken to the Let's Set Your Preferences page",""
"passed","Mon Jul 27 02:51:48 UTC 2026","Mon Jul 27 02:51:49 UTC 2026","1127","tests.PlayWrightTests.UserFacingPortal","test_guided_tour_spanish","TestGuidedTourSpanish","","","Step 3 shows the meals-tracking guidance text and keeps all expected navigation controls visible",""
"passed","Mon Jul 27 02:56:00 UTC 2026","Mon Jul 27 02:56:00 UTC 2026","172","tests.PlayWrightTests.UserFacingPortal","test_homepage","TestHomePage","","","Verify opening the notification panel via the bell icon shows the Mark All As Read action and at least one notification item",""
"passed","Mon Jul 27 02:52:31 UTC 2026","Mon Jul 27 02:52:31 UTC 2026","252","tests.PlayWrightTests.UserFacingPortal","test_habirecipe_book","TestRecipeBook","","","As a user When I click on the MICRONUTRIENT_CONSIDERATIONS_BUTTON  preference, it should take to MICRONUTRIENT_CONSIDERATIONS_BUTTON preference page",""
"passed","Mon Jul 27 03:08:17 UTC 2026","Mon Jul 27 03:08:18 UTC 2026","153","tests.PlayWrightTests.UserFacingPortal","test_profile","TestProfile","","","Contact Details validation: clearing the State dropdown selection and submitting displays the inline error 'State is required'",""
"passed","Mon Jul 27 02:31:21 UTC 2026","Mon Jul 27 02:31:33 UTC 2026","12121","tests.PlayWrightTests.UserFacingPortal","test_MyRecipes","TestMyRecipes","","","verify total calories equals sum of ingredient calories",""
"passed","Mon Jul 27 03:10:37 UTC 2026","Mon Jul 27 03:10:38 UTC 2026","100","tests.PlayWrightTests.UserFacingPortal","test_talk_to_my_team","TestTalkToMyTeamDiscussTab","","","Verify that submitting an empty comment on a post shows a required field validation error in the Discuss tab",""
"passed","Mon Jul 27 02:38:23 UTC 2026","Mon Jul 27 02:38:23 UTC 2026","198","tests.PlayWrightTests.UserFacingPortal","test_blood_sugar","TestBloodSugarSection","","","Verify that a validation error is displayed when trying to save targets with a blank Low target value",""
"passed","Mon Jul 27 02:37:12 UTC 2026","Mon Jul 27 02:37:13 UTC 2026","1154","tests.PlayWrightTests.UserFacingPortal","test_Set_Targets","Test_Set_Targets","","","Verify macro inputs are disabled on past dates","Test that macro percentage inputs (Carbs, Protein, Fat) are disabled when viewing past dates"
"passed","Mon Jul 27 03:02:38 UTC 2026","Mon Jul 27 03:02:59 UTC 2026","20053","tests.PlayWrightTests.UserFacingPortal","test_homepage","TestHomePage","","","Verify that Exercise progress bar initializes properly after setting target.",""
"passed","Mon Jul 27 03:07:38 UTC 2026","Mon Jul 27 03:07:40 UTC 2026","1894","tests.PlayWrightTests.UserFacingPortal","test_profile","TestProfile","","","Basic Information edit: updating the First Name to 'Cathy' persists the change and the new value is reflected in the profile header after save",""
"passed","Mon Jul 27 02:51:53 UTC 2026","Mon Jul 27 02:51:55 UTC 2026","1657","tests.PlayWrightTests.UserFacingPortal","test_guided_tour_spanish","TestGuidedTourSpanish","","","Final step shows the completion message, hides 'Saltar', and allows returning to dashboard with 'Finalizar'",""
"passed","Mon Jul 27 02:49:56 UTC 2026","Mon Jul 27 02:50:06 UTC 2026","10464","tests.PlayWrightTests.UserFacingPortal","test_exercise","TestExerciseSection","","","Exercise Logging: an error message is displayed when the save API request fails",""
"passed","Mon Jul 27 02:56:16 UTC 2026","Mon Jul 27 02:56:16 UTC 2026","170","tests.PlayWrightTests.UserFacingPortal","test_homepage","TestHomePage","","","Verify clicking the Meals weekly card routes to the food page and the Add Food button is visible",""
"passed","Mon Jul 27 03:04:45 UTC 2026","Mon Jul 27 03:04:45 UTC 2026","495","tests.PlayWrightTests.UserFacingPortal","test_login_page","TestNeedHelpPage","","","Submitting with email, category and subject shows message required error",""
"passed","Mon Jul 27 02:56:01 UTC 2026","Mon Jul 27 02:56:01 UTC 2026","166","tests.PlayWrightTests.UserFacingPortal","test_homepage","TestHomePage","","","Verify opening Set Targets shows the Set Your Target heading and the Meals, Exercise, and Weight section containers, then navigates back to dashboard via the Back button",""
"passed","Mon Jul 27 02:56:47 UTC 2026","Mon Jul 27 02:56:51 UTC 2026","4447","tests.PlayWrightTests.UserFacingPortal","test_homepage","TestHomePage","","","Verify the Learn page shows its header and at least one stats chip, or the Videos page shows Program Videos, Demo Videos, and the first video title based on program variant",""
"failed","Mon Jul 27 02:40:43 UTC 2026","Mon Jul 27 02:40:43 UTC 2026","11","tests.PlayWrightTests.UserFacingPortal","test_body_composition","TestBodyComposition","","","test_hover_dialog_info_icons_and_validate_definitions[chromium]","Hover each info icon in dialog headers, validate tooltip definition matches HoverJson."
"passed","Mon Jul 27 02:37:13 UTC 2026","Mon Jul 27 02:37:13 UTC 2026","38","tests.PlayWrightTests.UserFacingPortal","test_Set_Targets","Test_Set_Targets","","","Verify data entry is enabled on current date","Test that all input fields are enabled and can accept data on the current date (today)"
"passed","Mon Jul 27 03:20:59 UTC 2026","Mon Jul 27 03:21:01 UTC 2026","2060","tests.PlayWrightTests.UserFacingPortal","test_tobacco","TestTobaccoSection","","","Verify that editing target fails with validation error when entering a value greater than 99",""
"passed","Mon Jul 27 02:57:09 UTC 2026","Mon Jul 27 02:57:09 UTC 2026","318","tests.PlayWrightTests.UserFacingPortal","test_homepage","TestHomePage","","","Verify Set Targets correctly calculates grams per macronutrient based on a 2500 calorie target and the current macro percentages, with displayed gram values matching the expected calculation within a 3g tolerance",""
"passed","Mon Jul 27 02:52:32 UTC 2026","Mon Jul 27 02:52:40 UTC 2026","8156","tests.PlayWrightTests.UserFacingPortal","test_habirecipe_book","TestRecipeBook","","","As a user When I click on the ADD_INGREDIENTS_BUTTON  preference, it should take to ADD INGREDIENTS page",""
"passed","Mon Jul 27 03:02:59 UTC 2026","Mon Jul 27 03:03:23 UTC 2026","24209","tests.PlayWrightTests.UserFacingPortal","test_homepage","TestHomePage","","","Verify that Exercise progress ignores data from the previous week.",""
"passed","Mon Jul 27 02:58:48 UTC 2026","Mon Jul 27 02:59:30 UTC 2026","41892","tests.PlayWrightTests.UserFacingPortal","test_homepage","TestHomePage","","","Verify that Meals progress bar initializes properly after setting target.",""
"passed","Mon Jul 27 03:20:28 UTC 2026","Mon Jul 27 03:20:29 UTC 2026","133","tests.PlayWrightTests.UserFacingPortal","test_talktomycoach","TestDashboardChat","","","TC22 – Verify that the user avatar or initials icon is displayed correctly next to messages in the coach chat conversation",""
"passed","Mon Jul 27 03:19:23 UTC 2026","Mon Jul 27 03:19:23 UTC 2026","181","tests.PlayWrightTests.UserFacingPortal","test_talktomycoach","TestDashboardChat","","","TC11 – Verify that typing only spaces in the message input and pressing Enter does not send a message and the chat remains unchanged",""
"passed","Mon Jul 27 02:51:58 UTC 2026","Mon Jul 27 02:52:18 UTC 2026","19919","tests.PlayWrightTests.UserFacingPortal","test_habirecipe_book","TestRecipeBook","","","Verify Recipe Book page loads successfully",""
"passed","Mon Jul 27 02:55:45 UTC 2026","Mon Jul 27 02:55:45 UTC 2026","190","tests.PlayWrightTests.UserFacingPortal","test_hba1c","TestHbA1cSection","","","Verify target validation error when clearing target field",""
"passed","Mon Jul 27 02:52:46 UTC 2026","Mon Jul 27 02:52:46 UTC 2026","114","tests.PlayWrightTests.UserFacingPortal","test_habirecipe_book","TestRecipeBook","","","Verify added ingredient can be removed",""
"broken","Mon Jul 27 02:43:34 UTC 2026","Mon Jul 27 02:44:04 UTC 2026","30007","tests.PlayWrightTests.UserFacingPortal","test_discussionReactions","TestUserDiscussionReactions","","","Given there are discussion posts with reactions==Like by logged in user, when I try to update the reaction with other emojis such as 'Clap' by hovering over the Like button, then I should see the Like text changing to 'Clap' and You reacted section",""
"passed","Mon Jul 27 02:37:39 UTC 2026","Mon Jul 27 02:37:39 UTC 2026","929","tests.PlayWrightTests.UserFacingPortal","test_blood_pressure","TestBloodPressureSection","","","Verify successful configuration and display of valid targets (Systolic: 15, Diastolic: 5)",""
"passed","Mon Jul 27 02:57:06 UTC 2026","Mon Jul 27 02:57:06 UTC 2026","259","tests.PlayWrightTests.UserFacingPortal","test_homepage","TestHomePage","","","Verify the Current Weight value and percentage metric on the Weight Loss card are non-empty before and after navigating to the Health page and returning, confirming data persists across navigation",""
"passed","Mon Jul 27 03:04:35 UTC 2026","Mon Jul 27 03:04:35 UTC 2026","9","tests.PlayWrightTests.UserFacingPortal","test_login_page","TestLoginPageSpanish","","","Sign in button is visible and enabled with Spanish label",""
"passed","Mon Jul 27 02:50:44 UTC 2026","Mon Jul 27 02:50:53 UTC 2026","9058","tests.PlayWrightTests.UserFacingPortal","test_exercise","TestExerciseSection","","","Exercise Target: entering 0 as target value displays validation error and is not saved",""
"passed","Mon Jul 27 02:37:38 UTC 2026","Mon Jul 27 02:37:38 UTC 2026","163","tests.PlayWrightTests.UserFacingPortal","test_blood_pressure","TestBloodPressureSection","","","Verify validation error blocks saving systolic target values exceeding 250",""
"passed","Mon Jul 27 02:51:21 UTC 2026","Mon Jul 27 02:51:23 UTC 2026","1326","tests.PlayWrightTests.UserFacingPortal","test_guided_tour","TestGuidedTour","","","Guided Tour Step 6 UI: Device sync step should show exact Fitbit/Garmin/Apple Watch guidance with proper controls",""
"passed","Mon Jul 27 03:04:23 UTC 2026","Mon Jul 27 03:04:25 UTC 2026","1351","tests.PlayWrightTests.UserFacingPortal","test_login_page","TestLoginPage","","","Logging in with a deactivated account shows the account deactivated error message",""
"passed","Mon Jul 27 03:04:51 UTC 2026","Mon Jul 27 03:04:51 UTC 2026","52","tests.PlayWrightTests.UserFacingPortal","test_login_page","TestNeedHelpPageSpanish","","","Submitting without any data shows all required field errors in Spanish",""
"passed","Mon Jul 27 03:16:00 UTC 2026","Mon Jul 27 03:16:01 UTC 2026","1128","tests.PlayWrightTests.UserFacingPortal","test_talk_to_my_team","TestTalkToMyTeamMyPostsTab","","","Verify that a user can successfully add a comment to a post in the My Posts tab",""
"passed","Mon Jul 27 03:08:12 UTC 2026","Mon Jul 27 03:08:12 UTC 2026","125","tests.PlayWrightTests.UserFacingPortal","test_profile","TestProfile","","","Contact Details validation: submitting a blank Address Line 1 displays the inline error 'Address line is required'",""
"passed","Mon Jul 27 03:14:20 UTC 2026","Mon Jul 27 03:14:43 UTC 2026","23156","tests.PlayWrightTests.UserFacingPortal","test_talk_to_my_team","TestTalkToMyTeamMyPostsTab","","","Verify that a user can post with a description and attached PDF (no subject) and the post count increases in the My Posts tab",""
"passed","Mon Jul 27 03:08:30 UTC 2026","Mon Jul 27 03:08:30 UTC 2026","203","tests.PlayWrightTests.UserFacingPortal","test_profile","TestProfile","","","Health Parameters validation (repeat): re-entering alphabetic characters in the Waist (inches) field after a prior save still displays the inline error 'Waist is not a number'",""
"passed","Mon Jul 27 03:04:35 UTC 2026","Mon Jul 27 03:04:35 UTC 2026","12","tests.PlayWrightTests.UserFacingPortal","test_login_page","TestLoginPageSpanish","","","Sign in with Code button is visible and enabled with Spanish label",""
"passed","Mon Jul 27 03:04:19 UTC 2026","Mon Jul 27 03:04:19 UTC 2026","8","tests.PlayWrightTests.UserFacingPortal","test_login_page","TestLoginPage","","","Forgot password link is visible and has correct label",""
"passed","Mon Jul 27 03:04:42 UTC 2026","Mon Jul 27 03:04:42 UTC 2026","3","tests.PlayWrightTests.UserFacingPortal","test_login_page","TestNeedHelpPage","","","Message input placeholder text is correct",""
"passed","Mon Jul 27 02:50:28 UTC 2026","Mon Jul 27 02:50:37 UTC 2026","8930","tests.PlayWrightTests.UserFacingPortal","test_exercise","TestExerciseSection","","","Exercise Graph: opening the graph view, checking empty/filled states, and closing the modal",""
"passed","Mon Jul 27 02:56:02 UTC 2026","Mon Jul 27 02:56:14 UTC 2026","12449","tests.PlayWrightTests.UserFacingPortal","test_homepage","TestHomePage","","","Verify the Recipe Book page renders with its header, all three recipe type tabs (Habi's Recipes, Search the Web, My Recipes), and the Generate New Recipe button is enabled",""
"passed","Mon Jul 27 02:52:19 UTC 2026","Mon Jul 27 02:52:19 UTC 2026","7","tests.PlayWrightTests.UserFacingPortal","test_habirecipe_book","TestRecipeBook","","","As a user When I click on the Food Allergies button, progress bar should be updated and not seen fully filled",""
"broken","Mon Jul 27 03:17:47 UTC 2026","Mon Jul 27 03:18:18 UTC 2026","31253","tests.PlayWrightTests.UserFacingPortal","test_talk_to_my_team","TestTalkToMyTeamMyPostsTab","","","Verify that a user can edit an existing post and add a new file attachment which is visible after saving in the My Posts tab",""
"passed","Mon Jul 27 03:08:06 UTC 2026","Mon Jul 27 03:08:08 UTC 2026","1963","tests.PlayWrightTests.UserFacingPortal","test_profile","TestProfile","","","Basic Information edit: editing the First Name and then clicking the close (X) icon without saving discards the change — the unsaved value does not appear in the profile and the previously saved values remain intact",""
"passed","Mon Jul 27 02:51:23 UTC 2026","Mon Jul 27 02:51:24 UTC 2026","1689","tests.PlayWrightTests.UserFacingPortal","test_guided_tour","TestGuidedTour","","","Guided Tour Final Step UI: Completion message should hide Skip Tour, keep Back and Finish visible, and return to dashboard after finish",""
"passed","Mon Jul 27 03:04:42 UTC 2026","Mon Jul 27 03:04:42 UTC 2026","9","tests.PlayWrightTests.UserFacingPortal","test_login_page","TestNeedHelpPage","","","Add file button icon is visible on the Need Help page",""
"passed","Mon Jul 27 03:08:31 UTC 2026","Mon Jul 27 03:08:33 UTC 2026","1436","tests.PlayWrightTests.UserFacingPortal","test_profile","TestProfile","","","Health Parameters edit: leaving the Hips (inches) field blank and saving defaults the stored value to '0inches' in the read-only view",""
"passed","Mon Jul 27 03:08:30 UTC 2026","Mon Jul 27 03:08:31 UTC 2026","1441","tests.PlayWrightTests.UserFacingPortal","test_profile","TestProfile","","","Health Parameters edit: entering a valid numeric Waist value (32 inches) and saving persists the value and renders '32' in the read-only view",""
"passed","Mon Jul 27 03:09:55 UTC 2026","Mon Jul 27 03:10:01 UTC 2026","6368","tests.PlayWrightTests.UserFacingPortal","test_profile","TestProfile","","","Change Password validation: submitting an incorrect Current Password with matching New and Confirm Passwords displays the server-side error 'is incorrect' on Current Password",""
"passed","Mon Jul 27 02:56:00 UTC 2026","Mon Jul 27 02:56:00 UTC 2026","88","tests.PlayWrightTests.UserFacingPortal","test_homepage","TestHomePage","","","Verify profile dropdown contains all expected options",""
"passed","Mon Jul 27 02:41:13 UTC 2026","Mon Jul 27 02:41:14 UTC 2026","151","tests.PlayWrightTests.UserFacingPortal","test_chef_curated","TestChefCurated","","","Chef Curated: Search for a recipe by using tags",""
"passed","Mon Jul 27 02:59:30 UTC 2026","Mon Jul 27 02:59:57 UTC 2026","27762","tests.PlayWrightTests.UserFacingPortal","test_homepage","TestHomePage","","","Verify that Meals progress ignores data from the previous week.",""
"passed","Mon Jul 27 02:56:16 UTC 2026","Mon Jul 27 02:56:17 UTC 2026","154","tests.PlayWrightTests.UserFacingPortal","test_homepage","TestHomePage","","","Verify navigating to Health shows the Weight card title and the history panel open button for Weight logs",""
"passed","Mon Jul 27 02:41:27 UTC 2026","Mon Jul 27 02:41:33 UTC 2026","5433","tests.PlayWrightTests.UserFacingPortal","test_discussionReactions","TestUserDiscussionReactions","","","Given there are discussion posts, when I view this post with none reacting, then I should see Like button in Greyed out state",""
"passed","Mon Jul 27 02:57:22 UTC 2026","Mon Jul 27 02:57:27 UTC 2026","5647","tests.PlayWrightTests.UserFacingPortal","test_homepage","TestHomePage","","","Given I logged into web app as a user, when user's cohort dpp date is in week2, then user should see weekly progress title as 'Week 2/52'",""
"passed","Mon Jul 27 02:36:19 UTC 2026","Mon Jul 27 02:36:21 UTC 2026","1934","tests.PlayWrightTests.UserFacingPortal","test_Search_the_web","TestSearchTheWeb","","","Search the Web: Load more results and validate more recipes are displayed","p12: Search for a recipe and load more results"
"passed","Mon Jul 27 02:39:50 UTC 2026","Mon Jul 27 02:39:55 UTC 2026","5376","tests.PlayWrightTests.UserFacingPortal","test_blood_sugar_notes","TestBloodSugarNotes","","","test_add_fasting_blood_sugar_with_notes[chromium]","Add blood sugar entries for Fasting, Before Meal, and After Meal with notes and validate each is saved."
"passed","Mon Jul 27 02:56:31 UTC 2026","Mon Jul 27 02:56:33 UTC 2026","2006","tests.PlayWrightTests.UserFacingPortal","test_homepage","TestHomePage","","","Verify the Meals card progress bar is visible and clicking the Meals card navigates to the food page",""
"passed","Mon Jul 27 03:04:19 UTC 2026","Mon Jul 27 03:04:19 UTC 2026","65","tests.PlayWrightTests.UserFacingPortal","test_login_page","TestLoginPage","","","Clicking Forgot password link navigates to the forgot password page",""
"passed","Mon Jul 27 03:04:35 UTC 2026","Mon Jul 27 03:04:35 UTC 2026","68","tests.PlayWrightTests.UserFacingPortal","test_login_page","TestLoginPageSpanish","","","Clicking the forgot password link navigates to the forgot password page",""
"passed","Mon Jul 27 03:20:58 UTC 2026","Mon Jul 27 03:20:59 UTC 2026","229","tests.PlayWrightTests.UserFacingPortal","test_tobacco","TestTobaccoSection","","","Verify that editing target fails with validation error when entering a negative value",""
"passed","Mon Jul 27 02:37:40 UTC 2026","Mon Jul 27 02:37:42 UTC 2026","1976","tests.PlayWrightTests.UserFacingPortal","test_blood_pressure","TestBloodPressureSection","","","Verify target edit error when clearing diastolic input field",""
"passed","Mon Jul 27 03:20:49 UTC 2026","Mon Jul 27 03:20:49 UTC 2026","190","tests.PlayWrightTests.UserFacingPortal","test_tobacco","TestTobaccoSection","","","Verify that entering a target value and clicking the Cancel button does not save the target",""
"passed","Mon Jul 27 03:04:19 UTC 2026","Mon Jul 27 03:04:19 UTC 2026","11","tests.PlayWrightTests.UserFacingPortal","test_login_page","TestLoginPage","","","OR separator is visible between the two sign in options",""
"passed","Mon Jul 27 02:35:39 UTC 2026","Mon Jul 27 02:35:40 UTC 2026","1382","tests.PlayWrightTests.UserFacingPortal","test_Search_the_web","TestSearchTheWeb","","","Search the Web: clicking the 'Search the Web' button navigates to the Search the Web page and renders the header 'Explore Recipes'","p1: Navigate to Search the Web page and validate header"
"passed","Mon Jul 27 03:20:37 UTC 2026","Mon Jul 27 03:20:49 UTC 2026","11914","tests.PlayWrightTests.UserFacingPortal","test_tobacco","TestTobaccoSection","","","Verify that the Set Target button is displayed in the empty state when no target is set",""
"passed","Mon Jul 27 02:57:40 UTC 2026","Mon Jul 27 02:57:40 UTC 2026","8","tests.PlayWrightTests.UserFacingPortal","test_homepage","TestHomePage","","","Given I logged into web app as a user, when user's cohort dpp date is in week52, then user should see weekly progress title as 'Week 52/52' & completely filled progress-bar",""
"passed","Mon Jul 27 03:08:16 UTC 2026","Mon Jul 27 03:08:16 UTC 2026","128","tests.PlayWrightTests.UserFacingPortal","test_profile","TestProfile","","","Contact Details validation: submitting a blank City field displays the inline error 'City is required'",""
"broken","Mon Jul 27 02:41:33 UTC 2026","Mon Jul 27 02:42:03 UTC 2026","30015","tests.PlayWrightTests.UserFacingPortal","test_discussionReactions","TestUserDiscussionReactions","","","Given there are discussion posts, when I try to react to this post by giving thumbs up, then I should see Like button changing to Blue colour with text==Like",""
"failed","Mon Jul 27 02:24:58 UTC 2026","Mon Jul 27 02:25:04 UTC 2026","5847","tests.PlayWrightTests.UserFacingPortal","test_AI_Chatbot","TestAIChatbot","","","AI Chatbot weight log confirmation: after logging a weight entry via the chatbot, the log is still present in the Health page after navigating to the Health page - LBS entry",""
"passed","Mon Jul 27 02:40:01 UTC 2026","Mon Jul 27 02:40:06 UTC 2026","4906","tests.PlayWrightTests.UserFacingPortal","test_body_composition","TestBodyComposition","","","test_body_composition_heading[chromium]","Navigate to Health tab and verify Body Composition section is visible."
"passed","Mon Jul 27 03:09:43 UTC 2026","Mon Jul 27 03:09:47 UTC 2026","4189","tests.PlayWrightTests.UserFacingPortal","test_profile","TestProfile","","","Uploaded documents: clicking the 'Delete' icon and confirming with 'Yes' on the confirmation dialog triggers the delete flow (current backend behavior leaves the row in the table)",""
"passed","Mon Jul 27 02:51:52 UTC 2026","Mon Jul 27 02:51:53 UTC 2026","1327","tests.PlayWrightTests.UserFacingPortal","test_guided_tour_spanish","TestGuidedTourSpanish","","","Step 6 shows the device-sync guidance text for Fitbit, Garmin, and Apple Watch with full controls",""
"skipped","Mon Jul 27 03:01:43 UTC 2026","Mon Jul 27 03:02:07 UTC 2026","23278","tests.PlayWrightTests.UserFacingPortal","test_homepage","TestHomePage","","","Verify that Set Targets Weight input throws an error on decimal values.",""
"passed","Mon Jul 27 03:03:48 UTC 2026","Mon Jul 27 03:04:17 UTC 2026","29384","tests.PlayWrightTests.UserFacingPortal","test_homepage","TestHomePage","","","Verify Exercise full completion green state with dynamic target.",""
"passed","Mon Jul 27 03:10:26 UTC 2026","Mon Jul 27 03:10:37 UTC 2026","10098","tests.PlayWrightTests.UserFacingPortal","test_talk_to_my_team","TestTalkToMyTeamDiscussTab","","","Verify that a user can create a post with both an image (.png) and a PDF document attached in the Discuss tab",""
"failed","Mon Jul 27 02:53:43 UTC 2026","Mon Jul 27 02:54:00 UTC 2026","16435","tests.PlayWrightTests.UserFacingPortal","test_habirecipe_book","TestRecipeBook","","","View Recipe Image Icon is loaded properly on list page",""
"passed","Mon Jul 27 03:13:44 UTC 2026","Mon Jul 27 03:13:45 UTC 2026","1122","tests.PlayWrightTests.UserFacingPortal","test_talk_to_my_team","TestTalkToMyTeamMyPostsTab","","","Verify that a user can successfully create a post with description only (no subject) in the My Posts tab",""
"passed","Mon Jul 27 02:53:20 UTC 2026","Mon Jul 27 02:53:20 UTC 2026","41","tests.PlayWrightTests.UserFacingPortal","test_habirecipe_book","TestRecipeBook","","","View generated Habi recipe detail page",""
"passed","Mon Jul 27 02:52:18 UTC 2026","Mon Jul 27 02:52:18 UTC 2026","4","tests.PlayWrightTests.UserFacingPortal","test_habirecipe_book","TestRecipeBook","","","Verify Habi Recipes tab is selected by default",""
"passed","Mon Jul 27 02:41:19 UTC 2026","Mon Jul 27 02:41:27 UTC 2026","8708","tests.PlayWrightTests.UserFacingPortal","test_discussionReactions","TestUserDiscussionReactions","","","Given I logged into web app as a user, when I do not have any discussions, then I should see an empty discussions page",""
"passed","Mon Jul 27 03:09:25 UTC 2026","Mon Jul 27 03:09:34 UTC 2026","8360","tests.PlayWrightTests.UserFacingPortal","test_profile","TestProfile","","","Upload cancel (second instance): providing a valid file, Name and Type and then clicking 'Cancel' closes the dialog and the documents table row count remains unchanged",""
"passed","Mon Jul 27 02:37:40 UTC 2026","Mon Jul 27 02:37:40 UTC 2026","87","tests.PlayWrightTests.UserFacingPortal","test_blood_pressure","TestBloodPressureSection","","","Verify that target modifications are reverted to previous configurations when editing is cancelled",""
"passed","Mon Jul 27 02:30:56 UTC 2026","Mon Jul 27 02:30:57 UTC 2026","1440","tests.PlayWrightTests.UserFacingPortal","test_MyRecipes","TestMyRecipes","","","verify Create Your Recipe button is disabled when Recipe Name * field is empty",""
"passed","Mon Jul 27 03:04:42 UTC 2026","Mon Jul 27 03:04:42 UTC 2026","20","tests.PlayWrightTests.UserFacingPortal","test_login_page","TestNeedHelpPage","","","Category dropdown is visible on the Need Help page",""
"passed","Mon Jul 27 03:04:46 UTC 2026","Mon Jul 27 03:04:47 UTC 2026","957","tests.PlayWrightTests.UserFacingPortal","test_login_page","TestNeedHelpPage","","","Submitting with email, subject and message shows success toaster",""
"passed","Mon Jul 27 03:14:01 UTC 2026","Mon Jul 27 03:14:20 UTC 2026","19151","tests.PlayWrightTests.UserFacingPortal","test_talk_to_my_team","TestTalkToMyTeamMyPostsTab","","","Verify that uploading documents with subject only (no description) shows a required field validation error in the My Posts tab",""
"passed","Mon Jul 27 02:38:24 UTC 2026","Mon Jul 27 02:38:32 UTC 2026","7376","tests.PlayWrightTests.UserFacingPortal","test_blood_sugar","TestBloodSugarSection","","","Verify that canceling a target edit reverts changes to the previously saved target value",""
"passed","Mon Jul 27 03:04:26 UTC 2026","Mon Jul 27 03:04:26 UTC 2026","7","tests.PlayWrightTests.UserFacingPortal","test_login_page","TestLoginPage","","","Send Code Via Text button is visible on the code delivery page",""
"passed","Mon Jul 27 02:31:10 UTC 2026","Mon Jul 27 02:31:12 UTC 2026","2105","tests.PlayWrightTests.UserFacingPortal","test_MyRecipes","TestMyRecipes","","","verify servings get updated when incremented/decremented",""
"passed","Mon Jul 27 02:49:47 UTC 2026","Mon Jul 27 02:49:56 UTC 2026","8770","tests.PlayWrightTests.UserFacingPortal","test_exercise","TestExerciseSection","","","Exercise Logging: adding an exercise entry for a future date is restricted",""
"passed","Mon Jul 27 02:23:10 UTC 2026","Mon Jul 27 02:23:46 UTC 2026","35566","tests.PlayWrightTests.UserFacingPortal.Chatbot","test_chatbot_forLoggingWeights","TestChatbotLogWeight","","","Verify user can use habi chatbot to log Weight in lbs, given prompt==log my weight==68lbs measured today, and says 'YES' to confirmation message",""
"passed","Mon Jul 27 03:04:21 UTC 2026","Mon Jul 27 03:04:21 UTC 2026","59","tests.PlayWrightTests.UserFacingPortal","test_login_page","TestLoginPage","","","Submitting the form with a valid email and empty password shows password required error",""
"passed","Mon Jul 27 02:54:01 UTC 2026","Mon Jul 27 02:54:01 UTC 2026","4","tests.PlayWrightTests.UserFacingPortal","test_habirecipe_book","TestRecipeBook","","","View save button is disabled until meal type is selected",""
"passed","Mon Jul 27 02:39:28 UTC 2026","Mon Jul 27 02:39:37 UTC 2026","9232","tests.PlayWrightTests.UserFacingPortal","test_blood_sugar","TestBloodSugarSection","","","Verify that saving a decimal value displays a validation error, and cleanup all logged data",""
"passed","Mon Jul 27 03:08:13 UTC 2026","Mon Jul 27 03:08:14 UTC 2026","1435","tests.PlayWrightTests.UserFacingPortal","test_profile","TestProfile","","","Contact Details edit: leaving Address Line 2 blank (optional field) and saving does not raise validation errors; the previously saved Address Line 1 remains intact and no Apt./line-2 text appears",""
"passed","Mon Jul 27 02:52:19 UTC 2026","Mon Jul 27 02:52:30 UTC 2026","11230","tests.PlayWrightTests.UserFacingPortal","test_habirecipe_book","TestRecipeBook","","","As a user When I click on the DIETARY_RESTRICTIONS_BUTTON, it should take to Dietary restrictions page",""
"passed","Mon Jul 27 02:54:37 UTC 2026","Mon Jul 27 02:54:38 UTC 2026","1687","tests.PlayWrightTests.UserFacingPortal","test_habits","TestHabitsFeature","","","Noon and Night hover changes color to blue with underline",""
"passed","Mon Jul 27 02:54:09 UTC 2026","Mon Jul 27 02:54:12 UTC 2026","3308","tests.PlayWrightTests.UserFacingPortal","test_habirecipe_book","TestRecipeBook","","","View user can search recipes in Habi recipe List and search results are displayed as per search term entered",""
"broken","Mon Jul 27 02:40:12 UTC 2026","Mon Jul 27 02:40:43 UTC 2026","30475","tests.PlayWrightTests.UserFacingPortal","test_body_composition","TestBodyComposition","","","test_dialog_headers_match_alts[chromium]","Open Body Composition dialog and assert each alt value exists as a column header."
"passed","Mon Jul 27 02:55:31 UTC 2026","Mon Jul 27 02:55:31 UTC 2026","547","tests.PlayWrightTests.UserFacingPortal","test_hba1c","TestHbA1cSection","","","Verify vital validation error when entering HbA1c value greater than 14",""
"passed","Mon Jul 27 03:08:08 UTC 2026","Mon Jul 27 03:08:08 UTC 2026","64","tests.PlayWrightTests.UserFacingPortal","test_profile","TestProfile","","","Contact Details edit: clicking the 'Edit' link on the Contact Details card switches the section into edit mode and renders the 'Save' button",""
"passed","Mon Jul 27 03:13:10 UTC 2026","Mon Jul 27 03:13:29 UTC 2026","19371","tests.PlayWrightTests.UserFacingPortal","test_talk_to_my_team","TestTalkToMyTeamDiscussTab","","","Verify that a previously blocked user can be unblocked and the blocked user indicator disappears in the Discuss tab",""
"passed","Mon Jul 27 02:30:57 UTC 2026","Mon Jul 27 02:31:00 UTC 2026","3062","tests.PlayWrightTests.UserFacingPortal","test_MyRecipes","TestMyRecipes","","","verify Create Your Recipe button should be disabled when Recipe Name is filled and no ingredients selected",""
"passed","Mon Jul 27 02:52:46 UTC 2026","Mon Jul 27 02:52:46 UTC 2026","2","tests.PlayWrightTests.UserFacingPortal","test_habirecipe_book","TestRecipeBook","","","As a user When I fill the search input with a valid ingredient, Verify remove icon exists",""
"passed","Mon Jul 27 02:38:56 UTC 2026","Mon Jul 27 02:38:59 UTC 2026","3146","tests.PlayWrightTests.UserFacingPortal","test_blood_sugar","TestBloodSugarSection","","","Verify that adding a historical After Meal blood sugar entry displays correctly in the current widget value",""
"passed","Mon Jul 27 03:04:42 UTC 2026","Mon Jul 27 03:04:42 UTC 2026","8","tests.PlayWrightTests.UserFacingPortal","test_login_page","TestNeedHelpPage","","","Email label is visible on the Need Help page",""
"passed","Mon Jul 27 02:35:40 UTC 2026","Mon Jul 27 02:35:40 UTC 2026","6","tests.PlayWrightTests.UserFacingPortal","test_Search_the_web","TestSearchTheWeb","","","Search the Web: clicking the 'No Recipes Found' image navigates to the appropriate page","p2: Click 'No Recipes Found' image and validate navigation"
"passed","Mon Jul 27 02:48:28 UTC 2026","Mon Jul 27 02:48:36 UTC 2026","7831","tests.PlayWrightTests.UserFacingPortal","test_exercise","TestExerciseSection","","","Exercise Logging: entering alphabetical characters in the Minutes field is rejected with a validation error",""
"passed","Mon Jul 27 02:52:46 UTC 2026","Mon Jul 27 02:52:46 UTC 2026","19","tests.PlayWrightTests.UserFacingPortal","test_habirecipe_book","TestRecipeBook","","","As a user When I fill the search input with a valid ingredient, Verify toast message",""
"passed","Mon Jul 27 02:37:34 UTC 2026","Mon Jul 27 02:37:38 UTC 2026","3474","tests.PlayWrightTests.UserFacingPortal","test_blood_pressure","TestBloodPressureSection","","","Verify that user is able to successfully log initial blood pressure vitals (systolic 80, diastolic 120) with a historical date",""
"passed","Mon Jul 27 03:04:53 UTC 2026","Mon Jul 27 03:04:54 UTC 2026","665","tests.PlayWrightTests.UserFacingPortal","test_login_page","TestNeedHelpPageSpanish","","","Submitting with email and message only shows subject required error in Spanish",""
"passed","Mon Jul 27 02:55:43 UTC 2026","Mon Jul 27 02:55:43 UTC 2026","147","tests.PlayWrightTests.UserFacingPortal","test_hba1c","TestHbA1cSection","","","Verify canceling target setting reverts input changes",""
"passed","Mon Jul 27 02:37:40 UTC 2026","Mon Jul 27 02:37:40 UTC 2026","167","tests.PlayWrightTests.UserFacingPortal","test_blood_pressure","TestBloodPressureSection","","","Verify target edit error when clearing systolic input field",""
"passed","Mon Jul 27 03:04:19 UTC 2026","Mon Jul 27 03:04:19 UTC 2026","3","tests.PlayWrightTests.UserFacingPortal","test_login_page","TestLoginPage","","","Password input has placeholder text Enter your password",""
"passed","Mon Jul 27 03:04:19 UTC 2026","Mon Jul 27 03:04:19 UTC 2026","9","tests.PlayWrightTests.UserFacingPortal","test_login_page","TestLoginPage","","","Register link is visible and has the correct label",""
"passed","Mon Jul 27 02:51:40 UTC 2026","Mon Jul 27 02:51:46 UTC 2026","6015","tests.PlayWrightTests.UserFacingPortal","test_guided_tour_spanish","TestGuidedTourSpanish","","","Clicking 'Saltar' from each intermediate step exits immediately to the dashboard",""
"broken","Mon Jul 27 02:28:05 UTC 2026","Mon Jul 27 02:28:36 UTC 2026","31532","tests.PlayWrightTests.UserFacingPortal","test_AI_Chatbot","TestAIChatbot","","","AI Chatbot History: Verifying Active chat and clicking 'Cancel' & 'Delete' on the delete confirmation dialog leaves the History entry intact",""
"passed","Mon Jul 27 02:47:25 UTC 2026","Mon Jul 27 02:47:33 UTC 2026","7581","tests.PlayWrightTests.UserFacingPortal","test_exercise","TestExerciseSection","","","Exercise Target Validation: verifying an error message ('Minutes cannot be blank') is displayed when clearing the target input during edit",""
"passed","Mon Jul 27 02:53:17 UTC 2026","Mon Jul 27 02:53:17 UTC 2026","5","tests.PlayWrightTests.UserFacingPortal","test_habirecipe_book","TestRecipeBook","","","Verify generated recipe details are visible",""
"passed","Mon Jul 27 02:51:35 UTC 2026","Mon Jul 27 02:51:37 UTC 2026","1912","tests.PlayWrightTests.UserFacingPortal","test_guided_tour_spanish","TestGuidedTourSpanish","","","Advancing through every step with 'Siguiente' validates each exact message and finishes on the dashboard",""
"passed","Mon Jul 27 02:51:04 UTC 2026","Mon Jul 27 02:51:05 UTC 2026","961","tests.PlayWrightTests.UserFacingPortal","test_guided_tour","TestGuidedTour","","","Guided Tour Welcome: Clicking 'Maybe Later' should open final guidance message and allow finishing back to dashboard targets",""
"passed","Mon Jul 27 02:36:37 UTC 2026","Mon Jul 27 02:36:39 UTC 2026","1900","tests.PlayWrightTests.UserFacingPortal","test_Set_Targets","Test_Set_Targets","","","Validate Reset to Default functionality","Test that Reset to Default button restores default calorie and macro values"
"passed","Mon Jul 27 02:57:11 UTC 2026","Mon Jul 27 02:57:11 UTC 2026","388","tests.PlayWrightTests.UserFacingPortal","test_homepage","TestHomePage","","","Verify Set Targets water intake input enforces boundary rules: decrementing below minimum clamps to min, incrementing above maximum clamps to max, entering 0 snaps to min, and entering an out-of-range large value snaps to max",""
"passed","Mon Jul 27 02:57:27 UTC 2026","Mon Jul 27 02:57:35 UTC 2026","8183","tests.PlayWrightTests.UserFacingPortal","test_homepage","TestHomePage","","","Given I logged into web app as a user, when user's cohort dpp date has gone past 52 weeks, then user should not see weekly progress title",""
"passed","Mon Jul 27 03:07:26 UTC 2026","Mon Jul 27 03:07:28 UTC 2026","1863","tests.PlayWrightTests.UserFacingPortal","test_profile","TestProfile","","","Profile dropdown: clicking the profile picture in the top navigation expands the dropdown and exposes the 'View Profile Details' link",""
"passed","Mon Jul 27 02:24:01 UTC 2026","Mon Jul 27 02:24:23 UTC 2026","21959","tests.PlayWrightTests.UserFacingPortal","test_AI_Chatbot","TestAIChatbot","","","AI Chatbot log confirmation: sending a free-form weight log message and confirming with 'Yes' successfully logs the entry and displays the confirmation",""
"passed","Mon Jul 27 03:04:57 UTC 2026","Mon Jul 27 03:07:07 UTC 2026","129485","tests.PlayWrightTests.UserFacingPortal","test_paywall_india","TestPaywallIndia","","","test_paywall_subscription_days[chromium]",""
"passed","Mon Jul 27 02:51:47 UTC 2026","Mon Jul 27 02:51:48 UTC 2026","668","tests.PlayWrightTests.UserFacingPortal","test_guided_tour_spanish","TestGuidedTourSpanish","","","Step 2 shows the discussion-board guidance text with 'Atrás', 'Siguiente', and 'Saltar' available",""
"passed","Mon Jul 27 02:29:14 UTC 2026","Mon Jul 27 02:29:25 UTC 2026","11420","tests.PlayWrightTests.UserFacingPortal","test_MyRecipes","TestMyRecipes","","","When user Click on My Recipe",""
"passed","Mon Jul 27 02:28:36 UTC 2026","Mon Jul 27 02:28:39 UTC 2026","2488","tests.PlayWrightTests.UserFacingPortal","test_AI_Chatbot","TestAIChatbot","","","AI Chatbot History: Verifying Clear all button on the delete confirmation dialog removes all history entries",""
"passed","Mon Jul 27 02:52:19 UTC 2026","Mon Jul 27 02:52:19 UTC 2026","7","tests.PlayWrightTests.UserFacingPortal","test_habirecipe_book","TestRecipeBook","","","As a user when I am on the Food Allergies page, and when I click on the Previous button, progress bar should be updated and seen empty filling",""
"passed","Mon Jul 27 02:24:30 UTC 2026","Mon Jul 27 02:24:58 UTC 2026","27949","tests.PlayWrightTests.UserFacingPortal","test_AI_Chatbot","TestAIChatbot","","","AI Chatbot log confirmation: sending a free-form weight log message as LBS and confirming with 'Yes' successfully logs the entry and displays the confirmation",""
"passed","Mon Jul 27 02:37:39 UTC 2026","Mon Jul 27 02:37:40 UTC 2026","117","tests.PlayWrightTests.UserFacingPortal","test_blood_pressure","TestBloodPressureSection","","","Verify successful editing and update of blood pressure targets to new valid values (Systolic: 5, Diastolic: 15)",""
"passed","Mon Jul 27 03:08:09 UTC 2026","Mon Jul 27 03:08:09 UTC 2026","61","tests.PlayWrightTests.UserFacingPortal","test_profile","TestProfile","","","Contact Details validation: entering a Contact Number shorter than 10 digits displays the inline error 'Contact number must be at least 10 characters'",""
"passed","Mon Jul 27 03:21:01 UTC 2026","Mon Jul 27 03:21:08 UTC 2026","6931","tests.PlayWrightTests.UserFacingPortal","test_tobacco","TestTobaccoSection","","","Verify that the Tobacco Count empty state displays 'No data recorded yet' after clean up",""
"passed","Mon Jul 27 02:55:23 UTC 2026","Mon Jul 27 02:55:25 UTC 2026","2018","tests.PlayWrightTests.UserFacingPortal","test_hba1c","TestHbA1cSection","","","Verify logging a historical HbA1c entry for the past year",""
"passed","Mon Jul 27 02:29:51 UTC 2026","Mon Jul 27 02:30:01 UTC 2026","10081","tests.PlayWrightTests.UserFacingPortal","test_MyRecipes","TestMyRecipes","","","And user is navigating to food section",""
"passed","Mon Jul 27 02:57:40 UTC 2026","Mon Jul 27 02:57:46 UTC 2026","5794","tests.PlayWrightTests.UserFacingPortal","test_homepage","TestHomePage","","","Given I logged into web app as a user, when user's cohort program hasn't started, then user should not see weekly progress title",""
"passed","Mon Jul 27 02:30:50 UTC 2026","Mon Jul 27 02:30:56 UTC 2026","5446","tests.PlayWrightTests.UserFacingPortal","test_MyRecipes","TestMyRecipes","","","verify empty state message when no 'My Recipes' are created",""
"passed","Mon Jul 27 02:52:18 UTC 2026","Mon Jul 27 02:52:18 UTC 2026","72","tests.PlayWrightTests.UserFacingPortal","test_habirecipe_book","TestRecipeBook","","","Verify user can navigate to recipe preferences page",""
"passed","Mon Jul 27 03:20:50 UTC 2026","Mon Jul 27 03:20:50 UTC 2026","199","tests.PlayWrightTests.UserFacingPortal","test_tobacco","TestTobaccoSection","","","Verify that a validation error is displayed when trying to save a negative tobacco target value",""
"passed","Mon Jul 27 02:36:14 UTC 2026","Mon Jul 27 02:36:17 UTC 2026","3178","tests.PlayWrightTests.UserFacingPortal","test_Search_the_web","TestSearchTheWeb","","","Search the Web: search recipe and navigating back to the previous page","p10: Search for a recipe and navigate back"
"passed","Mon Jul 27 02:56:00 UTC 2026","Mon Jul 27 02:56:01 UTC 2026","156","tests.PlayWrightTests.UserFacingPortal","test_homepage","TestHomePage","","","Verify clicking the Food nav link routes to /app/food and renders the date navigator, food page container, and Logs header",""
"passed","Mon Jul 27 03:04:35 UTC 2026","Mon Jul 27 03:04:35 UTC 2026","9","tests.PlayWrightTests.UserFacingPortal","test_login_page","TestLoginPageSpanish","","","Forgot password link is visible and enabled with Spanish label",""
"passed","Mon Jul 27 02:53:20 UTC 2026","Mon Jul 27 02:53:21 UTC 2026","1067","tests.PlayWrightTests.UserFacingPortal","test_habirecipe_book","TestRecipeBook","","","View when user clicks 'Back to Recipes' button while recipe is generating should take to Recipe list page and should be displayed 'Your recipe being generated' message",""
"passed","Mon Jul 27 02:37:20 UTC 2026","Mon Jul 27 02:37:20 UTC 2026","83","tests.PlayWrightTests.UserFacingPortal","test_Set_Targets","Test_Set_Targets","","","Fiber Target plus/minus button functionality","Test fiber target plus/minus controls increment and decrement by 1g"
"passed","Mon Jul 27 03:08:08 UTC 2026","Mon Jul 27 03:08:08 UTC 2026","171","tests.PlayWrightTests.UserFacingPortal","test_profile","TestProfile","","","Basic Information structural validation: the edit form exposes exactly the expected fields (firstName, lastName, email, dateOfBirth, gender, current_gender, timezone, preferredName) and a functional Save button with no unexpected inputs",""
"passed","Mon Jul 27 02:29:29 UTC 2026","Mon Jul 27 02:29:29 UTC 2026","654","tests.PlayWrightTests.UserFacingPortal","test_MyRecipes","TestMyRecipes","","","When user is able to add custom ingredient",""
"passed","Mon Jul 27 03:08:09 UTC 2026","Mon Jul 27 03:08:09 UTC 2026","62","tests.PlayWrightTests.UserFacingPortal","test_profile","TestProfile","","","Contact Details validation: entering alphabetic characters in the Contact Number field displays the inline error 'Contact number is invalid'",""
"passed","Mon Jul 27 03:12:19 UTC 2026","Mon Jul 27 03:12:32 UTC 2026","13063","tests.PlayWrightTests.UserFacingPortal","test_talk_to_my_team","TestTalkToMyTeamDiscussTab","","","Verify that a user can block a post with category 'Other' without providing a reason in the Discuss tab",""
"passed","Mon Jul 27 03:20:32 UTC 2026","Mon Jul 27 03:20:33 UTC 2026","1464","tests.PlayWrightTests.UserFacingPortal","test_talktomycoach","TestDashboardChat","","","TC28 – Verify that the chat history displays at least one date label for a past day (a date other than today) when prior-day messages are present",""
"passed","Mon Jul 27 03:07:55 UTC 2026","Mon Jul 27 03:08:04 UTC 2026","8817","tests.PlayWrightTests.UserFacingPortal","test_profile","TestProfile","","","Basic Information edit: selecting a valid Date of Birth (15th of the previous month) and saving persists the new DOB successfully",""
"passed","Mon Jul 27 02:56:01 UTC 2026","Mon Jul 27 02:56:02 UTC 2026","181","tests.PlayWrightTests.UserFacingPortal","test_homepage","TestHomePage","","","Verify clicking the Discussion explore card routes to /app/discussion and renders the Discuss and My Posts tabs",""
"passed","Mon Jul 27 02:54:55 UTC 2026","Mon Jul 27 02:55:01 UTC 2026","5398","tests.PlayWrightTests.UserFacingPortal","test_habits","TestHabitsFeature","","","Test 28: Archive habit removes from active list",""
"passed","Mon Jul 27 02:36:35 UTC 2026","Mon Jul 27 02:36:36 UTC 2026","528","tests.PlayWrightTests.UserFacingPortal","test_Set_Targets","Test_Set_Targets","","","Dropdown disables values exceeding 100%",""
"passed","Mon Jul 27 02:39:27 UTC 2026","Mon Jul 27 02:39:28 UTC 2026","549","tests.PlayWrightTests.UserFacingPortal","test_blood_sugar","TestBloodSugarSection","","","Verify that a validation error is displayed when trying to save a blank After Meal blood sugar entry",""
"passed","Mon Jul 27 03:04:42 UTC 2026","Mon Jul 27 03:04:42 UTC 2026","10","tests.PlayWrightTests.UserFacingPortal","test_login_page","TestNeedHelpPage","","","Register link is visible on the Need Help page",""
"passed","Mon Jul 27 02:29:28 UTC 2026","Mon Jul 27 02:29:28 UTC 2026","16","tests.PlayWrightTests.UserFacingPortal","test_MyRecipes","TestMyRecipes","","","And user is able to validate added ingredient toast message",""
"passed","Mon Jul 27 02:53:18 UTC 2026","Mon Jul 27 02:53:19 UTC 2026","838","tests.PlayWrightTests.UserFacingPortal","test_habirecipe_book","TestRecipeBook","","","remove favorite",""
"passed","Mon Jul 27 03:01:20 UTC 2026","Mon Jul 27 03:01:43 UTC 2026","23853","tests.PlayWrightTests.UserFacingPortal","test_homepage","TestHomePage","","","Verify that Weight progress ignores data from the previous week.",""
"passed","Mon Jul 27 03:04:52 UTC 2026","Mon Jul 27 03:04:52 UTC 2026","728","tests.PlayWrightTests.UserFacingPortal","test_login_page","TestNeedHelpPageSpanish","","","Submitting with email and category only shows subject required error in Spanish",""
"passed","Mon Jul 27 02:37:57 UTC 2026","Mon Jul 27 02:38:05 UTC 2026","7854","tests.PlayWrightTests.UserFacingPortal","test_blood_pressure","TestBloodPressureSection","","","Verify that logging a current day reading adds the vital values successfully and logs them inside the history table",""
"failed","Mon Jul 27 02:37:19 UTC 2026","Mon Jul 27 02:37:20 UTC 2026","852","tests.PlayWrightTests.UserFacingPortal","test_Set_Targets","Test_Set_Targets","","","Water Target min/max limits validation","Test that water target respects min/max limits: oz (1-500) and ml (1-14787)."
"broken","Mon Jul 27 02:33:57 UTC 2026","Mon Jul 27 02:34:27 UTC 2026","30002","tests.PlayWrightTests.UserFacingPortal","test_ProgressInsights","TestUserProgressInsights","","","test_validate_sharePositiveFeedback[chromium]",""
"passed","Mon Jul 27 02:47:03 UTC 2026","Mon Jul 27 02:47:10 UTC 2026","7180","tests.PlayWrightTests.UserFacingPortal","test_exercise","TestExerciseSection","","","Exercise Target Validation: verifying an error message ('Minutes must be greater than or equal to 1') is displayed when entering a negative target value",""
"passed","Mon Jul 27 02:37:38 UTC 2026","Mon Jul 27 02:37:38 UTC 2026","148","tests.PlayWrightTests.UserFacingPortal","test_blood_pressure","TestBloodPressureSection","","","Verify validation error 'Diastolic cannot be blank' when attempting to save a negative systolic target without diastolic",""
"passed","Mon Jul 27 02:39:20 UTC 2026","Mon Jul 27 02:39:23 UTC 2026","2597","tests.PlayWrightTests.UserFacingPortal","test_blood_sugar","TestBloodSugarSection","","","Verify that yesterday's After Meal blood sugar entry is saved successfully",""
"passed","Mon Jul 27 03:04:19 UTC 2026","Mon Jul 27 03:04:19 UTC 2026","9","tests.PlayWrightTests.UserFacingPortal","test_login_page","TestLoginPage","","","Email field label displays the text Email",""
"passed","Mon Jul 27 03:08:18 UTC 2026","Mon Jul 27 03:08:21 UTC 2026","3440","tests.PlayWrightTests.UserFacingPortal","test_profile","TestProfile","","","Contact Details edit: selecting 'California' from the State dropdown and saving persists the state and renders 'Los Angeles, CA' in the read-only address block",""
"passed","Mon Jul 27 02:56:55 UTC 2026","Mon Jul 27 02:56:57 UTC 2026","2015","tests.PlayWrightTests.UserFacingPortal","test_homepage","TestHomePage","","","Verify the Discussion board composer is ready with Share title, subject input, and body textarea visible, and if posts exist, the first post author and comment input are displayed",""
"passed","Mon Jul 27 02:56:01 UTC 2026","Mon Jul 27 02:56:01 UTC 2026","196","tests.PlayWrightTests.UserFacingPortal","test_homepage","TestHomePage","","","Verify clicking the arrow/SVG icon on the Weight Loss card routes the browser to the Health page at /app/health",""
"passed","Mon Jul 27 02:44:58 UTC 2026","Mon Jul 27 02:45:06 UTC 2026","8194","tests.PlayWrightTests.UserFacingPortal","test_exercise","TestExerciseSection","","","Exercise History: verifying both today's and yesterday's exercise entries are displayed sequentially in the history details log",""
"passed","Mon Jul 27 02:47:59 UTC 2026","Mon Jul 27 02:48:06 UTC 2026","7231","tests.PlayWrightTests.UserFacingPortal","test_exercise","TestExerciseSection","","","Exercise Target Validation: verifying an error message ('Minutes must be less than or equal to 1440') is displayed when entering value greater than 1440 during edit",""
"passed","Mon Jul 27 03:04:42 UTC 2026","Mon Jul 27 03:04:42 UTC 2026","3","tests.PlayWrightTests.UserFacingPortal","test_login_page","TestNeedHelpPage","","","Subject input placeholder text is correct",""
"passed","Mon Jul 27 02:56:16 UTC 2026","Mon Jul 27 02:56:16 UTC 2026","173","tests.PlayWrightTests.UserFacingPortal","test_homepage","TestHomePage","","","Verify the Medication page renders with the date navigator, Log tab, Your Medication tab, and Add Medication dropdown button all visible and enabled",""
"passed","Mon Jul 27 03:20:50 UTC 2026","Mon Jul 27 03:20:50 UTC 2026","198","tests.PlayWrightTests.UserFacingPortal","test_tobacco","TestTobaccoSection","","","Verify that a validation error is displayed when trying to save a tobacco target value greater than 99",""
"passed","Mon Jul 27 02:47:43 UTC 2026","Mon Jul 27 02:47:52 UTC 2026","8421","tests.PlayWrightTests.UserFacingPortal","test_exercise","TestExerciseSection","","","Exercise Target: verifying that clicking cancel during target edit reverts the input field changes to the previously saved value (7 min)",""
"passed","Mon Jul 27 02:52:31 UTC 2026","Mon Jul 27 02:52:31 UTC 2026","195","tests.PlayWrightTests.UserFacingPortal","test_habirecipe_book","TestRecipeBook","","","As a user When I click on the MACRONUTRIENT_CONSIDERATIONS_BUTTON  preference, it should take to MACRONUTRIENT_CONSIDERATIONS_BUTTON preference page",""
"passed","Mon Jul 27 03:04:51 UTC 2026","Mon Jul 27 03:04:51 UTC 2026","95","tests.PlayWrightTests.UserFacingPortal","test_login_page","TestNeedHelpPageSpanish","","","Submitting with subject only shows email and message errors in Spanish",""
"passed","Mon Jul 27 02:39:26 UTC 2026","Mon Jul 27 02:39:26 UTC 2026","630","tests.PlayWrightTests.UserFacingPortal","test_blood_sugar","TestBloodSugarSection","","","Verify that the details history list displays the correct dates for yesterday's and last month's data",""
"broken","Mon Jul 27 03:16:12 UTC 2026","Mon Jul 27 03:16:43 UTC 2026","31264","tests.PlayWrightTests.UserFacingPortal","test_talk_to_my_team","TestTalkToMyTeamMyPostsTab","","","Verify that a user can edit only the subject of an existing post and the updated subject is reflected in the My Posts tab",""
"skipped","Mon Jul 27 02:35:40 UTC 2026","Mon Jul 27 02:35:44 UTC 2026","3563","tests.PlayWrightTests.UserFacingPortal","test_Search_the_web","TestSearchTheWeb","","","Search the Web: search recipe and log the recipe","p3: Search for a recipe and log the recipe"
"passed","Mon Jul 27 02:38:22 UTC 2026","Mon Jul 27 02:38:22 UTC 2026","199","tests.PlayWrightTests.UserFacingPortal","test_blood_sugar","TestBloodSugarSection","","","Verify that a validation error is displayed when trying to save a negative Low target value",""
"passed","Mon Jul 27 02:56:00 UTC 2026","Mon Jul 27 02:56:00 UTC 2026","55","tests.PlayWrightTests.UserFacingPortal","test_homepage","TestHomePage","","","Verify clicking the Discussion menu button reveals all three dropdown options: Talk to My Coach, Talk to My Team, and View My Meetings",""
"passed","Mon Jul 27 03:04:26 UTC 2026","Mon Jul 27 03:04:26 UTC 2026","87","tests.PlayWrightTests.UserFacingPortal","test_login_page","TestLoginPage","","","Clicking Sign in with Code with an empty email shows email required error",""
"passed","Mon Jul 27 02:39:23 UTC 2026","Mon Jul 27 02:39:26 UTC 2026","2567","tests.PlayWrightTests.UserFacingPortal","test_blood_sugar","TestBloodSugarSection","","","Verify that yesterday's Before Meal blood sugar entry is saved successfully",""
"passed","Mon Jul 27 03:04:35 UTC 2026","Mon Jul 27 03:04:35 UTC 2026","16","tests.PlayWrightTests.UserFacingPortal","test_login_page","TestLoginPageSpanish","","","HabitNu logo is displayed on the login page in Spanish",""
"passed","Mon Jul 27 03:20:27 UTC 2026","Mon Jul 27 03:20:28 UTC 2026","980","tests.PlayWrightTests.UserFacingPortal","test_talktomycoach","TestDashboardChat","","","TC21A – Verify that sending a very long paragraph message causes the chat area to scroll but does not break the modal UI layout",""
"passed","Mon Jul 27 02:54:32 UTC 2026","Mon Jul 27 02:54:33 UTC 2026","1112","tests.PlayWrightTests.UserFacingPortal","test_habits","TestHabitsFeature","","","Cancel button returns to habits list without creating habit",""
"passed","Mon Jul 27 02:55:10 UTC 2026","Mon Jul 27 02:55:23 UTC 2026","12640","tests.PlayWrightTests.UserFacingPortal","test_hba1c","TestHbA1cSection","","","Verify empty state message ('No data recorded yet') and Add button are visible",""
"passed","Mon Jul 27 02:37:20 UTC 2026","Mon Jul 27 02:37:21 UTC 2026","464","tests.PlayWrightTests.UserFacingPortal","test_Set_Targets","Test_Set_Targets","","","Fiber Reset to Default modal content and No action","Verify fiber reset modal content appears and No closes modal without resetting value"
"passed","Mon Jul 27 02:54:43 UTC 2026","Mon Jul 27 02:54:44 UTC 2026","1209","tests.PlayWrightTests.UserFacingPortal","test_habits","TestHabitsFeature","","","Flexible days default is 1 per week",""
"passed","Mon Jul 27 03:14:43 UTC 2026","Mon Jul 27 03:15:10 UTC 2026","27187","tests.PlayWrightTests.UserFacingPortal","test_talk_to_my_team","TestTalkToMyTeamMyPostsTab","","","Verify that a user can upload up to 5 documents in a single post without any error in the My Posts tab",""
"passed","Mon Jul 27 02:40:47 UTC 2026","Mon Jul 27 02:40:54 UTC 2026","6695","tests.PlayWrightTests.UserFacingPortal","test_chef_curated","TestChefCurated","","","Search the Web: clicking the 'Search the Web' button navigates to the Search the Web page and renders the header 'Explore Recipes'","p1: Navigate to Chef Curated page and validate header"
"passed","Mon Jul 27 02:36:36 UTC 2026","Mon Jul 27 02:36:36 UTC 2026","35","tests.PlayWrightTests.UserFacingPortal","test_Set_Targets","Test_Set_Targets","","","Verify macro component labels and initial values","Validate text labels and default percentages for Carbs, Proteins, Fats"
"passed","Mon Jul 27 03:04:51 UTC 2026","Mon Jul 27 03:04:51 UTC 2026","7","tests.PlayWrightTests.UserFacingPortal","test_login_page","TestNeedHelpPageSpanish","","","Submit button is visible in Spanish on the Need Help page",""
"passed","Mon Jul 27 03:04:42 UTC 2026","Mon Jul 27 03:04:42 UTC 2026","10","tests.PlayWrightTests.UserFacingPortal","test_login_page","TestNeedHelpPage","","","Account settings text is correct on the Need Help page",""
"passed","Mon Jul 27 02:29:25 UTC 2026","Mon Jul 27 02:29:25 UTC 2026","56","tests.PlayWrightTests.UserFacingPortal","test_MyRecipes","TestMyRecipes","","","When user is able to enter the fields",""
"passed","Mon Jul 27 03:07:47 UTC 2026","Mon Jul 27 03:07:53 UTC 2026","5846","tests.PlayWrightTests.UserFacingPortal","test_profile","TestProfile","","","Basic Information edit: selecting Sex as 'Female' and saving persists the value and renders 'Female' in the read-only Basic Information view",""
"passed","Mon Jul 27 03:08:14 UTC 2026","Mon Jul 27 03:08:16 UTC 2026","1429","tests.PlayWrightTests.UserFacingPortal","test_profile","TestProfile","","","Contact Details edit: entering a valid Address Line 2 ('Apt. 464') and saving persists the value and renders it within the read-only address block",""
"passed","Mon Jul 27 02:55:29 UTC 2026","Mon Jul 27 02:55:29 UTC 2026","513","tests.PlayWrightTests.UserFacingPortal","test_hba1c","TestHbA1cSection","","","Verify last added data formatting in details page",""
"passed","Mon Jul 27 02:56:16 UTC 2026","Mon Jul 27 02:56:16 UTC 2026","72","tests.PlayWrightTests.UserFacingPortal","test_homepage","TestHomePage","","","Verify the weekly progress bar area shows a title matching 'Week X/Y' format, the progress bar is visible, and its ARIA attributes aria-valuemin=0 and aria-valuemax=100 are correct",""
"passed","Mon Jul 27 03:08:04 UTC 2026","Mon Jul 27 03:08:06 UTC 2026","2501","tests.PlayWrightTests.UserFacingPortal","test_profile","TestProfile","","","Basic Information edit: selecting Timezone 'Eastern' from the dropdown and saving persists the timezone and renders 'Eastern' in the read-only view",""
"passed","Mon Jul 27 03:04:35 UTC 2026","Mon Jul 27 03:04:35 UTC 2026","8","tests.PlayWrightTests.UserFacingPortal","test_login_page","TestLoginPageSpanish","","","Don't have an account prompt text is displayed in Spanish",""
"passed","Mon Jul 27 02:52:18 UTC 2026","Mon Jul 27 02:52:18 UTC 2026","6","tests.PlayWrightTests.UserFacingPortal","test_habirecipe_book","TestRecipeBook","","","Verify empty state is displayed when no recipes exist",""
"passed","Mon Jul 27 03:07:45 UTC 2026","Mon Jul 27 03:07:45 UTC 2026","148","tests.PlayWrightTests.UserFacingPortal","test_profile","TestProfile","","","Basic Information validation: clearing the Sex (gender) selection and attempting to save displays the inline error 'Sex is required'",""
"passed","Mon Jul 27 02:45:06 UTC 2026","Mon Jul 27 02:45:14 UTC 2026","7687","tests.PlayWrightTests.UserFacingPortal","test_exercise","TestExerciseSection","","","Exercise Validation: verifying an error message ('Steps cannot be blank') is displayed when trying to save a blank steps entry",""
"broken","Mon Jul 27 02:18:53 UTC 2026","Mon Jul 27 02:19:37 UTC 2026","43754","tests.PlayWrightTests.UserFacingPortal.Chatbot","test_chatbot_forLoggingExercise","TestChatbotLogsData","","","Verify user can use habi chatbot to log Exercise, given prompt==Log my exercise for today, where I ran 5 kilometers and took 2 hours, and says 'YES' to confirmation message",""
"passed","Mon Jul 27 02:57:06 UTC 2026","Mon Jul 27 02:57:06 UTC 2026","78","tests.PlayWrightTests.UserFacingPortal","test_homepage","TestHomePage","","","Verify each of the Meals, Weight, and Exercise weekly card progress bars expose correct ARIA accessibility attributes: aria-valuemin=0, aria-valuemax=100, and aria-valuenow as a valid number",""
"passed","Mon Jul 27 03:08:24 UTC 2026","Mon Jul 27 03:08:24 UTC 2026","60","tests.PlayWrightTests.UserFacingPortal","test_profile","TestProfile","","","Health Parameters edit: clicking the 'Edit' link on the Health Parameters card switches the section into edit mode and renders the 'Save' button, then closing the modal restores the read-only view",""
"passed","Mon Jul 27 02:31:35 UTC 2026","Mon Jul 27 02:32:09 UTC 2026","34514","tests.PlayWrightTests.UserFacingPortal","test_MyRecipes","TestMyRecipes","","","verify recipe details persist correctly on view recipe page",""
"passed","Mon Jul 27 03:07:35 UTC 2026","Mon Jul 27 03:07:35 UTC 2026","210","tests.PlayWrightTests.UserFacingPortal","test_profile","TestProfile","","","Profile picture validation: uploading a PDF file as the profile avatar is rejected by the client-side validator and an error toast is shown",""
"passed","Mon Jul 27 02:39:27 UTC 2026","Mon Jul 27 02:39:27 UTC 2026","563","tests.PlayWrightTests.UserFacingPortal","test_blood_sugar","TestBloodSugarSection","","","Verify that a validation error is displayed when trying to save a blank Fasting blood sugar entry",""
"passed","Mon Jul 27 02:36:34 UTC 2026","Mon Jul 27 02:36:34 UTC 2026","426","tests.PlayWrightTests.UserFacingPortal","test_Set_Targets","Test_Set_Targets","","","Verify default macro distribution","Validate that the default macro distribution sums to 100%"
"passed","Mon Jul 27 03:11:09 UTC 2026","Mon Jul 27 03:11:38 UTC 2026","29042","tests.PlayWrightTests.UserFacingPortal","test_talk_to_my_team","TestTalkToMyTeamDiscussTab","","","Verify that a second user can create a post that will be used for content blocking test scenarios in the Discuss tab",""
"passed","Mon Jul 27 02:22:16 UTC 2026","Mon Jul 27 02:22:43 UTC 2026","26995","tests.PlayWrightTests.UserFacingPortal.Chatbot","test_chatbot_forLoggingWeights","TestChatbotLogWeight","","","Verify user can use habi chatbot to log Weight in kg, given prompt==log my weight==68kg measured today, and says 'NO' to confirmation message",""
"passed","Mon Jul 27 02:50:06 UTC 2026","Mon Jul 27 02:50:14 UTC 2026","7649","tests.PlayWrightTests.UserFacingPortal","test_exercise","TestExerciseSection","","","Exercise History: exercise history date/time is correctly displayed in localized timezone format",""
"passed","Mon Jul 27 03:19:44 UTC 2026","Mon Jul 27 03:19:44 UTC 2026","180","tests.PlayWrightTests.UserFacingPortal","test_talktomycoach","TestDashboardChat","","","TC19 – Verify that a very long message of approximately 1000 characters is accepted, sent, and displayed in the chat without breaking the modal UI layout",""
"passed","Mon Jul 27 03:20:29 UTC 2026","Mon Jul 27 03:20:29 UTC 2026","232","tests.PlayWrightTests.UserFacingPortal","test_talktomycoach","TestDashboardChat","","","TC23 – Verify that clicking outside the coach chat modal on the weekly meals section does not close the modal and it remains fully visible and intact",""
"passed","Mon Jul 27 02:46:32 UTC 2026","Mon Jul 27 02:46:41 UTC 2026","9016","tests.PlayWrightTests.UserFacingPortal","test_exercise","TestExerciseSection","","","Exercise Target: verifying the 'Set Target' button is visible on the exercise widget when no target has been configured",""
"passed","Mon Jul 27 03:08:39 UTC 2026","Mon Jul 27 03:08:39 UTC 2026","55","tests.PlayWrightTests.UserFacingPortal","test_profile","TestProfile","","","Devices section: clicking the 'Devices' button on the Profile page reveals the supported integrations and the labels Withings, Garmin, and Fitbit are all rendered",""
"passed","Mon Jul 27 03:19:18 UTC 2026","Mon Jul 27 03:19:18 UTC 2026","147","tests.PlayWrightTests.UserFacingPortal","test_talktomycoach","TestDashboardChat","","","TC06 – Verify the send arrow button is visible and in an enabled clickable state inside the coach modal",""
"passed","Mon Jul 27 02:55:47 UTC 2026","Mon Jul 27 02:55:48 UTC 2026","1146","tests.PlayWrightTests.UserFacingPortal","test_hba1c","TestHbA1cSection","","","Verify canceling target edit reverts changes to the previous value",""
"passed","Mon Jul 27 02:51:37 UTC 2026","Mon Jul 27 02:51:40 UTC 2026","3185","tests.PlayWrightTests.UserFacingPortal","test_guided_tour_spanish","TestGuidedTourSpanish","","","Using 'Atrás' after moving forward keeps each step message consistent before completing the tour",""
"passed","Mon Jul 27 03:04:35 UTC 2026","Mon Jul 27 03:04:35 UTC 2026","5","tests.PlayWrightTests.UserFacingPortal","test_login_page","TestLoginPageSpanish","","","Privacy policy and terms of use links are enabled in Spanish",""
"passed","Mon Jul 27 03:08:16 UTC 2026","Mon Jul 27 03:08:17 UTC 2026","1373","tests.PlayWrightTests.UserFacingPortal","test_profile","TestProfile","","","Contact Details edit: updating City to 'Los Angeles' and saving persists the value and renders it in the read-only address block",""
"skipped","Mon Jul 27 03:03:23 UTC 2026","Mon Jul 27 03:03:48 UTC 2026","24797","tests.PlayWrightTests.UserFacingPortal","test_homepage","TestHomePage","","","Verify that Set Targets Exercise input throws an error on decimal values.",""
"passed","Mon Jul 27 03:04:51 UTC 2026","Mon Jul 27 03:04:51 UTC 2026","8","tests.PlayWrightTests.UserFacingPortal","test_login_page","TestNeedHelpPageSpanish","","","Privacy Policy link is visible in Spanish on the Need Help page",""
"passed","Mon Jul 27 03:19:24 UTC 2026","Mon Jul 27 03:19:25 UTC 2026","1014","tests.PlayWrightTests.UserFacingPortal","test_talktomycoach","TestDashboardChat","","","TC13 – Verify that a message containing special characters is accepted, sent successfully, and appears correctly in the chat conversation",""
"passed","Mon Jul 27 02:56:14 UTC 2026","Mon Jul 27 02:56:16 UTC 2026","1981","tests.PlayWrightTests.UserFacingPortal","test_homepage","TestHomePage","","","Verify the Fitness Videos page renders with a Fitness Videos section header and at least one group header card visible",""
"passed","Mon Jul 27 03:19:17 UTC 2026","Mon Jul 27 03:19:17 UTC 2026","23","tests.PlayWrightTests.UserFacingPortal","test_talktomycoach","TestDashboardChat","","","TC01 – Verify the chat bubble icon is visible on the dashboard home page after login",""
"passed","Mon Jul 27 02:51:05 UTC 2026","Mon Jul 27 02:51:06 UTC 2026","1507","tests.PlayWrightTests.UserFacingPortal","test_guided_tour","TestGuidedTour","","","Guided Tour End-to-End: User can progress through every tour step with Next and finish successfully on dashboard",""
"passed","Mon Jul 27 02:50:14 UTC 2026","Mon Jul 27 02:50:28 UTC 2026","13879","tests.PlayWrightTests.UserFacingPortal","test_exercise","TestExerciseSection","","","Exercise History: filtering by Week, Month, and Year correctly filters the logged history entries",""
"passed","Mon Jul 27 02:30:01 UTC 2026","Mon Jul 27 02:30:08 UTC 2026","7446","tests.PlayWrightTests.UserFacingPortal","test_MyRecipes","TestMyRecipes","","","And user is able to add Meal which is logged from my recipe",""
"passed","Mon Jul 27 03:04:19 UTC 2026","Mon Jul 27 03:04:19 UTC 2026","3","tests.PlayWrightTests.UserFacingPortal","test_login_page","TestLoginPage","","","Email input has placeholder text Enter your registered email",""
"passed","Mon Jul 27 02:29:25 UTC 2026","Mon Jul 27 02:29:25 UTC 2026","25","tests.PlayWrightTests.UserFacingPortal","test_MyRecipes","TestMyRecipes","","","Then user is validating the fields in my recipe",""
"passed","Mon Jul 27 03:08:21 UTC 2026","Mon Jul 27 03:08:23 UTC 2026","1381","tests.PlayWrightTests.UserFacingPortal","test_profile","TestProfile","","","Contact Details edit: entering a valid 9-digit Zip Code in XXXXX-XXXX format ('12345-9999') and saving persists the value and renders it in the read-only view",""
"passed","Mon Jul 27 02:37:38 UTC 2026","Mon Jul 27 02:37:38 UTC 2026","232","tests.PlayWrightTests.UserFacingPortal","test_blood_pressure","TestBloodPressureSection","","","Verify that the target setup dialog can be closed via the Cancel button, returning the card to its default action state",""
"passed","Mon Jul 27 02:57:06 UTC 2026","Mon Jul 27 02:57:09 UTC 2026","2774","tests.PlayWrightTests.UserFacingPortal","test_homepage","TestHomePage","","","Verify Set Targets macro total workflow: default is 100%, editing to 90% blocks save, restoring to 100% allows save",""
"passed","Mon Jul 27 02:54:43 UTC 2026","Mon Jul 27 02:54:43 UTC 2026","7","tests.PlayWrightTests.UserFacingPortal","test_habits","TestHabitsFeature","","","Habit detail page has all required buttons",""
"passed","Mon Jul 27 02:56:01 UTC 2026","Mon Jul 27 02:56:01 UTC 2026","227","tests.PlayWrightTests.UserFacingPortal","test_homepage","TestHomePage","","","Verify clicking the Health nav link renders health card section headers: Weight, Exercise, Blood Sugar, Blood Pressure, Tobacco Count, and HbA1c",""
"passed","Mon Jul 27 02:49:14 UTC 2026","Mon Jul 27 02:49:31 UTC 2026","16890","tests.PlayWrightTests.UserFacingPortal","test_exercise","TestExerciseSection","","","Exercise Dashboard: daily total recalculates correctly after deleting one exercise entry",""
"skipped","Mon Jul 27 02:54:55 UTC 2026","Mon Jul 27 02:54:55 UTC 2026","0","tests.PlayWrightTests.UserFacingPortal","test_habits","TestHabitsFeature","","","Test 25: Grey circles are not editable",""
"passed","Mon Jul 27 03:08:44 UTC 2026","Mon Jul 27 03:08:45 UTC 2026","59","tests.PlayWrightTests.UserFacingPortal","test_profile","TestProfile","","","Upload validation: providing only a file (without Name and Type) and submitting displays the inline 'is required' error for the missing mandatory fields",""
"passed","Mon Jul 27 03:08:21 UTC 2026","Mon Jul 27 03:08:21 UTC 2026","60","tests.PlayWrightTests.UserFacingPortal","test_profile","TestProfile","","","Contact Details validation: entering a 4-digit Zip Code displays the inline error 'Zip code must have a leading zero if it's 4 digits long'",""
"passed","Mon Jul 27 03:04:42 UTC 2026","Mon Jul 27 03:04:42 UTC 2026","9","tests.PlayWrightTests.UserFacingPortal","test_login_page","TestNeedHelpPage","","","Contact us form heading text is correct",""
"passed","Mon Jul 27 02:38:32 UTC 2026","Mon Jul 27 02:38:34 UTC 2026","2100","tests.PlayWrightTests.UserFacingPortal","test_blood_sugar","TestBloodSugarSection","","","Verify that editing a target fails with a validation error when entering a value greater than 999",""
"passed","Mon Jul 27 03:09:02 UTC 2026","Mon Jul 27 03:09:07 UTC 2026","5275","tests.PlayWrightTests.UserFacingPortal","test_profile","TestProfile","","","Upload cancel: providing a valid file, Name and Type and then clicking 'Cancel' closes the dialog and the documents table row count remains unchanged",""
"passed","Mon Jul 27 03:09:11 UTC 2026","Mon Jul 27 03:09:16 UTC 2026","5478","tests.PlayWrightTests.UserFacingPortal","test_profile","TestProfile","","","Upload validation (regression): providing only a document Type and submitting again after a page reload still displays the inline 'is required' error",""
"passed","Mon Jul 27 02:48:06 UTC 2026","Mon Jul 27 02:48:13 UTC 2026","7166","tests.PlayWrightTests.UserFacingPortal","test_exercise","TestExerciseSection","","","Exercise Logging: logging an exercise entry with 0 minutes displays a validation error",""
"passed","Mon Jul 27 02:50:37 UTC 2026","Mon Jul 27 02:50:44 UTC 2026","7798","tests.PlayWrightTests.UserFacingPortal","test_exercise","TestExerciseSection","","","Exercise Input: verifying that Steps and Minutes fields are type number, support spinner increments/decrements and keyboard navigation",""
"failed","Mon Jul 27 02:33:13 UTC 2026","Mon Jul 27 02:33:27 UTC 2026","13870","tests.PlayWrightTests.UserFacingPortal","test_ProgressInsights","TestUserProgressInsights","","","Add only meal for the said week. (smart insights should get generated with only meal and should generate goals for everything)",""
"failed","Mon Jul 27 02:54:00 UTC 2026","Mon Jul 27 02:54:01 UTC 2026","846","tests.PlayWrightTests.UserFacingPortal","test_habirecipe_book","TestRecipeBook","","","View re-generated Habi recipe adhering to selected preferences",""
"broken","Mon Jul 27 02:33:27 UTC 2026","Mon Jul 27 02:33:57 UTC 2026","30000","tests.PlayWrightTests.UserFacingPortal","test_ProgressInsights","TestUserProgressInsights","","","test_validate_shareEmptyFeedbacks[chromium]",""
"passed","Mon Jul 27 02:54:08 UTC 2026","Mon Jul 27 02:54:09 UTC 2026","1403","tests.PlayWrightTests.UserFacingPortal","test_habirecipe_book","TestRecipeBook","","","View favorited recipes are found in Favorites library",""
"passed","Mon Jul 27 02:39:17 UTC 2026","Mon Jul 27 02:39:18 UTC 2026","1120","tests.PlayWrightTests.UserFacingPortal","test_blood_sugar","TestBloodSugarSection","","","Verify that adding today's Before Meal entry appears successfully in the details history page",""
"passed","Mon Jul 27 02:46:48 UTC 2026","Mon Jul 27 02:46:55 UTC 2026","6933","tests.PlayWrightTests.UserFacingPortal","test_exercise","TestExerciseSection","","","Exercise Target: verifying that clicking cancel while setting target closes the input field and returns to the initial state",""
"passed","Mon Jul 27 02:38:22 UTC 2026","Mon Jul 27 02:38:22 UTC 2026","198","tests.PlayWrightTests.UserFacingPortal","test_blood_sugar","TestBloodSugarSection","","","Verify that a validation error is displayed when trying to save a High target value greater than 999",""
"passed","Mon Jul 27 03:04:51 UTC 2026","Mon Jul 27 03:04:51 UTC 2026","8","tests.PlayWrightTests.UserFacingPortal","test_login_page","TestNeedHelpPageSpanish","","","Category label is visible in Spanish on the Need Help page",""
"passed","Mon Jul 27 02:52:41 UTC 2026","Mon Jul 27 02:52:41 UTC 2026","291","tests.PlayWrightTests.UserFacingPortal","test_habirecipe_book","TestRecipeBook","","","As a user When I fill the search input with a valid ingredient, I should see a list of suggestions",""
"passed","Mon Jul 27 03:04:42 UTC 2026","Mon Jul 27 03:04:42 UTC 2026","69","tests.PlayWrightTests.UserFacingPortal","test_login_page","TestNeedHelpPage","","","Submitting without any data shows email required error",""
"passed","Mon Jul 27 03:04:35 UTC 2026","Mon Jul 27 03:04:35 UTC 2026","4","tests.PlayWrightTests.UserFacingPortal","test_login_page","TestLoginPageSpanish","","","Password input field masks the entered text",""
"passed","Mon Jul 27 02:37:21 UTC 2026","Mon Jul 27 02:37:22 UTC 2026","1082","tests.PlayWrightTests.UserFacingPortal","test_Set_Targets","Test_Set_Targets","","","Fiber Reset to Default Yes action","Verify clicking Yes resets fiber target to default value"
"passed","Mon Jul 27 03:09:07 UTC 2026","Mon Jul 27 03:09:11 UTC 2026","3951","tests.PlayWrightTests.UserFacingPortal","test_profile","TestProfile","","","Upload validation (regression): providing only a document Name and submitting again after a page reload still displays the inline 'is required' error",""
"passed","Mon Jul 27 02:38:34 UTC 2026","Mon Jul 27 02:38:42 UTC 2026","8105","tests.PlayWrightTests.UserFacingPortal","test_blood_sugar","TestBloodSugarSection","","","Verify that 'No data recorded yet' and the Add New button are visible after target cleanup",""
"passed","Mon Jul 27 02:57:11 UTC 2026","Mon Jul 27 02:57:22 UTC 2026","10523","tests.PlayWrightTests.UserFacingPortal","test_homepage","TestHomePage","","","Given I logged into web app as a user, when user's cohort dpp date is in week1, then user should see weekly progress title as 'Week 1/52'",""
"passed","Mon Jul 27 02:53:17 UTC 2026","Mon Jul 27 02:53:17 UTC 2026","45","tests.PlayWrightTests.UserFacingPortal","test_habirecipe_book","TestRecipeBook","","","Verify 3-dot menu",""
"passed","Mon Jul 27 03:04:35 UTC 2026","Mon Jul 27 03:04:35 UTC 2026","9","tests.PlayWrightTests.UserFacingPortal","test_login_page","TestLoginPageSpanish","","","Password input field is editable",""
"passed","Mon Jul 27 03:04:26 UTC 2026","Mon Jul 27 03:04:26 UTC 2026","60","tests.PlayWrightTests.UserFacingPortal","test_login_page","TestLoginPage","","","Clicking Sign in with Code with an invalid email format shows invalid email error",""
"passed","Mon Jul 27 03:04:43 UTC 2026","Mon Jul 27 03:04:44 UTC 2026","627","tests.PlayWrightTests.UserFacingPortal","test_login_page","TestNeedHelpPage","","","Submitting with email and category only shows subject required error",""
"passed","Mon Jul 27 02:23:50 UTC 2026","Mon Jul 27 02:23:51 UTC 2026","1882","tests.PlayWrightTests.UserFacingPortal","test_AI_Chatbot","TestAIChatbot","","","Profile dropdown: clicking the profile picture in the top navigation expands the dropdown and exposes the 'View Profile Details' link",""
"passed","Mon Jul 27 03:04:37 UTC 2026","Mon Jul 27 03:04:39 UTC 2026","1348","tests.PlayWrightTests.UserFacingPortal","test_login_page","TestLoginPageSpanish","","","Logging in with a deactivated account shows the deactivated account error in Spanish",""
"passed","Mon Jul 27 03:04:35 UTC 2026","Mon Jul 27 03:04:35 UTC 2026","76","tests.PlayWrightTests.UserFacingPortal","test_login_page","TestLoginPageSpanish","","","Submitting empty email and password shows required field errors in Spanish",""
"passed","Mon Jul 27 02:40:54 UTC 2026","Mon Jul 27 02:40:59 UTC 2026","5238","tests.PlayWrightTests.UserFacingPortal","test_chef_curated","TestChefCurated","","","Chef Curated: clicking the 'Chef Curated' button navigates to the Chef Curated page and renders the recipe cards","p2: Validate recipe cards are displayed on Chef Curated page"
"passed","Mon Jul 27 02:48:59 UTC 2026","Mon Jul 27 02:49:14 UTC 2026","14744","tests.PlayWrightTests.UserFacingPortal","test_exercise","TestExerciseSection","","","Exercise Dashboard: daily exercise total updates correctly after adding multiple entries",""
"passed","Mon Jul 27 03:08:49 UTC 2026","Mon Jul 27 03:08:53 UTC 2026","4449","tests.PlayWrightTests.UserFacingPortal","test_profile","TestProfile","","","Upload validation: providing only a document Type (without a file and Name) and submitting displays the inline 'is required' error for the missing mandatory fields",""
"passed","Mon Jul 27 02:55:48 UTC 2026","Mon Jul 27 02:55:48 UTC 2026","191","tests.PlayWrightTests.UserFacingPortal","test_hba1c","TestHbA1cSection","","","Verify target edit validation error when entering negative target value",""
"passed","Mon Jul 27 03:08:08 UTC 2026","Mon Jul 27 03:08:09 UTC 2026","66","tests.PlayWrightTests.UserFacingPortal","test_profile","TestProfile","","","Contact Details validation: submitting a blank Contact Number displays the inline error 'Contact number is required'",""
"passed","Mon Jul 27 02:26:39 UTC 2026","Mon Jul 27 02:27:02 UTC 2026","22690","tests.PlayWrightTests.UserFacingPortal","test_AI_Chatbot","TestAIChatbot","","","AI Chatbot log confirmation: sending a free-form blood sugar log message and confirming with 'Yes' successfully logs the entry and displays the confirmation",""
"passed","Mon Jul 27 03:08:39 UTC 2026","Mon Jul 27 03:08:39 UTC 2026","119","tests.PlayWrightTests.UserFacingPortal","test_profile","TestProfile","","","Health Parameters edit: opening the Health Parameters edit modal and clicking the close (X) icon without changing any fields discards the modal and preserves prior values",""
"passed","Mon Jul 27 03:19:17 UTC 2026","Mon Jul 27 03:19:18 UTC 2026","81","tests.PlayWrightTests.UserFacingPortal","test_talktomycoach","TestDashboardChat","","","TC02 – Verify the chat bubble dropdown displays all three options: Talk To My Coach, Talk To My Team, and View My Meetings",""
"passed","Mon Jul 27 03:04:55 UTC 2026","Mon Jul 27 03:04:56 UTC 2026","1004","tests.PlayWrightTests.UserFacingPortal","test_login_page","TestNeedHelpPageSpanish","","","Submitting with email, subject and message shows success toaster in Spanish",""
"passed","Mon Jul 27 02:56:46 UTC 2026","Mon Jul 27 02:56:47 UTC 2026","931","tests.PlayWrightTests.UserFacingPortal","test_homepage","TestHomePage","","","Verify the Food page renders all four meal section headers (Breakfast, Lunch, Dinner, Snacks) and all three macro labels (Carbs, Protein, Fat)",""
"passed","Mon Jul 27 03:04:51 UTC 2026","Mon Jul 27 03:04:51 UTC 2026","10","tests.PlayWrightTests.UserFacingPortal","test_login_page","TestNeedHelpPageSpanish","","","Supported file format message is displayed in Spanish",""
"passed","Mon Jul 27 02:47:10 UTC 2026","Mon Jul 27 02:47:17 UTC 2026","6880","tests.PlayWrightTests.UserFacingPortal","test_exercise","TestExerciseSection","","","Exercise Target Validation: verifying an error message ('Minutes must be less than or equal to 1440') is displayed when entering target greater than 1440",""
"passed","Mon Jul 27 03:04:56 UTC 2026","Mon Jul 27 03:04:57 UTC 2026","1297","tests.PlayWrightTests.UserFacingPortal","test_login_page","TestNeedHelpPageSpanish","","","Submitting with all fields including file attachment shows success toaster in Spanish",""
"passed","Mon Jul 27 02:31:00 UTC 2026","Mon Jul 27 02:31:00 UTC 2026","30","tests.PlayWrightTests.UserFacingPortal","test_MyRecipes","TestMyRecipes","","","verify create recipe form elements are visible and text is correct",""
"passed","Mon Jul 27 02:29:25 UTC 2026","Mon Jul 27 02:29:28 UTC 2026","3050","tests.PlayWrightTests.UserFacingPortal","test_MyRecipes","TestMyRecipes","","","And user is able to create my recipe",""
"passed","Mon Jul 27 02:47:52 UTC 2026","Mon Jul 27 02:47:59 UTC 2026","6974","tests.PlayWrightTests.UserFacingPortal","test_exercise","TestExerciseSection","","","Exercise Target Validation: verifying an error message ('Minutes must be greater than or equal to 1') is displayed when entering a negative value during edit",""
