"Status","Start Time","Stop Time","Duration in ms","Parent Suite","Suite","Sub Suite","Test Class","Test Method","Name","Description"
"passed","Fri Nov 07 22:15:02 UTC 2025","Fri Nov 07 22:15:12 UTC 2025","10371","HabitNuWebAppSuite","HabitNuWebAppRegression","WebAppSanityPackage.Medication","WebAppSanityPackage.Medication","case32","Weight loss medication Review",""
"passed","Fri Nov 07 21:35:16 UTC 2025","Fri Nov 07 21:35:17 UTC 2025","1426","HabitNuWebAppSuite","HabitNuWebAppRegression","WebAppSanityPackage.HomePage","WebAppSanityPackage.HomePage","testSetTargetsSection","Verify 'Set Targets' page content and functionality",""
"passed","Fri Nov 07 21:52:42 UTC 2025","Fri Nov 07 21:52:44 UTC 2025","1907","HabitNuWebAppSuite","HabitNuWebAppRegression","WebAppSanityPackage.ExerciseSection","WebAppSanityPackage.ExerciseSection","case2","Click on Exercise , click on add new button and add exercise for last year and and Total minutes of the day should be 0",""
"passed","Fri Nov 07 21:37:00 UTC 2025","Fri Nov 07 21:37:01 UTC 2025","937","HabitNuWebAppSuite","HabitNuWebAppRegression","WebAppSanityPackage.BloodPressure_Section","WebAppSanityPackage.BloodPressure_Section","setValidTarget","enter valid Target",""
"passed","Fri Nov 07 21:35:04 UTC 2025","Fri Nov 07 21:35:14 UTC 2025","10073","HabitNuWebAppSuite","HabitNuWebAppRegression","WebAppSanityPackage.HomePage","WebAppSanityPackage.HomePage","testHabitsSection","Verify Habits panel content and functionality",""
"broken","Fri Nov 07 21:50:10 UTC 2025","Fri Nov 07 21:50:44 UTC 2025","33196","HabitNuWebAppSuite","HabitNuWebAppRegression","WebAppSanityPackage.Sugar_Section","WebAppSanityPackage.Sugar_Section","case16","verify blank data in Blood Sugar section before meal",""
"passed","Fri Nov 07 21:41:08 UTC 2025","Fri Nov 07 21:41:09 UTC 2025","181","HabitNuWebAppSuite","HabitNuWebAppRegression","WebAppSanityPackage.ProfileAppClass","WebAppSanityPackage.ProfileAppClass","addInvalidShortPhoneNumber","Add numbers less than 10 digits → Should show error",""
"broken","Fri Nov 07 21:42:27 UTC 2025","Fri Nov 07 21:42:30 UTC 2025","2393","HabitNuWebAppSuite","HabitNuWebAppRegression","WebAppSanityPackage.ProfileAppClass","WebAppSanityPackage.ProfileAppClass","case76","Click on delete file and accept it",""
"passed","Fri Nov 07 21:42:47 UTC 2025","Fri Nov 07 21:42:48 UTC 2025","408","HabitNuWebAppSuite","HabitNuWebAppRegression","WebAppSanityPackage.ProfileAppClass","WebAppSanityPackage.ProfileAppClass","testToggleNotifications","Toggle notifications On/Off and validate state change",""
"passed","Fri Nov 07 21:44:16 UTC 2025","Fri Nov 07 21:44:26 UTC 2025","10429","HabitNuWebAppSuite","HabitNuWebAppRegression","WebAppSanityPackage.ChatandNotificationsClass","WebAppSanityPackage.ChatandNotificationsClass","case11","HabitNu: This is a reminder for you to keep stepping on your scale, recording your meals, and logging your activity! Check in on our discussion forum to stay in touch with your coach and other Team members!",""
"passed","Fri Nov 07 21:52:56 UTC 2025","Fri Nov 07 21:52:58 UTC 2025","1710","HabitNuWebAppSuite","HabitNuWebAppRegression","WebAppSanityPackage.ExerciseSection","WebAppSanityPackage.ExerciseSection","case6","verify last added monthly and yesterday's data in details page in exercise section",""
"passed","Fri Nov 07 21:43:36 UTC 2025","Fri Nov 07 21:43:38 UTC 2025","2205","HabitNuWebAppSuite","HabitNuWebAppRegression","WebAppSanityPackage.ChatandNotificationsClass","WebAppSanityPackage.ChatandNotificationsClass","case2","Send a message in chatbox and click enter",""
"passed","Fri Nov 07 21:53:56 UTC 2025","Fri Nov 07 21:54:00 UTC 2025","3478","HabitNuWebAppSuite","HabitNuWebAppRegression","WebAppSanityPackage.WebAppClass","WebAppSanityPackage.WebAppClass","case16","Click on Date picker and pick any date from calendar and add food",""
"passed","Fri Nov 07 21:41:21 UTC 2025","Fri Nov 07 21:41:21 UTC 2025","224","HabitNuWebAppSuite","HabitNuWebAppRegression","WebAppSanityPackage.ProfileAppClass","WebAppSanityPackage.ProfileAppClass","keepZipcode6digitsAndSave","Keep Zipcode with 6 numbers and save → Should show validation error",""
"passed","Fri Nov 07 21:58:11 UTC 2025","Fri Nov 07 21:58:13 UTC 2025","1529","HabitNuWebAppSuite","HabitNuWebAppRegression","WebAppSanityPackage.waterLog","WebAppSanityPackage.waterLog","case17","1183 ml Water Log",""
"passed","Fri Nov 07 21:41:44 UTC 2025","Fri Nov 07 21:41:44 UTC 2025","170","HabitNuWebAppSuite","HabitNuWebAppRegression","WebAppSanityPackage.ProfileAppClass","WebAppSanityPackage.ProfileAppClass","case61","Click on Devices button and it should take to device page",""
"passed","Fri Nov 07 21:46:36 UTC 2025","Fri Nov 07 21:46:36 UTC 2025","287","HabitNuWebAppSuite","HabitNuWebAppRegression","WebAppSanityPackage.Sugar_Section","WebAppSanityPackage.Sugar_Section","lowTargetWithBlankValue","edit -  low BS cannot be blank",""
"passed","Fri Nov 07 22:14:28 UTC 2025","Fri Nov 07 22:14:30 UTC 2025","1191","HabitNuWebAppSuite","HabitNuWebAppRegression","WebAppSanityPackage.Medication","WebAppSanityPackage.Medication","case27","Creating)",""
"passed","Fri Nov 07 22:13:00 UTC 2025","Fri Nov 07 22:13:21 UTC 2025","21694","HabitNuWebAppSuite","HabitNuWebAppRegression","WebAppSanityPackage.Medication","WebAppSanityPackage.Medication","editWeightLossMedication","Edit details of Weight Loss Medication",""
"passed","Fri Nov 07 21:37:48 UTC 2025","Fri Nov 07 21:37:48 UTC 2025","358","HabitNuWebAppSuite","HabitNuWebAppRegression","WebAppSanityPackage.TobaccoSection","WebAppSanityPackage.TobaccoSection","case6_setTargetMoreThan99","enter target more than 99 and assert messages",""
"passed","Fri Nov 07 22:14:28 UTC 2025","Fri Nov 07 22:14:28 UTC 2025","356","HabitNuWebAppSuite","HabitNuWebAppRegression","WebAppSanityPackage.Medication","WebAppSanityPackage.Medication","case26","Creating new Medications details like selecting Frequency",""
"passed","Fri Nov 07 21:52:32 UTC 2025","Fri Nov 07 21:52:32 UTC 2025","241","HabitNuWebAppSuite","HabitNuWebAppRegression","WebAppSanityPackage.ExerciseSection","WebAppSanityPackage.ExerciseSection","AsetTarget","enter target values and do click on 'x' mark and do not save",""
"passed","Fri Nov 07 21:54:25 UTC 2025","Fri Nov 07 21:54:25 UTC 2025","139","HabitNuWebAppSuite","HabitNuWebAppRegression","WebAppSanityPackage.WebAppClass","WebAppSanityPackage.WebAppClass","case26","Collecting data from food section-Carbs",""
"passed","Fri Nov 07 22:14:51 UTC 2025","Fri Nov 07 22:15:02 UTC 2025","10623","HabitNuWebAppSuite","HabitNuWebAppRegression","WebAppSanityPackage.Medication","WebAppSanityPackage.Medication","case31","Weight loss medication Review",""
"passed","Fri Nov 07 21:46:35 UTC 2025","Fri Nov 07 21:46:36 UTC 2025","385","HabitNuWebAppSuite","HabitNuWebAppRegression","WebAppSanityPackage.Sugar_Section","WebAppSanityPackage.Sugar_Section","setLowTargetMoreThan200","enter Low target more than 1000 and assert messages",""
"passed","Fri Nov 07 22:12:48 UTC 2025","Fri Nov 07 22:12:49 UTC 2025","243","HabitNuWebAppSuite","HabitNuWebAppRegression","WebAppSanityPackage.Medication","WebAppSanityPackage.Medication","case5","Creating new Medications details like selecting Type/Form.",""
"passed","Fri Nov 07 22:14:25 UTC 2025","Fri Nov 07 22:14:26 UTC 2025","331","HabitNuWebAppSuite","HabitNuWebAppRegression","WebAppSanityPackage.Medication","WebAppSanityPackage.Medication","case23","Creating new Medications details like selecting Type/Form.",""
"passed","Fri Nov 07 21:45:34 UTC 2025","Fri Nov 07 21:45:37 UTC 2025","2804","HabitNuWebAppSuite","HabitNuWebAppRegression","WebAppSanityPackage.HabitsAppClass","WebAppSanityPackage.HabitsAppClass","case13","Click on Archive and add the habit to archive",""
"passed","Fri Nov 07 22:10:28 UTC 2025","Fri Nov 07 22:10:33 UTC 2025","4921","HabitNuWebAppSuite","HabitNuWebAppRegression","WebAppSanityPackage.recipeBuilder","WebAppSanityPackage.recipeBuilder","verifyRecipeSectionOnHomePage","Verify recipe section on Home Page",""
"passed","Fri Nov 07 21:52:58 UTC 2025","Fri Nov 07 21:53:00 UTC 2025","2381","HabitNuWebAppSuite","HabitNuWebAppRegression","WebAppSanityPackage.ExerciseSection","WebAppSanityPackage.ExerciseSection","case7","verify blank data in exercise section",""
"passed","Fri Nov 07 21:53:32 UTC 2025","Fri Nov 07 21:53:37 UTC 2025","5555","HabitNuWebAppSuite","HabitNuWebAppRegression","WebAppSanityPackage.WebAppClass","WebAppSanityPackage.WebAppClass","case7","Click on Add Food, go to Custom and create a customized food",""
"passed","Fri Nov 07 22:10:44 UTC 2025","Fri Nov 07 22:10:46 UTC 2025","2249","HabitNuWebAppSuite","HabitNuWebAppRegression","WebAppSanityPackage.recipeBuilder","WebAppSanityPackage.recipeBuilder","logRecipe","verify 'View full' recipe button",""
"passed","Fri Nov 07 22:17:57 UTC 2025","Fri Nov 07 22:17:58 UTC 2025","770","HabitNuWebAppSuite","HabitNuWebAppRegression","WebAppSanityPackage.GuidedTour","WebAppSanityPackage.GuidedTour","test9_navigatingtourpage2","And user is navigating from first slide to second slide and validating",""
"passed","Fri Nov 07 22:12:50 UTC 2025","Fri Nov 07 22:12:50 UTC 2025","602","HabitNuWebAppSuite","HabitNuWebAppRegression","WebAppSanityPackage.Medication","WebAppSanityPackage.Medication","case7","Creating new Medications details like selecting Frequency ",""
"broken","Fri Nov 07 21:49:28 UTC 2025","Fri Nov 07 21:49:49 UTC 2025","20947","HabitNuWebAppSuite","HabitNuWebAppRegression","WebAppSanityPackage.Sugar_Section","WebAppSanityPackage.Sugar_Section","case14","add yesterday's Blood Sugar n it should show last added data Before Meal",""
"passed","Fri Nov 07 22:01:46 UTC 2025","Fri Nov 07 22:02:00 UTC 2025","14255","HabitNuWebAppSuite","HabitNuWebAppRegression","WebAppSanityPackage.foodGrouping","WebAppSanityPackage.foodGrouping","case17","Create 'My Meal' from logged foods in LUNCH sections",""
"passed","Fri Nov 07 22:17:19 UTC 2025","Fri Nov 07 22:17:35 UTC 2025","15764","HabitNuWebAppSuite","HabitNuWebAppRegression","WebAppSanityPackage.Myrecipes","WebAppSanityPackage.Myrecipes","test19_deleteallrecipes","Then user is able to delete all the recipes and validate no custom recipes",""
"passed","Fri Nov 07 21:57:47 UTC 2025","Fri Nov 07 21:57:51 UTC 2025","4314","HabitNuWebAppSuite","HabitNuWebAppRegression","WebAppSanityPackage.waterLog","WebAppSanityPackage.waterLog","case2","8 oz Water Log",""
"passed","Fri Nov 07 21:40:42 UTC 2025","Fri Nov 07 21:40:43 UTC 2025","666","HabitNuWebAppSuite","HabitNuWebAppRegression","WebAppSanityPackage.ProfileAppClass","WebAppSanityPackage.ProfileAppClass","uploadInvalidProfilePicture","Try adding PDF as profile picture → should NOT allow",""
"passed","Fri Nov 07 21:55:39 UTC 2025","Fri Nov 07 21:55:41 UTC 2025","1724","HabitNuWebAppSuite","HabitNuWebAppRegression","WebAppSanityPackage.Login","WebAppSanityPackage.Login","testLoginWithInvalidOTP","Verify error message when using an invalid OTP",""
"passed","Fri Nov 07 22:04:48 UTC 2025","Fri Nov 07 22:05:11 UTC 2025","23066","HabitNuWebAppSuite","HabitNuWebAppRegression","WebAppSanityPackage.habiRecipe","WebAppSanityPackage.habiRecipe","case8","Generate New Recipe for Dietary restrictions",""
"passed","Fri Nov 07 21:54:25 UTC 2025","Fri Nov 07 21:54:25 UTC 2025","0","HabitNuWebAppSuite","HabitNuWebAppRegression","WebAppSanityPackage.WebAppClass","WebAppSanityPackage.WebAppClass","case29","Powered by Edaman link test case",""
"broken","Fri Nov 07 22:12:15 UTC 2025","Fri Nov 07 22:12:20 UTC 2025","4480","HabitNuWebAppSuite","HabitNuWebAppRegression","WebAppSanityPackage.WebAppHealth_WeightSection","WebAppSanityPackage.WebAppHealth_WeightSection","case11","Add data and edit",""
"passed","Fri Nov 07 21:53:37 UTC 2025","Fri Nov 07 21:53:37 UTC 2025","0","HabitNuWebAppSuite","HabitNuWebAppRegression","WebAppSanityPackage.WebAppClass","WebAppSanityPackage.WebAppClass","case8","Click on Add Food, go to recipes and search and add it",""
"passed","Fri Nov 07 21:37:22 UTC 2025","Fri Nov 07 21:37:23 UTC 2025","334","HabitNuWebAppSuite","HabitNuWebAppRegression","WebAppSanityPackage.BloodPressure_Section","WebAppSanityPackage.BloodPressure_Section","case9","verify negative data in Blood Pressure section,systolic blank ,diastolic negative",""
"broken","Fri Nov 07 21:51:15 UTC 2025","Fri Nov 07 21:51:45 UTC 2025","30698","HabitNuWebAppSuite","HabitNuWebAppRegression","WebAppSanityPackage.Sugar_Section","WebAppSanityPackage.Sugar_Section","case18","verify blank data in Blood Sugar section After Meal",""
"passed","Fri Nov 07 22:12:21 UTC 2025","Fri Nov 07 22:12:24 UTC 2025","3013","HabitNuWebAppSuite","HabitNuWebAppRegression","WebAppSanityPackage.WebAppHealth_WeightSection","WebAppSanityPackage.WebAppHealth_WeightSection","graphcase1","Load web app -> Click on Health section -> Weight section -> click on three lines -> Click on graph -> click on filter as last week",""
"broken","Fri Nov 07 21:41:30 UTC 2025","Fri Nov 07 21:41:30 UTC 2025","15","HabitNuWebAppSuite","HabitNuWebAppRegression","WebAppSanityPackage.ProfileAppClass","WebAppSanityPackage.ProfileAppClass","addWaistAsLettersAndValidate","Add Waist as letters → Should show validation error",""
"passed","Fri Nov 07 21:40:55 UTC 2025","Fri Nov 07 21:40:57 UTC 2025","2903","HabitNuWebAppSuite","HabitNuWebAppRegression","WebAppSanityPackage.ProfileAppClass","WebAppSanityPackage.ProfileAppClass","selectGenderFemaleAndSave","Select Gender as Female and save → Should reflect in profile",""
"passed","Fri Nov 07 22:14:25 UTC 2025","Fri Nov 07 22:14:25 UTC 2025","243","HabitNuWebAppSuite","HabitNuWebAppRegression","WebAppSanityPackage.Medication","WebAppSanityPackage.Medication","case21","Adding Strength",""
"passed","Fri Nov 07 21:57:03 UTC 2025","Fri Nov 07 21:57:04 UTC 2025","428","HabitNuWebAppSuite","HabitNuWebAppRegression","WebAppSanityPackage.Hba1c","WebAppSanityPackage.Hba1c","setNegativeTarget","enter negative target values and assert messages",""
"passed","Fri Nov 07 22:10:37 UTC 2025","Fri Nov 07 22:10:41 UTC 2025","4682","HabitNuWebAppSuite","HabitNuWebAppRegression","WebAppSanityPackage.recipeBuilder","WebAppSanityPackage.recipeBuilder","favoriteTheRecipe","verify recipe favorite",""
"passed","Fri Nov 07 22:15:41 UTC 2025","Fri Nov 07 22:15:41 UTC 2025","340","HabitNuWebAppSuite","HabitNuWebAppRegression","WebAppSanityPackage.Myrecipes","WebAppSanityPackage.Myrecipes","test4_fieldsvalidations","Then user is validating the fields in my recipe",""
"passed","Fri Nov 07 21:55:29 UTC 2025","Fri Nov 07 21:55:31 UTC 2025","1278","HabitNuWebAppSuite","HabitNuWebAppRegression","WebAppSanityPackage.Login","WebAppSanityPackage.Login","testPasswordVisibilityToggle","Verify password visibility toggle",""
"passed","Fri Nov 07 21:41:44 UTC 2025","Fri Nov 07 21:41:46 UTC 2025","2175","HabitNuWebAppSuite","HabitNuWebAppRegression","WebAppSanityPackage.ProfileAppClass","WebAppSanityPackage.ProfileAppClass","case62","Click on Upload/View files section",""
"passed","Fri Nov 07 21:45:51 UTC 2025","Fri Nov 07 21:46:01 UTC 2025","9751","HabitNuWebAppSuite","HabitNuWebAppRegression","WebAppSanityPackage.HabitsAppClass","WebAppSanityPackage.HabitsAppClass","case19","Click on Add button it should take to create the habit page and create the habit using flexible days",""
"passed","Fri Nov 07 21:43:02 UTC 2025","Fri Nov 07 21:43:03 UTC 2025","1351","HabitNuWebAppSuite","HabitNuWebAppRegression","WebAppSanityPackage.Weights_lbs_Kgs","WebAppSanityPackage.Weights_lbs_Kgs","case2","Dashboard weights match unit selected",""
"passed","Fri Nov 07 21:57:00 UTC 2025","Fri Nov 07 21:57:02 UTC 2025","1503","HabitNuWebAppSuite","HabitNuWebAppRegression","WebAppSanityPackage.Hba1c","WebAppSanityPackage.Hba1c","case12","verify deleting of hba1c datas",""
"passed","Fri Nov 07 21:39:36 UTC 2025","Fri Nov 07 21:39:41 UTC 2025","5391","HabitNuWebAppSuite","HabitNuWebAppRegression","WebAppSanityPackage.DiscussAppClass","WebAppSanityPackage.DiscussAppClass","case1","Post a message with subject and description (should allow posting)",""
"passed","Fri Nov 07 21:34:54 UTC 2025","Fri Nov 07 21:34:55 UTC 2025","391","HabitNuWebAppSuite","HabitNuWebAppRegression","WebAppSanityPackage.HomePage","WebAppSanityPackage.HomePage","testNotificationPanelContentAndFunctionality","Verify notification panel content and functionality",""
"passed","Fri Nov 07 21:59:14 UTC 2025","Fri Nov 07 21:59:21 UTC 2025","7029","HabitNuWebAppSuite","HabitNuWebAppRegression","WebAppSanityPackage.foodGrouping","WebAppSanityPackage.foodGrouping","case2","Create Meal in My Meals Section",""
"passed","Fri Nov 07 22:00:55 UTC 2025","Fri Nov 07 22:01:08 UTC 2025","13872","HabitNuWebAppSuite","HabitNuWebAppRegression","WebAppSanityPackage.foodGrouping","WebAppSanityPackage.foodGrouping","case13","Add food item to Lunch section",""
"broken","Fri Nov 07 22:10:50 UTC 2025","Fri Nov 07 22:10:50 UTC 2025","78","HabitNuWebAppSuite","HabitNuWebAppRegression","WebAppSanityPackage.recipeBuilder","WebAppSanityPackage.recipeBuilder","verifyFavoriteRecipesByRecipeName","verify favorite food list under Food> by Recipe Name",""
"passed","Fri Nov 07 21:34:53 UTC 2025","Fri Nov 07 21:34:54 UTC 2025","376","HabitNuWebAppSuite","HabitNuWebAppRegression","WebAppSanityPackage.HomePage","WebAppSanityPackage.HomePage","testWeightLossProgressCardData","Verify the Weight Loss Progress card displays correct data",""
"passed","Fri Nov 07 22:06:30 UTC 2025","Fri Nov 07 22:06:36 UTC 2025","5834","HabitNuWebAppSuite","HabitNuWebAppRegression","WebAppSanityPackage.habiRecipe","WebAppSanityPackage.habiRecipe","case19","Macronutrient considerations",""
"passed","Fri Nov 07 21:53:07 UTC 2025","Fri Nov 07 21:53:10 UTC 2025","2866","HabitNuWebAppSuite","HabitNuWebAppRegression","WebAppSanityPackage.ExerciseSection","WebAppSanityPackage.ExerciseSection","case12","edit data in exercise section",""
"passed","Fri Nov 07 22:17:38 UTC 2025","Fri Nov 07 22:17:41 UTC 2025","3268","HabitNuWebAppSuite","HabitNuWebAppRegression","WebAppSanityPackage.GuidedTour","WebAppSanityPackage.GuidedTour","test1_welcomepage","Given user is getting the license agreement",""
"passed","Fri Nov 07 21:54:22 UTC 2025","Fri Nov 07 21:54:23 UTC 2025","1321","HabitNuWebAppSuite","HabitNuWebAppRegression","WebAppSanityPackage.WebAppClass","WebAppSanityPackage.WebAppClass","case24","Custom food delete",""
"passed","Fri Nov 07 21:59:34 UTC 2025","Fri Nov 07 21:59:35 UTC 2025","1386","HabitNuWebAppSuite","HabitNuWebAppRegression","WebAppSanityPackage.foodGrouping","WebAppSanityPackage.foodGrouping","case5","Verify the created group name in Food Group section and Log it",""
"broken","Fri Nov 07 21:47:20 UTC 2025","Fri Nov 07 21:47:20 UTC 2025","15","HabitNuWebAppSuite","HabitNuWebAppRegression","WebAppSanityPackage.Sugar_Section","WebAppSanityPackage.Sugar_Section","case3","Click on Blood Sugar , click on add new button and add Blood Sugar Before Meal for current year current date ",""
"passed","Fri Nov 07 21:45:20 UTC 2025","Fri Nov 07 21:45:21 UTC 2025","1052","HabitNuWebAppSuite","HabitNuWebAppRegression","WebAppSanityPackage.HabitsAppClass","WebAppSanityPackage.HabitsAppClass","case8","double click on habit button and it should open the pop up",""
"passed","Fri Nov 07 21:57:40 UTC 2025","Fri Nov 07 21:57:47 UTC 2025","7486","HabitNuWebAppSuite","HabitNuWebAppRegression","WebAppSanityPackage.waterLog","WebAppSanityPackage.waterLog","case1","Main Page",""
"passed","Fri Nov 07 21:56:31 UTC 2025","Fri Nov 07 21:56:34 UTC 2025","2863","HabitNuWebAppSuite","HabitNuWebAppRegression","WebAppSanityPackage.Hba1c","WebAppSanityPackage.Hba1c","case4","verify added today data in hba1c section ",""
"broken","Fri Nov 07 21:43:19 UTC 2025","Fri Nov 07 21:43:30 UTC 2025","11445","HabitNuWebAppSuite","HabitNuWebAppRegression","WebAppSanityPackage.Weights_lbs_Kgs","WebAppSanityPackage.Weights_lbs_Kgs","case10","Health section weights match selected unit",""
"passed","Fri Nov 07 21:53:30 UTC 2025","Fri Nov 07 21:53:31 UTC 2025","370","HabitNuWebAppSuite","HabitNuWebAppRegression","WebAppSanityPackage.WebAppClass","WebAppSanityPackage.WebAppClass","case5","Click on Add food, Go to All section and check whether the same food is listed",""
"passed","Fri Nov 07 21:41:33 UTC 2025","Fri Nov 07 21:41:34 UTC 2025","555","HabitNuWebAppSuite","HabitNuWebAppRegression","WebAppSanityPackage.ProfileAppClass","WebAppSanityPackage.ProfileAppClass","case46","Add Waist (in inches) as letters and save",""
"passed","Fri Nov 07 21:46:01 UTC 2025","Fri Nov 07 21:46:04 UTC 2025","3576","HabitNuWebAppSuite","HabitNuWebAppRegression","WebAppSanityPackage.HabitsAppClass","WebAppSanityPackage.HabitsAppClass","case20","Single Click on habit button and mark a green",""
"passed","Fri Nov 07 22:13:21 UTC 2025","Fri Nov 07 22:13:23 UTC 2025","2008","HabitNuWebAppSuite","HabitNuWebAppRegression","WebAppSanityPackage.Medication","WebAppSanityPackage.Medication","case13","Weight loss medication Your Medication Edit detials on Yor Medication",""
"passed","Fri Nov 07 22:02:00 UTC 2025","Fri Nov 07 22:02:14 UTC 2025","13942","HabitNuWebAppSuite","HabitNuWebAppRegression","WebAppSanityPackage.foodGrouping","WebAppSanityPackage.foodGrouping","case18","Create 'My Meal' from logged foods in DINNER sections",""
"passed","Fri Nov 07 21:40:07 UTC 2025","Fri Nov 07 21:40:11 UTC 2025","3487","HabitNuWebAppSuite","HabitNuWebAppRegression","WebAppSanityPackage.DiscussAppClass","WebAppSanityPackage.DiscussAppClass","case9","Upload a message with subject, description, and file over 10MB (should not allow)",""
"broken","Fri Nov 07 22:14:02 UTC 2025","Fri Nov 07 22:14:12 UTC 2025","10739","HabitNuWebAppSuite","HabitNuWebAppRegression","WebAppSanityPackage.Medication","WebAppSanityPackage.Medication","Case19addValidMedicationName","TC: Add valid Medication name and save",""
"passed","Fri Nov 07 21:38:05 UTC 2025","Fri Nov 07 21:38:06 UTC 2025","989","HabitNuWebAppSuite","HabitNuWebAppRegression","WebAppSanityPackage.TobaccoSection","WebAppSanityPackage.TobaccoSection","case14","verify added today data in tobacco section ",""
"passed","Fri Nov 07 21:54:31 UTC 2025","Fri Nov 07 21:54:48 UTC 2025","16861","HabitNuWebAppSuite","HabitNuWebAppRegression","WebAppSanityPackage.WebAppClass","WebAppSanityPackage.WebAppClass","delete_from_all_food_sections","Deleting all data starting from breakfast to snacks",""
"broken","Fri Nov 07 21:39:52 UTC 2025","Fri Nov 07 21:40:05 UTC 2025","13405","HabitNuWebAppSuite","HabitNuWebAppRegression","WebAppSanityPackage.DiscussAppClass","WebAppSanityPackage.DiscussAppClass","case7","Upload a message with description and add file (should upload the file)",""
"broken","Fri Nov 07 21:49:49 UTC 2025","Fri Nov 07 21:50:10 UTC 2025","20956","HabitNuWebAppSuite","HabitNuWebAppRegression","WebAppSanityPackage.Sugar_Section","WebAppSanityPackage.Sugar_Section","case15","verify last added monthly and yesterday's data in details page in Blood Sugar section",""
"passed","Fri Nov 07 21:55:55 UTC 2025","Fri Nov 07 21:55:56 UTC 2025","998","HabitNuWebAppSuite","HabitNuWebAppRegression","WebAppSanityPackage.Login","WebAppSanityPackage.Login","testHabitNuRegisterNavigation","Verify Register navigation in HabitNu",""
"passed","Fri Nov 07 21:38:07 UTC 2025","Fri Nov 07 21:38:10 UTC 2025","2456","HabitNuWebAppSuite","HabitNuWebAppRegression","WebAppSanityPackage.TobaccoSection","WebAppSanityPackage.TobaccoSection","case16_graphcase2","Load web app -> Click on Health section -> Weight section -> click on three lines -> Click on graph -> click on filter as last month",""
"passed","Fri Nov 07 21:37:22 UTC 2025","Fri Nov 07 21:37:22 UTC 2025","250","HabitNuWebAppSuite","HabitNuWebAppRegression","WebAppSanityPackage.BloodPressure_Section","WebAppSanityPackage.BloodPressure_Section","case8","verify negative data in Blood Pressure section,systolic negative ,diastolic blank",""
"passed","Fri Nov 07 21:40:45 UTC 2025","Fri Nov 07 21:40:45 UTC 2025","228","HabitNuWebAppSuite","HabitNuWebAppRegression","WebAppSanityPackage.ProfileAppClass","WebAppSanityPackage.ProfileAppClass","firstNameBlankValidation","Leave first name blank → show error",""
"passed","Fri Nov 07 21:36:48 UTC 2025","Fri Nov 07 21:36:56 UTC 2025","7639","HabitNuWebAppSuite","HabitNuWebAppRegression","WebAppSanityPackage.BloodPressure_Section","WebAppSanityPackage.BloodPressure_Section","noTargetSet","verify no target case",""
"passed","Fri Nov 07 21:57:07 UTC 2025","Fri Nov 07 21:57:08 UTC 2025","191","HabitNuWebAppSuite","HabitNuWebAppRegression","WebAppSanityPackage.Hba1c","WebAppSanityPackage.Hba1c","editTargetValid","edit Target - valid",""
"passed","Fri Nov 07 21:56:21 UTC 2025","Fri Nov 07 21:56:31 UTC 2025","9927","HabitNuWebAppSuite","HabitNuWebAppRegression","WebAppSanityPackage.Hba1c","WebAppSanityPackage.Hba1c","case3","Click on hba1c , click on add new button and add hba1c for last month and and Total count of the day should be 0",""
"passed","Fri Nov 07 22:12:50 UTC 2025","Fri Nov 07 22:12:52 UTC 2025","1240","HabitNuWebAppSuite","HabitNuWebAppRegression","WebAppSanityPackage.Medication","WebAppSanityPackage.Medication","case8","Creating new Medications details like selecting add time (What time(s) do you want to take this medication?",""
"passed","Fri Nov 07 22:17:55 UTC 2025","Fri Nov 07 22:17:57 UTC 2025","1960","HabitNuWebAppSuite","HabitNuWebAppRegression","WebAppSanityPackage.GuidedTour","WebAppSanityPackage.GuidedTour","test8_validatingtourpage1","And user is validating the first slide of the tour page",""
"passed","Fri Nov 07 22:11:52 UTC 2025","Fri Nov 07 22:11:53 UTC 2025","1351","HabitNuWebAppSuite","HabitNuWebAppRegression","WebAppSanityPackage.WebAppHealth_WeightSection","WebAppSanityPackage.WebAppHealth_WeightSection","setValidTarget","enter valid Target",""
"passed","Fri Nov 07 21:46:33 UTC 2025","Fri Nov 07 21:46:34 UTC 2025","1199","HabitNuWebAppSuite","HabitNuWebAppRegression","WebAppSanityPackage.Sugar_Section","WebAppSanityPackage.Sugar_Section","setNegativeDiastolicTarget","enter negative Low target values and assert messages",""
"passed","Fri Nov 07 21:34:54 UTC 2025","Fri Nov 07 21:34:54 UTC 2025","154","HabitNuWebAppSuite","HabitNuWebAppRegression","WebAppSanityPackage.HomePage","WebAppSanityPackage.HomePage","testThisWeekProgressCards","Verify 'This Week' progress cards are displayed with correct data",""
"broken","Fri Nov 07 22:15:58 UTC 2025","Fri Nov 07 22:15:59 UTC 2025","534","HabitNuWebAppSuite","HabitNuWebAppRegression","WebAppSanityPackage.Myrecipes","WebAppSanityPackage.Myrecipes","test12_savedrecipes","And user is able to save created recipes",""
"passed","Fri Nov 07 21:57:11 UTC 2025","Fri Nov 07 21:57:12 UTC 2025","377","HabitNuWebAppSuite","HabitNuWebAppRegression","WebAppSanityPackage.Hba1c","WebAppSanityPackage.Hba1c","editTargetWithGreaterThan99","edit -  enter target more than 14 and assert messages",""
"passed","Fri Nov 07 21:40:26 UTC 2025","Fri Nov 07 21:40:27 UTC 2025","699","HabitNuWebAppSuite","HabitNuWebAppRegression","WebAppSanityPackage.DiscussAppClass","WebAppSanityPackage.DiscussAppClass","case19","Click on + button of memebers ( it should list all memebers)",""
"passed","Fri Nov 07 21:40:27 UTC 2025","Fri Nov 07 21:40:27 UTC 2025","220","HabitNuWebAppSuite","HabitNuWebAppRegression","WebAppSanityPackage.DiscussAppClass","WebAppSanityPackage.DiscussAppClass","case21","Click on my posts ( it should take to my post section)",""
"passed","Fri Nov 07 21:40:11 UTC 2025","Fri Nov 07 21:40:20 UTC 2025","8526","HabitNuWebAppSuite","HabitNuWebAppRegression","WebAppSanityPackage.DiscussAppClass","WebAppSanityPackage.DiscussAppClass","case10","Upload more than 5 files (should not allow)",""
"passed","Fri Nov 07 21:40:27 UTC 2025","Fri Nov 07 21:40:30 UTC 2025","2259","HabitNuWebAppSuite","HabitNuWebAppRegression","WebAppSanityPackage.DiscussAppClass","WebAppSanityPackage.DiscussAppClass","case23","comment a message in my post",""
"passed","Fri Nov 07 21:56:51 UTC 2025","Fri Nov 07 21:57:00 UTC 2025","9537","HabitNuWebAppSuite","HabitNuWebAppRegression","WebAppSanityPackage.Hba1c","WebAppSanityPackage.Hba1c","case10","edit data in Hba1c section",""
"broken","Fri Nov 07 21:47:43 UTC 2025","Fri Nov 07 21:48:04 UTC 2025","20982","HabitNuWebAppSuite","HabitNuWebAppRegression","WebAppSanityPackage.Sugar_Section","WebAppSanityPackage.Sugar_Section","case9","verify added today data in Blood Sugar section as Fasting",""
"passed","Fri Nov 07 21:57:51 UTC 2025","Fri Nov 07 21:57:52 UTC 2025","669","HabitNuWebAppSuite","HabitNuWebAppRegression","WebAppSanityPackage.waterLog","WebAppSanityPackage.waterLog","case3","16 oz Water Log",""
"passed","Fri Nov 07 21:46:42 UTC 2025","Fri Nov 07 21:46:43 UTC 2025","466","HabitNuWebAppSuite","HabitNuWebAppRegression","WebAppSanityPackage.Sugar_Section","WebAppSanityPackage.Sugar_Section","editTargetWithNegatives","edit -  negative target values and assert messages",""
"passed","Fri Nov 07 21:57:29 UTC 2025","Fri Nov 07 21:57:37 UTC 2025","8011","HabitNuWebAppSuite","HabitNuWebAppRegression","WebAppSanityPackage.generalContentWEB","WebAppSanityPackage.generalContentWEB","case3","Verify Fitness Videos Details Consistency",""
"passed","Fri Nov 07 22:15:40 UTC 2025","Fri Nov 07 22:15:40 UTC 2025","962","HabitNuWebAppSuite","HabitNuWebAppRegression","WebAppSanityPackage.Myrecipes","WebAppSanityPackage.Myrecipes","test2_clickonMyRecipes","When user Click on My Recipe",""
"passed","Fri Nov 07 21:41:55 UTC 2025","Fri Nov 07 21:42:01 UTC 2025","5635","HabitNuWebAppSuite","HabitNuWebAppRegression","WebAppSanityPackage.ProfileAppClass","WebAppSanityPackage.ProfileAppClass","case68","Upload file, name, and type and submit",""
"broken","Fri Nov 07 21:54:31 UTC 2025","Fri Nov 07 21:54:31 UTC 2025","15","HabitNuWebAppSuite","HabitNuWebAppRegression","WebAppSanityPackage.WebAppClass","WebAppSanityPackage.WebAppClass","Case31_add_food_check_in_coaches","User details in coaches-dashboard",""
"passed","Fri Nov 07 21:44:39 UTC 2025","Fri Nov 07 21:44:43 UTC 2025","3740","HabitNuWebAppSuite","HabitNuWebAppRegression","WebAppSanityPackage.HabitsAppClass","WebAppSanityPackage.HabitsAppClass","case1","Click on Habits section (It should take to Habits section)",""
"passed","Fri Nov 07 22:15:54 UTC 2025","Fri Nov 07 22:15:55 UTC 2025","570","HabitNuWebAppSuite","HabitNuWebAppRegression","WebAppSanityPackage.Myrecipes","WebAppSanityPackage.Myrecipes","test7_toastvalidation","And user is able to validate added ingredient toast message",""
"broken","Fri Nov 07 21:51:46 UTC 2025","Fri Nov 07 21:52:16 UTC 2025","30670","HabitNuWebAppSuite","HabitNuWebAppRegression","WebAppSanityPackage.Sugar_Section","WebAppSanityPackage.Sugar_Section","case19","verify decimal data in Blood Sugar section After meal",""
"passed","Fri Nov 07 21:35:19 UTC 2025","Fri Nov 07 21:35:21 UTC 2025","1463","HabitNuWebAppSuite","HabitNuWebAppRegression","WebAppSanityPackage.HomePage","WebAppSanityPackage.HomePage","testRecipeBookPageLayoutAndTabs","Verify the Recipe Book page layout and tabs",""
"passed","Fri Nov 07 21:40:32 UTC 2025","Fri Nov 07 21:40:33 UTC 2025","341","HabitNuWebAppSuite","HabitNuWebAppRegression","WebAppSanityPackage.DiscussAppClass","WebAppSanityPackage.DiscussAppClass","case35","Click on Replay ( It will display all the recorded meetings)",""
"passed","Fri Nov 07 21:45:37 UTC 2025","Fri Nov 07 21:45:37 UTC 2025","182","HabitNuWebAppSuite","HabitNuWebAppRegression","WebAppSanityPackage.HabitsAppClass","WebAppSanityPackage.HabitsAppClass","case14","Click on Activate and do not add the habit back",""
"passed","Fri Nov 07 21:45:21 UTC 2025","Fri Nov 07 21:45:23 UTC 2025","1896","HabitNuWebAppSuite","HabitNuWebAppRegression","WebAppSanityPackage.HabitsAppClass","WebAppSanityPackage.HabitsAppClass","case9","Click on Edit and edit the habit",""
"passed","Fri Nov 07 21:58:07 UTC 2025","Fri Nov 07 21:58:09 UTC 2025","1270","HabitNuWebAppSuite","HabitNuWebAppRegression","WebAppSanityPackage.waterLog","WebAppSanityPackage.waterLog","case14","473 ml Water Log",""
"passed","Fri Nov 07 22:17:51 UTC 2025","Fri Nov 07 22:17:52 UTC 2025","1119","HabitNuWebAppSuite","HabitNuWebAppRegression","WebAppSanityPackage.GuidedTour","WebAppSanityPackage.GuidedTour","test5_navigatingguidedtour","And user is navigating to Habi page by clicking Finish button",""
"passed","Fri Nov 07 21:37:26 UTC 2025","Fri Nov 07 21:37:27 UTC 2025","954","HabitNuWebAppSuite","HabitNuWebAppRegression","WebAppSanityPackage.BloodPressure_Section","WebAppSanityPackage.BloodPressure_Section","case15","verify decimal data in Blood Pressure section",""
"broken","Fri Nov 07 22:08:40 UTC 2025","Fri Nov 07 22:08:52 UTC 2025","12253","HabitNuWebAppSuite","HabitNuWebAppRegression","WebAppSanityPackage.habiRecipe","WebAppSanityPackage.habiRecipe","case28","Generate New Recipe for Local food preferences",""
"passed","Fri Nov 07 21:38:14 UTC 2025","Fri Nov 07 21:38:17 UTC 2025","2812","HabitNuWebAppSuite","HabitNuWebAppRegression","WebAppSanityPackage.TobaccoSection","WebAppSanityPackage.TobaccoSection","case18_graphCase6","Load web app -> Click on Health section -> Tobacco section ->>It should verify all the values added in graph",""
"passed","Fri Nov 07 22:12:10 UTC 2025","Fri Nov 07 22:12:10 UTC 2025","189","HabitNuWebAppSuite","HabitNuWebAppRegression","WebAppSanityPackage.WebAppHealth_WeightSection","WebAppSanityPackage.WebAppHealth_WeightSection","case4","verify last added monthly and yesterday's data in details page",""
"passed","Fri Nov 07 22:15:36 UTC 2025","Fri Nov 07 22:15:40 UTC 2025","3732","HabitNuWebAppSuite","HabitNuWebAppRegression","WebAppSanityPackage.Myrecipes","WebAppSanityPackage.Myrecipes","test1_clickrecipes","Given user click on Recipe",""
"passed","Fri Nov 07 21:35:17 UTC 2025","Fri Nov 07 21:35:19 UTC 2025","2161","HabitNuWebAppSuite","HabitNuWebAppRegression","WebAppSanityPackage.HomePage","WebAppSanityPackage.HomePage","testDiscussionPage","Verify the Discussion Section content and functionality",""
"passed","Fri Nov 07 22:09:22 UTC 2025","Fri Nov 07 22:09:35 UTC 2025","13143","HabitNuWebAppSuite","HabitNuWebAppRegression","WebAppSanityPackage.habiRecipe","WebAppSanityPackage.habiRecipe","case43"," All the Preferences",""
"passed","Fri Nov 07 21:42:45 UTC 2025","Fri Nov 07 21:42:47 UTC 2025","2208","HabitNuWebAppSuite","HabitNuWebAppRegression","WebAppSanityPackage.ProfileAppClass","WebAppSanityPackage.ProfileAppClass","case88","Open Notification Preferences from Profile dropdown",""
"broken","Fri Nov 07 21:42:48 UTC 2025","Fri Nov 07 21:42:50 UTC 2025","2068","HabitNuWebAppSuite","HabitNuWebAppRegression","WebAppSanityPackage.ProfileAppClass","WebAppSanityPackage.ProfileAppClass","testToggleNotifications","Toggle notifications On/Off and validate state change",""
"passed","Fri Nov 07 22:15:40 UTC 2025","Fri Nov 07 22:15:41 UTC 2025","243","HabitNuWebAppSuite","HabitNuWebAppRegression","WebAppSanityPackage.Myrecipes","WebAppSanityPackage.Myrecipes","test3_NavigaetoMyRecipes","User is able to navigate to My Recipe page",""
"passed","Fri Nov 07 21:37:24 UTC 2025","Fri Nov 07 21:37:24 UTC 2025","351","HabitNuWebAppSuite","HabitNuWebAppRegression","WebAppSanityPackage.BloodPressure_Section","WebAppSanityPackage.BloodPressure_Section","case13","verify negative data as others in Blood Pressure section,Diastolic negative section",""
"passed","Fri Nov 07 22:04:09 UTC 2025","Fri Nov 07 22:04:27 UTC 2025","17154","HabitNuWebAppSuite","HabitNuWebAppRegression","WebAppSanityPackage.habiRecipe","WebAppSanityPackage.habiRecipe","Case4","Generate Recipe",""
"broken","Fri Nov 07 21:47:22 UTC 2025","Fri Nov 07 21:47:43 UTC 2025","20954","HabitNuWebAppSuite","HabitNuWebAppRegression","WebAppSanityPackage.Sugar_Section","WebAppSanityPackage.Sugar_Section","case8","Verify No data added for last 30 days",""
"passed","Fri Nov 07 21:45:32 UTC 2025","Fri Nov 07 21:45:34 UTC 2025","2205","HabitNuWebAppSuite","HabitNuWebAppRegression","WebAppSanityPackage.HabitsAppClass","WebAppSanityPackage.HabitsAppClass","case12","Click on Archive and do not add the habit to archive",""
"passed","Fri Nov 07 21:52:44 UTC 2025","Fri Nov 07 21:52:44 UTC 2025","265","HabitNuWebAppSuite","HabitNuWebAppRegression","WebAppSanityPackage.ExerciseSection","WebAppSanityPackage.ExerciseSection","case3","Verify No data added for last 30 days",""
"passed","Fri Nov 07 21:57:14 UTC 2025","Fri Nov 07 21:57:19 UTC 2025","4820","HabitNuWebAppSuite","HabitNuWebAppRegression","WebAppSanityPackage.generalContentWEB","WebAppSanityPackage.generalContentWEB","case1","Main Page",""
"passed","Fri Nov 07 21:46:04 UTC 2025","Fri Nov 07 21:46:05 UTC 2025","221","HabitNuWebAppSuite","HabitNuWebAppRegression","WebAppSanityPackage.HabitsAppClass","WebAppSanityPackage.HabitsAppClass","case21","Single click on habit button and mark a red",""
"broken","Fri Nov 07 21:48:46 UTC 2025","Fri Nov 07 21:49:07 UTC 2025","20951","HabitNuWebAppSuite","HabitNuWebAppRegression","WebAppSanityPackage.Sugar_Section","WebAppSanityPackage.Sugar_Section","case12","add yesterday's Blood Sugar n it should show last added data Fasting",""
"passed","Fri Nov 07 21:53:04 UTC 2025","Fri Nov 07 21:53:07 UTC 2025","2553","HabitNuWebAppSuite","HabitNuWebAppRegression","WebAppSanityPackage.ExerciseSection","WebAppSanityPackage.ExerciseSection","case9","verify data should not be more than 100000 in exercise section",""
"broken","Fri Nov 07 21:48:04 UTC 2025","Fri Nov 07 21:48:25 UTC 2025","20982","HabitNuWebAppSuite","HabitNuWebAppRegression","WebAppSanityPackage.Sugar_Section","WebAppSanityPackage.Sugar_Section","case10","verify added today data in Blood Sugar section as After Meal",""
"passed","Fri Nov 07 21:41:43 UTC 2025","Fri Nov 07 21:41:43 UTC 2025","194","HabitNuWebAppSuite","HabitNuWebAppRegression","WebAppSanityPackage.ProfileAppClass","WebAppSanityPackage.ProfileAppClass","case56","Click on close without editting Health parameters",""
"passed","Fri Nov 07 21:39:26 UTC 2025","Fri Nov 07 21:39:30 UTC 2025","4313","HabitNuWebAppSuite","HabitNuWebAppRegression","WebAppSanityPackage.TobaccoSection","WebAppSanityPackage.TobaccoSection","case24","verify negative data in Tobocco count section",""
"passed","Fri Nov 07 21:57:07 UTC 2025","Fri Nov 07 21:57:07 UTC 2025","272","HabitNuWebAppSuite","HabitNuWebAppRegression","WebAppSanityPackage.Hba1c","WebAppSanityPackage.Hba1c","setValidTarget","enter valid Target",""
"passed","Fri Nov 07 22:03:10 UTC 2025","Fri Nov 07 22:03:13 UTC 2025","3281","HabitNuWebAppSuite","HabitNuWebAppRegression","WebAppSanityPackage.foodGrouping","WebAppSanityPackage.foodGrouping","case24","Deleting a single item from 'My Meal' group",""
"failed","Fri Nov 07 21:35:24 UTC 2025","Fri Nov 07 21:35:35 UTC 2025","10719","HabitNuWebAppSuite","HabitNuWebAppRegression","WebAppSanityPackage.HomePage","WebAppSanityPackage.HomePage","deleteFoodLogsForPreviousDays","Delete all food logs for the previous seven days",""
"passed","Fri Nov 07 21:56:13 UTC 2025","Fri Nov 07 21:56:21 UTC 2025","8077","HabitNuWebAppSuite","HabitNuWebAppRegression","WebAppSanityPackage.Hba1c","WebAppSanityPackage.Hba1c","case2","Click on HbA1c , click on add new button and add hba1c for last year",""
"passed","Fri Nov 07 21:52:35 UTC 2025","Fri Nov 07 21:52:37 UTC 2025","1326","HabitNuWebAppSuite","HabitNuWebAppRegression","WebAppSanityPackage.ExerciseSection","WebAppSanityPackage.ExerciseSection","editTargetButDoNotSave","edit target values and do click on 'x' mark and do not save",""
"passed","Fri Nov 07 22:11:53 UTC 2025","Fri Nov 07 22:11:53 UTC 2025","263","HabitNuWebAppSuite","HabitNuWebAppRegression","WebAppSanityPackage.WebAppHealth_WeightSection","WebAppSanityPackage.WebAppHealth_WeightSection","editTargetValid","edit Target - valid",""
"passed","Fri Nov 07 21:40:43 UTC 2025","Fri Nov 07 21:40:44 UTC 2025","1633","HabitNuWebAppSuite","HabitNuWebAppRegression","WebAppSanityPackage.ProfileAppClass","WebAppSanityPackage.ProfileAppClass","replaceProfilePicture","Replace profile picture → should update",""
"passed","Fri Nov 07 21:55:53 UTC 2025","Fri Nov 07 21:55:54 UTC 2025","1334","HabitNuWebAppSuite","HabitNuWebAppRegression","WebAppSanityPackage.Login","WebAppSanityPackage.Login","testLanguageChangeToSpanish","Verify language change to Spanish",""
"passed","Fri Nov 07 22:11:50 UTC 2025","Fri Nov 07 22:11:51 UTC 2025","1024","HabitNuWebAppSuite","HabitNuWebAppRegression","WebAppSanityPackage.WebAppHealth_WeightSection","WebAppSanityPackage.WebAppHealth_WeightSection","setNegativeTarget","enter negative target values and assert messages",""
"passed","Fri Nov 07 21:39:43 UTC 2025","Fri Nov 07 21:39:46 UTC 2025","3595","HabitNuWebAppSuite","HabitNuWebAppRegression","WebAppSanityPackage.DiscussAppClass","WebAppSanityPackage.DiscussAppClass","case5","Upload a message with subject, description, and file (should allow uploading)",""
"passed","Fri Nov 07 21:35:46 UTC 2025","Fri Nov 07 21:35:51 UTC 2025","4212","HabitNuWebAppSuite","HabitNuWebAppRegression","WebAppSanityPackage.HomePage","WebAppSanityPackage.HomePage","testSetTargetPage","Verify the Meals, Weight, Exercise page layout and functionality",""
"passed","Fri Nov 07 21:40:59 UTC 2025","Fri Nov 07 21:41:02 UTC 2025","2437","HabitNuWebAppSuite","HabitNuWebAppRegression","WebAppSanityPackage.ProfileAppClass","WebAppSanityPackage.ProfileAppClass","setDOBAndSave","Select DOB and save → Should update successfully",""
"passed","Fri Nov 07 22:05:46 UTC 2025","Fri Nov 07 22:05:50 UTC 2025","4205","HabitNuWebAppSuite","HabitNuWebAppRegression","WebAppSanityPackage.habiRecipe","WebAppSanityPackage.habiRecipe","Case13","Selecting the  Generated Recipe of Food allergies and Logging It",""
"passed","Fri Nov 07 21:53:44 UTC 2025","Fri Nov 07 21:53:45 UTC 2025","1087","HabitNuWebAppSuite","HabitNuWebAppRegression","WebAppSanityPackage.WebAppClass","WebAppSanityPackage.WebAppClass","case10","Click on View Food Log, and add food - Lunch via frequent section",""
"passed","Fri Nov 07 21:40:57 UTC 2025","Fri Nov 07 21:40:59 UTC 2025","1626","HabitNuWebAppSuite","HabitNuWebAppRegression","WebAppSanityPackage.ProfileAppClass","WebAppSanityPackage.ProfileAppClass","clearDOBAndSave","Clear DOB field and save → should save or ignore gracefully",""
"passed","Fri Nov 07 21:43:42 UTC 2025","Fri Nov 07 21:43:43 UTC 2025","139","HabitNuWebAppSuite","HabitNuWebAppRegression","WebAppSanityPackage.ChatandNotificationsClass","WebAppSanityPackage.ChatandNotificationsClass","case5","Close the chatbox",""
"passed","Fri Nov 07 22:11:54 UTC 2025","Fri Nov 07 22:11:55 UTC 2025","395","HabitNuWebAppSuite","HabitNuWebAppRegression","WebAppSanityPackage.WebAppHealth_WeightSection","WebAppSanityPackage.WebAppHealth_WeightSection","editTargetWithNegatives","edit -  negative target values and assert messages",""
"passed","Fri Nov 07 22:02:14 UTC 2025","Fri Nov 07 22:02:39 UTC 2025","24967","HabitNuWebAppSuite","HabitNuWebAppRegression","WebAppSanityPackage.foodGrouping","WebAppSanityPackage.foodGrouping","case19","Create 'My Meal' from logged foods in SNACKS sections",""
"passed","Fri Nov 07 21:46:36 UTC 2025","Fri Nov 07 21:46:36 UTC 2025","274","HabitNuWebAppSuite","HabitNuWebAppRegression","WebAppSanityPackage.Sugar_Section","WebAppSanityPackage.Sugar_Section","highTargetWithBlankValue","edit -  high BS cannot be blank",""
"passed","Fri Nov 07 21:34:52 UTC 2025","Fri Nov 07 21:34:53 UTC 2025","322","HabitNuWebAppSuite","HabitNuWebAppRegression","WebAppSanityPackage.HomePage","WebAppSanityPackage.HomePage","testNavigationBarLinksArePresent","Verify all main navigation links are present",""
"passed","Fri Nov 07 21:40:20 UTC 2025","Fri Nov 07 21:40:21 UTC 2025","718","HabitNuWebAppSuite","HabitNuWebAppRegression","WebAppSanityPackage.DiscussAppClass","WebAppSanityPackage.DiscussAppClass","case12","Edit the post with describe line ( It should edit the post)",""
"passed","Fri Nov 07 21:55:33 UTC 2025","Fri Nov 07 21:55:38 UTC 2025","5277","HabitNuWebAppSuite","HabitNuWebAppRegression","WebAppSanityPackage.Login","WebAppSanityPackage.Login","testLoginWithValidOTP","Verify successful login using a valid OTP from email",""
"passed","Fri Nov 07 21:46:31 UTC 2025","Fri Nov 07 21:46:32 UTC 2025","358","HabitNuWebAppSuite","HabitNuWebAppRegression","WebAppSanityPackage.Sugar_Section","WebAppSanityPackage.Sugar_Section","setTarget","enter target values and do click on 'x' mark and do not save",""
"passed","Fri Nov 07 21:58:25 UTC 2025","Fri Nov 07 21:58:28 UTC 2025","3433","HabitNuWebAppSuite","HabitNuWebAppRegression","WebAppSanityPackage.waterLog","WebAppSanityPackage.waterLog","case19","Validate setting reminders and verifying Wrong timings",""
"broken","Fri Nov 07 21:49:07 UTC 2025","Fri Nov 07 21:49:28 UTC 2025","20464","HabitNuWebAppSuite","HabitNuWebAppRegression","WebAppSanityPackage.Sugar_Section","WebAppSanityPackage.Sugar_Section","case13","add yesterday's Blood Sugar n it should show last added data After Meal",""
"passed","Fri Nov 07 21:37:21 UTC 2025","Fri Nov 07 21:37:21 UTC 2025","550","HabitNuWebAppSuite","HabitNuWebAppRegression","WebAppSanityPackage.BloodPressure_Section","WebAppSanityPackage.BloodPressure_Section","case5","add yesterday's Blood Pressure n it should show last added data",""
"passed","Fri Nov 07 22:02:41 UTC 2025","Fri Nov 07 22:02:59 UTC 2025","18215","HabitNuWebAppSuite","HabitNuWebAppRegression","WebAppSanityPackage.foodGrouping","WebAppSanityPackage.foodGrouping","case21","editing 'My Meal' from exsiting group and adding Foods",""
"passed","Fri Nov 07 21:42:41 UTC 2025","Fri Nov 07 21:42:41 UTC 2025","316","HabitNuWebAppSuite","HabitNuWebAppRegression","WebAppSanityPackage.ProfileAppClass","WebAppSanityPackage.ProfileAppClass","case85","Click on Language Preferences section",""
"passed","Fri Nov 07 21:46:43 UTC 2025","Fri Nov 07 21:46:44 UTC 2025","915","HabitNuWebAppSuite","HabitNuWebAppRegression","WebAppSanityPackage.Sugar_Section","WebAppSanityPackage.Sugar_Section","editTargetWithGreaterThan999","edit -  enter High target more than 999 and assert messages",""
"passed","Fri Nov 07 21:46:32 UTC 2025","Fri Nov 07 21:46:33 UTC 2025","983","HabitNuWebAppSuite","HabitNuWebAppRegression","WebAppSanityPackage.Sugar_Section","WebAppSanityPackage.Sugar_Section","setNegativeSystolicTarget","enter negative High target values and assert messages",""
"passed","Fri Nov 07 21:39:33 UTC 2025","Fri Nov 07 21:39:33 UTC 2025","143","HabitNuWebAppSuite","HabitNuWebAppRegression","WebAppSanityPackage.TobaccoSection","WebAppSanityPackage.TobaccoSection","case27","verify decimal data in Tobacco Count section",""
"passed","Fri Nov 07 21:54:49 UTC 2025","Fri Nov 07 21:55:06 UTC 2025","16691","HabitNuWebAppSuite","HabitNuWebAppRegression","WebAppSanityPackage.Login","WebAppSanityPackage.Login","testLogout","Verify error for a valid email with an invalid password",""
"passed","Fri Nov 07 21:41:08 UTC 2025","Fri Nov 07 21:41:08 UTC 2025","202","HabitNuWebAppSuite","HabitNuWebAppRegression","WebAppSanityPackage.ProfileAppClass","WebAppSanityPackage.ProfileAppClass","invalidAlphabetContactNumber","Add alphabets in contact number → Show invalid contact error",""
"passed","Fri Nov 07 21:45:31 UTC 2025","Fri Nov 07 21:45:32 UTC 2025","257","HabitNuWebAppSuite","HabitNuWebAppRegression","WebAppSanityPackage.HabitsAppClass","WebAppSanityPackage.HabitsAppClass","case11","Click on Calender and close it without making changes",""
"passed","Fri Nov 07 22:11:04 UTC 2025","Fri Nov 07 22:11:04 UTC 2025","154","HabitNuWebAppSuite","HabitNuWebAppRegression","WebAppSanityPackage.recipeBuilder","WebAppSanityPackage.recipeBuilder","verifyRemoveFavorites_from_recipeList_page","remove fav recipes from recipe list page",""
"passed","Fri Nov 07 21:36:23 UTC 2025","Fri Nov 07 21:36:35 UTC 2025","12550","HabitNuWebAppSuite","HabitNuWebAppRegression","WebAppSanityPackage.HomePage","WebAppSanityPackage.HomePage","testExerciseProgressBarByAddingExercise","Verify the Exercise progress bar updates correctly as Exercise logs are added",""
"passed","Fri Nov 07 21:46:17 UTC 2025","Fri Nov 07 21:46:17 UTC 2025","183","HabitNuWebAppSuite","HabitNuWebAppRegression","WebAppSanityPackage.HabitsAppClass","WebAppSanityPackage.HabitsAppClass","case26","Click on Archive and do not add the habit to archive",""
"passed","Fri Nov 07 22:06:01 UTC 2025","Fri Nov 07 22:06:21 UTC 2025","19302","HabitNuWebAppSuite","HabitNuWebAppRegression","WebAppSanityPackage.habiRecipe","WebAppSanityPackage.habiRecipe","case16","Generate New Recipe for diet type",""
"broken","Fri Nov 07 21:43:16 UTC 2025","Fri Nov 07 21:43:16 UTC 2025","86","HabitNuWebAppSuite","HabitNuWebAppRegression","WebAppSanityPackage.Weights_lbs_Kgs","WebAppSanityPackage.Weights_lbs_Kgs","Case4","verify placeholder - weight ",""
"passed","Fri Nov 07 22:12:48 UTC 2025","Fri Nov 07 22:12:48 UTC 2025","275","HabitNuWebAppSuite","HabitNuWebAppRegression","WebAppSanityPackage.Medication","WebAppSanityPackage.Medication","case3","Adding Strength",""
"passed","Fri Nov 07 22:15:12 UTC 2025","Fri Nov 07 22:15:22 UTC 2025","10296","HabitNuWebAppSuite","HabitNuWebAppRegression","WebAppSanityPackage.Medication","WebAppSanityPackage.Medication","case33","Weight loss medication Skipped and taken",""
"passed","Fri Nov 07 21:42:33 UTC 2025","Fri Nov 07 21:42:33 UTC 2025","232","HabitNuWebAppSuite","HabitNuWebAppRegression","WebAppSanityPackage.ProfileAppClass","WebAppSanityPackage.ProfileAppClass","case79","Click directly on Change Password without entering any data",""
"passed","Fri Nov 07 22:00:17 UTC 2025","Fri Nov 07 22:00:39 UTC 2025","22028","HabitNuWebAppSuite","HabitNuWebAppRegression","WebAppSanityPackage.foodGrouping","WebAppSanityPackage.foodGrouping","case10","add Meal to Snacks",""
"passed","Fri Nov 07 22:02:59 UTC 2025","Fri Nov 07 22:03:03 UTC 2025","3979","HabitNuWebAppSuite","HabitNuWebAppRegression","WebAppSanityPackage.foodGrouping","WebAppSanityPackage.foodGrouping","case22","editing 'My Meal' from existing group, delete items, then cancel",""
"passed","Fri Nov 07 22:01:20 UTC 2025","Fri Nov 07 22:01:32 UTC 2025","12070","HabitNuWebAppSuite","HabitNuWebAppRegression","WebAppSanityPackage.foodGrouping","WebAppSanityPackage.foodGrouping","case15","Add food item to Snacks section",""
"passed","Fri Nov 07 21:41:21 UTC 2025","Fri Nov 07 21:41:22 UTC 2025","486","HabitNuWebAppSuite","HabitNuWebAppRegression","WebAppSanityPackage.ProfileAppClass","WebAppSanityPackage.ProfileAppClass","keepZipcodevalidAndSaveforminus","Keep Zipcode with valid numbers and save → Should show validation error for missing '-' ",""
"passed","Fri Nov 07 22:11:53 UTC 2025","Fri Nov 07 22:11:54 UTC 2025","838","HabitNuWebAppSuite","HabitNuWebAppRegression","WebAppSanityPackage.WebAppHealth_WeightSection","WebAppSanityPackage.WebAppHealth_WeightSection","editTargetButDoNotSave","edit target values and do click on 'x' mark and do not save",""
"passed","Fri Nov 07 22:12:10 UTC 2025","Fri Nov 07 22:12:13 UTC 2025","2278","HabitNuWebAppSuite","HabitNuWebAppRegression","WebAppSanityPackage.WebAppHealth_WeightSection","WebAppSanityPackage.WebAppHealth_WeightSection","case5","verify added today data",""
"passed","Fri Nov 07 21:40:25 UTC 2025","Fri Nov 07 21:40:25 UTC 2025","719","HabitNuWebAppSuite","HabitNuWebAppRegression","WebAppSanityPackage.DiscussAppClass","WebAppSanityPackage.DiscussAppClass","case14","Edit the post message and then cancel it ( It should not edit the post)",""
"passed","Fri Nov 07 21:37:48 UTC 2025","Fri Nov 07 21:37:49 UTC 2025","229","HabitNuWebAppSuite","HabitNuWebAppRegression","WebAppSanityPackage.TobaccoSection","WebAppSanityPackage.TobaccoSection","case7_setValidTarget","enter valid Target",""
"passed","Fri Nov 07 21:39:30 UTC 2025","Fri Nov 07 21:39:33 UTC 2025","2747","HabitNuWebAppSuite","HabitNuWebAppRegression","WebAppSanityPackage.TobaccoSection","WebAppSanityPackage.TobaccoSection","case26","edit data in tobacco section",""
"passed","Fri Nov 07 21:41:41 UTC 2025","Fri Nov 07 21:41:43 UTC 2025","1484","HabitNuWebAppSuite","HabitNuWebAppRegression","WebAppSanityPackage.ProfileAppClass","WebAppSanityPackage.ProfileAppClass","case55","Select My diabetes status as valid reason and save",""
"passed","Fri Nov 07 22:14:41 UTC 2025","Fri Nov 07 22:14:51 UTC 2025","10288","HabitNuWebAppSuite","HabitNuWebAppRegression","WebAppSanityPackage.Medication","WebAppSanityPackage.Medication","case29","Weight loss medication Edit details on Log",""
"passed","Fri Nov 07 21:59:21 UTC 2025","Fri Nov 07 21:59:34 UTC 2025","13013","HabitNuWebAppSuite","HabitNuWebAppRegression","WebAppSanityPackage.foodGrouping","WebAppSanityPackage.foodGrouping","case4","add Meal to Break fast",""
"passed","Fri Nov 07 21:58:13 UTC 2025","Fri Nov 07 21:58:25 UTC 2025","11691","HabitNuWebAppSuite","HabitNuWebAppRegression","WebAppSanityPackage.waterLog","WebAppSanityPackage.waterLog","case18","Validate setting reminders and verifying active time slots",""
"passed","Fri Nov 07 21:45:18 UTC 2025","Fri Nov 07 21:45:20 UTC 2025","2262","HabitNuWebAppSuite","HabitNuWebAppRegression","WebAppSanityPackage.HabitsAppClass","WebAppSanityPackage.HabitsAppClass","case6","Single Click on habit button and mark a green",""
"passed","Fri Nov 07 22:05:50 UTC 2025","Fri Nov 07 22:05:55 UTC 2025","4860","HabitNuWebAppSuite","HabitNuWebAppRegression","WebAppSanityPackage.habiRecipe","WebAppSanityPackage.habiRecipe","Case14","Selecting the Generated Recipe and Logging It",""
"passed","Fri Nov 07 21:41:02 UTC 2025","Fri Nov 07 21:41:05 UTC 2025","3558","HabitNuWebAppSuite","HabitNuWebAppRegression","WebAppSanityPackage.ProfileAppClass","WebAppSanityPackage.ProfileAppClass","setTimeZoneEasternAndSave","Select Timezone as 'Eastern' and save → should update successfully",""
"passed","Fri Nov 07 22:18:00 UTC 2025","Fri Nov 07 22:18:01 UTC 2025","778","HabitNuWebAppSuite","HabitNuWebAppRegression","WebAppSanityPackage.GuidedTour","WebAppSanityPackage.GuidedTour","test13_navigatingtourpage6","And user is navigating from fifth slide to sixth and validating",""
"passed","Fri Nov 07 21:41:10 UTC 2025","Fri Nov 07 21:41:10 UTC 2025","605","HabitNuWebAppSuite","HabitNuWebAppRegression","WebAppSanityPackage.ProfileAppClass","WebAppSanityPackage.ProfileAppClass","keepAddressLine1Blank","Keep Address Line 1 blank and save → Should throw required field error (if validation present)",""
"passed","Fri Nov 07 21:53:37 UTC 2025","Fri Nov 07 21:53:44 UTC 2025","6350","HabitNuWebAppSuite","HabitNuWebAppRegression","WebAppSanityPackage.WebAppClass","WebAppSanityPackage.WebAppClass","case9","Click on View Food Log, and add food - Breakfast via all section",""
"passed","Fri Nov 07 22:17:41 UTC 2025","Fri Nov 07 22:17:42 UTC 2025","791","HabitNuWebAppSuite","HabitNuWebAppRegression","WebAppSanityPackage.GuidedTour","WebAppSanityPackage.GuidedTour","test2_userregistration","When user is able to enter the  registration form",""
"passed","Fri Nov 07 21:36:58 UTC 2025","Fri Nov 07 21:36:59 UTC 2025","384","HabitNuWebAppSuite","HabitNuWebAppRegression","WebAppSanityPackage.BloodPressure_Section","WebAppSanityPackage.BloodPressure_Section","setNegativeSystolicTarget","enter negative Systolic target values and assert messages",""
"passed","Fri Nov 07 22:11:39 UTC 2025","Fri Nov 07 22:11:49 UTC 2025","9525","HabitNuWebAppSuite","HabitNuWebAppRegression","WebAppSanityPackage.WebAppHealth_WeightSection","WebAppSanityPackage.WebAppHealth_WeightSection","case1","verify - Blank weights",""
"passed","Fri Nov 07 21:52:37 UTC 2025","Fri Nov 07 21:52:37 UTC 2025","402","HabitNuWebAppSuite","HabitNuWebAppRegression","WebAppSanityPackage.ExerciseSection","WebAppSanityPackage.ExerciseSection","editTargetWithNegatives","edit -  negative target values and assert messages",""
"failed","Fri Nov 07 21:42:51 UTC 2025","Fri Nov 07 21:42:53 UTC 2025","1232","HabitNuWebAppSuite","HabitNuWebAppRegression","WebAppSanityPackage.ProfileAppClass","WebAppSanityPackage.ProfileAppClass","case91","Click on Profile Dropdown and validate List of options",""
"passed","Fri Nov 07 21:43:44 UTC 2025","Fri Nov 07 21:43:55 UTC 2025","10384","HabitNuWebAppSuite","HabitNuWebAppRegression","WebAppSanityPackage.ChatandNotificationsClass","WebAppSanityPackage.ChatandNotificationsClass","case8","Click on It’s time to update your habit tracker and it will take you to habit tracker",""
"passed","Fri Nov 07 22:11:55 UTC 2025","Fri Nov 07 22:11:55 UTC 2025","403","HabitNuWebAppSuite","HabitNuWebAppRegression","WebAppSanityPackage.WebAppHealth_WeightSection","WebAppSanityPackage.WebAppHealth_WeightSection","editTargetWithGreaterThan99","edit -  enter target more than 999 and assert messages",""
"passed","Fri Nov 07 22:12:30 UTC 2025","Fri Nov 07 22:12:32 UTC 2025","2314","HabitNuWebAppSuite","HabitNuWebAppRegression","WebAppSanityPackage.WebAppHealth_WeightSection","WebAppSanityPackage.WebAppHealth_WeightSection","graphcase5","Load web app -> Click on Health section -> Weight section -> click on ""i"" symbol",""
"passed","Fri Nov 07 22:00:39 UTC 2025","Fri Nov 07 22:00:42 UTC 2025","3031","HabitNuWebAppSuite","HabitNuWebAppRegression","WebAppSanityPackage.foodGrouping","WebAppSanityPackage.foodGrouping","case11","Verify the created group name in Food Group section and Log it In snacks",""
"passed","Fri Nov 07 21:53:31 UTC 2025","Fri Nov 07 21:53:32 UTC 2025","1003","HabitNuWebAppSuite","HabitNuWebAppRegression","WebAppSanityPackage.WebAppClass","WebAppSanityPackage.WebAppClass","case6","Click on Add food, Go to frequent section check whether the same food is listed",""
"passed","Fri Nov 07 21:37:29 UTC 2025","Fri Nov 07 21:37:47 UTC 2025","17343","HabitNuWebAppSuite","HabitNuWebAppRegression","WebAppSanityPackage.TobaccoSection","WebAppSanityPackage.TobaccoSection","Case1_noTargetSet","verify no target case",""
"passed","Fri Nov 07 22:17:58 UTC 2025","Fri Nov 07 22:17:59 UTC 2025","788","HabitNuWebAppSuite","HabitNuWebAppRegression","WebAppSanityPackage.GuidedTour","WebAppSanityPackage.GuidedTour","test10_navigatingtourpage3","And user is navigating from second slide to third slide and validating",""
"passed","Fri Nov 07 21:58:09 UTC 2025","Fri Nov 07 21:58:10 UTC 2025","1336","HabitNuWebAppSuite","HabitNuWebAppRegression","WebAppSanityPackage.waterLog","WebAppSanityPackage.waterLog","case15","710 ml Water Log",""
"passed","Fri Nov 07 21:58:30 UTC 2025","Fri Nov 07 21:59:14 UTC 2025","43603","HabitNuWebAppSuite","HabitNuWebAppRegression","WebAppSanityPackage.foodGrouping","WebAppSanityPackage.foodGrouping","case1","Main Page Navigation",""
"passed","Fri Nov 07 21:41:51 UTC 2025","Fri Nov 07 21:41:55 UTC 2025","4093","HabitNuWebAppSuite","HabitNuWebAppRegression","WebAppSanityPackage.ProfileAppClass","WebAppSanityPackage.ProfileAppClass","case67","Upload file type only and submit",""
"passed","Fri Nov 07 21:41:37 UTC 2025","Fri Nov 07 21:41:38 UTC 2025","1367","HabitNuWebAppSuite","HabitNuWebAppRegression","WebAppSanityPackage.ProfileAppClass","WebAppSanityPackage.ProfileAppClass","case49","Add Hips (in inches) as 0 and save",""
"passed","Fri Nov 07 21:55:16 UTC 2025","Fri Nov 07 21:55:17 UTC 2025","935","HabitNuWebAppSuite","HabitNuWebAppRegression","WebAppSanityPackage.Login","WebAppSanityPackage.Login","testLoginWithDeactivatedUser","Verify error for a disenrolled (deactivated) user",""
"passed","Fri Nov 07 22:16:08 UTC 2025","Fri Nov 07 22:16:15 UTC 2025","7239","HabitNuWebAppSuite","HabitNuWebAppRegression","WebAppSanityPackage.Myrecipes","WebAppSanityPackage.Myrecipes","test16_logmeal","And user is able to add Meal which is logged from my recipe",""
"passed","Fri Nov 07 22:08:34 UTC 2025","Fri Nov 07 22:08:40 UTC 2025","5578","HabitNuWebAppSuite","HabitNuWebAppRegression","WebAppSanityPackage.habiRecipe","WebAppSanityPackage.habiRecipe","case27","Local food preferences",""
"passed","Fri Nov 07 22:12:27 UTC 2025","Fri Nov 07 22:12:30 UTC 2025","2824","HabitNuWebAppSuite","HabitNuWebAppRegression","WebAppSanityPackage.WebAppHealth_WeightSection","WebAppSanityPackage.WebAppHealth_WeightSection","graphcase3","Load web app -> Click on Health section -> Weight section -> click on three lines -> Click on graph -> click on filter as last year",""
"passed","Fri Nov 07 21:40:32 UTC 2025","Fri Nov 07 21:40:32 UTC 2025","431","HabitNuWebAppSuite","HabitNuWebAppRegression","WebAppSanityPackage.DiscussAppClass","WebAppSanityPackage.DiscussAppClass","case25","edit a message in my post",""
"broken","Fri Nov 07 21:47:21 UTC 2025","Fri Nov 07 21:47:21 UTC 2025","25","HabitNuWebAppSuite","HabitNuWebAppRegression","WebAppSanityPackage.Sugar_Section","WebAppSanityPackage.Sugar_Section","case7","Click on Blood Sugar , click on add new button and add Blood Sugar After Meal for current year current date -1",""
"passed","Fri Nov 07 21:41:15 UTC 2025","Fri Nov 07 21:41:16 UTC 2025","1288","HabitNuWebAppSuite","HabitNuWebAppRegression","WebAppSanityPackage.ProfileAppClass","WebAppSanityPackage.ProfileAppClass","editCityAndSave","Edit city to 'Los Angeles' and save → Should update successfully",""
"passed","Fri Nov 07 22:10:42 UTC 2025","Fri Nov 07 22:10:43 UTC 2025","962","HabitNuWebAppSuite","HabitNuWebAppRegression","WebAppSanityPackage.recipeBuilder","WebAppSanityPackage.recipeBuilder","clickHereToViewFullRecipe","verify 'View full' recipe button",""
"passed","Fri Nov 07 21:54:25 UTC 2025","Fri Nov 07 21:54:25 UTC 2025","259","HabitNuWebAppSuite","HabitNuWebAppRegression","WebAppSanityPackage.WebAppClass","WebAppSanityPackage.WebAppClass","case27","Validating data from View Food Log section",""
"passed","Fri Nov 07 21:41:34 UTC 2025","Fri Nov 07 21:41:35 UTC 2025","1441","HabitNuWebAppSuite","HabitNuWebAppRegression","WebAppSanityPackage.ProfileAppClass","WebAppSanityPackage.ProfileAppClass","case47","Add Waist (in inches) as valid number and save",""
"passed","Fri Nov 07 22:16:03 UTC 2025","Fri Nov 07 22:16:08 UTC 2025","5180","HabitNuWebAppSuite","HabitNuWebAppRegression","WebAppSanityPackage.Myrecipes","WebAppSanityPackage.Myrecipes","test15_foodsection","And user is navigating to food section",""
"passed","Fri Nov 07 22:01:08 UTC 2025","Fri Nov 07 22:01:20 UTC 2025","11516","HabitNuWebAppSuite","HabitNuWebAppRegression","WebAppSanityPackage.foodGrouping","WebAppSanityPackage.foodGrouping","case14","Add food item to Dinner section",""
"passed","Fri Nov 07 21:40:05 UTC 2025","Fri Nov 07 21:40:07 UTC 2025","2194","HabitNuWebAppSuite","HabitNuWebAppRegression","WebAppSanityPackage.DiscussAppClass","WebAppSanityPackage.DiscussAppClass","case8","Upload only a file (should not allow)",""
"passed","Fri Nov 07 22:00:42 UTC 2025","Fri Nov 07 22:00:55 UTC 2025","12481","HabitNuWebAppSuite","HabitNuWebAppRegression","WebAppSanityPackage.foodGrouping","WebAppSanityPackage.foodGrouping","case12","Add food item to Breakfast section",""
"passed","Fri Nov 07 21:44:43 UTC 2025","Fri Nov 07 21:44:43 UTC 2025","15","HabitNuWebAppSuite","HabitNuWebAppRegression","WebAppSanityPackage.HabitsAppClass","WebAppSanityPackage.HabitsAppClass","case2","If there are no Habits in the Habits section - it should display There are no Habits to display",""
"passed","Fri Nov 07 21:42:56 UTC 2025","Fri Nov 07 21:43:02 UTC 2025","6176","HabitNuWebAppSuite","HabitNuWebAppRegression","WebAppSanityPackage.Weights_lbs_Kgs","WebAppSanityPackage.Weights_lbs_Kgs","case1","Set Targets with Unit Toggle and store selected unit",""
"broken","Fri Nov 07 21:42:01 UTC 2025","Fri Nov 07 21:42:03 UTC 2025","2291","HabitNuWebAppSuite","HabitNuWebAppRegression","WebAppSanityPackage.ProfileAppClass","WebAppSanityPackage.ProfileAppClass","case69","Upload file, name, type and cancel",""
"passed","Fri Nov 07 22:18:15 UTC 2025","Fri Nov 07 22:18:17 UTC 2025","1869","HabitNuWebAppSuite","HabitNuWebAppRegression","WebAppSanityPackage.GuidedTour","WebAppSanityPackage.GuidedTour","test18_skiptour","When User is able to skip the guided tour",""
"passed","Fri Nov 07 22:13:57 UTC 2025","Fri Nov 07 22:14:02 UTC 2025","4961","HabitNuWebAppSuite","HabitNuWebAppRegression","WebAppSanityPackage.Medication","WebAppSanityPackage.Medication","Case18addValidMedicationName","TC11: Add valid Medication name and save",""
"passed","Fri Nov 07 22:18:15 UTC 2025","Fri Nov 07 22:18:15 UTC 2025","118","HabitNuWebAppSuite","HabitNuWebAppRegression","WebAppSanityPackage.GuidedTour","WebAppSanityPackage.GuidedTour","test17_homepage","Then user is navigating to home page once the tour is done",""
"passed","Fri Nov 07 21:53:50 UTC 2025","Fri Nov 07 21:53:51 UTC 2025","1311","HabitNuWebAppSuite","HabitNuWebAppRegression","WebAppSanityPackage.WebAppClass","WebAppSanityPackage.WebAppClass","case14","Click on View Food Log, Select a Food and Delete it",""
"passed","Fri Nov 07 22:17:42 UTC 2025","Fri Nov 07 22:17:42 UTC 2025","61","HabitNuWebAppSuite","HabitNuWebAppRegression","WebAppSanityPackage.GuidedTour","WebAppSanityPackage.GuidedTour","test3_registration","When user is able to enter the details in registration form",""
"passed","Fri Nov 07 21:52:33 UTC 2025","Fri Nov 07 21:52:34 UTC 2025","344","HabitNuWebAppSuite","HabitNuWebAppRegression","WebAppSanityPackage.ExerciseSection","WebAppSanityPackage.ExerciseSection","setTargetMoreThan99","enter target more than 1440 and assert messages",""
"broken","Fri Nov 07 22:08:20 UTC 2025","Fri Nov 07 22:08:34 UTC 2025","13547","HabitNuWebAppSuite","HabitNuWebAppRegression","WebAppSanityPackage.habiRecipe","WebAppSanityPackage.habiRecipe","Case26","Selecting the Generated Recipe and Logging It",""
"passed","Fri Nov 07 21:57:54 UTC 2025","Fri Nov 07 21:57:56 UTC 2025","1838","HabitNuWebAppSuite","HabitNuWebAppRegression","WebAppSanityPackage.waterLog","WebAppSanityPackage.waterLog","case6","40 oz Water Log",""
"passed","Fri Nov 07 22:15:57 UTC 2025","Fri Nov 07 22:15:58 UTC 2025","800","HabitNuWebAppSuite","HabitNuWebAppRegression","WebAppSanityPackage.Myrecipes","WebAppSanityPackage.Myrecipes","test11_removeingredient","And user is able to remove ingredient",""
"passed","Fri Nov 07 22:12:13 UTC 2025","Fri Nov 07 22:12:13 UTC 2025","201","HabitNuWebAppSuite","HabitNuWebAppRegression","WebAppSanityPackage.WebAppHealth_WeightSection","WebAppSanityPackage.WebAppHealth_WeightSection","case6","verify multiple added today data with 998",""
"passed","Fri Nov 07 21:54:13 UTC 2025","Fri Nov 07 21:54:16 UTC 2025","3099","HabitNuWebAppSuite","HabitNuWebAppRegression","WebAppSanityPackage.WebAppClass","WebAppSanityPackage.WebAppClass","case21","Add/Edit food with decimal value (Should allow decimals)",""
"passed","Fri Nov 07 21:41:12 UTC 2025","Fri Nov 07 21:41:13 UTC 2025","1409","HabitNuWebAppSuite","HabitNuWebAppRegression","WebAppSanityPackage.ProfileAppClass","WebAppSanityPackage.ProfileAppClass","keepAddressLine2BlankAndSave","Keep Address line 2 as blank and save",""
"passed","Fri Nov 07 21:58:03 UTC 2025","Fri Nov 07 21:58:07 UTC 2025","4316","HabitNuWebAppSuite","HabitNuWebAppRegression","WebAppSanityPackage.waterLog","WebAppSanityPackage.waterLog","case13","237 ml Water Log",""
"passed","Fri Nov 07 21:46:36 UTC 2025","Fri Nov 07 21:46:37 UTC 2025","314","HabitNuWebAppSuite","HabitNuWebAppRegression","WebAppSanityPackage.Sugar_Section","WebAppSanityPackage.Sugar_Section","setValidTarget","enter valid Target",""
"passed","Fri Nov 07 21:37:01 UTC 2025","Fri Nov 07 21:37:01 UTC 2025","403","HabitNuWebAppSuite","HabitNuWebAppRegression","WebAppSanityPackage.BloodPressure_Section","WebAppSanityPackage.BloodPressure_Section","editTargetValid","edit Target - valid",""
"broken","Fri Nov 07 21:42:17 UTC 2025","Fri Nov 07 21:42:19 UTC 2025","2268","HabitNuWebAppSuite","HabitNuWebAppRegression","WebAppSanityPackage.ProfileAppClass","WebAppSanityPackage.ProfileAppClass","case74","Upload the file, name and file type and cancel",""
"passed","Fri Nov 07 21:41:49 UTC 2025","Fri Nov 07 21:41:51 UTC 2025","1957","HabitNuWebAppSuite","HabitNuWebAppRegression","WebAppSanityPackage.ProfileAppClass","WebAppSanityPackage.ProfileAppClass","case66","Upload a file more than 15 MB",""
"passed","Fri Nov 07 22:03:03 UTC 2025","Fri Nov 07 22:03:10 UTC 2025","7044","HabitNuWebAppSuite","HabitNuWebAppRegression","WebAppSanityPackage.foodGrouping","WebAppSanityPackage.foodGrouping","case23","Editing 'My Meal' from existing group, updating all items' quantity in the group",""
"passed","Fri Nov 07 22:18:04 UTC 2025","Fri Nov 07 22:18:15 UTC 2025","10923","HabitNuWebAppSuite","HabitNuWebAppRegression","WebAppSanityPackage.GuidedTour","WebAppSanityPackage.GuidedTour","test16_finishtour","And user is navigating first to last slide and validating finish button",""
"passed","Fri Nov 07 22:05:11 UTC 2025","Fri Nov 07 22:05:16 UTC 2025","4259","HabitNuWebAppSuite","HabitNuWebAppRegression","WebAppSanityPackage.habiRecipe","WebAppSanityPackage.habiRecipe","Case9","Selecting the  Generated Recipe of Dietary restrictions and Logging It",""
"passed","Fri Nov 07 22:12:48 UTC 2025","Fri Nov 07 22:12:48 UTC 2025","396","HabitNuWebAppSuite","HabitNuWebAppRegression","WebAppSanityPackage.Medication","WebAppSanityPackage.Medication","case4","Creating new Medications details like selecting mg or ml.",""
"broken","Fri Nov 07 22:15:22 UTC 2025","Fri Nov 07 22:15:33 UTC 2025","10241","HabitNuWebAppSuite","HabitNuWebAppRegression","WebAppSanityPackage.Medication","WebAppSanityPackage.Medication","case34","Medication Log History ",""
"passed","Fri Nov 07 21:37:03 UTC 2025","Fri Nov 07 21:37:04 UTC 2025","352","HabitNuWebAppSuite","HabitNuWebAppRegression","WebAppSanityPackage.BloodPressure_Section","WebAppSanityPackage.BloodPressure_Section","editTargetWithNegatives","edit -  negative target values and assert messages",""
"passed","Fri Nov 07 21:37:57 UTC 2025","Fri Nov 07 21:37:59 UTC 2025","2120","HabitNuWebAppSuite","HabitNuWebAppRegression","WebAppSanityPackage.TobaccoSection","WebAppSanityPackage.TobaccoSection","case12","Click on Health tab and verify 'No data recorded yet' in Tobacco section",""
"passed","Fri Nov 07 21:57:19 UTC 2025","Fri Nov 07 21:57:29 UTC 2025","10448","HabitNuWebAppSuite","HabitNuWebAppRegression","WebAppSanityPackage.generalContentWEB","WebAppSanityPackage.generalContentWEB","case2","Fitness Videos Details",""
"passed","Fri Nov 07 22:12:52 UTC 2025","Fri Nov 07 22:12:53 UTC 2025","1789","HabitNuWebAppSuite","HabitNuWebAppRegression","WebAppSanityPackage.Medication","WebAppSanityPackage.Medication","case9","Creating new Medications details like selecting add time (What time(s) do you want to take this medication?",""
"passed","Fri Nov 07 21:46:25 UTC 2025","Fri Nov 07 21:46:31 UTC 2025","6825","HabitNuWebAppSuite","HabitNuWebAppRegression","WebAppSanityPackage.Sugar_Section","WebAppSanityPackage.Sugar_Section","noTargetSet","verify no target case",""
"passed","Fri Nov 07 22:12:20 UTC 2025","Fri Nov 07 22:12:21 UTC 2025","784","HabitNuWebAppSuite","HabitNuWebAppRegression","WebAppSanityPackage.WebAppHealth_WeightSection","WebAppSanityPackage.WebAppHealth_WeightSection","case12","Add data as double weight",""
"passed","Fri Nov 07 21:43:44 UTC 2025","Fri Nov 07 21:43:44 UTC 2025","123","HabitNuWebAppSuite","HabitNuWebAppRegression","WebAppSanityPackage.ChatandNotificationsClass","WebAppSanityPackage.ChatandNotificationsClass","case7","Click on the Mark All as Read",""
"passed","Fri Nov 07 21:35:21 UTC 2025","Fri Nov 07 21:35:23 UTC 2025","2628","HabitNuWebAppSuite","HabitNuWebAppRegression","WebAppSanityPackage.HomePage","WebAppSanityPackage.HomePage","testFitnessVideoPage","Verify the Fitness Videos Section content and functionality",""
"passed","Fri Nov 07 21:56:05 UTC 2025","Fri Nov 07 21:56:13 UTC 2025","8039","HabitNuWebAppSuite","HabitNuWebAppRegression","WebAppSanityPackage.Hba1c","WebAppSanityPackage.Hba1c","case1","Click on Health tab and verify 'No data recorded yet' in HbA1c section",""
"passed","Fri Nov 07 21:56:34 UTC 2025","Fri Nov 07 21:56:39 UTC 2025","4993","HabitNuWebAppSuite","HabitNuWebAppRegression","WebAppSanityPackage.Hba1c","WebAppSanityPackage.Hba1c","case5","add yesterday's hba1c n it should show last added data",""
"passed","Fri Nov 07 21:41:10 UTC 2025","Fri Nov 07 21:41:12 UTC 2025","1242","HabitNuWebAppSuite","HabitNuWebAppRegression","WebAppSanityPackage.ProfileAppClass","WebAppSanityPackage.ProfileAppClass","editAddressLine1AndSave","Edit Address Line 1 and save → Should save successfully",""
"passed","Fri Nov 07 21:45:20 UTC 2025","Fri Nov 07 21:45:20 UTC 2025","210","HabitNuWebAppSuite","HabitNuWebAppRegression","WebAppSanityPackage.HabitsAppClass","WebAppSanityPackage.HabitsAppClass","case7","Single click on habit button and mark a red",""
"passed","Fri Nov 07 21:55:24 UTC 2025","Fri Nov 07 21:55:26 UTC 2025","1798","HabitNuWebAppSuite","HabitNuWebAppRegression","WebAppSanityPackage.Login","WebAppSanityPackage.Login","testFieldValidationOnBlur","Verify field validations on blur",""
"passed","Fri Nov 07 21:42:33 UTC 2025","Fri Nov 07 21:42:35 UTC 2025","1992","HabitNuWebAppSuite","HabitNuWebAppRegression","WebAppSanityPackage.ProfileAppClass","WebAppSanityPackage.ProfileAppClass","case81","Enter new password only and click Change Password",""
"passed","Fri Nov 07 21:40:44 UTC 2025","Fri Nov 07 21:40:45 UTC 2025","118","HabitNuWebAppSuite","HabitNuWebAppRegression","WebAppSanityPackage.ProfileAppClass","WebAppSanityPackage.ProfileAppClass","editBasicInfo","Click 'Edit' on Basic information → enter edit mode",""
"passed","Fri Nov 07 21:56:39 UTC 2025","Fri Nov 07 21:56:39 UTC 2025","208","HabitNuWebAppSuite","HabitNuWebAppRegression","WebAppSanityPackage.Hba1c","WebAppSanityPackage.Hba1c","case6","Verify last added monthly and yesterday's data in details page in Hba1c section",""
"passed","Fri Nov 07 21:57:04 UTC 2025","Fri Nov 07 21:57:07 UTC 2025","3266","HabitNuWebAppSuite","HabitNuWebAppRegression","WebAppSanityPackage.Hba1c","WebAppSanityPackage.Hba1c","editTargetWithBlankValue","edit -  HbA1c cannot be blank",""
"passed","Fri Nov 07 22:17:59 UTC 2025","Fri Nov 07 22:17:59 UTC 2025","759","HabitNuWebAppSuite","HabitNuWebAppRegression","WebAppSanityPackage.GuidedTour","WebAppSanityPackage.GuidedTour","test11_navigatingtourpage4","And user is navigating from third slide to fourth slide and validating",""
"passed","Fri Nov 07 21:40:45 UTC 2025","Fri Nov 07 21:40:47 UTC 2025","2122","HabitNuWebAppSuite","HabitNuWebAppRegression","WebAppSanityPackage.ProfileAppClass","WebAppSanityPackage.ProfileAppClass","editFirstName","Edit first name and save → should reflect",""
"failed","Fri Nov 07 21:41:28 UTC 2025","Fri Nov 07 21:41:30 UTC 2025","1896","HabitNuWebAppSuite","HabitNuWebAppRegression","WebAppSanityPackage.ProfileAppClass","WebAppSanityPackage.ProfileAppClass","addValidHeightAndSave","Add valid Height and save",""
"passed","Fri Nov 07 21:40:35 UTC 2025","Fri Nov 07 21:40:38 UTC 2025","2735","HabitNuWebAppSuite","HabitNuWebAppRegression","WebAppSanityPackage.ProfileAppClass","WebAppSanityPackage.ProfileAppClass","openProfileDropdown","Click profile picture dropdown (should display dropdown options)",""
"passed","Fri Nov 07 21:42:32 UTC 2025","Fri Nov 07 21:42:33 UTC 2025","259","HabitNuWebAppSuite","HabitNuWebAppRegression","WebAppSanityPackage.ProfileAppClass","WebAppSanityPackage.ProfileAppClass","case78","Click On change password section",""
"passed","Fri Nov 07 21:43:38 UTC 2025","Fri Nov 07 21:43:40 UTC 2025","2231","HabitNuWebAppSuite","HabitNuWebAppRegression","WebAppSanityPackage.ChatandNotificationsClass","WebAppSanityPackage.ChatandNotificationsClass","case3","Type a message in chatbox and close the chat",""
"broken","Fri Nov 07 22:09:35 UTC 2025","Fri Nov 07 22:09:46 UTC 2025","10825","HabitNuWebAppSuite","HabitNuWebAppRegression","WebAppSanityPackage.habiRecipe","WebAppSanityPackage.habiRecipe","case44","Generate New Recipe for All Recipes",""
"passed","Fri Nov 07 21:34:54 UTC 2025","Fri Nov 07 21:34:54 UTC 2025","215","HabitNuWebAppSuite","HabitNuWebAppRegression","WebAppSanityPackage.HomePage","WebAppSanityPackage.HomePage","testdiscussionHeaderElementsAreClickable","Verify all items in the 'Explore' section are visible and clickable in discussion Dropedown",""
"passed","Fri Nov 07 21:55:12 UTC 2025","Fri Nov 07 21:55:13 UTC 2025","442","HabitNuWebAppSuite","HabitNuWebAppRegression","WebAppSanityPackage.Login","WebAppSanityPackage.Login","testLoginWithInvalidEmailFormat","Verify error for an invalid email format",""
"broken","Fri Nov 07 21:48:25 UTC 2025","Fri Nov 07 21:48:46 UTC 2025","20966","HabitNuWebAppSuite","HabitNuWebAppRegression","WebAppSanityPackage.Sugar_Section","WebAppSanityPackage.Sugar_Section","case11","verify added today data in Blood Sugar section as Before Meal",""
"passed","Fri Nov 07 21:42:50 UTC 2025","Fri Nov 07 21:42:51 UTC 2025","1308","HabitNuWebAppSuite","HabitNuWebAppRegression","WebAppSanityPackage.ProfileAppClass","WebAppSanityPackage.ProfileAppClass","case90","Click on Manage Devices and validate connected devices",""
"passed","Fri Nov 07 21:57:11 UTC 2025","Fri Nov 07 21:57:11 UTC 2025","436","HabitNuWebAppSuite","HabitNuWebAppRegression","WebAppSanityPackage.Hba1c","WebAppSanityPackage.Hba1c","editTargetWithNegatives","edit -  negative target values and assert messages",""
"passed","Fri Nov 07 21:37:07 UTC 2025","Fri Nov 07 21:37:09 UTC 2025","1918","HabitNuWebAppSuite","HabitNuWebAppRegression","WebAppSanityPackage.BloodPressure_Section","WebAppSanityPackage.BloodPressure_Section","case2","Click on Blood Pressure , click on add new button and add blood for last year and and Total minutes of the day should be 0",""
"passed","Fri Nov 07 21:57:56 UTC 2025","Fri Nov 07 21:57:57 UTC 2025","1599","HabitNuWebAppSuite","HabitNuWebAppRegression","WebAppSanityPackage.waterLog","WebAppSanityPackage.waterLog","case7","Custom Water Log",""
"passed","Fri Nov 07 21:37:47 UTC 2025","Fri Nov 07 21:37:48 UTC 2025","481","HabitNuWebAppSuite","HabitNuWebAppRegression","WebAppSanityPackage.TobaccoSection","WebAppSanityPackage.TobaccoSection","case3_ditTargetWithBlankValue","edit -  tobacco cannot be blank",""
"passed","Fri Nov 07 21:55:07 UTC 2025","Fri Nov 07 21:55:10 UTC 2025","2518","HabitNuWebAppSuite","HabitNuWebAppRegression","WebAppSanityPackage.Login","WebAppSanityPackage.Login","testLoginWithInvalidPassword","Verify error for a valid email with an invalid password",""
"passed","Fri Nov 07 21:37:59 UTC 2025","Fri Nov 07 21:38:05 UTC 2025","5483","HabitNuWebAppSuite","HabitNuWebAppRegression","WebAppSanityPackage.TobaccoSection","WebAppSanityPackage.TobaccoSection","case13","Click on tobacco , click on add new button and add tobacco for last year and and Total count of the day should be 0",""
"broken","Fri Nov 07 21:43:17 UTC 2025","Fri Nov 07 21:43:17 UTC 2025","12","HabitNuWebAppSuite","HabitNuWebAppRegression","WebAppSanityPackage.Weights_lbs_Kgs","WebAppSanityPackage.Weights_lbs_Kgs","setValidTarget","enter valid Target",""
"broken","Fri Nov 07 21:43:17 UTC 2025","Fri Nov 07 21:43:17 UTC 2025","17","HabitNuWebAppSuite","HabitNuWebAppRegression","WebAppSanityPackage.Weights_lbs_Kgs","WebAppSanityPackage.Weights_lbs_Kgs","setTargetMoreThan99","enter target more than 999 and assert messages",""
"passed","Fri Nov 07 21:38:29 UTC 2025","Fri Nov 07 21:38:52 UTC 2025","22365","HabitNuWebAppSuite","HabitNuWebAppRegression","WebAppSanityPackage.TobaccoSection","WebAppSanityPackage.TobaccoSection","case21","add yesterday's tobacco n it should show last added data",""
"passed","Fri Nov 07 22:17:52 UTC 2025","Fri Nov 07 22:17:54 UTC 2025","2362","HabitNuWebAppSuite","HabitNuWebAppRegression","WebAppSanityPackage.GuidedTour","WebAppSanityPackage.GuidedTour","test6_navigatingtourpage1","And user is navigating to first slide and refresh the tour page",""
"passed","Fri Nov 07 21:42:33 UTC 2025","Fri Nov 07 21:42:33 UTC 2025","313","HabitNuWebAppSuite","HabitNuWebAppRegression","WebAppSanityPackage.ProfileAppClass","WebAppSanityPackage.ProfileAppClass","case80","Enter current password only and click Change Password",""
"passed","Fri Nov 07 21:36:07 UTC 2025","Fri Nov 07 21:36:23 UTC 2025","15286","HabitNuWebAppSuite","HabitNuWebAppRegression","WebAppSanityPackage.HomePage","WebAppSanityPackage.HomePage","testWeightProgressBarByAddingWeight","Verify the Weight progress bar updates correctly as Weight logs are added",""
"passed","Fri Nov 07 21:40:53 UTC 2025","Fri Nov 07 21:40:55 UTC 2025","1308","HabitNuWebAppSuite","HabitNuWebAppRegression","WebAppSanityPackage.ProfileAppClass","WebAppSanityPackage.ProfileAppClass","selectGenderMaleAndSave","Select Gender as Male and save → should reflect",""
"passed","Fri Nov 07 21:46:17 UTC 2025","Fri Nov 07 21:46:17 UTC 2025","239","HabitNuWebAppSuite","HabitNuWebAppRegression","WebAppSanityPackage.HabitsAppClass","WebAppSanityPackage.HabitsAppClass","case25","Click on Calender and close it without making changes",""
"passed","Fri Nov 07 21:59:35 UTC 2025","Fri Nov 07 22:00:02 UTC 2025","26586","HabitNuWebAppSuite","HabitNuWebAppRegression","WebAppSanityPackage.foodGrouping","WebAppSanityPackage.foodGrouping","case6","add Meal to Lunch",""
"broken","Fri Nov 07 22:14:30 UTC 2025","Fri Nov 07 22:14:41 UTC 2025","11152","HabitNuWebAppSuite","HabitNuWebAppRegression","WebAppSanityPackage.Medication","WebAppSanityPackage.Medication","case28","Creating new Medications details like selecting add time (What time(s) do you want to take this medication?)",""
"passed","Fri Nov 07 22:05:26 UTC 2025","Fri Nov 07 22:05:46 UTC 2025","20101","HabitNuWebAppSuite","HabitNuWebAppRegression","WebAppSanityPackage.habiRecipe","WebAppSanityPackage.habiRecipe","case12","Generate New Recipe for Food allergies",""
"passed","Fri Nov 07 21:43:55 UTC 2025","Fri Nov 07 21:44:05 UTC 2025","10613","HabitNuWebAppSuite","HabitNuWebAppRegression","WebAppSanityPackage.ChatandNotificationsClass","WebAppSanityPackage.ChatandNotificationsClass","case9","Click on HabitNu: Please step on your scale to achieve your weight tracking goal!",""
"passed","Fri Nov 07 22:15:41 UTC 2025","Fri Nov 07 22:15:52 UTC 2025","10568","HabitNuWebAppSuite","HabitNuWebAppRegression","WebAppSanityPackage.Myrecipes","WebAppSanityPackage.Myrecipes","test5_enterrecipe","When user is able to enter the fields",""
"passed","Fri Nov 07 21:46:17 UTC 2025","Fri Nov 07 21:46:18 UTC 2025","821","HabitNuWebAppSuite","HabitNuWebAppRegression","WebAppSanityPackage.HabitsAppClass","WebAppSanityPackage.HabitsAppClass","case27","Click on Archive and add the habit to archive",""
"passed","Fri Nov 07 21:55:27 UTC 2025","Fri Nov 07 21:55:28 UTC 2025","933","HabitNuWebAppSuite","HabitNuWebAppRegression","WebAppSanityPackage.Login","WebAppSanityPackage.Login","testLoginWithInvalidEmailValidPassword","Verify login with invalid email and valid password",""
"passed","Fri Nov 07 21:46:18 UTC 2025","Fri Nov 07 21:46:22 UTC 2025","3722","HabitNuWebAppSuite","HabitNuWebAppRegression","WebAppSanityPackage.HabitsAppClass","WebAppSanityPackage.HabitsAppClass","case29","Click on Activate and add the habit back",""
"broken","Fri Nov 07 21:42:03 UTC 2025","Fri Nov 07 21:42:05 UTC 2025","2247","HabitNuWebAppSuite","HabitNuWebAppRegression","WebAppSanityPackage.ProfileAppClass","WebAppSanityPackage.ProfileAppClass","case70","Upload the name only and upload",""
"passed","Fri Nov 07 21:41:32 UTC 2025","Fri Nov 07 21:41:33 UTC 2025","1434","HabitNuWebAppSuite","HabitNuWebAppRegression","WebAppSanityPackage.ProfileAppClass","WebAppSanityPackage.ProfileAppClass","case45","Add Waist (in inches) as 0 and save",""
"passed","Fri Nov 07 21:55:45 UTC 2025","Fri Nov 07 21:55:46 UTC 2025","983","HabitNuWebAppSuite","HabitNuWebAppRegression","WebAppSanityPackage.Login","WebAppSanityPackage.Login","testForgotPasswordWithValidEmail","Verify forgot password with valid email shows success message",""
"passed","Fri Nov 07 22:12:15 UTC 2025","Fri Nov 07 22:12:15 UTC 2025","155","HabitNuWebAppSuite","HabitNuWebAppRegression","WebAppSanityPackage.WebAppHealth_WeightSection","WebAppSanityPackage.WebAppHealth_WeightSection","case9","Add data as negative weight",""
"passed","Fri Nov 07 22:11:11 UTC 2025","Fri Nov 07 22:11:14 UTC 2025","3668","HabitNuWebAppSuite","HabitNuWebAppRegression","WebAppSanityPackage.recipeBuilder","WebAppSanityPackage.recipeBuilder","removeRecipeFromFavorites","Remove recipe from favorites via three-dot menu",""
"passed","Fri Nov 07 22:15:55 UTC 2025","Fri Nov 07 22:15:55 UTC 2025","65","HabitNuWebAppSuite","HabitNuWebAppRegression","WebAppSanityPackage.Myrecipes","WebAppSanityPackage.Myrecipes","test8_validateingredient","Then user is able to validate added ingredient",""
"passed","Fri Nov 07 21:35:46 UTC 2025","Fri Nov 07 21:35:46 UTC 2025","313","HabitNuWebAppSuite","HabitNuWebAppRegression","WebAppSanityPackage.HomePage","WebAppSanityPackage.HomePage","testDeleteExercise","Verify the Exercise progress bar delete Exercise",""
"passed","Fri Nov 07 21:41:46 UTC 2025","Fri Nov 07 21:41:46 UTC 2025","246","HabitNuWebAppSuite","HabitNuWebAppRegression","WebAppSanityPackage.ProfileAppClass","WebAppSanityPackage.ProfileAppClass","case63","Click on the Upload button",""
"passed","Fri Nov 07 21:40:47 UTC 2025","Fri Nov 07 21:40:50 UTC 2025","3136","HabitNuWebAppSuite","HabitNuWebAppRegression","WebAppSanityPackage.ProfileAppClass","WebAppSanityPackage.ProfileAppClass","editLastName","Edit first + last name and save → should reflect",""
"passed","Fri Nov 07 21:37:04 UTC 2025","Fri Nov 07 21:37:04 UTC 2025","377","HabitNuWebAppSuite","HabitNuWebAppRegression","WebAppSanityPackage.BloodPressure_Section","WebAppSanityPackage.BloodPressure_Section","editTargetWithGreaterThan250","edit -  enter Systolic target more than 250 and assert messages",""
"passed","Fri Nov 07 22:11:04 UTC 2025","Fri Nov 07 22:11:04 UTC 2025","113","HabitNuWebAppSuite","HabitNuWebAppRegression","WebAppSanityPackage.recipeBuilder","WebAppSanityPackage.recipeBuilder","verifyRemoveFavorites_from_recipeView_page","remove fav recipes from recipe view page",""
"passed","Fri Nov 07 21:41:16 UTC 2025","Fri Nov 07 21:41:17 UTC 2025","340","HabitNuWebAppSuite","HabitNuWebAppRegression","WebAppSanityPackage.ProfileAppClass","WebAppSanityPackage.ProfileAppClass","keepStateBlankAndSave","Keep State as blank and save → Should show validation error",""
"passed","Fri Nov 07 21:42:38 UTC 2025","Fri Nov 07 21:42:41 UTC 2025","2100","HabitNuWebAppSuite","HabitNuWebAppRegression","WebAppSanityPackage.ProfileAppClass","WebAppSanityPackage.ProfileAppClass","case83","Enter mismatched confirm password and click Change Password",""
"passed","Fri Nov 07 22:10:46 UTC 2025","Fri Nov 07 22:10:46 UTC 2025","202","HabitNuWebAppSuite","HabitNuWebAppRegression","WebAppSanityPackage.recipeBuilder","WebAppSanityPackage.recipeBuilder","verifyLoggedRecipeUnderFood","verify logged recipe > under view food log",""
"passed","Fri Nov 07 21:46:07 UTC 2025","Fri Nov 07 21:46:08 UTC 2025","852","HabitNuWebAppSuite","HabitNuWebAppRegression","WebAppSanityPackage.HabitsAppClass","WebAppSanityPackage.HabitsAppClass","case23","Click on Edit and edit the habit",""
"passed","Fri Nov 07 22:05:20 UTC 2025","Fri Nov 07 22:05:26 UTC 2025","5772","HabitNuWebAppSuite","HabitNuWebAppRegression","WebAppSanityPackage.habiRecipe","WebAppSanityPackage.habiRecipe","case11","Food allergies",""
"passed","Fri Nov 07 21:53:21 UTC 2025","Fri Nov 07 21:53:24 UTC 2025","2827","HabitNuWebAppSuite","HabitNuWebAppRegression","WebAppSanityPackage.WebAppClass","WebAppSanityPackage.WebAppClass","case2","Click on add food and add the food - Lunch",""
"passed","Fri Nov 07 21:54:07 UTC 2025","Fri Nov 07 21:54:11 UTC 2025","4204","HabitNuWebAppSuite","HabitNuWebAppRegression","WebAppSanityPackage.WebAppClass","WebAppSanityPackage.WebAppClass","case19","Add/Edit Food - without optional fields (Should successfully update and show the updated values)",""
"passed","Fri Nov 07 21:54:25 UTC 2025","Fri Nov 07 21:54:25 UTC 2025","9","HabitNuWebAppSuite","HabitNuWebAppRegression","WebAppSanityPackage.WebAppClass","WebAppSanityPackage.WebAppClass","Case_28check_the_link_in_log","Checking the nutritional details pop-up",""
"broken","Fri Nov 07 21:42:30 UTC 2025","Fri Nov 07 21:42:32 UTC 2025","2230","HabitNuWebAppSuite","HabitNuWebAppRegression","WebAppSanityPackage.ProfileAppClass","WebAppSanityPackage.ProfileAppClass","case77","Click on delete file and cancel it",""
"passed","Fri Nov 07 21:56:39 UTC 2025","Fri Nov 07 21:56:44 UTC 2025","4487","HabitNuWebAppSuite","HabitNuWebAppRegression","WebAppSanityPackage.Hba1c","WebAppSanityPackage.Hba1c","case7","verify blank data in Hba1c section",""
"passed","Fri Nov 07 21:41:23 UTC 2025","Fri Nov 07 21:41:27 UTC 2025","3951","HabitNuWebAppSuite","HabitNuWebAppRegression","WebAppSanityPackage.ProfileAppClass","WebAppSanityPackage.ProfileAppClass","validateAddressConfirmationSection","Keep Zipcode with valid numbers and save → Should not show error",""
"broken","Fri Nov 07 22:08:08 UTC 2025","Fri Nov 07 22:08:20 UTC 2025","12239","HabitNuWebAppSuite","HabitNuWebAppRegression","WebAppSanityPackage.habiRecipe","WebAppSanityPackage.habiRecipe","Case25","Selecting the  Generated Recipe of Micronutrient considerations and Logging It",""
"passed","Fri Nov 07 21:37:09 UTC 2025","Fri Nov 07 21:37:10 UTC 2025","589","HabitNuWebAppSuite","HabitNuWebAppRegression","WebAppSanityPackage.BloodPressure_Section","WebAppSanityPackage.BloodPressure_Section","case3","Verify No data added for last 30 days",""
"passed","Fri Nov 07 21:41:08 UTC 2025","Fri Nov 07 21:41:08 UTC 2025","439","HabitNuWebAppSuite","HabitNuWebAppRegression","WebAppSanityPackage.ProfileAppClass","WebAppSanityPackage.ProfileAppClass","blankContactNumberValidation","Keep contact number blank → Show validation error",""
"passed","Fri Nov 07 21:52:34 UTC 2025","Fri Nov 07 21:52:35 UTC 2025","1292","HabitNuWebAppSuite","HabitNuWebAppRegression","WebAppSanityPackage.ExerciseSection","WebAppSanityPackage.ExerciseSection","setValidTarget","enter valid Target",""
"passed","Fri Nov 07 21:41:38 UTC 2025","Fri Nov 07 21:41:38 UTC 2025","418","HabitNuWebAppSuite","HabitNuWebAppRegression","WebAppSanityPackage.ProfileAppClass","WebAppSanityPackage.ProfileAppClass","case50","Add Hips (in inches) as letters and save",""
"passed","Fri Nov 07 21:41:35 UTC 2025","Fri Nov 07 21:41:37 UTC 2025","1298","HabitNuWebAppSuite","HabitNuWebAppRegression","WebAppSanityPackage.ProfileAppClass","WebAppSanityPackage.ProfileAppClass","case48","Keep Hips (in inches) as blank and save",""
"broken","Fri Nov 07 22:04:27 UTC 2025","Fri Nov 07 22:04:38 UTC 2025","11125","HabitNuWebAppSuite","HabitNuWebAppRegression","WebAppSanityPackage.habiRecipe","WebAppSanityPackage.habiRecipe","Case5","Selecting the Generated Recipe and Logging It",""
"passed","Fri Nov 07 22:10:50 UTC 2025","Fri Nov 07 22:10:52 UTC 2025","2359","HabitNuWebAppSuite","HabitNuWebAppRegression","WebAppSanityPackage.recipeBuilder","WebAppSanityPackage.recipeBuilder","verifyFavoriteRecipesByRecipeCal","verify favorite food list under Food > by Recipe Calories",""
"broken","Fri Nov 07 22:09:58 UTC 2025","Fri Nov 07 22:10:12 UTC 2025","13572","HabitNuWebAppSuite","HabitNuWebAppRegression","WebAppSanityPackage.habiRecipe","WebAppSanityPackage.habiRecipe","Case46","Selecting the Generated Recipe and Logging It",""
"passed","Fri Nov 07 21:57:58 UTC 2025","Fri Nov 07 21:58:01 UTC 2025","3295","HabitNuWebAppSuite","HabitNuWebAppRegression","WebAppSanityPackage.waterLog","WebAppSanityPackage.waterLog","case9","Custom Water Log by Using + and - Buttons",""
"passed","Fri Nov 07 21:40:53 UTC 2025","Fri Nov 07 21:40:53 UTC 2025","204","HabitNuWebAppSuite","HabitNuWebAppRegression","WebAppSanityPackage.ProfileAppClass","WebAppSanityPackage.ProfileAppClass","clearGenderAndSave","Clear gender and save → should save or skip validation",""
"passed","Fri Nov 07 21:37:21 UTC 2025","Fri Nov 07 21:37:22 UTC 2025","182","HabitNuWebAppSuite","HabitNuWebAppRegression","WebAppSanityPackage.BloodPressure_Section","WebAppSanityPackage.BloodPressure_Section","case6","Verify last added monthly and yesterday's data in details page in Blood Pressure section",""
"passed","Fri Nov 07 22:11:51 UTC 2025","Fri Nov 07 22:11:52 UTC 2025","410","HabitNuWebAppSuite","HabitNuWebAppRegression","WebAppSanityPackage.WebAppHealth_WeightSection","WebAppSanityPackage.WebAppHealth_WeightSection","setTargetMoreThan99","enter target more than 999 and assert messages",""
"passed","Fri Nov 07 21:41:09 UTC 2025","Fri Nov 07 21:41:10 UTC 2025","1238","HabitNuWebAppSuite","HabitNuWebAppRegression","WebAppSanityPackage.ProfileAppClass","WebAppSanityPackage.ProfileAppClass","addValidPhoneNumber","Add valid phone number and save → Should save successfully",""
"passed","Fri Nov 07 21:36:59 UTC 2025","Fri Nov 07 21:36:59 UTC 2025","369","HabitNuWebAppSuite","HabitNuWebAppRegression","WebAppSanityPackage.BloodPressure_Section","WebAppSanityPackage.BloodPressure_Section","setSystolicTargetMoreThan250","enter systolic target more than 250 and assert messages",""
"passed","Fri Nov 07 21:35:02 UTC 2025","Fri Nov 07 21:35:04 UTC 2025","2460","HabitNuWebAppSuite","HabitNuWebAppRegression","WebAppSanityPackage.HomePage","WebAppSanityPackage.HomePage","testLearnOrVideosSection","Verify content of the Learn or Videos page",""
"broken","Fri Nov 07 22:09:46 UTC 2025","Fri Nov 07 22:09:58 UTC 2025","12241","HabitNuWebAppSuite","HabitNuWebAppRegression","WebAppSanityPackage.habiRecipe","WebAppSanityPackage.habiRecipe","Case45","Selecting the  Generated Recipe of All recipes and Logging It",""
"passed","Fri Nov 07 21:39:46 UTC 2025","Fri Nov 07 21:39:52 UTC 2025","5333","HabitNuWebAppSuite","HabitNuWebAppRegression","WebAppSanityPackage.DiscussAppClass","WebAppSanityPackage.DiscussAppClass","case6","Upload only a file (should not allow)",""
"passed","Fri Nov 07 21:41:05 UTC 2025","Fri Nov 07 21:41:07 UTC 2025","1560","HabitNuWebAppSuite","HabitNuWebAppRegression","WebAppSanityPackage.ProfileAppClass","WebAppSanityPackage.ProfileAppClass","closeBasicInfoWithoutSaving","Click close without saving Basic information → No change expected",""
"passed","Fri Nov 07 21:58:01 UTC 2025","Fri Nov 07 21:58:03 UTC 2025","1112","HabitNuWebAppSuite","HabitNuWebAppRegression","WebAppSanityPackage.waterLog","WebAppSanityPackage.waterLog","case10","Total Water Logged Count",""
"passed","Fri Nov 07 22:14:27 UTC 2025","Fri Nov 07 22:14:28 UTC 2025","579","HabitNuWebAppSuite","HabitNuWebAppRegression","WebAppSanityPackage.Medication","WebAppSanityPackage.Medication","case25","Before Food or After Food Selection",""
"passed","Fri Nov 07 22:10:52 UTC 2025","Fri Nov 07 22:10:53 UTC 2025","126","HabitNuWebAppSuite","HabitNuWebAppRegression","WebAppSanityPackage.recipeBuilder","WebAppSanityPackage.recipeBuilder","verifyFavoriteRecipesByRecipeServings","verify favorite food list under Food> by Recipe servings",""
"passed","Fri Nov 07 21:41:22 UTC 2025","Fri Nov 07 21:41:23 UTC 2025","1407","HabitNuWebAppSuite","HabitNuWebAppRegression","WebAppSanityPackage.ProfileAppClass","WebAppSanityPackage.ProfileAppClass","keepZipcodevalidAndSave","Keep Zipcode with valid numbers and save → Should not show error",""
"passed","Fri Nov 07 21:52:32 UTC 2025","Fri Nov 07 21:52:33 UTC 2025","347","HabitNuWebAppSuite","HabitNuWebAppRegression","WebAppSanityPackage.ExerciseSection","WebAppSanityPackage.ExerciseSection","BeditTargetWithBlankValue","edit -  Exercise cannot be blank",""
"passed","Fri Nov 07 22:10:33 UTC 2025","Fri Nov 07 22:10:34 UTC 2025","412","HabitNuWebAppSuite","HabitNuWebAppRegression","WebAppSanityPackage.recipeBuilder","WebAppSanityPackage.recipeBuilder","clickOnRecipeAndValidateRecipeFieldPage","Verify recipe page fields",""
"passed","Fri Nov 07 21:44:52 UTC 2025","Fri Nov 07 21:45:00 UTC 2025","7582","HabitNuWebAppSuite","HabitNuWebAppRegression","WebAppSanityPackage.HabitsAppClass","WebAppSanityPackage.HabitsAppClass","case4","click on forward arrowmark it should take you to current week",""
"broken","Fri Nov 07 21:35:51 UTC 2025","Fri Nov 07 21:36:07 UTC 2025","16537","HabitNuWebAppSuite","HabitNuWebAppRegression","WebAppSanityPackage.HomePage","WebAppSanityPackage.HomePage","testMealsProgressBarByAddingFood","Verify the Meals progress bar updates correctly as meals are added",""
"passed","Fri Nov 07 21:37:04 UTC 2025","Fri Nov 07 21:37:04 UTC 2025","406","HabitNuWebAppSuite","HabitNuWebAppRegression","WebAppSanityPackage.BloodPressure_Section","WebAppSanityPackage.BloodPressure_Section","editsystolicTargetWithBlankValue","edit -  systolic BP cannot be blank",""
"passed","Fri Nov 07 22:03:53 UTC 2025","Fri Nov 07 22:03:54 UTC 2025","257","HabitNuWebAppSuite","HabitNuWebAppRegression","WebAppSanityPackage.habiRecipe","WebAppSanityPackage.habiRecipe","case2","Habi's Recipes",""
"passed","Fri Nov 07 21:46:05 UTC 2025","Fri Nov 07 21:46:07 UTC 2025","2579","HabitNuWebAppSuite","HabitNuWebAppRegression","WebAppSanityPackage.HabitsAppClass","WebAppSanityPackage.HabitsAppClass","case22","double click on habit button and it should open the pop up",""
"broken","Fri Nov 07 22:13:46 UTC 2025","Fri Nov 07 22:13:56 UTC 2025","10263","HabitNuWebAppSuite","HabitNuWebAppRegression","WebAppSanityPackage.Medication","WebAppSanityPackage.Medication","Case16verifyAddNewMedicationElements","TC: Verify the elements of Add New Medication popup",""
"passed","Fri Nov 07 22:17:42 UTC 2025","Fri Nov 07 22:17:51 UTC 2025","8317","HabitNuWebAppSuite","HabitNuWebAppRegression","WebAppSanityPackage.GuidedTour","WebAppSanityPackage.GuidedTour","test4_registrationfilling","When user is able to enter the details in registration form",""
"passed","Fri Nov 07 21:45:40 UTC 2025","Fri Nov 07 21:45:49 UTC 2025","8818","HabitNuWebAppSuite","HabitNuWebAppRegression","WebAppSanityPackage.HabitsAppClass","WebAppSanityPackage.HabitsAppClass","case17","Click on Active Habits dropdown",""
"passed","Fri Nov 07 21:57:02 UTC 2025","Fri Nov 07 21:57:02 UTC 2025","88","HabitNuWebAppSuite","HabitNuWebAppRegression","WebAppSanityPackage.Hba1c","WebAppSanityPackage.Hba1c","noTargetSet","verify no target case",""
"passed","Fri Nov 07 21:39:42 UTC 2025","Fri Nov 07 21:39:42 UTC 2025","217","HabitNuWebAppSuite","HabitNuWebAppRegression","WebAppSanityPackage.DiscussAppClass","WebAppSanityPackage.DiscussAppClass","case3","Post a message with description only (should allow posting)",""
"passed","Fri Nov 07 21:55:20 UTC 2025","Fri Nov 07 21:55:20 UTC 2025","348","HabitNuWebAppSuite","HabitNuWebAppRegression","WebAppSanityPackage.Login","WebAppSanityPackage.Login","testLoginWithOnlyPassword","Verify error when only password is provided",""
"passed","Fri Nov 07 21:45:37 UTC 2025","Fri Nov 07 21:45:37 UTC 2025","750","HabitNuWebAppSuite","HabitNuWebAppRegression","WebAppSanityPackage.HabitsAppClass","WebAppSanityPackage.HabitsAppClass","case15","Click on Activate and add the habit back",""
"passed","Fri Nov 07 21:55:14 UTC 2025","Fri Nov 07 21:55:15 UTC 2025","923","HabitNuWebAppSuite","HabitNuWebAppRegression","WebAppSanityPackage.Login","WebAppSanityPackage.Login","testLoginWithInactiveUser","Verify error for an inactive user account",""
"passed","Fri Nov 07 21:42:06 UTC 2025","Fri Nov 07 21:42:09 UTC 2025","2973","HabitNuWebAppSuite","HabitNuWebAppRegression","WebAppSanityPackage.ProfileAppClass","WebAppSanityPackage.ProfileAppClass","case72","Upload the file type and upload",""
"passed","Fri Nov 07 22:02:39 UTC 2025","Fri Nov 07 22:02:41 UTC 2025","1466","HabitNuWebAppSuite","HabitNuWebAppRegression","WebAppSanityPackage.foodGrouping","WebAppSanityPackage.foodGrouping","case20","Logging 'My Meal' from exsiting group",""
"passed","Fri Nov 07 22:14:25 UTC 2025","Fri Nov 07 22:14:25 UTC 2025","132","HabitNuWebAppSuite","HabitNuWebAppRegression","WebAppSanityPackage.Medication","WebAppSanityPackage.Medication","case22","Creating new Medications details like selecting mg or ml.",""
"passed","Fri Nov 07 21:42:35 UTC 2025","Fri Nov 07 21:42:38 UTC 2025","3122","HabitNuWebAppSuite","HabitNuWebAppRegression","WebAppSanityPackage.ProfileAppClass","WebAppSanityPackage.ProfileAppClass","case82","Enter wrong current password and new password, click Change Password",""
"broken","Fri Nov 07 22:08:52 UTC 2025","Fri Nov 07 22:09:04 UTC 2025","12233","HabitNuWebAppSuite","HabitNuWebAppRegression","WebAppSanityPackage.habiRecipe","WebAppSanityPackage.habiRecipe","Case29","Selecting the  Generated Recipe of Local food preferences and Logging It",""
"passed","Fri Nov 07 22:15:52 UTC 2025","Fri Nov 07 22:15:54 UTC 2025","2666","HabitNuWebAppSuite","HabitNuWebAppRegression","WebAppSanityPackage.Myrecipes","WebAppSanityPackage.Myrecipes","test6_createrecipe","And user is able to create my recipe",""
"passed","Fri Nov 07 22:12:42 UTC 2025","Fri Nov 07 22:12:46 UTC 2025","3836","HabitNuWebAppSuite","HabitNuWebAppRegression","WebAppSanityPackage.Medication","WebAppSanityPackage.Medication","case1","Main Page",""
"passed","Fri Nov 07 21:52:44 UTC 2025","Fri Nov 07 21:52:55 UTC 2025","10788","HabitNuWebAppSuite","HabitNuWebAppRegression","WebAppSanityPackage.ExerciseSection","WebAppSanityPackage.ExerciseSection","case4","verify added today data in exercise section and verify total exercise per day",""
"passed","Fri Nov 07 21:55:42 UTC 2025","Fri Nov 07 21:55:43 UTC 2025","1002","HabitNuWebAppSuite","HabitNuWebAppRegression","WebAppSanityPackage.Login","WebAppSanityPackage.Login","testForgotPasswordFlow","Verify the 'Forgot Password' flow sends a reset link",""
"passed","Fri Nov 07 21:53:00 UTC 2025","Fri Nov 07 21:53:04 UTC 2025","4138","HabitNuWebAppSuite","HabitNuWebAppRegression","WebAppSanityPackage.ExerciseSection","WebAppSanityPackage.ExerciseSection","case8","verify negative data in exercise section",""
"passed","Fri Nov 07 21:40:50 UTC 2025","Fri Nov 07 21:40:53 UTC 2025","3027","HabitNuWebAppSuite","HabitNuWebAppRegression","WebAppSanityPackage.ProfileAppClass","WebAppSanityPackage.ProfileAppClass","lastNameBlankTest","Leave last name as blank → should show default name or fail gracefully",""
"passed","Fri Nov 07 21:40:26 UTC 2025","Fri Nov 07 21:40:26 UTC 2025","109","HabitNuWebAppSuite","HabitNuWebAppRegression","WebAppSanityPackage.DiscussAppClass","WebAppSanityPackage.DiscussAppClass","case18","Click on - button of coaches ( it should go back )",""
"passed","Fri Nov 07 21:43:18 UTC 2025","Fri Nov 07 21:43:19 UTC 2025","821","HabitNuWebAppSuite","HabitNuWebAppRegression","WebAppSanityPackage.Weights_lbs_Kgs","WebAppSanityPackage.Weights_lbs_Kgs","case9","Dashboard weights match unit selected",""
"passed","Fri Nov 07 21:34:53 UTC 2025","Fri Nov 07 21:34:53 UTC 2025","585","HabitNuWebAppSuite","HabitNuWebAppRegression","WebAppSanityPackage.HomePage","WebAppSanityPackage.HomePage","testWelcomeMessageIsDisplayed","Verify the personalized welcome message is displayed",""
"passed","Fri Nov 07 22:12:46 UTC 2025","Fri Nov 07 22:12:48 UTC 2025","1591","HabitNuWebAppSuite","HabitNuWebAppRegression","WebAppSanityPackage.Medication","WebAppSanityPackage.Medication","case2","Log page Weight Loss Medication",""
"passed","Fri Nov 07 21:57:08 UTC 2025","Fri Nov 07 21:57:11 UTC 2025","3208","HabitNuWebAppSuite","HabitNuWebAppRegression","WebAppSanityPackage.Hba1c","WebAppSanityPackage.Hba1c","editTargetButDoNotSave","edit target values and do click on 'x' mark and do not save",""
"passed","Fri Nov 07 21:54:11 UTC 2025","Fri Nov 07 21:54:13 UTC 2025","1905","HabitNuWebAppSuite","HabitNuWebAppRegression","WebAppSanityPackage.WebAppClass","WebAppSanityPackage.WebAppClass","case20","Add food quantity as 0",""
"passed","Fri Nov 07 21:46:34 UTC 2025","Fri Nov 07 21:46:35 UTC 2025","764","HabitNuWebAppSuite","HabitNuWebAppRegression","WebAppSanityPackage.Sugar_Section","WebAppSanityPackage.Sugar_Section","setHighTargetMoreThan250","enter High target more than 1000 and assert messages",""
"broken","Fri Nov 07 21:43:16 UTC 2025","Fri Nov 07 21:43:16 UTC 2025","13","HabitNuWebAppSuite","HabitNuWebAppRegression","WebAppSanityPackage.Weights_lbs_Kgs","WebAppSanityPackage.Weights_lbs_Kgs","setNegativeTarget","enter negative target values and assert messages",""
"broken","Fri Nov 07 21:47:21 UTC 2025","Fri Nov 07 21:47:21 UTC 2025","13","HabitNuWebAppSuite","HabitNuWebAppRegression","WebAppSanityPackage.Sugar_Section","WebAppSanityPackage.Sugar_Section","case4","Click on Blood Sugar , click on add new button and add Blood Sugar After Meal for current year current date ",""
"passed","Fri Nov 07 22:12:53 UTC 2025","Fri Nov 07 22:13:00 UTC 2025","6251","HabitNuWebAppSuite","HabitNuWebAppRegression","WebAppSanityPackage.Medication","WebAppSanityPackage.Medication","case10","Weight loss medication Edit detials on Yor Medication",""
"passed","Fri Nov 07 21:38:10 UTC 2025","Fri Nov 07 21:38:14 UTC 2025","4606","HabitNuWebAppSuite","HabitNuWebAppRegression","WebAppSanityPackage.TobaccoSection","WebAppSanityPackage.TobaccoSection","case17_graphcase3","Load web app -> Click on Health section -> Weight section -> click on three lines -> Click on graph -> click on filter as last year",""
"passed","Fri Nov 07 21:37:48 UTC 2025","Fri Nov 07 21:37:48 UTC 2025","362","HabitNuWebAppSuite","HabitNuWebAppRegression","WebAppSanityPackage.TobaccoSection","WebAppSanityPackage.TobaccoSection","case5_setNegativeTarget","enter negative target values and assert messages",""
"passed","Fri Nov 07 21:38:28 UTC 2025","Fri Nov 07 21:38:29 UTC 2025","1317","HabitNuWebAppSuite","HabitNuWebAppRegression","WebAppSanityPackage.TobaccoSection","WebAppSanityPackage.TobaccoSection","case20_case51e","verify added today data in tobacco section ",""
"passed","Fri Nov 07 21:35:24 UTC 2025","Fri Nov 07 21:35:24 UTC 2025","331","HabitNuWebAppSuite","HabitNuWebAppRegression","WebAppSanityPackage.HomePage","WebAppSanityPackage.HomePage","testWeeklyProgressBarValidation","Verify the weekly progress bar is displayed and contains valid data",""
"passed","Fri Nov 07 22:10:34 UTC 2025","Fri Nov 07 22:10:35 UTC 2025","1128","HabitNuWebAppSuite","HabitNuWebAppRegression","WebAppSanityPackage.recipeBuilder","WebAppSanityPackage.recipeBuilder","searchForRecipe","Verify recipe loads upon searching and validate them",""
"passed","Fri Nov 07 21:44:05 UTC 2025","Fri Nov 07 21:44:16 UTC 2025","10448","HabitNuWebAppSuite","HabitNuWebAppRegression","WebAppSanityPackage.ChatandNotificationsClass","WebAppSanityPackage.ChatandNotificationsClass","case10","Click on HabitNu: Welcome to a new week! Please step on your scale to record your weight 3 days this week!",""
"passed","Fri Nov 07 22:03:43 UTC 2025","Fri Nov 07 22:03:53 UTC 2025","10229","HabitNuWebAppSuite","HabitNuWebAppRegression","WebAppSanityPackage.habiRecipe","WebAppSanityPackage.habiRecipe","case1","Main Page",""
"passed","Fri Nov 07 21:46:44 UTC 2025","Fri Nov 07 21:46:55 UTC 2025","11017","HabitNuWebAppSuite","HabitNuWebAppRegression","WebAppSanityPackage.Sugar_Section","WebAppSanityPackage.Sugar_Section","case1","Click on health tab and verify no data recorded yet in Blood Sugar section",""
"passed","Fri Nov 07 21:53:07 UTC 2025","Fri Nov 07 21:53:07 UTC 2025","208","HabitNuWebAppSuite","HabitNuWebAppRegression","WebAppSanityPackage.ExerciseSection","WebAppSanityPackage.ExerciseSection","case11","verify negative data as others in exercise section",""
"passed","Fri Nov 07 21:53:10 UTC 2025","Fri Nov 07 21:53:11 UTC 2025","1045","HabitNuWebAppSuite","HabitNuWebAppRegression","WebAppSanityPackage.ExerciseSection","WebAppSanityPackage.ExerciseSection","case13","verify decimal data as others in exercise section",""
"broken","Fri Nov 07 21:54:25 UTC 2025","Fri Nov 07 21:54:31 UTC 2025","5455","HabitNuWebAppSuite","HabitNuWebAppRegression","WebAppSanityPackage.WebAppClass","WebAppSanityPackage.WebAppClass","case30","Coach-Users Test Case in meals section",""
"passed","Fri Nov 07 22:12:13 UTC 2025","Fri Nov 07 22:12:15 UTC 2025","2167","HabitNuWebAppSuite","HabitNuWebAppRegression","WebAppSanityPackage.WebAppHealth_WeightSection","WebAppSanityPackage.WebAppHealth_WeightSection","case8","Add data as blank",""
"passed","Fri Nov 07 21:35:23 UTC 2025","Fri Nov 07 21:35:24 UTC 2025","587","HabitNuWebAppSuite","HabitNuWebAppRegression","WebAppSanityPackage.HomePage","WebAppSanityPackage.HomePage","testMedicationPageLayout","Verify the Medication Log page layout and functionality",""
"broken","Fri Nov 07 21:50:44 UTC 2025","Fri Nov 07 21:51:15 UTC 2025","30672","HabitNuWebAppSuite","HabitNuWebAppRegression","WebAppSanityPackage.Sugar_Section","WebAppSanityPackage.Sugar_Section","case17","verify blank data in Blood Sugar section Fasting",""
"passed","Fri Nov 07 21:42:19 UTC 2025","Fri Nov 07 21:42:27 UTC 2025","8357","HabitNuWebAppSuite","HabitNuWebAppRegression","WebAppSanityPackage.ProfileAppClass","WebAppSanityPackage.ProfileAppClass","case75","Click on view file",""
"passed","Fri Nov 07 22:13:56 UTC 2025","Fri Nov 07 22:13:57 UTC 2025","314","HabitNuWebAppSuite","HabitNuWebAppRegression","WebAppSanityPackage.Medication","WebAppSanityPackage.Medication","Case17validateMedicationFieldRequired","TC: Keep the Medication field empty and save",""
"passed","Fri Nov 07 21:56:44 UTC 2025","Fri Nov 07 21:56:48 UTC 2025","4466","HabitNuWebAppSuite","HabitNuWebAppRegression","WebAppSanityPackage.Hba1c","WebAppSanityPackage.Hba1c","case8","verify negative data in Hba1c count section",""
"passed","Fri Nov 07 21:39:42 UTC 2025","Fri Nov 07 21:39:43 UTC 2025","682","HabitNuWebAppSuite","HabitNuWebAppRegression","WebAppSanityPackage.DiscussAppClass","WebAppSanityPackage.DiscussAppClass","case4","Click on post button without entering message (should not allow posting)",""
"passed","Fri Nov 07 21:38:17 UTC 2025","Fri Nov 07 21:38:28 UTC 2025","10828","HabitNuWebAppSuite","HabitNuWebAppRegression","WebAppSanityPackage.TobaccoSection","WebAppSanityPackage.TobaccoSection","case19","Click on tobacco , click on add new button and add tobacco for last month and and Total count of the day should be 0",""
"passed","Fri Nov 07 21:59:21 UTC 2025","Fri Nov 07 21:59:21 UTC 2025","67","HabitNuWebAppSuite","HabitNuWebAppRegression","WebAppSanityPackage.foodGrouping","WebAppSanityPackage.foodGrouping","case3","Verify the created group name in Food Group section",""
"passed","Fri Nov 07 22:04:38 UTC 2025","Fri Nov 07 22:04:43 UTC 2025","5027","HabitNuWebAppSuite","HabitNuWebAppRegression","WebAppSanityPackage.habiRecipe","WebAppSanityPackage.habiRecipe","Case6","Selecting the Generated Recipe and Logging It",""
"passed","Fri Nov 07 22:11:04 UTC 2025","Fri Nov 07 22:11:10 UTC 2025","6350","HabitNuWebAppSuite","HabitNuWebAppRegression","WebAppSanityPackage.recipeBuilder","WebAppSanityPackage.recipeBuilder","addRecipeToFavorites","Add recipe to favorites via three-dot menu",""
"passed","Fri Nov 07 21:41:15 UTC 2025","Fri Nov 07 21:41:15 UTC 2025","554","HabitNuWebAppSuite","HabitNuWebAppRegression","WebAppSanityPackage.ProfileAppClass","WebAppSanityPackage.ProfileAppClass","keepCityBlankAndSave","Keep City as blank and save → Should throw validation error",""
"passed","Fri Nov 07 21:46:32 UTC 2025","Fri Nov 07 21:46:32 UTC 2025","450","HabitNuWebAppSuite","HabitNuWebAppRegression","WebAppSanityPackage.Sugar_Section","WebAppSanityPackage.Sugar_Section","placeHolderOfBPCountValueInputBox","verify placeholder - High and Low ",""
"passed","Fri Nov 07 21:55:22 UTC 2025","Fri Nov 07 21:55:23 UTC 2025","1441","HabitNuWebAppSuite","HabitNuWebAppRegression","WebAppSanityPackage.Login","WebAppSanityPackage.Login","testEmailCaseInsensitive","Verify email input is case-insensitive",""
"passed","Fri Nov 07 22:17:59 UTC 2025","Fri Nov 07 22:18:00 UTC 2025","775","HabitNuWebAppSuite","HabitNuWebAppRegression","WebAppSanityPackage.GuidedTour","WebAppSanityPackage.GuidedTour","test12_navigatingtourpage5","And user is navigating from fourth slide to fifth and validating",""
"passed","Fri Nov 07 21:37:05 UTC 2025","Fri Nov 07 21:37:07 UTC 2025","2032","HabitNuWebAppSuite","HabitNuWebAppRegression","WebAppSanityPackage.BloodPressure_Section","WebAppSanityPackage.BloodPressure_Section","case1","Click on health tab and verify no data recorded yet in Blood Pressure section",""
"broken","Fri Nov 07 22:06:36 UTC 2025","Fri Nov 07 22:07:23 UTC 2025","47269","HabitNuWebAppSuite","HabitNuWebAppRegression","WebAppSanityPackage.habiRecipe","WebAppSanityPackage.habiRecipe","case20","Generate New Recipe for Macronutrient considerations",""
"passed","Fri Nov 07 22:13:23 UTC 2025","Fri Nov 07 22:13:34 UTC 2025","11055","HabitNuWebAppSuite","HabitNuWebAppRegression","WebAppSanityPackage.Medication","WebAppSanityPackage.Medication","case14","Weight loss medication Edit details on Log",""
"passed","Fri Nov 07 21:41:38 UTC 2025","Fri Nov 07 21:41:40 UTC 2025","1377","HabitNuWebAppSuite","HabitNuWebAppRegression","WebAppSanityPackage.ProfileAppClass","WebAppSanityPackage.ProfileAppClass","case51","Add Hips (in inches) as valid number and save",""
"passed","Fri Nov 07 21:54:20 UTC 2025","Fri Nov 07 21:54:22 UTC 2025","2173","HabitNuWebAppSuite","HabitNuWebAppRegression","WebAppSanityPackage.WebAppClass","WebAppSanityPackage.WebAppClass","case23","Deleting the Food from Frequent section",""
"passed","Fri Nov 07 21:46:18 UTC 2025","Fri Nov 07 21:46:18 UTC 2025","245","HabitNuWebAppSuite","HabitNuWebAppRegression","WebAppSanityPackage.HabitsAppClass","WebAppSanityPackage.HabitsAppClass","case28","Click on Activate and do not add the habit back",""
"broken","Fri Nov 07 21:57:02 UTC 2025","Fri Nov 07 21:57:03 UTC 2025","1068","HabitNuWebAppSuite","HabitNuWebAppRegression","WebAppSanityPackage.Hba1c","WebAppSanityPackage.Hba1c","setTarget","enter target values and do click on 'x' mark and do not save",""
"passed","Fri Nov 07 21:40:30 UTC 2025","Fri Nov 07 21:40:32 UTC 2025","2338","HabitNuWebAppSuite","HabitNuWebAppRegression","WebAppSanityPackage.DiscussAppClass","WebAppSanityPackage.DiscussAppClass","case24","upload a message in my post",""
"passed","Fri Nov 07 21:35:14 UTC 2025","Fri Nov 07 21:35:16 UTC 2025","1572","HabitNuWebAppSuite","HabitNuWebAppRegression","WebAppSanityPackage.HomePage","WebAppSanityPackage.HomePage","testWeightLossProgressSection","Verify Weight Loss Progress panel content and functionality from arrow",""
"passed","Fri Nov 07 21:53:24 UTC 2025","Fri Nov 07 21:53:27 UTC 2025","3203","HabitNuWebAppSuite","HabitNuWebAppRegression","WebAppSanityPackage.WebAppClass","WebAppSanityPackage.WebAppClass","case3","Click on add food and add the food - Dinner",""
"failed","Fri Nov 07 22:10:46 UTC 2025","Fri Nov 07 22:10:49 UTC 2025","3215","HabitNuWebAppSuite","HabitNuWebAppRegression","WebAppSanityPackage.recipeBuilder","WebAppSanityPackage.recipeBuilder","verifyFavoriteRecipesUnderFood","verify favorite food list under Food>Favorites",""
"passed","Fri Nov 07 21:57:57 UTC 2025","Fri Nov 07 21:57:58 UTC 2025","619","HabitNuWebAppSuite","HabitNuWebAppRegression","WebAppSanityPackage.waterLog","WebAppSanityPackage.waterLog","case8","Custom again Water Log",""
"passed","Fri Nov 07 21:45:23 UTC 2025","Fri Nov 07 21:45:31 UTC 2025","7944","HabitNuWebAppSuite","HabitNuWebAppRegression","WebAppSanityPackage.HabitsAppClass","WebAppSanityPackage.HabitsAppClass","case10","Click on Calender and edit  and save the details",""
"passed","Fri Nov 07 22:06:25 UTC 2025","Fri Nov 07 22:06:30 UTC 2025","4792","HabitNuWebAppSuite","HabitNuWebAppRegression","WebAppSanityPackage.habiRecipe","WebAppSanityPackage.habiRecipe","Case18","Selecting the Generated Recipe and Logging It",""
"passed","Fri Nov 07 21:44:43 UTC 2025","Fri Nov 07 21:44:52 UTC 2025","9201","HabitNuWebAppSuite","HabitNuWebAppRegression","WebAppSanityPackage.HabitsAppClass","WebAppSanityPackage.HabitsAppClass","case3","Click on backward arrowmark it should take to last week",""
"passed","Fri Nov 07 21:40:26 UTC 2025","Fri Nov 07 21:40:26 UTC 2025","134","HabitNuWebAppSuite","HabitNuWebAppRegression","WebAppSanityPackage.DiscussAppClass","WebAppSanityPackage.DiscussAppClass","case17","Click on + button of coaches ( it should list all coaches)",""
"passed","Fri Nov 07 21:40:27 UTC 2025","Fri Nov 07 21:40:27 UTC 2025","348","HabitNuWebAppSuite","HabitNuWebAppRegression","WebAppSanityPackage.DiscussAppClass","WebAppSanityPackage.DiscussAppClass","case22","Post a message in my post",""
"passed","Fri Nov 07 21:52:55 UTC 2025","Fri Nov 07 21:52:56 UTC 2025","775","HabitNuWebAppSuite","HabitNuWebAppRegression","WebAppSanityPackage.ExerciseSection","WebAppSanityPackage.ExerciseSection","case5","add yesterday's Exercise n it should show last added data",""
"passed","Fri Nov 07 22:11:49 UTC 2025","Fri Nov 07 22:11:50 UTC 2025","1670","HabitNuWebAppSuite","HabitNuWebAppRegression","WebAppSanityPackage.WebAppHealth_WeightSection","WebAppSanityPackage.WebAppHealth_WeightSection","placeHolderOfTobaccoCountValueInputBox","verify placeholder - weight ",""
"passed","Fri Nov 07 21:37:56 UTC 2025","Fri Nov 07 21:37:56 UTC 2025","275","HabitNuWebAppSuite","HabitNuWebAppRegression","WebAppSanityPackage.TobaccoSection","WebAppSanityPackage.TobaccoSection","case10_editTargetWithNegatives","edit -  negative target values and assert messages",""
"passed","Fri Nov 07 21:43:43 UTC 2025","Fri Nov 07 21:43:44 UTC 2025","1468","HabitNuWebAppSuite","HabitNuWebAppRegression","WebAppSanityPackage.ChatandNotificationsClass","WebAppSanityPackage.ChatandNotificationsClass","case6","Click on notifications section",""
"passed","Fri Nov 07 21:58:10 UTC 2025","Fri Nov 07 21:58:11 UTC 2025","1333","HabitNuWebAppSuite","HabitNuWebAppRegression","WebAppSanityPackage.waterLog","WebAppSanityPackage.waterLog","case16","946 ml Water Log",""
"passed","Fri Nov 07 22:09:18 UTC 2025","Fri Nov 07 22:09:22 UTC 2025","3442","HabitNuWebAppSuite","HabitNuWebAppRegression","WebAppSanityPackage.habiRecipe","WebAppSanityPackage.habiRecipe","deleteRecentlyGeneratedRecipes","Delete Recently Generated Recipes",""
"passed","Fri Nov 07 22:16:01 UTC 2025","Fri Nov 07 22:16:03 UTC 2025","1942","HabitNuWebAppSuite","HabitNuWebAppRegression","WebAppSanityPackage.Myrecipes","WebAppSanityPackage.Myrecipes","test14_logrecipes","And user is able to log the recipes",""
"passed","Fri Nov 07 22:06:21 UTC 2025","Fri Nov 07 22:06:25 UTC 2025","4394","HabitNuWebAppSuite","HabitNuWebAppRegression","WebAppSanityPackage.habiRecipe","WebAppSanityPackage.habiRecipe","Case17","Selecting the  Generated Recipe of diet type and Logging It",""
"passed","Fri Nov 07 21:41:27 UTC 2025","Fri Nov 07 21:41:28 UTC 2025","875","HabitNuWebAppSuite","HabitNuWebAppRegression","WebAppSanityPackage.ProfileAppClass","WebAppSanityPackage.ProfileAppClass","validateContactDetailsFields","Validate presence and absence of fields in Contact Details section",""
"passed","Fri Nov 07 21:42:53 UTC 2025","Fri Nov 07 21:42:54 UTC 2025","710","HabitNuWebAppSuite","HabitNuWebAppRegression","WebAppSanityPackage.ProfileAppClass","WebAppSanityPackage.ProfileAppClass","case92","Sign out and validate Terms of Use link visible",""
"passed","Fri Nov 07 22:10:53 UTC 2025","Fri Nov 07 22:11:04 UTC 2025","11285","HabitNuWebAppSuite","HabitNuWebAppRegression","WebAppSanityPackage.recipeBuilder","WebAppSanityPackage.recipeBuilder","deleteFavRecipesFromFavorites","delete fav recipes from favorite section and validate the same from recipe list page",""
"broken","Fri Nov 07 21:46:55 UTC 2025","Fri Nov 07 21:47:20 UTC 2025","25424","HabitNuWebAppSuite","HabitNuWebAppRegression","WebAppSanityPackage.Sugar_Section","WebAppSanityPackage.Sugar_Section","case2","Click on Blood Sugar , click on add new button and add Blood Sugar fasting for current year current date ",""
"passed","Fri Nov 07 21:34:52 UTC 2025","Fri Nov 07 21:34:52 UTC 2025","86","HabitNuWebAppSuite","HabitNuWebAppRegression","WebAppSanityPackage.HomePage","WebAppSanityPackage.HomePage","testNotificationBadgeCount","Verify the notification badge count if it exists",""
"passed","Fri Nov 07 21:40:27 UTC 2025","Fri Nov 07 21:40:27 UTC 2025","95","HabitNuWebAppSuite","HabitNuWebAppRegression","WebAppSanityPackage.DiscussAppClass","WebAppSanityPackage.DiscussAppClass","case20","Click on - button of members ( it should go back )",""
"passed","Fri Nov 07 21:52:33 UTC 2025","Fri Nov 07 21:52:33 UTC 2025","333","HabitNuWebAppSuite","HabitNuWebAppRegression","WebAppSanityPackage.ExerciseSection","WebAppSanityPackage.ExerciseSection","setNegativeTarget","enter negative target values and assert messages",""
"passed","Fri Nov 07 21:53:51 UTC 2025","Fri Nov 07 21:53:56 UTC 2025","5002","HabitNuWebAppSuite","HabitNuWebAppRegression","WebAppSanityPackage.WebAppClass","WebAppSanityPackage.WebAppClass","case15","Click on Date Picker, Select Previous Date, and Add Food",""
"passed","Fri Nov 07 22:11:14 UTC 2025","Fri Nov 07 22:11:35 UTC 2025","21198","HabitNuWebAppSuite","HabitNuWebAppRegression","WebAppSanityPackage.recipeBuilder","WebAppSanityPackage.recipeBuilder","logRecipeFromThreeDotMenu","Log recipe from three-dot menu and then delete logs",""
"passed","Fri Nov 07 21:41:46 UTC 2025","Fri Nov 07 21:41:46 UTC 2025","216","HabitNuWebAppSuite","HabitNuWebAppRegression","WebAppSanityPackage.ProfileAppClass","WebAppSanityPackage.ProfileAppClass","case64","Upload the file only and submit",""
"passed","Fri Nov 07 22:16:15 UTC 2025","Fri Nov 07 22:16:16 UTC 2025","618","HabitNuWebAppSuite","HabitNuWebAppRegression","WebAppSanityPackage.Myrecipes","WebAppSanityPackage.Myrecipes","test17_navigatingrecipe","And User is able to delete the recipe",""
"broken","Fri Nov 07 22:07:23 UTC 2025","Fri Nov 07 22:07:35 UTC 2025","12235","HabitNuWebAppSuite","HabitNuWebAppRegression","WebAppSanityPackage.habiRecipe","WebAppSanityPackage.habiRecipe","Case21","Selecting the  Generated Recipe of Macronutrient considerations and Logging It",""
"broken","Fri Nov 07 22:09:04 UTC 2025","Fri Nov 07 22:09:18 UTC 2025","13554","HabitNuWebAppSuite","HabitNuWebAppRegression","WebAppSanityPackage.habiRecipe","WebAppSanityPackage.habiRecipe","Case30","Selecting the Generated Recipe and Logging It",""
"passed","Fri Nov 07 21:37:56 UTC 2025","Fri Nov 07 21:37:57 UTC 2025","638","HabitNuWebAppSuite","HabitNuWebAppRegression","WebAppSanityPackage.TobaccoSection","WebAppSanityPackage.TobaccoSection","case11_editTargetWithGreaterThan99","edit -  enter target more than 99 and assert messages",""
"passed","Fri Nov 07 21:41:20 UTC 2025","Fri Nov 07 21:41:21 UTC 2025","521","HabitNuWebAppSuite","HabitNuWebAppRegression","WebAppSanityPackage.ProfileAppClass","WebAppSanityPackage.ProfileAppClass","keepZipcodeBlankAndSave","Keep Zipcode blank and save → Should show validation error",""
"passed","Fri Nov 07 22:18:02 UTC 2025","Fri Nov 07 22:18:04 UTC 2025","1401","HabitNuWebAppSuite","HabitNuWebAppRegression","WebAppSanityPackage.GuidedTour","WebAppSanityPackage.GuidedTour","test15_backbutton","And User is navigating from last slide to first slide by clicking back button",""
"passed","Fri Nov 07 21:55:50 UTC 2025","Fri Nov 07 21:55:51 UTC 2025","1654","HabitNuWebAppSuite","HabitNuWebAppRegression","WebAppSanityPackage.Login","WebAppSanityPackage.Login","testPasswordResetPageAccess","Verify password reset link flow and modal confirmation",""
"failed","Fri Nov 07 22:12:32 UTC 2025","Fri Nov 07 22:12:33 UTC 2025","1186","HabitNuWebAppSuite","HabitNuWebAppRegression","WebAppSanityPackage.WebAppHealth_WeightSection","WebAppSanityPackage.WebAppHealth_WeightSection","graphCase6","Load web app -> Click on Health section -> Weight section -> verify graph values",""
"passed","Fri Nov 07 21:57:52 UTC 2025","Fri Nov 07 21:57:53 UTC 2025","695","HabitNuWebAppSuite","HabitNuWebAppRegression","WebAppSanityPackage.waterLog","WebAppSanityPackage.waterLog","case4","24 oz Water Log",""
"passed","Fri Nov 07 22:11:55 UTC 2025","Fri Nov 07 22:11:56 UTC 2025","1096","HabitNuWebAppSuite","HabitNuWebAppRegression","WebAppSanityPackage.WebAppHealth_WeightSection","WebAppSanityPackage.WebAppHealth_WeightSection","editTargetWithBlankValue","edit -  Weight cannot be blank",""
"passed","Fri Nov 07 21:46:08 UTC 2025","Fri Nov 07 21:46:17 UTC 2025","8458","HabitNuWebAppSuite","HabitNuWebAppRegression","WebAppSanityPackage.HabitsAppClass","WebAppSanityPackage.HabitsAppClass","case24","Click on Calender and edit  and save the details",""
"passed","Fri Nov 07 21:45:00 UTC 2025","Fri Nov 07 21:45:18 UTC 2025","18057","HabitNuWebAppSuite","HabitNuWebAppRegression","WebAppSanityPackage.HabitsAppClass","WebAppSanityPackage.HabitsAppClass","case5","Click on Add button it should take to create the habit page and create the habit",""
"passed","Fri Nov 07 21:52:37 UTC 2025","Fri Nov 07 21:52:38 UTC 2025","553","HabitNuWebAppSuite","HabitNuWebAppRegression","WebAppSanityPackage.ExerciseSection","WebAppSanityPackage.ExerciseSection","editTargetWithGreaterThan99","edit -  enter target more than 1440 and assert messages",""
"passed","Fri Nov 07 21:54:04 UTC 2025","Fri Nov 07 21:54:07 UTC 2025","3153","HabitNuWebAppSuite","HabitNuWebAppRegression","WebAppSanityPackage.WebAppClass","WebAppSanityPackage.WebAppClass","case18","Attempt to Edit Food without Mandatory Fields",""
"passed","Fri Nov 07 21:37:23 UTC 2025","Fri Nov 07 21:37:23 UTC 2025","488","HabitNuWebAppSuite","HabitNuWebAppRegression","WebAppSanityPackage.BloodPressure_Section","WebAppSanityPackage.BloodPressure_Section","case10","verify data should not be more than 100000 in Blood Pressure section,Systolic should not be grater than 250",""
"passed","Fri Nov 07 21:44:26 UTC 2025","Fri Nov 07 21:44:37 UTC 2025","10599","HabitNuWebAppSuite","HabitNuWebAppRegression","WebAppSanityPackage.ChatandNotificationsClass","WebAppSanityPackage.ChatandNotificationsClass","case12","Click on Reminder : You have an appointment in an hour",""
"passed","Fri Nov 07 21:45:37 UTC 2025","Fri Nov 07 21:45:40 UTC 2025","3006","HabitNuWebAppSuite","HabitNuWebAppRegression","WebAppSanityPackage.HabitsAppClass","WebAppSanityPackage.HabitsAppClass","case16","Click on Back button and go back to Habits list",""
"passed","Fri Nov 07 21:41:28 UTC 2025","Fri Nov 07 21:41:28 UTC 2025","285","HabitNuWebAppSuite","HabitNuWebAppRegression","WebAppSanityPackage.ProfileAppClass","WebAppSanityPackage.ProfileAppClass","clickOnEditHealthParameters","Click on Health parameters edit → Should open edit mode",""
"passed","Fri Nov 07 21:41:46 UTC 2025","Fri Nov 07 21:41:49 UTC 2025","2628","HabitNuWebAppSuite","HabitNuWebAppRegression","WebAppSanityPackage.ProfileAppClass","WebAppSanityPackage.ProfileAppClass","case65","Upload the name only and submit",""
"passed","Fri Nov 07 21:36:58 UTC 2025","Fri Nov 07 21:36:58 UTC 2025","214","HabitNuWebAppSuite","HabitNuWebAppRegression","WebAppSanityPackage.BloodPressure_Section","WebAppSanityPackage.BloodPressure_Section","placeHolderOfBPCountValueInputBox","verify placeholder - systolic and diastolic ",""
"passed","Fri Nov 07 21:41:21 UTC 2025","Fri Nov 07 21:41:21 UTC 2025","228","HabitNuWebAppSuite","HabitNuWebAppRegression","WebAppSanityPackage.ProfileAppClass","WebAppSanityPackage.ProfileAppClass","keepZipcode4digitsAndSave","Keep Zipcode with 4 numbers and save → Should show validation error",""
"passed","Fri Nov 07 21:37:04 UTC 2025","Fri Nov 07 21:37:05 UTC 2025","652","HabitNuWebAppSuite","HabitNuWebAppRegression","WebAppSanityPackage.BloodPressure_Section","WebAppSanityPackage.BloodPressure_Section","editdiastolicTargetWithBlankValue","edit -  BP cannot be blank",""
"passed","Fri Nov 07 22:00:06 UTC 2025","Fri Nov 07 22:00:16 UTC 2025","9820","HabitNuWebAppSuite","HabitNuWebAppRegression","WebAppSanityPackage.foodGrouping","WebAppSanityPackage.foodGrouping","case8","add Meal to Dinner",""
"passed","Fri Nov 07 21:39:05 UTC 2025","Fri Nov 07 21:39:26 UTC 2025","20411","HabitNuWebAppSuite","HabitNuWebAppRegression","WebAppSanityPackage.TobaccoSection","WebAppSanityPackage.TobaccoSection","case23","verify blank data in Tobacco section",""
"passed","Fri Nov 07 21:41:08 UTC 2025","Fri Nov 07 21:41:08 UTC 2025","191","HabitNuWebAppSuite","HabitNuWebAppRegression","WebAppSanityPackage.ProfileAppClass","WebAppSanityPackage.ProfileAppClass","openContactDetailsEdit","Click on Contact Details edit button → Should enter edit mode",""
"passed","Fri Nov 07 21:40:25 UTC 2025","Fri Nov 07 21:40:26 UTC 2025","276","HabitNuWebAppSuite","HabitNuWebAppRegression","WebAppSanityPackage.DiscussAppClass","WebAppSanityPackage.DiscussAppClass","case15","Add the comment ( It should add the comment)",""
"broken","Fri Nov 07 22:10:12 UTC 2025","Fri Nov 07 22:10:26 UTC 2025","13578","HabitNuWebAppSuite","HabitNuWebAppRegression","WebAppSanityPackage.habiRecipe","WebAppSanityPackage.habiRecipe","Case47","Selecting the Generated Recipe and Regenrating it",""
"passed","Fri Nov 07 22:01:32 UTC 2025","Fri Nov 07 22:01:46 UTC 2025","14161","HabitNuWebAppSuite","HabitNuWebAppRegression","WebAppSanityPackage.foodGrouping","WebAppSanityPackage.foodGrouping","case16","Create 'My Meal' from logged foods in BREAKFAST sections",""
"broken","Fri Nov 07 22:13:34 UTC 2025","Fri Nov 07 22:13:46 UTC 2025","11310","HabitNuWebAppSuite","HabitNuWebAppRegression","WebAppSanityPackage.Medication","WebAppSanityPackage.Medication","case15","Coach- Users- Medication- Creating new Medications.",""
"passed","Fri Nov 07 21:37:23 UTC 2025","Fri Nov 07 21:37:24 UTC 2025","432","HabitNuWebAppSuite","HabitNuWebAppRegression","WebAppSanityPackage.BloodPressure_Section","WebAppSanityPackage.BloodPressure_Section","case11","verify data should not be more than 100000 in Blood Pressure section,Diastolic should not be grater than 250",""
"passed","Fri Nov 07 21:46:37 UTC 2025","Fri Nov 07 21:46:39 UTC 2025","2259","HabitNuWebAppSuite","HabitNuWebAppRegression","WebAppSanityPackage.Sugar_Section","WebAppSanityPackage.Sugar_Section","editTargetValid","edit Target - valid",""
"passed","Fri Nov 07 21:42:09 UTC 2025","Fri Nov 07 21:42:17 UTC 2025","8082","HabitNuWebAppSuite","HabitNuWebAppRegression","WebAppSanityPackage.ProfileAppClass","WebAppSanityPackage.ProfileAppClass","case73","Upload the file, name and file type and upload",""
"passed","Fri Nov 07 22:10:36 UTC 2025","Fri Nov 07 22:10:37 UTC 2025","166","HabitNuWebAppSuite","HabitNuWebAppRegression","WebAppSanityPackage.recipeBuilder","WebAppSanityPackage.recipeBuilder","clearSearchBar","Verify recipe clears up on clearing search bar",""
"passed","Fri Nov 07 21:53:27 UTC 2025","Fri Nov 07 21:53:30 UTC 2025","3134","HabitNuWebAppSuite","HabitNuWebAppRegression","WebAppSanityPackage.WebAppClass","WebAppSanityPackage.WebAppClass","case4","Click on add food and add the food - Snacks",""
"passed","Fri Nov 07 21:41:40 UTC 2025","Fri Nov 07 21:41:41 UTC 2025","1493","HabitNuWebAppSuite","HabitNuWebAppRegression","WebAppSanityPackage.ProfileAppClass","WebAppSanityPackage.ProfileAppClass","case53","Select Activity level as valid reason and save",""
"passed","Fri Nov 07 21:34:54 UTC 2025","Fri Nov 07 21:34:54 UTC 2025","323","HabitNuWebAppSuite","HabitNuWebAppRegression","WebAppSanityPackage.HomePage","WebAppSanityPackage.HomePage","testExploreSectionItemsAreVisible","Verify all items in the 'Explore' section are visible",""
"broken","Fri Nov 07 22:14:13 UTC 2025","Fri Nov 07 22:14:25 UTC 2025","12238","HabitNuWebAppSuite","HabitNuWebAppRegression","WebAppSanityPackage.Medication","WebAppSanityPackage.Medication","case20","Creating new Medications details like selecting",""
"passed","Fri Nov 07 21:36:59 UTC 2025","Fri Nov 07 21:37:00 UTC 2025","322","HabitNuWebAppSuite","HabitNuWebAppRegression","WebAppSanityPackage.BloodPressure_Section","WebAppSanityPackage.BloodPressure_Section","setDiastolicTargetMoreThan200","enter diastolic target more than 250 and assert messages",""
"passed","Fri Nov 07 21:55:58 UTC 2025","Fri Nov 07 21:56:02 UTC 2025","4120","HabitNuWebAppSuite","HabitNuWebAppRegression","WebAppSanityPackage.Login","WebAppSanityPackage.Login","testProjectPowerRegisterNavigation","Verify Register navigation in Project Power",""
"passed","Fri Nov 07 21:34:55 UTC 2025","Fri Nov 07 21:35:01 UTC 2025","5237","HabitNuWebAppSuite","HabitNuWebAppRegression","WebAppSanityPackage.HomePage","WebAppSanityPackage.HomePage","testFoodSection","Verify Food panel content and functionality",""
"passed","Fri Nov 07 21:40:38 UTC 2025","Fri Nov 07 21:40:42 UTC 2025","4168","HabitNuWebAppSuite","HabitNuWebAppRegression","WebAppSanityPackage.ProfileAppClass","WebAppSanityPackage.ProfileAppClass","uploadProfilePicture","Add profile picture → should upload",""
"passed","Fri Nov 07 21:37:24 UTC 2025","Fri Nov 07 21:37:26 UTC 2025","1288","HabitNuWebAppSuite","HabitNuWebAppRegression","WebAppSanityPackage.BloodPressure_Section","WebAppSanityPackage.BloodPressure_Section","case14","edit data in blood sugar section",""
"passed","Fri Nov 07 21:37:24 UTC 2025","Fri Nov 07 21:37:24 UTC 2025","321","HabitNuWebAppSuite","HabitNuWebAppRegression","WebAppSanityPackage.BloodPressure_Section","WebAppSanityPackage.BloodPressure_Section","case12","verify negative data as others in Blood Pressure section,Systolic negative section",""
"passed","Fri Nov 07 21:37:49 UTC 2025","Fri Nov 07 21:37:52 UTC 2025","3285","HabitNuWebAppSuite","HabitNuWebAppRegression","WebAppSanityPackage.TobaccoSection","WebAppSanityPackage.TobaccoSection","case8_editTargetValid","edit Target - valid",""
"broken","Fri Nov 07 22:07:55 UTC 2025","Fri Nov 07 22:08:08 UTC 2025","12318","HabitNuWebAppSuite","HabitNuWebAppRegression","WebAppSanityPackage.habiRecipe","WebAppSanityPackage.habiRecipe","case24","Generate New Recipe for Micronutrient considerations",""
"passed","Fri Nov 07 22:07:49 UTC 2025","Fri Nov 07 22:07:55 UTC 2025","6030","HabitNuWebAppSuite","HabitNuWebAppRegression","WebAppSanityPackage.habiRecipe","WebAppSanityPackage.habiRecipe","case23","Micronutrient considerations",""
"broken","Fri Nov 07 22:12:34 UTC 2025","Fri Nov 07 22:12:39 UTC 2025","5755","HabitNuWebAppSuite","HabitNuWebAppRegression","WebAppSanityPackage.WebAppHealth_WeightSection","WebAppSanityPackage.WebAppHealth_WeightSection","case13","verify last week , month , year data ",""
"broken","Fri Nov 07 21:47:21 UTC 2025","Fri Nov 07 21:47:21 UTC 2025","16","HabitNuWebAppSuite","HabitNuWebAppRegression","WebAppSanityPackage.Sugar_Section","WebAppSanityPackage.Sugar_Section","case6","Click on Blood Sugar , click on add new button and add Blood Sugar Before Meal for current  year , current date -1 ",""
"passed","Fri Nov 07 21:41:07 UTC 2025","Fri Nov 07 21:41:08 UTC 2025","905","HabitNuWebAppSuite","HabitNuWebAppRegression","WebAppSanityPackage.ProfileAppClass","WebAppSanityPackage.ProfileAppClass","case19","Click on Basic information and validate the presence of expected fields and absence of unexpected fields",""
"passed","Fri Nov 07 22:04:43 UTC 2025","Fri Nov 07 22:04:48 UTC 2025","5264","HabitNuWebAppSuite","HabitNuWebAppRegression","WebAppSanityPackage.habiRecipe","WebAppSanityPackage.habiRecipe","case7","Dietary restrictions	",""
"passed","Fri Nov 07 21:36:35 UTC 2025","Fri Nov 07 21:36:45 UTC 2025","9748","HabitNuWebAppSuite","HabitNuWebAppRegression","WebAppSanityPackage.HomePage","WebAppSanityPackage.HomePage","testWeightLossProgressCardAndValidation","Verify the progress bar updates correctly as wweights are added",""
"passed","Fri Nov 07 21:35:01 UTC 2025","Fri Nov 07 21:35:02 UTC 2025","979","HabitNuWebAppSuite","HabitNuWebAppRegression","WebAppSanityPackage.HomePage","WebAppSanityPackage.HomePage","testHealthSection","Verify Health panel content and functionality",""
"passed","Fri Nov 07 21:53:14 UTC 2025","Fri Nov 07 21:53:21 UTC 2025","7569","HabitNuWebAppSuite","HabitNuWebAppRegression","WebAppSanityPackage.WebAppClass","WebAppSanityPackage.WebAppClass","case1","Click on add food and add the food - Breakfast",""
"passed","Fri Nov 07 22:12:49 UTC 2025","Fri Nov 07 22:12:50 UTC 2025","1252","HabitNuWebAppSuite","HabitNuWebAppRegression","WebAppSanityPackage.Medication","WebAppSanityPackage.Medication","case6","Coach- Users- Medication- Creating new Medications details like selecting Dosage",""
"passed","Fri Nov 07 21:40:26 UTC 2025","Fri Nov 07 21:40:26 UTC 2025","144","HabitNuWebAppSuite","HabitNuWebAppRegression","WebAppSanityPackage.DiscussAppClass","WebAppSanityPackage.DiscussAppClass","case16","Add the comment ( It should add the comment)",""
"passed","Fri Nov 07 21:52:33 UTC 2025","Fri Nov 07 21:52:33 UTC 2025","183","HabitNuWebAppSuite","HabitNuWebAppRegression","WebAppSanityPackage.ExerciseSection","WebAppSanityPackage.ExerciseSection","placeHolderOfTobaccoCountValueInputBox","verify placeholder - Exercise ",""
"broken","Fri Nov 07 21:35:35 UTC 2025","Fri Nov 07 21:35:46 UTC 2025","10536","HabitNuWebAppSuite","HabitNuWebAppRegression","WebAppSanityPackage.HomePage","WebAppSanityPackage.HomePage","testDeleteWeights","Verify the Weight progress bar delete weights",""
"passed","Fri Nov 07 21:41:13 UTC 2025","Fri Nov 07 21:41:15 UTC 2025","1417","HabitNuWebAppSuite","HabitNuWebAppRegression","WebAppSanityPackage.ProfileAppClass","WebAppSanityPackage.ProfileAppClass","editAddressLine2AndSave","Edit Address line 2 and save",""
"broken","Fri Nov 07 22:14:26 UTC 2025","Fri Nov 07 22:14:27 UTC 2025","1692","HabitNuWebAppSuite","HabitNuWebAppRegression","WebAppSanityPackage.Medication","WebAppSanityPackage.Medication","case24","Coach- Users- Medication- Creating new Medications details like selecting Dosage",""
"passed","Fri Nov 07 21:37:52 UTC 2025","Fri Nov 07 21:37:56 UTC 2025","4093","HabitNuWebAppSuite","HabitNuWebAppRegression","WebAppSanityPackage.TobaccoSection","WebAppSanityPackage.TobaccoSection","case9_editTargetButDoNotSave","edit target values and do click on 'x' mark and do not save",""
"passed","Fri Nov 07 21:42:48 UTC 2025","Fri Nov 07 21:42:48 UTC 2025","399","HabitNuWebAppSuite","HabitNuWebAppRegression","WebAppSanityPackage.ProfileAppClass","WebAppSanityPackage.ProfileAppClass","testToggleNotifications","Toggle notifications On/Off and validate state change",""
"passed","Fri Nov 07 22:15:55 UTC 2025","Fri Nov 07 22:15:57 UTC 2025","2252","HabitNuWebAppSuite","HabitNuWebAppRegression","WebAppSanityPackage.Myrecipes","WebAppSanityPackage.Myrecipes","test9_addcustomingredient","When user is able to add custom ingredient",""
"passed","Fri Nov 07 22:10:35 UTC 2025","Fri Nov 07 22:10:36 UTC 2025","1596","HabitNuWebAppSuite","HabitNuWebAppRegression","WebAppSanityPackage.recipeBuilder","WebAppSanityPackage.recipeBuilder","validateRecipeCardElements","Verify recipe card elements",""
"broken","Fri Nov 07 21:47:21 UTC 2025","Fri Nov 07 21:47:21 UTC 2025","12","HabitNuWebAppSuite","HabitNuWebAppRegression","WebAppSanityPackage.Sugar_Section","WebAppSanityPackage.Sugar_Section","case5","Click on Blood Sugar , click on add new button and add Blood Sugar fasting for current year current date -1 ",""
"passed","Fri Nov 07 21:39:41 UTC 2025","Fri Nov 07 21:39:42 UTC 2025","810","HabitNuWebAppSuite","HabitNuWebAppRegression","WebAppSanityPackage.DiscussAppClass","WebAppSanityPackage.DiscussAppClass","case2","Post a message with subject only (should show error)",""
"passed","Fri Nov 07 22:18:01 UTC 2025","Fri Nov 07 22:18:02 UTC 2025","1240","HabitNuWebAppSuite","HabitNuWebAppRegression","WebAppSanityPackage.GuidedTour","WebAppSanityPackage.GuidedTour","test14_navigatingtourpage7","And user is navigating from sixth slide to seventh and validating",""
"passed","Fri Nov 07 21:40:21 UTC 2025","Fri Nov 07 21:40:25 UTC 2025","3862","HabitNuWebAppSuite","HabitNuWebAppRegression","WebAppSanityPackage.DiscussAppClass","WebAppSanityPackage.DiscussAppClass","Case13","Edit the post by adding a file (It should edit the post)",""
"passed","Fri Nov 07 21:40:20 UTC 2025","Fri Nov 07 21:40:20 UTC 2025","475","HabitNuWebAppSuite","HabitNuWebAppRegression","WebAppSanityPackage.DiscussAppClass","WebAppSanityPackage.DiscussAppClass","case11","Edit the post with subject line (should update the post)",""
"passed","Fri Nov 07 22:15:59 UTC 2025","Fri Nov 07 22:16:01 UTC 2025","1540","HabitNuWebAppSuite","HabitNuWebAppRegression","WebAppSanityPackage.Myrecipes","WebAppSanityPackage.Myrecipes","test13_addremovefavorite","And user is able to add &vremove the favorite recipes",""
"passed","Fri Nov 07 22:10:41 UTC 2025","Fri Nov 07 22:10:42 UTC 2025","730","HabitNuWebAppSuite","HabitNuWebAppRegression","WebAppSanityPackage.recipeBuilder","WebAppSanityPackage.recipeBuilder","viewTheFavoritedRecipePage","view fav recipe",""
"passed","Fri Nov 07 21:34:53 UTC 2025","Fri Nov 07 21:34:53 UTC 2025","21","HabitNuWebAppSuite","HabitNuWebAppRegression","WebAppSanityPackage.HomePage","WebAppSanityPackage.HomePage","testHomeIsTheActiveNavigationLink","Verify 'Home' is the active navigation link",""
"passed","Fri Nov 07 21:37:47 UTC 2025","Fri Nov 07 21:37:47 UTC 2025","283","HabitNuWebAppSuite","HabitNuWebAppRegression","WebAppSanityPackage.TobaccoSection","WebAppSanityPackage.TobaccoSection","case2_setTarget","enter target values and do click on 'x' mark and do not save",""
"passed","Fri Nov 07 21:40:38 UTC 2025","Fri Nov 07 21:40:38 UTC 2025","104","HabitNuWebAppSuite","HabitNuWebAppRegression","WebAppSanityPackage.ProfileAppClass","WebAppSanityPackage.ProfileAppClass","openProfileDetails","Click on 'View profile details' → open profile page",""
"passed","Fri Nov 07 21:37:10 UTC 2025","Fri Nov 07 21:37:21 UTC 2025","11288","HabitNuWebAppSuite","HabitNuWebAppRegression","WebAppSanityPackage.BloodPressure_Section","WebAppSanityPackage.BloodPressure_Section","case4","verify added today data in exercise section and verify total exercise per day",""
"passed","Fri Nov 07 21:43:17 UTC 2025","Fri Nov 07 21:43:18 UTC 2025","1076","HabitNuWebAppSuite","HabitNuWebAppRegression","WebAppSanityPackage.Weights_lbs_Kgs","WebAppSanityPackage.Weights_lbs_Kgs","case8","Set Targets with Unit Toggle and store selected unit",""
"passed","Fri Nov 07 21:41:30 UTC 2025","Fri Nov 07 21:41:32 UTC 2025","1377","HabitNuWebAppSuite","HabitNuWebAppRegression","WebAppSanityPackage.ProfileAppClass","WebAppSanityPackage.ProfileAppClass","case44","Keep Waist (in inches) as blank and save",""
"passed","Fri Nov 07 21:55:18 UTC 2025","Fri Nov 07 21:55:19 UTC 2025","410","HabitNuWebAppSuite","HabitNuWebAppRegression","WebAppSanityPackage.Login","WebAppSanityPackage.Login","testLoginWithOnlyEmail","Verify error when only email is provided",""
"passed","Fri Nov 07 21:37:01 UTC 2025","Fri Nov 07 21:37:03 UTC 2025","2312","HabitNuWebAppSuite","HabitNuWebAppRegression","WebAppSanityPackage.BloodPressure_Section","WebAppSanityPackage.BloodPressure_Section","editTargetButDoNotSave","edit target values and do click on 'x' mark and do not save",""
"passed","Fri Nov 07 22:15:57 UTC 2025","Fri Nov 07 22:15:57 UTC 2025","211","HabitNuWebAppSuite","HabitNuWebAppRegression","WebAppSanityPackage.Myrecipes","WebAppSanityPackage.Myrecipes","test10_validatetotalcalories","And user is able to validate total calories & Detailed nutrients",""
"passed","Fri Nov 07 22:05:55 UTC 2025","Fri Nov 07 22:06:01 UTC 2025","5907","HabitNuWebAppSuite","HabitNuWebAppRegression","WebAppSanityPackage.habiRecipe","WebAppSanityPackage.habiRecipe","case15","Diet type",""
"passed","Fri Nov 07 22:12:09 UTC 2025","Fri Nov 07 22:12:10 UTC 2025","1169","HabitNuWebAppSuite","HabitNuWebAppRegression","WebAppSanityPackage.WebAppHealth_WeightSection","WebAppSanityPackage.WebAppHealth_WeightSection","case3","add yesterday's weight n it should show last added data",""
"broken","Fri Nov 07 22:03:54 UTC 2025","Fri Nov 07 22:04:09 UTC 2025","15726","HabitNuWebAppSuite","HabitNuWebAppRegression","WebAppSanityPackage.habiRecipe","WebAppSanityPackage.habiRecipe","case3","Add Ingredients",""
"passed","Fri Nov 07 21:53:48 UTC 2025","Fri Nov 07 21:53:50 UTC 2025","2024","HabitNuWebAppSuite","HabitNuWebAppRegression","WebAppSanityPackage.WebAppClass","WebAppSanityPackage.WebAppClass","case13","Click on View Food Log, Edit a Food Item, Change Date and Save",""
"passed","Fri Nov 07 21:55:47 UTC 2025","Fri Nov 07 21:55:48 UTC 2025","1039","HabitNuWebAppSuite","HabitNuWebAppRegression","WebAppSanityPackage.Login","WebAppSanityPackage.Login","testForgotPasswordWithInvalidEmail","Verify forgot password with invalid/unregistered email",""
"passed","Fri Nov 07 21:55:11 UTC 2025","Fri Nov 07 21:55:11 UTC 2025","306","HabitNuWebAppSuite","HabitNuWebAppRegression","WebAppSanityPackage.Login","WebAppSanityPackage.Login","testLoginWithEmptyCredentials","Verify validation errors for empty email and password fields",""
"passed","Fri Nov 07 21:53:46 UTC 2025","Fri Nov 07 21:53:48 UTC 2025","1593","HabitNuWebAppSuite","HabitNuWebAppRegression","WebAppSanityPackage.WebAppClass","WebAppSanityPackage.WebAppClass","case12","Click on View Food Log, and add food - Snacks",""
"passed","Fri Nov 07 21:38:52 UTC 2025","Fri Nov 07 21:39:05 UTC 2025","13691","HabitNuWebAppSuite","HabitNuWebAppRegression","WebAppSanityPackage.TobaccoSection","WebAppSanityPackage.TobaccoSection","case22","Click on tobacco , click on add new button and add tobacco for last month and and Total count of the day should be 0",""
"passed","Fri Nov 07 22:10:43 UTC 2025","Fri Nov 07 22:10:44 UTC 2025","781","HabitNuWebAppSuite","HabitNuWebAppRegression","WebAppSanityPackage.recipeBuilder","WebAppSanityPackage.recipeBuilder","ClickViewFullRecipeToViewFullRecipe","verify 'View Full Recipe' recipe button",""
"passed","Fri Nov 07 21:34:55 UTC 2025","Fri Nov 07 21:34:55 UTC 2025","572","HabitNuWebAppSuite","HabitNuWebAppRegression","WebAppSanityPackage.HomePage","WebAppSanityPackage.HomePage","testProfileDropdownContents","Verify all options in the profile dropdown menu",""
"passed","Fri Nov 07 21:53:07 UTC 2025","Fri Nov 07 21:53:07 UTC 2025","256","HabitNuWebAppSuite","HabitNuWebAppRegression","WebAppSanityPackage.ExerciseSection","WebAppSanityPackage.ExerciseSection","case10","verify others data",""
"passed","Fri Nov 07 21:45:49 UTC 2025","Fri Nov 07 21:45:51 UTC 2025","1824","HabitNuWebAppSuite","HabitNuWebAppRegression","WebAppSanityPackage.HabitsAppClass","WebAppSanityPackage.HabitsAppClass","case18","Click on Active Habits dropdown",""
"passed","Fri Nov 07 21:43:33 UTC 2025","Fri Nov 07 21:43:36 UTC 2025","2781","HabitNuWebAppSuite","HabitNuWebAppRegression","WebAppSanityPackage.ChatandNotificationsClass","WebAppSanityPackage.ChatandNotificationsClass","case1","Click on chat ( it should open the chat box)",""
"passed","Fri Nov 07 22:00:16 UTC 2025","Fri Nov 07 22:00:17 UTC 2025","1477","HabitNuWebAppSuite","HabitNuWebAppRegression","WebAppSanityPackage.foodGrouping","WebAppSanityPackage.foodGrouping","case9","Verify the created group name in Food Group section and Log it In dinner",""
"passed","Fri Nov 07 21:39:30 UTC 2025","Fri Nov 07 21:39:30 UTC 2025","487","HabitNuWebAppSuite","HabitNuWebAppRegression","WebAppSanityPackage.TobaccoSection","WebAppSanityPackage.TobaccoSection","case25","verify data should not be more than 100000 in Tobocco count section,Systolic should not be grater than 250",""
"passed","Fri Nov 07 21:57:07 UTC 2025","Fri Nov 07 21:57:07 UTC 2025","225","HabitNuWebAppSuite","HabitNuWebAppRegression","WebAppSanityPackage.Hba1c","WebAppSanityPackage.Hba1c","setTargetMoreThan99","enter target more than 14 and assert messages",""
"passed","Fri Nov 07 22:05:16 UTC 2025","Fri Nov 07 22:05:20 UTC 2025","4817","HabitNuWebAppSuite","HabitNuWebAppRegression","WebAppSanityPackage.habiRecipe","WebAppSanityPackage.habiRecipe","Case10","Selecting the Generated Recipe and Logging It",""
"passed","Fri Nov 07 21:43:40 UTC 2025","Fri Nov 07 21:43:42 UTC 2025","2510","HabitNuWebAppSuite","HabitNuWebAppRegression","WebAppSanityPackage.ChatandNotificationsClass","WebAppSanityPackage.ChatandNotificationsClass","case4","Without typing the message click on enter",""
"passed","Fri Nov 07 21:46:39 UTC 2025","Fri Nov 07 21:46:42 UTC 2025","3615","HabitNuWebAppSuite","HabitNuWebAppRegression","WebAppSanityPackage.Sugar_Section","WebAppSanityPackage.Sugar_Section","editTargetButDoNotSave","edit target values and do click on 'x' mark and do not save",""
"passed","Fri Nov 07 21:38:06 UTC 2025","Fri Nov 07 21:38:07 UTC 2025","1581","HabitNuWebAppSuite","HabitNuWebAppRegression","WebAppSanityPackage.TobaccoSection","WebAppSanityPackage.TobaccoSection","case15_graphcase1","Load web app -> Click on Health section -> Weight section -> click on three lines -> Click on graph -> click on filter as last week",""
"passed","Fri Nov 07 21:53:45 UTC 2025","Fri Nov 07 21:53:46 UTC 2025","1681","HabitNuWebAppSuite","HabitNuWebAppRegression","WebAppSanityPackage.WebAppClass","WebAppSanityPackage.WebAppClass","case11","Click on View Food Log, and add food - Dinner",""
"passed","Fri Nov 07 22:12:15 UTC 2025","Fri Nov 07 22:12:15 UTC 2025","175","HabitNuWebAppSuite","HabitNuWebAppRegression","WebAppSanityPackage.WebAppHealth_WeightSection","WebAppSanityPackage.WebAppHealth_WeightSection","case10","Add data as 1000 weight",""
"passed","Fri Nov 07 21:52:35 UTC 2025","Fri Nov 07 21:52:35 UTC 2025","310","HabitNuWebAppSuite","HabitNuWebAppRegression","WebAppSanityPackage.ExerciseSection","WebAppSanityPackage.ExerciseSection","editTargetValid","edit Target - valid",""
"passed","Fri Nov 07 22:17:54 UTC 2025","Fri Nov 07 22:17:55 UTC 2025","1116","HabitNuWebAppSuite","HabitNuWebAppRegression","WebAppSanityPackage.GuidedTour","WebAppSanityPackage.GuidedTour","test7_skipnewuser","And user is able to skip guide tour for the first time login",""
"passed","Fri Nov 07 21:42:41 UTC 2025","Fri Nov 07 21:42:43 UTC 2025","1750","HabitNuWebAppSuite","HabitNuWebAppRegression","WebAppSanityPackage.ProfileAppClass","WebAppSanityPackage.ProfileAppClass","case86","Change language to Spanish and verify UI text",""
"passed","Fri Nov 07 21:36:59 UTC 2025","Fri Nov 07 21:36:59 UTC 2025","376","HabitNuWebAppSuite","HabitNuWebAppRegression","WebAppSanityPackage.BloodPressure_Section","WebAppSanityPackage.BloodPressure_Section","setNegativeDiastolicTarget","enter negative Diastolic target values and assert messages",""
"passed","Fri Nov 07 22:18:17 UTC 2025","Fri Nov 07 22:18:18 UTC 2025","1863","HabitNuWebAppSuite","HabitNuWebAppRegression","WebAppSanityPackage.GuidedTour","WebAppSanityPackage.GuidedTour","test19_maybelater","Then User is able to explore the guided tour after sometimes",""
"passed","Fri Nov 07 22:11:56 UTC 2025","Fri Nov 07 22:12:09 UTC 2025","12783","HabitNuWebAppSuite","HabitNuWebAppRegression","WebAppSanityPackage.WebAppHealth_WeightSection","WebAppSanityPackage.WebAppHealth_WeightSection","case2","Click on weight , click on add new button and add weight for last month",""
"passed","Fri Nov 07 21:54:16 UTC 2025","Fri Nov 07 21:54:20 UTC 2025","3972","HabitNuWebAppSuite","HabitNuWebAppRegression","WebAppSanityPackage.WebAppClass","WebAppSanityPackage.WebAppClass","case22","Custom Food Edit in Dinner",""
"passed","Fri Nov 07 21:56:48 UTC 2025","Fri Nov 07 21:56:51 UTC 2025","2657","HabitNuWebAppSuite","HabitNuWebAppRegression","WebAppSanityPackage.Hba1c","WebAppSanityPackage.Hba1c","case9","verify data should not be more than 14 in Hba1c count section",""
"passed","Fri Nov 07 21:34:49 UTC 2025","Fri Nov 07 21:34:52 UTC 2025","3504","HabitNuWebAppSuite","HabitNuWebAppRegression","WebAppSanityPackage.HomePage","WebAppSanityPackage.HomePage","testHeaderElementsAreVisible","Verify all header elements are visible",""
"passed","Fri Nov 07 21:52:38 UTC 2025","Fri Nov 07 21:52:42 UTC 2025","4710","HabitNuWebAppSuite","HabitNuWebAppRegression","WebAppSanityPackage.ExerciseSection","WebAppSanityPackage.ExerciseSection","case1","Click on health tab and verify no data recorded yet in Exercise section ",""
"passed","Fri Nov 07 21:41:17 UTC 2025","Fri Nov 07 21:41:20 UTC 2025","3342","HabitNuWebAppSuite","HabitNuWebAppRegression","WebAppSanityPackage.ProfileAppClass","WebAppSanityPackage.ProfileAppClass","editStateAndSave","Edit State to 'California' and save",""
"passed","Fri Nov 07 21:42:43 UTC 2025","Fri Nov 07 21:42:45 UTC 2025","2346","HabitNuWebAppSuite","HabitNuWebAppRegression","WebAppSanityPackage.ProfileAppClass","WebAppSanityPackage.ProfileAppClass","case87","Switch back to English language and verify UI text",""
"passed","Fri Nov 07 21:52:19 UTC 2025","Fri Nov 07 21:52:32 UTC 2025","12915","HabitNuWebAppSuite","HabitNuWebAppRegression","WebAppSanityPackage.ExerciseSection","WebAppSanityPackage.ExerciseSection","noTargetSet","verify no target case",""
"passed","Fri Nov 07 21:36:56 UTC 2025","Fri Nov 07 21:36:58 UTC 2025","2166","HabitNuWebAppSuite","HabitNuWebAppRegression","WebAppSanityPackage.BloodPressure_Section","WebAppSanityPackage.BloodPressure_Section","setTarget","enter target values and do click on 'x' mark and do not save",""
"passed","Fri Nov 07 21:54:23 UTC 2025","Fri Nov 07 21:54:25 UTC 2025","1274","HabitNuWebAppSuite","HabitNuWebAppRegression","WebAppSanityPackage.WebAppClass","WebAppSanityPackage.WebAppClass","case25","Collecting data from food section",""
"passed","Fri Nov 07 21:37:22 UTC 2025","Fri Nov 07 21:37:22 UTC 2025","515","HabitNuWebAppSuite","HabitNuWebAppRegression","WebAppSanityPackage.BloodPressure_Section","WebAppSanityPackage.BloodPressure_Section","case7","verify blank data in Blood Pressure section",""
"passed","Fri Nov 07 22:03:13 UTC 2025","Fri Nov 07 22:03:29 UTC 2025","15876","HabitNuWebAppSuite","HabitNuWebAppRegression","WebAppSanityPackage.foodGrouping","WebAppSanityPackage.foodGrouping","case25","Create new 'My Meal' group, add random items, edit group name with edge cases, and validate",""
"passed","Fri Nov 07 21:58:03 UTC 2025","Fri Nov 07 21:58:03 UTC 2025","544","HabitNuWebAppSuite","HabitNuWebAppRegression","WebAppSanityPackage.waterLog","WebAppSanityPackage.waterLog","case12","Validate setting reminders and verifying active time slots",""
"broken","Fri Nov 07 21:43:03 UTC 2025","Fri Nov 07 21:43:16 UTC 2025","12452","HabitNuWebAppSuite","HabitNuWebAppRegression","WebAppSanityPackage.Weights_lbs_Kgs","WebAppSanityPackage.Weights_lbs_Kgs","case3","Health section weights match selected unit",""
"passed","Fri Nov 07 21:37:48 UTC 2025","Fri Nov 07 21:37:48 UTC 2025","184","HabitNuWebAppSuite","HabitNuWebAppRegression","WebAppSanityPackage.TobaccoSection","WebAppSanityPackage.TobaccoSection","case4_placeHolderOfTobaccoCountValueInputBox","verify placeholder - MAX ",""
"passed","Fri Nov 07 21:54:00 UTC 2025","Fri Nov 07 21:54:04 UTC 2025","3607","HabitNuWebAppSuite","HabitNuWebAppRegression","WebAppSanityPackage.WebAppClass","WebAppSanityPackage.WebAppClass","case17","Edit Food - Update fields and validate changes",""
"passed","Fri Nov 07 21:57:53 UTC 2025","Fri Nov 07 21:57:54 UTC 2025","1264","HabitNuWebAppSuite","HabitNuWebAppRegression","WebAppSanityPackage.waterLog","WebAppSanityPackage.waterLog","case5","32 oz Water Log",""
"passed","Fri Nov 07 22:16:16 UTC 2025","Fri Nov 07 22:17:19 UTC 2025","63736","HabitNuWebAppSuite","HabitNuWebAppRegression","WebAppSanityPackage.Myrecipes","WebAppSanityPackage.Myrecipes","test18_searchrecipe","And user is able to search the recipe",""
"broken","Fri Nov 07 22:07:35 UTC 2025","Fri Nov 07 22:07:49 UTC 2025","13591","HabitNuWebAppSuite","HabitNuWebAppRegression","WebAppSanityPackage.habiRecipe","WebAppSanityPackage.habiRecipe","Case22","Selecting the Generated Recipe and Logging It",""
"passed","Fri Nov 07 22:00:02 UTC 2025","Fri Nov 07 22:00:06 UTC 2025","3871","HabitNuWebAppSuite","HabitNuWebAppRegression","WebAppSanityPackage.foodGrouping","WebAppSanityPackage.foodGrouping","case7","Verify the created group name in Food Group section and Log it In Lunch",""
"passed","Fri Nov 07 22:12:24 UTC 2025","Fri Nov 07 22:12:27 UTC 2025","2961","HabitNuWebAppSuite","HabitNuWebAppRegression","WebAppSanityPackage.WebAppHealth_WeightSection","WebAppSanityPackage.WebAppHealth_WeightSection","graphcase2","Load web app -> Click on Health section -> Weight section -> click on three lines -> Click on graph -> click on filter as last month",""
"passed","Fri Nov 07 21:41:43 UTC 2025","Fri Nov 07 21:41:44 UTC 2025","719","HabitNuWebAppSuite","HabitNuWebAppRegression","WebAppSanityPackage.ProfileAppClass","WebAppSanityPackage.ProfileAppClass","validateHealthParametersFields","Validate presence and absence of fields in Health Parameters section",""
