"Status","Start Time","Stop Time","Duration in ms","Parent Suite","Suite","Sub Suite","Test Class","Test Method","Name","Description"
"passed","Sat Nov 08 21:53:14 UTC 2025","Sat Nov 08 21:53:14 UTC 2025","143","HabitNuWebAppSuite","HabitNuWebAppRegression","WebAppSanityPackage.WebAppClass","WebAppSanityPackage.WebAppClass","case26","Collecting data from food section-Carbs",""
"passed","Sat Nov 08 22:15:26 UTC 2025","Sat Nov 08 22:15:28 UTC 2025","1664","HabitNuWebAppSuite","HabitNuWebAppRegression","WebAppSanityPackage.Myrecipes","WebAppSanityPackage.Myrecipes","test13_addremovefavorite","And user is able to add &vremove the favorite recipes",""
"passed","Sat Nov 08 21:45:05 UTC 2025","Sat Nov 08 21:45:07 UTC 2025","1949","HabitNuWebAppSuite","HabitNuWebAppRegression","WebAppSanityPackage.ProfileAppClass","WebAppSanityPackage.ProfileAppClass","case87","Switch back to English language and verify UI text",""
"passed","Sat Nov 08 21:44:03 UTC 2025","Sat Nov 08 21:44:03 UTC 2025","188","HabitNuWebAppSuite","HabitNuWebAppRegression","WebAppSanityPackage.ProfileAppClass","WebAppSanityPackage.ProfileAppClass","case61","Click on Devices button and it should take to device page",""
"passed","Sat Nov 08 21:48:50 UTC 2025","Sat Nov 08 21:48:50 UTC 2025","192","HabitNuWebAppSuite","HabitNuWebAppRegression","WebAppSanityPackage.HabitsAppClass","WebAppSanityPackage.HabitsAppClass","case26","Click on Archive and do not add the habit to archive",""
"broken","Sat Nov 08 21:44:12 UTC 2025","Sat Nov 08 21:44:14 UTC 2025","2365","HabitNuWebAppSuite","HabitNuWebAppRegression","WebAppSanityPackage.ProfileAppClass","WebAppSanityPackage.ProfileAppClass","case67","Upload file type only and submit",""
"passed","Sat Nov 08 21:47:41 UTC 2025","Sat Nov 08 21:47:42 UTC 2025","1033","HabitNuWebAppSuite","HabitNuWebAppRegression","WebAppSanityPackage.HabitsAppClass","WebAppSanityPackage.HabitsAppClass","case8","double click on habit button and it should open the pop up",""
"passed","Sat Nov 08 22:15:08 UTC 2025","Sat Nov 08 22:15:08 UTC 2025","226","HabitNuWebAppSuite","HabitNuWebAppRegression","WebAppSanityPackage.Myrecipes","WebAppSanityPackage.Myrecipes","test3_NavigaetoMyRecipes","User is able to navigate to My Recipe page",""
"passed","Sat Nov 08 21:42:18 UTC 2025","Sat Nov 08 21:42:22 UTC 2025","3493","HabitNuWebAppSuite","HabitNuWebAppRegression","WebAppSanityPackage.DiscussAppClass","WebAppSanityPackage.DiscussAppClass","case9","Upload a message with subject, description, and file over 10MB (should not allow)",""
"passed","Sat Nov 08 21:53:03 UTC 2025","Sat Nov 08 21:53:06 UTC 2025","2999","HabitNuWebAppSuite","HabitNuWebAppRegression","WebAppSanityPackage.WebAppClass","WebAppSanityPackage.WebAppClass","case21","Add/Edit food with decimal value (Should allow decimals)",""
"passed","Sat Nov 08 21:44:52 UTC 2025","Sat Nov 08 21:44:55 UTC 2025","2450","HabitNuWebAppSuite","HabitNuWebAppRegression","WebAppSanityPackage.ProfileAppClass","WebAppSanityPackage.ProfileAppClass","case77","Click on delete file and cancel it",""
"passed","Sat Nov 08 21:39:06 UTC 2025","Sat Nov 08 21:39:06 UTC 2025","368","HabitNuWebAppSuite","HabitNuWebAppRegression","WebAppSanityPackage.BloodPressure_Section","WebAppSanityPackage.BloodPressure_Section","setNegativeSystolicTarget","enter negative Systolic target values and assert messages",""
"passed","Sat Nov 08 21:48:33 UTC 2025","Sat Nov 08 21:48:37 UTC 2025","4238","HabitNuWebAppSuite","HabitNuWebAppRegression","WebAppSanityPackage.HabitsAppClass","WebAppSanityPackage.HabitsAppClass","case20","Single Click on habit button and mark a green",""
"passed","Sat Nov 08 22:10:35 UTC 2025","Sat Nov 08 22:10:35 UTC 2025","99","HabitNuWebAppSuite","HabitNuWebAppRegression","WebAppSanityPackage.recipeBuilder","WebAppSanityPackage.recipeBuilder","verifyRemoveFavorites_from_recipeView_page","remove fav recipes from recipe view page",""
"passed","Sat Nov 08 22:01:17 UTC 2025","Sat Nov 08 22:01:42 UTC 2025","24917","HabitNuWebAppSuite","HabitNuWebAppRegression","WebAppSanityPackage.foodGrouping","WebAppSanityPackage.foodGrouping","case17","Create 'My Meal' from logged foods in LUNCH sections",""
"passed","Sat Nov 08 22:17:04 UTC 2025","Sat Nov 08 22:17:05 UTC 2025","1074","HabitNuWebAppSuite","HabitNuWebAppRegression","WebAppSanityPackage.GuidedTour","WebAppSanityPackage.GuidedTour","test7_skipnewuser","And user is able to skip guide tour for the first time login",""
"passed","Sat Nov 08 22:09:26 UTC 2025","Sat Nov 08 22:09:31 UTC 2025","4989","HabitNuWebAppSuite","HabitNuWebAppRegression","WebAppSanityPackage.habiRecipe","WebAppSanityPackage.habiRecipe","Case46","Selecting the Generated Recipe and Logging It",""
"passed","Sat Nov 08 21:34:51 UTC 2025","Sat Nov 08 21:34:52 UTC 2025","1058","HabitNuWebAppSuite","HabitNuWebAppRegression","WebAppSanityPackage.HomePage","WebAppSanityPackage.HomePage","testHealthSection","Verify Health panel content and functionality",""
"passed","Sat Nov 08 21:44:14 UTC 2025","Sat Nov 08 21:44:20 UTC 2025","5827","HabitNuWebAppSuite","HabitNuWebAppRegression","WebAppSanityPackage.ProfileAppClass","WebAppSanityPackage.ProfileAppClass","case68","Upload file, name, and type and submit",""
"passed","Sat Nov 08 22:10:16 UTC 2025","Sat Nov 08 22:10:19 UTC 2025","2383","HabitNuWebAppSuite","HabitNuWebAppRegression","WebAppSanityPackage.recipeBuilder","WebAppSanityPackage.recipeBuilder","logRecipe","verify 'View full' recipe button",""
"passed","Sat Nov 08 21:40:28 UTC 2025","Sat Nov 08 21:40:31 UTC 2025","2453","HabitNuWebAppSuite","HabitNuWebAppRegression","WebAppSanityPackage.TobaccoSection","WebAppSanityPackage.TobaccoSection","case16_graphcase2","Load web app -> Click on Health section -> Weight section -> click on three lines -> Click on graph -> click on filter as last month",""
"passed","Sat Nov 08 22:08:16 UTC 2025","Sat Nov 08 22:08:23 UTC 2025","7532","HabitNuWebAppSuite","HabitNuWebAppRegression","WebAppSanityPackage.habiRecipe","WebAppSanityPackage.habiRecipe","Case29","Selecting the  Generated Recipe of Local food preferences and Logging It",""
"passed","Sat Nov 08 21:57:35 UTC 2025","Sat Nov 08 21:57:36 UTC 2025","906","HabitNuWebAppSuite","HabitNuWebAppRegression","WebAppSanityPackage.waterLog","WebAppSanityPackage.waterLog","case16","946 ml Water Log",""
"passed","Sat Nov 08 21:35:02 UTC 2025","Sat Nov 08 21:35:04 UTC 2025","1891","HabitNuWebAppSuite","HabitNuWebAppRegression","WebAppSanityPackage.HomePage","WebAppSanityPackage.HomePage","testWeightLossProgressSection","Verify Weight Loss Progress panel content and functionality from arrow",""
"passed","Sat Nov 08 22:15:19 UTC 2025","Sat Nov 08 22:15:22 UTC 2025","2664","HabitNuWebAppSuite","HabitNuWebAppRegression","WebAppSanityPackage.Myrecipes","WebAppSanityPackage.Myrecipes","test6_createrecipe","And user is able to create my recipe",""
"passed","Sat Nov 08 22:11:36 UTC 2025","Sat Nov 08 22:11:36 UTC 2025","214","HabitNuWebAppSuite","HabitNuWebAppRegression","WebAppSanityPackage.WebAppHealth_WeightSection","WebAppSanityPackage.WebAppHealth_WeightSection","case4","verify last added monthly and yesterday's data in details page",""
"passed","Sat Nov 08 21:38:52 UTC 2025","Sat Nov 08 21:38:59 UTC 2025","7158","HabitNuWebAppSuite","HabitNuWebAppRegression","WebAppSanityPackage.BloodPressure_Section","WebAppSanityPackage.BloodPressure_Section","noTargetSet","verify no target case",""
"passed","Sat Nov 08 21:51:29 UTC 2025","Sat Nov 08 21:51:30 UTC 2025","1196","HabitNuWebAppSuite","HabitNuWebAppRegression","WebAppSanityPackage.ExerciseSection","WebAppSanityPackage.ExerciseSection","editTargetWithGreaterThan99","edit -  enter target more than 1440 and assert messages",""
"passed","Sat Nov 08 21:55:08 UTC 2025","Sat Nov 08 21:55:10 UTC 2025","2207","HabitNuWebAppSuite","HabitNuWebAppRegression","WebAppSanityPackage.Login","WebAppSanityPackage.Login","testPasswordResetPageAccess","Verify password reset link flow and modal confirmation",""
"passed","Sat Nov 08 21:40:26 UTC 2025","Sat Nov 08 21:40:27 UTC 2025","1001","HabitNuWebAppSuite","HabitNuWebAppRegression","WebAppSanityPackage.TobaccoSection","WebAppSanityPackage.TobaccoSection","case14","verify added today data in tobacco section ",""
"passed","Sat Nov 08 21:39:33 UTC 2025","Sat Nov 08 21:39:34 UTC 2025","348","HabitNuWebAppSuite","HabitNuWebAppRegression","WebAppSanityPackage.BloodPressure_Section","WebAppSanityPackage.BloodPressure_Section","case13","verify negative data as others in Blood Pressure section,Diastolic negative section",""
"passed","Sat Nov 08 21:44:50 UTC 2025","Sat Nov 08 21:44:52 UTC 2025","2173","HabitNuWebAppSuite","HabitNuWebAppRegression","WebAppSanityPackage.ProfileAppClass","WebAppSanityPackage.ProfileAppClass","case76","Click on delete file and accept it",""
"failed","Sat Nov 08 22:11:56 UTC 2025","Sat Nov 08 22:11:57 UTC 2025","1079","HabitNuWebAppSuite","HabitNuWebAppRegression","WebAppSanityPackage.WebAppHealth_WeightSection","WebAppSanityPackage.WebAppHealth_WeightSection","graphCase6","Load web app -> Click on Health section -> Weight section -> verify graph values",""
"passed","Sat Nov 08 22:11:41 UTC 2025","Sat Nov 08 22:11:41 UTC 2025","174","HabitNuWebAppSuite","HabitNuWebAppRegression","WebAppSanityPackage.WebAppHealth_WeightSection","WebAppSanityPackage.WebAppHealth_WeightSection","case10","Add data as 1000 weight",""
"passed","Sat Nov 08 21:57:19 UTC 2025","Sat Nov 08 21:57:22 UTC 2025","2394","HabitNuWebAppSuite","HabitNuWebAppRegression","WebAppSanityPackage.waterLog","WebAppSanityPackage.waterLog","case6","40 oz Water Log",""
"passed","Sat Nov 08 21:48:00 UTC 2025","Sat Nov 08 21:48:02 UTC 2025","1269","HabitNuWebAppSuite","HabitNuWebAppRegression","WebAppSanityPackage.HabitsAppClass","WebAppSanityPackage.HabitsAppClass","case15","Click on Activate and add the habit back",""
"passed","Sat Nov 08 21:56:08 UTC 2025","Sat Nov 08 21:56:10 UTC 2025","2541","HabitNuWebAppSuite","HabitNuWebAppRegression","WebAppSanityPackage.Hba1c","WebAppSanityPackage.Hba1c","case9","verify data should not be more than 14 in Hba1c count section",""
"passed","Sat Nov 08 21:49:10 UTC 2025","Sat Nov 08 21:49:11 UTC 2025","324","HabitNuWebAppSuite","HabitNuWebAppRegression","WebAppSanityPackage.Sugar_Section","WebAppSanityPackage.Sugar_Section","highTargetWithBlankValue","edit -  high BS cannot be blank",""
"passed","Sat Nov 08 22:07:50 UTC 2025","Sat Nov 08 22:08:16 UTC 2025","25372","HabitNuWebAppSuite","HabitNuWebAppRegression","WebAppSanityPackage.habiRecipe","WebAppSanityPackage.habiRecipe","case28","Generate New Recipe for Local food preferences",""
"passed","Sat Nov 08 21:42:02 UTC 2025","Sat Nov 08 21:42:02 UTC 2025","686","HabitNuWebAppSuite","HabitNuWebAppRegression","WebAppSanityPackage.DiscussAppClass","WebAppSanityPackage.DiscussAppClass","case4","Click on post button without entering message (should not allow posting)",""
"passed","Sat Nov 08 22:07:33 UTC 2025","Sat Nov 08 22:07:40 UTC 2025","7418","HabitNuWebAppSuite","HabitNuWebAppRegression","WebAppSanityPackage.habiRecipe","WebAppSanityPackage.habiRecipe","Case25","Selecting the  Generated Recipe of Micronutrient considerations and Logging It",""
"passed","Sat Nov 08 22:11:04 UTC 2025","Sat Nov 08 22:11:14 UTC 2025","9864","HabitNuWebAppSuite","HabitNuWebAppRegression","WebAppSanityPackage.WebAppHealth_WeightSection","WebAppSanityPackage.WebAppHealth_WeightSection","case1","verify - Blank weights",""
"passed","Sat Nov 08 22:12:13 UTC 2025","Sat Nov 08 22:12:15 UTC 2025","1625","HabitNuWebAppSuite","HabitNuWebAppRegression","WebAppSanityPackage.Medication","WebAppSanityPackage.Medication","case2","Log page Weight Loss Medication",""
"passed","Sat Nov 08 22:03:34 UTC 2025","Sat Nov 08 22:03:44 UTC 2025","10215","HabitNuWebAppSuite","HabitNuWebAppRegression","WebAppSanityPackage.habiRecipe","WebAppSanityPackage.habiRecipe","case1","Main Page",""
"passed","Sat Nov 08 21:35:14 UTC 2025","Sat Nov 08 21:35:17 UTC 2025","2987","HabitNuWebAppSuite","HabitNuWebAppRegression","WebAppSanityPackage.HomePage","WebAppSanityPackage.HomePage","testFitnessVideoPage","Verify the Fitness Videos Section content and functionality",""
"passed","Sat Nov 08 21:42:16 UTC 2025","Sat Nov 08 21:42:18 UTC 2025","2265","HabitNuWebAppSuite","HabitNuWebAppRegression","WebAppSanityPackage.DiscussAppClass","WebAppSanityPackage.DiscussAppClass","case8","Upload only a file (should not allow)",""
"passed","Sat Nov 08 22:04:28 UTC 2025","Sat Nov 08 22:04:33 UTC 2025","4918","HabitNuWebAppSuite","HabitNuWebAppRegression","WebAppSanityPackage.habiRecipe","WebAppSanityPackage.habiRecipe","Case6","Selecting the Generated Recipe and Logging It",""
"passed","Sat Nov 08 21:43:54 UTC 2025","Sat Nov 08 21:43:55 UTC 2025","1416","HabitNuWebAppSuite","HabitNuWebAppRegression","WebAppSanityPackage.ProfileAppClass","WebAppSanityPackage.ProfileAppClass","case48","Keep Hips (in inches) as blank and save",""
"passed","Sat Nov 08 22:16:48 UTC 2025","Sat Nov 08 22:16:51 UTC 2025","3404","HabitNuWebAppSuite","HabitNuWebAppRegression","WebAppSanityPackage.GuidedTour","WebAppSanityPackage.GuidedTour","test1_welcomepage","Given user is getting the license agreement",""
"passed","Sat Nov 08 21:47:55 UTC 2025","Sat Nov 08 21:47:55 UTC 2025","253","HabitNuWebAppSuite","HabitNuWebAppRegression","WebAppSanityPackage.HabitsAppClass","WebAppSanityPackage.HabitsAppClass","case11","Click on Calender and close it without making changes",""
"passed","Sat Nov 08 21:43:32 UTC 2025","Sat Nov 08 21:43:33 UTC 2025","581","HabitNuWebAppSuite","HabitNuWebAppRegression","WebAppSanityPackage.ProfileAppClass","WebAppSanityPackage.ProfileAppClass","keepCityBlankAndSave","Keep City as blank and save → Should throw validation error",""
"passed","Sat Nov 08 21:53:14 UTC 2025","Sat Nov 08 21:53:14 UTC 2025","9","HabitNuWebAppSuite","HabitNuWebAppRegression","WebAppSanityPackage.WebAppClass","WebAppSanityPackage.WebAppClass","Case_28check_the_link_in_log","Checking the nutritional details pop-up",""
"passed","Sat Nov 08 22:11:16 UTC 2025","Sat Nov 08 22:11:16 UTC 2025","396","HabitNuWebAppSuite","HabitNuWebAppRegression","WebAppSanityPackage.WebAppHealth_WeightSection","WebAppSanityPackage.WebAppHealth_WeightSection","setTargetMoreThan99","enter target more than 999 and assert messages",""
"passed","Sat Nov 08 21:55:33 UTC 2025","Sat Nov 08 21:55:41 UTC 2025","8012","HabitNuWebAppSuite","HabitNuWebAppRegression","WebAppSanityPackage.Hba1c","WebAppSanityPackage.Hba1c","case2","Click on HbA1c , click on add new button and add hba1c for last year",""
"passed","Sat Nov 08 21:39:06 UTC 2025","Sat Nov 08 21:39:06 UTC 2025","203","HabitNuWebAppSuite","HabitNuWebAppRegression","WebAppSanityPackage.BloodPressure_Section","WebAppSanityPackage.BloodPressure_Section","placeHolderOfBPCountValueInputBox","verify placeholder - systolic and diastolic ",""
"passed","Sat Nov 08 21:53:06 UTC 2025","Sat Nov 08 21:53:10 UTC 2025","3998","HabitNuWebAppSuite","HabitNuWebAppRegression","WebAppSanityPackage.WebAppClass","WebAppSanityPackage.WebAppClass","case22","Custom Food Edit in Dinner",""
"passed","Sat Nov 08 21:52:55 UTC 2025","Sat Nov 08 21:52:58 UTC 2025","3156","HabitNuWebAppSuite","HabitNuWebAppRegression","WebAppSanityPackage.WebAppClass","WebAppSanityPackage.WebAppClass","case18","Attempt to Edit Food without Mandatory Fields",""
"passed","Sat Nov 08 21:49:11 UTC 2025","Sat Nov 08 21:49:13 UTC 2025","2265","HabitNuWebAppSuite","HabitNuWebAppRegression","WebAppSanityPackage.Sugar_Section","WebAppSanityPackage.Sugar_Section","editTargetValid","edit Target - valid",""
"passed","Sat Nov 08 21:54:11 UTC 2025","Sat Nov 08 21:54:12 UTC 2025","314","HabitNuWebAppSuite","HabitNuWebAppRegression","WebAppSanityPackage.Login","WebAppSanityPackage.Login","testLoginWithEmptyCredentials","Verify validation errors for empty email and password fields",""
"passed","Sat Nov 08 22:11:41 UTC 2025","Sat Nov 08 22:11:45 UTC 2025","3612","HabitNuWebAppSuite","HabitNuWebAppRegression","WebAppSanityPackage.WebAppHealth_WeightSection","WebAppSanityPackage.WebAppHealth_WeightSection","case11","Add data and edit",""
"passed","Sat Nov 08 22:11:51 UTC 2025","Sat Nov 08 22:11:54 UTC 2025","2790","HabitNuWebAppSuite","HabitNuWebAppRegression","WebAppSanityPackage.WebAppHealth_WeightSection","WebAppSanityPackage.WebAppHealth_WeightSection","graphcase3","Load web app -> Click on Health section -> Weight section -> click on three lines -> Click on graph -> click on filter as last year",""
"passed","Sat Nov 08 21:34:52 UTC 2025","Sat Nov 08 21:34:54 UTC 2025","1939","HabitNuWebAppSuite","HabitNuWebAppRegression","WebAppSanityPackage.HomePage","WebAppSanityPackage.HomePage","testLearnOrVideosSection","Verify content of the Learn or Videos page",""
"passed","Sat Nov 08 21:44:55 UTC 2025","Sat Nov 08 21:44:56 UTC 2025","265","HabitNuWebAppSuite","HabitNuWebAppRegression","WebAppSanityPackage.ProfileAppClass","WebAppSanityPackage.ProfileAppClass","case80","Enter current password only and click Change Password",""
"passed","Sat Nov 08 21:49:51 UTC 2025","Sat Nov 08 21:49:52 UTC 2025","816","HabitNuWebAppSuite","HabitNuWebAppRegression","WebAppSanityPackage.Sugar_Section","WebAppSanityPackage.Sugar_Section","case6","Click on Blood Sugar , click on add new button and add Blood Sugar Before Meal for current  year , current date -1 ",""
"passed","Sat Nov 08 21:43:27 UTC 2025","Sat Nov 08 21:43:29 UTC 2025","2792","HabitNuWebAppSuite","HabitNuWebAppRegression","WebAppSanityPackage.ProfileAppClass","WebAppSanityPackage.ProfileAppClass","editAddressLine1AndSave","Edit Address Line 1 and save → Should save successfully",""
"passed","Sat Nov 08 21:54:15 UTC 2025","Sat Nov 08 21:54:17 UTC 2025","1465","HabitNuWebAppSuite","HabitNuWebAppRegression","WebAppSanityPackage.Login","WebAppSanityPackage.Login","testLoginWithInactiveUser","Verify error for an inactive user account",""
"passed","Sat Nov 08 21:50:47 UTC 2025","Sat Nov 08 21:50:58 UTC 2025","11427","HabitNuWebAppSuite","HabitNuWebAppRegression","WebAppSanityPackage.Sugar_Section","WebAppSanityPackage.Sugar_Section","case15","verify last added monthly and yesterday's data in details page in Blood Sugar section",""
"passed","Sat Nov 08 21:51:25 UTC 2025","Sat Nov 08 21:51:26 UTC 2025","488","HabitNuWebAppSuite","HabitNuWebAppRegression","WebAppSanityPackage.ExerciseSection","WebAppSanityPackage.ExerciseSection","setTargetMoreThan99","enter target more than 1440 and assert messages",""
"passed","Sat Nov 08 21:43:05 UTC 2025","Sat Nov 08 21:43:08 UTC 2025","3116","HabitNuWebAppSuite","HabitNuWebAppRegression","WebAppSanityPackage.ProfileAppClass","WebAppSanityPackage.ProfileAppClass","lastNameBlankTest","Leave last name as blank → should show default name or fail gracefully",""
"broken","Sat Nov 08 21:53:14 UTC 2025","Sat Nov 08 21:53:19 UTC 2025","4837","HabitNuWebAppSuite","HabitNuWebAppRegression","WebAppSanityPackage.WebAppClass","WebAppSanityPackage.WebAppClass","case30","Coach-Users Test Case in meals section",""
"passed","Sat Nov 08 21:39:32 UTC 2025","Sat Nov 08 21:39:33 UTC 2025","434","HabitNuWebAppSuite","HabitNuWebAppRegression","WebAppSanityPackage.BloodPressure_Section","WebAppSanityPackage.BloodPressure_Section","case10","verify data should not be more than 100000 in Blood Pressure section,Systolic should not be grater than 250",""
"broken","Sat Nov 08 21:45:40 UTC 2025","Sat Nov 08 21:45:51 UTC 2025","11446","HabitNuWebAppSuite","HabitNuWebAppRegression","WebAppSanityPackage.Weights_lbs_Kgs","WebAppSanityPackage.Weights_lbs_Kgs","case10","Health section weights match selected unit",""
"passed","Sat Nov 08 22:17:07 UTC 2025","Sat Nov 08 22:17:08 UTC 2025","794","HabitNuWebAppSuite","HabitNuWebAppRegression","WebAppSanityPackage.GuidedTour","WebAppSanityPackage.GuidedTour","test9_navigatingtourpage2","And user is navigating from first slide to second slide and validating",""
"passed","Sat Nov 08 21:34:45 UTC 2025","Sat Nov 08 21:34:51 UTC 2025","5769","HabitNuWebAppSuite","HabitNuWebAppRegression","WebAppSanityPackage.HomePage","WebAppSanityPackage.HomePage","testFoodSection","Verify Food panel content and functionality",""
"passed","Sat Nov 08 21:51:26 UTC 2025","Sat Nov 08 21:51:27 UTC 2025","1300","HabitNuWebAppSuite","HabitNuWebAppRegression","WebAppSanityPackage.ExerciseSection","WebAppSanityPackage.ExerciseSection","setValidTarget","enter valid Target",""
"passed","Sat Nov 08 22:02:21 UTC 2025","Sat Nov 08 22:02:23 UTC 2025","1604","HabitNuWebAppSuite","HabitNuWebAppRegression","WebAppSanityPackage.foodGrouping","WebAppSanityPackage.foodGrouping","case20","Logging 'My Meal' from exsiting group",""
"passed","Sat Nov 08 21:52:52 UTC 2025","Sat Nov 08 21:52:55 UTC 2025","3084","HabitNuWebAppSuite","HabitNuWebAppRegression","WebAppSanityPackage.WebAppClass","WebAppSanityPackage.WebAppClass","case17","Edit Food - Update fields and validate changes",""
"passed","Sat Nov 08 21:43:26 UTC 2025","Sat Nov 08 21:43:27 UTC 2025","642","HabitNuWebAppSuite","HabitNuWebAppRegression","WebAppSanityPackage.ProfileAppClass","WebAppSanityPackage.ProfileAppClass","keepAddressLine1Blank","Keep Address Line 1 blank and save → Should throw required field error (if validation present)",""
"passed","Sat Nov 08 21:57:17 UTC 2025","Sat Nov 08 21:57:17 UTC 2025","674","HabitNuWebAppSuite","HabitNuWebAppRegression","WebAppSanityPackage.waterLog","WebAppSanityPackage.waterLog","case3","16 oz Water Log",""
"passed","Sat Nov 08 21:42:42 UTC 2025","Sat Nov 08 21:42:42 UTC 2025","423","HabitNuWebAppSuite","HabitNuWebAppRegression","WebAppSanityPackage.DiscussAppClass","WebAppSanityPackage.DiscussAppClass","case25","edit a message in my post",""
"passed","Sat Nov 08 21:39:07 UTC 2025","Sat Nov 08 21:39:08 UTC 2025","877","HabitNuWebAppSuite","HabitNuWebAppRegression","WebAppSanityPackage.BloodPressure_Section","WebAppSanityPackage.BloodPressure_Section","setValidTarget","enter valid Target",""
"broken","Sat Nov 08 21:45:37 UTC 2025","Sat Nov 08 21:45:37 UTC 2025","14","HabitNuWebAppSuite","HabitNuWebAppRegression","WebAppSanityPackage.Weights_lbs_Kgs","WebAppSanityPackage.Weights_lbs_Kgs","setValidTarget","enter valid Target",""
"broken","Sat Nov 08 21:45:37 UTC 2025","Sat Nov 08 21:45:37 UTC 2025","81","HabitNuWebAppSuite","HabitNuWebAppRegression","WebAppSanityPackage.Weights_lbs_Kgs","WebAppSanityPackage.Weights_lbs_Kgs","Case4","verify placeholder - weight ",""
"broken","Sat Nov 08 21:54:44 UTC 2025","Sat Nov 08 21:54:55 UTC 2025","11397","HabitNuWebAppSuite","HabitNuWebAppRegression","WebAppSanityPackage.Login","WebAppSanityPackage.Login","testLoginWithInvalidOTP","Verify error message when using an invalid OTP",""
"passed","Sat Nov 08 22:00:22 UTC 2025","Sat Nov 08 22:00:38 UTC 2025","15985","HabitNuWebAppSuite","HabitNuWebAppRegression","WebAppSanityPackage.foodGrouping","WebAppSanityPackage.foodGrouping","case13","Add food item to Lunch section",""
"passed","Sat Nov 08 21:46:17 UTC 2025","Sat Nov 08 21:46:27 UTC 2025","10627","HabitNuWebAppSuite","HabitNuWebAppRegression","WebAppSanityPackage.ChatandNotificationsClass","WebAppSanityPackage.ChatandNotificationsClass","case9","Click on HabitNu: Please step on your scale to achieve your weight tracking goal!",""
"passed","Sat Nov 08 21:51:27 UTC 2025","Sat Nov 08 21:51:29 UTC 2025","1308","HabitNuWebAppSuite","HabitNuWebAppRegression","WebAppSanityPackage.ExerciseSection","WebAppSanityPackage.ExerciseSection","editTargetButDoNotSave","edit target values and do click on 'x' mark and do not save",""
"passed","Sat Nov 08 22:15:22 UTC 2025","Sat Nov 08 22:15:22 UTC 2025","61","HabitNuWebAppSuite","HabitNuWebAppRegression","WebAppSanityPackage.Myrecipes","WebAppSanityPackage.Myrecipes","test8_validateingredient","Then user is able to validate added ingredient",""
"passed","Sat Nov 08 22:10:05 UTC 2025","Sat Nov 08 22:10:05 UTC 2025","390","HabitNuWebAppSuite","HabitNuWebAppRegression","WebAppSanityPackage.recipeBuilder","WebAppSanityPackage.recipeBuilder","clickOnRecipeAndValidateRecipeFieldPage","Verify recipe page fields",""
"passed","Sat Nov 08 21:49:38 UTC 2025","Sat Nov 08 21:49:40 UTC 2025","1365","HabitNuWebAppSuite","HabitNuWebAppRegression","WebAppSanityPackage.Sugar_Section","WebAppSanityPackage.Sugar_Section","case3","Click on Blood Sugar , click on add new button and add Blood Sugar Before Meal for current year current date ",""
"passed","Sat Nov 08 21:54:21 UTC 2025","Sat Nov 08 21:54:21 UTC 2025","381","HabitNuWebAppSuite","HabitNuWebAppRegression","WebAppSanityPackage.Login","WebAppSanityPackage.Login","testLoginWithOnlyEmail","Verify error when only email is provided",""
"broken","Sat Nov 08 21:44:25 UTC 2025","Sat Nov 08 21:44:28 UTC 2025","2465","HabitNuWebAppSuite","HabitNuWebAppRegression","WebAppSanityPackage.ProfileAppClass","WebAppSanityPackage.ProfileAppClass","case72","Upload the file type and upload",""
"passed","Sat Nov 08 22:16:51 UTC 2025","Sat Nov 08 22:16:52 UTC 2025","745","HabitNuWebAppSuite","HabitNuWebAppRegression","WebAppSanityPackage.GuidedTour","WebAppSanityPackage.GuidedTour","test2_userregistration","When user is able to enter the  registration form",""
"passed","Sat Nov 08 21:56:22 UTC 2025","Sat Nov 08 21:56:22 UTC 2025","68","HabitNuWebAppSuite","HabitNuWebAppRegression","WebAppSanityPackage.Hba1c","WebAppSanityPackage.Hba1c","noTargetSet","verify no target case",""
"passed","Sat Nov 08 21:54:08 UTC 2025","Sat Nov 08 21:54:10 UTC 2025","2104","HabitNuWebAppSuite","HabitNuWebAppRegression","WebAppSanityPackage.Login","WebAppSanityPackage.Login","testLoginWithInvalidPassword","Verify error for a valid email with an invalid password",""
"passed","Sat Nov 08 22:15:30 UTC 2025","Sat Nov 08 22:15:35 UTC 2025","5144","HabitNuWebAppSuite","HabitNuWebAppRegression","WebAppSanityPackage.Myrecipes","WebAppSanityPackage.Myrecipes","test15_foodsection","And user is navigating to food section",""
"passed","Sat Nov 08 22:00:50 UTC 2025","Sat Nov 08 22:01:03 UTC 2025","13281","HabitNuWebAppSuite","HabitNuWebAppRegression","WebAppSanityPackage.foodGrouping","WebAppSanityPackage.foodGrouping","case15","Add food item to Snacks section",""
"passed","Sat Nov 08 22:12:09 UTC 2025","Sat Nov 08 22:12:13 UTC 2025","4223","HabitNuWebAppSuite","HabitNuWebAppRegression","WebAppSanityPackage.Medication","WebAppSanityPackage.Medication","case1","Main Page",""
"passed","Sat Nov 08 21:48:37 UTC 2025","Sat Nov 08 21:48:37 UTC 2025","271","HabitNuWebAppSuite","HabitNuWebAppRegression","WebAppSanityPackage.HabitsAppClass","WebAppSanityPackage.HabitsAppClass","case21","Single click on habit button and mark a red",""
"passed","Sat Nov 08 22:11:15 UTC 2025","Sat Nov 08 22:11:16 UTC 2025","743","HabitNuWebAppSuite","HabitNuWebAppRegression","WebAppSanityPackage.WebAppHealth_WeightSection","WebAppSanityPackage.WebAppHealth_WeightSection","setNegativeTarget","enter negative target values and assert messages",""
"passed","Sat Nov 08 21:40:20 UTC 2025","Sat Nov 08 21:40:26 UTC 2025","5502","HabitNuWebAppSuite","HabitNuWebAppRegression","WebAppSanityPackage.TobaccoSection","WebAppSanityPackage.TobaccoSection","case13","Click on tobacco , click on add new button and add tobacco for last year and and Total count of the day should be 0",""
"passed","Sat Nov 08 21:47:06 UTC 2025","Sat Nov 08 21:47:15 UTC 2025","9370","HabitNuWebAppSuite","HabitNuWebAppRegression","WebAppSanityPackage.HabitsAppClass","WebAppSanityPackage.HabitsAppClass","case3","Click on backward arrowmark it should take to last week",""
"passed","Sat Nov 08 21:52:36 UTC 2025","Sat Nov 08 21:52:37 UTC 2025","1130","HabitNuWebAppSuite","HabitNuWebAppRegression","WebAppSanityPackage.WebAppClass","WebAppSanityPackage.WebAppClass","case10","Click on View Food Log, and add food - Lunch via frequent section",""
"passed","Sat Nov 08 22:06:19 UTC 2025","Sat Nov 08 22:06:23 UTC 2025","4953","HabitNuWebAppSuite","HabitNuWebAppRegression","WebAppSanityPackage.habiRecipe","WebAppSanityPackage.habiRecipe","Case18","Selecting the Generated Recipe and Logging It",""
"passed","Sat Nov 08 22:04:33 UTC 2025","Sat Nov 08 22:04:39 UTC 2025","5269","HabitNuWebAppSuite","HabitNuWebAppRegression","WebAppSanityPackage.habiRecipe","WebAppSanityPackage.habiRecipe","case7","Dietary restrictions	",""
"passed","Sat Nov 08 21:43:38 UTC 2025","Sat Nov 08 21:43:39 UTC 2025","235","HabitNuWebAppSuite","HabitNuWebAppRegression","WebAppSanityPackage.ProfileAppClass","WebAppSanityPackage.ProfileAppClass","keepZipcode4digitsAndSave","Keep Zipcode with 4 numbers and save → Should show validation error",""
"passed","Sat Nov 08 21:42:59 UTC 2025","Sat Nov 08 21:43:01 UTC 2025","1987","HabitNuWebAppSuite","HabitNuWebAppRegression","WebAppSanityPackage.ProfileAppClass","WebAppSanityPackage.ProfileAppClass","editFirstName","Edit first name and save → should reflect",""
"passed","Sat Nov 08 21:40:16 UTC 2025","Sat Nov 08 21:40:20 UTC 2025","4272","HabitNuWebAppSuite","HabitNuWebAppRegression","WebAppSanityPackage.TobaccoSection","WebAppSanityPackage.TobaccoSection","case12","Click on Health tab and verify 'No data recorded yet' in Tobacco section",""
"passed","Sat Nov 08 22:12:19 UTC 2025","Sat Nov 08 22:12:20 UTC 2025","1565","HabitNuWebAppSuite","HabitNuWebAppRegression","WebAppSanityPackage.Medication","WebAppSanityPackage.Medication","case9","Creating new Medications details like selecting add time (What time(s) do you want to take this medication?",""
"passed","Sat Nov 08 22:16:52 UTC 2025","Sat Nov 08 22:17:00 UTC 2025","8143","HabitNuWebAppSuite","HabitNuWebAppRegression","WebAppSanityPackage.GuidedTour","WebAppSanityPackage.GuidedTour","test4_registrationfilling","When user is able to enter the details in registration form",""
"passed","Sat Nov 08 21:51:03 UTC 2025","Sat Nov 08 21:51:03 UTC 2025","313","HabitNuWebAppSuite","HabitNuWebAppRegression","WebAppSanityPackage.Sugar_Section","WebAppSanityPackage.Sugar_Section","case17","verify blank data in Blood Sugar section Fasting",""
"passed","Sat Nov 08 21:40:05 UTC 2025","Sat Nov 08 21:40:05 UTC 2025","238","HabitNuWebAppSuite","HabitNuWebAppRegression","WebAppSanityPackage.TobaccoSection","WebAppSanityPackage.TobaccoSection","case2_setTarget","enter target values and do click on 'x' mark and do not save",""
"passed","Sat Nov 08 21:39:40 UTC 2025","Sat Nov 08 21:40:05 UTC 2025","25271","HabitNuWebAppSuite","HabitNuWebAppRegression","WebAppSanityPackage.TobaccoSection","WebAppSanityPackage.TobaccoSection","Case1_noTargetSet","verify no target case",""
"passed","Sat Nov 08 21:52:23 UTC 2025","Sat Nov 08 21:52:24 UTC 2025","353","HabitNuWebAppSuite","HabitNuWebAppRegression","WebAppSanityPackage.WebAppClass","WebAppSanityPackage.WebAppClass","case5","Click on Add food, Go to All section and check whether the same food is listed",""
"passed","Sat Nov 08 22:05:21 UTC 2025","Sat Nov 08 22:05:41 UTC 2025","20361","HabitNuWebAppSuite","HabitNuWebAppRegression","WebAppSanityPackage.habiRecipe","WebAppSanityPackage.habiRecipe","case12","Generate New Recipe for Food allergies",""
"passed","Sat Nov 08 22:08:28 UTC 2025","Sat Nov 08 22:08:43 UTC 2025","15075","HabitNuWebAppSuite","HabitNuWebAppRegression","WebAppSanityPackage.habiRecipe","WebAppSanityPackage.habiRecipe","deleteRecentlyGeneratedRecipes","Delete Recently Generated Recipes",""
"passed","Sat Nov 08 21:48:02 UTC 2025","Sat Nov 08 21:48:05 UTC 2025","3140","HabitNuWebAppSuite","HabitNuWebAppRegression","WebAppSanityPackage.HabitsAppClass","WebAppSanityPackage.HabitsAppClass","case16","Click on Back button and go back to Habits list",""
"broken","Sat Nov 08 21:53:20 UTC 2025","Sat Nov 08 21:53:20 UTC 2025","14","HabitNuWebAppSuite","HabitNuWebAppRegression","WebAppSanityPackage.WebAppClass","WebAppSanityPackage.WebAppClass","Case31_add_food_check_in_coaches","User details in coaches-dashboard",""
"passed","Sat Nov 08 21:44:42 UTC 2025","Sat Nov 08 21:44:50 UTC 2025","8584","HabitNuWebAppSuite","HabitNuWebAppRegression","WebAppSanityPackage.ProfileAppClass","WebAppSanityPackage.ProfileAppClass","case75","Click on view file",""
"passed","Sat Nov 08 21:54:28 UTC 2025","Sat Nov 08 21:54:30 UTC 2025","1764","HabitNuWebAppSuite","HabitNuWebAppRegression","WebAppSanityPackage.Login","WebAppSanityPackage.Login","testFieldValidationOnBlur","Verify field validations on blur",""
"passed","Sat Nov 08 21:47:02 UTC 2025","Sat Nov 08 21:47:06 UTC 2025","3231","HabitNuWebAppSuite","HabitNuWebAppRegression","WebAppSanityPackage.HabitsAppClass","WebAppSanityPackage.HabitsAppClass","case1","Click on Habits section (It should take to Habits section)",""
"passed","Sat Nov 08 21:43:45 UTC 2025","Sat Nov 08 21:43:46 UTC 2025","973","HabitNuWebAppSuite","HabitNuWebAppRegression","WebAppSanityPackage.ProfileAppClass","WebAppSanityPackage.ProfileAppClass","validateContactDetailsFields","Validate presence and absence of fields in Contact Details section",""
"passed","Sat Nov 08 21:57:38 UTC 2025","Sat Nov 08 21:57:50 UTC 2025","11818","HabitNuWebAppSuite","HabitNuWebAppRegression","WebAppSanityPackage.waterLog","WebAppSanityPackage.waterLog","case18","Validate setting reminders and verifying active time slots",""
"passed","Sat Nov 08 21:57:33 UTC 2025","Sat Nov 08 21:57:34 UTC 2025","789","HabitNuWebAppSuite","HabitNuWebAppRegression","WebAppSanityPackage.waterLog","WebAppSanityPackage.waterLog","case14","473 ml Water Log",""
"passed","Sat Nov 08 21:39:32 UTC 2025","Sat Nov 08 21:39:32 UTC 2025","318","HabitNuWebAppSuite","HabitNuWebAppRegression","WebAppSanityPackage.BloodPressure_Section","WebAppSanityPackage.BloodPressure_Section","case9","verify negative data in Blood Pressure section,systolic blank ,diastolic negative",""
"passed","Sat Nov 08 22:05:41 UTC 2025","Sat Nov 08 22:05:46 UTC 2025","4228","HabitNuWebAppSuite","HabitNuWebAppRegression","WebAppSanityPackage.habiRecipe","WebAppSanityPackage.habiRecipe","Case13","Selecting the  Generated Recipe of Food allergies and Logging It",""
"passed","Sat Nov 08 21:57:29 UTC 2025","Sat Nov 08 21:57:30 UTC 2025","740","HabitNuWebAppSuite","HabitNuWebAppRegression","WebAppSanityPackage.waterLog","WebAppSanityPackage.waterLog","case12","Validate setting reminders and verifying active time slots",""
"broken","Sat Nov 08 22:13:56 UTC 2025","Sat Nov 08 22:14:07 UTC 2025","11211","HabitNuWebAppSuite","HabitNuWebAppRegression","WebAppSanityPackage.Medication","WebAppSanityPackage.Medication","case28","Creating new Medications details like selecting add time (What time(s) do you want to take this medication?)",""
"passed","Sat Nov 08 22:07:45 UTC 2025","Sat Nov 08 22:07:50 UTC 2025","5577","HabitNuWebAppSuite","HabitNuWebAppRegression","WebAppSanityPackage.habiRecipe","WebAppSanityPackage.habiRecipe","case27","Local food preferences",""
"passed","Sat Nov 08 21:58:45 UTC 2025","Sat Nov 08 21:58:45 UTC 2025","68","HabitNuWebAppSuite","HabitNuWebAppRegression","WebAppSanityPackage.foodGrouping","WebAppSanityPackage.foodGrouping","case3","Verify the created group name in Food Group section",""
"passed","Sat Nov 08 21:45:18 UTC 2025","Sat Nov 08 21:45:23 UTC 2025","5066","HabitNuWebAppSuite","HabitNuWebAppRegression","WebAppSanityPackage.Weights_lbs_Kgs","WebAppSanityPackage.Weights_lbs_Kgs","case1","Set Targets with Unit Toggle and store selected unit",""
"passed","Sat Nov 08 21:40:31 UTC 2025","Sat Nov 08 21:40:35 UTC 2025","4612","HabitNuWebAppSuite","HabitNuWebAppRegression","WebAppSanityPackage.TobaccoSection","WebAppSanityPackage.TobaccoSection","case17_graphcase3","Load web app -> Click on Health section -> Weight section -> click on three lines -> Click on graph -> click on filter as last year",""
"passed","Sat Nov 08 21:49:09 UTC 2025","Sat Nov 08 21:49:10 UTC 2025","345","HabitNuWebAppSuite","HabitNuWebAppRegression","WebAppSanityPackage.Sugar_Section","WebAppSanityPackage.Sugar_Section","setNegativeDiastolicTarget","enter negative Low target values and assert messages",""
"passed","Sat Nov 08 21:43:25 UTC 2025","Sat Nov 08 21:43:25 UTC 2025","197","HabitNuWebAppSuite","HabitNuWebAppRegression","WebAppSanityPackage.ProfileAppClass","WebAppSanityPackage.ProfileAppClass","addInvalidShortPhoneNumber","Add numbers less than 10 digits → Should show error",""
"passed","Sat Nov 08 22:12:15 UTC 2025","Sat Nov 08 22:12:17 UTC 2025","1230","HabitNuWebAppSuite","HabitNuWebAppRegression","WebAppSanityPackage.Medication","WebAppSanityPackage.Medication","case6","Coach- Users- Medication- Creating new Medications details like selecting Dosage",""
"passed","Sat Nov 08 21:44:28 UTC 2025","Sat Nov 08 21:44:35 UTC 2025","7169","HabitNuWebAppSuite","HabitNuWebAppRegression","WebAppSanityPackage.ProfileAppClass","WebAppSanityPackage.ProfileAppClass","case73","Upload the file, name and file type and upload",""
"passed","Sat Nov 08 21:55:25 UTC 2025","Sat Nov 08 21:55:33 UTC 2025","7607","HabitNuWebAppSuite","HabitNuWebAppRegression","WebAppSanityPackage.Hba1c","WebAppSanityPackage.Hba1c","case1","Click on Health tab and verify 'No data recorded yet' in HbA1c section",""
"passed","Sat Nov 08 21:51:27 UTC 2025","Sat Nov 08 21:51:27 UTC 2025","327","HabitNuWebAppSuite","HabitNuWebAppRegression","WebAppSanityPackage.ExerciseSection","WebAppSanityPackage.ExerciseSection","editTargetValid","edit Target - valid",""
"passed","Sat Nov 08 22:17:12 UTC 2025","Sat Nov 08 22:17:14 UTC 2025","1421","HabitNuWebAppSuite","HabitNuWebAppRegression","WebAppSanityPackage.GuidedTour","WebAppSanityPackage.GuidedTour","test15_backbutton","And User is navigating from last slide to first slide by clicking back button",""
"broken","Sat Nov 08 22:04:17 UTC 2025","Sat Nov 08 22:04:28 UTC 2025","11096","HabitNuWebAppSuite","HabitNuWebAppRegression","WebAppSanityPackage.habiRecipe","WebAppSanityPackage.habiRecipe","Case5","Selecting the Generated Recipe and Logging It",""
"passed","Sat Nov 08 22:13:54 UTC 2025","Sat Nov 08 22:13:55 UTC 2025","348","HabitNuWebAppSuite","HabitNuWebAppRegression","WebAppSanityPackage.Medication","WebAppSanityPackage.Medication","case26","Creating new Medications details like selecting Frequency",""
"passed","Sat Nov 08 21:47:06 UTC 2025","Sat Nov 08 21:47:06 UTC 2025","13","HabitNuWebAppSuite","HabitNuWebAppRegression","WebAppSanityPackage.HabitsAppClass","WebAppSanityPackage.HabitsAppClass","case2","If there are no Habits in the Habits section - it should display There are no Habits to display",""
"passed","Sat Nov 08 21:53:51 UTC 2025","Sat Nov 08 21:54:06 UTC 2025","14958","HabitNuWebAppSuite","HabitNuWebAppRegression","WebAppSanityPackage.Login","WebAppSanityPackage.Login","testLogout","Verify error for a valid email with an invalid password",""
"passed","Sat Nov 08 21:34:43 UTC 2025","Sat Nov 08 21:34:43 UTC 2025","395","HabitNuWebAppSuite","HabitNuWebAppRegression","WebAppSanityPackage.HomePage","WebAppSanityPackage.HomePage","testWeightLossProgressCardData","Verify the Weight Loss Progress card displays correct data",""
"passed","Sat Nov 08 22:14:28 UTC 2025","Sat Nov 08 22:14:38 UTC 2025","10276","HabitNuWebAppSuite","HabitNuWebAppRegression","WebAppSanityPackage.Medication","WebAppSanityPackage.Medication","case32","Weight loss medication Review",""
"passed","Sat Nov 08 22:10:09 UTC 2025","Sat Nov 08 22:10:09 UTC 2025","188","HabitNuWebAppSuite","HabitNuWebAppRegression","WebAppSanityPackage.recipeBuilder","WebAppSanityPackage.recipeBuilder","clearSearchBar","Verify recipe clears up on clearing search bar",""
"passed","Sat Nov 08 21:40:06 UTC 2025","Sat Nov 08 21:40:06 UTC 2025","344","HabitNuWebAppSuite","HabitNuWebAppRegression","WebAppSanityPackage.TobaccoSection","WebAppSanityPackage.TobaccoSection","case6_setTargetMoreThan99","enter target more than 99 and assert messages",""
"passed","Sat Nov 08 21:39:33 UTC 2025","Sat Nov 08 21:39:33 UTC 2025","437","HabitNuWebAppSuite","HabitNuWebAppRegression","WebAppSanityPackage.BloodPressure_Section","WebAppSanityPackage.BloodPressure_Section","case11","verify data should not be more than 100000 in Blood Pressure section,Diastolic should not be grater than 250",""
"passed","Sat Nov 08 21:43:08 UTC 2025","Sat Nov 08 21:43:10 UTC 2025","1303","HabitNuWebAppSuite","HabitNuWebAppRegression","WebAppSanityPackage.ProfileAppClass","WebAppSanityPackage.ProfileAppClass","selectGenderMaleAndSave","Select Gender as Male and save → should reflect",""
"passed","Sat Nov 08 21:43:39 UTC 2025","Sat Nov 08 21:43:41 UTC 2025","1442","HabitNuWebAppSuite","HabitNuWebAppRegression","WebAppSanityPackage.ProfileAppClass","WebAppSanityPackage.ProfileAppClass","keepZipcodevalidAndSave","Keep Zipcode with valid numbers and save → Should not show error",""
"passed","Sat Nov 08 21:48:59 UTC 2025","Sat Nov 08 21:49:08 UTC 2025","9317","HabitNuWebAppSuite","HabitNuWebAppRegression","WebAppSanityPackage.Sugar_Section","WebAppSanityPackage.Sugar_Section","noTargetSet","verify no target case",""
"passed","Sat Nov 08 21:56:27 UTC 2025","Sat Nov 08 21:56:27 UTC 2025","200","HabitNuWebAppSuite","HabitNuWebAppRegression","WebAppSanityPackage.Hba1c","WebAppSanityPackage.Hba1c","editTargetValid","edit Target - valid",""
"passed","Sat Nov 08 21:40:06 UTC 2025","Sat Nov 08 21:40:06 UTC 2025","347","HabitNuWebAppSuite","HabitNuWebAppRegression","WebAppSanityPackage.TobaccoSection","WebAppSanityPackage.TobaccoSection","case5_setNegativeTarget","enter negative target values and assert messages",""
"passed","Sat Nov 08 21:43:39 UTC 2025","Sat Nov 08 21:43:39 UTC 2025","228","HabitNuWebAppSuite","HabitNuWebAppRegression","WebAppSanityPackage.ProfileAppClass","WebAppSanityPackage.ProfileAppClass","keepZipcode6digitsAndSave","Keep Zipcode with 6 numbers and save → Should show validation error",""
"passed","Sat Nov 08 22:12:17 UTC 2025","Sat Nov 08 22:12:17 UTC 2025","597","HabitNuWebAppSuite","HabitNuWebAppRegression","WebAppSanityPackage.Medication","WebAppSanityPackage.Medication","case7","Creating new Medications details like selecting Frequency ",""
"passed","Sat Nov 08 21:35:18 UTC 2025","Sat Nov 08 21:35:18 UTC 2025","328","HabitNuWebAppSuite","HabitNuWebAppRegression","WebAppSanityPackage.HomePage","WebAppSanityPackage.HomePage","testWeeklyProgressBarValidation","Verify the weekly progress bar is displayed and contains valid data",""
"passed","Sat Nov 08 21:42:35 UTC 2025","Sat Nov 08 21:42:35 UTC 2025","635","HabitNuWebAppSuite","HabitNuWebAppRegression","WebAppSanityPackage.DiscussAppClass","WebAppSanityPackage.DiscussAppClass","case14","Edit the post message and then cancel it ( It should not edit the post)",""
"passed","Sat Nov 08 21:45:03 UTC 2025","Sat Nov 08 21:45:05 UTC 2025","1882","HabitNuWebAppSuite","HabitNuWebAppRegression","WebAppSanityPackage.ProfileAppClass","WebAppSanityPackage.ProfileAppClass","case86","Change language to Spanish and verify UI text",""
"passed","Sat Nov 08 22:10:19 UTC 2025","Sat Nov 08 22:10:19 UTC 2025","178","HabitNuWebAppSuite","HabitNuWebAppRegression","WebAppSanityPackage.recipeBuilder","WebAppSanityPackage.recipeBuilder","verifyLoggedRecipeUnderFood","verify logged recipe > under view food log",""
"passed","Sat Nov 08 21:50:15 UTC 2025","Sat Nov 08 21:50:21 UTC 2025","5856","HabitNuWebAppSuite","HabitNuWebAppRegression","WebAppSanityPackage.Sugar_Section","WebAppSanityPackage.Sugar_Section","case10","verify added today data in Blood Sugar section as After Meal",""
"passed","Sat Nov 08 21:50:58 UTC 2025","Sat Nov 08 21:51:03 UTC 2025","4869","HabitNuWebAppSuite","HabitNuWebAppRegression","WebAppSanityPackage.Sugar_Section","WebAppSanityPackage.Sugar_Section","case16","verify blank data in Blood Sugar section before meal",""
"passed","Sat Nov 08 21:47:23 UTC 2025","Sat Nov 08 21:47:38 UTC 2025","15531","HabitNuWebAppSuite","HabitNuWebAppRegression","WebAppSanityPackage.HabitsAppClass","WebAppSanityPackage.HabitsAppClass","case5","Click on Add button it should take to create the habit page and create the habit",""
"passed","Sat Nov 08 22:10:42 UTC 2025","Sat Nov 08 22:10:47 UTC 2025","4828","HabitNuWebAppSuite","HabitNuWebAppRegression","WebAppSanityPackage.recipeBuilder","WebAppSanityPackage.recipeBuilder","removeRecipeFromFavorites","Remove recipe from favorites via three-dot menu",""
"passed","Sat Nov 08 22:07:02 UTC 2025","Sat Nov 08 22:07:07 UTC 2025","4785","HabitNuWebAppSuite","HabitNuWebAppRegression","WebAppSanityPackage.habiRecipe","WebAppSanityPackage.habiRecipe","Case22","Selecting the Generated Recipe and Logging It",""
"passed","Sat Nov 08 21:43:49 UTC 2025","Sat Nov 08 21:43:50 UTC 2025","1396","HabitNuWebAppSuite","HabitNuWebAppRegression","WebAppSanityPackage.ProfileAppClass","WebAppSanityPackage.ProfileAppClass","case44","Keep Waist (in inches) as blank and save",""
"passed","Sat Nov 08 21:37:47 UTC 2025","Sat Nov 08 21:38:09 UTC 2025","22193","HabitNuWebAppSuite","HabitNuWebAppRegression","WebAppSanityPackage.HomePage","WebAppSanityPackage.HomePage","testMealsProgressBarByAddingFood","Verify the Meals progress bar updates correctly as meals are added",""
"passed","Sat Nov 08 22:12:17 UTC 2025","Sat Nov 08 22:12:19 UTC 2025","1240","HabitNuWebAppSuite","HabitNuWebAppRegression","WebAppSanityPackage.Medication","WebAppSanityPackage.Medication","case8","Creating new Medications details like selecting add time (What time(s) do you want to take this medication?",""
"passed","Sat Nov 08 22:17:26 UTC 2025","Sat Nov 08 22:17:28 UTC 2025","1634","HabitNuWebAppSuite","HabitNuWebAppRegression","WebAppSanityPackage.GuidedTour","WebAppSanityPackage.GuidedTour","test19_maybelater","Then User is able to explore the guided tour after sometimes",""
"passed","Sat Nov 08 21:34:43 UTC 2025","Sat Nov 08 21:34:44 UTC 2025","305","HabitNuWebAppSuite","HabitNuWebAppRegression","WebAppSanityPackage.HomePage","WebAppSanityPackage.HomePage","testExploreSectionItemsAreVisible","Verify all items in the 'Explore' section are visible",""
"passed","Sat Nov 08 22:06:14 UTC 2025","Sat Nov 08 22:06:19 UTC 2025","4198","HabitNuWebAppSuite","HabitNuWebAppRegression","WebAppSanityPackage.habiRecipe","WebAppSanityPackage.habiRecipe","Case17","Selecting the  Generated Recipe of diet type and Logging It",""
"passed","Sat Nov 08 21:58:38 UTC 2025","Sat Nov 08 21:58:45 UTC 2025","7316","HabitNuWebAppSuite","HabitNuWebAppRegression","WebAppSanityPackage.foodGrouping","WebAppSanityPackage.foodGrouping","case2","Create Meal in My Meals Section",""
"passed","Sat Nov 08 21:52:02 UTC 2025","Sat Nov 08 21:52:03 UTC 2025","1051","HabitNuWebAppSuite","HabitNuWebAppRegression","WebAppSanityPackage.ExerciseSection","WebAppSanityPackage.ExerciseSection","case13","verify decimal data as others in exercise section",""
"passed","Sat Nov 08 21:46:02 UTC 2025","Sat Nov 08 21:46:04 UTC 2025","2645","HabitNuWebAppSuite","HabitNuWebAppRegression","WebAppSanityPackage.ChatandNotificationsClass","WebAppSanityPackage.ChatandNotificationsClass","case4","Without typing the message click on enter",""
"passed","Sat Nov 08 21:53:14 UTC 2025","Sat Nov 08 21:53:14 UTC 2025","273","HabitNuWebAppSuite","HabitNuWebAppRegression","WebAppSanityPackage.WebAppClass","WebAppSanityPackage.WebAppClass","case27","Validating data from View Food Log section",""
"passed","Sat Nov 08 21:44:55 UTC 2025","Sat Nov 08 21:44:55 UTC 2025","228","HabitNuWebAppSuite","HabitNuWebAppRegression","WebAppSanityPackage.ProfileAppClass","WebAppSanityPackage.ProfileAppClass","case79","Click directly on Change Password without entering any data",""
"passed","Sat Nov 08 22:17:24 UTC 2025","Sat Nov 08 22:17:25 UTC 2025","116","HabitNuWebAppSuite","HabitNuWebAppRegression","WebAppSanityPackage.GuidedTour","WebAppSanityPackage.GuidedTour","test17_homepage","Then user is navigating to home page once the tour is done",""
"passed","Sat Nov 08 21:59:33 UTC 2025","Sat Nov 08 21:59:43 UTC 2025","10034","HabitNuWebAppSuite","HabitNuWebAppRegression","WebAppSanityPackage.foodGrouping","WebAppSanityPackage.foodGrouping","case8","add Meal to Dinner",""
"passed","Sat Nov 08 21:37:42 UTC 2025","Sat Nov 08 21:37:43 UTC 2025","567","HabitNuWebAppSuite","HabitNuWebAppRegression","WebAppSanityPackage.HomePage","WebAppSanityPackage.HomePage","testDeleteExercise","Verify the Exercise progress bar delete Exercise",""
"passed","Sat Nov 08 21:39:18 UTC 2025","Sat Nov 08 21:39:19 UTC 2025","582","HabitNuWebAppSuite","HabitNuWebAppRegression","WebAppSanityPackage.BloodPressure_Section","WebAppSanityPackage.BloodPressure_Section","case3","Verify No data added for last 30 days",""
"passed","Sat Nov 08 21:57:22 UTC 2025","Sat Nov 08 21:57:24 UTC 2025","2271","HabitNuWebAppSuite","HabitNuWebAppRegression","WebAppSanityPackage.waterLog","WebAppSanityPackage.waterLog","case7","Custom Water Log",""
"passed","Sat Nov 08 21:51:37 UTC 2025","Sat Nov 08 21:51:48 UTC 2025","10874","HabitNuWebAppSuite","HabitNuWebAppRegression","WebAppSanityPackage.ExerciseSection","WebAppSanityPackage.ExerciseSection","case4","verify added today data in exercise section and verify total exercise per day",""
"passed","Sat Nov 08 21:56:27 UTC 2025","Sat Nov 08 21:56:27 UTC 2025","254","HabitNuWebAppSuite","HabitNuWebAppRegression","WebAppSanityPackage.Hba1c","WebAppSanityPackage.Hba1c","setTargetMoreThan99","enter target more than 14 and assert messages",""
"passed","Sat Nov 08 21:56:10 UTC 2025","Sat Nov 08 21:56:20 UTC 2025","9478","HabitNuWebAppSuite","HabitNuWebAppRegression","WebAppSanityPackage.Hba1c","WebAppSanityPackage.Hba1c","case10","edit data in Hba1c section",""
"passed","Sat Nov 08 21:56:27 UTC 2025","Sat Nov 08 21:56:27 UTC 2025","281","HabitNuWebAppSuite","HabitNuWebAppRegression","WebAppSanityPackage.Hba1c","WebAppSanityPackage.Hba1c","setValidTarget","enter valid Target",""
"passed","Sat Nov 08 21:41:45 UTC 2025","Sat Nov 08 21:41:50 UTC 2025","4304","HabitNuWebAppSuite","HabitNuWebAppRegression","WebAppSanityPackage.TobaccoSection","WebAppSanityPackage.TobaccoSection","case24","verify negative data in Tobocco count section",""
"passed","Sat Nov 08 22:00:38 UTC 2025","Sat Nov 08 22:00:50 UTC 2025","12197","HabitNuWebAppSuite","HabitNuWebAppRegression","WebAppSanityPackage.foodGrouping","WebAppSanityPackage.foodGrouping","case14","Add food item to Dinner section",""
"passed","Sat Nov 08 21:53:10 UTC 2025","Sat Nov 08 21:53:12 UTC 2025","1867","HabitNuWebAppSuite","HabitNuWebAppRegression","WebAppSanityPackage.WebAppClass","WebAppSanityPackage.WebAppClass","case23","Deleting the Food from Frequent section",""
"passed","Sat Nov 08 21:41:56 UTC 2025","Sat Nov 08 21:42:01 UTC 2025","5348","HabitNuWebAppSuite","HabitNuWebAppRegression","WebAppSanityPackage.DiscussAppClass","WebAppSanityPackage.DiscussAppClass","case1","Post a message with subject and description (should allow posting)",""
"broken","Sat Nov 08 22:14:49 UTC 2025","Sat Nov 08 22:14:59 UTC 2025","10256","HabitNuWebAppSuite","HabitNuWebAppRegression","WebAppSanityPackage.Medication","WebAppSanityPackage.Medication","case34","Medication Log History ",""
"passed","Sat Nov 08 22:08:43 UTC 2025","Sat Nov 08 22:08:57 UTC 2025","13429","HabitNuWebAppSuite","HabitNuWebAppRegression","WebAppSanityPackage.habiRecipe","WebAppSanityPackage.habiRecipe","case43"," All the Preferences",""
"broken","Sat Nov 08 21:37:31 UTC 2025","Sat Nov 08 21:37:42 UTC 2025","10523","HabitNuWebAppSuite","HabitNuWebAppRegression","WebAppSanityPackage.HomePage","WebAppSanityPackage.HomePage","testDeleteWeights","Verify the Weight progress bar delete weights",""
"passed","Sat Nov 08 21:39:31 UTC 2025","Sat Nov 08 21:39:31 UTC 2025","195","HabitNuWebAppSuite","HabitNuWebAppRegression","WebAppSanityPackage.BloodPressure_Section","WebAppSanityPackage.BloodPressure_Section","case6","Verify last added monthly and yesterday's data in details page in Blood Pressure section",""
"passed","Sat Nov 08 21:42:57 UTC 2025","Sat Nov 08 21:42:57 UTC 2025","675","HabitNuWebAppSuite","HabitNuWebAppRegression","WebAppSanityPackage.ProfileAppClass","WebAppSanityPackage.ProfileAppClass","uploadInvalidProfilePicture","Try adding PDF as profile picture → should NOT allow",""
"passed","Sat Nov 08 21:43:52 UTC 2025","Sat Nov 08 21:43:54 UTC 2025","1458","HabitNuWebAppSuite","HabitNuWebAppRegression","WebAppSanityPackage.ProfileAppClass","WebAppSanityPackage.ProfileAppClass","case47","Add Waist (in inches) as valid number and save",""
"passed","Sat Nov 08 21:43:34 UTC 2025","Sat Nov 08 21:43:35 UTC 2025","354","HabitNuWebAppSuite","HabitNuWebAppRegression","WebAppSanityPackage.ProfileAppClass","WebAppSanityPackage.ProfileAppClass","keepStateBlankAndSave","Keep State as blank and save → Should show validation error",""
"passed","Sat Nov 08 22:15:28 UTC 2025","Sat Nov 08 22:15:30 UTC 2025","1912","HabitNuWebAppSuite","HabitNuWebAppRegression","WebAppSanityPackage.Myrecipes","WebAppSanityPackage.Myrecipes","test14_logrecipes","And user is able to log the recipes",""
"passed","Sat Nov 08 21:44:02 UTC 2025","Sat Nov 08 21:44:02 UTC 2025","204","HabitNuWebAppSuite","HabitNuWebAppRegression","WebAppSanityPackage.ProfileAppClass","WebAppSanityPackage.ProfileAppClass","case56","Click on close without editting Health parameters",""
"passed","Sat Nov 08 21:48:50 UTC 2025","Sat Nov 08 21:48:51 UTC 2025","819","HabitNuWebAppSuite","HabitNuWebAppRegression","WebAppSanityPackage.HabitsAppClass","WebAppSanityPackage.HabitsAppClass","case27","Click on Archive and add the habit to archive",""
"passed","Sat Nov 08 21:47:42 UTC 2025","Sat Nov 08 21:47:44 UTC 2025","2254","HabitNuWebAppSuite","HabitNuWebAppRegression","WebAppSanityPackage.HabitsAppClass","WebAppSanityPackage.HabitsAppClass","case9","Click on Edit and edit the habit",""
"passed","Sat Nov 08 21:42:06 UTC 2025","Sat Nov 08 21:42:12 UTC 2025","5397","HabitNuWebAppSuite","HabitNuWebAppRegression","WebAppSanityPackage.DiscussAppClass","WebAppSanityPackage.DiscussAppClass","case6","Upload only a file (should not allow)",""
"passed","Sat Nov 08 21:50:24 UTC 2025","Sat Nov 08 21:50:35 UTC 2025","11139","HabitNuWebAppSuite","HabitNuWebAppRegression","WebAppSanityPackage.Sugar_Section","WebAppSanityPackage.Sugar_Section","case13","add yesterday's Blood Sugar n it should show last added data After Meal",""
"passed","Sat Nov 08 22:11:14 UTC 2025","Sat Nov 08 22:11:15 UTC 2025","1076","HabitNuWebAppSuite","HabitNuWebAppRegression","WebAppSanityPackage.WebAppHealth_WeightSection","WebAppSanityPackage.WebAppHealth_WeightSection","placeHolderOfTobaccoCountValueInputBox","verify placeholder - weight ",""
"broken","Sat Nov 08 21:44:09 UTC 2025","Sat Nov 08 21:44:11 UTC 2025","2398","HabitNuWebAppSuite","HabitNuWebAppRegression","WebAppSanityPackage.ProfileAppClass","WebAppSanityPackage.ProfileAppClass","case66","Upload a file more than 15 MB",""
"passed","Sat Nov 08 21:40:14 UTC 2025","Sat Nov 08 21:40:14 UTC 2025","273","HabitNuWebAppSuite","HabitNuWebAppRegression","WebAppSanityPackage.TobaccoSection","WebAppSanityPackage.TobaccoSection","case10_editTargetWithNegatives","edit -  negative target values and assert messages",""
"passed","Sat Nov 08 22:15:22 UTC 2025","Sat Nov 08 22:15:24 UTC 2025","2175","HabitNuWebAppSuite","HabitNuWebAppRegression","WebAppSanityPackage.Myrecipes","WebAppSanityPackage.Myrecipes","test9_addcustomingredient","When user is able to add custom ingredient",""
"passed","Sat Nov 08 22:07:40 UTC 2025","Sat Nov 08 22:07:45 UTC 2025","4766","HabitNuWebAppSuite","HabitNuWebAppRegression","WebAppSanityPackage.habiRecipe","WebAppSanityPackage.habiRecipe","Case26","Selecting the Generated Recipe and Logging It",""
"passed","Sat Nov 08 21:57:30 UTC 2025","Sat Nov 08 21:57:33 UTC 2025","3335","HabitNuWebAppSuite","HabitNuWebAppRegression","WebAppSanityPackage.waterLog","WebAppSanityPackage.waterLog","case13","237 ml Water Log",""
"passed","Sat Nov 08 21:51:24 UTC 2025","Sat Nov 08 21:51:25 UTC 2025","362","HabitNuWebAppSuite","HabitNuWebAppRegression","WebAppSanityPackage.ExerciseSection","WebAppSanityPackage.ExerciseSection","BeditTargetWithBlankValue","edit -  Exercise cannot be blank",""
"passed","Sat Nov 08 21:45:15 UTC 2025","Sat Nov 08 21:45:16 UTC 2025","700","HabitNuWebAppSuite","HabitNuWebAppRegression","WebAppSanityPackage.ProfileAppClass","WebAppSanityPackage.ProfileAppClass","case92","Sign out and validate Terms of Use link visible",""
"passed","Sat Nov 08 21:35:06 UTC 2025","Sat Nov 08 21:35:07 UTC 2025","1703","HabitNuWebAppSuite","HabitNuWebAppRegression","WebAppSanityPackage.HomePage","WebAppSanityPackage.HomePage","testDiscussionPage","Verify the Discussion Section content and functionality",""
"passed","Sat Nov 08 21:49:53 UTC 2025","Sat Nov 08 21:50:04 UTC 2025","10769","HabitNuWebAppSuite","HabitNuWebAppRegression","WebAppSanityPackage.Sugar_Section","WebAppSanityPackage.Sugar_Section","case8","Verify No data added for last 30 days",""
"passed","Sat Nov 08 22:11:48 UTC 2025","Sat Nov 08 22:11:51 UTC 2025","2831","HabitNuWebAppSuite","HabitNuWebAppRegression","WebAppSanityPackage.WebAppHealth_WeightSection","WebAppSanityPackage.WebAppHealth_WeightSection","graphcase2","Load web app -> Click on Health section -> Weight section -> click on three lines -> Click on graph -> click on filter as last month",""
"passed","Sat Nov 08 21:41:50 UTC 2025","Sat Nov 08 21:41:50 UTC 2025","478","HabitNuWebAppSuite","HabitNuWebAppRegression","WebAppSanityPackage.TobaccoSection","WebAppSanityPackage.TobaccoSection","case25","verify data should not be more than 100000 in Tobocco count section,Systolic should not be grater than 250",""
"passed","Sat Nov 08 21:44:02 UTC 2025","Sat Nov 08 21:44:03 UTC 2025","707","HabitNuWebAppSuite","HabitNuWebAppRegression","WebAppSanityPackage.ProfileAppClass","WebAppSanityPackage.ProfileAppClass","validateHealthParametersFields","Validate presence and absence of fields in Health Parameters section",""
"passed","Sat Nov 08 22:07:07 UTC 2025","Sat Nov 08 22:07:13 UTC 2025","5962","HabitNuWebAppSuite","HabitNuWebAppRegression","WebAppSanityPackage.habiRecipe","WebAppSanityPackage.habiRecipe","case23","Micronutrient considerations",""
"passed","Sat Nov 08 21:44:03 UTC 2025","Sat Nov 08 21:44:06 UTC 2025","2856","HabitNuWebAppSuite","HabitNuWebAppRegression","WebAppSanityPackage.ProfileAppClass","WebAppSanityPackage.ProfileAppClass","case62","Click on Upload/View files section",""
"passed","Sat Nov 08 21:42:01 UTC 2025","Sat Nov 08 21:42:02 UTC 2025","308","HabitNuWebAppSuite","HabitNuWebAppRegression","WebAppSanityPackage.DiscussAppClass","WebAppSanityPackage.DiscussAppClass","case2","Post a message with subject only (should show error)",""
"passed","Sat Nov 08 22:04:00 UTC 2025","Sat Nov 08 22:04:17 UTC 2025","17079","HabitNuWebAppSuite","HabitNuWebAppRegression","WebAppSanityPackage.habiRecipe","WebAppSanityPackage.habiRecipe","Case4","Generate Recipe",""
"passed","Sat Nov 08 21:52:06 UTC 2025","Sat Nov 08 21:52:14 UTC 2025","7312","HabitNuWebAppSuite","HabitNuWebAppRegression","WebAppSanityPackage.WebAppClass","WebAppSanityPackage.WebAppClass","case1","Click on add food and add the food - Breakfast",""
"passed","Sat Nov 08 21:51:25 UTC 2025","Sat Nov 08 21:51:25 UTC 2025","381","HabitNuWebAppSuite","HabitNuWebAppRegression","WebAppSanityPackage.ExerciseSection","WebAppSanityPackage.ExerciseSection","setNegativeTarget","enter negative target values and assert messages",""
"passed","Sat Nov 08 22:07:13 UTC 2025","Sat Nov 08 22:07:33 UTC 2025","20041","HabitNuWebAppSuite","HabitNuWebAppRegression","WebAppSanityPackage.habiRecipe","WebAppSanityPackage.habiRecipe","case24","Generate New Recipe for Micronutrient considerations",""
"broken","Sat Nov 08 22:03:44 UTC 2025","Sat Nov 08 22:04:00 UTC 2025","15723","HabitNuWebAppSuite","HabitNuWebAppRegression","WebAppSanityPackage.habiRecipe","WebAppSanityPackage.habiRecipe","case3","Add Ingredients",""
"passed","Sat Nov 08 22:10:05 UTC 2025","Sat Nov 08 22:10:07 UTC 2025","1465","HabitNuWebAppSuite","HabitNuWebAppRegression","WebAppSanityPackage.recipeBuilder","WebAppSanityPackage.recipeBuilder","searchForRecipe","Verify recipe loads upon searching and validate them",""
"passed","Sat Nov 08 22:13:54 UTC 2025","Sat Nov 08 22:13:54 UTC 2025","312","HabitNuWebAppSuite","HabitNuWebAppRegression","WebAppSanityPackage.Medication","WebAppSanityPackage.Medication","case25","Before Food or After Food Selection",""
"passed","Sat Nov 08 21:52:31 UTC 2025","Sat Nov 08 21:52:36 UTC 2025","5795","HabitNuWebAppSuite","HabitNuWebAppRegression","WebAppSanityPackage.WebAppClass","WebAppSanityPackage.WebAppClass","case9","Click on View Food Log, and add food - Breakfast via all section",""
"passed","Sat Nov 08 21:40:05 UTC 2025","Sat Nov 08 21:40:06 UTC 2025","345","HabitNuWebAppSuite","HabitNuWebAppRegression","WebAppSanityPackage.TobaccoSection","WebAppSanityPackage.TobaccoSection","case3_ditTargetWithBlankValue","edit -  tobacco cannot be blank",""
"failed","Sat Nov 08 21:43:46 UTC 2025","Sat Nov 08 21:43:48 UTC 2025","1938","HabitNuWebAppSuite","HabitNuWebAppRegression","WebAppSanityPackage.ProfileAppClass","WebAppSanityPackage.ProfileAppClass","addValidHeightAndSave","Add valid Height and save",""
"broken","Sat Nov 08 21:56:22 UTC 2025","Sat Nov 08 21:56:23 UTC 2025","1087","HabitNuWebAppSuite","HabitNuWebAppRegression","WebAppSanityPackage.Hba1c","WebAppSanityPackage.Hba1c","setTarget","enter target values and do click on 'x' mark and do not save",""
"passed","Sat Nov 08 22:11:39 UTC 2025","Sat Nov 08 22:11:41 UTC 2025","2104","HabitNuWebAppSuite","HabitNuWebAppRegression","WebAppSanityPackage.WebAppHealth_WeightSection","WebAppSanityPackage.WebAppHealth_WeightSection","case8","Add data as blank",""
"passed","Sat Nov 08 22:17:25 UTC 2025","Sat Nov 08 22:17:26 UTC 2025","1885","HabitNuWebAppSuite","HabitNuWebAppRegression","WebAppSanityPackage.GuidedTour","WebAppSanityPackage.GuidedTour","test18_skiptour","When User is able to skip the guided tour",""
"passed","Sat Nov 08 22:10:16 UTC 2025","Sat Nov 08 22:10:16 UTC 2025","666","HabitNuWebAppSuite","HabitNuWebAppRegression","WebAppSanityPackage.recipeBuilder","WebAppSanityPackage.recipeBuilder","ClickViewFullRecipeToViewFullRecipe","verify 'View Full Recipe' recipe button",""
"passed","Sat Nov 08 21:57:13 UTC 2025","Sat Nov 08 21:57:17 UTC 2025","3284","HabitNuWebAppSuite","HabitNuWebAppRegression","WebAppSanityPackage.waterLog","WebAppSanityPackage.waterLog","case2","8 oz Water Log",""
"passed","Sat Nov 08 21:40:07 UTC 2025","Sat Nov 08 21:40:10 UTC 2025","3283","HabitNuWebAppSuite","HabitNuWebAppRegression","WebAppSanityPackage.TobaccoSection","WebAppSanityPackage.TobaccoSection","case8_editTargetValid","edit Target - valid",""
"broken","Sat Nov 08 22:10:22 UTC 2025","Sat Nov 08 22:10:22 UTC 2025","34","HabitNuWebAppSuite","HabitNuWebAppRegression","WebAppSanityPackage.recipeBuilder","WebAppSanityPackage.recipeBuilder","verifyFavoriteRecipesByRecipeName","verify favorite food list under Food> by Recipe Name",""
"passed","Sat Nov 08 21:48:50 UTC 2025","Sat Nov 08 21:48:50 UTC 2025","259","HabitNuWebAppSuite","HabitNuWebAppRegression","WebAppSanityPackage.HabitsAppClass","WebAppSanityPackage.HabitsAppClass","case25","Click on Calender and close it without making changes",""
"passed","Sat Nov 08 21:34:43 UTC 2025","Sat Nov 08 21:34:43 UTC 2025","77","HabitNuWebAppSuite","HabitNuWebAppRegression","WebAppSanityPackage.HomePage","WebAppSanityPackage.HomePage","testWelcomeMessageIsDisplayed","Verify the personalized welcome message is displayed",""
"passed","Sat Nov 08 21:51:59 UTC 2025","Sat Nov 08 21:51:59 UTC 2025","211","HabitNuWebAppSuite","HabitNuWebAppRegression","WebAppSanityPackage.ExerciseSection","WebAppSanityPackage.ExerciseSection","case10","verify others data",""
"passed","Sat Nov 08 22:11:45 UTC 2025","Sat Nov 08 22:11:46 UTC 2025","791","HabitNuWebAppSuite","HabitNuWebAppRegression","WebAppSanityPackage.WebAppHealth_WeightSection","WebAppSanityPackage.WebAppHealth_WeightSection","case12","Add data as double weight",""
"passed","Sat Nov 08 22:11:38 UTC 2025","Sat Nov 08 22:11:39 UTC 2025","190","HabitNuWebAppSuite","HabitNuWebAppRegression","WebAppSanityPackage.WebAppHealth_WeightSection","WebAppSanityPackage.WebAppHealth_WeightSection","case6","verify multiple added today data with 998",""
"passed","Sat Nov 08 21:49:09 UTC 2025","Sat Nov 08 21:49:09 UTC 2025","357","HabitNuWebAppSuite","HabitNuWebAppRegression","WebAppSanityPackage.Sugar_Section","WebAppSanityPackage.Sugar_Section","setNegativeSystolicTarget","enter negative High target values and assert messages",""
"passed","Sat Nov 08 21:42:59 UTC 2025","Sat Nov 08 21:42:59 UTC 2025","149","HabitNuWebAppSuite","HabitNuWebAppRegression","WebAppSanityPackage.ProfileAppClass","WebAppSanityPackage.ProfileAppClass","editBasicInfo","Click 'Edit' on Basic information → enter edit mode",""
"passed","Sat Nov 08 22:17:05 UTC 2025","Sat Nov 08 22:17:07 UTC 2025","1824","HabitNuWebAppSuite","HabitNuWebAppRegression","WebAppSanityPackage.GuidedTour","WebAppSanityPackage.GuidedTour","test8_validatingtourpage1","And user is validating the first slide of the tour page",""
"passed","Sat Nov 08 21:34:44 UTC 2025","Sat Nov 08 21:34:44 UTC 2025","227","HabitNuWebAppSuite","HabitNuWebAppRegression","WebAppSanityPackage.HomePage","WebAppSanityPackage.HomePage","testdiscussionHeaderElementsAreClickable","Verify all items in the 'Explore' section are visible and clickable in discussion Dropedown",""
"passed","Sat Nov 08 22:12:15 UTC 2025","Sat Nov 08 22:12:15 UTC 2025","220","HabitNuWebAppSuite","HabitNuWebAppRegression","WebAppSanityPackage.Medication","WebAppSanityPackage.Medication","case3","Adding Strength",""
"passed","Sat Nov 08 21:47:44 UTC 2025","Sat Nov 08 21:47:55 UTC 2025","10579","HabitNuWebAppSuite","HabitNuWebAppRegression","WebAppSanityPackage.HabitsAppClass","WebAppSanityPackage.HabitsAppClass","case10","Click on Calender and edit  and save the details",""
"passed","Sat Nov 08 22:12:15 UTC 2025","Sat Nov 08 22:12:15 UTC 2025","280","HabitNuWebAppSuite","HabitNuWebAppRegression","WebAppSanityPackage.Medication","WebAppSanityPackage.Medication","case5","Creating new Medications details like selecting Type/Form.",""
"passed","Sat Nov 08 21:42:36 UTC 2025","Sat Nov 08 21:42:36 UTC 2025","130","HabitNuWebAppSuite","HabitNuWebAppRegression","WebAppSanityPackage.DiscussAppClass","WebAppSanityPackage.DiscussAppClass","case17","Click on + button of coaches ( it should list all coaches)",""
"passed","Sat Nov 08 22:09:21 UTC 2025","Sat Nov 08 22:09:26 UTC 2025","5184","HabitNuWebAppSuite","HabitNuWebAppRegression","WebAppSanityPackage.habiRecipe","WebAppSanityPackage.habiRecipe","Case45","Selecting the  Generated Recipe of All recipes and Logging It",""
"passed","Sat Nov 08 21:43:24 UTC 2025","Sat Nov 08 21:43:24 UTC 2025","482","HabitNuWebAppSuite","HabitNuWebAppRegression","WebAppSanityPackage.ProfileAppClass","WebAppSanityPackage.ProfileAppClass","blankContactNumberValidation","Keep contact number blank → Show validation error",""
"passed","Sat Nov 08 21:55:58 UTC 2025","Sat Nov 08 21:55:59 UTC 2025","211","HabitNuWebAppSuite","HabitNuWebAppRegression","WebAppSanityPackage.Hba1c","WebAppSanityPackage.Hba1c","case6","Verify last added monthly and yesterday's data in details page in Hba1c section",""
"passed","Sat Nov 08 21:47:41 UTC 2025","Sat Nov 08 21:47:41 UTC 2025","273","HabitNuWebAppSuite","HabitNuWebAppRegression","WebAppSanityPackage.HabitsAppClass","WebAppSanityPackage.HabitsAppClass","case7","Single click on habit button and mark a red",""
"passed","Sat Nov 08 21:39:17 UTC 2025","Sat Nov 08 21:39:18 UTC 2025","1368","HabitNuWebAppSuite","HabitNuWebAppRegression","WebAppSanityPackage.BloodPressure_Section","WebAppSanityPackage.BloodPressure_Section","case2","Click on Blood Pressure , click on add new button and add blood for last year and and Total minutes of the day should be 0",""
"passed","Sat Nov 08 21:39:34 UTC 2025","Sat Nov 08 21:39:35 UTC 2025","1337","HabitNuWebAppSuite","HabitNuWebAppRegression","WebAppSanityPackage.BloodPressure_Section","WebAppSanityPackage.BloodPressure_Section","case14","edit data in blood sugar section",""
"passed","Sat Nov 08 22:10:22 UTC 2025","Sat Nov 08 22:10:25 UTC 2025","2577","HabitNuWebAppSuite","HabitNuWebAppRegression","WebAppSanityPackage.recipeBuilder","WebAppSanityPackage.recipeBuilder","verifyFavoriteRecipesByRecipeCal","verify favorite food list under Food > by Recipe Calories",""
"passed","Sat Nov 08 21:59:03 UTC 2025","Sat Nov 08 21:59:06 UTC 2025","2396","HabitNuWebAppSuite","HabitNuWebAppRegression","WebAppSanityPackage.foodGrouping","WebAppSanityPackage.foodGrouping","case5","Verify the created group name in Food Group section and Log it",""
"passed","Sat Nov 08 21:40:50 UTC 2025","Sat Nov 08 21:40:52 UTC 2025","1953","HabitNuWebAppSuite","HabitNuWebAppRegression","WebAppSanityPackage.TobaccoSection","WebAppSanityPackage.TobaccoSection","case20_case51e","verify added today data in tobacco section ",""
"passed","Sat Nov 08 21:46:38 UTC 2025","Sat Nov 08 21:46:49 UTC 2025","10571","HabitNuWebAppSuite","HabitNuWebAppRegression","WebAppSanityPackage.ChatandNotificationsClass","WebAppSanityPackage.ChatandNotificationsClass","case11","HabitNu: This is a reminder for you to keep stepping on your scale, recording your meals, and logging your activity! Check in on our discussion forum to stay in touch with your coach and other Team members!",""
"passed","Sat Nov 08 21:54:58 UTC 2025","Sat Nov 08 21:55:00 UTC 2025","1606","HabitNuWebAppSuite","HabitNuWebAppRegression","WebAppSanityPackage.Login","WebAppSanityPackage.Login","testForgotPasswordFlow","Verify the 'Forgot Password' flow sends a reset link",""
"passed","Sat Nov 08 21:50:23 UTC 2025","Sat Nov 08 21:50:24 UTC 2025","1400","HabitNuWebAppSuite","HabitNuWebAppRegression","WebAppSanityPackage.Sugar_Section","WebAppSanityPackage.Sugar_Section","case12","add yesterday's Blood Sugar n it should show last added data Fasting",""
"passed","Sat Nov 08 21:44:56 UTC 2025","Sat Nov 08 21:44:57 UTC 2025","1616","HabitNuWebAppSuite","HabitNuWebAppRegression","WebAppSanityPackage.ProfileAppClass","WebAppSanityPackage.ProfileAppClass","case81","Enter new password only and click Change Password",""
"passed","Sat Nov 08 21:47:15 UTC 2025","Sat Nov 08 21:47:23 UTC 2025","7878","HabitNuWebAppSuite","HabitNuWebAppRegression","WebAppSanityPackage.HabitsAppClass","WebAppSanityPackage.HabitsAppClass","case4","click on forward arrowmark it should take you to current week",""
"passed","Sat Nov 08 21:42:46 UTC 2025","Sat Nov 08 21:42:50 UTC 2025","4743","HabitNuWebAppSuite","HabitNuWebAppRegression","WebAppSanityPackage.ProfileAppClass","WebAppSanityPackage.ProfileAppClass","openProfileDropdown","Click profile picture dropdown (should display dropdown options)",""
"passed","Sat Nov 08 21:51:24 UTC 2025","Sat Nov 08 21:51:24 UTC 2025","244","HabitNuWebAppSuite","HabitNuWebAppRegression","WebAppSanityPackage.ExerciseSection","WebAppSanityPackage.ExerciseSection","AsetTarget","enter target values and do click on 'x' mark and do not save",""
"passed","Sat Nov 08 21:56:27 UTC 2025","Sat Nov 08 21:56:31 UTC 2025","3209","HabitNuWebAppSuite","HabitNuWebAppRegression","WebAppSanityPackage.Hba1c","WebAppSanityPackage.Hba1c","editTargetButDoNotSave","edit target values and do click on 'x' mark and do not save",""
"broken","Sat Nov 08 22:15:25 UTC 2025","Sat Nov 08 22:15:26 UTC 2025","556","HabitNuWebAppSuite","HabitNuWebAppRegression","WebAppSanityPackage.Myrecipes","WebAppSanityPackage.Myrecipes","test12_savedrecipes","And user is able to save created recipes",""
"passed","Sat Nov 08 21:39:06 UTC 2025","Sat Nov 08 21:39:07 UTC 2025","356","HabitNuWebAppSuite","HabitNuWebAppRegression","WebAppSanityPackage.BloodPressure_Section","WebAppSanityPackage.BloodPressure_Section","setNegativeDiastolicTarget","enter negative Diastolic target values and assert messages",""
"passed","Sat Nov 08 22:06:23 UTC 2025","Sat Nov 08 22:06:29 UTC 2025","5932","HabitNuWebAppSuite","HabitNuWebAppRegression","WebAppSanityPackage.habiRecipe","WebAppSanityPackage.habiRecipe","case19","Macronutrient considerations",""
"passed","Sat Nov 08 21:39:31 UTC 2025","Sat Nov 08 21:39:32 UTC 2025","514","HabitNuWebAppSuite","HabitNuWebAppRegression","WebAppSanityPackage.BloodPressure_Section","WebAppSanityPackage.BloodPressure_Section","case7","verify blank data in Blood Pressure section",""
"passed","Sat Nov 08 21:41:14 UTC 2025","Sat Nov 08 21:41:25 UTC 2025","11247","HabitNuWebAppSuite","HabitNuWebAppRegression","WebAppSanityPackage.TobaccoSection","WebAppSanityPackage.TobaccoSection","case22","Click on tobacco , click on add new button and add tobacco for last month and and Total count of the day should be 0",""
"passed","Sat Nov 08 22:13:23 UTC 2025","Sat Nov 08 22:13:23 UTC 2025","284","HabitNuWebAppSuite","HabitNuWebAppRegression","WebAppSanityPackage.Medication","WebAppSanityPackage.Medication","Case17validateMedicationFieldRequired","TC: Keep the Medication field empty and save",""
"passed","Sat Nov 08 22:14:17 UTC 2025","Sat Nov 08 22:14:28 UTC 2025","10603","HabitNuWebAppSuite","HabitNuWebAppRegression","WebAppSanityPackage.Medication","WebAppSanityPackage.Medication","case31","Weight loss medication Review",""
"passed","Sat Nov 08 21:41:25 UTC 2025","Sat Nov 08 21:41:45 UTC 2025","20317","HabitNuWebAppSuite","HabitNuWebAppRegression","WebAppSanityPackage.TobaccoSection","WebAppSanityPackage.TobaccoSection","case23","verify blank data in Tobacco section",""
"passed","Sat Nov 08 21:43:52 UTC 2025","Sat Nov 08 21:43:52 UTC 2025","470","HabitNuWebAppSuite","HabitNuWebAppRegression","WebAppSanityPackage.ProfileAppClass","WebAppSanityPackage.ProfileAppClass","case46","Add Waist (in inches) as letters and save",""
"passed","Sat Nov 08 22:02:56 UTC 2025","Sat Nov 08 22:03:15 UTC 2025","19039","HabitNuWebAppSuite","HabitNuWebAppRegression","WebAppSanityPackage.foodGrouping","WebAppSanityPackage.foodGrouping","case25","Create new 'My Meal' group, add random items, edit group name with edge cases, and validate",""
"passed","Sat Nov 08 21:39:13 UTC 2025","Sat Nov 08 21:39:17 UTC 2025","3685","HabitNuWebAppSuite","HabitNuWebAppRegression","WebAppSanityPackage.BloodPressure_Section","WebAppSanityPackage.BloodPressure_Section","case1","Click on health tab and verify no data recorded yet in Blood Pressure section",""
"passed","Sat Nov 08 22:05:06 UTC 2025","Sat Nov 08 22:05:10 UTC 2025","4462","HabitNuWebAppSuite","HabitNuWebAppRegression","WebAppSanityPackage.habiRecipe","WebAppSanityPackage.habiRecipe","Case9","Selecting the  Generated Recipe of Dietary restrictions and Logging It",""
"passed","Sat Nov 08 22:13:23 UTC 2025","Sat Nov 08 22:13:28 UTC 2025","4779","HabitNuWebAppSuite","HabitNuWebAppRegression","WebAppSanityPackage.Medication","WebAppSanityPackage.Medication","Case18addValidMedicationName","TC11: Add valid Medication name and save",""
"passed","Sat Nov 08 22:04:39 UTC 2025","Sat Nov 08 22:05:06 UTC 2025","27400","HabitNuWebAppSuite","HabitNuWebAppRegression","WebAppSanityPackage.habiRecipe","WebAppSanityPackage.habiRecipe","case8","Generate New Recipe for Dietary restrictions",""
"passed","Sat Nov 08 22:11:18 UTC 2025","Sat Nov 08 22:11:18 UTC 2025","236","HabitNuWebAppSuite","HabitNuWebAppRegression","WebAppSanityPackage.WebAppHealth_WeightSection","WebAppSanityPackage.WebAppHealth_WeightSection","editTargetValid","edit Target - valid",""
"passed","Sat Nov 08 21:51:10 UTC 2025","Sat Nov 08 21:51:24 UTC 2025","14423","HabitNuWebAppSuite","HabitNuWebAppRegression","WebAppSanityPackage.ExerciseSection","WebAppSanityPackage.ExerciseSection","noTargetSet","verify no target case",""
"passed","Sat Nov 08 21:47:58 UTC 2025","Sat Nov 08 21:48:00 UTC 2025","2785","HabitNuWebAppSuite","HabitNuWebAppRegression","WebAppSanityPackage.HabitsAppClass","WebAppSanityPackage.HabitsAppClass","case13","Click on Archive and add the habit to archive",""
"passed","Sat Nov 08 21:49:21 UTC 2025","Sat Nov 08 21:49:29 UTC 2025","7771","HabitNuWebAppSuite","HabitNuWebAppRegression","WebAppSanityPackage.Sugar_Section","WebAppSanityPackage.Sugar_Section","case1","Click on health tab and verify no data recorded yet in Blood Sugar section",""
"passed","Sat Nov 08 21:52:40 UTC 2025","Sat Nov 08 21:52:42 UTC 2025","2011","HabitNuWebAppSuite","HabitNuWebAppRegression","WebAppSanityPackage.WebAppClass","WebAppSanityPackage.WebAppClass","case13","Click on View Food Log, Edit a Food Item, Change Date and Save",""
"passed","Sat Nov 08 21:43:31 UTC 2025","Sat Nov 08 21:43:32 UTC 2025","1433","HabitNuWebAppSuite","HabitNuWebAppRegression","WebAppSanityPackage.ProfileAppClass","WebAppSanityPackage.ProfileAppClass","editAddressLine2AndSave","Edit Address line 2 and save",""
"passed","Sat Nov 08 21:43:46 UTC 2025","Sat Nov 08 21:43:46 UTC 2025","297","HabitNuWebAppSuite","HabitNuWebAppRegression","WebAppSanityPackage.ProfileAppClass","WebAppSanityPackage.ProfileAppClass","clickOnEditHealthParameters","Click on Health parameters edit → Should open edit mode",""
"passed","Sat Nov 08 22:13:52 UTC 2025","Sat Nov 08 22:13:52 UTC 2025","165","HabitNuWebAppSuite","HabitNuWebAppRegression","WebAppSanityPackage.Medication","WebAppSanityPackage.Medication","case22","Creating new Medications details like selecting mg or ml.",""
"passed","Sat Nov 08 21:34:42 UTC 2025","Sat Nov 08 21:34:42 UTC 2025","89","HabitNuWebAppSuite","HabitNuWebAppRegression","WebAppSanityPackage.HomePage","WebAppSanityPackage.HomePage","testNotificationBadgeCount","Verify the notification badge count if it exists",""
"passed","Sat Nov 08 21:39:11 UTC 2025","Sat Nov 08 21:39:11 UTC 2025","358","HabitNuWebAppSuite","HabitNuWebAppRegression","WebAppSanityPackage.BloodPressure_Section","WebAppSanityPackage.BloodPressure_Section","editTargetWithNegatives","edit -  negative target values and assert messages",""
"passed","Sat Nov 08 21:45:10 UTC 2025","Sat Nov 08 21:45:10 UTC 2025","415","HabitNuWebAppSuite","HabitNuWebAppRegression","WebAppSanityPackage.ProfileAppClass","WebAppSanityPackage.ProfileAppClass","testToggleNotifications","Toggle notifications On/Off and validate state change",""
"passed","Sat Nov 08 21:43:39 UTC 2025","Sat Nov 08 21:43:39 UTC 2025","466","HabitNuWebAppSuite","HabitNuWebAppRegression","WebAppSanityPackage.ProfileAppClass","WebAppSanityPackage.ProfileAppClass","keepZipcodevalidAndSaveforminus","Keep Zipcode with valid numbers and save → Should show validation error for missing '-' ",""
"passed","Sat Nov 08 21:43:55 UTC 2025","Sat Nov 08 21:43:57 UTC 2025","1381","HabitNuWebAppSuite","HabitNuWebAppRegression","WebAppSanityPackage.ProfileAppClass","WebAppSanityPackage.ProfileAppClass","case49","Add Hips (in inches) as 0 and save",""
"passed","Sat Nov 08 21:59:31 UTC 2025","Sat Nov 08 21:59:33 UTC 2025","1357","HabitNuWebAppSuite","HabitNuWebAppRegression","WebAppSanityPackage.foodGrouping","WebAppSanityPackage.foodGrouping","case7","Verify the created group name in Food Group section and Log it In Lunch",""
"passed","Sat Nov 08 21:57:36 UTC 2025","Sat Nov 08 21:57:38 UTC 2025","1999","HabitNuWebAppSuite","HabitNuWebAppRegression","WebAppSanityPackage.waterLog","WebAppSanityPackage.waterLog","case17","1183 ml Water Log",""
"passed","Sat Nov 08 21:49:40 UTC 2025","Sat Nov 08 21:49:42 UTC 2025","2065","HabitNuWebAppSuite","HabitNuWebAppRegression","WebAppSanityPackage.Sugar_Section","WebAppSanityPackage.Sugar_Section","case4","Click on Blood Sugar , click on add new button and add Blood Sugar After Meal for current year current date ",""
"passed","Sat Nov 08 21:40:38 UTC 2025","Sat Nov 08 21:40:50 UTC 2025","11827","HabitNuWebAppSuite","HabitNuWebAppRegression","WebAppSanityPackage.TobaccoSection","WebAppSanityPackage.TobaccoSection","case19","Click on tobacco , click on add new button and add tobacco for last month and and Total count of the day should be 0",""
"passed","Sat Nov 08 21:40:06 UTC 2025","Sat Nov 08 21:40:07 UTC 2025","228","HabitNuWebAppSuite","HabitNuWebAppRegression","WebAppSanityPackage.TobaccoSection","WebAppSanityPackage.TobaccoSection","case7_setValidTarget","enter valid Target",""
"passed","Sat Nov 08 21:57:50 UTC 2025","Sat Nov 08 21:57:53 UTC 2025","3792","HabitNuWebAppSuite","HabitNuWebAppRegression","WebAppSanityPackage.waterLog","WebAppSanityPackage.waterLog","case19","Validate setting reminders and verifying Wrong timings",""
"passed","Sat Nov 08 21:45:23 UTC 2025","Sat Nov 08 21:45:24 UTC 2025","861","HabitNuWebAppSuite","HabitNuWebAppRegression","WebAppSanityPackage.Weights_lbs_Kgs","WebAppSanityPackage.Weights_lbs_Kgs","case2","Dashboard weights match unit selected",""
"passed","Sat Nov 08 22:02:41 UTC 2025","Sat Nov 08 22:02:45 UTC 2025","3747","HabitNuWebAppSuite","HabitNuWebAppRegression","WebAppSanityPackage.foodGrouping","WebAppSanityPackage.foodGrouping","case22","editing 'My Meal' from existing group, delete items, then cancel",""
"broken","Sat Nov 08 21:44:06 UTC 2025","Sat Nov 08 21:44:09 UTC 2025","2414","HabitNuWebAppSuite","HabitNuWebAppRegression","WebAppSanityPackage.ProfileAppClass","WebAppSanityPackage.ProfileAppClass","case65","Upload the name only and submit",""
"passed","Sat Nov 08 21:34:39 UTC 2025","Sat Nov 08 21:34:42 UTC 2025","3025","HabitNuWebAppSuite","HabitNuWebAppRegression","WebAppSanityPackage.HomePage","WebAppSanityPackage.HomePage","testHeaderElementsAreVisible","Verify all header elements are visible",""
"passed","Sat Nov 08 21:49:42 UTC 2025","Sat Nov 08 21:49:51 UTC 2025","9553","HabitNuWebAppSuite","HabitNuWebAppRegression","WebAppSanityPackage.Sugar_Section","WebAppSanityPackage.Sugar_Section","case5","Click on Blood Sugar , click on add new button and add Blood Sugar fasting for current year current date -1 ",""
"passed","Sat Nov 08 21:49:08 UTC 2025","Sat Nov 08 21:49:09 UTC 2025","760","HabitNuWebAppSuite","HabitNuWebAppRegression","WebAppSanityPackage.Sugar_Section","WebAppSanityPackage.Sugar_Section","setTarget","enter target values and do click on 'x' mark and do not save",""
"passed","Sat Nov 08 21:51:57 UTC 2025","Sat Nov 08 21:51:59 UTC 2025","2511","HabitNuWebAppSuite","HabitNuWebAppRegression","WebAppSanityPackage.ExerciseSection","WebAppSanityPackage.ExerciseSection","case9","verify data should not be more than 100000 in exercise section",""
"passed","Sat Nov 08 21:43:10 UTC 2025","Sat Nov 08 21:43:13 UTC 2025","3073","HabitNuWebAppSuite","HabitNuWebAppRegression","WebAppSanityPackage.ProfileAppClass","WebAppSanityPackage.ProfileAppClass","selectGenderFemaleAndSave","Select Gender as Female and save → Should reflect in profile",""
"passed","Sat Nov 08 21:55:01 UTC 2025","Sat Nov 08 21:55:03 UTC 2025","2009","HabitNuWebAppSuite","HabitNuWebAppRegression","WebAppSanityPackage.Login","WebAppSanityPackage.Login","testForgotPasswordWithValidEmail","Verify forgot password with valid email shows success message",""
"passed","Sat Nov 08 21:53:13 UTC 2025","Sat Nov 08 21:53:14 UTC 2025","1071","HabitNuWebAppSuite","HabitNuWebAppRegression","WebAppSanityPackage.WebAppClass","WebAppSanityPackage.WebAppClass","case25","Collecting data from food section",""
"passed","Sat Nov 08 22:00:09 UTC 2025","Sat Nov 08 22:00:22 UTC 2025","12832","HabitNuWebAppSuite","HabitNuWebAppRegression","WebAppSanityPackage.foodGrouping","WebAppSanityPackage.foodGrouping","case12","Add food item to Breakfast section",""
"passed","Sat Nov 08 21:42:59 UTC 2025","Sat Nov 08 21:42:59 UTC 2025","224","HabitNuWebAppSuite","HabitNuWebAppRegression","WebAppSanityPackage.ProfileAppClass","WebAppSanityPackage.ProfileAppClass","firstNameBlankValidation","Leave first name blank → show error",""
"passed","Sat Nov 08 21:51:48 UTC 2025","Sat Nov 08 21:51:49 UTC 2025","852","HabitNuWebAppSuite","HabitNuWebAppRegression","WebAppSanityPackage.ExerciseSection","WebAppSanityPackage.ExerciseSection","case5","add yesterday's Exercise n it should show last added data",""
"passed","Sat Nov 08 21:44:35 UTC 2025","Sat Nov 08 21:44:42 UTC 2025","6728","HabitNuWebAppSuite","HabitNuWebAppRegression","WebAppSanityPackage.ProfileAppClass","WebAppSanityPackage.ProfileAppClass","case74","Upload the file, name and file type and cancel",""
"passed","Sat Nov 08 21:47:55 UTC 2025","Sat Nov 08 21:47:58 UTC 2025","2225","HabitNuWebAppSuite","HabitNuWebAppRegression","WebAppSanityPackage.HabitsAppClass","WebAppSanityPackage.HabitsAppClass","case12","Click on Archive and do not add the habit to archive",""
"passed","Sat Nov 08 21:42:50 UTC 2025","Sat Nov 08 21:42:50 UTC 2025","109","HabitNuWebAppSuite","HabitNuWebAppRegression","WebAppSanityPackage.ProfileAppClass","WebAppSanityPackage.ProfileAppClass","openProfileDetails","Click on 'View profile details' → open profile page",""
"passed","Sat Nov 08 22:10:25 UTC 2025","Sat Nov 08 22:10:35 UTC 2025","10490","HabitNuWebAppSuite","HabitNuWebAppRegression","WebAppSanityPackage.recipeBuilder","WebAppSanityPackage.recipeBuilder","deleteFavRecipesFromFavorites","delete fav recipes from favorite section and validate the same from recipe list page",""
"passed","Sat Nov 08 21:48:51 UTC 2025","Sat Nov 08 21:48:51 UTC 2025","252","HabitNuWebAppSuite","HabitNuWebAppRegression","WebAppSanityPackage.HabitsAppClass","WebAppSanityPackage.HabitsAppClass","case28","Click on Activate and do not add the habit back",""
"passed","Sat Nov 08 21:49:18 UTC 2025","Sat Nov 08 21:49:20 UTC 2025","1345","HabitNuWebAppSuite","HabitNuWebAppRegression","WebAppSanityPackage.Sugar_Section","WebAppSanityPackage.Sugar_Section","editTargetWithNegatives","edit -  negative target values and assert messages",""
"passed","Sat Nov 08 21:54:23 UTC 2025","Sat Nov 08 21:54:23 UTC 2025","353","HabitNuWebAppSuite","HabitNuWebAppRegression","WebAppSanityPackage.Login","WebAppSanityPackage.Login","testLoginWithOnlyPassword","Verify error when only password is provided",""
"passed","Sat Nov 08 21:39:19 UTC 2025","Sat Nov 08 21:39:30 UTC 2025","11368","HabitNuWebAppSuite","HabitNuWebAppRegression","WebAppSanityPackage.BloodPressure_Section","WebAppSanityPackage.BloodPressure_Section","case4","verify added today data in exercise section and verify total exercise per day",""
"passed","Sat Nov 08 21:42:36 UTC 2025","Sat Nov 08 21:42:36 UTC 2025","155","HabitNuWebAppSuite","HabitNuWebAppRegression","WebAppSanityPackage.DiscussAppClass","WebAppSanityPackage.DiscussAppClass","case16","Add the comment ( It should add the comment)",""
"passed","Sat Nov 08 22:11:19 UTC 2025","Sat Nov 08 22:11:20 UTC 2025","499","HabitNuWebAppSuite","HabitNuWebAppRegression","WebAppSanityPackage.WebAppHealth_WeightSection","WebAppSanityPackage.WebAppHealth_WeightSection","editTargetWithGreaterThan99","edit -  enter target more than 999 and assert messages",""
"passed","Sat Nov 08 21:43:24 UTC 2025","Sat Nov 08 21:43:24 UTC 2025","155","HabitNuWebAppSuite","HabitNuWebAppRegression","WebAppSanityPackage.ProfileAppClass","WebAppSanityPackage.ProfileAppClass","openContactDetailsEdit","Click on Contact Details edit button → Should enter edit mode",""
"passed","Sat Nov 08 21:43:08 UTC 2025","Sat Nov 08 21:43:08 UTC 2025","218","HabitNuWebAppSuite","HabitNuWebAppRegression","WebAppSanityPackage.ProfileAppClass","WebAppSanityPackage.ProfileAppClass","clearGenderAndSave","Clear gender and save → should save or skip validation",""
"passed","Sat Nov 08 21:50:21 UTC 2025","Sat Nov 08 21:50:23 UTC 2025","2334","HabitNuWebAppSuite","HabitNuWebAppRegression","WebAppSanityPackage.Sugar_Section","WebAppSanityPackage.Sugar_Section","case11","verify added today data in Blood Sugar section as Before Meal",""
"passed","Sat Nov 08 21:34:43 UTC 2025","Sat Nov 08 21:34:43 UTC 2025","151","HabitNuWebAppSuite","HabitNuWebAppRegression","WebAppSanityPackage.HomePage","WebAppSanityPackage.HomePage","testThisWeekProgressCards","Verify 'This Week' progress cards are displayed with correct data",""
"passed","Sat Nov 08 22:15:02 UTC 2025","Sat Nov 08 22:15:07 UTC 2025","5250","HabitNuWebAppSuite","HabitNuWebAppRegression","WebAppSanityPackage.Myrecipes","WebAppSanityPackage.Myrecipes","test1_clickrecipes","Given user click on Recipe",""
"passed","Sat Nov 08 21:34:43 UTC 2025","Sat Nov 08 21:34:43 UTC 2025","19","HabitNuWebAppSuite","HabitNuWebAppRegression","WebAppSanityPackage.HomePage","WebAppSanityPackage.HomePage","testHomeIsTheActiveNavigationLink","Verify 'Home' is the active navigation link",""
"passed","Sat Nov 08 21:38:09 UTC 2025","Sat Nov 08 21:38:24 UTC 2025","15241","HabitNuWebAppSuite","HabitNuWebAppRegression","WebAppSanityPackage.HomePage","WebAppSanityPackage.HomePage","testWeightProgressBarByAddingWeight","Verify the Weight progress bar updates correctly as Weight logs are added",""
"passed","Sat Nov 08 21:38:38 UTC 2025","Sat Nov 08 21:38:48 UTC 2025","9820","HabitNuWebAppSuite","HabitNuWebAppRegression","WebAppSanityPackage.HomePage","WebAppSanityPackage.HomePage","testWeightLossProgressCardAndValidation","Verify the progress bar updates correctly as wweights are added",""
"passed","Sat Nov 08 21:35:17 UTC 2025","Sat Nov 08 21:35:18 UTC 2025","588","HabitNuWebAppSuite","HabitNuWebAppRegression","WebAppSanityPackage.HomePage","WebAppSanityPackage.HomePage","testMedicationPageLayout","Verify the Medication Log page layout and functionality",""
"passed","Sat Nov 08 21:52:25 UTC 2025","Sat Nov 08 21:52:31 UTC 2025","5720","HabitNuWebAppSuite","HabitNuWebAppRegression","WebAppSanityPackage.WebAppClass","WebAppSanityPackage.WebAppClass","case7","Click on Add Food, go to Custom and create a customized food",""
"passed","Sat Nov 08 22:11:21 UTC 2025","Sat Nov 08 22:11:35 UTC 2025","13900","HabitNuWebAppSuite","HabitNuWebAppRegression","WebAppSanityPackage.WebAppHealth_WeightSection","WebAppSanityPackage.WebAppHealth_WeightSection","case2","Click on weight , click on add new button and add weight for last month",""
"passed","Sat Nov 08 21:43:23 UTC 2025","Sat Nov 08 21:43:24 UTC 2025","938","HabitNuWebAppSuite","HabitNuWebAppRegression","WebAppSanityPackage.ProfileAppClass","WebAppSanityPackage.ProfileAppClass","case19","Click on Basic information and validate the presence of expected fields and absence of unexpected fields",""
"passed","Sat Nov 08 22:10:25 UTC 2025","Sat Nov 08 22:10:25 UTC 2025","124","HabitNuWebAppSuite","HabitNuWebAppRegression","WebAppSanityPackage.recipeBuilder","WebAppSanityPackage.recipeBuilder","verifyFavoriteRecipesByRecipeServings","verify favorite food list under Food> by Recipe servings",""
"passed","Sat Nov 08 21:43:50 UTC 2025","Sat Nov 08 21:43:52 UTC 2025","1980","HabitNuWebAppSuite","HabitNuWebAppRegression","WebAppSanityPackage.ProfileAppClass","WebAppSanityPackage.ProfileAppClass","case45","Add Waist (in inches) as 0 and save",""
"passed","Sat Nov 08 21:34:44 UTC 2025","Sat Nov 08 21:34:44 UTC 2025","404","HabitNuWebAppSuite","HabitNuWebAppRegression","WebAppSanityPackage.HomePage","WebAppSanityPackage.HomePage","testNotificationPanelContentAndFunctionality","Verify notification panel content and functionality",""
"passed","Sat Nov 08 22:15:35 UTC 2025","Sat Nov 08 22:15:42 UTC 2025","7044","HabitNuWebAppSuite","HabitNuWebAppRegression","WebAppSanityPackage.Myrecipes","WebAppSanityPackage.Myrecipes","test16_logmeal","And user is able to add Meal which is logged from my recipe",""
"passed","Sat Nov 08 21:49:11 UTC 2025","Sat Nov 08 21:49:11 UTC 2025","364","HabitNuWebAppSuite","HabitNuWebAppRegression","WebAppSanityPackage.Sugar_Section","WebAppSanityPackage.Sugar_Section","lowTargetWithBlankValue","edit -  low BS cannot be blank",""
"passed","Sat Nov 08 21:43:35 UTC 2025","Sat Nov 08 21:43:38 UTC 2025","3344","HabitNuWebAppSuite","HabitNuWebAppRegression","WebAppSanityPackage.ProfileAppClass","WebAppSanityPackage.ProfileAppClass","editStateAndSave","Edit State to 'California' and save",""
"passed","Sat Nov 08 21:43:33 UTC 2025","Sat Nov 08 21:43:34 UTC 2025","1298","HabitNuWebAppSuite","HabitNuWebAppRegression","WebAppSanityPackage.ProfileAppClass","WebAppSanityPackage.ProfileAppClass","editCityAndSave","Edit city to 'Los Angeles' and save → Should update successfully",""
"passed","Sat Nov 08 21:52:58 UTC 2025","Sat Nov 08 21:53:01 UTC 2025","2733","HabitNuWebAppSuite","HabitNuWebAppRegression","WebAppSanityPackage.WebAppClass","WebAppSanityPackage.WebAppClass","case19","Add/Edit Food - without optional fields (Should successfully update and show the updated values)",""
"passed","Sat Nov 08 21:43:01 UTC 2025","Sat Nov 08 21:43:05 UTC 2025","3644","HabitNuWebAppSuite","HabitNuWebAppRegression","WebAppSanityPackage.ProfileAppClass","WebAppSanityPackage.ProfileAppClass","editLastName","Edit first + last name and save → should reflect",""
"passed","Sat Nov 08 21:57:18 UTC 2025","Sat Nov 08 21:57:19 UTC 2025","1266","HabitNuWebAppSuite","HabitNuWebAppRegression","WebAppSanityPackage.waterLog","WebAppSanityPackage.waterLog","case5","32 oz Water Log",""
"passed","Sat Nov 08 21:58:45 UTC 2025","Sat Nov 08 21:59:03 UTC 2025","18443","HabitNuWebAppSuite","HabitNuWebAppRegression","WebAppSanityPackage.foodGrouping","WebAppSanityPackage.foodGrouping","case4","add Meal to Break fast",""
"passed","Sat Nov 08 21:48:51 UTC 2025","Sat Nov 08 21:48:55 UTC 2025","3768","HabitNuWebAppSuite","HabitNuWebAppRegression","WebAppSanityPackage.HabitsAppClass","WebAppSanityPackage.HabitsAppClass","case29","Click on Activate and add the habit back",""
"passed","Sat Nov 08 21:51:03 UTC 2025","Sat Nov 08 21:51:04 UTC 2025","403","HabitNuWebAppSuite","HabitNuWebAppRegression","WebAppSanityPackage.Sugar_Section","WebAppSanityPackage.Sugar_Section","case18","verify blank data in Blood Sugar section After Meal",""
"passed","Sat Nov 08 21:43:41 UTC 2025","Sat Nov 08 21:43:45 UTC 2025","3989","HabitNuWebAppSuite","HabitNuWebAppRegression","WebAppSanityPackage.ProfileAppClass","WebAppSanityPackage.ProfileAppClass","validateAddressConfirmationSection","Keep Zipcode with valid numbers and save → Should not show error",""
"passed","Sat Nov 08 21:39:07 UTC 2025","Sat Nov 08 21:39:07 UTC 2025","358","HabitNuWebAppSuite","HabitNuWebAppRegression","WebAppSanityPackage.BloodPressure_Section","WebAppSanityPackage.BloodPressure_Section","setSystolicTargetMoreThan250","enter systolic target more than 250 and assert messages",""
"passed","Sat Nov 08 21:43:21 UTC 2025","Sat Nov 08 21:43:23 UTC 2025","1665","HabitNuWebAppSuite","HabitNuWebAppRegression","WebAppSanityPackage.ProfileAppClass","WebAppSanityPackage.ProfileAppClass","closeBasicInfoWithoutSaving","Click close without saving Basic information → No change expected",""
"passed","Sat Nov 08 21:42:50 UTC 2025","Sat Nov 08 21:42:57 UTC 2025","6228","HabitNuWebAppSuite","HabitNuWebAppRegression","WebAppSanityPackage.ProfileAppClass","WebAppSanityPackage.ProfileAppClass","uploadProfilePicture","Add profile picture → should upload",""
"passed","Sat Nov 08 22:02:23 UTC 2025","Sat Nov 08 22:02:41 UTC 2025","18260","HabitNuWebAppSuite","HabitNuWebAppRegression","WebAppSanityPackage.foodGrouping","WebAppSanityPackage.foodGrouping","case21","editing 'My Meal' from exsiting group and adding Foods",""
"passed","Sat Nov 08 22:17:10 UTC 2025","Sat Nov 08 22:17:11 UTC 2025","779","HabitNuWebAppSuite","HabitNuWebAppRegression","WebAppSanityPackage.GuidedTour","WebAppSanityPackage.GuidedTour","test13_navigatingtourpage6","And user is navigating from fifth slide to sixth and validating",""
"passed","Sat Nov 08 21:53:20 UTC 2025","Sat Nov 08 21:53:49 UTC 2025","29580","HabitNuWebAppSuite","HabitNuWebAppRegression","WebAppSanityPackage.WebAppClass","WebAppSanityPackage.WebAppClass","delete_from_all_food_sections","Deleting all data starting from breakfast to snacks",""
"passed","Sat Nov 08 21:57:34 UTC 2025","Sat Nov 08 21:57:35 UTC 2025","776","HabitNuWebAppSuite","HabitNuWebAppRegression","WebAppSanityPackage.waterLog","WebAppSanityPackage.waterLog","case15","710 ml Water Log",""
"passed","Sat Nov 08 22:17:11 UTC 2025","Sat Nov 08 22:17:12 UTC 2025","1108","HabitNuWebAppSuite","HabitNuWebAppRegression","WebAppSanityPackage.GuidedTour","WebAppSanityPackage.GuidedTour","test14_navigatingtourpage7","And user is navigating from sixth slide to seventh and validating",""
"passed","Sat Nov 08 21:54:34 UTC 2025","Sat Nov 08 21:54:35 UTC 2025","1281","HabitNuWebAppSuite","HabitNuWebAppRegression","WebAppSanityPackage.Login","WebAppSanityPackage.Login","testPasswordVisibilityToggle","Verify password visibility toggle",""
"passed","Sat Nov 08 22:11:54 UTC 2025","Sat Nov 08 22:11:56 UTC 2025","2389","HabitNuWebAppSuite","HabitNuWebAppRegression","WebAppSanityPackage.WebAppHealth_WeightSection","WebAppSanityPackage.WebAppHealth_WeightSection","graphcase5","Load web app -> Click on Health section -> Weight section -> click on ""i"" symbol",""
"passed","Sat Nov 08 21:57:17 UTC 2025","Sat Nov 08 21:57:18 UTC 2025","703","HabitNuWebAppSuite","HabitNuWebAppRegression","WebAppSanityPackage.waterLog","WebAppSanityPackage.waterLog","case4","24 oz Water Log",""
"broken","Sat Nov 08 22:13:52 UTC 2025","Sat Nov 08 22:13:54 UTC 2025","1683","HabitNuWebAppSuite","HabitNuWebAppRegression","WebAppSanityPackage.Medication","WebAppSanityPackage.Medication","case24","Coach- Users- Medication- Creating new Medications details like selecting Dosage",""
"passed","Sat Nov 08 21:48:38 UTC 2025","Sat Nov 08 21:48:39 UTC 2025","915","HabitNuWebAppSuite","HabitNuWebAppRegression","WebAppSanityPackage.HabitsAppClass","WebAppSanityPackage.HabitsAppClass","case23","Click on Edit and edit the habit",""
"broken","Sat Nov 08 22:11:58 UTC 2025","Sat Nov 08 22:12:06 UTC 2025","8087","HabitNuWebAppSuite","HabitNuWebAppRegression","WebAppSanityPackage.WebAppHealth_WeightSection","WebAppSanityPackage.WebAppHealth_WeightSection","case13","verify last week , month , year data ",""
"passed","Sat Nov 08 22:17:01 UTC 2025","Sat Nov 08 22:17:04 UTC 2025","2982","HabitNuWebAppSuite","HabitNuWebAppRegression","WebAppSanityPackage.GuidedTour","WebAppSanityPackage.GuidedTour","test6_navigatingtourpage1","And user is navigating to first slide and refresh the tour page",""
"broken","Sat Nov 08 22:13:28 UTC 2025","Sat Nov 08 22:13:39 UTC 2025","10839","HabitNuWebAppSuite","HabitNuWebAppRegression","WebAppSanityPackage.Medication","WebAppSanityPackage.Medication","Case19addValidMedicationName","TC: Add valid Medication name and save",""
"passed","Sat Nov 08 22:08:23 UTC 2025","Sat Nov 08 22:08:28 UTC 2025","4880","HabitNuWebAppSuite","HabitNuWebAppRegression","WebAppSanityPackage.habiRecipe","WebAppSanityPackage.habiRecipe","Case30","Selecting the Generated Recipe and Logging It",""
"broken","Sat Nov 08 21:45:37 UTC 2025","Sat Nov 08 21:45:37 UTC 2025","12","HabitNuWebAppSuite","HabitNuWebAppRegression","WebAppSanityPackage.Weights_lbs_Kgs","WebAppSanityPackage.Weights_lbs_Kgs","setNegativeTarget","enter negative target values and assert messages",""
"passed","Sat Nov 08 21:55:17 UTC 2025","Sat Nov 08 21:55:22 UTC 2025","4762","HabitNuWebAppSuite","HabitNuWebAppRegression","WebAppSanityPackage.Login","WebAppSanityPackage.Login","testProjectPowerRegisterNavigation","Verify Register navigation in Project Power",""
"passed","Sat Nov 08 21:46:06 UTC 2025","Sat Nov 08 21:46:06 UTC 2025","133","HabitNuWebAppSuite","HabitNuWebAppRegression","WebAppSanityPackage.ChatandNotificationsClass","WebAppSanityPackage.ChatandNotificationsClass","case7","Click on the Mark All as Read",""
"passed","Sat Nov 08 21:39:08 UTC 2025","Sat Nov 08 21:39:09 UTC 2025","395","HabitNuWebAppSuite","HabitNuWebAppRegression","WebAppSanityPackage.BloodPressure_Section","WebAppSanityPackage.BloodPressure_Section","editTargetValid","edit Target - valid",""
"passed","Sat Nov 08 22:17:14 UTC 2025","Sat Nov 08 22:17:24 UTC 2025","10876","HabitNuWebAppSuite","HabitNuWebAppRegression","WebAppSanityPackage.GuidedTour","WebAppSanityPackage.GuidedTour","test16_finishtour","And user is navigating first to last slide and validating finish button",""
"passed","Sat Nov 08 21:57:04 UTC 2025","Sat Nov 08 21:57:13 UTC 2025","9543","HabitNuWebAppSuite","HabitNuWebAppRegression","WebAppSanityPackage.waterLog","WebAppSanityPackage.waterLog","case1","Main Page",""
"passed","Sat Nov 08 22:01:03 UTC 2025","Sat Nov 08 22:01:17 UTC 2025","13957","HabitNuWebAppSuite","HabitNuWebAppRegression","WebAppSanityPackage.foodGrouping","WebAppSanityPackage.foodGrouping","case16","Create 'My Meal' from logged foods in BREAKFAST sections",""
"passed","Sat Nov 08 21:57:28 UTC 2025","Sat Nov 08 21:57:29 UTC 2025","1121","HabitNuWebAppSuite","HabitNuWebAppRegression","WebAppSanityPackage.waterLog","WebAppSanityPackage.waterLog","case10","Total Water Logged Count",""
"passed","Sat Nov 08 21:55:41 UTC 2025","Sat Nov 08 21:55:51 UTC 2025","9956","HabitNuWebAppSuite","HabitNuWebAppRegression","WebAppSanityPackage.Hba1c","WebAppSanityPackage.Hba1c","case3","Click on hba1c , click on add new button and add hba1c for last month and and Total count of the day should be 0",""
"passed","Sat Nov 08 21:45:07 UTC 2025","Sat Nov 08 21:45:09 UTC 2025","2231","HabitNuWebAppSuite","HabitNuWebAppRegression","WebAppSanityPackage.ProfileAppClass","WebAppSanityPackage.ProfileAppClass","case88","Open Notification Preferences from Profile dropdown",""
"broken","Sat Nov 08 21:38:24 UTC 2025","Sat Nov 08 21:38:38 UTC 2025","13517","HabitNuWebAppSuite","HabitNuWebAppRegression","WebAppSanityPackage.HomePage","WebAppSanityPackage.HomePage","testExerciseProgressBarByAddingExercise","Verify the Exercise progress bar updates correctly as Exercise logs are added",""
"passed","Sat Nov 08 22:12:20 UTC 2025","Sat Nov 08 22:12:27 UTC 2025","6859","HabitNuWebAppSuite","HabitNuWebAppRegression","WebAppSanityPackage.Medication","WebAppSanityPackage.Medication","case10","Weight loss medication Edit detials on Yor Medication",""
"passed","Sat Nov 08 22:10:14 UTC 2025","Sat Nov 08 22:10:15 UTC 2025","709","HabitNuWebAppSuite","HabitNuWebAppRegression","WebAppSanityPackage.recipeBuilder","WebAppSanityPackage.recipeBuilder","viewTheFavoritedRecipePage","view fav recipe",""
"passed","Sat Nov 08 22:06:54 UTC 2025","Sat Nov 08 22:07:02 UTC 2025","8067","HabitNuWebAppSuite","HabitNuWebAppRegression","WebAppSanityPackage.habiRecipe","WebAppSanityPackage.habiRecipe","Case21","Selecting the  Generated Recipe of Macronutrient considerations and Logging It",""
"passed","Sat Nov 08 22:03:44 UTC 2025","Sat Nov 08 22:03:44 UTC 2025","252","HabitNuWebAppSuite","HabitNuWebAppRegression","WebAppSanityPackage.habiRecipe","WebAppSanityPackage.habiRecipe","case2","Habi's Recipes",""
"passed","Sat Nov 08 21:39:33 UTC 2025","Sat Nov 08 21:39:33 UTC 2025","363","HabitNuWebAppSuite","HabitNuWebAppRegression","WebAppSanityPackage.BloodPressure_Section","WebAppSanityPackage.BloodPressure_Section","case12","verify negative data as others in Blood Pressure section,Systolic negative section",""
"passed","Sat Nov 08 22:02:07 UTC 2025","Sat Nov 08 22:02:21 UTC 2025","14069","HabitNuWebAppSuite","HabitNuWebAppRegression","WebAppSanityPackage.foodGrouping","WebAppSanityPackage.foodGrouping","case19","Create 'My Meal' from logged foods in SNACKS sections",""
"passed","Sat Nov 08 21:56:31 UTC 2025","Sat Nov 08 21:56:31 UTC 2025","360","HabitNuWebAppSuite","HabitNuWebAppRegression","WebAppSanityPackage.Hba1c","WebAppSanityPackage.Hba1c","editTargetWithGreaterThan99","edit -  enter target more than 14 and assert messages",""
"passed","Sat Nov 08 21:59:43 UTC 2025","Sat Nov 08 21:59:44 UTC 2025","1512","HabitNuWebAppSuite","HabitNuWebAppRegression","WebAppSanityPackage.foodGrouping","WebAppSanityPackage.foodGrouping","case9","Verify the created group name in Food Group section and Log it In dinner",""
"passed","Sat Nov 08 22:11:18 UTC 2025","Sat Nov 08 22:11:19 UTC 2025","959","HabitNuWebAppSuite","HabitNuWebAppRegression","WebAppSanityPackage.WebAppHealth_WeightSection","WebAppSanityPackage.WebAppHealth_WeightSection","editTargetButDoNotSave","edit target values and do click on 'x' mark and do not save",""
"passed","Sat Nov 08 21:54:18 UTC 2025","Sat Nov 08 21:54:19 UTC 2025","1430","HabitNuWebAppSuite","HabitNuWebAppRegression","WebAppSanityPackage.Login","WebAppSanityPackage.Login","testLoginWithDeactivatedUser","Verify error for a disenrolled (deactivated) user",""
"passed","Sat Nov 08 22:09:59 UTC 2025","Sat Nov 08 22:10:05 UTC 2025","6555","HabitNuWebAppSuite","HabitNuWebAppRegression","WebAppSanityPackage.recipeBuilder","WebAppSanityPackage.recipeBuilder","verifyRecipeSectionOnHomePage","Verify recipe section on Home Page",""
"passed","Sat Nov 08 22:11:16 UTC 2025","Sat Nov 08 22:11:18 UTC 2025","1329","HabitNuWebAppSuite","HabitNuWebAppRegression","WebAppSanityPackage.WebAppHealth_WeightSection","WebAppSanityPackage.WebAppHealth_WeightSection","setValidTarget","enter valid Target",""
"passed","Sat Nov 08 21:52:37 UTC 2025","Sat Nov 08 21:52:39 UTC 2025","1238","HabitNuWebAppSuite","HabitNuWebAppRegression","WebAppSanityPackage.WebAppClass","WebAppSanityPackage.WebAppClass","case11","Click on View Food Log, and add food - Dinner",""
"passed","Sat Nov 08 21:42:42 UTC 2025","Sat Nov 08 21:42:43 UTC 2025","545","HabitNuWebAppSuite","HabitNuWebAppRegression","WebAppSanityPackage.DiscussAppClass","WebAppSanityPackage.DiscussAppClass","case35","Click on Replay ( It will display all the recorded meetings)",""
"passed","Sat Nov 08 22:10:35 UTC 2025","Sat Nov 08 22:10:42 UTC 2025","6374","HabitNuWebAppSuite","HabitNuWebAppRegression","WebAppSanityPackage.recipeBuilder","WebAppSanityPackage.recipeBuilder","addRecipeToFavorites","Add recipe to favorites via three-dot menu",""
"passed","Sat Nov 08 21:45:59 UTC 2025","Sat Nov 08 21:46:02 UTC 2025","2307","HabitNuWebAppSuite","HabitNuWebAppRegression","WebAppSanityPackage.ChatandNotificationsClass","WebAppSanityPackage.ChatandNotificationsClass","case3","Type a message in chatbox and close the chat",""
"passed","Sat Nov 08 21:46:05 UTC 2025","Sat Nov 08 21:46:06 UTC 2025","1549","HabitNuWebAppSuite","HabitNuWebAppRegression","WebAppSanityPackage.ChatandNotificationsClass","WebAppSanityPackage.ChatandNotificationsClass","case6","Click on notifications section",""
"broken","Sat Nov 08 22:13:39 UTC 2025","Sat Nov 08 22:13:51 UTC 2025","12235","HabitNuWebAppSuite","HabitNuWebAppRegression","WebAppSanityPackage.Medication","WebAppSanityPackage.Medication","case20","Creating new Medications details like selecting",""
"passed","Sat Nov 08 22:12:27 UTC 2025","Sat Nov 08 22:12:49 UTC 2025","21631","HabitNuWebAppSuite","HabitNuWebAppRegression","WebAppSanityPackage.Medication","WebAppSanityPackage.Medication","editWeightLossMedication","Edit details of Weight Loss Medication",""
"passed","Sat Nov 08 21:57:24 UTC 2025","Sat Nov 08 21:57:25 UTC 2025","1323","HabitNuWebAppSuite","HabitNuWebAppRegression","WebAppSanityPackage.waterLog","WebAppSanityPackage.waterLog","case8","Custom again Water Log",""
"passed","Sat Nov 08 21:56:40 UTC 2025","Sat Nov 08 21:56:51 UTC 2025","10936","HabitNuWebAppSuite","HabitNuWebAppRegression","WebAppSanityPackage.generalContentWEB","WebAppSanityPackage.generalContentWEB","case2","Fitness Videos Details",""
"passed","Sat Nov 08 21:59:44 UTC 2025","Sat Nov 08 22:00:06 UTC 2025","21328","HabitNuWebAppSuite","HabitNuWebAppRegression","WebAppSanityPackage.foodGrouping","WebAppSanityPackage.foodGrouping","case10","add Meal to Snacks",""
"passed","Sat Nov 08 21:39:11 UTC 2025","Sat Nov 08 21:39:12 UTC 2025","354","HabitNuWebAppSuite","HabitNuWebAppRegression","WebAppSanityPackage.BloodPressure_Section","WebAppSanityPackage.BloodPressure_Section","editTargetWithGreaterThan250","edit -  enter Systolic target more than 250 and assert messages",""
"passed","Sat Nov 08 22:00:06 UTC 2025","Sat Nov 08 22:00:09 UTC 2025","3577","HabitNuWebAppSuite","HabitNuWebAppRegression","WebAppSanityPackage.foodGrouping","WebAppSanityPackage.foodGrouping","case11","Verify the created group name in Food Group section and Log it In snacks",""
"passed","Sat Nov 08 22:10:15 UTC 2025","Sat Nov 08 22:10:16 UTC 2025","1140","HabitNuWebAppSuite","HabitNuWebAppRegression","WebAppSanityPackage.recipeBuilder","WebAppSanityPackage.recipeBuilder","clickHereToViewFullRecipe","verify 'View full' recipe button",""
"passed","Sat Nov 08 21:39:07 UTC 2025","Sat Nov 08 21:39:07 UTC 2025","283","HabitNuWebAppSuite","HabitNuWebAppRegression","WebAppSanityPackage.BloodPressure_Section","WebAppSanityPackage.BloodPressure_Section","setDiastolicTargetMoreThan200","enter diastolic target more than 250 and assert messages",""
"passed","Sat Nov 08 21:39:32 UTC 2025","Sat Nov 08 21:39:32 UTC 2025","159","HabitNuWebAppSuite","HabitNuWebAppRegression","WebAppSanityPackage.BloodPressure_Section","WebAppSanityPackage.BloodPressure_Section","case8","verify negative data in Blood Pressure section,systolic negative ,diastolic blank",""
"passed","Sat Nov 08 21:45:39 UTC 2025","Sat Nov 08 21:45:40 UTC 2025","827","HabitNuWebAppSuite","HabitNuWebAppRegression","WebAppSanityPackage.Weights_lbs_Kgs","WebAppSanityPackage.Weights_lbs_Kgs","case9","Dashboard weights match unit selected",""
"passed","Sat Nov 08 22:05:10 UTC 2025","Sat Nov 08 22:05:15 UTC 2025","4949","HabitNuWebAppSuite","HabitNuWebAppRegression","WebAppSanityPackage.habiRecipe","WebAppSanityPackage.habiRecipe","Case10","Selecting the Generated Recipe and Logging It",""
"passed","Sat Nov 08 21:49:29 UTC 2025","Sat Nov 08 21:49:38 UTC 2025","9293","HabitNuWebAppSuite","HabitNuWebAppRegression","WebAppSanityPackage.Sugar_Section","WebAppSanityPackage.Sugar_Section","case2","Click on Blood Sugar , click on add new button and add Blood Sugar fasting for current year current date ",""
"passed","Sat Nov 08 22:02:53 UTC 2025","Sat Nov 08 22:02:56 UTC 2025","3592","HabitNuWebAppSuite","HabitNuWebAppRegression","WebAppSanityPackage.foodGrouping","WebAppSanityPackage.foodGrouping","case24","Deleting a single item from 'My Meal' group",""
"passed","Sat Nov 08 21:45:54 UTC 2025","Sat Nov 08 21:45:57 UTC 2025","3222","HabitNuWebAppSuite","HabitNuWebAppRegression","WebAppSanityPackage.ChatandNotificationsClass","WebAppSanityPackage.ChatandNotificationsClass","case1","Click on chat ( it should open the chat box)",""
"broken","Sat Nov 08 21:45:24 UTC 2025","Sat Nov 08 21:45:36 UTC 2025","12446","HabitNuWebAppSuite","HabitNuWebAppRegression","WebAppSanityPackage.Weights_lbs_Kgs","WebAppSanityPackage.Weights_lbs_Kgs","case3","Health section weights match selected unit",""
"passed","Sat Nov 08 21:44:00 UTC 2025","Sat Nov 08 21:44:02 UTC 2025","2020","HabitNuWebAppSuite","HabitNuWebAppRegression","WebAppSanityPackage.ProfileAppClass","WebAppSanityPackage.ProfileAppClass","case55","Select My diabetes status as valid reason and save",""
"passed","Sat Nov 08 21:48:15 UTC 2025","Sat Nov 08 21:48:18 UTC 2025","2744","HabitNuWebAppSuite","HabitNuWebAppRegression","WebAppSanityPackage.HabitsAppClass","WebAppSanityPackage.HabitsAppClass","case18","Click on Active Habits dropdown",""
"passed","Sat Nov 08 22:16:52 UTC 2025","Sat Nov 08 22:16:52 UTC 2025","72","HabitNuWebAppSuite","HabitNuWebAppRegression","WebAppSanityPackage.GuidedTour","WebAppSanityPackage.GuidedTour","test3_registration","When user is able to enter the details in registration form",""
"passed","Sat Nov 08 21:52:00 UTC 2025","Sat Nov 08 21:52:02 UTC 2025","2741","HabitNuWebAppSuite","HabitNuWebAppRegression","WebAppSanityPackage.ExerciseSection","WebAppSanityPackage.ExerciseSection","case12","edit data in exercise section",""
"passed","Sat Nov 08 21:49:10 UTC 2025","Sat Nov 08 21:49:10 UTC 2025","344","HabitNuWebAppSuite","HabitNuWebAppRegression","WebAppSanityPackage.Sugar_Section","WebAppSanityPackage.Sugar_Section","setLowTargetMoreThan200","enter Low target more than 1000 and assert messages",""
"passed","Sat Nov 08 21:34:42 UTC 2025","Sat Nov 08 21:34:43 UTC 2025","327","HabitNuWebAppSuite","HabitNuWebAppRegression","WebAppSanityPackage.HomePage","WebAppSanityPackage.HomePage","testNavigationBarLinksArePresent","Verify all main navigation links are present",""
"passed","Sat Nov 08 21:54:37 UTC 2025","Sat Nov 08 21:54:42 UTC 2025","5447","HabitNuWebAppSuite","HabitNuWebAppRegression","WebAppSanityPackage.Login","WebAppSanityPackage.Login","testLoginWithValidOTP","Verify successful login using a valid OTP from email",""
"passed","Sat Nov 08 22:01:42 UTC 2025","Sat Nov 08 22:02:07 UTC 2025","24905","HabitNuWebAppSuite","HabitNuWebAppRegression","WebAppSanityPackage.foodGrouping","WebAppSanityPackage.foodGrouping","case18","Create 'My Meal' from logged foods in DINNER sections",""
"passed","Sat Nov 08 21:51:34 UTC 2025","Sat Nov 08 21:51:37 UTC 2025","2056","HabitNuWebAppSuite","HabitNuWebAppRegression","WebAppSanityPackage.ExerciseSection","WebAppSanityPackage.ExerciseSection","case2","Click on Exercise , click on add new button and add exercise for last year and and Total minutes of the day should be 0",""
"broken","Sat Nov 08 21:44:23 UTC 2025","Sat Nov 08 21:44:25 UTC 2025","2291","HabitNuWebAppSuite","HabitNuWebAppRegression","WebAppSanityPackage.ProfileAppClass","WebAppSanityPackage.ProfileAppClass","case70","Upload the name only and upload",""
"passed","Sat Nov 08 21:42:02 UTC 2025","Sat Nov 08 21:42:02 UTC 2025","219","HabitNuWebAppSuite","HabitNuWebAppRegression","WebAppSanityPackage.DiscussAppClass","WebAppSanityPackage.DiscussAppClass","case3","Post a message with description only (should allow posting)",""
"passed","Sat Nov 08 21:50:35 UTC 2025","Sat Nov 08 21:50:47 UTC 2025","11407","HabitNuWebAppSuite","HabitNuWebAppRegression","WebAppSanityPackage.Sugar_Section","WebAppSanityPackage.Sugar_Section","case14","add yesterday's Blood Sugar n it should show last added data Before Meal",""
"passed","Sat Nov 08 21:52:24 UTC 2025","Sat Nov 08 21:52:25 UTC 2025","1068","HabitNuWebAppSuite","HabitNuWebAppRegression","WebAppSanityPackage.WebAppClass","WebAppSanityPackage.WebAppClass","case6","Click on Add food, Go to frequent section check whether the same food is listed",""
"passed","Sat Nov 08 21:39:09 UTC 2025","Sat Nov 08 21:39:11 UTC 2025","2378","HabitNuWebAppSuite","HabitNuWebAppRegression","WebAppSanityPackage.BloodPressure_Section","WebAppSanityPackage.BloodPressure_Section","editTargetButDoNotSave","edit target values and do click on 'x' mark and do not save",""
"passed","Sat Nov 08 22:10:47 UTC 2025","Sat Nov 08 22:11:00 UTC 2025","13403","HabitNuWebAppSuite","HabitNuWebAppRegression","WebAppSanityPackage.recipeBuilder","WebAppSanityPackage.recipeBuilder","logRecipeFromThreeDotMenu","Log recipe from three-dot menu and then delete logs",""
"passed","Sat Nov 08 22:15:24 UTC 2025","Sat Nov 08 22:15:25 UTC 2025","222","HabitNuWebAppSuite","HabitNuWebAppRegression","WebAppSanityPackage.Myrecipes","WebAppSanityPackage.Myrecipes","test10_validatetotalcalories","And user is able to validate total calories & Detailed nutrients",""
"passed","Sat Nov 08 21:49:13 UTC 2025","Sat Nov 08 21:49:18 UTC 2025","4922","HabitNuWebAppSuite","HabitNuWebAppRegression","WebAppSanityPackage.Sugar_Section","WebAppSanityPackage.Sugar_Section","editTargetButDoNotSave","edit target values and do click on 'x' mark and do not save",""
"passed","Sat Nov 08 21:49:11 UTC 2025","Sat Nov 08 21:49:11 UTC 2025","298","HabitNuWebAppSuite","HabitNuWebAppRegression","WebAppSanityPackage.Sugar_Section","WebAppSanityPackage.Sugar_Section","setValidTarget","enter valid Target",""
"passed","Sat Nov 08 21:35:07 UTC 2025","Sat Nov 08 21:35:14 UTC 2025","6567","HabitNuWebAppSuite","HabitNuWebAppRegression","WebAppSanityPackage.HomePage","WebAppSanityPackage.HomePage","testRecipeBookPageLayoutAndTabs","Verify the Recipe Book page layout and tabs",""
"passed","Sat Nov 08 21:51:53 UTC 2025","Sat Nov 08 21:51:57 UTC 2025","4125","HabitNuWebAppSuite","HabitNuWebAppRegression","WebAppSanityPackage.ExerciseSection","WebAppSanityPackage.ExerciseSection","case8","verify negative data in exercise section",""
"passed","Sat Nov 08 21:45:12 UTC 2025","Sat Nov 08 21:45:14 UTC 2025","1306","HabitNuWebAppSuite","HabitNuWebAppRegression","WebAppSanityPackage.ProfileAppClass","WebAppSanityPackage.ProfileAppClass","case90","Click on Manage Devices and validate connected devices",""
"passed","Sat Nov 08 21:49:52 UTC 2025","Sat Nov 08 21:49:53 UTC 2025","769","HabitNuWebAppSuite","HabitNuWebAppRegression","WebAppSanityPackage.Sugar_Section","WebAppSanityPackage.Sugar_Section","case7","Click on Blood Sugar , click on add new button and add Blood Sugar After Meal for current year current date -1",""
"passed","Sat Nov 08 22:15:42 UTC 2025","Sat Nov 08 22:15:43 UTC 2025","550","HabitNuWebAppSuite","HabitNuWebAppRegression","WebAppSanityPackage.Myrecipes","WebAppSanityPackage.Myrecipes","test17_navigatingrecipe","And User is able to delete the recipe",""
"passed","Sat Nov 08 21:51:50 UTC 2025","Sat Nov 08 21:51:53 UTC 2025","2386","HabitNuWebAppSuite","HabitNuWebAppRegression","WebAppSanityPackage.ExerciseSection","WebAppSanityPackage.ExerciseSection","case7","verify blank data in exercise section",""
"passed","Sat Nov 08 21:53:14 UTC 2025","Sat Nov 08 21:53:14 UTC 2025","1","HabitNuWebAppSuite","HabitNuWebAppRegression","WebAppSanityPackage.WebAppClass","WebAppSanityPackage.WebAppClass","case29","Powered by Edaman link test case",""
"passed","Sat Nov 08 21:45:03 UTC 2025","Sat Nov 08 21:45:03 UTC 2025","327","HabitNuWebAppSuite","HabitNuWebAppRegression","WebAppSanityPackage.ProfileAppClass","WebAppSanityPackage.ProfileAppClass","case85","Click on Language Preferences section",""
"passed","Sat Nov 08 22:17:08 UTC 2025","Sat Nov 08 22:17:09 UTC 2025","738","HabitNuWebAppSuite","HabitNuWebAppRegression","WebAppSanityPackage.GuidedTour","WebAppSanityPackage.GuidedTour","test10_navigatingtourpage3","And user is navigating from second slide to third slide and validating",""
"passed","Sat Nov 08 22:12:15 UTC 2025","Sat Nov 08 22:12:15 UTC 2025","379","HabitNuWebAppSuite","HabitNuWebAppRegression","WebAppSanityPackage.Medication","WebAppSanityPackage.Medication","case4","Creating new Medications details like selecting mg or ml.",""
"passed","Sat Nov 08 22:11:35 UTC 2025","Sat Nov 08 22:11:36 UTC 2025","1145","HabitNuWebAppSuite","HabitNuWebAppRegression","WebAppSanityPackage.WebAppHealth_WeightSection","WebAppSanityPackage.WebAppHealth_WeightSection","case3","add yesterday's weight n it should show last added data",""
"passed","Sat Nov 08 21:52:49 UTC 2025","Sat Nov 08 21:52:52 UTC 2025","3024","HabitNuWebAppSuite","HabitNuWebAppRegression","WebAppSanityPackage.WebAppClass","WebAppSanityPackage.WebAppClass","case16","Click on Date picker and pick any date from calendar and add food",""
"passed","Sat Nov 08 22:08:57 UTC 2025","Sat Nov 08 22:09:21 UTC 2025","23811","HabitNuWebAppSuite","HabitNuWebAppRegression","WebAppSanityPackage.habiRecipe","WebAppSanityPackage.habiRecipe","case44","Generate New Recipe for All Recipes",""
"passed","Sat Nov 08 21:43:13 UTC 2025","Sat Nov 08 21:43:14 UTC 2025","1610","HabitNuWebAppSuite","HabitNuWebAppRegression","WebAppSanityPackage.ProfileAppClass","WebAppSanityPackage.ProfileAppClass","clearDOBAndSave","Clear DOB field and save → should save or ignore gracefully",""
"passed","Sat Nov 08 21:46:49 UTC 2025","Sat Nov 08 21:46:59 UTC 2025","10768","HabitNuWebAppSuite","HabitNuWebAppRegression","WebAppSanityPackage.ChatandNotificationsClass","WebAppSanityPackage.ChatandNotificationsClass","case12","Click on Reminder : You have an appointment in an hour",""
"passed","Sat Nov 08 21:51:37 UTC 2025","Sat Nov 08 21:51:37 UTC 2025","274","HabitNuWebAppSuite","HabitNuWebAppRegression","WebAppSanityPackage.ExerciseSection","WebAppSanityPackage.ExerciseSection","case3","Verify No data added for last 30 days",""
"passed","Sat Nov 08 21:54:32 UTC 2025","Sat Nov 08 21:54:33 UTC 2025","941","HabitNuWebAppSuite","HabitNuWebAppRegression","WebAppSanityPackage.Login","WebAppSanityPackage.Login","testLoginWithInvalidEmailValidPassword","Verify login with invalid email and valid password",""
"passed","Sat Nov 08 22:17:00 UTC 2025","Sat Nov 08 22:17:01 UTC 2025","1135","HabitNuWebAppSuite","HabitNuWebAppRegression","WebAppSanityPackage.GuidedTour","WebAppSanityPackage.GuidedTour","test5_navigatingguidedtour","And user is navigating to Habi page by clicking Finish button",""
"passed","Sat Nov 08 21:53:12 UTC 2025","Sat Nov 08 21:53:13 UTC 2025","1346","HabitNuWebAppSuite","HabitNuWebAppRegression","WebAppSanityPackage.WebAppClass","WebAppSanityPackage.WebAppClass","case24","Custom food delete",""
"passed","Sat Nov 08 22:15:25 UTC 2025","Sat Nov 08 22:15:25 UTC 2025","759","HabitNuWebAppSuite","HabitNuWebAppRegression","WebAppSanityPackage.Myrecipes","WebAppSanityPackage.Myrecipes","test11_removeingredient","And user is able to remove ingredient",""
"passed","Sat Nov 08 21:46:04 UTC 2025","Sat Nov 08 21:46:05 UTC 2025","129","HabitNuWebAppSuite","HabitNuWebAppRegression","WebAppSanityPackage.ChatandNotificationsClass","WebAppSanityPackage.ChatandNotificationsClass","case5","Close the chatbox",""
"passed","Sat Nov 08 21:52:44 UTC 2025","Sat Nov 08 21:52:49 UTC 2025","4992","HabitNuWebAppSuite","HabitNuWebAppRegression","WebAppSanityPackage.WebAppClass","WebAppSanityPackage.WebAppClass","case15","Click on Date Picker, Select Previous Date, and Add Food",""
"passed","Sat Nov 08 22:15:08 UTC 2025","Sat Nov 08 22:15:09 UTC 2025","332","HabitNuWebAppSuite","HabitNuWebAppRegression","WebAppSanityPackage.Myrecipes","WebAppSanityPackage.Myrecipes","test4_fieldsvalidations","Then user is validating the fields in my recipe",""
"passed","Sat Nov 08 21:45:38 UTC 2025","Sat Nov 08 21:45:39 UTC 2025","1115","HabitNuWebAppSuite","HabitNuWebAppRegression","WebAppSanityPackage.Weights_lbs_Kgs","WebAppSanityPackage.Weights_lbs_Kgs","case8","Set Targets with Unit Toggle and store selected unit",""
"passed","Sat Nov 08 21:42:22 UTC 2025","Sat Nov 08 21:42:30 UTC 2025","8530","HabitNuWebAppSuite","HabitNuWebAppRegression","WebAppSanityPackage.DiscussAppClass","WebAppSanityPackage.DiscussAppClass","case10","Upload more than 5 files (should not allow)",""
"passed","Sat Nov 08 21:48:05 UTC 2025","Sat Nov 08 21:48:15 UTC 2025","10425","HabitNuWebAppSuite","HabitNuWebAppRegression","WebAppSanityPackage.HabitsAppClass","WebAppSanityPackage.HabitsAppClass","case17","Click on Active Habits dropdown",""
"passed","Sat Nov 08 21:48:18 UTC 2025","Sat Nov 08 21:48:33 UTC 2025","14487","HabitNuWebAppSuite","HabitNuWebAppRegression","WebAppSanityPackage.HabitsAppClass","WebAppSanityPackage.HabitsAppClass","case19","Click on Add button it should take to create the habit page and create the habit using flexible days",""
"passed","Sat Nov 08 21:51:49 UTC 2025","Sat Nov 08 21:51:50 UTC 2025","1676","HabitNuWebAppSuite","HabitNuWebAppRegression","WebAppSanityPackage.ExerciseSection","WebAppSanityPackage.ExerciseSection","case6","verify last added monthly and yesterday's data in details page in exercise section",""
"passed","Sat Nov 08 22:05:56 UTC 2025","Sat Nov 08 22:06:14 UTC 2025","17947","HabitNuWebAppSuite","HabitNuWebAppRegression","WebAppSanityPackage.habiRecipe","WebAppSanityPackage.habiRecipe","case16","Generate New Recipe for diet type",""
"passed","Sat Nov 08 22:15:43 UTC 2025","Sat Nov 08 22:16:31 UTC 2025","48264","HabitNuWebAppSuite","HabitNuWebAppRegression","WebAppSanityPackage.Myrecipes","WebAppSanityPackage.Myrecipes","test18_searchrecipe","And user is able to search the recipe",""
"passed","Sat Nov 08 21:52:31 UTC 2025","Sat Nov 08 21:52:31 UTC 2025","0","HabitNuWebAppSuite","HabitNuWebAppRegression","WebAppSanityPackage.WebAppClass","WebAppSanityPackage.WebAppClass","case8","Click on Add Food, go to recipes and search and add it",""
"passed","Sat Nov 08 21:48:00 UTC 2025","Sat Nov 08 21:48:00 UTC 2025","194","HabitNuWebAppSuite","HabitNuWebAppRegression","WebAppSanityPackage.HabitsAppClass","WebAppSanityPackage.HabitsAppClass","case14","Click on Activate and do not add the habit back",""
"passed","Sat Nov 08 22:11:20 UTC 2025","Sat Nov 08 22:11:21 UTC 2025","1109","HabitNuWebAppSuite","HabitNuWebAppRegression","WebAppSanityPackage.WebAppHealth_WeightSection","WebAppSanityPackage.WebAppHealth_WeightSection","editTargetWithBlankValue","edit -  Weight cannot be blank",""
"passed","Sat Nov 08 21:42:30 UTC 2025","Sat Nov 08 21:42:31 UTC 2025","489","HabitNuWebAppSuite","HabitNuWebAppRegression","WebAppSanityPackage.DiscussAppClass","WebAppSanityPackage.DiscussAppClass","case11","Edit the post with subject line (should update the post)",""
"passed","Sat Nov 08 21:56:20 UTC 2025","Sat Nov 08 21:56:22 UTC 2025","1884","HabitNuWebAppSuite","HabitNuWebAppRegression","WebAppSanityPackage.Hba1c","WebAppSanityPackage.Hba1c","case12","verify deleting of hba1c datas",""
"passed","Sat Nov 08 21:42:31 UTC 2025","Sat Nov 08 21:42:31 UTC 2025","711","HabitNuWebAppSuite","HabitNuWebAppRegression","WebAppSanityPackage.DiscussAppClass","WebAppSanityPackage.DiscussAppClass","case12","Edit the post with describe line ( It should edit the post)",""
"passed","Sat Nov 08 21:43:57 UTC 2025","Sat Nov 08 21:43:58 UTC 2025","1398","HabitNuWebAppSuite","HabitNuWebAppRegression","WebAppSanityPackage.ProfileAppClass","WebAppSanityPackage.ProfileAppClass","case51","Add Hips (in inches) as valid number and save",""
"passed","Sat Nov 08 21:55:14 UTC 2025","Sat Nov 08 21:55:15 UTC 2025","1234","HabitNuWebAppSuite","HabitNuWebAppRegression","WebAppSanityPackage.Login","WebAppSanityPackage.Login","testHabitNuRegisterNavigation","Verify Register navigation in HabitNu",""
"passed","Sat Nov 08 21:56:51 UTC 2025","Sat Nov 08 21:57:01 UTC 2025","9478","HabitNuWebAppSuite","HabitNuWebAppRegression","WebAppSanityPackage.generalContentWEB","WebAppSanityPackage.generalContentWEB","case3","Verify Fitness Videos Details Consistency",""
"failed","Sat Nov 08 22:10:19 UTC 2025","Sat Nov 08 22:10:22 UTC 2025","2666","HabitNuWebAppSuite","HabitNuWebAppRegression","WebAppSanityPackage.recipeBuilder","WebAppSanityPackage.recipeBuilder","verifyFavoriteRecipesUnderFood","verify favorite food list under Food>Favorites",""
"passed","Sat Nov 08 21:51:04 UTC 2025","Sat Nov 08 21:51:06 UTC 2025","1846","HabitNuWebAppSuite","HabitNuWebAppRegression","WebAppSanityPackage.Sugar_Section","WebAppSanityPackage.Sugar_Section","case19","verify decimal data in Blood Sugar section After meal",""
"passed","Sat Nov 08 21:42:57 UTC 2025","Sat Nov 08 21:42:59 UTC 2025","1653","HabitNuWebAppSuite","HabitNuWebAppRegression","WebAppSanityPackage.ProfileAppClass","WebAppSanityPackage.ProfileAppClass","replaceProfilePicture","Replace profile picture → should update",""
"broken","Sat Nov 08 21:45:10 UTC 2025","Sat Nov 08 21:45:12 UTC 2025","2058","HabitNuWebAppSuite","HabitNuWebAppRegression","WebAppSanityPackage.ProfileAppClass","WebAppSanityPackage.ProfileAppClass","testToggleNotifications","Toggle notifications On/Off and validate state change",""
"passed","Sat Nov 08 22:15:09 UTC 2025","Sat Nov 08 22:15:19 UTC 2025","10470","HabitNuWebAppSuite","HabitNuWebAppRegression","WebAppSanityPackage.Myrecipes","WebAppSanityPackage.Myrecipes","test5_enterrecipe","When user is able to enter the fields",""
"passed","Sat Nov 08 22:15:22 UTC 2025","Sat Nov 08 22:15:22 UTC 2025","569","HabitNuWebAppSuite","HabitNuWebAppRegression","WebAppSanityPackage.Myrecipes","WebAppSanityPackage.Myrecipes","test7_toastvalidation","And user is able to validate added ingredient toast message",""
"passed","Sat Nov 08 21:53:01 UTC 2025","Sat Nov 08 21:53:03 UTC 2025","1899","HabitNuWebAppSuite","HabitNuWebAppRegression","WebAppSanityPackage.WebAppClass","WebAppSanityPackage.WebAppClass","case20","Add food quantity as 0",""
"passed","Sat Nov 08 21:43:57 UTC 2025","Sat Nov 08 21:43:57 UTC 2025","410","HabitNuWebAppSuite","HabitNuWebAppRegression","WebAppSanityPackage.ProfileAppClass","WebAppSanityPackage.ProfileAppClass","case50","Add Hips (in inches) as letters and save",""
"passed","Sat Nov 08 22:17:09 UTC 2025","Sat Nov 08 22:17:09 UTC 2025","741","HabitNuWebAppSuite","HabitNuWebAppRegression","WebAppSanityPackage.GuidedTour","WebAppSanityPackage.GuidedTour","test11_navigatingtourpage4","And user is navigating from third slide to fourth slide and validating",""
"passed","Sat Nov 08 22:12:51 UTC 2025","Sat Nov 08 22:13:02 UTC 2025","10969","HabitNuWebAppSuite","HabitNuWebAppRegression","WebAppSanityPackage.Medication","WebAppSanityPackage.Medication","case14","Weight loss medication Edit details on Log",""
"passed","Sat Nov 08 21:42:40 UTC 2025","Sat Nov 08 21:42:42 UTC 2025","2320","HabitNuWebAppSuite","HabitNuWebAppRegression","WebAppSanityPackage.DiscussAppClass","WebAppSanityPackage.DiscussAppClass","case24","upload a message in my post",""
"passed","Sat Nov 08 21:43:58 UTC 2025","Sat Nov 08 21:44:00 UTC 2025","1493","HabitNuWebAppSuite","HabitNuWebAppRegression","WebAppSanityPackage.ProfileAppClass","WebAppSanityPackage.ProfileAppClass","case53","Select Activity level as valid reason and save",""
"passed","Sat Nov 08 22:05:50 UTC 2025","Sat Nov 08 22:05:56 UTC 2025","5972","HabitNuWebAppSuite","HabitNuWebAppRegression","WebAppSanityPackage.habiRecipe","WebAppSanityPackage.habiRecipe","case15","Diet type",""
"passed","Sat Nov 08 21:34:44 UTC 2025","Sat Nov 08 21:34:45 UTC 2025","586","HabitNuWebAppSuite","HabitNuWebAppRegression","WebAppSanityPackage.HomePage","WebAppSanityPackage.HomePage","testProfileDropdownContents","Verify all options in the profile dropdown menu",""
"passed","Sat Nov 08 21:46:06 UTC 2025","Sat Nov 08 21:46:17 UTC 2025","10517","HabitNuWebAppSuite","HabitNuWebAppRegression","WebAppSanityPackage.ChatandNotificationsClass","WebAppSanityPackage.ChatandNotificationsClass","case8","Click on It’s time to update your habit tracker and it will take you to habit tracker",""
"passed","Sat Nov 08 22:17:09 UTC 2025","Sat Nov 08 22:17:10 UTC 2025","774","HabitNuWebAppSuite","HabitNuWebAppRegression","WebAppSanityPackage.GuidedTour","WebAppSanityPackage.GuidedTour","test12_navigatingtourpage5","And user is navigating from fourth slide to fifth and validating",""
"passed","Sat Nov 08 22:11:36 UTC 2025","Sat Nov 08 22:11:38 UTC 2025","2392","HabitNuWebAppSuite","HabitNuWebAppRegression","WebAppSanityPackage.WebAppHealth_WeightSection","WebAppSanityPackage.WebAppHealth_WeightSection","case5","verify added today data",""
"broken","Sat Nov 08 22:13:13 UTC 2025","Sat Nov 08 22:13:23 UTC 2025","10238","HabitNuWebAppSuite","HabitNuWebAppRegression","WebAppSanityPackage.Medication","WebAppSanityPackage.Medication","Case16verifyAddNewMedicationElements","TC: Verify the elements of Add New Medication popup",""
"passed","Sat Nov 08 21:56:31 UTC 2025","Sat Nov 08 21:56:31 UTC 2025","374","HabitNuWebAppSuite","HabitNuWebAppRegression","WebAppSanityPackage.Hba1c","WebAppSanityPackage.Hba1c","editTargetWithNegatives","edit -  negative target values and assert messages",""
"passed","Sat Nov 08 21:48:39 UTC 2025","Sat Nov 08 21:48:50 UTC 2025","10717","HabitNuWebAppSuite","HabitNuWebAppRegression","WebAppSanityPackage.HabitsAppClass","WebAppSanityPackage.HabitsAppClass","case24","Click on Calender and edit  and save the details",""
"passed","Sat Nov 08 21:40:14 UTC 2025","Sat Nov 08 21:40:16 UTC 2025","1465","HabitNuWebAppSuite","HabitNuWebAppRegression","WebAppSanityPackage.TobaccoSection","WebAppSanityPackage.TobaccoSection","case11_editTargetWithGreaterThan99","edit -  enter target more than 99 and assert messages",""
"passed","Sat Nov 08 21:54:13 UTC 2025","Sat Nov 08 21:54:14 UTC 2025","614","HabitNuWebAppSuite","HabitNuWebAppRegression","WebAppSanityPackage.Login","WebAppSanityPackage.Login","testLoginWithInvalidEmailFormat","Verify error for an invalid email format",""
"passed","Sat Nov 08 22:13:52 UTC 2025","Sat Nov 08 22:13:52 UTC 2025","268","HabitNuWebAppSuite","HabitNuWebAppRegression","WebAppSanityPackage.Medication","WebAppSanityPackage.Medication","case21","Adding Strength",""
"passed","Sat Nov 08 21:42:37 UTC 2025","Sat Nov 08 21:42:37 UTC 2025","199","HabitNuWebAppSuite","HabitNuWebAppRegression","WebAppSanityPackage.DiscussAppClass","WebAppSanityPackage.DiscussAppClass","case21","Click on my posts ( it should take to my post section)",""
"passed","Sat Nov 08 21:51:25 UTC 2025","Sat Nov 08 21:51:25 UTC 2025","182","HabitNuWebAppSuite","HabitNuWebAppRegression","WebAppSanityPackage.ExerciseSection","WebAppSanityPackage.ExerciseSection","placeHolderOfTobaccoCountValueInputBox","verify placeholder - Exercise ",""
"passed","Sat Nov 08 21:40:27 UTC 2025","Sat Nov 08 21:40:28 UTC 2025","1575","HabitNuWebAppSuite","HabitNuWebAppRegression","WebAppSanityPackage.TobaccoSection","WebAppSanityPackage.TobaccoSection","case15_graphcase1","Load web app -> Click on Health section -> Weight section -> click on three lines -> Click on graph -> click on filter as last week",""
"passed","Sat Nov 08 21:54:25 UTC 2025","Sat Nov 08 21:54:27 UTC 2025","1979","HabitNuWebAppSuite","HabitNuWebAppRegression","WebAppSanityPackage.Login","WebAppSanityPackage.Login","testEmailCaseInsensitive","Verify email input is case-insensitive",""
"passed","Sat Nov 08 21:42:02 UTC 2025","Sat Nov 08 21:42:06 UTC 2025","3675","HabitNuWebAppSuite","HabitNuWebAppRegression","WebAppSanityPackage.DiscussAppClass","WebAppSanityPackage.DiscussAppClass","case5","Upload a message with subject, description, and file (should allow uploading)",""
"passed","Sat Nov 08 22:05:46 UTC 2025","Sat Nov 08 22:05:50 UTC 2025","4772","HabitNuWebAppSuite","HabitNuWebAppRegression","WebAppSanityPackage.habiRecipe","WebAppSanityPackage.habiRecipe","Case14","Selecting the Generated Recipe and Logging It",""
"passed","Sat Nov 08 21:41:53 UTC 2025","Sat Nov 08 21:41:53 UTC 2025","154","HabitNuWebAppSuite","HabitNuWebAppRegression","WebAppSanityPackage.TobaccoSection","WebAppSanityPackage.TobaccoSection","case27","verify decimal data in Tobacco Count section",""
"passed","Sat Nov 08 21:56:34 UTC 2025","Sat Nov 08 21:56:40 UTC 2025","6755","HabitNuWebAppSuite","HabitNuWebAppRegression","WebAppSanityPackage.generalContentWEB","WebAppSanityPackage.generalContentWEB","case1","Main Page",""
"passed","Sat Nov 08 21:42:37 UTC 2025","Sat Nov 08 21:42:37 UTC 2025","400","HabitNuWebAppSuite","HabitNuWebAppRegression","WebAppSanityPackage.DiscussAppClass","WebAppSanityPackage.DiscussAppClass","case22","Post a message in my post",""
"passed","Sat Nov 08 22:11:41 UTC 2025","Sat Nov 08 22:11:41 UTC 2025","228","HabitNuWebAppSuite","HabitNuWebAppRegression","WebAppSanityPackage.WebAppHealth_WeightSection","WebAppSanityPackage.WebAppHealth_WeightSection","case9","Add data as negative weight",""
"passed","Sat Nov 08 22:15:07 UTC 2025","Sat Nov 08 22:15:08 UTC 2025","906","HabitNuWebAppSuite","HabitNuWebAppRegression","WebAppSanityPackage.Myrecipes","WebAppSanityPackage.Myrecipes","test2_clickonMyRecipes","When user Click on My Recipe",""
"passed","Sat Nov 08 21:40:06 UTC 2025","Sat Nov 08 21:40:06 UTC 2025","178","HabitNuWebAppSuite","HabitNuWebAppRegression","WebAppSanityPackage.TobaccoSection","WebAppSanityPackage.TobaccoSection","case4_placeHolderOfTobaccoCountValueInputBox","verify placeholder - MAX ",""
"passed","Sat Nov 08 21:43:14 UTC 2025","Sat Nov 08 21:43:17 UTC 2025","2706","HabitNuWebAppSuite","HabitNuWebAppRegression","WebAppSanityPackage.ProfileAppClass","WebAppSanityPackage.ProfileAppClass","setDOBAndSave","Select DOB and save → Should update successfully",""
"passed","Sat Nov 08 21:38:59 UTC 2025","Sat Nov 08 21:39:06 UTC 2025","6866","HabitNuWebAppSuite","HabitNuWebAppRegression","WebAppSanityPackage.BloodPressure_Section","WebAppSanityPackage.BloodPressure_Section","setTarget","enter target values and do click on 'x' mark and do not save",""
"broken","Sat Nov 08 21:44:20 UTC 2025","Sat Nov 08 21:44:22 UTC 2025","2399","HabitNuWebAppSuite","HabitNuWebAppRegression","WebAppSanityPackage.ProfileAppClass","WebAppSanityPackage.ProfileAppClass","case69","Upload file, name, type and cancel",""
"passed","Sat Nov 08 21:55:05 UTC 2025","Sat Nov 08 21:55:06 UTC 2025","1010","HabitNuWebAppSuite","HabitNuWebAppRegression","WebAppSanityPackage.Login","WebAppSanityPackage.Login","testForgotPasswordWithInvalidEmail","Verify forgot password with invalid/unregistered email",""
"passed","Sat Nov 08 21:43:17 UTC 2025","Sat Nov 08 21:43:21 UTC 2025","4099","HabitNuWebAppSuite","HabitNuWebAppRegression","WebAppSanityPackage.ProfileAppClass","WebAppSanityPackage.ProfileAppClass","setTimeZoneEasternAndSave","Select Timezone as 'Eastern' and save → should update successfully",""
"broken","Sat Nov 08 22:09:31 UTC 2025","Sat Nov 08 22:09:56 UTC 2025","25358","HabitNuWebAppSuite","HabitNuWebAppRegression","WebAppSanityPackage.habiRecipe","WebAppSanityPackage.habiRecipe","Case47","Selecting the Generated Recipe and Regenrating it",""
"passed","Sat Nov 08 21:43:29 UTC 2025","Sat Nov 08 21:43:31 UTC 2025","1422","HabitNuWebAppSuite","HabitNuWebAppRegression","WebAppSanityPackage.ProfileAppClass","WebAppSanityPackage.ProfileAppClass","keepAddressLine2BlankAndSave","Keep Address line 2 as blank and save",""
"passed","Sat Nov 08 21:51:29 UTC 2025","Sat Nov 08 21:51:29 UTC 2025","397","HabitNuWebAppSuite","HabitNuWebAppRegression","WebAppSanityPackage.ExerciseSection","WebAppSanityPackage.ExerciseSection","editTargetWithNegatives","edit -  negative target values and assert messages",""
"passed","Sat Nov 08 21:57:25 UTC 2025","Sat Nov 08 21:57:28 UTC 2025","2858","HabitNuWebAppSuite","HabitNuWebAppRegression","WebAppSanityPackage.waterLog","WebAppSanityPackage.waterLog","case9","Custom Water Log by Using + and - Buttons",""
"passed","Sat Nov 08 22:11:19 UTC 2025","Sat Nov 08 22:11:19 UTC 2025","364","HabitNuWebAppSuite","HabitNuWebAppRegression","WebAppSanityPackage.WebAppHealth_WeightSection","WebAppSanityPackage.WebAppHealth_WeightSection","editTargetWithNegatives","edit -  negative target values and assert messages",""
"passed","Sat Nov 08 22:16:31 UTC 2025","Sat Nov 08 22:16:44 UTC 2025","13092","HabitNuWebAppSuite","HabitNuWebAppRegression","WebAppSanityPackage.Myrecipes","WebAppSanityPackage.Myrecipes","test19_deleteallrecipes","Then user is able to delete all the recipes and validate no custom recipes",""
"passed","Sat Nov 08 22:12:49 UTC 2025","Sat Nov 08 22:12:51 UTC 2025","1965","HabitNuWebAppSuite","HabitNuWebAppRegression","WebAppSanityPackage.Medication","WebAppSanityPackage.Medication","case13","Weight loss medication Your Medication Edit detials on Yor Medication",""
"passed","Sat Nov 08 21:59:06 UTC 2025","Sat Nov 08 21:59:31 UTC 2025","25622","HabitNuWebAppSuite","HabitNuWebAppRegression","WebAppSanityPackage.foodGrouping","WebAppSanityPackage.foodGrouping","case6","add Meal to Lunch",""
"passed","Sat Nov 08 21:40:35 UTC 2025","Sat Nov 08 21:40:38 UTC 2025","2834","HabitNuWebAppSuite","HabitNuWebAppRegression","WebAppSanityPackage.TobaccoSection","WebAppSanityPackage.TobaccoSection","case18_graphCase6","Load web app -> Click on Health section -> Tobacco section ->>It should verify all the values added in graph",""
"passed","Sat Nov 08 21:44:57 UTC 2025","Sat Nov 08 21:45:00 UTC 2025","3189","HabitNuWebAppSuite","HabitNuWebAppRegression","WebAppSanityPackage.ProfileAppClass","WebAppSanityPackage.ProfileAppClass","case82","Enter wrong current password and new password, click Change Password",""
"passed","Sat Nov 08 21:51:30 UTC 2025","Sat Nov 08 21:51:34 UTC 2025","4288","HabitNuWebAppSuite","HabitNuWebAppRegression","WebAppSanityPackage.ExerciseSection","WebAppSanityPackage.ExerciseSection","case1","Click on health tab and verify no data recorded yet in Exercise section ",""
"passed","Sat Nov 08 21:48:37 UTC 2025","Sat Nov 08 21:48:38 UTC 2025","835","HabitNuWebAppSuite","HabitNuWebAppRegression","WebAppSanityPackage.HabitsAppClass","WebAppSanityPackage.HabitsAppClass","case22","double click on habit button and it should open the pop up",""
"passed","Sat Nov 08 21:52:39 UTC 2025","Sat Nov 08 21:52:40 UTC 2025","1725","HabitNuWebAppSuite","HabitNuWebAppRegression","WebAppSanityPackage.WebAppClass","WebAppSanityPackage.WebAppClass","case12","Click on View Food Log, and add food - Snacks",""
"failed","Sat Nov 08 21:45:14 UTC 2025","Sat Nov 08 21:45:15 UTC 2025","1228","HabitNuWebAppSuite","HabitNuWebAppRegression","WebAppSanityPackage.ProfileAppClass","WebAppSanityPackage.ProfileAppClass","case91","Click on Profile Dropdown and validate List of options",""
"passed","Sat Nov 08 21:42:31 UTC 2025","Sat Nov 08 21:42:35 UTC 2025","3387","HabitNuWebAppSuite","HabitNuWebAppRegression","WebAppSanityPackage.DiscussAppClass","WebAppSanityPackage.DiscussAppClass","Case13","Edit the post by adding a file (It should edit the post)",""
"passed","Sat Nov 08 21:43:24 UTC 2025","Sat Nov 08 21:43:25 UTC 2025","210","HabitNuWebAppSuite","HabitNuWebAppRegression","WebAppSanityPackage.ProfileAppClass","WebAppSanityPackage.ProfileAppClass","invalidAlphabetContactNumber","Add alphabets in contact number → Show invalid contact error",""
"passed","Sat Nov 08 22:05:15 UTC 2025","Sat Nov 08 22:05:21 UTC 2025","5690","HabitNuWebAppSuite","HabitNuWebAppRegression","WebAppSanityPackage.habiRecipe","WebAppSanityPackage.habiRecipe","case11","Food allergies",""
"passed","Sat Nov 08 21:39:35 UTC 2025","Sat Nov 08 21:39:36 UTC 2025","872","HabitNuWebAppSuite","HabitNuWebAppRegression","WebAppSanityPackage.BloodPressure_Section","WebAppSanityPackage.BloodPressure_Section","case15","verify decimal data in Blood Pressure section",""
"passed","Sat Nov 08 22:10:07 UTC 2025","Sat Nov 08 22:10:09 UTC 2025","1617","HabitNuWebAppSuite","HabitNuWebAppRegression","WebAppSanityPackage.recipeBuilder","WebAppSanityPackage.recipeBuilder","validateRecipeCardElements","Verify recipe card elements",""
"broken","Sat Nov 08 22:13:02 UTC 2025","Sat Nov 08 22:13:13 UTC 2025","11107","HabitNuWebAppSuite","HabitNuWebAppRegression","WebAppSanityPackage.Medication","WebAppSanityPackage.Medication","case15","Coach- Users- Medication- Creating new Medications.",""
"passed","Sat Nov 08 21:43:38 UTC 2025","Sat Nov 08 21:43:38 UTC 2025","485","HabitNuWebAppSuite","HabitNuWebAppRegression","WebAppSanityPackage.ProfileAppClass","WebAppSanityPackage.ProfileAppClass","keepZipcodeBlankAndSave","Keep Zipcode blank and save → Should show validation error",""
"passed","Sat Nov 08 21:41:50 UTC 2025","Sat Nov 08 21:41:53 UTC 2025","2796","HabitNuWebAppSuite","HabitNuWebAppRegression","WebAppSanityPackage.TobaccoSection","WebAppSanityPackage.TobaccoSection","case26","edit data in tobacco section",""
"passed","Sat Nov 08 21:44:06 UTC 2025","Sat Nov 08 21:44:06 UTC 2025","212","HabitNuWebAppSuite","HabitNuWebAppRegression","WebAppSanityPackage.ProfileAppClass","WebAppSanityPackage.ProfileAppClass","case64","Upload the file only and submit",""
"passed","Sat Nov 08 21:43:25 UTC 2025","Sat Nov 08 21:43:26 UTC 2025","1243","HabitNuWebAppSuite","HabitNuWebAppRegression","WebAppSanityPackage.ProfileAppClass","WebAppSanityPackage.ProfileAppClass","addValidPhoneNumber","Add valid phone number and save → Should save successfully",""
"passed","Sat Nov 08 21:39:12 UTC 2025","Sat Nov 08 21:39:13 UTC 2025","1270","HabitNuWebAppSuite","HabitNuWebAppRegression","WebAppSanityPackage.BloodPressure_Section","WebAppSanityPackage.BloodPressure_Section","editdiastolicTargetWithBlankValue","edit -  BP cannot be blank",""
"passed","Sat Nov 08 21:42:37 UTC 2025","Sat Nov 08 21:42:40 UTC 2025","2259","HabitNuWebAppSuite","HabitNuWebAppRegression","WebAppSanityPackage.DiscussAppClass","WebAppSanityPackage.DiscussAppClass","case23","comment a message in my post",""
"passed","Sat Nov 08 21:55:54 UTC 2025","Sat Nov 08 21:55:58 UTC 2025","4895","HabitNuWebAppSuite","HabitNuWebAppRegression","WebAppSanityPackage.Hba1c","WebAppSanityPackage.Hba1c","case5","add yesterday's hba1c n it should show last added data",""
"passed","Sat Nov 08 21:34:54 UTC 2025","Sat Nov 08 21:35:02 UTC 2025","8791","HabitNuWebAppSuite","HabitNuWebAppRegression","WebAppSanityPackage.HomePage","WebAppSanityPackage.HomePage","testHabitsSection","Verify Habits panel content and functionality",""
"passed","Sat Nov 08 22:11:46 UTC 2025","Sat Nov 08 22:11:48 UTC 2025","2870","HabitNuWebAppSuite","HabitNuWebAppRegression","WebAppSanityPackage.WebAppHealth_WeightSection","WebAppSanityPackage.WebAppHealth_WeightSection","graphcase1","Load web app -> Click on Health section -> Weight section -> click on three lines -> Click on graph -> click on filter as last week",""
"passed","Sat Nov 08 21:42:36 UTC 2025","Sat Nov 08 21:42:36 UTC 2025","115","HabitNuWebAppSuite","HabitNuWebAppRegression","WebAppSanityPackage.DiscussAppClass","WebAppSanityPackage.DiscussAppClass","case18","Click on - button of coaches ( it should go back )",""
"passed","Sat Nov 08 21:51:59 UTC 2025","Sat Nov 08 21:52:00 UTC 2025","204","HabitNuWebAppSuite","HabitNuWebAppRegression","WebAppSanityPackage.ExerciseSection","WebAppSanityPackage.ExerciseSection","case11","verify negative data as others in exercise section",""
"passed","Sat Nov 08 22:13:52 UTC 2025","Sat Nov 08 22:13:52 UTC 2025","234","HabitNuWebAppSuite","HabitNuWebAppRegression","WebAppSanityPackage.Medication","WebAppSanityPackage.Medication","case23","Creating new Medications details like selecting Type/Form.",""
"passed","Sat Nov 08 21:44:55 UTC 2025","Sat Nov 08 21:44:55 UTC 2025","293","HabitNuWebAppSuite","HabitNuWebAppRegression","WebAppSanityPackage.ProfileAppClass","WebAppSanityPackage.ProfileAppClass","case78","Click On change password section",""
"broken","Sat Nov 08 21:45:37 UTC 2025","Sat Nov 08 21:45:37 UTC 2025","17","HabitNuWebAppSuite","HabitNuWebAppRegression","WebAppSanityPackage.Weights_lbs_Kgs","WebAppSanityPackage.Weights_lbs_Kgs","setTargetMoreThan99","enter target more than 999 and assert messages",""
"passed","Sat Nov 08 21:52:20 UTC 2025","Sat Nov 08 21:52:23 UTC 2025","3679","HabitNuWebAppSuite","HabitNuWebAppRegression","WebAppSanityPackage.WebAppClass","WebAppSanityPackage.WebAppClass","case4","Click on add food and add the food - Snacks",""
"passed","Sat Nov 08 21:50:04 UTC 2025","Sat Nov 08 21:50:15 UTC 2025","10923","HabitNuWebAppSuite","HabitNuWebAppRegression","WebAppSanityPackage.Sugar_Section","WebAppSanityPackage.Sugar_Section","case9","verify added today data in Blood Sugar section as Fasting",""
"passed","Sat Nov 08 21:45:09 UTC 2025","Sat Nov 08 21:45:10 UTC 2025","423","HabitNuWebAppSuite","HabitNuWebAppRegression","WebAppSanityPackage.ProfileAppClass","WebAppSanityPackage.ProfileAppClass","testToggleNotifications","Toggle notifications On/Off and validate state change",""
"passed","Sat Nov 08 21:55:59 UTC 2025","Sat Nov 08 21:56:03 UTC 2025","4607","HabitNuWebAppSuite","HabitNuWebAppRegression","WebAppSanityPackage.Hba1c","WebAppSanityPackage.Hba1c","case7","verify blank data in Hba1c section",""
"passed","Sat Nov 08 22:10:35 UTC 2025","Sat Nov 08 22:10:35 UTC 2025","113","HabitNuWebAppSuite","HabitNuWebAppRegression","WebAppSanityPackage.recipeBuilder","WebAppSanityPackage.recipeBuilder","verifyRemoveFavorites_from_recipeList_page","remove fav recipes from recipe list page",""
"passed","Sat Nov 08 21:52:14 UTC 2025","Sat Nov 08 21:52:17 UTC 2025","3224","HabitNuWebAppSuite","HabitNuWebAppRegression","WebAppSanityPackage.WebAppClass","WebAppSanityPackage.WebAppClass","case2","Click on add food and add the food - Lunch",""
"passed","Sat Nov 08 21:56:23 UTC 2025","Sat Nov 08 21:56:23 UTC 2025","324","HabitNuWebAppSuite","HabitNuWebAppRegression","WebAppSanityPackage.Hba1c","WebAppSanityPackage.Hba1c","setNegativeTarget","enter negative target values and assert messages",""
"passed","Sat Nov 08 21:52:42 UTC 2025","Sat Nov 08 21:52:44 UTC 2025","1389","HabitNuWebAppSuite","HabitNuWebAppRegression","WebAppSanityPackage.WebAppClass","WebAppSanityPackage.WebAppClass","case14","Click on View Food Log, Select a Food and Delete it",""
"passed","Sat Nov 08 21:40:52 UTC 2025","Sat Nov 08 21:41:14 UTC 2025","21963","HabitNuWebAppSuite","HabitNuWebAppRegression","WebAppSanityPackage.TobaccoSection","WebAppSanityPackage.TobaccoSection","case21","add yesterday's tobacco n it should show last added data",""
"passed","Sat Nov 08 21:56:03 UTC 2025","Sat Nov 08 21:56:08 UTC 2025","4474","HabitNuWebAppSuite","HabitNuWebAppRegression","WebAppSanityPackage.Hba1c","WebAppSanityPackage.Hba1c","case8","verify negative data in Hba1c count section",""
"passed","Sat Nov 08 21:49:20 UTC 2025","Sat Nov 08 21:49:21 UTC 2025","1625","HabitNuWebAppSuite","HabitNuWebAppRegression","WebAppSanityPackage.Sugar_Section","WebAppSanityPackage.Sugar_Section","editTargetWithGreaterThan999","edit -  enter High target more than 999 and assert messages",""
"passed","Sat Nov 08 21:55:12 UTC 2025","Sat Nov 08 21:55:13 UTC 2025","1288","HabitNuWebAppSuite","HabitNuWebAppRegression","WebAppSanityPackage.Login","WebAppSanityPackage.Login","testLanguageChangeToSpanish","Verify language change to Spanish",""
"passed","Sat Nov 08 21:39:12 UTC 2025","Sat Nov 08 21:39:12 UTC 2025","398","HabitNuWebAppSuite","HabitNuWebAppRegression","WebAppSanityPackage.BloodPressure_Section","WebAppSanityPackage.BloodPressure_Section","editsystolicTargetWithBlankValue","edit -  systolic BP cannot be blank",""
"passed","Sat Nov 08 21:42:35 UTC 2025","Sat Nov 08 21:42:36 UTC 2025","266","HabitNuWebAppSuite","HabitNuWebAppRegression","WebAppSanityPackage.DiscussAppClass","WebAppSanityPackage.DiscussAppClass","case15","Add the comment ( It should add the comment)",""
"passed","Sat Nov 08 22:06:29 UTC 2025","Sat Nov 08 22:06:54 UTC 2025","24356","HabitNuWebAppSuite","HabitNuWebAppRegression","WebAppSanityPackage.habiRecipe","WebAppSanityPackage.habiRecipe","case20","Generate New Recipe for Macronutrient considerations",""
"passed","Sat Nov 08 22:13:55 UTC 2025","Sat Nov 08 22:13:56 UTC 2025","1144","HabitNuWebAppSuite","HabitNuWebAppRegression","WebAppSanityPackage.Medication","WebAppSanityPackage.Medication","case27","Creating)",""
"passed","Sat Nov 08 21:40:10 UTC 2025","Sat Nov 08 21:40:14 UTC 2025","4194","HabitNuWebAppSuite","HabitNuWebAppRegression","WebAppSanityPackage.TobaccoSection","WebAppSanityPackage.TobaccoSection","case9_editTargetButDoNotSave","edit target values and do click on 'x' mark and do not save",""
"passed","Sat Nov 08 21:45:00 UTC 2025","Sat Nov 08 21:45:03 UTC 2025","2309","HabitNuWebAppSuite","HabitNuWebAppRegression","WebAppSanityPackage.ProfileAppClass","WebAppSanityPackage.ProfileAppClass","case83","Enter mismatched confirm password and click Change Password",""
"passed","Sat Nov 08 22:14:07 UTC 2025","Sat Nov 08 22:14:17 UTC 2025","10234","HabitNuWebAppSuite","HabitNuWebAppRegression","WebAppSanityPackage.Medication","WebAppSanityPackage.Medication","case29","Weight loss medication Edit details on Log",""
"passed","Sat Nov 08 21:42:12 UTC 2025","Sat Nov 08 21:42:16 UTC 2025","4374","HabitNuWebAppSuite","HabitNuWebAppRegression","WebAppSanityPackage.DiscussAppClass","WebAppSanityPackage.DiscussAppClass","case7","Upload a message with description and add file (should upload the file)",""
"passed","Sat Nov 08 21:44:06 UTC 2025","Sat Nov 08 21:44:06 UTC 2025","249","HabitNuWebAppSuite","HabitNuWebAppRegression","WebAppSanityPackage.ProfileAppClass","WebAppSanityPackage.ProfileAppClass","case63","Click on the Upload button",""
"passed","Sat Nov 08 21:52:17 UTC 2025","Sat Nov 08 21:52:20 UTC 2025","2680","HabitNuWebAppSuite","HabitNuWebAppRegression","WebAppSanityPackage.WebAppClass","WebAppSanityPackage.WebAppClass","case3","Click on add food and add the food - Dinner",""
"passed","Sat Nov 08 21:45:57 UTC 2025","Sat Nov 08 21:45:59 UTC 2025","2325","HabitNuWebAppSuite","HabitNuWebAppRegression","WebAppSanityPackage.ChatandNotificationsClass","WebAppSanityPackage.ChatandNotificationsClass","case2","Send a message in chatbox and click enter",""
"passed","Sat Nov 08 21:57:55 UTC 2025","Sat Nov 08 21:58:38 UTC 2025","42023","HabitNuWebAppSuite","HabitNuWebAppRegression","WebAppSanityPackage.foodGrouping","WebAppSanityPackage.foodGrouping","case1","Main Page Navigation",""
"passed","Sat Nov 08 21:49:09 UTC 2025","Sat Nov 08 21:49:09 UTC 2025","235","HabitNuWebAppSuite","HabitNuWebAppRegression","WebAppSanityPackage.Sugar_Section","WebAppSanityPackage.Sugar_Section","placeHolderOfBPCountValueInputBox","verify placeholder - High and Low ",""
"passed","Sat Nov 08 22:02:45 UTC 2025","Sat Nov 08 22:02:53 UTC 2025","7797","HabitNuWebAppSuite","HabitNuWebAppRegression","WebAppSanityPackage.foodGrouping","WebAppSanityPackage.foodGrouping","case23","Editing 'My Meal' from existing group, updating all items' quantity in the group",""
"passed","Sat Nov 08 21:49:10 UTC 2025","Sat Nov 08 21:49:10 UTC 2025","336","HabitNuWebAppSuite","HabitNuWebAppRegression","WebAppSanityPackage.Sugar_Section","WebAppSanityPackage.Sugar_Section","setHighTargetMoreThan250","enter High target more than 1000 and assert messages",""
"passed","Sat Nov 08 21:56:23 UTC 2025","Sat Nov 08 21:56:27 UTC 2025","3342","HabitNuWebAppSuite","HabitNuWebAppRegression","WebAppSanityPackage.Hba1c","WebAppSanityPackage.Hba1c","editTargetWithBlankValue","edit -  HbA1c cannot be blank",""
"passed","Sat Nov 08 21:47:38 UTC 2025","Sat Nov 08 21:47:41 UTC 2025","2385","HabitNuWebAppSuite","HabitNuWebAppRegression","WebAppSanityPackage.HabitsAppClass","WebAppSanityPackage.HabitsAppClass","case6","Single Click on habit button and mark a green",""
"broken","Sat Nov 08 21:43:48 UTC 2025","Sat Nov 08 21:43:48 UTC 2025","16","HabitNuWebAppSuite","HabitNuWebAppRegression","WebAppSanityPackage.ProfileAppClass","WebAppSanityPackage.ProfileAppClass","addWaistAsLettersAndValidate","Add Waist as letters → Should show validation error",""
"passed","Sat Nov 08 22:14:38 UTC 2025","Sat Nov 08 22:14:49 UTC 2025","10279","HabitNuWebAppSuite","HabitNuWebAppRegression","WebAppSanityPackage.Medication","WebAppSanityPackage.Medication","case33","Weight loss medication Skipped and taken",""
"passed","Sat Nov 08 21:35:04 UTC 2025","Sat Nov 08 21:35:06 UTC 2025","1469","HabitNuWebAppSuite","HabitNuWebAppRegression","WebAppSanityPackage.HomePage","WebAppSanityPackage.HomePage","testSetTargetsSection","Verify 'Set Targets' page content and functionality",""
"passed","Sat Nov 08 21:35:18 UTC 2025","Sat Nov 08 21:37:31 UTC 2025","133404","HabitNuWebAppSuite","HabitNuWebAppRegression","WebAppSanityPackage.HomePage","WebAppSanityPackage.HomePage","deleteFoodLogsForPreviousDays","Delete all food logs for the previous seven days",""
"passed","Sat Nov 08 21:55:51 UTC 2025","Sat Nov 08 21:55:54 UTC 2025","2773","HabitNuWebAppSuite","HabitNuWebAppRegression","WebAppSanityPackage.Hba1c","WebAppSanityPackage.Hba1c","case4","verify added today data in hba1c section ",""
"passed","Sat Nov 08 21:42:36 UTC 2025","Sat Nov 08 21:42:37 UTC 2025","692","HabitNuWebAppSuite","HabitNuWebAppRegression","WebAppSanityPackage.DiscussAppClass","WebAppSanityPackage.DiscussAppClass","case19","Click on + button of memebers ( it should list all memebers)",""
"passed","Sat Nov 08 21:39:30 UTC 2025","Sat Nov 08 21:39:31 UTC 2025","537","HabitNuWebAppSuite","HabitNuWebAppRegression","WebAppSanityPackage.BloodPressure_Section","WebAppSanityPackage.BloodPressure_Section","case5","add yesterday's Blood Pressure n it should show last added data",""
"passed","Sat Nov 08 21:46:27 UTC 2025","Sat Nov 08 21:46:38 UTC 2025","10572","HabitNuWebAppSuite","HabitNuWebAppRegression","WebAppSanityPackage.ChatandNotificationsClass","WebAppSanityPackage.ChatandNotificationsClass","case10","Click on HabitNu: Welcome to a new week! Please step on your scale to record your weight 3 days this week!",""
"passed","Sat Nov 08 22:10:09 UTC 2025","Sat Nov 08 22:10:14 UTC 2025","5140","HabitNuWebAppSuite","HabitNuWebAppRegression","WebAppSanityPackage.recipeBuilder","WebAppSanityPackage.recipeBuilder","favoriteTheRecipe","verify recipe favorite",""
"failed","Sat Nov 08 21:37:43 UTC 2025","Sat Nov 08 21:37:47 UTC 2025","3810","HabitNuWebAppSuite","HabitNuWebAppRegression","WebAppSanityPackage.HomePage","WebAppSanityPackage.HomePage","testSetTargetPage","Verify the Meals, Weight, Exercise page layout and functionality",""
"passed","Sat Nov 08 21:42:37 UTC 2025","Sat Nov 08 21:42:37 UTC 2025","95","HabitNuWebAppSuite","HabitNuWebAppRegression","WebAppSanityPackage.DiscussAppClass","WebAppSanityPackage.DiscussAppClass","case20","Click on - button of members ( it should go back )",""
