"Status","Start Time","Stop Time","Duration in ms","Parent Suite","Suite","Sub Suite","Test Class","Test Method","Name","Description"
"passed","Sun Jul 19 23:53:43 UTC 2026","Sun Jul 19 23:53:54 UTC 2026","10441","HabitNuCoachPortalSuite","Milestones","CoachesPortal.VAMilestone","CoachesPortal.VAMilestone","test12_validating_VAHeaders_data","And user is validating to VAHeaders data by clicking arrow button",""
"broken","Sun Jul 19 22:57:09 UTC 2026","Sun Jul 19 22:57:29 UTC 2026","20397","HabitNuCoachPortalSuite","HabitNuCoachesPortalRegression-PartB","CoachesPortal.OnsiteUsersListDashboard","CoachesPortal.OnsiteUsersListDashboard","case14","test1 > Given I am logged in as coach, SDOH Risk Area flag test case.","test1 > Given I am logged in as coach, SDOH Risk Area flag test case."
"passed","Mon Jul 20 00:21:34 UTC 2026","Mon Jul 20 00:21:40 UTC 2026","6307","HabitNuCoachPortalSuite","DifferentTypeOfDashboards","CoachesPortal.CohortLevelDashboard.DSMEDashboardCoachesPortal","CoachesPortal.CohortLevelDashboard.DSMEDashboardCoachesPortal","test11_ReferralManager_addparticipantsreferral_addnotes","And user is able to add notes in referral manager",""
"passed","Sun Jul 19 23:34:03 UTC 2026","Sun Jul 19 23:34:03 UTC 2026","869","HabitNuCoachPortalSuite","Paywal","CoachesPortal.payWall","CoachesPortal.payWall","testFilterTransactions","COP-T400: Validate all transaction filters",""
"broken","Sun Jul 19 23:50:27 UTC 2026","Sun Jul 19 23:50:28 UTC 2026","1165","HabitNuCoachPortalSuite","GroupDPPClassPlanner","CoachesPortal.ClassPlanner","CoachesPortal.ClassPlanner","case32","validate user is able to add notes",""
"passed","Sun Jul 19 22:53:54 UTC 2026","Sun Jul 19 22:53:54 UTC 2026","33","HabitNuCoachPortalSuite","HabitNuCoachesPortalRegression-PartA","CoachesPortal.LearnModule.CustomerAdminCourseDocument","CoachesPortal.LearnModule.CustomerAdminCourseDocument","verifyNoOfElementsInCourseDocuments","Verify No of Elements In CourseDocument",""
"passed","Sun Jul 19 23:52:59 UTC 2026","Sun Jul 19 23:53:03 UTC 2026","3672","HabitNuCoachPortalSuite","Milestones","CoachesPortal.VAMilestone","CoachesPortal.VAMilestone","test5_navigating_VAmilestone","And user is navigating to VA_Milestone",""
"passed","Sun Jul 19 23:50:40 UTC 2026","Sun Jul 19 23:50:42 UTC 2026","1317","HabitNuCoachPortalSuite","GeneralContent","CoachesPortal.generalContent_WEb_Coaches","CoachesPortal.generalContent_WEb_Coaches","case3","Creating tags for Food",""
"failed","Sun Jul 19 23:33:25 UTC 2026","Sun Jul 19 23:33:29 UTC 2026","3716","HabitNuCoachPortalSuite","Paywal","CoachesPortal.payWall","CoachesPortal.payWall","testFilterSubscriptions","COP-T397–399: Validate subscription filters",""
"passed","Sun Jul 19 22:47:36 UTC 2026","Sun Jul 19 22:47:40 UTC 2026","4788","HabitNuCoachPortalSuite","HabitNuCoachesPortalRegression-PartA","CoachesPortal.LearnModule.Learn","CoachesPortal.LearnModule.Learn","addContentToTheCourse","add content to the course",""
"passed","Sun Jul 19 23:30:55 UTC 2026","Sun Jul 19 23:31:03 UTC 2026","8334","HabitNuCoachPortalSuite","Scheduler","CoachesPortal.Schedular","CoachesPortal.Schedular","clickOnSchedular","test1 > Given I am logged in as admin, wehn I click on Scheduler module, Then I should be taken to meeting time slot pick up page","admin login - clicking on scheduler should open the scheduler page in coaches portal"
"broken","Sun Jul 19 23:59:32 UTC 2026","Mon Jul 20 00:00:05 UTC 2026","32582","HabitNuCoachPortalSuite","UserDashboard","CoachesPortal.PatientDashboard","CoachesPortal.PatientDashboard","patientWeeklyStatus_STEPS","test4 > Given I am logged in as coach, wehn I am on adding steps from user Dashboard, Then I should be able to see added exercise steps count==1 under patientWeeklyStatus_STEPS","coach login - user/patient/partcipant dashboard validation"
"passed","Sun Jul 19 23:53:33 UTC 2026","Sun Jul 19 23:53:43 UTC 2026","10434","HabitNuCoachPortalSuite","Milestones","CoachesPortal.VAMilestone","CoachesPortal.VAMilestone","test11_validating_VAHeaders_data","And user is validating to VAHeaders data by clicking arrow button",""
"passed","Sun Jul 19 22:49:18 UTC 2026","Sun Jul 19 22:49:25 UTC 2026","7113","HabitNuCoachPortalSuite","HabitNuCoachesPortalRegression-PartA","CoachesPortal.LearnModule.Learn","CoachesPortal.LearnModule.Learn","select_content_from_list","filter down course content by Video and assert Pagination",""
"passed","Sun Jul 19 23:31:42 UTC 2026","Sun Jul 19 23:31:45 UTC 2026","2734","HabitNuCoachPortalSuite","Scheduler","CoachesPortal.Schedular","CoachesPortal.Schedular","validateCreatedMeetingAvailable_for_user","test1 > Given I am logged in as admin, verify meet created by system user is available for users","test1 > Given I am logged in as admin, verify meet created by system user is available for users"
"passed","Sun Jul 19 23:33:06 UTC 2026","Sun Jul 19 23:33:10 UTC 2026","3717","HabitNuCoachPortalSuite","Paywal","CoachesPortal.payWall","CoachesPortal.payWall","testPublishAnnualPaymentPlan","COP-T390B: Publish the Annual Payment Plan",""
"passed","Sun Jul 19 22:50:55 UTC 2026","Sun Jul 19 22:51:02 UTC 2026","6777","HabitNuCoachPortalSuite","HabitNuCoachesPortalRegression-PartA","CoachesPortal.LearnModule.Learn","CoachesPortal.LearnModule.Learn","publishTheClonedCourse","verify on clone course page, course created by admin is available",""
"passed","Mon Jul 20 00:15:00 UTC 2026","Mon Jul 20 00:15:05 UTC 2026","5302","HabitNuCoachPortalSuite","UserDashboard","CoachesPortal.PatientDashboard","CoachesPortal.PatientDashboard","Last_Fasting_Blood_Sugar","test19 > Given I am logged in as admin, wehn I am on Participants dashboard page, when I add bloodsugar FASTING type, Then I should be able to see the added data on dashboard card==Last_Fasting_Blood_Sugar","admin login - clicking on scheduler should open the scheduler page in coaches portal"
"broken","Mon Jul 20 00:02:11 UTC 2026","Mon Jul 20 00:02:11 UTC 2026","66","HabitNuCoachPortalSuite","UserDashboard","CoachesPortal.PatientDashboard","CoachesPortal.PatientDashboard","patientWeeklyStatus_GroupClasses","test10 > Given I am logged in as coach, when I am on adding groupInteraction from user Interaction tab, Then I should be able to see added interaction count==1 under patientWeeklyStatus_GroupClasses","coach login - user/patient/partcipant dashboard validation"
"broken","Sun Jul 19 23:02:12 UTC 2026","Sun Jul 19 23:02:12 UTC 2026","109","HabitNuCoachPortalSuite","HabitNuCoachesPortalRegression-PartB","CoachesPortal.OnsiteUsersListDashboard","CoachesPortal.OnsiteUsersListDashboard","case54","test1 > Given I am logged in as customerAdmin, verify milestone tooltiptext after participant just register and login to app and do not fill the banner","test1 > Given I am logged in as customerAdmin, verify milestone tooltiptext after participant just register and login to app and do not fill the banner"
"failed","Mon Jul 20 00:13:46 UTC 2026","Mon Jul 20 00:13:46 UTC 2026","90","HabitNuCoachPortalSuite","UserDashboard","CoachesPortal.PatientDashboard","CoachesPortal.PatientDashboard","patientWeeklyStatus_CoachInteractions","test9 > Given I am logged in as admin, wehn I am on adding coachInteraction from user Interaction tab, Then I should be able to see added interaction count==1 under patientWeeklyStatus_CoachInteractions","admin login - user/patient/partcipant dashboard validation"
"passed","Sun Jul 19 23:16:53 UTC 2026","Sun Jul 19 23:16:58 UTC 2026","5208","HabitNuCoachPortalSuite","HabitNuCoachesPortalRegression-PartB","CoachesPortal.PatientDetails.PatientProfileDemographic","CoachesPortal.PatientDetails.PatientProfileDemographic","testSelectHearingYes","test1 > Given I am logged in as coach, testSelectHearingYes","test1 > Given I am logged in as coach, testSelectHearingYes"
"passed","Sun Jul 19 23:33:47 UTC 2026","Sun Jul 19 23:33:48 UTC 2026","1864","HabitNuCoachPortalSuite","Paywal","CoachesPortal.payWall","CoachesPortal.payWall","testViewAllTransactionsPage","COP-T400: View all transactions and validate page layout",""
"passed","Sun Jul 19 23:32:57 UTC 2026","Sun Jul 19 23:32:59 UTC 2026","1697","HabitNuCoachPortalSuite","Paywal","CoachesPortal.payWall","CoachesPortal.payWall","testCreateAnnualPaymentPlan","COP-T388B: Create Annual Payment Plan",""
"passed","Sun Jul 19 23:47:52 UTC 2026","Sun Jul 19 23:47:58 UTC 2026","5654","HabitNuCoachPortalSuite","LogClassSession","CoachesPortal.LogClassSession","CoachesPortal.LogClassSession","verifyAddOnlyLF","Verify error message=='Weight is required' & 'Date is required' are displayed, when coach tries to save logclass session with Only LF' ",""
"passed","Sun Jul 19 23:33:53 UTC 2026","Sun Jul 19 23:33:54 UTC 2026","872","HabitNuCoachPortalSuite","Paywal","CoachesPortal.payWall","CoachesPortal.payWall","testFilterTransactions","COP-T400: Validate all transaction filters",""
"broken","Sun Jul 19 23:18:32 UTC 2026","Sun Jul 19 23:18:52 UTC 2026","20399","HabitNuCoachPortalSuite","PatientsProfileAllergies","CoachesPortal.PatientDetails.PatientsProfileAllergies","CoachesPortal.PatientDetails.PatientsProfileAllergies","verifyPersonalDetails","Add Allergy of Ethlen",""
"passed","Sun Jul 19 23:17:54 UTC 2026","Sun Jul 19 23:17:54 UTC 2026","4","HabitNuCoachPortalSuite","HabitNuCoachesPortalRegression-PartB","CoachesPortal.PatientDetails.PatientProfileDemographic","CoachesPortal.PatientDetails.PatientProfileDemographic","updateCurrentGender","test1 > Given I am logged in as coach, Current Gender","test1 > Given I am logged in as coach, Current Gender"
"passed","Sun Jul 19 23:33:56 UTC 2026","Sun Jul 19 23:33:57 UTC 2026","1668","HabitNuCoachPortalSuite","Paywal","CoachesPortal.payWall","CoachesPortal.payWall","testFilterTransactions","COP-T400: Validate all transaction filters",""
"passed","Mon Jul 20 00:15:14 UTC 2026","Mon Jul 20 00:15:14 UTC 2026","30","HabitNuCoachPortalSuite","FeatureFlags","CoachesPortal.FeatureFlags","CoachesPortal.FeatureFlags","test4_validatingadmin_defaultpage","When user is validating to Admin default section ",""
"passed","Sun Jul 19 23:49:35 UTC 2026","Sun Jul 19 23:49:35 UTC 2026","230","HabitNuCoachPortalSuite","GroupDPPClassPlanner","CoachesPortal.ClassPlanner","CoachesPortal.ClassPlanner","case6","Cancel the Edit list",""
"passed","Mon Jul 20 00:13:41 UTC 2026","Mon Jul 20 00:13:46 UTC 2026","5478","HabitNuCoachPortalSuite","UserDashboard","CoachesPortal.PatientDashboard","CoachesPortal.PatientDashboard","bloodPressureHistory","test8 > Given I am logged in as admin, wehn I am on adding bloodpressure from user Dashboard, Then I should be able to see added bloodpressure on bloodpressureHistory graph","admin login - user/patient/partcipant dashboard validation"
"passed","Sun Jul 19 22:56:14 UTC 2026","Sun Jul 19 22:56:14 UTC 2026","236","HabitNuCoachPortalSuite","HabitNuCoachesPortalRegression-PartB","CoachesPortal.OnsiteUsersListDashboard","CoachesPortal.OnsiteUsersListDashboard","case7","test1 > Given I am logged in as coach, Form Survey for cohort- Check for options displayed.","test1 > Given I am logged in as coach, Form Survey for cohort- Check for options displayed."
"passed","Sun Jul 19 23:07:15 UTC 2026","Sun Jul 19 23:07:15 UTC 2026","39","HabitNuCoachPortalSuite","HabitNuCoachesPortalRegression-PartB","CoachesPortal.PatientDetails.PatientProfileDemographic","CoachesPortal.PatientDetails.PatientProfileDemographic","verifyAddressDetails","test1 > Given I am logged in as customer admin, verifyAddressDetails","test1 > Given I am logged in as customer admin, verifyAddressDetails"
"passed","Sun Jul 19 22:48:04 UTC 2026","Sun Jul 19 22:48:12 UTC 2026","7738","HabitNuCoachPortalSuite","HabitNuCoachesPortalRegression-PartA","CoachesPortal.LearnModule.Learn","CoachesPortal.LearnModule.Learn","checkLearnTabWhenNoCourse","check learn tab visibilty on web app when course is published from coaches portal",""
"passed","Sun Jul 19 23:46:45 UTC 2026","Sun Jul 19 23:46:45 UTC 2026","289","HabitNuCoachPortalSuite","LoginPageCases","CoachesPortal.LoginPageCases","CoachesPortal.LoginPageCases","case16","Coaches Portal Login URL -> Click on Privacy Policy Link",""
"broken","Sun Jul 19 23:43:37 UTC 2026","Sun Jul 19 23:43:57 UTC 2026","20372","HabitNuCoachPortalSuite","HabitNuCoachesPortalRegression-PartC","CoachesPortal.PatientDetails.PatientProfileHealthProviders","CoachesPortal.PatientDetails.PatientProfileHealthProviders","verifyAddHealthProviderDetails","Add HealthProvider of Ethlen",""
"broken","Sun Jul 19 23:46:00 UTC 2026","Sun Jul 19 23:46:01 UTC 2026","1311","HabitNuCoachPortalSuite","LoginPageCases","CoachesPortal.LoginPageCases","CoachesPortal.LoginPageCases","testRestpasswordCase3","validate users be able to reset password, while doing so entering passwords that do not match with previous ones",""
"passed","Sun Jul 19 23:10:08 UTC 2026","Sun Jul 19 23:10:16 UTC 2026","8104","HabitNuCoachPortalSuite","HabitNuCoachesPortalRegression-PartB","CoachesPortal.PatientDetails.PatientProfileDemographic","CoachesPortal.PatientDetails.PatientProfileDemographic","updateMiddleName","test1 > Given I am logged in as customer admin, Middle Name","test1 > Given I am logged in as customer admin, Middle Name"
"broken","Sun Jul 19 22:57:50 UTC 2026","Sun Jul 19 22:58:15 UTC 2026","25519","HabitNuCoachPortalSuite","HabitNuCoachesPortalRegression-PartB","CoachesPortal.OnsiteUsersListDashboard","CoachesPortal.OnsiteUsersListDashboard","case16","test1 > Given I am logged in as coach, Click on headphone icon- check for Pop up.","test1 > Given I am logged in as coach, Click on headphone icon- check for Pop up."
"broken","Sun Jul 19 23:05:10 UTC 2026","Sun Jul 19 23:05:41 UTC 2026","30485","HabitNuCoachPortalSuite","HabitNuCoachesPortalRegression-PartB","CoachesPortal.PatientDetails.PatientProfileDemographic","CoachesPortal.PatientDetails.PatientProfileDemographic","verifyProgramDetails","test1 > Given I am logged in as customer admin, Verify user as Ethelyn in demographic with Program Details","test1 > Given I am logged in as customer admin, Verify user as Ethelyn in demographic with Program Details"
"failed","Sun Jul 19 23:16:48 UTC 2026","Sun Jul 19 23:16:51 UTC 2026","3739","HabitNuCoachPortalSuite","HabitNuCoachesPortalRegression-PartB","CoachesPortal.PatientDetails.PatientProfileDemographic","CoachesPortal.PatientDetails.PatientProfileDemographic","updateAndVerifyCDCDetails","test1 > Given I am logged in as coach, updateAndVerifyCDCDetails","test1 > Given I am logged in as coach, updateAndVerifyCDCDetails"
"passed","Mon Jul 20 00:21:46 UTC 2026","Mon Jul 20 00:21:51 UTC 2026","4992","HabitNuCoachPortalSuite","DifferentTypeOfDashboards","CoachesPortal.CohortLevelDashboard.ParticipantsProgressTracker","CoachesPortal.CohortLevelDashboard.ParticipantsProgressTracker","test1_navigating","Given user is navigating to coaches portal",""
"passed","Mon Jul 20 00:18:13 UTC 2026","Mon Jul 20 00:18:13 UTC 2026","123","HabitNuCoachPortalSuite","ParticipationsTable","CoachesPortal.participations","CoachesPortal.participations","test5_navigatingparticipations","And user is navigating to Participations section ",""
"passed","Sun Jul 19 22:48:01 UTC 2026","Sun Jul 19 22:48:04 UTC 2026","3138","HabitNuCoachPortalSuite","HabitNuCoachesPortalRegression-PartA","CoachesPortal.LearnModule.Learn","CoachesPortal.LearnModule.Learn","checkDefaultCourseInfoMessage","add course to the cohort",""
"passed","Sun Jul 19 22:48:29 UTC 2026","Sun Jul 19 22:48:31 UTC 2026","2093","HabitNuCoachPortalSuite","HabitNuCoachesPortalRegression-PartA","CoachesPortal.LearnModule.Learn","CoachesPortal.LearnModule.Learn","removeCourseFromTheCohort","remove course from the cohort",""
"passed","Sun Jul 19 23:52:13 UTC 2026","Sun Jul 19 23:52:16 UTC 2026","2383","HabitNuCoachPortalSuite","Milestones","CoachesPortal.BPSMMilestone","CoachesPortal.BPSMMilestone","test9_validating_BPSMHeaders_data","And user is validating to BPSmHeaders data by clicking arrow button",""
"broken","Mon Jul 20 00:00:36 UTC 2026","Mon Jul 20 00:01:08 UTC 2026","32661","HabitNuCoachPortalSuite","UserDashboard","CoachesPortal.PatientDashboard","CoachesPortal.PatientDashboard","hbA1cHistory","test7 > Given I am logged in as coach, wehn I am on adding hba1c from user Dashboard, Then I should be able to see added hba1c on Hba1c graph","coach login - user/patient/partcipant dashboard validation"
"passed","Sun Jul 19 22:53:53 UTC 2026","Sun Jul 19 22:53:54 UTC 2026","210","HabitNuCoachPortalSuite","HabitNuCoachesPortalRegression-PartA","CoachesPortal.LearnModule.CustomerAdminCourseDocument","CoachesPortal.LearnModule.CustomerAdminCourseDocument","verifyOpeningCustAdminCourseDocument","Verify Opening Customer Admin Should have CourseDocument",""
"passed","Sun Jul 19 23:15:07 UTC 2026","Sun Jul 19 23:15:07 UTC 2026","74","HabitNuCoachPortalSuite","HabitNuCoachesPortalRegression-PartB","CoachesPortal.PatientDetails.PatientProfileDemographic","CoachesPortal.PatientDetails.PatientProfileDemographic","verifyContactDetails","test1 > Given I am logged in as coach, verifyContactDetails","test1 > Given I am logged in as coach, verifyContactDetails"
"broken","Sun Jul 19 22:59:18 UTC 2026","Sun Jul 19 22:59:38 UTC 2026","20571","HabitNuCoachPortalSuite","HabitNuCoachesPortalRegression-PartB","CoachesPortal.OnsiteUsersListDashboard","CoachesPortal.OnsiteUsersListDashboard","case21","test1 > Given I am logged in as coach, Disenroll pop up is displayed when tried to disenrol user","test1 > Given I am logged in as coach, Disenroll pop up is displayed when tried to disenrol user"
"passed","Sun Jul 19 22:47:51 UTC 2026","Sun Jul 19 22:47:53 UTC 2026","1657","HabitNuCoachPortalSuite","HabitNuCoachesPortalRegression-PartA","CoachesPortal.LearnModule.Learn","CoachesPortal.LearnModule.Learn","addCourseToTheProgram","adding  the course to the program",""
"passed","Sun Jul 19 23:10:59 UTC 2026","Sun Jul 19 23:11:07 UTC 2026","8561","HabitNuCoachPortalSuite","HabitNuCoachesPortalRegression-PartB","CoachesPortal.PatientDetails.PatientProfileDemographic","CoachesPortal.PatientDetails.PatientProfileDemographic","updateMaritalStatus","test1 > Given I am logged in as customer admin, Marital Status","test1 > Given I am logged in as customer admin, Marital Status"
"passed","Sun Jul 19 22:55:52 UTC 2026","Sun Jul 19 22:55:52 UTC 2026","158","HabitNuCoachPortalSuite","HabitNuCoachesPortalRegression-PartB","CoachesPortal.OnsiteUsersListDashboard","CoachesPortal.OnsiteUsersListDashboard","case2","test1 > Given I am logged in as coach, Users- All expected elements is displayed.","test1 > Given I am logged in as coach, Users- All expected elements is displayed."
"broken","Mon Jul 20 00:20:14 UTC 2026","Mon Jul 20 00:20:33 UTC 2026","18684","HabitNuCoachPortalSuite","DifferentTypeOfDashboards","CoachesPortal.CohortLevelDashboard.DSMEDashboardCoachesPortal","CoachesPortal.CohortLevelDashboard.DSMEDashboardCoachesPortal","test5_Enrolled","And user is validating Enrolled",""
"passed","Sun Jul 19 22:46:49 UTC 2026","Sun Jul 19 22:46:54 UTC 2026","5395","HabitNuCoachPortalSuite","HabitNuCoachesPortalRegression-PartA","CoachesPortal.LearnModule.Learn","CoachesPortal.LearnModule.Learn","verifyCourseActions","Verify course Actions on hovering shows all the buttons",""
"passed","Sun Jul 19 23:49:57 UTC 2026","Sun Jul 19 23:50:03 UTC 2026","6769","HabitNuCoachPortalSuite","GroupDPPClassPlanner","CoachesPortal.ClassPlanner","CoachesPortal.ClassPlanner","case21","There is no Class Planner for this Cohort - before activating class planner",""
"passed","Sun Jul 19 22:47:41 UTC 2026","Sun Jul 19 22:47:46 UTC 2026","4357","HabitNuCoachPortalSuite","HabitNuCoachesPortalRegression-PartA","CoachesPortal.LearnModule.Learn","CoachesPortal.LearnModule.Learn","letsPublishCourseNow","publish the course",""
"broken","Sun Jul 19 23:50:26 UTC 2026","Sun Jul 19 23:50:26 UTC 2026","195","HabitNuCoachPortalSuite","GroupDPPClassPlanner","CoachesPortal.ClassPlanner","CoachesPortal.ClassPlanner","case30","Login to coach portal -> select the cohort -> Class planner -> Click on Edit (pencil) button -> remove the participant -> Done",""
"passed","Mon Jul 20 00:27:52 UTC 2026","Mon Jul 20 00:27:58 UTC 2026","6039","HabitNuCoachPortalSuite","DifferentTypeOfCohorts","CoachesPortal.connectCohorts","CoachesPortal.connectCohorts","case1","test1 > Given I am logged in as admin, I am validating connect cohorts modules","test1 > Given I am logged in as admin, I am validating connect cohorts modules"
"passed","Sun Jul 19 22:55:23 UTC 2026","Sun Jul 19 22:55:25 UTC 2026","1700","HabitNuCoachPortalSuite","HabitNuCoachesPortalRegression-PartA","CoachesPortal.LearnModule.CustomerAdminCourseDocument","CoachesPortal.LearnModule.CustomerAdminCourseDocument","verifyVideoEditAndClose","Video Edit and Close",""
"passed","Sun Jul 19 22:55:30 UTC 2026","Sun Jul 19 22:55:39 UTC 2026","9382","HabitNuCoachPortalSuite","HabitNuCoachesPortalRegression-PartA","CoachesPortal.LearnModule.CustomerAdminCourseDocument","CoachesPortal.LearnModule.CustomerAdminCourseDocument","verifyVideoArchiveCancelAndConfirm","Video Archive Cancel And Confirm",""
"passed","Sun Jul 19 22:51:19 UTC 2026","Sun Jul 19 22:52:20 UTC 2026","60747","HabitNuCoachPortalSuite","HabitNuCoachesPortalRegression-PartA","CoachesPortal.LearnModule.Learn","CoachesPortal.LearnModule.Learn","checkWebAPPAfterCourseAddedByAdmin","verify on clone course page, course created by admin is available",""
"passed","Sun Jul 19 23:33:49 UTC 2026","Sun Jul 19 23:33:51 UTC 2026","1903","HabitNuCoachPortalSuite","Paywal","CoachesPortal.payWall","CoachesPortal.payWall","testFilterTransactions","COP-T400: Validate all transaction filters",""
"broken","Sun Jul 19 23:03:30 UTC 2026","Sun Jul 19 23:03:51 UTC 2026","20661","HabitNuCoachPortalSuite","HabitNuCoachesPortalRegression-PartB","CoachesPortal.OnsiteUsersListDashboard","CoachesPortal.OnsiteUsersListDashboard","case58","test1 > Given I am logged in as customerAdmin, verify milestonecolor==green when user completes registration banner and verifies address","test1 > Given I am logged in as customerAdmin, verify milestonecolor==green when user completes registration banner and verifies address"
"passed","Sun Jul 19 23:47:09 UTC 2026","Sun Jul 19 23:47:14 UTC 2026","4234","HabitNuCoachPortalSuite","LogClassSession","CoachesPortal.LogClassSession","CoachesPortal.LogClassSession","validateLogClassSessionAvailibility","Given I am logged in as coach to coach portal, when cohort's programDeliveryType==Onsite, then Log class session module should be available",""
"passed","Mon Jul 20 00:15:15 UTC 2026","Mon Jul 20 00:15:15 UTC 2026","79","HabitNuCoachPortalSuite","FeatureFlags","CoachesPortal.FeatureFlags","CoachesPortal.FeatureFlags","test7_navigatingflag","And user is able to navigating the flag details section",""
"failed","Sun Jul 19 23:35:15 UTC 2026","Sun Jul 19 23:38:21 UTC 2026","185980","HabitNuCoachPortalSuite","Paywal","CoachesPortal.payWall","CoachesPortal.payWall","testProgramWithoutPlanHidesSubscription","COP-T416: Validate program without plan shows no subscription option",""
"broken","Sun Jul 19 23:28:28 UTC 2026","Sun Jul 19 23:28:59 UTC 2026","30710","HabitNuCoachPortalSuite","UserActivities","CoachesPortal.PatientDetails.UserActivitiesTobacco","CoachesPortal.PatientDetails.UserActivitiesTobacco","verifyAddCurrentDateBloodPressure","Verify user as Ethelyn in useractivities tab and add tobacco to current date",""
"broken","Sun Jul 19 23:14:07 UTC 2026","Sun Jul 19 23:14:37 UTC 2026","30564","HabitNuCoachPortalSuite","HabitNuCoachesPortalRegression-PartB","CoachesPortal.PatientDetails.PatientProfileDemographic","CoachesPortal.PatientDetails.PatientProfileDemographic","editverifyProgramDetailsWithIsActive","test1 > Given I am logged in as coach, verify cancel and update buttons are present for program details","test1 > Given I am logged in as coach, verify cancel and update buttons are present for program details"
"passed","Sun Jul 19 22:53:56 UTC 2026","Sun Jul 19 22:53:57 UTC 2026","1040","HabitNuCoachPortalSuite","HabitNuCoachesPortalRegression-PartA","CoachesPortal.LearnModule.CustomerAdminCourseDocument","CoachesPortal.LearnModule.CustomerAdminCourseDocument","verifyAddUrlLinkRequired","Add Url Required",""
"failed","Mon Jul 20 00:19:00 UTC 2026","Mon Jul 20 00:19:25 UTC 2026","24436","HabitNuCoachPortalSuite","DifferentTypeOfDashboards","CoachesPortal.CohortLevelDashboard.DSMEDashboardCoachesPortal","CoachesPortal.CohortLevelDashboard.DSMEDashboardCoachesPortal","test2_Flagged","And user is navigated to Flagged",""
"passed","Sun Jul 19 23:54:30 UTC 2026","Sun Jul 19 23:54:36 UTC 2026","5338","HabitNuCoachPortalSuite","Milestones","CoachesPortal.VAMilestone","CoachesPortal.VAMilestone","test19_validating_VAHeaders_data","And user is validating to VAHeaders data by clicking arrow button",""
"passed","Sun Jul 19 23:21:40 UTC 2026","Sun Jul 19 23:21:40 UTC 2026","453","HabitNuCoachPortalSuite","UserActivities","CoachesPortal.PatientDetails.UserActivitiesBloodPressure","CoachesPortal.PatientDetails.UserActivitiesBloodPressure","verifyUser_isNot_allowed_edit_coachAddedData","Verify user is not allowed to edit data added by coaches",""
"passed","Sun Jul 19 23:48:51 UTC 2026","Sun Jul 19 23:49:07 UTC 2026","16121","HabitNuCoachPortalSuite","LogClassSession","CoachesPortal.LogClassSession","CoachesPortal.LogClassSession","verifyAddWeightAttendanceDateAndPAAndLF","Verify coach can save log class session by adding weight,attendance date and PA And LF",""
"passed","Sun Jul 19 22:53:33 UTC 2026","Sun Jul 19 22:53:43 UTC 2026","9697","HabitNuCoachPortalSuite","HabitNuCoachesPortalRegression-PartA","CoachesPortal.LearnModule.Learn","CoachesPortal.LearnModule.Learn","selectNotificationsAndConfigure","Send a notification before a chapter getting released",""
"passed","Mon Jul 20 00:18:12 UTC 2026","Mon Jul 20 00:18:13 UTC 2026","612","HabitNuCoachPortalSuite","ParticipationsTable","CoachesPortal.participations","CoachesPortal.participations","test3_validatingadmin","When user is validating to Admin section ",""
"broken","Sun Jul 19 23:38:37 UTC 2026","Sun Jul 19 23:38:58 UTC 2026","20456","HabitNuCoachPortalSuite","HabitNuCoachesPortalRegression-PartC","CoachesPortal.PatientDetails.PatientProfilePreAuth","CoachesPortal.PatientDetails.PatientProfilePreAuth","verifyAddPreAuthDetails","Add PreAuth of Ethlen",""
"passed","Sun Jul 19 23:31:03 UTC 2026","Sun Jul 19 23:31:04 UTC 2026","709","HabitNuCoachPortalSuite","Scheduler","CoachesPortal.Schedular","CoachesPortal.Schedular","openAppoitmentCreateForm","test2 > Given I am logged in as admin, When I click on time slot, Then I should be able to see the create appointment form","admin login - It should open meeting form"
"passed","Mon Jul 20 00:13:33 UTC 2026","Mon Jul 20 00:13:35 UTC 2026","2187","HabitNuCoachPortalSuite","UserDashboard","CoachesPortal.PatientDashboard","CoachesPortal.PatientDashboard","physicalActivityHistory","test5 > Given I am logged in as admin, wehn I am on adding steps from user Dashboard, Then I should be able to see added Steps on physicalActivityHistory graph","admin login - user/patient/partcipant dashboard validation"
"broken","Sun Jul 19 23:25:46 UTC 2026","Sun Jul 19 23:26:16 UTC 2026","30281","HabitNuCoachPortalSuite","UserActivities","CoachesPortal.PatientDetails.UserActivitiesBloodSugar","CoachesPortal.PatientDetails.UserActivitiesBloodSugar","verifyBloodSugarInCoachPortalYesterdaysData","Verify user as Ethelyn in useractivities tab added yesterday date blood sugar fasting ,before meal and after meal",""
"passed","Sun Jul 19 23:45:30 UTC 2026","Sun Jul 19 23:45:37 UTC 2026","6598","HabitNuCoachPortalSuite","LoginPageCases","CoachesPortal.LoginPageCases","CoachesPortal.LoginPageCases","testLockAccount","validate users account gets locked after entering incorrect password for 3 times",""
"passed","Sun Jul 19 22:47:40 UTC 2026","Sun Jul 19 22:47:41 UTC 2026","1016","HabitNuCoachPortalSuite","HabitNuCoachesPortalRegression-PartA","CoachesPortal.LearnModule.Learn","CoachesPortal.LearnModule.Learn","verifyContentAdded","verifying add content to the course",""
"passed","Sun Jul 19 23:53:54 UTC 2026","Sun Jul 19 23:54:04 UTC 2026","10463","HabitNuCoachPortalSuite","Milestones","CoachesPortal.VAMilestone","CoachesPortal.VAMilestone","test13_validating_VAHeaders_data","And user is validating to VAHeaders data by clicking arrow button",""
"failed","Sun Jul 19 23:33:32 UTC 2026","Sun Jul 19 23:33:35 UTC 2026","3663","HabitNuCoachPortalSuite","Paywal","CoachesPortal.payWall","CoachesPortal.payWall","testFilterSubscriptions","COP-T397–399: Validate subscription filters",""
"passed","Sun Jul 19 23:16:46 UTC 2026","Sun Jul 19 23:16:46 UTC 2026","36","HabitNuCoachPortalSuite","HabitNuCoachesPortalRegression-PartB","CoachesPortal.PatientDetails.PatientProfileDemographic","CoachesPortal.PatientDetails.PatientProfileDemographic","verifyBaselineHealthData","test1 > Given I am logged in as coach, verifyBaselineHealthData","test1 > Given I am logged in as coach, verifyBaselineHealthData"
"passed","Sun Jul 19 22:54:38 UTC 2026","Sun Jul 19 22:54:46 UTC 2026","8631","HabitNuCoachPortalSuite","HabitNuCoachesPortalRegression-PartA","CoachesPortal.LearnModule.CustomerAdminCourseDocument","CoachesPortal.LearnModule.CustomerAdminCourseDocument","verifyDocumentArchiveCancelAndConfirm","Document Archive Cancel And Confirm",""
"passed","Sun Jul 19 23:12:57 UTC 2026","Sun Jul 19 23:13:06 UTC 2026","8165","HabitNuCoachPortalSuite","HabitNuCoachesPortalRegression-PartB","CoachesPortal.PatientDetails.PatientProfileDemographic","CoachesPortal.PatientDetails.PatientProfileDemographic","verifyPersonalDetails","test1 > Given I am logged in as coach, Verify user as Ethelyn in demographic with Personal Details","test1 > Given I am logged in as coach, Verify user as Ethelyn in demographic with Personal Details"
"broken","Sun Jul 19 23:23:45 UTC 2026","Sun Jul 19 23:24:15 UTC 2026","30281","HabitNuCoachPortalSuite","UserActivities","CoachesPortal.PatientDetails.UserActivitiesBloodSugar","CoachesPortal.PatientDetails.UserActivitiesBloodSugar","verifyBloodSugareRequired","Verify bloodsugar required",""
"passed","Sun Jul 19 22:54:03 UTC 2026","Sun Jul 19 22:54:07 UTC 2026","3516","HabitNuCoachPortalSuite","HabitNuCoachesPortalRegression-PartA","CoachesPortal.LearnModule.CustomerAdminCourseDocument","CoachesPortal.LearnModule.CustomerAdminCourseDocument","verifyLinkPublishCancelAndConfirm","Link Publish Cancel And Confirm",""
"passed","Sun Jul 19 23:17:54 UTC 2026","Sun Jul 19 23:17:54 UTC 2026","4","HabitNuCoachPortalSuite","HabitNuCoachesPortalRegression-PartB","CoachesPortal.PatientDetails.PatientProfileDemographic","CoachesPortal.PatientDetails.PatientProfileDemographic","updatelastName","test1 > Given I am logged in as coach, Last Name","test1 > Given I am logged in as coach, Last Name"
"passed","Sun Jul 19 23:09:03 UTC 2026","Sun Jul 19 23:09:08 UTC 2026","5123","HabitNuCoachPortalSuite","HabitNuCoachesPortalRegression-PartB","CoachesPortal.PatientDetails.PatientProfileDemographic","CoachesPortal.PatientDetails.PatientProfileDemographic","testSelectBlindNo","test1 > Given I am logged in as customer admin, testSelectBlindNo","test1 > Given I am logged in as customer admin, testSelectBlindNo"
"passed","Sun Jul 19 23:17:44 UTC 2026","Sun Jul 19 23:17:49 UTC 2026","5137","HabitNuCoachPortalSuite","HabitNuCoachesPortalRegression-PartB","CoachesPortal.PatientDetails.PatientProfileDemographic","CoachesPortal.PatientDetails.PatientProfileDemographic","testSelectDressingNo","test1 > Given I am logged in as coach, testSelectDressingNo","test1 > Given I am logged in as coach, testSelectDressingNo"
"broken","Sun Jul 19 23:14:37 UTC 2026","Sun Jul 19 23:15:07 UTC 2026","30081","HabitNuCoachPortalSuite","HabitNuCoachesPortalRegression-PartB","CoachesPortal.PatientDetails.PatientProfileDemographic","CoachesPortal.PatientDetails.PatientProfileDemographic","updateverifyProgramDetailsWithIsActive","test1 > Given I am logged in as coach, update patientId and payertype","test1 > Given I am logged in as coach, update patientId and payertype"
"passed","Sun Jul 19 23:49:39 UTC 2026","Sun Jul 19 23:49:40 UTC 2026","770","HabitNuCoachPortalSuite","GroupDPPClassPlanner","CoachesPortal.ClassPlanner","CoachesPortal.ClassPlanner","case14","Archive the TEXT Created card",""
"passed","Sun Jul 19 23:52:10 UTC 2026","Sun Jul 19 23:52:12 UTC 2026","1759","HabitNuCoachPortalSuite","Milestones","CoachesPortal.BPSMMilestone","CoachesPortal.BPSMMilestone","test7_validating_BPSMHeaders_data","And user is validating to BPSmHeaders data by clicking arrow button",""
"broken","Sun Jul 19 22:59:38 UTC 2026","Sun Jul 19 22:59:58 UTC 2026","20398","HabitNuCoachPortalSuite","HabitNuCoachesPortalRegression-PartB","CoachesPortal.OnsiteUsersListDashboard","CoachesPortal.OnsiteUsersListDashboard","case22","test1 > Given I am logged in as coach, Actions- Request form survey and Reset password should be displayed.","test1 > Given I am logged in as coach, Actions- Request form survey and Reset password should be displayed."
"passed","Sun Jul 19 23:17:54 UTC 2026","Sun Jul 19 23:17:54 UTC 2026","5","HabitNuCoachPortalSuite","HabitNuCoachesPortalRegression-PartB","CoachesPortal.PatientDetails.PatientProfileDemographic","CoachesPortal.PatientDetails.PatientProfileDemographic","updateMiddleName","test1 > Given I am logged in as coach, Middle Name","test1 > Given I am logged in as coach, Middle Name"
"passed","Sun Jul 19 23:33:02 UTC 2026","Sun Jul 19 23:33:06 UTC 2026","4126","HabitNuCoachPortalSuite","Paywal","CoachesPortal.payWall","CoachesPortal.payWall","testPublishPaymentPlan","COP-T390: Publish the monthly Payment Plan",""
"broken","Sun Jul 19 23:42:10 UTC 2026","Sun Jul 19 23:42:31 UTC 2026","20380","HabitNuCoachPortalSuite","HabitNuCoachesPortalRegression-PartC","CoachesPortal.PatientDetails.PatientProfilePayerType","CoachesPortal.PatientDetails.PatientProfilePayerType","deletePayertype","delete Payertype for Ethylen",""
"passed","Sun Jul 19 23:01:28 UTC 2026","Sun Jul 19 23:01:28 UTC 2026","167","HabitNuCoachPortalSuite","HabitNuCoachesPortalRegression-PartB","CoachesPortal.OnsiteUsersListDashboard","CoachesPortal.OnsiteUsersListDashboard","case46","test1 > Given I am logged in as customerAdmin, hover over milestone dot to validate disenrolled state text","test1 > Given I am logged in as customerAdmin, hover over milestone dot to validate disenrolled state text"
"passed","Mon Jul 20 00:18:13 UTC 2026","Mon Jul 20 00:18:28 UTC 2026","15009","HabitNuCoachPortalSuite","ParticipationsTable","CoachesPortal.participations","CoachesPortal.participations","tes7_validatingparticipations_columns","And user is validating paricipations columns section",""
"broken","Mon Jul 20 00:04:12 UTC 2026","Mon Jul 20 00:04:12 UTC 2026","65","HabitNuCoachPortalSuite","UserDashboard","CoachesPortal.PatientDashboard","CoachesPortal.PatientDashboard","patientVWeeklyStatusVideo_when_partiallyWatched","test14 > Given I am logged in as coach, when I am on watching a video partally by logging into user app, Then I should be able to see watched Video count==0 under patientVWeeklyStatusVideo","coach login - user/patient/partcipant dashboard validation"
"passed","Mon Jul 20 00:18:08 UTC 2026","Mon Jul 20 00:18:12 UTC 2026","3644","HabitNuCoachPortalSuite","ParticipationsTable","CoachesPortal.participations","CoachesPortal.participations","test1_navigatingcoach","Given user is navigating to coaches portal",""
"failed","Sun Jul 19 22:48:28 UTC 2026","Sun Jul 19 22:48:28 UTC 2026","549","HabitNuCoachPortalSuite","HabitNuCoachesPortalRegression-PartA","CoachesPortal.LearnModule.Learn","CoachesPortal.LearnModule.Learn","courseProgressUnderUserTab","check course tab from main dashboard",""
"passed","Sun Jul 19 23:08:58 UTC 2026","Sun Jul 19 23:09:03 UTC 2026","5209","HabitNuCoachPortalSuite","HabitNuCoachesPortalRegression-PartB","CoachesPortal.PatientDetails.PatientProfileDemographic","CoachesPortal.PatientDetails.PatientProfileDemographic","testSelectHearingYes","test1 > Given I am logged in as customer admin, testSelectHearingYes","test1 > Given I am logged in as customer admin, testSelectHearingYes"
"passed","Sun Jul 19 23:50:16 UTC 2026","Sun Jul 19 23:50:24 UTC 2026","7407","HabitNuCoachPortalSuite","GroupDPPClassPlanner","CoachesPortal.ClassPlanner","CoachesPortal.ClassPlanner","case26","Edit (lock)button of class planner in cohort by editing card from user dashboard",""
"passed","Sun Jul 19 23:49:07 UTC 2026","Sun Jul 19 23:49:08 UTC 2026","1189","HabitNuCoachPortalSuite","LogClassSession","CoachesPortal.LogClassSession","CoachesPortal.LogClassSession","verifyAddWeightAttendanceDateAndPAAndLFAndMUPOnline","Verify coach can save log class session by adding weight,attendance date and PA And LF And MUP Online Mode",""
"broken","Sun Jul 19 23:06:41 UTC 2026","Sun Jul 19 23:07:11 UTC 2026","30093","HabitNuCoachPortalSuite","HabitNuCoachesPortalRegression-PartB","CoachesPortal.PatientDetails.PatientProfileDemographic","CoachesPortal.PatientDetails.PatientProfileDemographic","updateverifyProgramDetailsWithIsActive","test1 > Given I am logged in as customer admin, update patientId and payertype","test1 > Given I am logged in as customer admin, update patientId and payertype"
"passed","Sun Jul 19 22:54:16 UTC 2026","Sun Jul 19 22:54:17 UTC 2026","1088","HabitNuCoachPortalSuite","HabitNuCoachesPortalRegression-PartA","CoachesPortal.LearnModule.CustomerAdminCourseDocument","CoachesPortal.LearnModule.CustomerAdminCourseDocument","verifyAddDocumentUploadRequired","Add Document upload Required",""
"passed","Sun Jul 19 23:52:09 UTC 2026","Sun Jul 19 23:52:10 UTC 2026","1281","HabitNuCoachPortalSuite","Milestones","CoachesPortal.BPSMMilestone","CoachesPortal.BPSMMilestone","test6_validating_BPSMHeaders_Name","And user is validating to BPSMHeaders data by clicking arrow button",""
"passed","Sun Jul 19 23:52:02 UTC 2026","Sun Jul 19 23:52:05 UTC 2026","3685","HabitNuCoachPortalSuite","Milestones","CoachesPortal.BPSMMilestone","CoachesPortal.BPSMMilestone","test1_navigatingcoach","Given user is navigating to coaches portal",""
"skipped","Sun Jul 19 23:31:47 UTC 2026","Sun Jul 19 23:31:47 UTC 2026","0","HabitNuCoachPortalSuite","Scheduler","CoachesPortal.Schedular","CoachesPortal.Schedular","validateUserNoInSchedular","validateUserNoInSchedular",""
"passed","Sun Jul 19 23:49:38 UTC 2026","Sun Jul 19 23:49:38 UTC 2026","8","HabitNuCoachPortalSuite","GroupDPPClassPlanner","CoachesPortal.ClassPlanner","CoachesPortal.ClassPlanner","case11","Create multiple cards under List",""
"passed","Sun Jul 19 23:00:55 UTC 2026","Sun Jul 19 23:00:57 UTC 2026","1273","HabitNuCoachPortalSuite","HabitNuCoachesPortalRegression-PartB","CoachesPortal.OnsiteUsersListDashboard","CoachesPortal.OnsiteUsersListDashboard","case35","test1 > Given I am logged in as customerAdmin, Remove Cohort for a user.","test1 > Given I am logged in as customerAdmin, Remove Cohort for a user."
"skipped","Sun Jul 19 23:35:15 UTC 2026","Sun Jul 19 23:35:15 UTC 2026","0","HabitNuCoachPortalSuite","Paywal","CoachesPortal.payWall","CoachesPortal.payWall","testValidateTransactionEntryAfterSubscription","COP-T411: Validate transaction entry after user subscription",""
"passed","Sun Jul 19 23:01:13 UTC 2026","Sun Jul 19 23:01:16 UTC 2026","3269","HabitNuCoachPortalSuite","HabitNuCoachesPortalRegression-PartB","CoachesPortal.OnsiteUsersListDashboard","CoachesPortal.OnsiteUsersListDashboard","case41","test1 > Given I am logged in as customerAdmin, sorting users table with 'Name' in desc order","test1 > Given I am logged in as customerAdmin, sorting users table with 'Name' in desc order"
"passed","Sun Jul 19 22:46:46 UTC 2026","Sun Jul 19 22:46:47 UTC 2026","1292","HabitNuCoachPortalSuite","HabitNuCoachesPortalRegression-PartA","CoachesPortal.LearnModule.Learn","CoachesPortal.LearnModule.Learn","verifyAdminModuleIsAvailable","Verify CustomerAdmin can click on admin option from profile Icon",""
"passed","Sun Jul 19 23:47:27 UTC 2026","Sun Jul 19 23:47:29 UTC 2026","1599","HabitNuCoachPortalSuite","LogClassSession","CoachesPortal.LogClassSession","CoachesPortal.LogClassSession","verifyDashboardClickParticipant","Verify on Clicking a Searched Participant, it should take to that participant's dashboard",""
"passed","Sun Jul 19 23:01:06 UTC 2026","Sun Jul 19 23:01:09 UTC 2026","3189","HabitNuCoachPortalSuite","HabitNuCoachesPortalRegression-PartB","CoachesPortal.OnsiteUsersListDashboard","CoachesPortal.OnsiteUsersListDashboard","case39","test1 > Given I am logged in as customerAdmin, sorting users table with 'cohort' in desc order","test1 > Given I am logged in as customerAdmin, sorting users table with 'cohort' in desc order"
"passed","Sun Jul 19 23:33:35 UTC 2026","Sun Jul 19 23:33:37 UTC 2026","1932","HabitNuCoachPortalSuite","Paywal","CoachesPortal.payWall","CoachesPortal.payWall","testFilterSubscriptions","COP-T397–399: Validate subscription filters",""
"passed","Sun Jul 19 23:33:51 UTC 2026","Sun Jul 19 23:33:52 UTC 2026","1579","HabitNuCoachPortalSuite","Paywal","CoachesPortal.payWall","CoachesPortal.payWall","testFilterTransactions","COP-T400: Validate all transaction filters",""
"skipped","Sun Jul 19 23:31:47 UTC 2026","Sun Jul 19 23:31:47 UTC 2026","0","HabitNuCoachPortalSuite","Scheduler","CoachesPortal.Schedular","CoachesPortal.Schedular","createAppointment","createAppointment",""
"passed","Sun Jul 19 22:55:11 UTC 2026","Sun Jul 19 22:55:20 UTC 2026","9053","HabitNuCoachPortalSuite","HabitNuCoachesPortalRegression-PartA","CoachesPortal.LearnModule.CustomerAdminCourseDocument","CoachesPortal.LearnModule.CustomerAdminCourseDocument","verifyAddValidUploadVideoRequired","Add Valid upload Video Required",""
"broken","Sun Jul 19 23:18:52 UTC 2026","Sun Jul 19 23:19:13 UTC 2026","20366","HabitNuCoachPortalSuite","PatientsProfileAllergies","CoachesPortal.PatientDetails.PatientsProfileAllergies","CoachesPortal.PatientDetails.PatientsProfileAllergies","deleteMedication","delete allergy for Ethylen",""
"passed","Mon Jul 20 00:27:51 UTC 2026","Mon Jul 20 00:27:52 UTC 2026","957","HabitNuCoachPortalSuite","DifferentTypeOfCohorts","CoachesPortal.liteCohorts","CoachesPortal.liteCohorts","case3","test1 > Given I am logged in as admin, I am validating Lite cohorts modules","test1 > Given I am logged in as admin, I am validating Lite cohorts modules, where cohort's Program type=DSME, Delivery type=Onsite"
"passed","Sun Jul 19 23:17:54 UTC 2026","Sun Jul 19 23:17:54 UTC 2026","4","HabitNuCoachPortalSuite","HabitNuCoachesPortalRegression-PartB","CoachesPortal.PatientDetails.PatientProfileDemographic","CoachesPortal.PatientDetails.PatientProfileDemographic","updateMaritalStatus","test1 > Given I am logged in as coach, Marital Status","test1 > Given I am logged in as coach, Marital Status"
"passed","Sun Jul 19 23:00:41 UTC 2026","Sun Jul 19 23:00:42 UTC 2026","980","HabitNuCoachPortalSuite","HabitNuCoachesPortalRegression-PartB","CoachesPortal.OnsiteUsersListDashboard","CoachesPortal.OnsiteUsersListDashboard","case31","test1 > Given I am logged in as customerAdmin, validate userList as customerAdmin-Add Cohort for a user- cancel scenario.","test1 > Given I am logged in as customerAdmin, validate userList as customerAdmin-Add Cohort for a user- cancel scenario."
"broken","Sun Jul 19 23:26:16 UTC 2026","Sun Jul 19 23:27:20 UTC 2026","63836","HabitNuCoachPortalSuite","UserActivities","CoachesPortal.PatientDetails.UserActivitiesBloodSugar","CoachesPortal.PatientDetails.UserActivitiesBloodSugar","verifyBloodSugarInWebPortal","Verify login to webapp and data reflected in bloodsugar section",""
"broken","Sun Jul 19 23:58:30 UTC 2026","Sun Jul 19 23:59:02 UTC 2026","32432","HabitNuCoachPortalSuite","UserDashboard","CoachesPortal.PatientDashboard","CoachesPortal.PatientDashboard","patientWeeklyStatus_WEIGHTS","test2 > Given I am logged in as coach, wehn I am on adding weight from user Dashboard, Then I should be able to see added weight count==1 under patientWeeklyStatus_WEIGHTS","coach login - user/patient/partcipant dashboard validation"
"passed","Sun Jul 19 23:53:03 UTC 2026","Sun Jul 19 23:53:06 UTC 2026","3347","HabitNuCoachPortalSuite","Milestones","CoachesPortal.VAMilestone","CoachesPortal.VAMilestone","test7_validating_VAHeaders_data","And user is validating to VAHeaders data by clicking arrow button",""
"failed","Sun Jul 19 23:51:59 UTC 2026","Sun Jul 19 23:52:01 UTC 2026","1053","HabitNuCoachPortalSuite","GeneralContent","CoachesPortal.generalContent_WEb_Coaches","CoachesPortal.generalContent_WEb_Coaches","verifyGroupDeletion","Verify Group Deletion",""
"passed","Sun Jul 19 23:16:46 UTC 2026","Sun Jul 19 23:16:48 UTC 2026","1712","HabitNuCoachPortalSuite","HabitNuCoachesPortalRegression-PartB","CoachesPortal.PatientDetails.PatientProfileDemographic","CoachesPortal.PatientDetails.PatientProfileDemographic","updateAndVerifyBaselineHealthData","test1 > Given I am logged in as coach, updateAndVerifyBaselineHealthData","test1 > Given I am logged in as coach, updateAndVerifyBaselineHealthData"
"passed","Sun Jul 19 22:56:17 UTC 2026","Sun Jul 19 22:56:20 UTC 2026","3220","HabitNuCoachPortalSuite","HabitNuCoachesPortalRegression-PartB","CoachesPortal.OnsiteUsersListDashboard","CoachesPortal.OnsiteUsersListDashboard","case9","test1 > Given I am logged in as coach, Form Survey for cohort- Disability.","test1 > Given I am logged in as coach, Form Survey for cohort- Disability."
"passed","Sun Jul 19 22:59:59 UTC 2026","Sun Jul 19 23:00:36 UTC 2026","37041","HabitNuCoachPortalSuite","HabitNuCoachesPortalRegression-PartB","CoachesPortal.OnsiteUsersListDashboard","CoachesPortal.OnsiteUsersListDashboard","case29","test1 > Given I am logged in as customerAdmin, Given I am logged in as customerAdmin, validate userList as customerAdmin","test1 > Given I am logged in as customerAdmin, Given I am logged in as customerAdmin, validate userList as customerAdmin"
"passed","Sun Jul 19 23:34:03 UTC 2026","Sun Jul 19 23:34:05 UTC 2026","1604","HabitNuCoachPortalSuite","Paywal","CoachesPortal.payWall","CoachesPortal.payWall","testFilterTransactions","COP-T400: Validate all transaction filters",""
"passed","Sun Jul 19 23:33:54 UTC 2026","Sun Jul 19 23:33:56 UTC 2026","1604","HabitNuCoachPortalSuite","Paywal","CoachesPortal.payWall","CoachesPortal.payWall","testFilterTransactions","COP-T400: Validate all transaction filters",""
"passed","Sun Jul 19 23:52:59 UTC 2026","Sun Jul 19 23:52:59 UTC 2026","666","HabitNuCoachPortalSuite","Milestones","CoachesPortal.VAMilestone","CoachesPortal.VAMilestone","test4_navigating_milestone","And user is navigating to milestone",""
"skipped","Sun Jul 19 23:31:47 UTC 2026","Sun Jul 19 23:31:47 UTC 2026","0","HabitNuCoachPortalSuite","Scheduler","CoachesPortal.Schedular","CoachesPortal.Schedular","joinTheMeeting","joinTheMeeting",""
"passed","Sun Jul 19 22:54:46 UTC 2026","Sun Jul 19 22:54:56 UTC 2026","9799","HabitNuCoachPortalSuite","HabitNuCoachesPortalRegression-PartA","CoachesPortal.LearnModule.CustomerAdminCourseDocument","CoachesPortal.LearnModule.CustomerAdminCourseDocument","verifyAddVideo","Add Video",""
"passed","Sun Jul 19 23:49:39 UTC 2026","Sun Jul 19 23:49:39 UTC 2026","576","HabitNuCoachPortalSuite","GroupDPPClassPlanner","CoachesPortal.ClassPlanner","CoachesPortal.ClassPlanner","case13","click on CANCEL while editing the Created card",""
"passed","Sun Jul 19 23:52:57 UTC 2026","Sun Jul 19 23:52:58 UTC 2026","813","HabitNuCoachPortalSuite","Milestones","CoachesPortal.VAMilestone","CoachesPortal.VAMilestone","test2_changecohort","When user is able to change the cohort",""
"passed","Sun Jul 19 22:46:47 UTC 2026","Sun Jul 19 22:46:48 UTC 2026","608","HabitNuCoachPortalSuite","HabitNuCoachesPortalRegression-PartA","CoachesPortal.LearnModule.Learn","CoachesPortal.LearnModule.Learn","verifyLandingPageWhichIsProgramsHeadlined","Verify CustomerAdmin now lands on Course configuration page (Programs)",""
"passed","Sun Jul 19 23:54:15 UTC 2026","Sun Jul 19 23:54:20 UTC 2026","5327","HabitNuCoachPortalSuite","Milestones","CoachesPortal.VAMilestone","CoachesPortal.VAMilestone","test16_validating_VAHeaders_data","And user is validating to VAHeaders data by clicking arrow button",""
"passed","Sun Jul 19 23:01:28 UTC 2026","Sun Jul 19 23:01:28 UTC 2026","71","HabitNuCoachPortalSuite","HabitNuCoachesPortalRegression-PartB","CoachesPortal.OnsiteUsersListDashboard","CoachesPortal.OnsiteUsersListDashboard","case45","test1 > Given I am logged in as customerAdmin, validate disenrolled status under Milestone column - colorcode","test1 > Given I am logged in as customerAdmin, validate disenrolled status under Milestone column - colorcode"
"passed","Sun Jul 19 23:47:14 UTC 2026","Sun Jul 19 23:47:15 UTC 2026","781","HabitNuCoachPortalSuite","LogClassSession","CoachesPortal.LogClassSession","CoachesPortal.LogClassSession","validateLogClassSession_Non_Availibility_forDSME","Verify Log Class session is unavailable for programDeliveryType==Onsite and programType == DSME ",""
"passed","Sun Jul 19 23:43:37 UTC 2026","Sun Jul 19 23:43:37 UTC 2026","9","HabitNuCoachPortalSuite","HabitNuCoachesPortalRegression-PartC","CoachesPortal.PatientDetails.PatientProfilePayerType","CoachesPortal.PatientDetails.PatientProfilePayerType","deletePayerTypes","verify PayerType can be deleted",""
"passed","Sun Jul 19 23:31:45 UTC 2026","Sun Jul 19 23:31:45 UTC 2026","1","HabitNuCoachPortalSuite","Scheduler","CoachesPortal.Schedular","CoachesPortal.Schedular","validateInteractionEntries_InteractionOn","test1 > Given I am logged in as admin, verify group interaction entries are made automatically when meet is attended for min of 1min > Validating field==InteractionOn","test1 > Given I am logged in as admin, verify group interaction entries are made automatically when meet is attended for min of 1min > Validating field==InteractionOn"
"skipped","Sun Jul 19 23:31:47 UTC 2026","Sun Jul 19 23:31:47 UTC 2026","0","HabitNuCoachPortalSuite","Scheduler","CoachesPortal.Schedular","CoachesPortal.Schedular","validateInteractionEntries_UpdatedAt","validateInteractionEntries_UpdatedAt",""
"passed","Sun Jul 19 22:46:54 UTC 2026","Sun Jul 19 22:46:55 UTC 2026","401","HabitNuCoachPortalSuite","HabitNuCoachesPortalRegression-PartA","CoachesPortal.LearnModule.Learn","CoachesPortal.LearnModule.Learn","publishCourse","Verify CustomerAdmin can publish the course",""
"broken","Mon Jul 20 00:08:16 UTC 2026","Mon Jul 20 00:09:18 UTC 2026","62529","HabitNuCoachPortalSuite","UserDashboard","CoachesPortal.PatientDashboard","CoachesPortal.PatientDashboard","Last_BeforeMeal_Blood_Sugar","test20 > Given I am logged in as coach, wehn I am on Participants dashboard page, when I add bloodsugar BEFORE-MEAL type, Then I should be able to see the added data on dashboard card==Last_BeforeMeal_Blood_Sugar","coach login - clicking on scheduler should open the scheduler page in coaches portal"
"broken","Sun Jul 19 23:39:58 UTC 2026","Sun Jul 19 23:40:29 UTC 2026","30547","HabitNuCoachPortalSuite","HabitNuCoachesPortalRegression-PartC","CoachesPortal.PatientDetails.PatientProfilePreAuth","CoachesPortal.PatientDetails.PatientProfilePreAuth","verifyPreAuth","verify PreAuth for Ethylen",""
"passed","Sun Jul 19 23:34:05 UTC 2026","Sun Jul 19 23:34:07 UTC 2026","1600","HabitNuCoachPortalSuite","Paywal","CoachesPortal.payWall","CoachesPortal.payWall","testFilterTransactions","COP-T400: Validate all transaction filters",""
"failed","Sun Jul 19 23:15:11 UTC 2026","Sun Jul 19 23:15:15 UTC 2026","3764","HabitNuCoachPortalSuite","HabitNuCoachesPortalRegression-PartB","CoachesPortal.PatientDetails.PatientProfileDemographic","CoachesPortal.PatientDetails.PatientProfileDemographic","updateAndVerifyAddressDetails","test1 > Given I am logged in as coach, updateAndVerifyAddressDetails","test1 > Given I am logged in as coach, updateAndVerifyAddressDetails"
"passed","Sun Jul 19 23:51:19 UTC 2026","Sun Jul 19 23:51:25 UTC 2026","6413","HabitNuCoachPortalSuite","GeneralContent","CoachesPortal.generalContent_WEb_Coaches","CoachesPortal.generalContent_WEb_Coaches","validateAndPublishGroup","Validating Created Group Name, Tag Type, and Video Tags",""
"broken","Sun Jul 19 23:50:32 UTC 2026","Sun Jul 19 23:50:33 UTC 2026","1162","HabitNuCoachPortalSuite","GroupDPPClassPlanner","CoachesPortal.ClassPlanner","CoachesPortal.ClassPlanner","case36","validate user is able to view classPlanner item==app-link",""
"failed","Sun Jul 19 23:18:32 UTC 2026","Sun Jul 19 23:18:32 UTC 2026","0","HabitNuCoachPortalSuite","PatientsProfileAllergies","CoachesPortal.PatientDetails.PatientsProfileAllergies","CoachesPortal.PatientDetails.PatientsProfileAllergies","setup","setup",""
"passed","Sun Jul 19 23:52:40 UTC 2026","Sun Jul 19 23:52:53 UTC 2026","12529","HabitNuCoachPortalSuite","Milestones","CoachesPortal.BPSMMilestone","CoachesPortal.BPSMMilestone","test11_groupinteraction","And user is able to add group interaction without seminar name",""
"passed","Sun Jul 19 23:35:10 UTC 2026","Sun Jul 19 23:35:15 UTC 2026","4993","HabitNuCoachPortalSuite","Paywal","CoachesPortal.payWall","CoachesPortal.payWall","testSubscriptionFailureScenario","COP-T415: Validate subscription failure scenario",""
"passed","Sun Jul 19 22:48:41 UTC 2026","Sun Jul 19 22:48:58 UTC 2026","16884","HabitNuCoachPortalSuite","HabitNuCoachesPortalRegression-PartA","CoachesPortal.LearnModule.Learn","CoachesPortal.LearnModule.Learn","verifyFromCoachesEndAfterCourseisRemoved","verify from coaches portal after course has been removed",""
"passed","Sun Jul 19 23:17:54 UTC 2026","Sun Jul 19 23:17:54 UTC 2026","4","HabitNuCoachPortalSuite","HabitNuCoachesPortalRegression-PartB","CoachesPortal.PatientDetails.PatientProfileDemographic","CoachesPortal.PatientDetails.PatientProfileDemographic","updateethnicity_race_info","test1 > Given I am logged in as coach, ethnicity_race_info","test1 > Given I am logged in as coach, ethnicity_race_info"
"passed","Sun Jul 19 22:53:43 UTC 2026","Sun Jul 19 22:53:46 UTC 2026","2648","HabitNuCoachPortalSuite","HabitNuCoachesPortalRegression-PartA","CoachesPortal.LearnModule.Learn","CoachesPortal.LearnModule.Learn","editByDisablingNotifications","verify inactive notifications",""
"passed","Mon Jul 20 00:14:55 UTC 2026","Mon Jul 20 00:15:00 UTC 2026","5033","HabitNuCoachPortalSuite","UserDashboard","CoachesPortal.PatientDashboard","CoachesPortal.PatientDashboard","Last_BeforeMeal_Blood_Sugar","test20 > Given I am logged in as admin, wehn I am on Participants dashboard page, when I add bloodsugar BEFORE-MEAL type, Then I should be able to see the added data on dashboard card==Last_BeforeMeal_Blood_Sugar","admin login - clicking on scheduler should open the scheduler page in coaches portal"
"broken","Sun Jul 19 23:22:14 UTC 2026","Sun Jul 19 23:22:44 UTC 2026","30064","HabitNuCoachPortalSuite","UserActivities","CoachesPortal.PatientDetails.UserActivitiesBloodPressure","CoachesPortal.PatientDetails.UserActivitiesBloodPressure","verifyEditCurrentAndYesterdayBPDataInCoachesPortal","Verify current and yesterday edit BPdata in coaches portal and reflect in web portal",""
"broken","Sun Jul 19 23:50:28 UTC 2026","Sun Jul 19 23:50:29 UTC 2026","1197","HabitNuCoachPortalSuite","GroupDPPClassPlanner","CoachesPortal.ClassPlanner","CoachesPortal.ClassPlanner","case33","validate user is able to view notes",""
"passed","Sun Jul 19 22:47:00 UTC 2026","Sun Jul 19 22:47:02 UTC 2026","2041","HabitNuCoachPortalSuite","HabitNuCoachesPortalRegression-PartA","CoachesPortal.LearnModule.Learn","CoachesPortal.LearnModule.Learn","checkChapterAddition","verify course addition",""
"broken","Sun Jul 19 23:51:33 UTC 2026","Sun Jul 19 23:51:34 UTC 2026","1662","HabitNuCoachPortalSuite","GeneralContent","CoachesPortal.generalContent_WEb_Coaches","CoachesPortal.generalContent_WEb_Coaches","case11","Fitness Videos Details",""
"skipped","Sun Jul 19 23:35:15 UTC 2026","Sun Jul 19 23:35:15 UTC 2026","0","HabitNuCoachPortalSuite","Paywal","CoachesPortal.payWall","CoachesPortal.payWall","testUserSeesAndSubscribesToPlan","COP-T408 & T409: Verify user can see and subscribe to a linked plan",""
"passed","Mon Jul 20 00:15:15 UTC 2026","Mon Jul 20 00:15:16 UTC 2026","610","HabitNuCoachPortalSuite","FeatureFlags","CoachesPortal.FeatureFlags","CoachesPortal.FeatureFlags","test8_validatingflag","And user is able to view the flag details",""
"passed","Sun Jul 19 22:53:43 UTC 2026","Sun Jul 19 22:53:43 UTC 2026","56","HabitNuCoachPortalSuite","HabitNuCoachesPortalRegression-PartA","CoachesPortal.LearnModule.Learn","CoachesPortal.LearnModule.Learn","activeConfiguredNotificationsCheck","verify active is displayed against course notifications configured",""
"skipped","Sun Jul 19 23:35:15 UTC 2026","Sun Jul 19 23:35:15 UTC 2026","0","HabitNuCoachPortalSuite","Paywal","CoachesPortal.payWall","CoachesPortal.payWall","testUnpublishedPlanIsHiddenFromUser","COP-T414: Validate user cannot see unpublished plans",""
"passed","Sun Jul 19 23:50:39 UTC 2026","Sun Jul 19 23:50:40 UTC 2026","1396","HabitNuCoachPortalSuite","GeneralContent","CoachesPortal.generalContent_WEb_Coaches","CoachesPortal.generalContent_WEb_Coaches","case2","Creating tags for Exercise",""
"passed","Sun Jul 19 23:00:54 UTC 2026","Sun Jul 19 23:00:55 UTC 2026","1404","HabitNuCoachPortalSuite","HabitNuCoachesPortalRegression-PartB","CoachesPortal.OnsiteUsersListDashboard","CoachesPortal.OnsiteUsersListDashboard","case34","test1 > Given I am logged in as customerAdmin, validate userList as customerAdmin-Move a user from one cohort to another","test1 > Given I am logged in as customerAdmin, validate userList as customerAdmin-Move a user from one cohort to another"
"passed","Sun Jul 19 23:49:57 UTC 2026","Sun Jul 19 23:49:57 UTC 2026","86","HabitNuCoachPortalSuite","GroupDPPClassPlanner","CoachesPortal.ClassPlanner","CoachesPortal.ClassPlanner","case19","Click on Unlock button",""
"passed","Mon Jul 20 00:24:54 UTC 2026","Mon Jul 20 00:25:41 UTC 2026","47202","HabitNuCoachPortalSuite","DifferentTypeOfDashboards","CoachesPortal.CohortLevelDashboard.ParticipantsProgressTracker","CoachesPortal.CohortLevelDashboard.ParticipantsProgressTracker","test7_Activate_Session","And user is able to activate the session.",""
"passed","Sun Jul 19 22:53:46 UTC 2026","Sun Jul 19 22:53:53 UTC 2026","6441","HabitNuCoachPortalSuite","HabitNuCoachesPortalRegression-PartA","CoachesPortal.LearnModule.Learn","CoachesPortal.LearnModule.Learn","pushNotifications","verify push  notification settings",""
"passed","Sun Jul 19 22:46:55 UTC 2026","Sun Jul 19 22:47:00 UTC 2026","4293","HabitNuCoachPortalSuite","HabitNuCoachesPortalRegression-PartA","CoachesPortal.LearnModule.Learn","CoachesPortal.LearnModule.Learn","addChapterToTheCourse","adding a chapter to the course",""
"passed","Sun Jul 19 23:16:58 UTC 2026","Sun Jul 19 23:17:03 UTC 2026","5150","HabitNuCoachPortalSuite","HabitNuCoachesPortalRegression-PartB","CoachesPortal.PatientDetails.PatientProfileDemographic","CoachesPortal.PatientDetails.PatientProfileDemographic","testSelectBlindNo","test1 > Given I am logged in as coach, testSelectBlindNo","test1 > Given I am logged in as coach, testSelectBlindNo"
"passed","Sun Jul 19 23:50:03 UTC 2026","Sun Jul 19 23:50:09 UTC 2026","5139","HabitNuCoachPortalSuite","GroupDPPClassPlanner","CoachesPortal.ClassPlanner","CoachesPortal.ClassPlanner","case22","Activate the class planner - It should activate the class planner",""
"broken","Sun Jul 19 23:07:49 UTC 2026","Sun Jul 19 23:08:19 UTC 2026","30456","HabitNuCoachPortalSuite","HabitNuCoachesPortalRegression-PartB","CoachesPortal.PatientDetails.PatientProfileDemographic","CoachesPortal.PatientDetails.PatientProfileDemographic","verifyCallDetails","test1 > Given I am logged in as customer admin, verifyCallDetails","test1 > Given I am logged in as customer admin, verifyCallDetails"
"passed","Sun Jul 19 23:09:43 UTC 2026","Sun Jul 19 23:09:48 UTC 2026","5110","HabitNuCoachPortalSuite","HabitNuCoachesPortalRegression-PartB","CoachesPortal.PatientDetails.PatientProfileDemographic","CoachesPortal.PatientDetails.PatientProfileDemographic","testSelectWalkingYes","test1 > Given I am logged in as customer admin, testSelectWalkingYes","test1 > Given I am logged in as customer admin, testSelectWalkingYes"
"passed","Sun Jul 19 22:55:25 UTC 2026","Sun Jul 19 22:55:30 UTC 2026","4885","HabitNuCoachPortalSuite","HabitNuCoachesPortalRegression-PartA","CoachesPortal.LearnModule.CustomerAdminCourseDocument","CoachesPortal.LearnModule.CustomerAdminCourseDocument","verifyVideoPublishCancelAndConfirm","Video Publish Cancel And Confirm",""
"passed","Sun Jul 19 23:46:45 UTC 2026","Sun Jul 19 23:46:46 UTC 2026","161","HabitNuCoachPortalSuite","LoginPageCases","CoachesPortal.LoginPageCases","CoachesPortal.LoginPageCases","case17","Coaches Portal Login URL -> Click on terms of use",""
"passed","Sun Jul 19 22:59:17 UTC 2026","Sun Jul 19 22:59:18 UTC 2026","154","HabitNuCoachPortalSuite","HabitNuCoachesPortalRegression-PartB","CoachesPortal.OnsiteUsersListDashboard","CoachesPortal.OnsiteUsersListDashboard","case20","test1 > Given I am logged in as coach, Clicking on Cohort should navigate to Dashboard.","test1 > Given I am logged in as coach, Clicking on Cohort should navigate to Dashboard."
"passed","Sun Jul 19 23:49:30 UTC 2026","Sun Jul 19 23:49:32 UTC 2026","2123","HabitNuCoachPortalSuite","GroupDPPClassPlanner","CoachesPortal.ClassPlanner","CoachesPortal.ClassPlanner","case1","It should open the class planner creation page",""
"broken","Sun Jul 19 23:46:21 UTC 2026","Sun Jul 19 23:46:21 UTC 2026","99","HabitNuCoachPortalSuite","LoginPageCases","CoachesPortal.LoginPageCases","CoachesPortal.LoginPageCases","testLoginWithoutEmailAndPassword","try login without email and password",""
"broken","Mon Jul 20 00:14:49 UTC 2026","Mon Jul 20 00:14:49 UTC 2026","86","HabitNuCoachPortalSuite","UserDashboard","CoachesPortal.PatientDashboard","CoachesPortal.PatientDashboard","habitCard_Done","test17 > Given I am logged in as admin, when I am on updating with a habit for the user to DONE, Then I should be able to see updated habit as 'DONE' on Habits graph","admin login - user/patient/partcipant dashboard validation"
"passed","Sun Jul 19 23:53:03 UTC 2026","Sun Jul 19 23:53:03 UTC 2026","132","HabitNuCoachPortalSuite","Milestones","CoachesPortal.VAMilestone","CoachesPortal.VAMilestone","test6_validating_Headers","And user is validating headers",""
"passed","Sun Jul 19 23:51:46 UTC 2026","Sun Jul 19 23:51:57 UTC 2026","11022","HabitNuCoachPortalSuite","GeneralContent","CoachesPortal.generalContent_WEb_Coaches","CoachesPortal.generalContent_WEb_Coaches","deleteGroup","Deleting Groups",""
"broken","Sun Jul 19 23:08:19 UTC 2026","Sun Jul 19 23:08:50 UTC 2026","30560","HabitNuCoachPortalSuite","HabitNuCoachesPortalRegression-PartB","CoachesPortal.PatientDetails.PatientProfileDemographic","CoachesPortal.PatientDetails.PatientProfileDemographic","updateAndVerifyCallDetails","test1 > Given I am logged in as customer admin, updateAndVerifyCallDetails","test1 > Given I am logged in as customer admin, updateAndVerifyCallDetails"
"failed","Sun Jul 19 23:07:15 UTC 2026","Sun Jul 19 23:07:19 UTC 2026","3804","HabitNuCoachPortalSuite","HabitNuCoachesPortalRegression-PartB","CoachesPortal.PatientDetails.PatientProfileDemographic","CoachesPortal.PatientDetails.PatientProfileDemographic","updateAndVerifyAddressDetails","test1 > Given I am logged in as customer admin, updateAndVerifyAddressDetails","test1 > Given I am logged in as customer admin, updateAndVerifyAddressDetails"
"passed","Sun Jul 19 23:08:52 UTC 2026","Sun Jul 19 23:08:52 UTC 2026","47","HabitNuCoachPortalSuite","HabitNuCoachesPortalRegression-PartB","CoachesPortal.PatientDetails.PatientProfileDemographic","CoachesPortal.PatientDetails.PatientProfileDemographic","verifyCDCdetails","test1 > Given I am logged in as customer admin, verifyCDCdetails","test1 > Given I am logged in as customer admin, verifyCDCdetails"
"passed","Sun Jul 19 23:49:40 UTC 2026","Sun Jul 19 23:49:40 UTC 2026","174","HabitNuCoachPortalSuite","GroupDPPClassPlanner","CoachesPortal.ClassPlanner","CoachesPortal.ClassPlanner","case15","Cancel the archive pop up",""
"passed","Sun Jul 19 23:33:57 UTC 2026","Sun Jul 19 23:33:59 UTC 2026","1570","HabitNuCoachPortalSuite","Paywal","CoachesPortal.payWall","CoachesPortal.payWall","testFilterTransactions","COP-T400: Validate all transaction filters",""
"passed","Sun Jul 19 22:53:23 UTC 2026","Sun Jul 19 22:53:31 UTC 2026","8101","HabitNuCoachPortalSuite","HabitNuCoachesPortalRegression-PartA","CoachesPortal.LearnModule.Learn","CoachesPortal.LearnModule.Learn","configNofifications","verify list of default list notifications",""
"passed","Sun Jul 19 23:50:43 UTC 2026","Sun Jul 19 23:50:57 UTC 2026","14561","HabitNuCoachPortalSuite","GeneralContent","CoachesPortal.generalContent_WEb_Coaches","CoachesPortal.generalContent_WEb_Coaches","Case5_selectRandomVideoTags","Selecting Random Video Tags for Video",""
"broken","Sun Jul 19 23:28:59 UTC 2026","Sun Jul 19 23:29:21 UTC 2026","22378","HabitNuCoachPortalSuite","UserActivities","CoachesPortal.PatientDetails.UserActivitiesTobacco","CoachesPortal.PatientDetails.UserActivitiesTobacco","verifyYesterdayBPDataInCoachesPortal","As a coach adding tobacco to previous date",""
"passed","Sun Jul 19 23:49:38 UTC 2026","Sun Jul 19 23:49:39 UTC 2026","1058","HabitNuCoachPortalSuite","GroupDPPClassPlanner","CoachesPortal.ClassPlanner","CoachesPortal.ClassPlanner","case12","Edit the Created card",""
"broken","Sun Jul 19 23:56:53 UTC 2026","Sun Jul 19 23:57:26 UTC 2026","33677","HabitNuCoachPortalSuite","UserDashboard","CoachesPortal.PatientDashboard","CoachesPortal.PatientDashboard","goToUserDashboard","test1 > Given I am logged in as coach, wehn I click on Participants module, Then I should be taken to users/participants list page, when I click on a user, Then I should be taken to user dashboard","coach login - clicking on scheduler should open the scheduler page in coaches portal"
"skipped","Sun Jul 19 23:35:10 UTC 2026","Sun Jul 19 23:35:10 UTC 2026","0","HabitNuCoachPortalSuite","Paywal","CoachesPortal.payWall","CoachesPortal.payWall","testVerifyLinkedPlanDisplays","COP-T407: Validate linked plan displays in Program details",""
"broken","Sun Jul 19 23:41:09 UTC 2026","Sun Jul 19 23:41:30 UTC 2026","20364","HabitNuCoachPortalSuite","HabitNuCoachesPortalRegression-PartC","CoachesPortal.PatientDetails.PatientProfileImmunizations","CoachesPortal.PatientDetails.PatientProfileImmunizations","editImmunication","edit immunization for Ethylen",""
"passed","Sun Jul 19 23:52:05 UTC 2026","Sun Jul 19 23:52:06 UTC 2026","775","HabitNuCoachPortalSuite","Milestones","CoachesPortal.BPSMMilestone","CoachesPortal.BPSMMilestone","test2_changecohort","When user is able to change the cohort",""
"passed","Sun Jul 19 23:31:45 UTC 2026","Sun Jul 19 23:31:45 UTC 2026","1","HabitNuCoachPortalSuite","Scheduler","CoachesPortal.Schedular","CoachesPortal.Schedular","validateInteractionEntries_UpdatedAt","test1 > Given I am logged in as admin, verify group interaction entries are made automatically when meet is attended for min of 1min > Validating field==UpdatedAt","test1 > Given I am logged in as admin, verify group interaction entries are made automatically when meet is attended for min of 1min > Validating field==UpdatedAt"
"passed","Sun Jul 19 23:17:54 UTC 2026","Sun Jul 19 23:17:54 UTC 2026","5","HabitNuCoachPortalSuite","HabitNuCoachesPortalRegression-PartB","CoachesPortal.PatientDetails.PatientProfileDemographic","CoachesPortal.PatientDetails.PatientProfileDemographic","deleteEthnicityAndRace","test1 > Given I am logged in as coach, Ethnicity and Race","test1 > Given I am logged in as coach, Ethnicity and Race"
"passed","Sun Jul 19 23:49:34 UTC 2026","Sun Jul 19 23:49:35 UTC 2026","763","HabitNuCoachPortalSuite","GroupDPPClassPlanner","CoachesPortal.ClassPlanner","CoachesPortal.ClassPlanner","case5","Edit the list to class planner",""
"passed","Mon Jul 20 00:12:28 UTC 2026","Mon Jul 20 00:12:33 UTC 2026","5150","HabitNuCoachPortalSuite","UserDashboard","CoachesPortal.PatientDashboard","CoachesPortal.PatientDashboard","goToUserDashboard","test1 > Given I am logged in as admin, wehn I click on Participants module, Then I should be taken to users/participants list page, when I click on a user, Then I should be taken to user dashboard","admin login - clicking on scheduler should open the scheduler page in coaches portal"
"broken","Mon Jul 20 00:06:13 UTC 2026","Mon Jul 20 00:07:13 UTC 2026","60513","HabitNuCoachPortalSuite","UserDashboard","CoachesPortal.PatientDashboard","CoachesPortal.PatientDashboard","Profile_in_Green","test18 > Given I am logged in as coach, wehn I am on Participants dashboard page, Then I should be able to see all particiapnt data on the photocard","coach login - clicking on scheduler should open the scheduler page in coaches portal"
"broken","Mon Jul 20 00:15:22 UTC 2026","Mon Jul 20 00:15:44 UTC 2026","22764","HabitNuCoachPortalSuite","FeatureFlags","CoachesPortal.FeatureFlags","CoachesPortal.FeatureFlags","test12_addrulesforcohort","And user is able to add the rule for cohort level",""
"skipped","Sun Jul 19 23:31:47 UTC 2026","Sun Jul 19 23:31:47 UTC 2026","0","HabitNuCoachPortalSuite","Scheduler","CoachesPortal.Schedular","CoachesPortal.Schedular","editAppointment","editAppointment",""
"broken","Sun Jul 19 22:59:58 UTC 2026","Sun Jul 19 22:59:59 UTC 2026","82","HabitNuCoachPortalSuite","HabitNuCoachesPortalRegression-PartB","CoachesPortal.OnsiteUsersListDashboard","CoachesPortal.OnsiteUsersListDashboard","case23","test1 > Given I am logged in as coach, Action- Request Form Survey.","test1 > Given I am logged in as coach, Action- Request Form Survey."
"broken","Sun Jul 19 23:19:33 UTC 2026","Sun Jul 19 23:19:56 UTC 2026","23372","HabitNuCoachPortalSuite","PatientsProfileAllergies","CoachesPortal.PatientDetails.PatientsProfileAllergies","CoachesPortal.PatientDetails.PatientsProfileAllergies","verifyMedication","verify allergy for Ethylen",""
"passed","Sun Jul 19 23:17:49 UTC 2026","Sun Jul 19 23:17:54 UTC 2026","5110","HabitNuCoachPortalSuite","HabitNuCoachesPortalRegression-PartB","CoachesPortal.PatientDetails.PatientProfileDemographic","CoachesPortal.PatientDetails.PatientProfileDemographic","testSelectEmotionalYes","test1 > Given I am logged in as coach, testSelectEmotionalYes","test1 > Given I am logged in as coach, testSelectEmotionalYes"
"broken","Mon Jul 20 00:09:18 UTC 2026","Mon Jul 20 00:10:21 UTC 2026","62465","HabitNuCoachPortalSuite","UserDashboard","CoachesPortal.PatientDashboard","CoachesPortal.PatientDashboard","Last_Fasting_Blood_Sugar","test19 > Given I am logged in as coach, wehn I am on Participants dashboard page, when I add bloodsugar FASTING type, Then I should be able to see the added data on dashboard card==Last_Fasting_Blood_Sugar","coach login - clicking on scheduler should open the scheduler page in coaches portal"
"broken","Sun Jul 19 23:57:57 UTC 2026","Sun Jul 19 23:58:30 UTC 2026","32748","HabitNuCoachPortalSuite","UserDashboard","CoachesPortal.PatientDashboard","CoachesPortal.PatientDashboard","bloodSugarHistory","test6 > Given I am logged in as coach, wehn I am on adding bloodsugar from user Dashboard, Then I should be able to see added bloodsugar on bloodSugarHistory graph","coach login - user/patient/partcipant dashboard validation"
"passed","Mon Jul 20 00:21:44 UTC 2026","Mon Jul 20 00:21:44 UTC 2026","48","HabitNuCoachPortalSuite","DifferentTypeOfDashboards","CoachesPortal.CohortLevelDashboard.DSMEDashboardCoachesPortal","CoachesPortal.CohortLevelDashboard.DSMEDashboardCoachesPortal","test13_verifyBloodSugarByPatientsWithAllDefaultOption","Verify Blood Sugar by Patients Should be selected by dropdownCard with all as default option",""
"passed","Mon Jul 20 00:21:44 UTC 2026","Mon Jul 20 00:21:44 UTC 2026","88","HabitNuCoachPortalSuite","DifferentTypeOfDashboards","CoachesPortal.CohortLevelDashboard.DSMEDashboardCoachesPortal","CoachesPortal.CohortLevelDashboard.DSMEDashboardCoachesPortal","test14_verifyBloodSugarByPatientsWithallPosibleActions","Verify Blood Sugar by Patients dropdown card with possible options listed",""
"broken","Mon Jul 20 00:06:13 UTC 2026","Mon Jul 20 00:06:13 UTC 2026","82","HabitNuCoachPortalSuite","UserDashboard","CoachesPortal.PatientDashboard","CoachesPortal.PatientDashboard","habitCard_Done","test17 > Given I am logged in as coach, when I am on updating with a habit for the user to DONE, Then I should be able to see updated habit as 'DONE' on Habits graph","coach login - user/patient/partcipant dashboard validation"
"passed","Sun Jul 19 23:47:17 UTC 2026","Sun Jul 19 23:47:17 UTC 2026","429","HabitNuCoachPortalSuite","LogClassSession","CoachesPortal.LogClassSession","CoachesPortal.LogClassSession","verify10DaysBackDateInLogClasssessionWithPatient","Given coach is on logclass session page, when 'weight-date==10days back, -PA-delivery Mode' is added, then coach should be able to save log class session for dated which is 10 days old",""
"broken","Sun Jul 19 23:30:16 UTC 2026","Sun Jul 19 23:30:46 UTC 2026","30568","HabitNuCoachPortalSuite","UserActivities","CoachesPortal.PatientDetails.UserActivitiesTobacco","CoachesPortal.PatientDetails.UserActivitiesTobacco","verifyEditCurrentAndYesterdayBPDataInCoachesPortal","Verify current and yesterday edit tobacco in coaches portal and reflect in web portal",""
"passed","Sun Jul 19 23:49:10 UTC 2026","Sun Jul 19 23:49:26 UTC 2026","15242","HabitNuCoachPortalSuite","LogClassSession","CoachesPortal.LogClassSession","CoachesPortal.LogClassSession","verifylogClassDataonDashboard_WeightHistory","Given coach adds weight for user ABC via log class session, when this user dashboard is opened,  then this weight data should be plotted on weight history graph",""
"skipped","Sun Jul 19 23:31:47 UTC 2026","Sun Jul 19 23:31:47 UTC 2026","0","HabitNuCoachPortalSuite","Scheduler","CoachesPortal.Schedular","CoachesPortal.Schedular","validateInteractionEntries_Claimed","validateInteractionEntries_Claimed",""
"broken","Sun Jul 19 22:58:57 UTC 2026","Sun Jul 19 22:59:17 UTC 2026","20697","HabitNuCoachPortalSuite","HabitNuCoachesPortalRegression-PartB","CoachesPortal.OnsiteUsersListDashboard","CoachesPortal.OnsiteUsersListDashboard","case19","test1 > Given I am logged in as coach, Cancel Scenarios- Call","test1 > Given I am logged in as coach, Cancel Scenarios- Call"
"passed","Mon Jul 20 00:15:14 UTC 2026","Mon Jul 20 00:15:15 UTC 2026","608","HabitNuCoachPortalSuite","FeatureFlags","CoachesPortal.FeatureFlags","CoachesPortal.FeatureFlags","test6_validatingfeatureflags","And user is validating the Feature Flags section ",""
"passed","Sun Jul 19 22:54:22 UTC 2026","Sun Jul 19 22:54:27 UTC 2026","4772","HabitNuCoachPortalSuite","HabitNuCoachesPortalRegression-PartA","CoachesPortal.LearnModule.CustomerAdminCourseDocument","CoachesPortal.LearnModule.CustomerAdminCourseDocument","verifyAddValidUploadRequired","Add Valid upload Required",""
"passed","Sun Jul 19 23:31:40 UTC 2026","Sun Jul 19 23:31:42 UTC 2026","2072","HabitNuCoachPortalSuite","Scheduler","CoachesPortal.Schedular","CoachesPortal.Schedular","joinTheMeeting","test7 >  Given I am logged in as admin, and on time slot page, When I click on created appointment, Then I should see the Join the meet button, When I click on it, Then I should be taken to joinmeeting page in new tab","admin login - User should be able to join the meet"
"passed","Sun Jul 19 23:01:00 UTC 2026","Sun Jul 19 23:01:03 UTC 2026","3257","HabitNuCoachPortalSuite","HabitNuCoachesPortalRegression-PartB","CoachesPortal.OnsiteUsersListDashboard","CoachesPortal.OnsiteUsersListDashboard","case37","test1 > Given I am logged in as customerAdmin, sorting users table with Join Date in desc order","test1 > Given I am logged in as customerAdmin, sorting users table with Join Date in desc order"
"broken","Sun Jul 19 23:46:22 UTC 2026","Sun Jul 19 23:46:22 UTC 2026","98","HabitNuCoachPortalSuite","LoginPageCases","CoachesPortal.LoginPageCases","CoachesPortal.LoginPageCases","testLoginWithInvalidEmailAndValidPassword","try login with invalid email and valid password",""
"broken","Mon Jul 20 00:23:01 UTC 2026","Mon Jul 20 00:24:07 UTC 2026","66114","HabitNuCoachPortalSuite","DifferentTypeOfDashboards","CoachesPortal.CohortLevelDashboard.ParticipantsProgressTracker","CoachesPortal.CohortLevelDashboard.ParticipantsProgressTracker","test4_Change_Filter_Status","And user is able to change the participants status",""
"passed","Sun Jul 19 23:47:14 UTC 2026","Sun Jul 19 23:47:14 UTC 2026","762","HabitNuCoachPortalSuite","LogClassSession","CoachesPortal.LogClassSession","CoachesPortal.LogClassSession","validateLogClassSession_Non_Availibility","Given I am logged in as coach to coach portal, when cohort's programDeliveryType!=Onsite, then Log class session module should not be available",""
"passed","Sun Jul 19 22:46:48 UTC 2026","Sun Jul 19 22:46:49 UTC 2026","513","HabitNuCoachPortalSuite","HabitNuCoachesPortalRegression-PartA","CoachesPortal.LearnModule.Learn","CoachesPortal.LearnModule.Learn","createCourse","Verify CustomerAdmin can create course",""
"passed","Sun Jul 19 23:51:19 UTC 2026","Sun Jul 19 23:51:19 UTC 2026","152","HabitNuCoachPortalSuite","GeneralContent","CoachesPortal.generalContent_WEb_Coaches","CoachesPortal.generalContent_WEb_Coaches","printGroupDetails","Printing Group Details",""
"passed","Sun Jul 19 22:48:28 UTC 2026","Sun Jul 19 22:48:29 UTC 2026","651","HabitNuCoachPortalSuite","HabitNuCoachesPortalRegression-PartA","CoachesPortal.LearnModule.Learn","CoachesPortal.LearnModule.Learn","checkLearnTabOnCoachesWhenCourseIsPublished","check learn tab on coaches portal when course is published",""
"passed","Mon Jul 20 00:18:12 UTC 2026","Mon Jul 20 00:18:12 UTC 2026","321","HabitNuCoachPortalSuite","ParticipationsTable","CoachesPortal.participations","CoachesPortal.participations","test2_navigatingadmin","When user is navigating to Admin section ",""
"broken","Sun Jul 19 23:13:06 UTC 2026","Sun Jul 19 23:13:36 UTC 2026","30442","HabitNuCoachPortalSuite","HabitNuCoachesPortalRegression-PartB","CoachesPortal.PatientDetails.PatientProfileDemographic","CoachesPortal.PatientDetails.PatientProfileDemographic","verifyProgramDetails","test1 > Given I am logged in as coach, Verify user as Ethelyn in demographic with Program Details","test1 > Given I am logged in as coach, Verify user as Ethelyn in demographic with Program Details"
"passed","Mon Jul 20 00:18:46 UTC 2026","Mon Jul 20 00:18:49 UTC 2026","3240","HabitNuCoachPortalSuite","ParticipationsTable","CoachesPortal.participations","CoachesPortal.participations","test10_searchpartner","And user is able to search the user with participation ID",""
"broken","Sun Jul 19 22:56:20 UTC 2026","Sun Jul 19 22:56:48 UTC 2026","27307","HabitNuCoachPortalSuite","HabitNuCoachesPortalRegression-PartB","CoachesPortal.OnsiteUsersListDashboard","CoachesPortal.OnsiteUsersListDashboard","case10","test1 > Given I am logged in as coach, Choose Cohort which does not have form- multiple_classes_ofChild.","test1 > Given I am logged in as coach, Choose Cohort which does not have form- multiple_classes_ofChild."
"passed","Mon Jul 20 00:21:44 UTC 2026","Mon Jul 20 00:21:44 UTC 2026","20","HabitNuCoachPortalSuite","DifferentTypeOfDashboards","CoachesPortal.CohortLevelDashboard.DSMEDashboardCoachesPortal","CoachesPortal.CohortLevelDashboard.DSMEDashboardCoachesPortal","test16_verifyBloodSugarByPatientsWithCalenderDefaultWeek","Verify Blood Sugar by Patients with Calender as week selection as current week by default",""
"broken","Mon Jul 20 00:17:17 UTC 2026","Mon Jul 20 00:17:40 UTC 2026","23070","HabitNuCoachPortalSuite","FeatureFlags","CoachesPortal.FeatureFlags","CoachesPortal.FeatureFlags","test19_addrulesforprogram_multipletimes","And user is able to add the rule for program level multiple times",""
"passed","Sun Jul 19 22:52:42 UTC 2026","Sun Jul 19 22:52:58 UTC 2026","15793","HabitNuCoachPortalSuite","HabitNuCoachesPortalRegression-PartA","CoachesPortal.LearnModule.Learn","CoachesPortal.LearnModule.Learn","editCourseContent","edit course content",""
"passed","Mon Jul 20 00:18:13 UTC 2026","Mon Jul 20 00:18:13 UTC 2026","32","HabitNuCoachPortalSuite","ParticipationsTable","CoachesPortal.participations","CoachesPortal.participations","test4_validatingadmin_defaultpage","When user is validating to Admin default section ",""
"skipped","Sun Jul 19 23:31:47 UTC 2026","Sun Jul 19 23:31:47 UTC 2026","0","HabitNuCoachPortalSuite","Scheduler","CoachesPortal.Schedular","CoachesPortal.Schedular","validateInteractionEntries_UpdatedBy","validateInteractionEntries_UpdatedBy",""
"passed","Sun Jul 19 22:55:20 UTC 2026","Sun Jul 19 22:55:23 UTC 2026","2552","HabitNuCoachPortalSuite","HabitNuCoachesPortalRegression-PartA","CoachesPortal.LearnModule.CustomerAdminCourseDocument","CoachesPortal.LearnModule.CustomerAdminCourseDocument","verifyDocuentVideoEditAndSave","Video Edit and Save",""
"broken","Sun Jul 19 23:42:51 UTC 2026","Sun Jul 19 23:43:12 UTC 2026","20380","HabitNuCoachPortalSuite","HabitNuCoachesPortalRegression-PartC","CoachesPortal.PatientDetails.PatientProfilePayerType","CoachesPortal.PatientDetails.PatientProfilePayerType","verifyPayerType","verify PayerType for Ethylen",""
"passed","Mon Jul 20 00:15:12 UTC 2026","Mon Jul 20 00:15:14 UTC 2026","2576","HabitNuCoachPortalSuite","FeatureFlags","CoachesPortal.FeatureFlags","CoachesPortal.FeatureFlags","test3_validatingadmin","When user is validating to Admin section ",""
"broken","Sun Jul 19 23:46:22 UTC 2026","Sun Jul 19 23:46:42 UTC 2026","20527","HabitNuCoachPortalSuite","LoginPageCases","CoachesPortal.LoginPageCases","CoachesPortal.LoginPageCases","testLoginWithValidEmailAndInvalidPassword","try login with valid email and invalid password",""
"passed","Sun Jul 19 22:49:52 UTC 2026","Sun Jul 19 22:50:53 UTC 2026","60823","HabitNuCoachPortalSuite","HabitNuCoachesPortalRegression-PartA","CoachesPortal.LearnModule.Learn","CoachesPortal.LearnModule.Learn","verifycloneCoursePage","verify on clone course page, course created by admin is available",""
"skipped","Sun Jul 19 23:31:47 UTC 2026","Sun Jul 19 23:31:47 UTC 2026","0","HabitNuCoachPortalSuite","Scheduler","CoachesPortal.Schedular","CoachesPortal.Schedular","validateInteractionEntries_Duration","validateInteractionEntries_Duration",""
"broken","Sun Jul 19 23:01:41 UTC 2026","Sun Jul 19 23:02:12 UTC 2026","31637","HabitNuCoachPortalSuite","HabitNuCoachesPortalRegression-PartB","CoachesPortal.OnsiteUsersListDashboard","CoachesPortal.OnsiteUsersListDashboard","case53","test1 > Given I am logged in as customerAdmin, verify milestonecolor==yellow after participant just register and login to app and do not fill the banner","test1 > Given I am logged in as customerAdmin, verify milestonecolor==yellow after participant just register and login to app and do not fill the banner"
"passed","Sun Jul 19 23:53:17 UTC 2026","Sun Jul 19 23:53:22 UTC 2026","5321","HabitNuCoachPortalSuite","Milestones","CoachesPortal.VAMilestone","CoachesPortal.VAMilestone","test9_validating_VAHeaders_data","And user is validating to VAHeaders data by clicking arrow button",""
"failed","Sun Jul 19 23:34:07 UTC 2026","Sun Jul 19 23:35:10 UTC 2026","63126","HabitNuCoachPortalSuite","Paywal","CoachesPortal.payWall","CoachesPortal.payWall","testLinkPaymentPlantoProgram","COP-T406: Link Payment Plan to Program",""
"passed","Sun Jul 19 22:47:46 UTC 2026","Sun Jul 19 22:47:51 UTC 2026","5453","HabitNuCoachPortalSuite","HabitNuCoachesPortalRegression-PartA","CoachesPortal.LearnModule.Learn","CoachesPortal.LearnModule.Learn","accessCourseContentFromCoachesPortal","access the course content to verify",""
"broken","Sun Jul 19 23:44:28 UTC 2026","Sun Jul 19 23:44:58 UTC 2026","30515","HabitNuCoachPortalSuite","HabitNuCoachesPortalRegression-PartC","CoachesPortal.PatientDetails.PatientProfileHealthProviders","CoachesPortal.PatientDetails.PatientProfileHealthProviders","editHealthProvider","edit HealthProvider for Ethylen",""
"passed","Sun Jul 19 22:53:16 UTC 2026","Sun Jul 19 22:53:23 UTC 2026","7284","HabitNuCoachPortalSuite","HabitNuCoachesPortalRegression-PartA","CoachesPortal.LearnModule.Learn","CoachesPortal.LearnModule.Learn","verifyCourseHistory","verify chapter timeline history",""
"failed","Sun Jul 19 23:47:17 UTC 2026","Sun Jul 19 23:47:23 UTC 2026","5389","HabitNuCoachPortalSuite","LogClassSession","CoachesPortal.LogClassSession","CoachesPortal.LogClassSession","verifySearchPatientByName","verify coach can Search Participant By Name in log class session page",""
"passed","Sun Jul 19 22:47:02 UTC 2026","Sun Jul 19 22:47:07 UTC 2026","5225","HabitNuCoachPortalSuite","HabitNuCoachesPortalRegression-PartA","CoachesPortal.LearnModule.Learn","CoachesPortal.LearnModule.Learn","verifyChapterActions","Verify chapter Actions on hovering shows all the buttons",""
"passed","Sun Jul 19 22:55:00 UTC 2026","Sun Jul 19 22:55:03 UTC 2026","2508","HabitNuCoachPortalSuite","HabitNuCoachesPortalRegression-PartA","CoachesPortal.LearnModule.CustomerAdminCourseDocument","CoachesPortal.LearnModule.CustomerAdminCourseDocument","verifyAddOnlyDiscriptionVideo","Add Only Discription And verify videoupload and title Required",""
"failed","Sun Jul 19 23:33:37 UTC 2026","Sun Jul 19 23:33:40 UTC 2026","2512","HabitNuCoachPortalSuite","Paywal","CoachesPortal.payWall","CoachesPortal.payWall","testFilterSubscriptions","COP-T397–399: Validate subscription filters",""
"passed","Sun Jul 19 23:47:15 UTC 2026","Sun Jul 19 23:47:16 UTC 2026","1226","HabitNuCoachPortalSuite","LogClassSession","CoachesPortal.LogClassSession","CoachesPortal.LogClassSession","verifyLogClasssessionWithPatient","Verify coach can search for participant in log class session search box",""
"passed","Sun Jul 19 23:47:17 UTC 2026","Sun Jul 19 23:47:17 UTC 2026","531","HabitNuCoachPortalSuite","LogClassSession","CoachesPortal.LogClassSession","CoachesPortal.LogClassSession","addDataLogClasssessionWithPatient","Given coach is on logclass session page, when 'weight-date-PA-delivery Mode' is added, then coach should be able to save log class session ",""
"passed","Mon Jul 20 00:18:42 UTC 2026","Mon Jul 20 00:18:46 UTC 2026","3663","HabitNuCoachPortalSuite","ParticipationsTable","CoachesPortal.participations","CoachesPortal.participations","test9_searchuser","And user is able to search the user with user email",""
"broken","Mon Jul 20 00:03:11 UTC 2026","Mon Jul 20 00:04:12 UTC 2026","60496","HabitNuCoachPortalSuite","UserDashboard","CoachesPortal.PatientDashboard","CoachesPortal.PatientDashboard","videoActivity","test13 > Given I am logged in as coach, when I am on watching a video by logging into user app, Then I should be able to see watched Video progress data on VideoActivity graph","coach login - user/patient/partcipant dashboard validation"
"passed","Mon Jul 20 00:18:13 UTC 2026","Mon Jul 20 00:18:13 UTC 2026","100","HabitNuCoachPortalSuite","ParticipationsTable","CoachesPortal.participations","CoachesPortal.participations","test6_validatingparticipations","And user is validating paricipations section",""
"failed","Sun Jul 19 23:33:43 UTC 2026","Sun Jul 19 23:33:46 UTC 2026","3678","HabitNuCoachPortalSuite","Paywal","CoachesPortal.payWall","CoachesPortal.payWall","testFilterSubscriptions","COP-T397–399: Validate subscription filters",""
"passed","Mon Jul 20 00:25:41 UTC 2026","Mon Jul 20 00:26:45 UTC 2026","63673","HabitNuCoachPortalSuite","DifferentTypeOfDashboards","CoachesPortal.CohortLevelDashboard.ParticipantsProgressTracker","CoachesPortal.CohortLevelDashboard.ParticipantsProgressTracker","test8_Session","And user is able to increase the session count",""
"passed","Sun Jul 19 22:46:48 UTC 2026","Sun Jul 19 22:46:48 UTC 2026","631","HabitNuCoachPortalSuite","HabitNuCoachesPortalRegression-PartA","CoachesPortal.LearnModule.Learn","CoachesPortal.LearnModule.Learn","clickOnCourseModule","Verify CustomerAdmin can click on course",""
"passed","Sun Jul 19 23:16:51 UTC 2026","Sun Jul 19 23:16:53 UTC 2026","1422","HabitNuCoachPortalSuite","HabitNuCoachesPortalRegression-PartB","CoachesPortal.PatientDetails.PatientProfileDemographic","CoachesPortal.PatientDetails.PatientProfileDemographic","updateAndVerifyOtherDetails","test1 > Given I am logged in as coach, updateAndVerifyOtherDetails","test1 > Given I am logged in as coach, updateAndVerifyOtherDetails"
"passed","Sun Jul 19 23:31:42 UTC 2026","Sun Jul 19 23:31:42 UTC 2026","320","HabitNuCoachPortalSuite","Scheduler","CoachesPortal.Schedular","CoachesPortal.Schedular","cancelMeeting","test8 >  Given I am logged in as admin, and on time slot page, When I click on created appointment, Then I should see Cancel meeting button, When I click on it, Then Should be able to cancel it","admin login - User should be able to cancel appointment"
"passed","Sun Jul 19 22:54:33 UTC 2026","Sun Jul 19 22:54:33 UTC 2026","847","HabitNuCoachPortalSuite","HabitNuCoachesPortalRegression-PartA","CoachesPortal.LearnModule.CustomerAdminCourseDocument","CoachesPortal.LearnModule.CustomerAdminCourseDocument","verifyDocumentEditAndClose","Document Edit and Close",""
"passed","Sun Jul 19 22:53:54 UTC 2026","Sun Jul 19 22:53:54 UTC 2026","301","HabitNuCoachPortalSuite","HabitNuCoachesPortalRegression-PartA","CoachesPortal.LearnModule.CustomerAdminCourseDocument","CoachesPortal.LearnModule.CustomerAdminCourseDocument","verifyopenAndCloseDocument","Verify open and close new document",""
"passed","Mon Jul 20 00:21:44 UTC 2026","Mon Jul 20 00:21:44 UTC 2026","46","HabitNuCoachPortalSuite","DifferentTypeOfDashboards","CoachesPortal.CohortLevelDashboard.DSMEDashboardCoachesPortal","CoachesPortal.CohortLevelDashboard.DSMEDashboardCoachesPortal","test17_verifyWeightLossByPatientsWithAllDefaultOption","Verify Weight Loss by Patients Should be selected by dropdownCard with all as default option",""
"passed","Sun Jul 19 23:10:16 UTC 2026","Sun Jul 19 23:10:25 UTC 2026","9120","HabitNuCoachPortalSuite","HabitNuCoachesPortalRegression-PartB","CoachesPortal.PatientDetails.PatientProfileDemographic","CoachesPortal.PatientDetails.PatientProfileDemographic","updatelastName","test1 > Given I am logged in as customer admin, Last Name","test1 > Given I am logged in as customer admin, Last Name"
"broken","Sun Jul 19 23:05:41 UTC 2026","Sun Jul 19 23:06:11 UTC 2026","30093","HabitNuCoachPortalSuite","HabitNuCoachesPortalRegression-PartB","CoachesPortal.PatientDetails.PatientProfileDemographic","CoachesPortal.PatientDetails.PatientProfileDemographic","verifyConfirmed_By_CoachNo","test1 > Given I am logged in as customer admin, verifyConfirmed_By_Coach by clicking on No","test1 > Given I am logged in as customer admin, verifyConfirmed_By_Coach by clicking on No"
"broken","Sun Jul 19 23:43:57 UTC 2026","Sun Jul 19 23:44:28 UTC 2026","30514","HabitNuCoachPortalSuite","HabitNuCoachesPortalRegression-PartC","CoachesPortal.PatientDetails.PatientProfileHealthProviders","CoachesPortal.PatientDetails.PatientProfileHealthProviders","deleteHealthProvider","delete HealthProvider for Ethylen",""
"passed","Sun Jul 19 23:51:45 UTC 2026","Sun Jul 19 23:51:46 UTC 2026","919","HabitNuCoachPortalSuite","GeneralContent","CoachesPortal.generalContent_WEb_Coaches","CoachesPortal.generalContent_WEb_Coaches","CoachesPortalGroup","delecting created Group",""
"broken","Mon Jul 20 00:16:55 UTC 2026","Mon Jul 20 00:17:17 UTC 2026","21818","HabitNuCoachPortalSuite","FeatureFlags","CoachesPortal.FeatureFlags","CoachesPortal.FeatureFlags","test17_addrulesforcohort_multipletimes","And user is able to add the rule for cohort level multiple times",""
"broken","Sun Jul 19 23:02:12 UTC 2026","Sun Jul 19 23:02:47 UTC 2026","34363","HabitNuCoachPortalSuite","HabitNuCoachesPortalRegression-PartB","CoachesPortal.OnsiteUsersListDashboard","CoachesPortal.OnsiteUsersListDashboard","case55","test1 > Given I am logged in as customerAdmin, verify milestonecolor==green when coach updates 'confirm By participant' to true","test1 > Given I am logged in as customerAdmin, verify milestonecolor==green when coach updates 'confirm By participant' to true"
"passed","Sun Jul 19 23:49:08 UTC 2026","Sun Jul 19 23:49:09 UTC 2026","1193","HabitNuCoachPortalSuite","LogClassSession","CoachesPortal.LogClassSession","CoachesPortal.LogClassSession","verifyAddWeightAttendanceDateAndPAAndLFAndMUPIn_Person","Verify coach can save log class session by adding weight,attendance date and PA And LF And MUP In Person Mode",""
"passed","Sun Jul 19 23:01:09 UTC 2026","Sun Jul 19 23:01:13 UTC 2026","3314","HabitNuCoachPortalSuite","HabitNuCoachesPortalRegression-PartB","CoachesPortal.OnsiteUsersListDashboard","CoachesPortal.OnsiteUsersListDashboard","case40","test1 > Given I am logged in as customerAdmin, sorting users table with 'Name' in asc order","test1 > Given I am logged in as customerAdmin, sorting users table with 'Name' in asc order"
"passed","Sun Jul 19 22:56:13 UTC 2026","Sun Jul 19 22:56:14 UTC 2026","795","HabitNuCoachPortalSuite","HabitNuCoachesPortalRegression-PartB","CoachesPortal.OnsiteUsersListDashboard","CoachesPortal.OnsiteUsersListDashboard","case6","test1 > Given I am logged in as coach, Seach user by ID.","test1 > Given I am logged in as coach, Seach user by ID."
"broken","Sun Jul 19 23:24:46 UTC 2026","Sun Jul 19 23:25:16 UTC 2026","30330","HabitNuCoachPortalSuite","UserActivities","CoachesPortal.PatientDetails.UserActivitiesBloodSugar","CoachesPortal.PatientDetails.UserActivitiesBloodSugar","verifyBloodSugarInCoachPortal","Verify user as Ethelyn in useractivities tab added current date blood sugar fasting ,before meal and after meal",""
"failed","Sun Jul 19 23:08:50 UTC 2026","Sun Jul 19 23:08:52 UTC 2026","1875","HabitNuCoachPortalSuite","HabitNuCoachesPortalRegression-PartB","CoachesPortal.PatientDetails.PatientProfileDemographic","CoachesPortal.PatientDetails.PatientProfileDemographic","updateAndVerifyBaselineHealthData","test1 > Given I am logged in as customer admin, updateAndVerifyBaselineHealthData","test1 > Given I am logged in as customer admin, updateAndVerifyBaselineHealthData"
"passed","Sun Jul 19 23:31:45 UTC 2026","Sun Jul 19 23:31:45 UTC 2026","0","HabitNuCoachPortalSuite","Scheduler","CoachesPortal.Schedular","CoachesPortal.Schedular","validateInteractionEntries_UpdatedBy","test1 > Given I am logged in as admin, verify group interaction entries are made automatically when meet is attended for min of 1min > Validating field==UpdatedBy","test1 > Given I am logged in as admin, verify group interaction entries are made automatically when meet is attended for min of 1min > Validating field==UpdatedBy"
"failed","Sun Jul 19 22:48:20 UTC 2026","Sun Jul 19 22:48:28 UTC 2026","8091","HabitNuCoachPortalSuite","HabitNuCoachesPortalRegression-PartA","CoachesPortal.LearnModule.Learn","CoachesPortal.LearnModule.Learn","verifyFromCoachesEndAfterUserWatchesCourse","verify from coaches portal",""
"broken","Sun Jul 19 23:00:36 UTC 2026","Sun Jul 19 23:00:41 UTC 2026","5449","HabitNuCoachPortalSuite","HabitNuCoachesPortalRegression-PartB","CoachesPortal.OnsiteUsersListDashboard","CoachesPortal.OnsiteUsersListDashboard","case30","test1 > Given I am logged in as customerAdmin, validate userList as customerAdmin-Verify all elements are present.","test1 > Given I am logged in as customerAdmin, validate userList as customerAdmin-Verify all elements are present."
"broken","Sun Jul 19 23:02:47 UTC 2026","Sun Jul 19 23:03:07 UTC 2026","20796","HabitNuCoachPortalSuite","HabitNuCoachesPortalRegression-PartB","CoachesPortal.OnsiteUsersListDashboard","CoachesPortal.OnsiteUsersListDashboard","case56","test1 > Given I am logged in as customerAdmin, verify Mail hasn't sent & unverified address.","test1 > Given I am logged in as customerAdmin, verify Mail hasn't sent & unverified address."
"passed","Sun Jul 19 23:01:28 UTC 2026","Sun Jul 19 23:01:31 UTC 2026","3277","HabitNuCoachPortalSuite","HabitNuCoachesPortalRegression-PartB","CoachesPortal.OnsiteUsersListDashboard","CoachesPortal.OnsiteUsersListDashboard","case47","test1 > Given I am logged in as customerAdmin, sorting users table with 'cohort' in asc order","test1 > Given I am logged in as customerAdmin, sorting users table with 'cohort' in asc order"
"passed","Sun Jul 19 23:17:54 UTC 2026","Sun Jul 19 23:17:54 UTC 2026","102","HabitNuCoachPortalSuite","HabitNuCoachesPortalRegression-PartB","CoachesPortal.PatientDetails.PatientProfileDemographic","CoachesPortal.PatientDetails.PatientProfileDemographic","testDropdownOptions","test1 > Given I am logged in as coach, testDropdownOptions","test1 > Given I am logged in as coach, testDropdownOptions"
"passed","Sun Jul 19 23:54:36 UTC 2026","Sun Jul 19 23:54:46 UTC 2026","10455","HabitNuCoachPortalSuite","Milestones","CoachesPortal.VAMilestone","CoachesPortal.VAMilestone","test20_validating_VAHeaders_data","And user is validating to VAHeaders data by clicking arrow button",""
"passed","Sun Jul 19 23:15:07 UTC 2026","Sun Jul 19 23:15:11 UTC 2026","3670","HabitNuCoachPortalSuite","HabitNuCoachesPortalRegression-PartB","CoachesPortal.PatientDetails.PatientProfileDemographic","CoachesPortal.PatientDetails.PatientProfileDemographic","updateAndVerifyContactDetails","test1 > Given I am logged in as coach, updateAndVerifyContactDetails","test1 > Given I am logged in as coach, updateAndVerifyContactDetails"
"passed","Sun Jul 19 23:31:28 UTC 2026","Sun Jul 19 23:31:40 UTC 2026","12306","HabitNuCoachPortalSuite","Scheduler","CoachesPortal.Schedular","CoachesPortal.Schedular","rescheduleMeeting","test6 >  Given I am logged in as admin, and on time slot page, When I click on created appointment, Then I should see Reschedule button, When I click on it and submit details, Then I should be able to save it","admin login - User should be able to reschedule appointment"
"passed","Sun Jul 19 23:52:12 UTC 2026","Sun Jul 19 23:52:13 UTC 2026","1548","HabitNuCoachPortalSuite","Milestones","CoachesPortal.BPSMMilestone","CoachesPortal.BPSMMilestone","test8_validating_BPSMHeaders_data","And user is validating to BPSmHeaders data by clicking arrow button",""
"passed","Sun Jul 19 22:53:55 UTC 2026","Sun Jul 19 22:53:56 UTC 2026","419","HabitNuCoachPortalSuite","HabitNuCoachesPortalRegression-PartA","CoachesPortal.LearnModule.CustomerAdminCourseDocument","CoachesPortal.LearnModule.CustomerAdminCourseDocument","verifyAddUrlTitleLinkRequired","Add Url And Title Required",""
"broken","Mon Jul 20 00:17:41 UTC 2026","Mon Jul 20 00:18:04 UTC 2026","23065","HabitNuCoachPortalSuite","FeatureFlags","CoachesPortal.FeatureFlags","CoachesPortal.FeatureFlags","test21_addrulesforpartner_multipletimes","And user is able to add the rule for partner level multiple times",""
"passed","Mon Jul 20 00:18:54 UTC 2026","Mon Jul 20 00:18:55 UTC 2026","821","HabitNuCoachPortalSuite","ParticipationsTable","CoachesPortal.participations","CoachesPortal.participations","test13_exitadmin","And user is able to exit from admin section",""
"passed","Mon Jul 20 00:24:50 UTC 2026","Mon Jul 20 00:24:54 UTC 2026","4333","HabitNuCoachPortalSuite","DifferentTypeOfDashboards","CoachesPortal.CohortLevelDashboard.ParticipantsProgressTracker","CoachesPortal.CohortLevelDashboard.ParticipantsProgressTracker","test6_Search_Users","And user is able to search the users",""
"passed","Sun Jul 19 23:47:16 UTC 2026","Sun Jul 19 23:47:17 UTC 2026","99","HabitNuCoachPortalSuite","LogClassSession","CoachesPortal.LogClassSession","CoachesPortal.LogClassSession","verifyLogClasssessionWithPatientFields","Verify Log Class Session page fields",""
"passed","Sun Jul 19 23:49:40 UTC 2026","Sun Jul 19 23:49:51 UTC 2026","10185","HabitNuCoachPortalSuite","GroupDPPClassPlanner","CoachesPortal.ClassPlanner","CoachesPortal.ClassPlanner","case16","Cancel Unarchive card",""
"broken","Sun Jul 19 23:59:02 UTC 2026","Sun Jul 19 23:59:32 UTC 2026","30530","HabitNuCoachPortalSuite","UserDashboard","CoachesPortal.PatientDashboard","CoachesPortal.PatientDashboard","Weight_History","test3 > Given I am logged in as coach, wehn I am on adding weight from user Dashboard, Then I should be able to see added weight on the weight history graph","coach login - user/patient/partcipant dashboard validation"
"broken","Sun Jul 19 23:44:58 UTC 2026","Sun Jul 19 23:45:29 UTC 2026","30530","HabitNuCoachPortalSuite","HabitNuCoachesPortalRegression-PartC","CoachesPortal.PatientDetails.PatientProfileHealthProviders","CoachesPortal.PatientDetails.PatientProfileHealthProviders","verifyHealthProvider","verify HealthProvider for Ethylen",""
"passed","Sun Jul 19 22:51:02 UTC 2026","Sun Jul 19 22:51:19 UTC 2026","17194","HabitNuCoachPortalSuite","HabitNuCoachesPortalRegression-PartA","CoachesPortal.LearnModule.Learn","CoachesPortal.LearnModule.Learn","addClonedCourseToCohort","verify on clone course page, course created by admin is available",""
"broken","Sun Jul 19 23:03:07 UTC 2026","Sun Jul 19 23:03:30 UTC 2026","23033","HabitNuCoachPortalSuite","HabitNuCoachesPortalRegression-PartB","CoachesPortal.OnsiteUsersListDashboard","CoachesPortal.OnsiteUsersListDashboard","case57","test1 > Given I am logged in as customerAdmin, verify milestonecolor==green when user completes registration banner","test1 > Given I am logged in as customerAdmin, verify milestonecolor==green when user completes registration banner"
"passed","Sun Jul 19 23:10:51 UTC 2026","Sun Jul 19 23:10:59 UTC 2026","8064","HabitNuCoachPortalSuite","HabitNuCoachesPortalRegression-PartB","CoachesPortal.PatientDetails.PatientProfileDemographic","CoachesPortal.PatientDetails.PatientProfileDemographic","updateCurrentGender","test1 > Given I am logged in as customer admin, Current Gender","test1 > Given I am logged in as customer admin, Current Gender"
"skipped","Sun Jul 19 23:31:47 UTC 2026","Sun Jul 19 23:31:47 UTC 2026","0","HabitNuCoachPortalSuite","Scheduler","CoachesPortal.Schedular","CoachesPortal.Schedular","validateInteractionEntries_InteractionOn","validateInteractionEntries_InteractionOn",""
"passed","Sun Jul 19 23:01:35 UTC 2026","Sun Jul 19 23:01:41 UTC 2026","5255","HabitNuCoachPortalSuite","HabitNuCoachesPortalRegression-PartB","CoachesPortal.OnsiteUsersListDashboard","CoachesPortal.OnsiteUsersListDashboard","case52","test1 > Given I am logged in as customerAdmin, validate 'Show unassigned users' checkbox","test1 > Given I am logged in as customerAdmin, validate 'Show unassigned users' checkbox"
"passed","Sun Jul 19 22:56:48 UTC 2026","Sun Jul 19 22:56:49 UTC 2026","709","HabitNuCoachPortalSuite","HabitNuCoachesPortalRegression-PartB","CoachesPortal.OnsiteUsersListDashboard","CoachesPortal.OnsiteUsersListDashboard","case11","test1 > Given I am logged in as coach, Choose Cohort- Form survey- SDOH- No form configured. Please contact admin.","test1 > Given I am logged in as coach, Choose Cohort- Form survey- SDOH- No form configured. Please contact admin."
"broken","Sun Jul 19 23:12:22 UTC 2026","Sun Jul 19 23:12:52 UTC 2026","30561","HabitNuCoachPortalSuite","HabitNuCoachesPortalRegression-PartB","CoachesPortal.PatientDetails.PatientProfileDemographic","CoachesPortal.PatientDetails.PatientProfileDemographic","verifyConfirmed_By_CoachYes","test1 > Given I am logged in as customer admin, verifyConfirmed_By_Coach by clicking on Yes","test1 > Given I am logged in as customer admin, verifyConfirmed_By_Coach by clicking on Yes"
"skipped","Sun Jul 19 23:31:47 UTC 2026","Sun Jul 19 23:31:47 UTC 2026","0","HabitNuCoachPortalSuite","Scheduler","CoachesPortal.Schedular","CoachesPortal.Schedular","cancelMeeting","cancelMeeting",""
"passed","Sun Jul 19 23:15:45 UTC 2026","Sun Jul 19 23:15:45 UTC 2026","23","HabitNuCoachPortalSuite","HabitNuCoachesPortalRegression-PartB","CoachesPortal.PatientDetails.PatientProfileDemographic","CoachesPortal.PatientDetails.PatientProfileDemographic","verifyScaleOrderDetails","test1 > Given I am logged in as coach, verifyScaleOrderDetails","test1 > Given I am logged in as coach, verifyScaleOrderDetails"
"passed","Mon Jul 20 00:18:51 UTC 2026","Mon Jul 20 00:18:54 UTC 2026","2233","HabitNuCoachPortalSuite","ParticipationsTable","CoachesPortal.participations","CoachesPortal.participations","test12_searchcohort","And user is able to search the user with cohort name",""
"broken","Sun Jul 19 23:03:51 UTC 2026","Sun Jul 19 23:04:25 UTC 2026","33848","HabitNuCoachPortalSuite","HabitNuCoachesPortalRegression-PartB","CoachesPortal.OnsiteUsersListDashboard","CoachesPortal.OnsiteUsersListDashboard","verifyConfirmed_By_CoachYes","test1 > Given I am logged in as customerAdmin, verifyConfirmed_By_Coach is updated to TRUE when coach update to Yes from user profile","test1 > Given I am logged in as customerAdmin, verifyConfirmed_By_Coach is updated to TRUE when coach update to Yes from user profile"
"broken","Sun Jul 19 23:29:21 UTC 2026","Sun Jul 19 23:29:42 UTC 2026","20364","HabitNuCoachPortalSuite","UserActivities","CoachesPortal.PatientDetails.UserActivitiesTobacco","CoachesPortal.PatientDetails.UserActivitiesTobacco","verifyCurrentAndYesterdayBPDataInCoachesPortal","Verify current and yesterday tobacco in coaches and webportal",""
"failed","Mon Jul 20 00:21:12 UTC 2026","Mon Jul 20 00:21:27 UTC 2026","15683","HabitNuCoachPortalSuite","DifferentTypeOfDashboards","CoachesPortal.CohortLevelDashboard.DSMEDashboardCoachesPortal","CoachesPortal.CohortLevelDashboard.DSMEDashboardCoachesPortal","test9_All","And user is validating All",""
"passed","Sun Jul 19 23:17:54 UTC 2026","Sun Jul 19 23:17:54 UTC 2026","5","HabitNuCoachPortalSuite","HabitNuCoachesPortalRegression-PartB","CoachesPortal.PatientDetails.PatientProfileDemographic","CoachesPortal.PatientDetails.PatientProfileDemographic","updatepreferred_name","test1 > Given I am logged in as coach, preferred_name","test1 > Given I am logged in as coach, preferred_name"
"broken","Mon Jul 20 00:16:31 UTC 2026","Mon Jul 20 00:16:54 UTC 2026","23752","HabitNuCoachPortalSuite","FeatureFlags","CoachesPortal.FeatureFlags","CoachesPortal.FeatureFlags","test15_addrulesforuser_multipletimes","And user is able to add the rule for user level multiple times",""
"passed","Sun Jul 19 23:17:38 UTC 2026","Sun Jul 19 23:17:44 UTC 2026","5144","HabitNuCoachPortalSuite","HabitNuCoachesPortalRegression-PartB","CoachesPortal.PatientDetails.PatientProfileDemographic","CoachesPortal.PatientDetails.PatientProfileDemographic","testSelectWalkingYes","test1 > Given I am logged in as coach, testSelectWalkingYes","test1 > Given I am logged in as coach, testSelectWalkingYes"
"passed","Mon Jul 20 00:21:44 UTC 2026","Mon Jul 20 00:21:45 UTC 2026","49","HabitNuCoachPortalSuite","DifferentTypeOfDashboards","CoachesPortal.CohortLevelDashboard.DSMEDashboardCoachesPortal","CoachesPortal.CohortLevelDashboard.DSMEDashboardCoachesPortal","test18_verifyWeightLossByPatientsWithallPosibleActions","Verify Weight Loss by Patients dropdown card with possible options listed",""
"passed","Sun Jul 19 23:01:16 UTC 2026","Sun Jul 19 23:01:20 UTC 2026","4246","HabitNuCoachPortalSuite","HabitNuCoachesPortalRegression-PartB","CoachesPortal.OnsiteUsersListDashboard","CoachesPortal.OnsiteUsersListDashboard","case42","test1 > Given I am logged in as customerAdmin, disenroll user validation - on CANCEL check","test1 > Given I am logged in as customerAdmin, disenroll user validation - on CANCEL check"
"broken","Sun Jul 19 23:27:54 UTC 2026","Sun Jul 19 23:28:28 UTC 2026","33898","HabitNuCoachPortalSuite","UserActivities","CoachesPortal.PatientDetails.UserActivitiesBloodSugar","CoachesPortal.PatientDetails.UserActivitiesBloodSugar","verifyUserData_on_coachesPortal","Verify user data added on web on coaches portal",""
"passed","Sun Jul 19 22:52:20 UTC 2026","Sun Jul 19 22:52:42 UTC 2026","21971","HabitNuCoachPortalSuite","HabitNuCoachesPortalRegression-PartA","CoachesPortal.LearnModule.Learn","CoachesPortal.LearnModule.Learn","replaceCourseContent","replace course content",""
"passed","Mon Jul 20 00:13:46 UTC 2026","Mon Jul 20 00:13:46 UTC 2026","34","HabitNuCoachPortalSuite","UserDashboard","CoachesPortal.PatientDashboard","CoachesPortal.PatientDashboard","patientWeeklyStatus_Meals","test11 > Given I am logged in as admin, when I am on adding Meal by logging into user app, Then I should be able to see added Meal count==1 under patientWeeklyStatus_Meals","admin login - user/patient/partcipant dashboard validation"
"passed","Sun Jul 19 23:49:51 UTC 2026","Sun Jul 19 23:49:56 UTC 2026","5811","HabitNuCoachPortalSuite","GroupDPPClassPlanner","CoachesPortal.ClassPlanner","CoachesPortal.ClassPlanner","case17","Unarchive the DOC Created card",""
"broken","Sun Jul 19 23:46:22 UTC 2026","Sun Jul 19 23:46:22 UTC 2026","82","HabitNuCoachPortalSuite","LoginPageCases","CoachesPortal.LoginPageCases","CoachesPortal.LoginPageCases","testLoginWithEmptyEmailAndValidPassword","try login with empty email and valid password",""
"passed","Mon Jul 20 00:12:33 UTC 2026","Mon Jul 20 00:12:35 UTC 2026","2332","HabitNuCoachPortalSuite","UserDashboard","CoachesPortal.PatientDashboard","CoachesPortal.PatientDashboard","foodLog","test12 > Given I am logged in as admin, when I am on adding Meal by logging into user app, Then I should be able to see added Meal data on FoodLog graph","admin login - user/patient/partcipant dashboard validation"
"passed","Sun Jul 19 23:49:32 UTC 2026","Sun Jul 19 23:49:33 UTC 2026","712","HabitNuCoachPortalSuite","GroupDPPClassPlanner","CoachesPortal.ClassPlanner","CoachesPortal.ClassPlanner","case3","Add the list to class planner",""
"broken","Sun Jul 19 23:04:25 UTC 2026","Sun Jul 19 23:04:59 UTC 2026","33847","HabitNuCoachPortalSuite","HabitNuCoachesPortalRegression-PartB","CoachesPortal.OnsiteUsersListDashboard","CoachesPortal.OnsiteUsersListDashboard","verifyConfirmed_By_CoachNo","test1 > Given I am logged in as customerAdmin, verifyConfirmed_By_Coach is updated to TRUE when coach update to No from user profile","test1 > Given I am logged in as customerAdmin, verifyConfirmed_By_Coach is updated to TRUE when coach update to No from user profile"
"broken","Sun Jul 19 23:23:15 UTC 2026","Sun Jul 19 23:23:45 UTC 2026","30531","HabitNuCoachPortalSuite","UserActivities","CoachesPortal.PatientDetails.UserActivitiesBloodSugar","CoachesPortal.PatientDetails.UserActivitiesBloodSugar","verifyreadingTimeRequired","Verify reading time required",""
"passed","Sun Jul 19 23:05:04 UTC 2026","Sun Jul 19 23:05:10 UTC 2026","5699","HabitNuCoachPortalSuite","HabitNuCoachesPortalRegression-PartB","CoachesPortal.PatientDetails.PatientProfileDemographic","CoachesPortal.PatientDetails.PatientProfileDemographic","verifyPersonalDetails","test1 > Given I am logged in as customer admin, Verify user as Ethelyn in demographic with Personal Details","test1 > Given I am logged in as customer admin, Verify user as Ethelyn in demographic with Personal Details"
"passed","Mon Jul 20 00:18:28 UTC 2026","Mon Jul 20 00:18:42 UTC 2026","14528","HabitNuCoachPortalSuite","ParticipationsTable","CoachesPortal.participations","CoachesPortal.participations","test8_navigatingnextpage","And user is navigating to second page and user can come back to previous page",""
"passed","Mon Jul 20 00:27:50 UTC 2026","Mon Jul 20 00:27:51 UTC 2026","913","HabitNuCoachPortalSuite","DifferentTypeOfCohorts","CoachesPortal.liteCohorts","CoachesPortal.liteCohorts","case2","test1 > Given I am logged in as admin, I am validating Lite cohorts modules","test1 > Given I am logged in as admin, I am validating Lite cohorts modules, where cohort's Program type=NDPP, Delivery type=Onsite"
"passed","Mon Jul 20 00:16:54 UTC 2026","Mon Jul 20 00:16:55 UTC 2026","579","HabitNuCoachPortalSuite","FeatureFlags","CoachesPortal.FeatureFlags","CoachesPortal.FeatureFlags","test16_deleteuser","delete rule",""
"broken","Sun Jul 19 23:29:42 UTC 2026","Sun Jul 19 23:30:16 UTC 2026","33718","HabitNuCoachPortalSuite","UserActivities","CoachesPortal.PatientDetails.UserActivitiesTobacco","CoachesPortal.PatientDetails.UserActivitiesTobacco","verifyUserData_on_coachesPortal","Verify user data added on web on coaches portal",""
"passed","Sun Jul 19 23:51:45 UTC 2026","Sun Jul 19 23:51:45 UTC 2026","119","HabitNuCoachPortalSuite","GeneralContent","CoachesPortal.generalContent_WEb_Coaches","CoachesPortal.generalContent_WEb_Coaches","RedirectToCoaches","Redirecting To Coaches page",""
"broken","Sun Jul 19 23:22:44 UTC 2026","Sun Jul 19 23:23:15 UTC 2026","30580","HabitNuCoachPortalSuite","UserActivities","CoachesPortal.PatientDetails.UserActivitiesBloodSugar","CoachesPortal.PatientDetails.UserActivitiesBloodSugar","verifyandAddCurrentDateBloodSugar","Verify user as Ethelyn in useractivities tab and add current date blood sugar",""
"failed","Sun Jul 19 23:31:47 UTC 2026","Sun Jul 19 23:31:47 UTC 2026","0","HabitNuCoachPortalSuite","Scheduler","CoachesPortal.Schedular","CoachesPortal.Schedular","setUp","setUp",""
"passed","Sun Jul 19 23:52:58 UTC 2026","Sun Jul 19 23:52:59 UTC 2026","531","HabitNuCoachPortalSuite","Milestones","CoachesPortal.VAMilestone","CoachesPortal.VAMilestone","test3_currentcohort_dashboard","And user is navigated to current cohort dashboard",""
"passed","Sun Jul 19 22:52:58 UTC 2026","Sun Jul 19 22:53:16 UTC 2026","18150","HabitNuCoachPortalSuite","HabitNuCoachesPortalRegression-PartA","CoachesPortal.LearnModule.Learn","CoachesPortal.LearnModule.Learn","deleteCourseContent","delete course content",""
"broken","Mon Jul 20 00:13:49 UTC 2026","Mon Jul 20 00:14:49 UTC 2026","60160","HabitNuCoachPortalSuite","UserDashboard","CoachesPortal.PatientDashboard","CoachesPortal.PatientDashboard","habitCard_NotDone","test16 > Given I am logged in as admin, when I am on adding a habit for the user, Then I should be able to see added habit and as 'NOT DONE' on Habits graph","admin login - user/patient/partcipant dashboard validation"
"skipped","Sun Jul 19 23:31:47 UTC 2026","Sun Jul 19 23:31:47 UTC 2026","0","HabitNuCoachPortalSuite","Scheduler","CoachesPortal.Schedular","CoachesPortal.Schedular","clickOnSchedular","clickOnSchedular",""
"passed","Sun Jul 19 23:09:48 UTC 2026","Sun Jul 19 23:09:53 UTC 2026","5116","HabitNuCoachPortalSuite","HabitNuCoachesPortalRegression-PartB","CoachesPortal.PatientDetails.PatientProfileDemographic","CoachesPortal.PatientDetails.PatientProfileDemographic","testSelectDressingNo","test1 > Given I am logged in as customer admin, testSelectDressingNo","test1 > Given I am logged in as customer admin, testSelectDressingNo"
"passed","Sun Jul 19 23:17:54 UTC 2026","Sun Jul 19 23:17:54 UTC 2026","8","HabitNuCoachPortalSuite","HabitNuCoachesPortalRegression-PartB","CoachesPortal.PatientDetails.PatientProfileDemographic","CoachesPortal.PatientDetails.PatientProfileDemographic","updateFirstName","test1 > Given I am logged in as coach, First Name","test1 > Given I am logged in as coach, First Name"
"skipped","Sun Jul 19 23:31:47 UTC 2026","Sun Jul 19 23:31:47 UTC 2026","0","HabitNuCoachPortalSuite","Scheduler","CoachesPortal.Schedular","CoachesPortal.Schedular","userYesToTheMeet","userYesToTheMeet",""
"broken","Sun Jul 19 23:41:50 UTC 2026","Sun Jul 19 23:42:10 UTC 2026","20365","HabitNuCoachPortalSuite","HabitNuCoachesPortalRegression-PartC","CoachesPortal.PatientDetails.PatientProfilePayerType","CoachesPortal.PatientDetails.PatientProfilePayerType","verifyAddPayerTypeDetails","Add PayerType of Ethlen",""
"passed","Sun Jul 19 22:56:14 UTC 2026","Sun Jul 19 22:56:17 UTC 2026","3172","HabitNuCoachPortalSuite","HabitNuCoachesPortalRegression-PartB","CoachesPortal.OnsiteUsersListDashboard","CoachesPortal.OnsiteUsersListDashboard","case8","test1 > Given I am logged in as coach, Form Survey for cohort- validate sdoh tag present against form set.","test1 > Given I am logged in as coach, Form Survey for cohort- validate sdoh tag present against form set."
"passed","Mon Jul 20 00:22:15 UTC 2026","Mon Jul 20 00:23:01 UTC 2026","46328","HabitNuCoachPortalSuite","DifferentTypeOfDashboards","CoachesPortal.CohortLevelDashboard.ParticipantsProgressTracker","CoachesPortal.CohortLevelDashboard.ParticipantsProgressTracker","test3_participants_filter_actions_options","And user is navigating to participants and validating the filter status.",""
"passed","Sun Jul 19 23:47:41 UTC 2026","Sun Jul 19 23:47:47 UTC 2026","5961","HabitNuCoachPortalSuite","LogClassSession","CoachesPortal.LogClassSession","CoachesPortal.LogClassSession","verifyAddOnlyAttendanceDate","Verify error message=='Weight is required' is displayed, when coach tries to save logclass session with Only AttendanceDate",""
"broken","Sun Jul 19 23:07:19 UTC 2026","Sun Jul 19 23:07:49 UTC 2026","30449","HabitNuCoachPortalSuite","HabitNuCoachesPortalRegression-PartB","CoachesPortal.PatientDetails.PatientProfileDemographic","CoachesPortal.PatientDetails.PatientProfileDemographic","verifyDisenrollmentDetails","test1 > Given I am logged in as customer admin, verifyDisenrollmentDetails","test1 > Given I am logged in as customer admin, verifyDisenrollmentDetails"
"passed","Sun Jul 19 23:31:14 UTC 2026","Sun Jul 19 23:31:23 UTC 2026","8931","HabitNuCoachPortalSuite","Scheduler","CoachesPortal.Schedular","CoachesPortal.Schedular","editAppointment","test4 >  Given I am logged in as admin, and on time slot page, When I click on created appointment, Then I should be able to see edit appointment page with edit button, When I click on it and edit details, Then I should be able to save it","admin login - User should be able to edit and save appointment"
"passed","Sun Jul 19 23:50:11 UTC 2026","Sun Jul 19 23:50:13 UTC 2026","2559","HabitNuCoachPortalSuite","GroupDPPClassPlanner","CoachesPortal.ClassPlanner","CoachesPortal.ClassPlanner","case24","Verify the elements of Group class planner in cohort",""
"passed","Sun Jul 19 23:53:06 UTC 2026","Sun Jul 19 23:53:17 UTC 2026","10439","HabitNuCoachPortalSuite","Milestones","CoachesPortal.VAMilestone","CoachesPortal.VAMilestone","test8_validating_VAHeaders_data","And user is validating to VAHeaders data by clicking arrow button",""
"passed","Sun Jul 19 23:47:58 UTC 2026","Sun Jul 19 23:48:04 UTC 2026","5651","HabitNuCoachPortalSuite","LogClassSession","CoachesPortal.LogClassSession","CoachesPortal.LogClassSession","verifyAddOnlyMUP","Verify error message=='Weight is required' & 'Date is required' are displayed, when coach tries to save logclass session with Only MUP'",""
"passed","Sun Jul 19 22:48:31 UTC 2026","Sun Jul 19 22:48:41 UTC 2026","9575","HabitNuCoachPortalSuite","HabitNuCoachesPortalRegression-PartA","CoachesPortal.LearnModule.Learn","CoachesPortal.LearnModule.Learn","checkLearnTabOnWebWhenCourseIsPublished","check learn tab visibilty on web app when no course is published from coaches portal",""
"broken","Sun Jul 19 23:40:49 UTC 2026","Sun Jul 19 23:41:09 UTC 2026","20365","HabitNuCoachPortalSuite","HabitNuCoachesPortalRegression-PartC","CoachesPortal.PatientDetails.PatientProfileImmunizations","CoachesPortal.PatientDetails.PatientProfileImmunizations","deleteImmunization","delete immunization for Ethylen",""
"passed","Sun Jul 19 23:54:04 UTC 2026","Sun Jul 19 23:54:15 UTC 2026","10478","HabitNuCoachPortalSuite","Milestones","CoachesPortal.VAMilestone","CoachesPortal.VAMilestone","test14_validating_VAHeaders_data","And user is validating to VAHeaders data by clicking arrow button",""
"passed","Sun Jul 19 23:49:32 UTC 2026","Sun Jul 19 23:49:32 UTC 2026","561","HabitNuCoachPortalSuite","GroupDPPClassPlanner","CoachesPortal.ClassPlanner","CoachesPortal.ClassPlanner","case2","It should have an Activate button, Add List, and Show Archived.",""
"passed","Sun Jul 19 22:48:12 UTC 2026","Sun Jul 19 22:48:20 UTC 2026","8243","HabitNuCoachPortalSuite","HabitNuCoachesPortalRegression-PartA","CoachesPortal.LearnModule.Learn","CoachesPortal.LearnModule.Learn","accessCourseFromWebApp","accessCourseFromWebApp",""
"passed","Mon Jul 20 00:17:17 UTC 2026","Mon Jul 20 00:17:17 UTC 2026","560","HabitNuCoachPortalSuite","FeatureFlags","CoachesPortal.FeatureFlags","CoachesPortal.FeatureFlags","test18_deleteuser","delete rule",""
"passed","Mon Jul 20 00:13:27 UTC 2026","Mon Jul 20 00:13:28 UTC 2026","1184","HabitNuCoachPortalSuite","UserDashboard","CoachesPortal.PatientDashboard","CoachesPortal.PatientDashboard","Weight_History","test3 > Given I am logged in as admin, wehn I am on adding weight from user Dashboard, Then I should be able to see added weight on the weight history graph","admin login - user/patient/partcipant dashboard validation"
"passed","Sun Jul 19 23:48:35 UTC 2026","Sun Jul 19 23:48:51 UTC 2026","16104","HabitNuCoachPortalSuite","LogClassSession","CoachesPortal.LogClassSession","CoachesPortal.LogClassSession","verifyAddWeightAttendanceDateAndPA","Verify coach can save log class session by adding weight,attendance date and PA",""
"skipped","Sun Jul 19 23:31:47 UTC 2026","Sun Jul 19 23:31:47 UTC 2026","0","HabitNuCoachPortalSuite","Scheduler","CoachesPortal.Schedular","CoachesPortal.Schedular","userNoToTheMeet","userNoToTheMeet",""
"passed","Sun Jul 19 23:01:32 UTC 2026","Sun Jul 19 23:01:35 UTC 2026","3171","HabitNuCoachPortalSuite","HabitNuCoachesPortalRegression-PartB","CoachesPortal.OnsiteUsersListDashboard","CoachesPortal.OnsiteUsersListDashboard","case50","test1 > Given I am logged in as customerAdmin, hover over milestone dot to validate enrolled state text","test1 > Given I am logged in as customerAdmin, hover over milestone dot to validate enrolled state text"
"broken","Sun Jul 19 23:46:21 UTC 2026","Sun Jul 19 23:46:22 UTC 2026","99","HabitNuCoachPortalSuite","LoginPageCases","CoachesPortal.LoginPageCases","CoachesPortal.LoginPageCases","testLoginWithValidEmailAndEmptyPassword","try login with valid email and empty password",""
"passed","Sun Jul 19 23:53:22 UTC 2026","Sun Jul 19 23:53:33 UTC 2026","10515","HabitNuCoachPortalSuite","Milestones","CoachesPortal.VAMilestone","CoachesPortal.VAMilestone","test10_validating_VAHeaders_data","And user is validating to VAHeaders data by clicking arrow button",""
"broken","Sun Jul 19 23:21:40 UTC 2026","Sun Jul 19 23:22:14 UTC 2026","33762","HabitNuCoachPortalSuite","UserActivities","CoachesPortal.PatientDetails.UserActivitiesBloodPressure","CoachesPortal.PatientDetails.UserActivitiesBloodPressure","verifyUserData_on_coachesPortal","Verify user data added on web on coaches portal",""
"passed","Sun Jul 19 22:49:02 UTC 2026","Sun Jul 19 22:49:18 UTC 2026","16003","HabitNuCoachPortalSuite","HabitNuCoachesPortalRegression-PartA","CoachesPortal.LearnModule.Learn","CoachesPortal.LearnModule.Learn","loginAsAdmin","No course configured for the program.",""
"passed","Mon Jul 20 00:13:35 UTC 2026","Mon Jul 20 00:13:41 UTC 2026","5756","HabitNuCoachPortalSuite","UserDashboard","CoachesPortal.PatientDashboard","CoachesPortal.PatientDashboard","hbA1cHistory","test7 > Given I am logged in as admin, wehn I am on adding hba1c from user Dashboard, Then I should be able to see added hba1c on Hba1c graph","admin login - user/patient/partcipant dashboard validation"
"broken","Sun Jul 19 23:20:06 UTC 2026","Sun Jul 19 23:20:37 UTC 2026","30600","HabitNuCoachPortalSuite","UserActivities","CoachesPortal.PatientDetails.UserActivitiesBloodPressure","CoachesPortal.PatientDetails.UserActivitiesBloodPressure","verifyAddCurrentDateBloodPressure","Verify user as Ethelyn in useractivities tab and add current date blood pressure",""
"passed","Sun Jul 19 23:46:43 UTC 2026","Sun Jul 19 23:46:43 UTC 2026","153","HabitNuCoachPortalSuite","LoginPageCases","CoachesPortal.LoginPageCases","CoachesPortal.LoginPageCases","case14","Coaches Portal Feedback URL -> Add subject-> Keep other fields empty -> Click on Submit Feedback",""
"passed","Sun Jul 19 23:01:35 UTC 2026","Sun Jul 19 23:01:35 UTC 2026","45","HabitNuCoachPortalSuite","HabitNuCoachesPortalRegression-PartB","CoachesPortal.OnsiteUsersListDashboard","CoachesPortal.OnsiteUsersListDashboard","case51","test1 > Given I am logged in as customerAdmin, validate enrolled status under Milestone column - colorcode","test1 > Given I am logged in as customerAdmin, validate enrolled status under Milestone column - colorcode"
"passed","Sun Jul 19 23:16:48 UTC 2026","Sun Jul 19 23:16:48 UTC 2026","51","HabitNuCoachPortalSuite","HabitNuCoachesPortalRegression-PartB","CoachesPortal.PatientDetails.PatientProfileDemographic","CoachesPortal.PatientDetails.PatientProfileDemographic","verifyCDCdetails","test1 > Given I am logged in as coach, verifyCDCdetails","test1 > Given I am logged in as coach, verifyCDCdetails"
"broken","Sun Jul 19 23:39:28 UTC 2026","Sun Jul 19 23:39:58 UTC 2026","30051","HabitNuCoachPortalSuite","HabitNuCoachesPortalRegression-PartC","CoachesPortal.PatientDetails.PatientProfilePreAuth","CoachesPortal.PatientDetails.PatientProfilePreAuth","editPreAuth","edit PreAuth for Ethylen",""
"broken","Sun Jul 19 23:13:36 UTC 2026","Sun Jul 19 23:14:07 UTC 2026","30580","HabitNuCoachPortalSuite","HabitNuCoachesPortalRegression-PartB","CoachesPortal.PatientDetails.PatientProfileDemographic","CoachesPortal.PatientDetails.PatientProfileDemographic","verifyConfirmed_By_CoachNo","test1 > Given I am logged in as coach, verifyConfirmed_By_Coach by clicking on No","test1 > Given I am logged in as coach, verifyConfirmed_By_Coach by clicking on No"
"passed","Sun Jul 19 23:50:57 UTC 2026","Sun Jul 19 23:51:19 UTC 2026","21515","HabitNuCoachPortalSuite","GeneralContent","CoachesPortal.generalContent_WEb_Coaches","CoachesPortal.generalContent_WEb_Coaches","case6","Creating tags for Groups",""
"passed","Sun Jul 19 23:47:47 UTC 2026","Sun Jul 19 23:47:52 UTC 2026","5757","HabitNuCoachPortalSuite","LogClassSession","CoachesPortal.LogClassSession","CoachesPortal.LogClassSession","verifyAddOnlyminsofactivity","Verify error message=='Weight is required' & 'Date is required' are displayed, when coach tries to save logclass session with Only ' mins of activity' ",""
"passed","Sun Jul 19 23:50:34 UTC 2026","Sun Jul 19 23:50:39 UTC 2026","4370","HabitNuCoachPortalSuite","GeneralContent","CoachesPortal.generalContent_WEb_Coaches","CoachesPortal.generalContent_WEb_Coaches","case1","going to general content throgh Profile.",""
"broken","Mon Jul 20 00:05:12 UTC 2026","Mon Jul 20 00:06:13 UTC 2026","60497","HabitNuCoachPortalSuite","UserDashboard","CoachesPortal.PatientDashboard","CoachesPortal.PatientDashboard","habitCard_NotDone","test16 > Given I am logged in as coach, when I am on adding a habit for the user, Then I should be able to see added habit and as 'NOT DONE' on Habits graph","coach login - user/patient/partcipant dashboard validation"
"passed","Sun Jul 19 23:31:45 UTC 2026","Sun Jul 19 23:31:45 UTC 2026","0","HabitNuCoachPortalSuite","Scheduler","CoachesPortal.Schedular","CoachesPortal.Schedular","userNoToTheMeet","test1 > Given I am logged in as admin, verify user response to meet attendance - NO","test1 > Given I am logged in as admin, verify user response to meet attendance - NO"
"broken","Sun Jul 19 23:46:46 UTC 2026","Sun Jul 19 23:47:06 UTC 2026","20400","HabitNuCoachPortalSuite","LoginPageCases","CoachesPortal.LoginPageCases","CoachesPortal.LoginPageCases","testClickOnForgetPasswordLink","validate forget-password link button",""
"passed","Sun Jul 19 23:33:48 UTC 2026","Sun Jul 19 23:33:49 UTC 2026","424","HabitNuCoachPortalSuite","Paywal","CoachesPortal.payWall","CoachesPortal.payWall","testViewTransactionDetails","COP-T401: View transaction details",""
"failed","Mon Jul 20 00:19:47 UTC 2026","Mon Jul 20 00:20:14 UTC 2026","26815","HabitNuCoachPortalSuite","DifferentTypeOfDashboards","CoachesPortal.CohortLevelDashboard.DSMEDashboardCoachesPortal","CoachesPortal.CohortLevelDashboard.DSMEDashboardCoachesPortal","test4_Nurture","And user is validating Nurture",""
"passed","Sun Jul 19 23:48:13 UTC 2026","Sun Jul 19 23:48:19 UTC 2026","5560","HabitNuCoachPortalSuite","LogClassSession","CoachesPortal.LogClassSession","CoachesPortal.LogClassSession","verifyMaxValueinWeightNotAllowed","Verify entering 1000 Value in weight should limit to 3 chars which is 100",""
"broken","Sun Jul 19 23:24:15 UTC 2026","Sun Jul 19 23:24:46 UTC 2026","30198","HabitNuCoachPortalSuite","UserActivities","CoachesPortal.PatientDetails.UserActivitiesBloodSugar","CoachesPortal.PatientDetails.UserActivitiesBloodSugar","verifyandCancelCurrentDateBloodSugar","Verify user as Ethelyn in useractivities tab and Cancel filled current date blood sugar",""
"passed","Mon Jul 20 00:24:07 UTC 2026","Mon Jul 20 00:24:50 UTC 2026","42837","HabitNuCoachPortalSuite","DifferentTypeOfDashboards","CoachesPortal.CohortLevelDashboard.ParticipantsProgressTracker","CoachesPortal.CohortLevelDashboard.ParticipantsProgressTracker","test5_Actions_Options","And user is able to select the Actions options.",""
"passed","Sun Jul 19 23:47:23 UTC 2026","Sun Jul 19 23:47:27 UTC 2026","4358","HabitNuCoachPortalSuite","LogClassSession","CoachesPortal.LogClassSession","CoachesPortal.LogClassSession","verifySearchPatientById","Verify coach can Search Participant By ID in log class session page",""
"broken","Mon Jul 20 00:27:01 UTC 2026","Mon Jul 20 00:27:18 UTC 2026","17264","HabitNuCoachPortalSuite","DifferentTypeOfDashboards","CoachesPortal.CohortLevelDashboard.ParticipantsProgressTracker","CoachesPortal.CohortLevelDashboard.ParticipantsProgressTracker","test10_Createmeeting","And User is able to navigating to schedular and creating a meeting",""
"broken","Mon Jul 20 00:26:45 UTC 2026","Mon Jul 20 00:27:01 UTC 2026","16057","HabitNuCoachPortalSuite","DifferentTypeOfDashboards","CoachesPortal.CohortLevelDashboard.ParticipantsProgressTracker","CoachesPortal.CohortLevelDashboard.ParticipantsProgressTracker","test9_Download_Report","And user is able to download the annual assessment report",""
"broken","Mon Jul 20 00:04:12 UTC 2026","Mon Jul 20 00:05:12 UTC 2026","60332","HabitNuCoachPortalSuite","UserDashboard","CoachesPortal.PatientDashboard","CoachesPortal.PatientDashboard","patientVWeeklyStatusVideo_when_100_percentWatched","test15 > Given I am logged in as coach, when I am on watching a video completely by logging into user app, Then I should be able to see watched Video count==1 under patientVWeeklyStatusVideo","coach login - user/patient/partcipant dashboard validation"
"passed","Sun Jul 19 23:46:43 UTC 2026","Sun Jul 19 23:46:45 UTC 2026","2343","HabitNuCoachPortalSuite","LoginPageCases","CoachesPortal.LoginPageCases","CoachesPortal.LoginPageCases","case15","Coaches Portal Feedback URL -> Add Feedback-> Keep other fields empty -> Click on Submit Feedback",""
"broken","Sun Jul 19 23:20:37 UTC 2026","Sun Jul 19 23:21:09 UTC 2026","32113","HabitNuCoachPortalSuite","UserActivities","CoachesPortal.PatientDetails.UserActivitiesBloodPressure","CoachesPortal.PatientDetails.UserActivitiesBloodPressure","verifyYesterdayBPDataInCoachesPortal","Add yesterday date blood pressure",""
"broken","Sun Jul 19 22:57:29 UTC 2026","Sun Jul 19 22:57:50 UTC 2026","20393","HabitNuCoachPortalSuite","HabitNuCoachesPortalRegression-PartB","CoachesPortal.OnsiteUsersListDashboard","CoachesPortal.OnsiteUsersListDashboard","case15","test1 > Given I am logged in as coach, Click on a user and check whether its navigating to the dashboard.","test1 > Given I am logged in as coach, Click on a user and check whether its navigating to the dashboard."
"passed","Mon Jul 20 00:27:32 UTC 2026","Mon Jul 20 00:27:43 UTC 2026","11233","HabitNuCoachPortalSuite","DifferentTypeOfDashboards","CoachesPortal.CohortLevelDashboard.ParticipantsProgressTracker","CoachesPortal.CohortLevelDashboard.ParticipantsProgressTracker","test12_Completedunits","And User is validating the completed units",""
"broken","Mon Jul 20 00:15:44 UTC 2026","Mon Jul 20 00:16:07 UTC 2026","22897","HabitNuCoachPortalSuite","FeatureFlags","CoachesPortal.FeatureFlags","CoachesPortal.FeatureFlags","test13_addrulesforprogram","And user is able to add the rule for program level",""
"broken","Sun Jul 19 23:25:16 UTC 2026","Sun Jul 19 23:25:46 UTC 2026","30230","HabitNuCoachPortalSuite","UserActivities","CoachesPortal.PatientDetails.UserActivitiesBloodSugar","CoachesPortal.PatientDetails.UserActivitiesBloodSugar","verifyAndAddYesterdayBloodSugar","Verify user as Ethelyn in useractivities tab and add past date blood sugar",""
"broken","Mon Jul 20 00:15:17 UTC 2026","Mon Jul 20 00:15:22 UTC 2026","4724","HabitNuCoachPortalSuite","FeatureFlags","CoachesPortal.FeatureFlags","CoachesPortal.FeatureFlags","test11_addrulesforuser","And user is able to add the rule for user level",""
"passed","Sun Jul 19 23:54:20 UTC 2026","Sun Jul 19 23:54:30 UTC 2026","10441","HabitNuCoachPortalSuite","Milestones","CoachesPortal.VAMilestone","CoachesPortal.VAMilestone","test17_validating_VAHeaders_data","And user is validating to VAHeaders data by clicking arrow button",""
"skipped","Sun Jul 19 23:31:47 UTC 2026","Sun Jul 19 23:31:47 UTC 2026","0","HabitNuCoachPortalSuite","Scheduler","CoachesPortal.Schedular","CoachesPortal.Schedular","validateInteractionEntries_Interaction_Type","validateInteractionEntries_Interaction_Type",""
"passed","Mon Jul 20 00:14:49 UTC 2026","Mon Jul 20 00:14:50 UTC 2026","146","HabitNuCoachPortalSuite","UserDashboard","CoachesPortal.PatientDashboard","CoachesPortal.PatientDashboard","Profile_in_Green","test18 > Given I am logged in as admin, wehn I am on Participants dashboard page, Then I should be able to see all particiapnt data on the photocard","admin login - clicking on scheduler should open the scheduler page in coaches portal"
"passed","Sun Jul 19 22:54:27 UTC 2026","Sun Jul 19 22:54:33 UTC 2026","6073","HabitNuCoachPortalSuite","HabitNuCoachesPortalRegression-PartA","CoachesPortal.LearnModule.CustomerAdminCourseDocument","CoachesPortal.LearnModule.CustomerAdminCourseDocument","verifyDocuentEditAndSave","Document Edit and Save",""
"passed","Mon Jul 20 00:15:17 UTC 2026","Mon Jul 20 00:15:17 UTC 2026","80","HabitNuCoachPortalSuite","FeatureFlags","CoachesPortal.FeatureFlags","CoachesPortal.FeatureFlags","test10_clickaddrule","And user is able to click on add rule button",""
"passed","Sun Jul 19 23:49:09 UTC 2026","Sun Jul 19 23:49:10 UTC 2026","1077","HabitNuCoachPortalSuite","LogClassSession","CoachesPortal.LogClassSession","CoachesPortal.LogClassSession","verifyAddWeightAttendanceDateAndPAAndLFAndMUPDistanceLearning","Verify coach can save log class session by adding weight,attendance date and PA And LF And MUP In Distance Learning",""
"passed","Sun Jul 19 23:08:50 UTC 2026","Sun Jul 19 23:08:50 UTC 2026","35","HabitNuCoachPortalSuite","HabitNuCoachesPortalRegression-PartB","CoachesPortal.PatientDetails.PatientProfileDemographic","CoachesPortal.PatientDetails.PatientProfileDemographic","verifyBaselineHealthData","test1 > Given I am logged in as customer admin, verifyBaselineHealthData","test1 > Given I am logged in as customer admin, verifyBaselineHealthData"
"passed","Sun Jul 19 23:49:56 UTC 2026","Sun Jul 19 23:49:57 UTC 2026","98","HabitNuCoachPortalSuite","GroupDPPClassPlanner","CoachesPortal.ClassPlanner","CoachesPortal.ClassPlanner","case18","Click on Lock button",""
"passed","Sun Jul 19 23:51:57 UTC 2026","Sun Jul 19 23:51:57 UTC 2026","435","HabitNuCoachPortalSuite","GeneralContent","CoachesPortal.generalContent_WEb_Coaches","CoachesPortal.generalContent_WEb_Coaches","RedirectToWebForDelete","Redirecting To Web page for delete validation",""
"passed","Sun Jul 19 23:08:56 UTC 2026","Sun Jul 19 23:08:58 UTC 2026","1578","HabitNuCoachPortalSuite","HabitNuCoachesPortalRegression-PartB","CoachesPortal.PatientDetails.PatientProfileDemographic","CoachesPortal.PatientDetails.PatientProfileDemographic","updateAndVerifyOtherDetails","test1 > Given I am logged in as customer admin, updateAndVerifyOtherDetails","test1 > Given I am logged in as customer admin, updateAndVerifyOtherDetails"
"passed","Sun Jul 19 23:33:52 UTC 2026","Sun Jul 19 23:33:53 UTC 2026","868","HabitNuCoachPortalSuite","Paywal","CoachesPortal.payWall","CoachesPortal.payWall","testFilterTransactions","COP-T400: Validate all transaction filters",""
"passed","Sun Jul 19 22:47:07 UTC 2026","Sun Jul 19 22:47:36 UTC 2026","28673","HabitNuCoachPortalSuite","HabitNuCoachesPortalRegression-PartA","CoachesPortal.LearnModule.Learn","CoachesPortal.LearnModule.Learn","createContentToTheCourse","create content to the course",""
"passed","Mon Jul 20 00:18:49 UTC 2026","Mon Jul 20 00:18:51 UTC 2026","2204","HabitNuCoachPortalSuite","ParticipationsTable","CoachesPortal.participations","CoachesPortal.participations","test11_searchprogram","And user is able to search the user with program name",""
"passed","Mon Jul 20 00:13:28 UTC 2026","Mon Jul 20 00:13:33 UTC 2026","4666","HabitNuCoachPortalSuite","UserDashboard","CoachesPortal.PatientDashboard","CoachesPortal.PatientDashboard","patientWeeklyStatus_STEPS","test4 > Given I am logged in as admin, wehn I am on adding steps from user Dashboard, Then I should be able to see added exercise steps count==1 under patientWeeklyStatus_STEPS","admin login - user/patient/partcipant dashboard validation"
"passed","Sun Jul 19 23:32:59 UTC 2026","Sun Jul 19 23:33:02 UTC 2026","3001","HabitNuCoachPortalSuite","Paywal","CoachesPortal.payWall","CoachesPortal.payWall","testEditDraftPaymentPlan","COP-T389: Edit the Monthly Draft Payment Plan",""
"broken","Sun Jul 19 23:41:30 UTC 2026","Sun Jul 19 23:41:50 UTC 2026","20363","HabitNuCoachPortalSuite","HabitNuCoachesPortalRegression-PartC","CoachesPortal.PatientDetails.PatientProfileImmunizations","CoachesPortal.PatientDetails.PatientProfileImmunizations","verifyImmunication","verify immunization for Ethylen",""
"passed","Sun Jul 19 23:07:11 UTC 2026","Sun Jul 19 23:07:15 UTC 2026","3724","HabitNuCoachPortalSuite","HabitNuCoachesPortalRegression-PartB","CoachesPortal.PatientDetails.PatientProfileDemographic","CoachesPortal.PatientDetails.PatientProfileDemographic","updateAndVerifyContactDetails","test1 > Given I am logged in as customer admin, updateAndVerifyContactDetails","test1 > Given I am logged in as customer admin, updateAndVerifyContactDetails"
"failed","Mon Jul 20 00:13:47 UTC 2026","Mon Jul 20 00:13:49 UTC 2026","2443","HabitNuCoachPortalSuite","UserDashboard","CoachesPortal.PatientDashboard","CoachesPortal.PatientDashboard","patientVWeeklyStatusVideo_when_100_percentWatched","test15 > Given I am logged in as admin, when I am on watching a video completely by logging into user app, Then I should be able to see watched Video count==1 under patientVWeeklyStatusVideo","admin login - user/patient/partcipant dashboard validation"
"failed","Sun Jul 19 23:33:20 UTC 2026","Sun Jul 19 23:33:21 UTC 2026","936","HabitNuCoachPortalSuite","Paywal","CoachesPortal.payWall","CoachesPortal.payWall","testViewSubscriptionDetails","COP-T396: View subscription details",""
"skipped","Sun Jul 19 23:35:15 UTC 2026","Sun Jul 19 23:35:15 UTC 2026","6","HabitNuCoachPortalSuite","Paywal","CoachesPortal.payWall","CoachesPortal.payWall","testMultiplePlansLinkedToProgram","COP-T412: Validate multiple plans linked to a program",""
"passed","Sun Jul 19 23:35:15 UTC 2026","Sun Jul 19 23:35:15 UTC 2026","35","HabitNuCoachPortalSuite","Paywal","CoachesPortal.payWall","CoachesPortal.payWall","testPlanConsistencyAcrossSystems","COP-T419: Validate plan details consistency across systems",""
"skipped","Sun Jul 19 23:35:15 UTC 2026","Sun Jul 19 23:35:15 UTC 2026","0","HabitNuCoachPortalSuite","Paywal","CoachesPortal.payWall","CoachesPortal.payWall","testUnlinkPlanFromProgram","COP-T413: Validate unlinking a plan from a program",""
"passed","Sun Jul 19 23:46:42 UTC 2026","Sun Jul 19 23:46:43 UTC 2026","164","HabitNuCoachPortalSuite","LoginPageCases","CoachesPortal.LoginPageCases","CoachesPortal.LoginPageCases","case13","Coaches Portal Feedback URL -> Add valid email address -> Keep other fields empty -> Click on Submit Feedback",""
"passed","Sun Jul 19 22:55:03 UTC 2026","Sun Jul 19 22:55:11 UTC 2026","8468","HabitNuCoachPortalSuite","HabitNuCoachesPortalRegression-PartA","CoachesPortal.LearnModule.CustomerAdminCourseDocument","CoachesPortal.LearnModule.CustomerAdminCourseDocument","verifyAddVideoTitleRequired","Add Title Required",""
"passed","Sun Jul 19 23:31:23 UTC 2026","Sun Jul 19 23:31:28 UTC 2026","5202","HabitNuCoachPortalSuite","Scheduler","CoachesPortal.Schedular","CoachesPortal.Schedular","viewAppointment","test5 >  Given I am logged in as admin, and on time slot page, When I click on created appointment, Then I should be able to view the appointment","admin login - User should be able to view appointment"
"broken","Sun Jul 19 23:46:01 UTC 2026","Sun Jul 19 23:46:21 UTC 2026","20398","HabitNuCoachPortalSuite","LoginPageCases","CoachesPortal.LoginPageCases","CoachesPortal.LoginPageCases","testRestpasswordAuthentication","validate user is able to login with the reset password",""
"passed","Sun Jul 19 23:16:51 UTC 2026","Sun Jul 19 23:16:51 UTC 2026","47","HabitNuCoachPortalSuite","HabitNuCoachesPortalRegression-PartB","CoachesPortal.PatientDetails.PatientProfileDemographic","CoachesPortal.PatientDetails.PatientProfileDemographic","verifyOtherdetails","test1 > Given I am logged in as coach, verifyOtherdetails","test1 > Given I am logged in as coach, verifyOtherdetails"
"skipped","Sun Jul 19 23:31:47 UTC 2026","Sun Jul 19 23:31:47 UTC 2026","0","HabitNuCoachPortalSuite","Scheduler","CoachesPortal.Schedular","CoachesPortal.Schedular","validateInteractionEntries_SessionName","validateInteractionEntries_SessionName",""
"passed","Sun Jul 19 23:09:58 UTC 2026","Sun Jul 19 23:09:58 UTC 2026","108","HabitNuCoachPortalSuite","HabitNuCoachesPortalRegression-PartB","CoachesPortal.PatientDetails.PatientProfileDemographic","CoachesPortal.PatientDetails.PatientProfileDemographic","testDropdownOptions","test1 > Given I am logged in as customer admin, testDropdownOptions","test1 > Given I am logged in as customer admin, testDropdownOptions"
"broken","Sun Jul 19 23:50:26 UTC 2026","Sun Jul 19 23:50:27 UTC 2026","1189","HabitNuCoachPortalSuite","GroupDPPClassPlanner","CoachesPortal.ClassPlanner","CoachesPortal.ClassPlanner","case31","Login to coach portal -> select the cohort -> Class planner -> Click on Edit (pencil) button -> add the participant -> Done",""
"passed","Sun Jul 19 23:15:11 UTC 2026","Sun Jul 19 23:15:11 UTC 2026","40","HabitNuCoachPortalSuite","HabitNuCoachesPortalRegression-PartB","CoachesPortal.PatientDetails.PatientProfileDemographic","CoachesPortal.PatientDetails.PatientProfileDemographic","verifyAddressDetails","test1 > Given I am logged in as coach, verifyAddressDetails","test1 > Given I am logged in as coach, verifyAddressDetails"
"broken","Mon Jul 20 00:27:18 UTC 2026","Mon Jul 20 00:27:32 UTC 2026","13281","HabitNuCoachPortalSuite","DifferentTypeOfDashboards","CoachesPortal.CohortLevelDashboard.ParticipantsProgressTracker","CoachesPortal.CohortLevelDashboard.ParticipantsProgressTracker","test11_CreateRecursivemeeting","And User is able to navigating to schedular and creating a recursive meeting",""
"broken","Mon Jul 20 00:20:33 UTC 2026","Mon Jul 20 00:20:43 UTC 2026","9881","HabitNuCoachPortalSuite","DifferentTypeOfDashboards","CoachesPortal.CohortLevelDashboard.DSMEDashboardCoachesPortal","CoachesPortal.CohortLevelDashboard.DSMEDashboardCoachesPortal","test6_Disenrolled","And user is validating Disenrolled",""
"skipped","Sun Jul 19 23:31:47 UTC 2026","Sun Jul 19 23:31:47 UTC 2026","0","HabitNuCoachPortalSuite","Scheduler","CoachesPortal.Schedular","CoachesPortal.Schedular","validateCreatedMeetingAvailable_for_user","validateCreatedMeetingAvailable_for_user",""
"passed","Mon Jul 20 00:14:50 UTC 2026","Mon Jul 20 00:14:55 UTC 2026","5143","HabitNuCoachPortalSuite","UserDashboard","CoachesPortal.PatientDashboard","CoachesPortal.PatientDashboard","Last_AFterMeal_Blood_Sugar","test21 > Given I am logged in as admin, wehn I am on Participants dashboard page, when I add bloodsugar AFTER-MEAL type, Then I should be able to see the added data on dashboard card==Last_AfterMeal_Blood_Sugar","admin login - clicking on scheduler should open the scheduler page in coaches portal"
"passed","Sun Jul 19 22:50:53 UTC 2026","Sun Jul 19 22:50:55 UTC 2026","1890","HabitNuCoachPortalSuite","HabitNuCoachesPortalRegression-PartA","CoachesPortal.LearnModule.Learn","CoachesPortal.LearnModule.Learn","cloneCourse","verify cloning of course",""
"broken","Sun Jul 19 23:50:30 UTC 2026","Sun Jul 19 23:50:32 UTC 2026","1188","HabitNuCoachPortalSuite","GroupDPPClassPlanner","CoachesPortal.ClassPlanner","CoachesPortal.ClassPlanner","case35","validate user is able to view classPlanner item==text",""
"passed","Sun Jul 19 22:55:47 UTC 2026","Sun Jul 19 22:55:52 UTC 2026","4387","HabitNuCoachPortalSuite","HabitNuCoachesPortalRegression-PartB","CoachesPortal.OnsiteUsersListDashboard","CoachesPortal.OnsiteUsersListDashboard","case1","test1 > Given I am logged in as coach, Search for 'automationForLogclass' and click on users.","test1 > Given I am logged in as coach, Search for 'automationForLogclass' and click on users."
"broken","Mon Jul 20 00:16:07 UTC 2026","Mon Jul 20 00:16:31 UTC 2026","23429","HabitNuCoachPortalSuite","FeatureFlags","CoachesPortal.FeatureFlags","CoachesPortal.FeatureFlags","test14_addrulesforpartner","And user is able to add the rule for partner level",""
"skipped","Sun Jul 19 23:31:47 UTC 2026","Sun Jul 19 23:31:47 UTC 2026","0","HabitNuCoachPortalSuite","Scheduler","CoachesPortal.Schedular","CoachesPortal.Schedular","viewAppointment","viewAppointment",""
"broken","Sun Jul 19 23:51:34 UTC 2026","Sun Jul 19 23:51:45 UTC 2026","10336","HabitNuCoachPortalSuite","GeneralContent","CoachesPortal.generalContent_WEb_Coaches","CoachesPortal.generalContent_WEb_Coaches","case12","Verify Fitness Videos Details Consistency",""
"passed","Mon Jul 20 00:21:44 UTC 2026","Mon Jul 20 00:21:44 UTC 2026","142","HabitNuCoachPortalSuite","DifferentTypeOfDashboards","CoachesPortal.CohortLevelDashboard.DSMEDashboardCoachesPortal","CoachesPortal.CohortLevelDashboard.DSMEDashboardCoachesPortal","test15_verifyBloodSugarByPatientsWithCalender","Verify Blood Sugar by Patients with Calender as default date today selected",""
"passed","Sun Jul 19 23:10:25 UTC 2026","Sun Jul 19 23:10:34 UTC 2026","8571","HabitNuCoachPortalSuite","HabitNuCoachesPortalRegression-PartB","CoachesPortal.PatientDetails.PatientProfileDemographic","CoachesPortal.PatientDetails.PatientProfileDemographic","updateethnicity_race_info","test1 > Given I am logged in as customer admin, ethnicity_race_info","test1 > Given I am logged in as customer admin, ethnicity_race_info"
"passed","Sun Jul 19 23:00:57 UTC 2026","Sun Jul 19 23:01:00 UTC 2026","3261","HabitNuCoachPortalSuite","HabitNuCoachesPortalRegression-PartB","CoachesPortal.OnsiteUsersListDashboard","CoachesPortal.OnsiteUsersListDashboard","case36","test1 > Given I am logged in as customerAdmin, sorting users table with Join Date in asc order","test1 > Given I am logged in as customerAdmin, sorting users table with Join Date in asc order"
"passed","Sun Jul 19 23:50:13 UTC 2026","Sun Jul 19 23:50:16 UTC 2026","2985","HabitNuCoachPortalSuite","GroupDPPClassPlanner","CoachesPortal.ClassPlanner","CoachesPortal.ClassPlanner","case25","Edit (lock)button of class planner in cohort by adding new card",""
"skipped","Sun Jul 19 23:31:47 UTC 2026","Sun Jul 19 23:31:47 UTC 2026","1","HabitNuCoachPortalSuite","Scheduler","CoachesPortal.Schedular","CoachesPortal.Schedular","rescheduleMeeting","rescheduleMeeting",""
"broken","Sun Jul 19 23:43:12 UTC 2026","Sun Jul 19 23:43:37 UTC 2026","25381","HabitNuCoachPortalSuite","HabitNuCoachesPortalRegression-PartC","CoachesPortal.PatientDetails.PatientProfilePayerType","CoachesPortal.PatientDetails.PatientProfilePayerType","editPayerType_click_Cancel","edit PayerType for Ethylen, but click on cancel button rather update button",""
"passed","Mon Jul 20 00:15:11 UTC 2026","Mon Jul 20 00:15:12 UTC 2026","169","HabitNuCoachPortalSuite","FeatureFlags","CoachesPortal.FeatureFlags","CoachesPortal.FeatureFlags","test2_navigatingadmin","When user is navigating to Admin section ",""
"passed","Sun Jul 19 23:31:45 UTC 2026","Sun Jul 19 23:31:45 UTC 2026","1","HabitNuCoachPortalSuite","Scheduler","CoachesPortal.Schedular","CoachesPortal.Schedular","validateInteractionEntries_Interaction_Type","test1 > Given I am logged in as admin, verify group interaction entries are made automatically when meet is attended for min of 1min > Validating field==Interaction_Typ","test1 > Given I am logged in as admin, verify group interaction entries are made automatically when meet is attended for min of 1min > Validating field==Interaction_Typ"
"passed","Sun Jul 19 23:31:49 UTC 2026","Sun Jul 19 23:32:56 UTC 2026","66289","HabitNuCoachPortalSuite","Paywal","CoachesPortal.payWall","CoachesPortal.payWall","validatePaywallPage","Navigate to Paywall and validate header tabs",""
"passed","Mon Jul 20 00:21:45 UTC 2026","Mon Jul 20 00:21:45 UTC 2026","131","HabitNuCoachPortalSuite","DifferentTypeOfDashboards","CoachesPortal.CohortLevelDashboard.DSMEDashboardCoachesPortal","CoachesPortal.CohortLevelDashboard.DSMEDashboardCoachesPortal","test19_verifyWeightByPatientsWithallPosibleActionsSelection","Verify Weight Loss by Patients dropdown card with possible options selected and verify it's selection",""
"passed","Mon Jul 20 00:15:16 UTC 2026","Mon Jul 20 00:15:17 UTC 2026","1162","HabitNuCoachPortalSuite","FeatureFlags","CoachesPortal.FeatureFlags","CoachesPortal.FeatureFlags","test9_disableglobally","And user is able to disable the flag globally",""
"passed","Sun Jul 19 23:29:42 UTC 2026","Sun Jul 19 23:29:42 UTC 2026","361","HabitNuCoachPortalSuite","UserActivities","CoachesPortal.PatientDetails.UserActivitiesTobacco","CoachesPortal.PatientDetails.UserActivitiesTobacco","verifyUser_isNot_allowed_edit_coachAddedData","Verify user is not allowed to edit data added by coaches",""
"failed","Mon Jul 20 00:19:25 UTC 2026","Mon Jul 20 00:19:47 UTC 2026","22549","HabitNuCoachPortalSuite","DifferentTypeOfDashboards","CoachesPortal.CohortLevelDashboard.DSMEDashboardCoachesPortal","CoachesPortal.CohortLevelDashboard.DSMEDashboardCoachesPortal","test3_pending","And user is validating pending",""
"passed","Sun Jul 19 23:01:31 UTC 2026","Sun Jul 19 23:01:32 UTC 2026","770","HabitNuCoachPortalSuite","HabitNuCoachesPortalRegression-PartB","CoachesPortal.OnsiteUsersListDashboard","CoachesPortal.OnsiteUsersListDashboard","case48","test1 > Given I am logged in as customerAdmin, enroll user but click - N0","test1 > Given I am logged in as customerAdmin, enroll user but click - N0"
"broken","Sun Jul 19 23:50:29 UTC 2026","Sun Jul 19 23:50:30 UTC 2026","1132","HabitNuCoachPortalSuite","GroupDPPClassPlanner","CoachesPortal.ClassPlanner","CoachesPortal.ClassPlanner","case34","validate user is able to view classPlanner item==document",""
"failed","Sun Jul 19 23:33:11 UTC 2026","Sun Jul 19 23:33:17 UTC 2026","6465","HabitNuCoachPortalSuite","Paywal","CoachesPortal.payWall","CoachesPortal.payWall","testEditSyncedPlanAndManualSync","COP-T393 & T394: Edit a synced plan and verify manual sync",""
"passed","Sun Jul 19 22:53:31 UTC 2026","Sun Jul 19 22:53:33 UTC 2026","2327","HabitNuCoachPortalSuite","HabitNuCoachesPortalRegression-PartA","CoachesPortal.LearnModule.Learn","CoachesPortal.LearnModule.Learn","editByErasingMessageContent","verify, Please enter message content for email",""
"broken","Mon Jul 20 00:01:08 UTC 2026","Mon Jul 20 00:02:11 UTC 2026","62480","HabitNuCoachPortalSuite","UserDashboard","CoachesPortal.PatientDashboard","CoachesPortal.PatientDashboard","bloodPressureHistory","test8 > Given I am logged in as coach, wehn I am on adding bloodpressure from user Dashboard, Then I should be able to see added bloodpressure on bloodpressureHistory graph","coach login - user/patient/partcipant dashboard validation"
"broken","Sun Jul 19 23:40:29 UTC 2026","Sun Jul 19 23:40:49 UTC 2026","20365","HabitNuCoachPortalSuite","HabitNuCoachesPortalRegression-PartC","CoachesPortal.PatientDetails.PatientProfileImmunizations","CoachesPortal.PatientDetails.PatientProfileImmunizations","verifyPersonalDetails","Add medication of Ethlen",""
"passed","Sun Jul 19 23:49:33 UTC 2026","Sun Jul 19 23:49:34 UTC 2026","728","HabitNuCoachPortalSuite","GroupDPPClassPlanner","CoachesPortal.ClassPlanner","CoachesPortal.ClassPlanner","case4","create multiple lists",""
"passed","Sun Jul 19 22:54:58 UTC 2026","Sun Jul 19 22:55:00 UTC 2026","2629","HabitNuCoachPortalSuite","HabitNuCoachesPortalRegression-PartA","CoachesPortal.LearnModule.CustomerAdminCourseDocument","CoachesPortal.LearnModule.CustomerAdminCourseDocument","verifyAddVideoUploadRequired","Add Video upload Required",""
"passed","Sun Jul 19 23:07:11 UTC 2026","Sun Jul 19 23:07:11 UTC 2026","47","HabitNuCoachPortalSuite","HabitNuCoachesPortalRegression-PartB","CoachesPortal.PatientDetails.PatientProfileDemographic","CoachesPortal.PatientDetails.PatientProfileDemographic","verifyContactDetails","test1 > Given I am logged in as customer admin, verifyContactDetails","test1 > Given I am logged in as customer admin, verifyContactDetails"
"passed","Sun Jul 19 23:48:19 UTC 2026","Sun Jul 19 23:48:35 UTC 2026","15884","HabitNuCoachPortalSuite","LogClassSession","CoachesPortal.LogClassSession","CoachesPortal.LogClassSession","verifyAddWeightAndAttendanceDate","Verify coach can save log class session by adding only weight and attendance date",""
"broken","Sun Jul 19 23:19:13 UTC 2026","Sun Jul 19 23:19:33 UTC 2026","20505","HabitNuCoachPortalSuite","PatientsProfileAllergies","CoachesPortal.PatientDetails.PatientsProfileAllergies","CoachesPortal.PatientDetails.PatientsProfileAllergies","editMedication","edit allergy for Ethylen",""
"passed","Sun Jul 19 22:54:56 UTC 2026","Sun Jul 19 22:54:58 UTC 2026","1682","HabitNuCoachPortalSuite","HabitNuCoachesPortalRegression-PartA","CoachesPortal.LearnModule.CustomerAdminCourseDocument","CoachesPortal.LearnModule.CustomerAdminCourseDocument","verifyAddUrlTitleVideoRequired","Add Video upload And Title Required",""
"broken","Mon Jul 20 00:12:35 UTC 2026","Mon Jul 20 00:13:22 UTC 2026","46039","HabitNuCoachPortalSuite","UserDashboard","CoachesPortal.PatientDashboard","CoachesPortal.PatientDashboard","bloodSugarHistory","test6 > Given I am logged in as admin, wehn I am on adding bloodsugar from user Dashboard, Then I should be able to see added bloodsugar on bloodSugarHistory graph","admin login - user/patient/partcipant dashboard validation"
"broken","Sun Jul 19 23:57:26 UTC 2026","Sun Jul 19 23:57:57 UTC 2026","30315","HabitNuCoachPortalSuite","UserDashboard","CoachesPortal.PatientDashboard","CoachesPortal.PatientDashboard","foodLog","test12 > Given I am logged in as coach, when I am on adding Meal by logging into user app, Then I should be able to see added Meal data on FoodLog graph","coach login - user/patient/partcipant dashboard validation"
"passed","Sun Jul 19 23:52:54 UTC 2026","Sun Jul 19 23:52:57 UTC 2026","3600","HabitNuCoachPortalSuite","Milestones","CoachesPortal.VAMilestone","CoachesPortal.VAMilestone","test1_navigatingcoach","Given user is navigating to coaches portal",""
"passed","Sun Jul 19 23:33:22 UTC 2026","Sun Jul 19 23:33:25 UTC 2026","3633","HabitNuCoachPortalSuite","Paywal","CoachesPortal.payWall","CoachesPortal.payWall","testFilterSubscriptions","COP-T397–399: Validate subscription filters",""
"passed","Sun Jul 19 23:31:04 UTC 2026","Sun Jul 19 23:31:14 UTC 2026","9480","HabitNuCoachPortalSuite","Scheduler","CoachesPortal.Schedular","CoachesPortal.Schedular","createAppointment","test3 >  Given I am logged in as admin, and on create appointment page, When I fill in all the required details, Then I should be able to save the appointment","admin login - User should be able to create and save appointment"
"passed","Mon Jul 20 00:13:46 UTC 2026","Mon Jul 20 00:13:47 UTC 2026","151","HabitNuCoachPortalSuite","UserDashboard","CoachesPortal.PatientDashboard","CoachesPortal.PatientDashboard","videoActivity","test13 > Given I am logged in as admin, when I am on watching a video by logging into user app, Then I should be able to see watched Video progress data on VideoActivity graph","admin login - user/patient/partcipant dashboard validation"
"passed","Sun Jul 19 22:53:54 UTC 2026","Sun Jul 19 22:53:55 UTC 2026","1276","HabitNuCoachPortalSuite","HabitNuCoachesPortalRegression-PartA","CoachesPortal.LearnModule.CustomerAdminCourseDocument","CoachesPortal.LearnModule.CustomerAdminCourseDocument","verifyAddLinkDocument","Add link Document",""
"broken","Sun Jul 19 23:27:20 UTC 2026","Sun Jul 19 23:27:54 UTC 2026","33641","HabitNuCoachPortalSuite","UserActivities","CoachesPortal.PatientDetails.UserActivitiesBloodSugar","CoachesPortal.PatientDetails.UserActivitiesBloodSugar","verifyEditBSDataInCoachesPortal","Edit BS data in webapp and verify in webapp as well as in coaches portal",""
"passed","Sun Jul 19 22:56:12 UTC 2026","Sun Jul 19 22:56:13 UTC 2026","799","HabitNuCoachPortalSuite","HabitNuCoachesPortalRegression-PartB","CoachesPortal.OnsiteUsersListDashboard","CoachesPortal.OnsiteUsersListDashboard","case5","test1 > Given I am logged in as coach, Seach user by email.","test1 > Given I am logged in as coach, Seach user by email."
"passed","Sun Jul 19 23:31:45 UTC 2026","Sun Jul 19 23:31:45 UTC 2026","0","HabitNuCoachPortalSuite","Scheduler","CoachesPortal.Schedular","CoachesPortal.Schedular","validateInteractionEntries_Claimed","test1 > Given I am logged in as admin, verify group interaction entries are made automatically when meet is attended for min of 1min > Validating field==Claimed","test1 > Given I am logged in as admin, verify group interaction entries are made automatically when meet is attended for min of 1min > Validating field==Claimed"
"passed","Sun Jul 19 23:00:53 UTC 2026","Sun Jul 19 23:00:54 UTC 2026","935","HabitNuCoachPortalSuite","HabitNuCoachesPortalRegression-PartB","CoachesPortal.OnsiteUsersListDashboard","CoachesPortal.OnsiteUsersListDashboard","case33","test1 > Given I am logged in as customerAdmin, validate userList as customerAdmin-Move a user from one cohort to another- cancel scenario.","test1 > Given I am logged in as customerAdmin, validate userList as customerAdmin-Move a user from one cohort to another- cancel scenario."
"passed","Sun Jul 19 23:27:54 UTC 2026","Sun Jul 19 23:27:54 UTC 2026","340","HabitNuCoachPortalSuite","UserActivities","CoachesPortal.PatientDetails.UserActivitiesBloodSugar","CoachesPortal.PatientDetails.UserActivitiesBloodSugar","verifyUser_isNot_allowed_edit_coachAddedData","Verify user is not allowed to edit data added by coaches",""
"passed","Sun Jul 19 22:54:15 UTC 2026","Sun Jul 19 22:54:16 UTC 2026","870","HabitNuCoachPortalSuite","HabitNuCoachesPortalRegression-PartA","CoachesPortal.LearnModule.CustomerAdminCourseDocument","CoachesPortal.LearnModule.CustomerAdminCourseDocument","verifyAddUrlTitleDocumentRequired","Add Documentupload And Title Required",""
"passed","Sun Jul 19 22:49:25 UTC 2026","Sun Jul 19 22:49:52 UTC 2026","27646","HabitNuCoachPortalSuite","HabitNuCoachesPortalRegression-PartA","CoachesPortal.LearnModule.Learn","CoachesPortal.LearnModule.Learn","addVideoToTheContent","filter down course content by Video and assert Pagination",""
"passed","Sun Jul 19 22:53:57 UTC 2026","Sun Jul 19 22:53:58 UTC 2026","1018","HabitNuCoachPortalSuite","HabitNuCoachesPortalRegression-PartA","CoachesPortal.LearnModule.CustomerAdminCourseDocument","CoachesPortal.LearnModule.CustomerAdminCourseDocument","verifyAddOnlyDiscription","Add Only Discription And verify url and title Required",""
"broken","Sun Jul 19 23:15:45 UTC 2026","Sun Jul 19 23:16:16 UTC 2026","30421","HabitNuCoachPortalSuite","HabitNuCoachesPortalRegression-PartB","CoachesPortal.PatientDetails.PatientProfileDemographic","CoachesPortal.PatientDetails.PatientProfileDemographic","verifyCallDetails","test1 > Given I am logged in as coach, verifyCallDetails","test1 > Given I am logged in as coach, verifyCallDetails"
"passed","Mon Jul 20 00:17:40 UTC 2026","Mon Jul 20 00:17:41 UTC 2026","549","HabitNuCoachPortalSuite","FeatureFlags","CoachesPortal.FeatureFlags","CoachesPortal.FeatureFlags","test20_deleteuser","delete rule",""
"broken","Mon Jul 20 00:18:04 UTC 2026","Mon Jul 20 00:18:04 UTC 2026","49","HabitNuCoachPortalSuite","FeatureFlags","CoachesPortal.FeatureFlags","CoachesPortal.FeatureFlags","test22_deleteuser","delete rule",""
"passed","Sun Jul 19 22:53:58 UTC 2026","Sun Jul 19 22:53:59 UTC 2026","1129","HabitNuCoachPortalSuite","HabitNuCoachesPortalRegression-PartA","CoachesPortal.LearnModule.CustomerAdminCourseDocument","CoachesPortal.LearnModule.CustomerAdminCourseDocument","verifyAddTitleLinkRequired","Add Title Required",""
"passed","Sun Jul 19 22:54:09 UTC 2026","Sun Jul 19 22:54:15 UTC 2026","5881","HabitNuCoachPortalSuite","HabitNuCoachesPortalRegression-PartA","CoachesPortal.LearnModule.CustomerAdminCourseDocument","CoachesPortal.LearnModule.CustomerAdminCourseDocument","verifyAddDocument","Add Document",""
"passed","Sun Jul 19 23:32:56 UTC 2026","Sun Jul 19 23:32:57 UTC 2026","1560","HabitNuCoachPortalSuite","Paywal","CoachesPortal.payWall","CoachesPortal.payWall","testCreateMonthlyPaymentPlan","COP-T388: Create Monthly Payment Plan",""
"failed","Sun Jul 19 23:33:29 UTC 2026","Sun Jul 19 23:33:32 UTC 2026","2510","HabitNuCoachPortalSuite","Paywal","CoachesPortal.payWall","CoachesPortal.payWall","testFilterSubscriptions","COP-T397–399: Validate subscription filters",""
"passed","Sun Jul 19 23:52:07 UTC 2026","Sun Jul 19 23:52:09 UTC 2026","1601","HabitNuCoachPortalSuite","Milestones","CoachesPortal.BPSMMilestone","CoachesPortal.BPSMMilestone","test5_validating_Headers","And user is validating headers",""
"passed","Sun Jul 19 23:31:45 UTC 2026","Sun Jul 19 23:31:45 UTC 2026","0","HabitNuCoachPortalSuite","Scheduler","CoachesPortal.Schedular","CoachesPortal.Schedular","validateUserNoInSchedular","test1 > Given I am logged in as admin, verify when user responds to meet with NO, same can be validated by coach in coaches portal in Attended dropdown","test1 > Given I am logged in as admin, verify when user responds to meet with NO, same can be validated by coach in coaches portal in Attended dropdown"
"passed","Sun Jul 19 22:46:55 UTC 2026","Sun Jul 19 22:46:55 UTC 2026","556","HabitNuCoachPortalSuite","HabitNuCoachesPortalRegression-PartA","CoachesPortal.LearnModule.Learn","CoachesPortal.LearnModule.Learn","checkToastMessage","to verify toast message when no content is added to the course",""
"passed","Mon Jul 20 00:15:14 UTC 2026","Mon Jul 20 00:15:14 UTC 2026","101","HabitNuCoachPortalSuite","FeatureFlags","CoachesPortal.FeatureFlags","CoachesPortal.FeatureFlags","test5_navigatingfeatureflags","And user is navigating to Feature Flags section ",""
"passed","Sun Jul 19 23:49:37 UTC 2026","Sun Jul 19 23:49:38 UTC 2026","1047","HabitNuCoachPortalSuite","GroupDPPClassPlanner","CoachesPortal.ClassPlanner","CoachesPortal.ClassPlanner","case9","Create the APP LINK cards under the list",""
"passed","Sun Jul 19 23:49:36 UTC 2026","Sun Jul 19 23:49:37 UTC 2026","1079","HabitNuCoachPortalSuite","GroupDPPClassPlanner","CoachesPortal.ClassPlanner","CoachesPortal.ClassPlanner","case8","Create the DOCUMENT cards under the list",""
"passed","Sun Jul 19 23:51:57 UTC 2026","Sun Jul 19 23:51:59 UTC 2026","2152","HabitNuCoachPortalSuite","GeneralContent","CoachesPortal.generalContent_WEb_Coaches","CoachesPortal.generalContent_WEb_Coaches","validateDeleteinWeb","Validate Delete in Web Main Page",""
"passed","Sun Jul 19 22:47:53 UTC 2026","Sun Jul 19 22:48:01 UTC 2026","7866","HabitNuCoachPortalSuite","HabitNuCoachesPortalRegression-PartA","CoachesPortal.LearnModule.Learn","CoachesPortal.LearnModule.Learn","addCourseToTheCohort","add course to the cohort",""
"passed","Sun Jul 19 23:09:58 UTC 2026","Sun Jul 19 23:10:08 UTC 2026","9559","HabitNuCoachPortalSuite","HabitNuCoachesPortalRegression-PartB","CoachesPortal.PatientDetails.PatientProfileDemographic","CoachesPortal.PatientDetails.PatientProfileDemographic","updateFirstName","test1 > Given I am logged in as customer admin, First Name","test1 > Given I am logged in as customer admin, First Name"
"passed","Sun Jul 19 23:48:04 UTC 2026","Sun Jul 19 23:48:13 UTC 2026","9558","HabitNuCoachPortalSuite","LogClassSession","CoachesPortal.LogClassSession","CoachesPortal.LogClassSession","verifyNegativeValueinWeightNotAllowed","Verify error message=='Weight is required' is displayed, when coach tries to save logclass session with Negative Value",""
"passed","Sun Jul 19 23:31:45 UTC 2026","Sun Jul 19 23:31:45 UTC 2026","2","HabitNuCoachPortalSuite","Scheduler","CoachesPortal.Schedular","CoachesPortal.Schedular","validateInteractionEntries_SessionName","test1 > Given I am logged in as admin, verify group interaction entries are made automatically when meet is attended for min of 1min > Validating field==SessionName","test1 > Given I am logged in as admin, verify group interaction entries are made automatically when meet is attended for min of 1min > Validating field==SessionName"
"broken","Sun Jul 19 23:17:54 UTC 2026","Sun Jul 19 23:18:24 UTC 2026","30095","HabitNuCoachPortalSuite","HabitNuCoachesPortalRegression-PartB","CoachesPortal.PatientDetails.PatientProfileDemographic","CoachesPortal.PatientDetails.PatientProfileDemographic","verifyConfirmed_By_CoachYes","test1 > Given I am logged in as coach, verifyConfirmed_By_Coach by clicking on Yes","test1 > Given I am logged in as coach, verifyConfirmed_By_Coach by clicking on Yes"
"passed","Sun Jul 19 23:52:07 UTC 2026","Sun Jul 19 23:52:07 UTC 2026","98","HabitNuCoachPortalSuite","Milestones","CoachesPortal.BPSMMilestone","CoachesPortal.BPSMMilestone","test4_navigating_milestone","And user is navigating to milestone",""
"passed","Sun Jul 19 23:33:59 UTC 2026","Sun Jul 19 23:34:01 UTC 2026","1602","HabitNuCoachPortalSuite","Paywal","CoachesPortal.payWall","CoachesPortal.payWall","testFilterTransactions","COP-T400: Validate all transaction filters",""
"passed","Sun Jul 19 23:46:42 UTC 2026","Sun Jul 19 23:46:42 UTC 2026","99","HabitNuCoachPortalSuite","LoginPageCases","CoachesPortal.LoginPageCases","CoachesPortal.LoginPageCases","case12","Coaches Portal Feedback URL -> Keep the feedback page empty -> Click on Submit Feedback",""
"passed","Sun Jul 19 22:53:54 UTC 2026","Sun Jul 19 22:53:54 UTC 2026","58","HabitNuCoachPortalSuite","HabitNuCoachesPortalRegression-PartA","CoachesPortal.LearnModule.CustomerAdminCourseDocument","CoachesPortal.LearnModule.CustomerAdminCourseDocument","verifyAllElementsInCourseDocuments_","Verify all Elements In CourseDocument",""
"broken","Sun Jul 19 23:16:16 UTC 2026","Sun Jul 19 23:16:46 UTC 2026","30081","HabitNuCoachPortalSuite","HabitNuCoachesPortalRegression-PartB","CoachesPortal.PatientDetails.PatientProfileDemographic","CoachesPortal.PatientDetails.PatientProfileDemographic","updateAndVerifyCallDetails","test1 > Given I am logged in as coach, updateAndVerifyCallDetails","test1 > Given I am logged in as coach, updateAndVerifyCallDetails"
"passed","Sun Jul 19 23:01:20 UTC 2026","Sun Jul 19 23:01:24 UTC 2026","4187","HabitNuCoachPortalSuite","HabitNuCoachesPortalRegression-PartB","CoachesPortal.OnsiteUsersListDashboard","CoachesPortal.OnsiteUsersListDashboard","case43","test1 > Given I am logged in as customerAdmin, disenroll user validation - on DISENROLL check","test1 > Given I am logged in as customerAdmin, disenroll user validation - on DISENROLL check"
"passed","Mon Jul 20 00:18:56 UTC 2026","Mon Jul 20 00:19:00 UTC 2026","4683","HabitNuCoachPortalSuite","DifferentTypeOfDashboards","CoachesPortal.CohortLevelDashboard.DSMEDashboardCoachesPortal","CoachesPortal.CohortLevelDashboard.DSMEDashboardCoachesPortal","test1_Navigating","Given user is navigating to coaches portal",""
"broken","Mon Jul 20 00:00:05 UTC 2026","Mon Jul 20 00:00:36 UTC 2026","30532","HabitNuCoachPortalSuite","UserDashboard","CoachesPortal.PatientDashboard","CoachesPortal.PatientDashboard","physicalActivityHistory","test5 > Given I am logged in as coach, wehn I am on adding steps from user Dashboard, Then I should be able to see added Steps on physicalActivityHistory graph","coach login - user/patient/partcipant dashboard validation"
"passed","Sun Jul 19 23:01:32 UTC 2026","Sun Jul 19 23:01:32 UTC 2026","218","HabitNuCoachPortalSuite","HabitNuCoachesPortalRegression-PartB","CoachesPortal.OnsiteUsersListDashboard","CoachesPortal.OnsiteUsersListDashboard","case49","test1 > Given I am logged in as customerAdmin, enroll user but click - YES","test1 > Given I am logged in as customerAdmin, enroll user but click - YES"
"passed","Sun Jul 19 23:51:25 UTC 2026","Sun Jul 19 23:51:28 UTC 2026","2182","HabitNuCoachPortalSuite","GeneralContent","CoachesPortal.generalContent_WEb_Coaches","CoachesPortal.generalContent_WEb_Coaches","RedirectToWeb","Redirecting To Web page",""
"failed","Mon Jul 20 00:13:22 UTC 2026","Mon Jul 20 00:13:27 UTC 2026","5422","HabitNuCoachPortalSuite","UserDashboard","CoachesPortal.PatientDashboard","CoachesPortal.PatientDashboard","patientWeeklyStatus_WEIGHTS","test2 > Given I am logged in as admin, wehn I am on adding weight from user Dashboard, Then I should be able to see added weight count==1 under patientWeeklyStatus_WEIGHTS","admin login - user/patient/partcipant dashboard validation"
"passed","Sun Jul 19 23:49:35 UTC 2026","Sun Jul 19 23:49:36 UTC 2026","918","HabitNuCoachPortalSuite","GroupDPPClassPlanner","CoachesPortal.ClassPlanner","CoachesPortal.ClassPlanner","case7","Create the TEXT cards under the list",""
"passed","Sun Jul 19 22:53:43 UTC 2026","Sun Jul 19 22:53:43 UTC 2026","157","HabitNuCoachPortalSuite","HabitNuCoachesPortalRegression-PartA","CoachesPortal.LearnModule.Learn","CoachesPortal.LearnModule.Learn","editByDisablingDeliveryMode","verify 'Please enable atleast one delivery mode.'",""
"failed","Mon Jul 20 00:13:46 UTC 2026","Mon Jul 20 00:13:46 UTC 2026","98","HabitNuCoachPortalSuite","UserDashboard","CoachesPortal.PatientDashboard","CoachesPortal.PatientDashboard","patientWeeklyStatus_GroupClasses","test10 > Given I am logged in as admin, when I am on adding groupInteraction from user Interaction tab, Then I should be able to see added interaction count==1 under patientWeeklyStatus_GroupClasses","admin login - user/patient/partcipant dashboard validation"
"passed","Sun Jul 19 22:53:53 UTC 2026","Sun Jul 19 22:53:53 UTC 2026","817","HabitNuCoachPortalSuite","HabitNuCoachesPortalRegression-PartA","CoachesPortal.LearnModule.CustomerAdminCourseDocument","CoachesPortal.LearnModule.CustomerAdminCourseDocument","verifyCustAdminCourseDocument","Verify Customer Admin Should have CourseDocument",""
"broken","Sun Jul 19 23:45:58 UTC 2026","Sun Jul 19 23:46:00 UTC 2026","1303","HabitNuCoachPortalSuite","LoginPageCases","CoachesPortal.LoginPageCases","CoachesPortal.LoginPageCases","testRestpasswordCase2","validate users be able to reset password, while doing so entering new password, but entering different one in confirm password",""
"passed","Sun Jul 19 23:10:42 UTC 2026","Sun Jul 19 23:10:51 UTC 2026","8598","HabitNuCoachPortalSuite","HabitNuCoachesPortalRegression-PartB","CoachesPortal.PatientDetails.PatientProfileDemographic","CoachesPortal.PatientDetails.PatientProfileDemographic","updateSexAtbirth","test1 > Given I am logged in as customer admin, Sex at Birth","test1 > Given I am logged in as customer admin, Sex at Birth"
"passed","Sun Jul 19 23:07:49 UTC 2026","Sun Jul 19 23:07:49 UTC 2026","25","HabitNuCoachPortalSuite","HabitNuCoachesPortalRegression-PartB","CoachesPortal.PatientDetails.PatientProfileDemographic","CoachesPortal.PatientDetails.PatientProfileDemographic","verifyScaleOrderDetails","test1 > Given I am logged in as customer admin, verifyScaleOrderDetails","test1 > Given I am logged in as customer admin, verifyScaleOrderDetails"
"broken","Sun Jul 19 23:45:37 UTC 2026","Sun Jul 19 23:45:58 UTC 2026","21522","HabitNuCoachPortalSuite","LoginPageCases","CoachesPortal.LoginPageCases","CoachesPortal.LoginPageCases","testRestpasswordCase1","validate users be able to reset password, while doing so entering passwords that matches with previous ones ",""
"broken","Sun Jul 19 23:17:03 UTC 2026","Sun Jul 19 23:17:38 UTC 2026","35208","HabitNuCoachPortalSuite","HabitNuCoachesPortalRegression-PartB","CoachesPortal.PatientDetails.PatientProfileDemographic","CoachesPortal.PatientDetails.PatientProfileDemographic","testSelectRememberingUnknown","test1 > Given I am logged in as coach, testSelectRememberingUnknown","test1 > Given I am logged in as coach, testSelectRememberingUnknown"
"broken","Sun Jul 19 22:58:15 UTC 2026","Sun Jul 19 22:58:36 UTC 2026","20412","HabitNuCoachPortalSuite","HabitNuCoachesPortalRegression-PartB","CoachesPortal.OnsiteUsersListDashboard","CoachesPortal.OnsiteUsersListDashboard","case17","test1 > Given I am logged in as coach, Enter call details from list section using headset button","test1 > Given I am logged in as coach, Enter call details from list section using headset button"
"broken","Mon Jul 20 00:07:13 UTC 2026","Mon Jul 20 00:08:16 UTC 2026","62480","HabitNuCoachPortalSuite","UserDashboard","CoachesPortal.PatientDashboard","CoachesPortal.PatientDashboard","Last_AFterMeal_Blood_Sugar","test21 > Given I am logged in as coach, wehn I am on Participants dashboard page, when I add bloodsugar AFTER-MEAL type, Then I should be able to see the added data on dashboard card==Last_AfterMeal_Blood_Sugar","coach login - clicking on scheduler should open the scheduler page in coaches portal"
"broken","Sun Jul 19 23:09:08 UTC 2026","Sun Jul 19 23:09:43 UTC 2026","35181","HabitNuCoachPortalSuite","HabitNuCoachesPortalRegression-PartB","CoachesPortal.PatientDetails.PatientProfileDemographic","CoachesPortal.PatientDetails.PatientProfileDemographic","testSelectRememberingUnknown","test1 > Given I am logged in as customer admin, testSelectRememberingUnknown","test1 > Given I am logged in as customer admin, testSelectRememberingUnknown"
"passed","Sun Jul 19 23:09:53 UTC 2026","Sun Jul 19 23:09:58 UTC 2026","5109","HabitNuCoachPortalSuite","HabitNuCoachesPortalRegression-PartB","CoachesPortal.PatientDetails.PatientProfileDemographic","CoachesPortal.PatientDetails.PatientProfileDemographic","testSelectEmotionalYes","test1 > Given I am logged in as customer admin, testSelectEmotionalYes","test1 > Given I am logged in as customer admin, testSelectEmotionalYes"
"passed","Sun Jul 19 23:10:34 UTC 2026","Sun Jul 19 23:10:42 UTC 2026","8117","HabitNuCoachPortalSuite","HabitNuCoachesPortalRegression-PartB","CoachesPortal.PatientDetails.PatientProfileDemographic","CoachesPortal.PatientDetails.PatientProfileDemographic","updatepreferred_name","test1 > Given I am logged in as customer admin, preferred_name","test1 > Given I am logged in as customer admin, preferred_name"
"passed","Sun Jul 19 22:48:58 UTC 2026","Sun Jul 19 22:49:02 UTC 2026","3989","HabitNuCoachPortalSuite","HabitNuCoachesPortalRegression-PartA","CoachesPortal.LearnModule.Learn","CoachesPortal.LearnModule.Learn","nocourseconfiguredfortheprogram","No course configured for the program.",""
"broken","Sun Jul 19 23:15:15 UTC 2026","Sun Jul 19 23:15:45 UTC 2026","30415","HabitNuCoachPortalSuite","HabitNuCoachesPortalRegression-PartB","CoachesPortal.PatientDetails.PatientProfileDemographic","CoachesPortal.PatientDetails.PatientProfileDemographic","verifyDisenrollmentDetails","test1 > Given I am logged in as coach, verifyDisenrollmentDetails","test1 > Given I am logged in as coach, verifyDisenrollmentDetails"
"passed","Sun Jul 19 22:54:07 UTC 2026","Sun Jul 19 22:54:09 UTC 2026","2635","HabitNuCoachPortalSuite","HabitNuCoachesPortalRegression-PartA","CoachesPortal.LearnModule.CustomerAdminCourseDocument","CoachesPortal.LearnModule.CustomerAdminCourseDocument","verifyLinkArchiveCancelAndConfirm","Link Archive Cancel And Confirm",""
"passed","Sun Jul 19 23:50:42 UTC 2026","Sun Jul 19 23:50:43 UTC 2026","1247","HabitNuCoachPortalSuite","GeneralContent","CoachesPortal.generalContent_WEb_Coaches","CoachesPortal.generalContent_WEb_Coaches","case4","Creating tags for Sleep",""
"passed","Sun Jul 19 23:17:54 UTC 2026","Sun Jul 19 23:17:54 UTC 2026","4","HabitNuCoachPortalSuite","HabitNuCoachesPortalRegression-PartB","CoachesPortal.PatientDetails.PatientProfileDemographic","CoachesPortal.PatientDetails.PatientProfileDemographic","updateSexAtbirth","test1 > Given I am logged in as coach, Sex at Birth","test1 > Given I am logged in as coach, Sex at Birth"
"passed","Mon Jul 20 00:15:07 UTC 2026","Mon Jul 20 00:15:11 UTC 2026","4336","HabitNuCoachPortalSuite","FeatureFlags","CoachesPortal.FeatureFlags","CoachesPortal.FeatureFlags","test1_navigatingcoach","Given user is navigating to coaches portal",""
"passed","Sun Jul 19 23:51:45 UTC 2026","Sun Jul 19 23:51:45 UTC 2026","21","HabitNuCoachPortalSuite","GeneralContent","CoachesPortal.generalContent_WEb_Coaches","CoachesPortal.generalContent_WEb_Coaches","Case13_verifyGroup","verifyGroup creation",""
"passed","Sun Jul 19 22:53:59 UTC 2026","Sun Jul 19 22:54:00 UTC 2026","1216","HabitNuCoachPortalSuite","HabitNuCoachesPortalRegression-PartA","CoachesPortal.LearnModule.CustomerAdminCourseDocument","CoachesPortal.LearnModule.CustomerAdminCourseDocument","verifyAddValidUrlRequired","Add Valid Url Required",""
"skipped","Sun Jul 19 23:35:15 UTC 2026","Sun Jul 19 23:35:15 UTC 2026","0","HabitNuCoachPortalSuite","Paywal","CoachesPortal.payWall","CoachesPortal.payWall","testProgramPlanReordering","COP-T420-T423: Verify reordering plans and validate persistence",""
"passed","Sun Jul 19 23:31:45 UTC 2026","Sun Jul 19 23:31:45 UTC 2026","4","HabitNuCoachPortalSuite","Scheduler","CoachesPortal.Schedular","CoachesPortal.Schedular","userYesToTheMeet","test1 > Given I am logged in as admin, verify user response to meet attendance - YES","test1 > Given I am logged in as admin, verify user response to meet attendance - YES"
"passed","Mon Jul 20 00:27:43 UTC 2026","Mon Jul 20 00:27:50 UTC 2026","6777","HabitNuCoachPortalSuite","DifferentTypeOfCohorts","CoachesPortal.liteCohorts","CoachesPortal.liteCohorts","case1","test1 > Given I am logged in as admin, I am validating Lite cohorts modules","test1 > Given I am logged in as admin, I am validating Lite cohorts modules, where cohort's Program type=NDPP, Delivery type=Online"
"passed","Sun Jul 19 23:46:42 UTC 2026","Sun Jul 19 23:46:42 UTC 2026","115","HabitNuCoachPortalSuite","LoginPageCases","CoachesPortal.LoginPageCases","CoachesPortal.LoginPageCases","case11","TC11- Click on Ask us",""
"broken","Mon Jul 20 00:02:11 UTC 2026","Mon Jul 20 00:02:11 UTC 2026","64","HabitNuCoachPortalSuite","UserDashboard","CoachesPortal.PatientDashboard","CoachesPortal.PatientDashboard","patientWeeklyStatus_CoachInteractions","test9 > Given I am logged in as coach, wehn I am on adding coachInteraction from user Interaction tab, Then I should be able to see added interaction count==1 under patientWeeklyStatus_CoachInteractions","coach login - user/patient/partcipant dashboard validation"
"passed","Sun Jul 19 23:50:09 UTC 2026","Sun Jul 19 23:50:11 UTC 2026","2185","HabitNuCoachPortalSuite","GroupDPPClassPlanner","CoachesPortal.ClassPlanner","CoachesPortal.ClassPlanner","case23","Login to coach portal -> select the cohort -> Class planner -> Activate class planner ",""
"broken","Sun Jul 19 22:55:52 UTC 2026","Sun Jul 19 22:56:12 UTC 2026","20283","HabitNuCoachPortalSuite","HabitNuCoachesPortalRegression-PartB","CoachesPortal.OnsiteUsersListDashboard","CoachesPortal.OnsiteUsersListDashboard","case4","test1 > Given I am logged in as coach, Seach user by name.","test1 > Given I am logged in as coach, Seach user by name."
"broken","Sun Jul 19 22:56:49 UTC 2026","Sun Jul 19 22:57:09 UTC 2026","20406","HabitNuCoachPortalSuite","HabitNuCoachesPortalRegression-PartB","CoachesPortal.OnsiteUsersListDashboard","CoachesPortal.OnsiteUsersListDashboard","case13","test1 > Given I am logged in as coach, Click on +, wait till all elements are displayed and then validate.","test1 > Given I am logged in as coach, Click on +, wait till all elements are displayed and then validate."
"passed","Sun Jul 19 23:50:24 UTC 2026","Sun Jul 19 23:50:26 UTC 2026","1866","HabitNuCoachPortalSuite","GroupDPPClassPlanner","CoachesPortal.ClassPlanner","CoachesPortal.ClassPlanner","case29","Login to coach portal -> select the cohort -> Class planner -> Click on Edit (pencil) button",""
"passed","Mon Jul 20 00:21:51 UTC 2026","Mon Jul 20 00:22:15 UTC 2026","23482","HabitNuCoachPortalSuite","DifferentTypeOfDashboards","CoachesPortal.CohortLevelDashboard.ParticipantsProgressTracker","CoachesPortal.CohortLevelDashboard.ParticipantsProgressTracker","test2_participants","And user is navigating to participants and create a new user.",""
"passed","Sun Jul 19 23:33:18 UTC 2026","Sun Jul 19 23:33:20 UTC 2026","2955","HabitNuCoachPortalSuite","Paywal","CoachesPortal.payWall","CoachesPortal.payWall","testSubscriptionPageLayoutAndContent","COP-T395: Verify Subscriptions page layout, filters, content, and pagination",""
"broken","Sun Jul 19 22:58:36 UTC 2026","Sun Jul 19 22:58:57 UTC 2026","21013","HabitNuCoachPortalSuite","HabitNuCoachesPortalRegression-PartB","CoachesPortal.OnsiteUsersListDashboard","CoachesPortal.OnsiteUsersListDashboard","case18","test1 > Given I am logged in as coach, Enter call details and then to profile section and check for the details saved.","test1 > Given I am logged in as coach, Enter call details and then to profile section and check for the details saved."
"passed","Sun Jul 19 23:31:45 UTC 2026","Sun Jul 19 23:31:45 UTC 2026","0","HabitNuCoachPortalSuite","Scheduler","CoachesPortal.Schedular","CoachesPortal.Schedular","validateInteractionEntries_Duration","test1 > Given I am logged in as admin, verify group interaction entries are made automatically when meet is attended for min of 1min > Validating field==Duration","test1 > Given I am logged in as admin, verify group interaction entries are made automatically when meet is attended for min of 1min > Validating field==Duration"
"broken","Mon Jul 20 00:13:47 UTC 2026","Mon Jul 20 00:13:47 UTC 2026","129","HabitNuCoachPortalSuite","UserDashboard","CoachesPortal.PatientDashboard","CoachesPortal.PatientDashboard","patientVWeeklyStatusVideo_when_partiallyWatched","test14 > Given I am logged in as admin, when I am on watching a video partally by logging into user app, Then I should be able to see watched Video count==0 under patientVWeeklyStatusVideo","admin login - user/patient/partcipant dashboard validation"
"broken","Mon Jul 20 00:02:11 UTC 2026","Mon Jul 20 00:03:11 UTC 2026","60497","HabitNuCoachPortalSuite","UserDashboard","CoachesPortal.PatientDashboard","CoachesPortal.PatientDashboard","patientWeeklyStatus_Meals","test11 > Given I am logged in as coach, when I am on adding Meal by logging into user app, Then I should be able to see added Meal count==1 under patientWeeklyStatus_Meals","coach login - user/patient/partcipant dashboard validation"
"passed","Sun Jul 19 23:34:01 UTC 2026","Sun Jul 19 23:34:03 UTC 2026","2090","HabitNuCoachPortalSuite","Paywal","CoachesPortal.payWall","CoachesPortal.payWall","testFilterTransactions","COP-T400: Validate all transaction filters",""
"broken","Sun Jul 19 23:38:58 UTC 2026","Sun Jul 19 23:39:28 UTC 2026","30085","HabitNuCoachPortalSuite","HabitNuCoachesPortalRegression-PartC","CoachesPortal.PatientDetails.PatientProfilePreAuth","CoachesPortal.PatientDetails.PatientProfilePreAuth","deletePerAuth","delete PreAuth for Ethylen",""
"passed","Sun Jul 19 22:54:17 UTC 2026","Sun Jul 19 22:54:18 UTC 2026","656","HabitNuCoachPortalSuite","HabitNuCoachesPortalRegression-PartA","CoachesPortal.LearnModule.CustomerAdminCourseDocument","CoachesPortal.LearnModule.CustomerAdminCourseDocument","verifyAddOnlyDiscriptionDocument","Add Only Discription And verify documentupload and title Required",""
"passed","Sun Jul 19 23:00:42 UTC 2026","Sun Jul 19 23:00:53 UTC 2026","10864","HabitNuCoachPortalSuite","HabitNuCoachesPortalRegression-PartB","CoachesPortal.OnsiteUsersListDashboard","CoachesPortal.OnsiteUsersListDashboard","case32","test1 > Given I am logged in as customerAdmin, validate userListSAVEerAdmin-Add Cohort for a user- Add scenario.","test1 > Given I am logged in as customerAdmin, validate userListSAVEerAdmin-Add Cohort for a user- Add scenario."
"broken","Sun Jul 19 23:52:16 UTC 2026","Sun Jul 19 23:52:40 UTC 2026","24337","HabitNuCoachPortalSuite","Milestones","CoachesPortal.BPSMMilestone","CoachesPortal.BPSMMilestone","test10_groupinteraction","And user is able to add group interaction with seminar name",""
"passed","Mon Jul 20 00:21:27 UTC 2026","Mon Jul 20 00:21:34 UTC 2026","6348","HabitNuCoachPortalSuite","DifferentTypeOfDashboards","CoachesPortal.CohortLevelDashboard.DSMEDashboardCoachesPortal","CoachesPortal.CohortLevelDashboard.DSMEDashboardCoachesPortal","test10_AddParticipants_danger_text_validations","And user is validating Add participants danger text validations",""
"failed","Sun Jul 19 23:33:40 UTC 2026","Sun Jul 19 23:33:43 UTC 2026","2469","HabitNuCoachPortalSuite","Paywal","CoachesPortal.payWall","CoachesPortal.payWall","testFilterSubscriptions","COP-T397–399: Validate subscription filters",""
"passed","Mon Jul 20 00:21:40 UTC 2026","Mon Jul 20 00:21:44 UTC 2026","4152","HabitNuCoachPortalSuite","DifferentTypeOfDashboards","CoachesPortal.CohortLevelDashboard.DSMEDashboardCoachesPortal","CoachesPortal.CohortLevelDashboard.DSMEDashboardCoachesPortal","test12_verifyBloodSugarByPatientsInOutcomesTab","Verify Blood Sugar by Patients Should be displayed under outcomes tab",""
"failed","Mon Jul 20 00:20:43 UTC 2026","Mon Jul 20 00:21:06 UTC 2026","22765","HabitNuCoachPortalSuite","DifferentTypeOfDashboards","CoachesPortal.CohortLevelDashboard.DSMEDashboardCoachesPortal","CoachesPortal.CohortLevelDashboard.DSMEDashboardCoachesPortal","test7_Active","And user is validating Nurture",""
"passed","Sun Jul 19 22:54:33 UTC 2026","Sun Jul 19 22:54:38 UTC 2026","4177","HabitNuCoachPortalSuite","HabitNuCoachesPortalRegression-PartA","CoachesPortal.LearnModule.CustomerAdminCourseDocument","CoachesPortal.LearnModule.CustomerAdminCourseDocument","verifyDocumentPublishCancelAndConfirm","Document Publish Cancel And Confirm",""
"failed","Sun Jul 19 23:33:10 UTC 2026","Sun Jul 19 23:33:11 UTC 2026","1095","HabitNuCoachPortalSuite","Paywal","CoachesPortal.payWall","CoachesPortal.payWall","testVerifySyncStatusIsDisplayedOnPlanDetails","COP-T391: Verify Sync Status is displayed on the Plan Details page",""
"broken","Sun Jul 19 23:42:31 UTC 2026","Sun Jul 19 23:42:51 UTC 2026","20367","HabitNuCoachPortalSuite","HabitNuCoachesPortalRegression-PartC","CoachesPortal.PatientDetails.PatientProfilePayerType","CoachesPortal.PatientDetails.PatientProfilePayerType","editPayerType","edit PayerType for Ethylen",""
"passed","Sun Jul 19 22:54:01 UTC 2026","Sun Jul 19 22:54:03 UTC 2026","1708","HabitNuCoachPortalSuite","HabitNuCoachesPortalRegression-PartA","CoachesPortal.LearnModule.CustomerAdminCourseDocument","CoachesPortal.LearnModule.CustomerAdminCourseDocument","verifyLinkEditAndClose","Link Edit and Close",""
"passed","Mon Jul 20 00:21:06 UTC 2026","Mon Jul 20 00:21:12 UTC 2026","6046","HabitNuCoachPortalSuite","DifferentTypeOfDashboards","CoachesPortal.CohortLevelDashboard.DSMEDashboardCoachesPortal","CoachesPortal.CohortLevelDashboard.DSMEDashboardCoachesPortal","test8_Complete","And user is validating Complete",""
"failed","Sun Jul 19 23:11:45 UTC 2026","Sun Jul 19 23:12:22 UTC 2026","36949","HabitNuCoachPortalSuite","HabitNuCoachesPortalRegression-PartB","CoachesPortal.PatientDetails.PatientProfileDemographic","CoachesPortal.PatientDetails.PatientProfileDemographic","deleteEthnicityAndRace","test1 > Given I am logged in as customer admin, Ethnicity and Race","test1 > Given I am logged in as customer admin, Ethnicity and Race"
"failed","Sun Jul 19 23:08:52 UTC 2026","Sun Jul 19 23:08:56 UTC 2026","3902","HabitNuCoachPortalSuite","HabitNuCoachesPortalRegression-PartB","CoachesPortal.PatientDetails.PatientProfileDemographic","CoachesPortal.PatientDetails.PatientProfileDemographic","updateAndVerifyCDCDetails","test1 > Given I am logged in as customer admin, updateAndVerifyCDCDetails","test1 > Given I am logged in as customer admin, updateAndVerifyCDCDetails"
"passed","Sun Jul 19 23:51:28 UTC 2026","Sun Jul 19 23:51:33 UTC 2026","5173","HabitNuCoachPortalSuite","GeneralContent","CoachesPortal.generalContent_WEb_Coaches","CoachesPortal.generalContent_WEb_Coaches","case10","Main Page",""
"passed","Sun Jul 19 23:52:06 UTC 2026","Sun Jul 19 23:52:07 UTC 2026","1040","HabitNuCoachPortalSuite","Milestones","CoachesPortal.BPSMMilestone","CoachesPortal.BPSMMilestone","test3_currentcohort_dashboard","And user is navigated to current cohort dashboard",""
"broken","Sun Jul 19 23:06:11 UTC 2026","Sun Jul 19 23:06:41 UTC 2026","30116","HabitNuCoachPortalSuite","HabitNuCoachesPortalRegression-PartB","CoachesPortal.PatientDetails.PatientProfileDemographic","CoachesPortal.PatientDetails.PatientProfileDemographic","editverifyProgramDetailsWithIsActive","test1 > Given I am logged in as customer admin, verify cancel and update buttons are present for program details","test1 > Given I am logged in as customer admin, verify cancel and update buttons are present for program details"
"skipped","Sun Jul 19 23:31:47 UTC 2026","Sun Jul 19 23:31:47 UTC 2026","0","HabitNuCoachPortalSuite","Scheduler","CoachesPortal.Schedular","CoachesPortal.Schedular","openAppoitmentCreateForm","openAppoitmentCreateForm",""
"passed","Sun Jul 19 22:54:00 UTC 2026","Sun Jul 19 22:54:01 UTC 2026","1279","HabitNuCoachPortalSuite","HabitNuCoachesPortalRegression-PartA","CoachesPortal.LearnModule.CustomerAdminCourseDocument","CoachesPortal.LearnModule.CustomerAdminCourseDocument","verifyLinkEditAndSave","Link Edit and Save",""
"passed","Sun Jul 19 23:08:56 UTC 2026","Sun Jul 19 23:08:56 UTC 2026","45","HabitNuCoachPortalSuite","HabitNuCoachesPortalRegression-PartB","CoachesPortal.PatientDetails.PatientProfileDemographic","CoachesPortal.PatientDetails.PatientProfileDemographic","verifyOtherdetails","test1 > Given I am logged in as customer admin, verifyOtherdetails","test1 > Given I am logged in as customer admin, verifyOtherdetails"
"broken","Sun Jul 19 23:21:09 UTC 2026","Sun Jul 19 23:21:40 UTC 2026","30547","HabitNuCoachPortalSuite","UserActivities","CoachesPortal.PatientDetails.UserActivitiesBloodPressure","CoachesPortal.PatientDetails.UserActivitiesBloodPressure","verifyCurrentAndYesterdayBPDataInCoachesPortal","Verify current and yesterday BPdata in coaches and webportal",""
"passed","Sun Jul 19 23:01:24 UTC 2026","Sun Jul 19 23:01:28 UTC 2026","3066","HabitNuCoachPortalSuite","HabitNuCoachesPortalRegression-PartB","CoachesPortal.OnsiteUsersListDashboard","CoachesPortal.OnsiteUsersListDashboard","case44","test1 > Given I am logged in as customerAdmin, validate disenrolled date on list page","test1 > Given I am logged in as customerAdmin, validate disenrolled date on list page"
"passed","Sun Jul 19 22:54:18 UTC 2026","Sun Jul 19 22:54:22 UTC 2026","4062","HabitNuCoachPortalSuite","HabitNuCoachesPortalRegression-PartA","CoachesPortal.LearnModule.CustomerAdminCourseDocument","CoachesPortal.LearnModule.CustomerAdminCourseDocument","verifyAddDocumentTitleRequired","Add Title Required",""
"passed","Sun Jul 19 23:47:29 UTC 2026","Sun Jul 19 23:47:41 UTC 2026","11729","HabitNuCoachPortalSuite","LogClassSession","CoachesPortal.LogClassSession","CoachesPortal.LogClassSession","verifyAddOnlyWeight","Verify error message=='Date is required' is displayed, when coach tries to save logclass session with only weight",""
