"Status","Start Time","Stop Time","Duration in ms","Parent Suite","Suite","Sub Suite","Test Class","Test Method","Name","Description"
"passed","Wed May 06 23:04:11 UTC 2026","Wed May 06 23:04:11 UTC 2026","9","HabitNuWebAppSuite","3. Nutrition and Recipes","WebAppSanityPackage.recipeBuilder","WebAppSanityPackage.recipeBuilder","verifyFavoriteRecipesByRecipeCal","verify favorite food list under Food > by Recipe Calories",""
"broken","Wed May 06 22:51:57 UTC 2026","Wed May 06 22:52:07 UTC 2026","10214","HabitNuWebAppSuite","3. Nutrition and Recipes","WebAppSanityPackage.foodGrouping","WebAppSanityPackage.foodGrouping","case20","Logging 'My Meal' from exsiting group",""
"passed","Wed May 06 23:32:25 UTC 2026","Wed May 06 23:32:25 UTC 2026","50","HabitNuWebAppSuite","4. Lifestyle and Social","WebAppSanityPackage.DiscussAppClass","WebAppSanityPackage.DiscussAppClass","case20","Click on - button of members ( it should go back )",""
"broken","Wed May 06 22:36:02 UTC 2026","Wed May 06 22:36:06 UTC 2026","4593","HabitNuWebAppSuite","2. Health Metrics","WebAppSanityPackage.WebAppHealth_WeightSection","WebAppSanityPackage.WebAppHealth_WeightSection","case8","Add data as blank",""
"broken","Wed May 06 22:26:26 UTC 2026","Wed May 06 22:26:36 UTC 2026","10226","HabitNuWebAppSuite","2. Health Metrics","WebAppSanityPackage.BloodPressure_Section","WebAppSanityPackage.BloodPressure_Section","case4_setNegativeSystolicTarget","[MAIN CARD] Verify Set Target validation error when entering negative systolic target value",""
"passed","Wed May 06 22:24:10 UTC 2026","Wed May 06 22:24:14 UTC 2026","4547","HabitNuWebAppSuite","1. Core and Authentication","WebAppSanityPackage.GuidedTour","WebAppSanityPackage.GuidedTour","test6_navigatingtourpage1","And user is navigating to first slide and refresh the tour page",""
"broken","Wed May 06 22:51:44 UTC 2026","Wed May 06 22:51:45 UTC 2026","1087","HabitNuWebAppSuite","3. Nutrition and Recipes","WebAppSanityPackage.foodGrouping","WebAppSanityPackage.foodGrouping","case8","add Meal to Dinner",""
"passed","Wed May 06 21:52:41 UTC 2026","Wed May 06 21:52:44 UTC 2026","2920","HabitNuWebAppSuite","1. Core and Authentication","WebAppSanityPackage.Login","WebAppSanityPackage.Login","testLoginWithInvalidPassword","Verify error for a valid email with an invalid password",""
"passed","Wed May 06 23:09:07 UTC 2026","Wed May 06 23:09:16 UTC 2026","8929","HabitNuWebAppSuite","3. Nutrition and Recipes","WebAppSanityPackage.Myrecipes","WebAppSanityPackage.Myrecipes","test18_searchrecipe","And user is able to search the recipe",""
"broken","Wed May 06 21:57:50 UTC 2026","Wed May 06 21:58:20 UTC 2026","30172","HabitNuWebAppSuite","1. Core and Authentication","WebAppSanityPackage.ProfileAppClass","WebAppSanityPackage.ProfileAppClass","setTimeZoneEasternAndSave","Select Timezone as 'Eastern' and save → should update successfully",""
"broken","Wed May 06 23:08:30 UTC 2026","Wed May 06 23:08:41 UTC 2026","10265","HabitNuWebAppSuite","3. Nutrition and Recipes","WebAppSanityPackage.Myrecipes","WebAppSanityPackage.Myrecipes","test10_validatetotalcalories","And user is able to validate total calories & Detailed nutrients",""
"broken","Wed May 06 22:35:49 UTC 2026","Wed May 06 22:35:50 UTC 2026","1125","HabitNuWebAppSuite","2. Health Metrics","WebAppSanityPackage.WebAppHealth_WeightSection","WebAppSanityPackage.WebAppHealth_WeightSection","case3","add yesterday's weight n it should show last added data",""
"broken","Wed May 06 22:07:00 UTC 2026","Wed May 06 22:07:30 UTC 2026","30239","HabitNuWebAppSuite","1. Core and Authentication","WebAppSanityPackage.ProfileAppClass","WebAppSanityPackage.ProfileAppClass","addValidHeightAndSave","Add valid Height and save",""
"broken","Wed May 06 22:23:19 UTC 2026","Wed May 06 22:23:20 UTC 2026","1091","HabitNuWebAppSuite","1. Core and Authentication","WebAppSanityPackage.ProfileAppClass","WebAppSanityPackage.ProfileAppClass","case91","Click on Profile Dropdown and validate List of options",""
"broken","Wed May 06 22:31:40 UTC 2026","Wed May 06 22:31:40 UTC 2026","12","HabitNuWebAppSuite","2. Health Metrics","WebAppSanityPackage.Sugar_Section","WebAppSanityPackage.Sugar_Section","editTargetButDoNotSave","edit target values and do click on 'x' mark and do not save",""
"broken","Wed May 06 22:40:02 UTC 2026","Wed May 06 22:40:12 UTC 2026","10239","HabitNuWebAppSuite","2. Health Metrics","WebAppSanityPackage.Medication","WebAppSanityPackage.Medication","case3","Adding Strength",""
"broken","Wed May 06 23:04:11 UTC 2026","Wed May 06 23:05:16 UTC 2026","65300","HabitNuWebAppSuite","3. Nutrition and Recipes","WebAppSanityPackage.recipeBuilder","WebAppSanityPackage.recipeBuilder","addRecipeToFavorites","Add recipe to favorites via three-dot menu",""
"broken","Wed May 06 22:58:53 UTC 2026","Wed May 06 22:58:54 UTC 2026","1073","HabitNuWebAppSuite","3. Nutrition and Recipes","WebAppSanityPackage.habiRecipe","WebAppSanityPackage.habiRecipe","case36_deletegeneratedRecipe","Selecting the Generated Recipe and delete it",""
"broken","Wed May 06 22:39:30 UTC 2026","Wed May 06 22:39:40 UTC 2026","10205","HabitNuWebAppSuite","2. Health Metrics","WebAppSanityPackage.Hba1c","WebAppSanityPackage.Hba1c","editTargetWithGreaterThan99","edit -  enter target more than 14 and assert messages",""
"broken","Wed May 06 23:31:23 UTC 2026","Wed May 06 23:31:33 UTC 2026","10222","HabitNuWebAppSuite","4. Lifestyle and Social","WebAppSanityPackage.DiscussAppClass","WebAppSanityPackage.DiscussAppClass","case11","Edit the post with subject line (should update the post)",""
"broken","Wed May 06 22:51:47 UTC 2026","Wed May 06 22:51:48 UTC 2026","1089","HabitNuWebAppSuite","3. Nutrition and Recipes","WebAppSanityPackage.foodGrouping","WebAppSanityPackage.foodGrouping","case12","Add food item to Breakfast section",""
"broken","Wed May 06 22:31:40 UTC 2026","Wed May 06 22:31:40 UTC 2026","14","HabitNuWebAppSuite","2. Health Metrics","WebAppSanityPackage.Sugar_Section","WebAppSanityPackage.Sugar_Section","editTargetWithNegatives","edit -  negative target values and assert messages",""
"broken","Wed May 06 22:38:08 UTC 2026","Wed May 06 22:38:18 UTC 2026","10205","HabitNuWebAppSuite","2. Health Metrics","WebAppSanityPackage.Hba1c","WebAppSanityPackage.Hba1c","setTarget","enter target values and do click on 'x' mark and do not save",""
"passed","Wed May 06 21:52:48 UTC 2026","Wed May 06 21:52:49 UTC 2026","833","HabitNuWebAppSuite","1. Core and Authentication","WebAppSanityPackage.Login","WebAppSanityPackage.Login","testLoginWithInvalidEmailFormat","Verify error for an invalid email format",""
"broken","Wed May 06 22:57:07 UTC 2026","Wed May 06 22:57:19 UTC 2026","12251","HabitNuWebAppSuite","3. Nutrition and Recipes","WebAppSanityPackage.habiRecipe","WebAppSanityPackage.habiRecipe","case20_LogMacronutrientRecipe","Selecting the  Generated Recipe of Macronutrient considerations and Logging It",""
"passed","Wed May 06 23:28:45 UTC 2026","Wed May 06 23:28:45 UTC 2026","80","HabitNuWebAppSuite","4. Lifestyle and Social","WebAppSanityPackage.ChatandNotificationsClass","WebAppSanityPackage.ChatandNotificationsClass","case7","Click on the Mark All as Read",""
"passed","Wed May 06 22:24:00 UTC 2026","Wed May 06 22:24:08 UTC 2026","8093","HabitNuWebAppSuite","1. Core and Authentication","WebAppSanityPackage.GuidedTour","WebAppSanityPackage.GuidedTour","test4_registrationfilling","When user is able to enter the details in registration form",""
"broken","Wed May 06 22:57:20 UTC 2026","Wed May 06 22:57:21 UTC 2026","1059","HabitNuWebAppSuite","3. Nutrition and Recipes","WebAppSanityPackage.habiRecipe","WebAppSanityPackage.habiRecipe","case21_SelectMacronutrientRecipeFromList","Selecting the Generated Recipe and Logging It",""
"broken","Wed May 06 21:56:42 UTC 2026","Wed May 06 21:56:42 UTC 2026","18","HabitNuWebAppSuite","1. Core and Authentication","WebAppSanityPackage.ProfileAppClass","WebAppSanityPackage.ProfileAppClass","editLastName","Edit first + last name and save → should reflect",""
"broken","Wed May 06 22:04:29 UTC 2026","Wed May 06 22:04:59 UTC 2026","30184","HabitNuWebAppSuite","1. Core and Authentication","WebAppSanityPackage.ProfileAppClass","WebAppSanityPackage.ProfileAppClass","keepZipcodevalidAndSaveforminus","Keep Zipcode with valid numbers and save → Should show validation error for missing '-' ",""
"broken","Wed May 06 22:48:39 UTC 2026","Wed May 06 22:48:39 UTC 2026","11","HabitNuWebAppSuite","2. Health Metrics","WebAppSanityPackage.TobaccoSection","WebAppSanityPackage.TobaccoSection","case6_setTargetMoreThan99","enter target more than 99 and assert messages",""
"passed","Wed May 06 21:57:45 UTC 2026","Wed May 06 21:57:50 UTC 2026","4140","HabitNuWebAppSuite","1. Core and Authentication","WebAppSanityPackage.ProfileAppClass","WebAppSanityPackage.ProfileAppClass","setDOBAndSave","Select DOB and save → Should update successfully",""
"passed","Wed May 06 22:59:06 UTC 2026","Wed May 06 22:59:07 UTC 2026","751","HabitNuWebAppSuite","3. Nutrition and Recipes","WebAppSanityPackage.recipeBuilder","WebAppSanityPackage.recipeBuilder","clickOnRecipeAndValidateRecipeFieldPage","Verify recipe page fields",""
"broken","Wed May 06 22:29:57 UTC 2026","Wed May 06 22:30:17 UTC 2026","20486","HabitNuWebAppSuite","2. Health Metrics","WebAppSanityPackage.Sugar_Section","WebAppSanityPackage.Sugar_Section","setTarget","enter target values and do click on 'x' mark and do not save",""
"broken","Wed May 06 22:42:48 UTC 2026","Wed May 06 22:42:59 UTC 2026","10317","HabitNuWebAppSuite","2. Health Metrics","WebAppSanityPackage.Medication","WebAppSanityPackage.Medication","case24","Coach- Users- Medication- Creating new Medications details like selecting Dosage",""
"broken","Wed May 06 22:35:01 UTC 2026","Wed May 06 22:35:12 UTC 2026","10223","HabitNuWebAppSuite","2. Health Metrics","WebAppSanityPackage.WebAppHealth_WeightSection","WebAppSanityPackage.WebAppHealth_WeightSection","setNegativeTarget","enter negative target values and assert messages",""
"broken","Wed May 06 22:34:25 UTC 2026","Wed May 06 22:34:36 UTC 2026","10537","HabitNuWebAppSuite","2. Health Metrics","WebAppSanityPackage.Sugar_Section","WebAppSanityPackage.Sugar_Section","case19","verify decimal data in Blood Sugar section After meal",""
"passed","Wed May 06 22:28:35 UTC 2026","Wed May 06 22:28:45 UTC 2026","10225","HabitNuWebAppSuite","2. Health Metrics","WebAppSanityPackage.BloodPressure_Section","WebAppSanityPackage.BloodPressure_Section","case17_verifyNoDataFor30DaysMessage","[MAIN CARD] Verify 'No data for last 30 days' message displays correctly in widget",""
"broken","Wed May 06 23:13:53 UTC 2026","Wed May 06 23:13:54 UTC 2026","1106","HabitNuWebAppSuite","4. Lifestyle and Social","WebAppSanityPackage.HabitsAppClass","WebAppSanityPackage.HabitsAppClass","case7","Single click on habit button and mark a red",""
"passed","Wed May 06 21:53:14 UTC 2026","Wed May 06 21:53:16 UTC 2026","1774","HabitNuWebAppSuite","1. Core and Authentication","WebAppSanityPackage.Login","WebAppSanityPackage.Login","testPasswordVisibilityToggle","Verify password visibility toggle",""
"broken","Wed May 06 23:16:11 UTC 2026","Wed May 06 23:16:12 UTC 2026","1103","HabitNuWebAppSuite","4. Lifestyle and Social","WebAppSanityPackage.HabitsAppClass","WebAppSanityPackage.HabitsAppClass","case11","Click on Calender and close it without making changes",""
"broken","Wed May 06 22:56:27 UTC 2026","Wed May 06 22:56:49 UTC 2026","22526","HabitNuWebAppSuite","3. Nutrition and Recipes","WebAppSanityPackage.habiRecipe","WebAppSanityPackage.habiRecipe","case16_LogDietTypeRecipe","Selecting the  Generated Recipe of diet type and Logging It",""
"passed","Wed May 06 22:24:47 UTC 2026","Wed May 06 22:24:49 UTC 2026","1675","HabitNuWebAppSuite","1. Core and Authentication","WebAppSanityPackage.GuidedTour","WebAppSanityPackage.GuidedTour","test19_maybelater","Then User is able to explore the guided tour after sometimes",""
"passed","Wed May 06 23:33:09 UTC 2026","Wed May 06 23:33:18 UTC 2026","8996","HabitNuWebAppSuite","4. Lifestyle and Social","WebAppSanityPackage.Weights_lbs_Kgs","WebAppSanityPackage.Weights_lbs_Kgs","case1","Set Targets with Unit Toggle and store selected unit",""
"broken","Wed May 06 22:18:01 UTC 2026","Wed May 06 22:18:36 UTC 2026","34264","HabitNuWebAppSuite","1. Core and Authentication","WebAppSanityPackage.ProfileAppClass","WebAppSanityPackage.ProfileAppClass","case70","Upload the name only and upload",""
"broken","Wed May 06 23:04:09 UTC 2026","Wed May 06 23:04:09 UTC 2026","18","HabitNuWebAppSuite","3. Nutrition and Recipes","WebAppSanityPackage.recipeBuilder","WebAppSanityPackage.recipeBuilder","logRecipe","verify 'View full' recipe button",""
"failed","Wed May 06 21:53:18 UTC 2026","Wed May 06 21:53:21 UTC 2026","3807","HabitNuWebAppSuite","1. Core and Authentication","WebAppSanityPackage.Login","WebAppSanityPackage.Login","testLoginWithValidOTP","Verify successful login using a valid OTP from email",""
"passed","Wed May 06 21:54:35 UTC 2026","Wed May 06 21:54:38 UTC 2026","2905","HabitNuWebAppSuite","1. Core and Authentication","WebAppSanityPackage.HomePage","WebAppSanityPackage.HomePage","testLearnOrVideosSection","Verify content of the Learn or Videos page",""
"broken","Wed May 06 22:36:20 UTC 2026","Wed May 06 22:36:21 UTC 2026","1092","HabitNuWebAppSuite","2. Health Metrics","WebAppSanityPackage.WebAppHealth_WeightSection","WebAppSanityPackage.WebAppHealth_WeightSection","graphcase2","Load web app -> Click on Health section -> Weight section -> click on three lines -> Click on graph -> click on filter as last month",""
"broken","Wed May 06 23:05:16 UTC 2026","Wed May 06 23:06:17 UTC 2026","60336","HabitNuWebAppSuite","3. Nutrition and Recipes","WebAppSanityPackage.recipeBuilder","WebAppSanityPackage.recipeBuilder","removeRecipeFromFavorites","Remove recipe from favorites via three-dot menu",""
"failed","Wed May 06 22:51:45 UTC 2026","Wed May 06 22:51:45 UTC 2026","1","HabitNuWebAppSuite","3. Nutrition and Recipes","WebAppSanityPackage.foodGrouping","WebAppSanityPackage.foodGrouping","case9","Verify the created group name in Food Group section and Log it In dinner",""
"broken","Wed May 06 22:02:58 UTC 2026","Wed May 06 22:02:58 UTC 2026","25","HabitNuWebAppSuite","1. Core and Authentication","WebAppSanityPackage.ProfileAppClass","WebAppSanityPackage.ProfileAppClass","editStateAndSave","Edit State to 'California' and save",""
"broken","Wed May 06 22:20:04 UTC 2026","Wed May 06 22:20:05 UTC 2026","1102","HabitNuWebAppSuite","1. Core and Authentication","WebAppSanityPackage.ProfileAppClass","WebAppSanityPackage.ProfileAppClass","case78","Click On change password section",""
"passed","Wed May 06 23:07:27 UTC 2026","Wed May 06 23:07:28 UTC 2026","1349","HabitNuWebAppSuite","3. Nutrition and Recipes","WebAppSanityPackage.Myrecipes","WebAppSanityPackage.Myrecipes","test2_clickonMyRecipes","When user Click on My Recipe",""
"broken","Wed May 06 23:08:20 UTC 2026","Wed May 06 23:08:30 UTC 2026","10244","HabitNuWebAppSuite","3. Nutrition and Recipes","WebAppSanityPackage.Myrecipes","WebAppSanityPackage.Myrecipes","test9_addcustomingredient","When user is able to add custom ingredient",""
"broken","Wed May 06 22:53:37 UTC 2026","Wed May 06 22:53:38 UTC 2026","1075","HabitNuWebAppSuite","3. Nutrition and Recipes","WebAppSanityPackage.waterLog","WebAppSanityPackage.waterLog","case15","710 ml Water Log",""
"passed","Wed May 06 21:54:52 UTC 2026","Wed May 06 21:54:54 UTC 2026","2301","HabitNuWebAppSuite","1. Core and Authentication","WebAppSanityPackage.HomePage","WebAppSanityPackage.HomePage","testSetTargetsSection","Verify 'Set Targets' page content and functionality",""
"failed","Wed May 06 23:35:23 UTC 2026","Wed May 06 23:35:23 UTC 2026","468","HabitNuWebAppSuite","4. Lifestyle and Social","WebAppSanityPackage.Weights_lbs_Kgs","WebAppSanityPackage.Weights_lbs_Kgs","case10","Health section weights match selected unit",""
"broken","Wed May 06 22:18:44 UTC 2026","Wed May 06 22:18:47 UTC 2026","3329","HabitNuWebAppSuite","1. Core and Authentication","WebAppSanityPackage.ProfileAppClass","WebAppSanityPackage.ProfileAppClass","case74","Upload the file, name and file type and cancel",""
"passed","Wed May 06 21:53:07 UTC 2026","Wed May 06 21:53:09 UTC 2026","2251","HabitNuWebAppSuite","1. Core and Authentication","WebAppSanityPackage.Login","WebAppSanityPackage.Login","testFieldValidationOnBlur","Verify field validations on blur",""
"broken","Wed May 06 23:24:10 UTC 2026","Wed May 06 23:25:13 UTC 2026","62690","HabitNuWebAppSuite","4. Lifestyle and Social","WebAppSanityPackage.HabitsAppClass","WebAppSanityPackage.HabitsAppClass","case23","Click on Edit and edit the habit",""
"broken","Wed May 06 23:30:41 UTC 2026","Wed May 06 23:30:54 UTC 2026","12785","HabitNuWebAppSuite","4. Lifestyle and Social","WebAppSanityPackage.DiscussAppClass","WebAppSanityPackage.DiscussAppClass","case7","Upload a message with description and add file (should upload the file)",""
"broken","Wed May 06 22:52:36 UTC 2026","Wed May 06 22:52:47 UTC 2026","10251","HabitNuWebAppSuite","3. Nutrition and Recipes","WebAppSanityPackage.waterLog","WebAppSanityPackage.waterLog","case3","16 oz Water Log",""
"broken","Wed May 06 23:16:12 UTC 2026","Wed May 06 23:16:15 UTC 2026","3096","HabitNuWebAppSuite","4. Lifestyle and Social","WebAppSanityPackage.HabitsAppClass","WebAppSanityPackage.HabitsAppClass","case12","Click on Archive and do not add the habit to archive",""
"broken","Wed May 06 23:10:44 UTC 2026","Wed May 06 23:10:45 UTC 2026","1110","HabitNuWebAppSuite","3. Nutrition and Recipes","WebAppSanityPackage.WebAppClass","WebAppSanityPackage.WebAppClass","case24","Custom food delete",""
"broken","Wed May 06 23:10:42 UTC 2026","Wed May 06 23:10:43 UTC 2026","1108","HabitNuWebAppSuite","3. Nutrition and Recipes","WebAppSanityPackage.WebAppClass","WebAppSanityPackage.WebAppClass","case23","Deleting the Food from Frequent section",""
"passed","Wed May 06 21:54:29 UTC 2026","Wed May 06 21:54:31 UTC 2026","1570","HabitNuWebAppSuite","1. Core and Authentication","WebAppSanityPackage.HomePage","WebAppSanityPackage.HomePage","testWelcomeMessageIsDisplayed","Verify the personalized welcome message is displayed",""
"broken","Wed May 06 21:55:40 UTC 2026","Wed May 06 21:55:53 UTC 2026","13885","HabitNuWebAppSuite","1. Core and Authentication","WebAppSanityPackage.HomePage","WebAppSanityPackage.HomePage","testWeightLossProgressCardAndValidation","Verify the progress bar updates correctly as wweights are added",""
"broken","Wed May 06 22:29:08 UTC 2026","Wed May 06 22:29:18 UTC 2026","10819","HabitNuWebAppSuite","2. Health Metrics","WebAppSanityPackage.BloodPressure_Section","WebAppSanityPackage.BloodPressure_Section","case21_verifyRequiredFieldValidation","[MODAL] Verify required field validation when submitting form with empty systolic and diastolic inputs",""
"passed","Wed May 06 23:28:45 UTC 2026","Wed May 06 23:28:56 UTC 2026","10731","HabitNuWebAppSuite","4. Lifestyle and Social","WebAppSanityPackage.ChatandNotificationsClass","WebAppSanityPackage.ChatandNotificationsClass","case8","Click on It’s time to update your habit tracker and it will take you to habit tracker",""
"broken","Wed May 06 22:23:20 UTC 2026","Wed May 06 22:23:50 UTC 2026","30192","HabitNuWebAppSuite","1. Core and Authentication","WebAppSanityPackage.ProfileAppClass","WebAppSanityPackage.ProfileAppClass","case92","Sign out and validate Terms of Use link visible",""
"broken","Wed May 06 23:10:00 UTC 2026","Wed May 06 23:10:11 UTC 2026","11352","HabitNuWebAppSuite","3. Nutrition and Recipes","WebAppSanityPackage.WebAppClass","WebAppSanityPackage.WebAppClass","case13","Click on View Food Log, Edit a Food Item, Change Date and Save",""
"broken","Wed May 06 21:57:14 UTC 2026","Wed May 06 21:57:45 UTC 2026","31104","HabitNuWebAppSuite","1. Core and Authentication","WebAppSanityPackage.ProfileAppClass","WebAppSanityPackage.ProfileAppClass","clearDOBAndSave","Clear DOB field and save → should save or ignore gracefully",""
"broken","Wed May 06 22:37:00 UTC 2026","Wed May 06 22:37:10 UTC 2026","10502","HabitNuWebAppSuite","2. Health Metrics","WebAppSanityPackage.Hba1c","WebAppSanityPackage.Hba1c","case4","verify added today data in hba1c section ",""
"passed","Wed May 06 21:52:46 UTC 2026","Wed May 06 21:52:47 UTC 2026","684","HabitNuWebAppSuite","1. Core and Authentication","WebAppSanityPackage.Login","WebAppSanityPackage.Login","testLoginWithEmptyCredentials","Verify validation errors for empty email and password fields",""
"broken","Wed May 06 22:57:37 UTC 2026","Wed May 06 22:57:50 UTC 2026","12250","HabitNuWebAppSuite","3. Nutrition and Recipes","WebAppSanityPackage.habiRecipe","WebAppSanityPackage.habiRecipe","case24_LogMicronutrientRecipe","Selecting the  Generated Recipe of Micronutrient considerations and Logging It",""
"passed","Wed May 06 22:48:51 UTC 2026","Wed May 06 22:48:56 UTC 2026","4645","HabitNuWebAppSuite","2. Health Metrics","WebAppSanityPackage.TobaccoSection","WebAppSanityPackage.TobaccoSection","case12","Click on Health tab and verify 'No data recorded yet' in Tobacco section",""
"broken","Wed May 06 22:15:44 UTC 2026","Wed May 06 22:16:18 UTC 2026","33840","HabitNuWebAppSuite","1. Core and Authentication","WebAppSanityPackage.ProfileAppClass","WebAppSanityPackage.ProfileAppClass","case66","Upload a file more than 15 MB",""
"broken","Wed May 06 22:49:18 UTC 2026","Wed May 06 22:49:19 UTC 2026","1095","HabitNuWebAppSuite","2. Health Metrics","WebAppSanityPackage.TobaccoSection","WebAppSanityPackage.TobaccoSection","case19","Click on tobacco , click on add new button and add tobacco for last month and and Total count of the day should be 0",""
"broken","Wed May 06 22:33:11 UTC 2026","Wed May 06 22:33:23 UTC 2026","11788","HabitNuWebAppSuite","2. Health Metrics","WebAppSanityPackage.Sugar_Section","WebAppSanityPackage.Sugar_Section","case11","verify added today data in Blood Sugar section as Before Meal",""
"broken","Wed May 06 23:09:02 UTC 2026","Wed May 06 23:09:04 UTC 2026","1108","HabitNuWebAppSuite","3. Nutrition and Recipes","WebAppSanityPackage.Myrecipes","WebAppSanityPackage.Myrecipes","test14_logrecipes","And user is able to log the recipes",""
"passed","Wed May 06 23:04:11 UTC 2026","Wed May 06 23:04:11 UTC 2026","101","HabitNuWebAppSuite","3. Nutrition and Recipes","WebAppSanityPackage.recipeBuilder","WebAppSanityPackage.recipeBuilder","verifyRemoveFavorites_from_recipeList_page","remove fav recipes from recipe list page",""
"broken","Wed May 06 22:26:15 UTC 2026","Wed May 06 22:26:26 UTC 2026","10245","HabitNuWebAppSuite","2. Health Metrics","WebAppSanityPackage.BloodPressure_Section","WebAppSanityPackage.BloodPressure_Section","case3_verifyPlaceholderText","[MAIN CARD] Verify Set Target modal placeholder text displays correctly for systolic and diastolic input fields",""
"broken","Wed May 06 23:09:55 UTC 2026","Wed May 06 23:09:56 UTC 2026","1064","HabitNuWebAppSuite","3. Nutrition and Recipes","WebAppSanityPackage.WebAppClass","WebAppSanityPackage.WebAppClass","case9","Click on View Food Log, and add food - Breakfast via all section",""
"broken","Wed May 06 23:32:25 UTC 2026","Wed May 06 23:32:26 UTC 2026","147","HabitNuWebAppSuite","4. Lifestyle and Social","WebAppSanityPackage.DiscussAppClass","WebAppSanityPackage.DiscussAppClass","case21","Click on my posts ( it should take to my post section)",""
"passed","Wed May 06 23:07:49 UTC 2026","Wed May 06 23:07:59 UTC 2026","10320","HabitNuWebAppSuite","3. Nutrition and Recipes","WebAppSanityPackage.Myrecipes","WebAppSanityPackage.Myrecipes","test5_enterrecipe","When user is able to enter the fields",""
"broken","Wed May 06 22:57:25 UTC 2026","Wed May 06 22:57:37 UTC 2026","12385","HabitNuWebAppSuite","3. Nutrition and Recipes","WebAppSanityPackage.habiRecipe","WebAppSanityPackage.habiRecipe","case23_GenerateRecipeForMicronutrients","Generate New Recipe for Micronutrient considerations",""
"passed","Wed May 06 21:54:32 UTC 2026","Wed May 06 21:54:35 UTC 2026","2945","HabitNuWebAppSuite","1. Core and Authentication","WebAppSanityPackage.HomePage","WebAppSanityPackage.HomePage","testFoodSection","Verify Food panel content and functionality",""
"broken","Wed May 06 22:09:02 UTC 2026","Wed May 06 22:09:32 UTC 2026","30281","HabitNuWebAppSuite","1. Core and Authentication","WebAppSanityPackage.ProfileAppClass","WebAppSanityPackage.ProfileAppClass","case46","Add Waist (in inches) as letters and save",""
"broken","Wed May 06 23:35:20 UTC 2026","Wed May 06 23:35:22 UTC 2026","1085","HabitNuWebAppSuite","4. Lifestyle and Social","WebAppSanityPackage.Weights_lbs_Kgs","WebAppSanityPackage.Weights_lbs_Kgs","case8","Set Targets with Unit Toggle and store selected unit",""
"passed","Wed May 06 21:54:31 UTC 2026","Wed May 06 21:54:31 UTC 2026","129","HabitNuWebAppSuite","1. Core and Authentication","WebAppSanityPackage.HomePage","WebAppSanityPackage.HomePage","testdiscussionHeaderElementsAreClickable","Verify all items in the 'Explore' section are visible and clickable in discussion Dropedown",""
"broken","Wed May 06 22:54:55 UTC 2026","Wed May 06 22:55:07 UTC 2026","12300","HabitNuWebAppSuite","3. Nutrition and Recipes","WebAppSanityPackage.habiRecipe","WebAppSanityPackage.habiRecipe","case7_GenerateRecipeForDietaryRestrictions","Generate New Recipe for Dietary restrictions",""
"broken","Wed May 06 22:51:52 UTC 2026","Wed May 06 22:51:53 UTC 2026","1094","HabitNuWebAppSuite","3. Nutrition and Recipes","WebAppSanityPackage.foodGrouping","WebAppSanityPackage.foodGrouping","case16","Create 'My Meal' from logged foods in BREAKFAST sections",""
"broken","Wed May 06 22:48:39 UTC 2026","Wed May 06 22:48:39 UTC 2026","22","HabitNuWebAppSuite","2. Health Metrics","WebAppSanityPackage.TobaccoSection","WebAppSanityPackage.TobaccoSection","case4_placeHolderOfTobaccoCountValueInputBox","verify placeholder - MAX ",""
"broken","Wed May 06 22:34:04 UTC 2026","Wed May 06 22:34:14 UTC 2026","10610","HabitNuWebAppSuite","2. Health Metrics","WebAppSanityPackage.Sugar_Section","WebAppSanityPackage.Sugar_Section","case17","verify blank data in Blood Sugar section Fasting",""
"passed","Wed May 06 21:59:21 UTC 2026","Wed May 06 21:59:21 UTC 2026","160","HabitNuWebAppSuite","1. Core and Authentication","WebAppSanityPackage.ProfileAppClass","WebAppSanityPackage.ProfileAppClass","openContactDetailsEdit","Click on Contact Details edit button → Should enter edit mode",""
"broken","Wed May 06 22:56:51 UTC 2026","Wed May 06 22:56:55 UTC 2026","4067","HabitNuWebAppSuite","3. Nutrition and Recipes","WebAppSanityPackage.habiRecipe","WebAppSanityPackage.habiRecipe","case18_SetMacronutrientPreferences","Macronutrient considerations",""
"broken","Wed May 06 22:42:38 UTC 2026","Wed May 06 22:42:48 UTC 2026","10350","HabitNuWebAppSuite","2. Health Metrics","WebAppSanityPackage.Medication","WebAppSanityPackage.Medication","case23","Creating new Medications details like selecting Type/Form.",""
"broken","Wed May 06 22:53:38 UTC 2026","Wed May 06 22:53:40 UTC 2026","1074","HabitNuWebAppSuite","3. Nutrition and Recipes","WebAppSanityPackage.waterLog","WebAppSanityPackage.waterLog","case16","946 ml Water Log",""
"broken","Wed May 06 21:59:52 UTC 2026","Wed May 06 21:59:53 UTC 2026","1189","HabitNuWebAppSuite","1. Core and Authentication","WebAppSanityPackage.ProfileAppClass","WebAppSanityPackage.ProfileAppClass","invalidAlphabetContactNumber","Add alphabets in contact number → Show invalid contact error",""
"passed","Wed May 06 23:32:25 UTC 2026","Wed May 06 23:32:25 UTC 2026","89","HabitNuWebAppSuite","4. Lifestyle and Social","WebAppSanityPackage.DiscussAppClass","WebAppSanityPackage.DiscussAppClass","case17","Click on + button of coaches ( it should list all coaches)",""
"broken","Wed May 06 23:04:09 UTC 2026","Wed May 06 23:04:09 UTC 2026","18","HabitNuWebAppSuite","3. Nutrition and Recipes","WebAppSanityPackage.recipeBuilder","WebAppSanityPackage.recipeBuilder","verifyLoggedRecipeUnderFood","verify logged recipe > under view food log",""
"broken","Wed May 06 22:49:31 UTC 2026","Wed May 06 22:49:51 UTC 2026","20475","HabitNuWebAppSuite","2. Health Metrics","WebAppSanityPackage.TobaccoSection","WebAppSanityPackage.TobaccoSection","case22","Click on tobacco , click on add new button and add tobacco for last month and and Total count of the day should be 0",""
"broken","Wed May 06 22:49:17 UTC 2026","Wed May 06 22:49:18 UTC 2026","1100","HabitNuWebAppSuite","2. Health Metrics","WebAppSanityPackage.TobaccoSection","WebAppSanityPackage.TobaccoSection","case18_graphCase6","Load web app -> Click on Health section -> Tobacco section ->>It should verify all the values added in graph",""
"broken","Wed May 06 23:10:46 UTC 2026","Wed May 06 23:10:56 UTC 2026","10231","HabitNuWebAppSuite","3. Nutrition and Recipes","WebAppSanityPackage.WebAppClass","WebAppSanityPackage.WebAppClass","case26","Collecting data from food section-Carbs",""
"broken","Wed May 06 22:36:21 UTC 2026","Wed May 06 22:36:22 UTC 2026","1090","HabitNuWebAppSuite","2. Health Metrics","WebAppSanityPackage.WebAppHealth_WeightSection","WebAppSanityPackage.WebAppHealth_WeightSection","graphcase3","Load web app -> Click on Health section -> Weight section -> click on three lines -> Click on graph -> click on filter as last year",""
"passed","Wed May 06 21:54:51 UTC 2026","Wed May 06 21:54:52 UTC 2026","925","HabitNuWebAppSuite","1. Core and Authentication","WebAppSanityPackage.HomePage","WebAppSanityPackage.HomePage","testWeightLossProgressSection","Verify Weight Loss Progress panel content and functionality from arrow",""
"broken","Wed May 06 22:14:40 UTC 2026","Wed May 06 22:15:11 UTC 2026","30121","HabitNuWebAppSuite","1. Core and Authentication","WebAppSanityPackage.ProfileAppClass","WebAppSanityPackage.ProfileAppClass","case64","Upload the file only and submit",""
"broken","Wed May 06 22:57:55 UTC 2026","Wed May 06 22:58:07 UTC 2026","12333","HabitNuWebAppSuite","3. Nutrition and Recipes","WebAppSanityPackage.habiRecipe","WebAppSanityPackage.habiRecipe","case27_GenerateRecipeForLocalFood","Generate New Recipe for Local food preferences",""
"passed","Wed May 06 23:04:11 UTC 2026","Wed May 06 23:04:11 UTC 2026","12","HabitNuWebAppSuite","3. Nutrition and Recipes","WebAppSanityPackage.recipeBuilder","WebAppSanityPackage.recipeBuilder","verifyFavoriteRecipesByRecipeName","verify favorite food list under Food> by Recipe Name",""
"broken","Wed May 06 22:29:48 UTC 2026","Wed May 06 22:29:57 UTC 2026","8729","HabitNuWebAppSuite","2. Health Metrics","WebAppSanityPackage.Sugar_Section","WebAppSanityPackage.Sugar_Section","noTargetSet","verify no target case",""
"passed","Wed May 06 22:24:16 UTC 2026","Wed May 06 22:24:17 UTC 2026","730","HabitNuWebAppSuite","1. Core and Authentication","WebAppSanityPackage.GuidedTour","WebAppSanityPackage.GuidedTour","test10_navigatingtourpage3","And user is navigating from second slide to third slide and validating",""
"broken","Wed May 06 22:31:40 UTC 2026","Wed May 06 22:31:40 UTC 2026","15","HabitNuWebAppSuite","2. Health Metrics","WebAppSanityPackage.Sugar_Section","WebAppSanityPackage.Sugar_Section","editTargetWithGreaterThan999","edit -  enter High target more than 999 and assert messages",""
"broken","Wed May 06 22:32:12 UTC 2026","Wed May 06 22:32:13 UTC 2026","1107","HabitNuWebAppSuite","2. Health Metrics","WebAppSanityPackage.Sugar_Section","WebAppSanityPackage.Sugar_Section","case4","Click on Blood Sugar , click on add new button and add Blood Sugar After Meal for current year current date ",""
"broken","Wed May 06 22:52:10 UTC 2026","Wed May 06 22:52:11 UTC 2026","1096","HabitNuWebAppSuite","3. Nutrition and Recipes","WebAppSanityPackage.foodGrouping","WebAppSanityPackage.foodGrouping","case24","Deleting a single item from 'My Meal' group",""
"passed","Wed May 06 22:42:08 UTC 2026","Wed May 06 22:42:09 UTC 2026","1103","HabitNuWebAppSuite","2. Health Metrics","WebAppSanityPackage.Medication","WebAppSanityPackage.Medication","case14","Weight loss medication Edit details on Log",""
"passed","Wed May 06 22:22:39 UTC 2026","Wed May 06 22:22:42 UTC 2026","2771","HabitNuWebAppSuite","1. Core and Authentication","WebAppSanityPackage.ProfileAppClass","WebAppSanityPackage.ProfileAppClass","case86","Change language to Spanish and verify UI text",""
"passed","Wed May 06 23:28:43 UTC 2026","Wed May 06 23:28:43 UTC 2026","111","HabitNuWebAppSuite","4. Lifestyle and Social","WebAppSanityPackage.ChatandNotificationsClass","WebAppSanityPackage.ChatandNotificationsClass","case5","Close the chatbox",""
"passed","Wed May 06 23:12:05 UTC 2026","Wed May 06 23:12:20 UTC 2026","14777","HabitNuWebAppSuite","4. Lifestyle and Social","WebAppSanityPackage.HabitsAppClass","WebAppSanityPackage.HabitsAppClass","case3","Click on backward arrowmark",""
"broken","Wed May 06 23:09:49 UTC 2026","Wed May 06 23:09:50 UTC 2026","1115","HabitNuWebAppSuite","3. Nutrition and Recipes","WebAppSanityPackage.WebAppClass","WebAppSanityPackage.WebAppClass","case3","Click on add food and add the food - Dinner",""
"broken","Wed May 06 22:18:36 UTC 2026","Wed May 06 22:18:40 UTC 2026","4135","HabitNuWebAppSuite","1. Core and Authentication","WebAppSanityPackage.ProfileAppClass","WebAppSanityPackage.ProfileAppClass","case72","Upload the file type and upload",""
"broken","Wed May 06 22:57:21 UTC 2026","Wed May 06 22:57:25 UTC 2026","4071","HabitNuWebAppSuite","3. Nutrition and Recipes","WebAppSanityPackage.habiRecipe","WebAppSanityPackage.habiRecipe","case22_SetMicronutrientPreferences","Micronutrient considerations",""
"broken","Wed May 06 22:47:31 UTC 2026","Wed May 06 22:47:43 UTC 2026","11879","HabitNuWebAppSuite","2. Health Metrics","WebAppSanityPackage.ExerciseSection","WebAppSanityPackage.ExerciseSection","case9","verify data should not be more than 100000 in exercise section",""
"broken","Wed May 06 22:00:27 UTC 2026","Wed May 06 22:00:57 UTC 2026","30135","HabitNuWebAppSuite","1. Core and Authentication","WebAppSanityPackage.ProfileAppClass","WebAppSanityPackage.ProfileAppClass","keepAddressLine2BlankAndSave","Keep Address line 2 as blank and save",""
"broken","Wed May 06 22:18:57 UTC 2026","Wed May 06 22:19:30 UTC 2026","33509","HabitNuWebAppSuite","1. Core and Authentication","WebAppSanityPackage.ProfileAppClass","WebAppSanityPackage.ProfileAppClass","case76","Click on delete file and accept it",""
"broken","Wed May 06 22:23:17 UTC 2026","Wed May 06 22:23:18 UTC 2026","1119","HabitNuWebAppSuite","1. Core and Authentication","WebAppSanityPackage.ProfileAppClass","WebAppSanityPackage.ProfileAppClass","testToggleNotifications","Toggle notifications On/Off and validate state change",""
"broken","Wed May 06 22:12:03 UTC 2026","Wed May 06 22:12:34 UTC 2026","30238","HabitNuWebAppSuite","1. Core and Authentication","WebAppSanityPackage.ProfileAppClass","WebAppSanityPackage.ProfileAppClass","case53","Select Activity level as valid reason and save",""
"broken","Wed May 06 23:14:05 UTC 2026","Wed May 06 23:15:08 UTC 2026","63556","HabitNuWebAppSuite","4. Lifestyle and Social","WebAppSanityPackage.HabitsAppClass","WebAppSanityPackage.HabitsAppClass","case9","Click on Edit and edit the habit",""
"passed","Wed May 06 23:29:07 UTC 2026","Wed May 06 23:29:17 UTC 2026","10724","HabitNuWebAppSuite","4. Lifestyle and Social","WebAppSanityPackage.ChatandNotificationsClass","WebAppSanityPackage.ChatandNotificationsClass","case10","Click on HabitNu: Welcome to a new week! Please step on your scale to record your weight 3 days this week!",""
"broken","Wed May 06 23:12:35 UTC 2026","Wed May 06 23:13:50 UTC 2026","75186","HabitNuWebAppSuite","4. Lifestyle and Social","WebAppSanityPackage.HabitsAppClass","WebAppSanityPackage.HabitsAppClass","case5","Click on Add button it should take to create the habit page and create the habit",""
"failed","Wed May 06 21:54:59 UTC 2026","Wed May 06 21:55:01 UTC 2026","2196","HabitNuWebAppSuite","1. Core and Authentication","WebAppSanityPackage.HomePage","WebAppSanityPackage.HomePage","testFitnessVideoPage","Verify the Fitness Videos Section content and functionality",""
"broken","Wed May 06 22:53:20 UTC 2026","Wed May 06 22:53:32 UTC 2026","12140","HabitNuWebAppSuite","3. Nutrition and Recipes","WebAppSanityPackage.waterLog","WebAppSanityPackage.waterLog","case9","Custom Water Log by Using + and - Buttons",""
"broken","Wed May 06 23:10:45 UTC 2026","Wed May 06 23:10:46 UTC 2026","1119","HabitNuWebAppSuite","3. Nutrition and Recipes","WebAppSanityPackage.WebAppClass","WebAppSanityPackage.WebAppClass","case25","Collecting data from food section",""
"broken","Wed May 06 22:27:58 UTC 2026","Wed May 06 22:28:09 UTC 2026","10235","HabitNuWebAppSuite","2. Health Metrics","WebAppSanityPackage.BloodPressure_Section","WebAppSanityPackage.BloodPressure_Section","case13_editsystolicTargetWithBlankValue","[MAIN CARD] Verify target edit validation error when clearing systolic field (blank/empty value)",""
"broken","Wed May 06 23:22:04 UTC 2026","Wed May 06 23:23:07 UTC 2026","62672","HabitNuWebAppSuite","4. Lifestyle and Social","WebAppSanityPackage.HabitsAppClass","WebAppSanityPackage.HabitsAppClass","case21","Single click on habit button and mark a red",""
"passed","Wed May 06 23:11:17 UTC 2026","Wed May 06 23:11:17 UTC 2026","12","HabitNuWebAppSuite","3. Nutrition and Recipes","WebAppSanityPackage.WebAppClass","WebAppSanityPackage.WebAppClass","Case_28check_the_link_in_log","Checking the nutritional details pop-up",""
"broken","Wed May 06 23:10:29 UTC 2026","Wed May 06 23:10:30 UTC 2026","1112","HabitNuWebAppSuite","3. Nutrition and Recipes","WebAppSanityPackage.WebAppClass","WebAppSanityPackage.WebAppClass","case21","Add/Edit food with decimal value (Should allow decimals)",""
"passed","Wed May 06 23:07:20 UTC 2026","Wed May 06 23:07:27 UTC 2026","7303","HabitNuWebAppSuite","3. Nutrition and Recipes","WebAppSanityPackage.Myrecipes","WebAppSanityPackage.Myrecipes","test1_clickrecipes","Given user click on Recipe",""
"broken","Wed May 06 22:45:46 UTC 2026","Wed May 06 22:45:56 UTC 2026","10220","HabitNuWebAppSuite","2. Health Metrics","WebAppSanityPackage.ExerciseSection","WebAppSanityPackage.ExerciseSection","editTargetButDoNotSave","edit target values and do click on 'x' mark and do not save",""
"passed","Wed May 06 21:56:01 UTC 2026","Wed May 06 21:56:01 UTC 2026","155","HabitNuWebAppSuite","1. Core and Authentication","WebAppSanityPackage.ProfileAppClass","WebAppSanityPackage.ProfileAppClass","openProfileDetails","Click on 'View profile details' → open profile page",""
"broken","Wed May 06 22:01:58 UTC 2026","Wed May 06 22:02:28 UTC 2026","30264","HabitNuWebAppSuite","1. Core and Authentication","WebAppSanityPackage.ProfileAppClass","WebAppSanityPackage.ProfileAppClass","editCityAndSave","Edit city to 'Los Angeles' and save → Should update successfully",""
"broken","Wed May 06 22:35:33 UTC 2026","Wed May 06 22:35:33 UTC 2026","11","HabitNuWebAppSuite","2. Health Metrics","WebAppSanityPackage.WebAppHealth_WeightSection","WebAppSanityPackage.WebAppHealth_WeightSection","editTargetWithGreaterThan99","edit -  enter target more than 999 and assert messages",""
"broken","Wed May 06 23:32:46 UTC 2026","Wed May 06 23:32:56 UTC 2026","10209","HabitNuWebAppSuite","4. Lifestyle and Social","WebAppSanityPackage.DiscussAppClass","WebAppSanityPackage.DiscussAppClass","case24","upload a message in my post",""
"broken","Wed May 06 22:14:05 UTC 2026","Wed May 06 22:14:06 UTC 2026","1102","HabitNuWebAppSuite","1. Core and Authentication","WebAppSanityPackage.ProfileAppClass","WebAppSanityPackage.ProfileAppClass","case61","Click on Devices button and it should take to device page",""
"broken","Wed May 06 22:15:11 UTC 2026","Wed May 06 22:15:44 UTC 2026","33716","HabitNuWebAppSuite","1. Core and Authentication","WebAppSanityPackage.ProfileAppClass","WebAppSanityPackage.ProfileAppClass","case65","Upload the name only and submit",""
"broken","Wed May 06 21:56:43 UTC 2026","Wed May 06 21:57:14 UTC 2026","31126","HabitNuWebAppSuite","1. Core and Authentication","WebAppSanityPackage.ProfileAppClass","WebAppSanityPackage.ProfileAppClass","selectGenderFemaleAndSave","Select Gender as Female and save → Should reflect in profile",""
"passed","Wed May 06 21:53:38 UTC 2026","Wed May 06 21:53:40 UTC 2026","1419","HabitNuWebAppSuite","1. Core and Authentication","WebAppSanityPackage.Login","WebAppSanityPackage.Login","testForgotPasswordFlow","Verify the 'Forgot Password' flow sends a reset link",""
"broken","Wed May 06 22:36:59 UTC 2026","Wed May 06 22:37:00 UTC 2026","1090","HabitNuWebAppSuite","2. Health Metrics","WebAppSanityPackage.Hba1c","WebAppSanityPackage.Hba1c","case3","Click on hba1c , click on add new button and add hba1c for last month and and Total count of the day should be 0",""
"broken","Wed May 06 21:59:53 UTC 2026","Wed May 06 21:59:54 UTC 2026","1140","HabitNuWebAppSuite","1. Core and Authentication","WebAppSanityPackage.ProfileAppClass","WebAppSanityPackage.ProfileAppClass","addInvalidShortPhoneNumber","Add numbers less than 10 digits → Should show error",""
"broken","Wed May 06 22:29:27 UTC 2026","Wed May 06 22:29:30 UTC 2026","3372","HabitNuWebAppSuite","2. Health Metrics","WebAppSanityPackage.BloodPressure_Section","WebAppSanityPackage.BloodPressure_Section","case25_verifyDiastolicMaxValueValidation","[MODAL] Verify diastolic field maximum value validation (max=200) with extremely large input",""
"broken","Wed May 06 23:30:18 UTC 2026","Wed May 06 23:30:28 UTC 2026","10352","HabitNuWebAppSuite","4. Lifestyle and Social","WebAppSanityPackage.DiscussAppClass","WebAppSanityPackage.DiscussAppClass","case5","Upload a message with subject, description, and file (should allow uploading)",""
"broken","Wed May 06 22:32:15 UTC 2026","Wed May 06 22:32:16 UTC 2026","1082","HabitNuWebAppSuite","2. Health Metrics","WebAppSanityPackage.Sugar_Section","WebAppSanityPackage.Sugar_Section","case6","Click on Blood Sugar , click on add new button and add Blood Sugar Before Meal for current  year , current date -1 ",""
"broken","Wed May 06 22:16:53 UTC 2026","Wed May 06 22:17:27 UTC 2026","33761","HabitNuWebAppSuite","1. Core and Authentication","WebAppSanityPackage.ProfileAppClass","WebAppSanityPackage.ProfileAppClass","case68","Upload file, name, and type and submit",""
"broken","Wed May 06 22:45:15 UTC 2026","Wed May 06 22:45:25 UTC 2026","10232","HabitNuWebAppSuite","2. Health Metrics","WebAppSanityPackage.ExerciseSection","WebAppSanityPackage.ExerciseSection","setTargetMoreThan99","enter target more than 1440 and assert messages",""
"broken","Wed May 06 23:20:31 UTC 2026","Wed May 06 23:21:02 UTC 2026","31089","HabitNuWebAppSuite","4. Lifestyle and Social","WebAppSanityPackage.HabitsAppClass","WebAppSanityPackage.HabitsAppClass","case19","Click on Add button it should take to create the habit page and create the habit using flexible days",""
"passed","Wed May 06 21:55:56 UTC 2026","Wed May 06 21:56:01 UTC 2026","5255","HabitNuWebAppSuite","1. Core and Authentication","WebAppSanityPackage.ProfileAppClass","WebAppSanityPackage.ProfileAppClass","openProfileDropdown","Click profile picture dropdown (should display dropdown options)",""
"passed","Wed May 06 23:11:44 UTC 2026","Wed May 06 23:11:50 UTC 2026","5893","HabitNuWebAppSuite","3. Nutrition and Recipes","WebAppSanityPackage.WebAppClass","WebAppSanityPackage.WebAppClass","Case31_add_food_check_in_coaches","User details in coaches-dashboard",""
"broken","Wed May 06 22:35:12 UTC 2026","Wed May 06 22:35:22 UTC 2026","10220","HabitNuWebAppSuite","2. Health Metrics","WebAppSanityPackage.WebAppHealth_WeightSection","WebAppSanityPackage.WebAppHealth_WeightSection","editTargetValid","edit Target - valid",""
"broken","Wed May 06 23:04:09 UTC 2026","Wed May 06 23:04:11 UTC 2026","1066","HabitNuWebAppSuite","3. Nutrition and Recipes","WebAppSanityPackage.recipeBuilder","WebAppSanityPackage.recipeBuilder","verifyFavoriteRecipesUnderFood","verify favorite food list under Food>Favorites",""
"passed","Wed May 06 21:52:54 UTC 2026","Wed May 06 21:52:56 UTC 2026","1870","HabitNuWebAppSuite","1. Core and Authentication","WebAppSanityPackage.Login","WebAppSanityPackage.Login","testLoginWithDeactivatedUser","Verify error for a disenrolled (deactivated) user",""
"broken","Wed May 06 22:51:49 UTC 2026","Wed May 06 22:51:50 UTC 2026","1088","HabitNuWebAppSuite","3. Nutrition and Recipes","WebAppSanityPackage.foodGrouping","WebAppSanityPackage.foodGrouping","case13","Add food item to Lunch section",""
"broken","Wed May 06 22:42:17 UTC 2026","Wed May 06 22:42:27 UTC 2026","10221","HabitNuWebAppSuite","2. Health Metrics","WebAppSanityPackage.Medication","WebAppSanityPackage.Medication","case21","Adding Strength",""
"broken","Wed May 06 22:28:45 UTC 2026","Wed May 06 22:28:56 UTC 2026","10905","HabitNuWebAppSuite","2. Health Metrics","WebAppSanityPackage.BloodPressure_Section","WebAppSanityPackage.BloodPressure_Section","case18_addCurrentDayBloodPressureReading","[MODAL] Add current day blood pressure reading via modal form and verify entry appears in history table",""
"broken","Wed May 06 22:33:25 UTC 2026","Wed May 06 22:33:26 UTC 2026","1562","HabitNuWebAppSuite","2. Health Metrics","WebAppSanityPackage.Sugar_Section","WebAppSanityPackage.Sugar_Section","case13","add yesterday's Blood Sugar n it should show last added data After Meal",""
"broken","Wed May 06 22:58:49 UTC 2026","Wed May 06 22:58:50 UTC 2026","1060","HabitNuWebAppSuite","3. Nutrition and Recipes","WebAppSanityPackage.habiRecipe","WebAppSanityPackage.habiRecipe","case34_SelectAllPreferencesRecipeFromList","Selecting the Generated Recipe and Logging It",""
"passed","Wed May 06 21:54:35 UTC 2026","Wed May 06 21:54:35 UTC 2026","304","HabitNuWebAppSuite","1. Core and Authentication","WebAppSanityPackage.HomePage","WebAppSanityPackage.HomePage","testHealthSection","Verify Health panel content and functionality",""
"broken","Wed May 06 23:07:59 UTC 2026","Wed May 06 23:08:10 UTC 2026","10232","HabitNuWebAppSuite","3. Nutrition and Recipes","WebAppSanityPackage.Myrecipes","WebAppSanityPackage.Myrecipes","test7_toastvalidation","And user is able to validate added ingredient toast message",""
"passed","Wed May 06 23:28:56 UTC 2026","Wed May 06 23:29:07 UTC 2026","10583","HabitNuWebAppSuite","4. Lifestyle and Social","WebAppSanityPackage.ChatandNotificationsClass","WebAppSanityPackage.ChatandNotificationsClass","case9","Click on HabitNu: Please step on your scale to achieve your weight tracking goal!",""
"broken","Wed May 06 22:29:40 UTC 2026","Wed May 06 22:29:44 UTC 2026","3369","HabitNuWebAppSuite","2. Health Metrics","WebAppSanityPackage.BloodPressure_Section","WebAppSanityPackage.BloodPressure_Section","case29_verifyDecimalValueValidationAndCleanup","[MODAL] Verify decimal value validation in form fields and cleanup test data using delete action buttons",""
"broken","Wed May 06 23:07:28 UTC 2026","Wed May 06 23:07:39 UTC 2026","10298","HabitNuWebAppSuite","3. Nutrition and Recipes","WebAppSanityPackage.Myrecipes","WebAppSanityPackage.Myrecipes","test3_NavigaetoMyRecipes","User is able to navigate to My Recipe page",""
"passed","Wed May 06 21:56:01 UTC 2026","Wed May 06 21:56:07 UTC 2026","6152","HabitNuWebAppSuite","1. Core and Authentication","WebAppSanityPackage.ProfileAppClass","WebAppSanityPackage.ProfileAppClass","uploadProfilePicture","Add profile picture → should upload",""
"broken","Wed May 06 22:48:15 UTC 2026","Wed May 06 22:48:39 UTC 2026","24371","HabitNuWebAppSuite","2. Health Metrics","WebAppSanityPackage.TobaccoSection","WebAppSanityPackage.TobaccoSection","Case1_noTargetSet","verify no target case",""
"passed","Wed May 06 22:24:18 UTC 2026","Wed May 06 22:24:19 UTC 2026","754","HabitNuWebAppSuite","1. Core and Authentication","WebAppSanityPackage.GuidedTour","WebAppSanityPackage.GuidedTour","test13_navigatingtourpage6","And user is navigating from fifth slide to sixth and validating",""
"broken","Wed May 06 22:53:19 UTC 2026","Wed May 06 22:53:20 UTC 2026","1075","HabitNuWebAppSuite","3. Nutrition and Recipes","WebAppSanityPackage.waterLog","WebAppSanityPackage.waterLog","case8","Custom again Water Log",""
"passed","Wed May 06 22:36:38 UTC 2026","Wed May 06 22:36:48 UTC 2026","10087","HabitNuWebAppSuite","2. Health Metrics","WebAppSanityPackage.Hba1c","WebAppSanityPackage.Hba1c","case1","Click on Health tab and verify 'No data recorded yet' in HbA1c section",""
"broken","Wed May 06 22:36:07 UTC 2026","Wed May 06 22:36:07 UTC 2026","13","HabitNuWebAppSuite","2. Health Metrics","WebAppSanityPackage.WebAppHealth_WeightSection","WebAppSanityPackage.WebAppHealth_WeightSection","case10","Add data as 1000 weight",""
"broken","Wed May 06 22:46:07 UTC 2026","Wed May 06 22:46:17 UTC 2026","10217","HabitNuWebAppSuite","2. Health Metrics","WebAppSanityPackage.ExerciseSection","WebAppSanityPackage.ExerciseSection","editTargetWithGreaterThan99","edit - enter target more than 1440 and assert messages",""
"passed","Wed May 06 23:28:39 UTC 2026","Wed May 06 23:28:43 UTC 2026","3601","HabitNuWebAppSuite","4. Lifestyle and Social","WebAppSanityPackage.ChatandNotificationsClass","WebAppSanityPackage.ChatandNotificationsClass","case4","Without typing the message click on enter",""
"broken","Wed May 06 22:51:54 UTC 2026","Wed May 06 22:51:55 UTC 2026","1095","HabitNuWebAppSuite","3. Nutrition and Recipes","WebAppSanityPackage.foodGrouping","WebAppSanityPackage.foodGrouping","case18","Create 'My Meal' from logged foods in DINNER sections",""
"broken","Wed May 06 22:07:31 UTC 2026","Wed May 06 22:08:01 UTC 2026","30269","HabitNuWebAppSuite","1. Core and Authentication","WebAppSanityPackage.ProfileAppClass","WebAppSanityPackage.ProfileAppClass","addWaistAsLettersAndValidate","Add Waist as letters → Should show validation error",""
"passed","Wed May 06 21:54:29 UTC 2026","Wed May 06 21:54:29 UTC 2026","72","HabitNuWebAppSuite","1. Core and Authentication","WebAppSanityPackage.HomePage","WebAppSanityPackage.HomePage","testNavigationBarLinksArePresent","Verify all main navigation links are present",""
"broken","Wed May 06 23:32:36 UTC 2026","Wed May 06 23:32:46 UTC 2026","10211","HabitNuWebAppSuite","4. Lifestyle and Social","WebAppSanityPackage.DiscussAppClass","WebAppSanityPackage.DiscussAppClass","case23","comment a message in my post",""
"broken","Wed May 06 23:26:19 UTC 2026","Wed May 06 23:27:22 UTC 2026","62691","HabitNuWebAppSuite","4. Lifestyle and Social","WebAppSanityPackage.HabitsAppClass","WebAppSanityPackage.HabitsAppClass","case28","Click on Activate and do not add the habit back",""
"failed","Wed May 06 23:07:59 UTC 2026","Wed May 06 23:07:59 UTC 2026","83","HabitNuWebAppSuite","3. Nutrition and Recipes","WebAppSanityPackage.Myrecipes","WebAppSanityPackage.Myrecipes","test6_createrecipe","And user is able to create my recipe",""
"broken","Wed May 06 22:48:51 UTC 2026","Wed May 06 22:48:51 UTC 2026","20","HabitNuWebAppSuite","2. Health Metrics","WebAppSanityPackage.TobaccoSection","WebAppSanityPackage.TobaccoSection","case10_editTargetWithNegatives","edit -  negative target values and assert messages",""
"broken","Wed May 06 22:56:14 UTC 2026","Wed May 06 22:56:27 UTC 2026","12355","HabitNuWebAppSuite","3. Nutrition and Recipes","WebAppSanityPackage.habiRecipe","WebAppSanityPackage.habiRecipe","case15_GenerateRecipeForDietType","Generate New Recipe for diet type",""
"broken","Wed May 06 22:58:07 UTC 2026","Wed May 06 22:58:20 UTC 2026","12261","HabitNuWebAppSuite","3. Nutrition and Recipes","WebAppSanityPackage.habiRecipe","WebAppSanityPackage.habiRecipe","case28_LogLocalFoodRecipe","Selecting the  Generated Recipe of Local food preferences and Logging It",""
"broken","Wed May 06 22:54:19 UTC 2026","Wed May 06 22:54:29 UTC 2026","10441","HabitNuWebAppSuite","3. Nutrition and Recipes","WebAppSanityPackage.habiRecipe","WebAppSanityPackage.habiRecipe","case3_GenerateNewRecipe","Generate Recipe",""
"broken","Wed May 06 22:40:23 UTC 2026","Wed May 06 22:40:33 UTC 2026","10383","HabitNuWebAppSuite","2. Health Metrics","WebAppSanityPackage.Medication","WebAppSanityPackage.Medication","case5","Creating new Medications details like selecting Type/Form.",""
"broken","Wed May 06 22:00:26 UTC 2026","Wed May 06 22:00:27 UTC 2026","1155","HabitNuWebAppSuite","1. Core and Authentication","WebAppSanityPackage.ProfileAppClass","WebAppSanityPackage.ProfileAppClass","editAddressLine1AndSave","Edit Address Line 1 and save → Should save successfully",""
"broken","Wed May 06 22:02:28 UTC 2026","Wed May 06 22:02:58 UTC 2026","30106","HabitNuWebAppSuite","1. Core and Authentication","WebAppSanityPackage.ProfileAppClass","WebAppSanityPackage.ProfileAppClass","keepStateBlankAndSave","Keep State as blank and save → Should show validation error",""
"broken","Wed May 06 22:12:34 UTC 2026","Wed May 06 22:13:04 UTC 2026","30250","HabitNuWebAppSuite","1. Core and Authentication","WebAppSanityPackage.ProfileAppClass","WebAppSanityPackage.ProfileAppClass","case55","Select My diabetes status as valid reason and save",""
"broken","Wed May 06 22:52:07 UTC 2026","Wed May 06 22:52:08 UTC 2026","1087","HabitNuWebAppSuite","3. Nutrition and Recipes","WebAppSanityPackage.foodGrouping","WebAppSanityPackage.foodGrouping","case21","editing 'My Meal' from exsiting group and adding Foods",""
"passed","Wed May 06 21:54:22 UTC 2026","Wed May 06 21:54:29 UTC 2026","6763","HabitNuWebAppSuite","1. Core and Authentication","WebAppSanityPackage.HomePage","WebAppSanityPackage.HomePage","testHeaderElementsAreVisible","Verify all header elements are visible",""
"broken","Wed May 06 22:47:48 UTC 2026","Wed May 06 22:48:00 UTC 2026","11833","HabitNuWebAppSuite","2. Health Metrics","WebAppSanityPackage.ExerciseSection","WebAppSanityPackage.ExerciseSection","case12","edit data in exercise section",""
"broken","Wed May 06 22:06:00 UTC 2026","Wed May 06 22:06:30 UTC 2026","30099","HabitNuWebAppSuite","1. Core and Authentication","WebAppSanityPackage.ProfileAppClass","WebAppSanityPackage.ProfileAppClass","validateContactDetailsFields","Validate presence and absence of fields in Contact Details section",""
"broken","Wed May 06 21:59:56 UTC 2026","Wed May 06 22:00:26 UTC 2026","30114","HabitNuWebAppSuite","1. Core and Authentication","WebAppSanityPackage.ProfileAppClass","WebAppSanityPackage.ProfileAppClass","keepAddressLine1Blank","Keep Address Line 1 blank and save → Should throw required field error (if validation present)",""
"broken","Wed May 06 22:48:39 UTC 2026","Wed May 06 22:48:39 UTC 2026","15","HabitNuWebAppSuite","2. Health Metrics","WebAppSanityPackage.TobaccoSection","WebAppSanityPackage.TobaccoSection","case2_setTarget","enter target values and do click on 'x' mark and do not save",""
"broken","Wed May 06 22:20:35 UTC 2026","Wed May 06 22:21:05 UTC 2026","30136","HabitNuWebAppSuite","1. Core and Authentication","WebAppSanityPackage.ProfileAppClass","WebAppSanityPackage.ProfileAppClass","case80","Enter current password only and click Change Password",""
"broken","Wed May 06 22:43:40 UTC 2026","Wed May 06 22:43:50 UTC 2026","10313","HabitNuWebAppSuite","2. Health Metrics","WebAppSanityPackage.Medication","WebAppSanityPackage.Medication","case28","Creating new Medications details like selecting add time (What time(s) do you want to take this medication?)",""
"broken","Wed May 06 22:58:20 UTC 2026","Wed May 06 22:58:21 UTC 2026","1076","HabitNuWebAppSuite","3. Nutrition and Recipes","WebAppSanityPackage.habiRecipe","WebAppSanityPackage.habiRecipe","case29_SelectLocalFoodRecipeFromList","Selecting the Generated Recipe and Logging It",""
"passed","Wed May 06 22:43:53 UTC 2026","Wed May 06 22:43:55 UTC 2026","1123","HabitNuWebAppSuite","2. Health Metrics","WebAppSanityPackage.Medication","WebAppSanityPackage.Medication","case33","Weight loss medication Skipped and taken",""
"skipped","Wed May 06 21:53:59 UTC 2026","Wed May 06 21:53:59 UTC 2026","0","HabitNuWebAppSuite","1. Core and Authentication","WebAppSanityPackage.Login","WebAppSanityPackage.Login","testReusePasswordResetLink","Verify reusing same password reset link shows error (T-24)",""
"passed","Wed May 06 22:24:46 UTC 2026","Wed May 06 22:24:46 UTC 2026","26","HabitNuWebAppSuite","1. Core and Authentication","WebAppSanityPackage.GuidedTour","WebAppSanityPackage.GuidedTour","test17_homepage","Then user is navigating to home page once the tour is done",""
"broken","Wed May 06 22:25:11 UTC 2026","Wed May 06 22:25:22 UTC 2026","10296","HabitNuWebAppSuite","1. Core and Authentication","WebAppSanityPackage.generalContentWEB","WebAppSanityPackage.generalContentWEB","case3","Verify Fitness Videos Details Consistency",""
"broken","Wed May 06 22:09:32 UTC 2026","Wed May 06 22:10:02 UTC 2026","30214","HabitNuWebAppSuite","1. Core and Authentication","WebAppSanityPackage.ProfileAppClass","WebAppSanityPackage.ProfileAppClass","case47","Add Waist (in inches) as valid number and save",""
"broken","Wed May 06 23:15:08 UTC 2026","Wed May 06 23:16:11 UTC 2026","62709","HabitNuWebAppSuite","4. Lifestyle and Social","WebAppSanityPackage.HabitsAppClass","WebAppSanityPackage.HabitsAppClass","case10","Click on Calender and edit  and save the details",""
"passed","Wed May 06 22:24:51 UTC 2026","Wed May 06 22:24:58 UTC 2026","6915","HabitNuWebAppSuite","1. Core and Authentication","WebAppSanityPackage.generalContentWEB","WebAppSanityPackage.generalContentWEB","case1","Main Page",""
"passed","Wed May 06 22:31:40 UTC 2026","Wed May 06 22:31:52 UTC 2026","12237","HabitNuWebAppSuite","2. Health Metrics","WebAppSanityPackage.Sugar_Section","WebAppSanityPackage.Sugar_Section","case1","Click on health tab and verify no data recorded yet in Blood Sugar section",""
"failed","Wed May 06 22:46:33 UTC 2026","Wed May 06 22:46:44 UTC 2026","11368","HabitNuWebAppSuite","2. Health Metrics","WebAppSanityPackage.ExerciseSection","WebAppSanityPackage.ExerciseSection","case3","Verify No data added for last 30 days",""
"broken","Wed May 06 22:51:25 UTC 2026","Wed May 06 22:51:40 UTC 2026","15288","HabitNuWebAppSuite","3. Nutrition and Recipes","WebAppSanityPackage.foodGrouping","WebAppSanityPackage.foodGrouping","case1","Main Page Navigation",""
"broken","Wed May 06 22:33:37 UTC 2026","Wed May 06 22:33:49 UTC 2026","11187","HabitNuWebAppSuite","2. Health Metrics","WebAppSanityPackage.Sugar_Section","WebAppSanityPackage.Sugar_Section","case15","verify last added monthly and yesterday's data in details page in Blood Sugar section",""
"broken","Wed May 06 22:48:39 UTC 2026","Wed May 06 22:48:39 UTC 2026","13","HabitNuWebAppSuite","2. Health Metrics","WebAppSanityPackage.TobaccoSection","WebAppSanityPackage.TobaccoSection","case5_setNegativeTarget","enter negative target values and assert messages",""
"broken","Wed May 06 22:45:05 UTC 2026","Wed May 06 22:45:15 UTC 2026","10229","HabitNuWebAppSuite","2. Health Metrics","WebAppSanityPackage.ExerciseSection","WebAppSanityPackage.ExerciseSection","setNegativeTarget","enter negative target values and assert messages",""
"passed","Wed May 06 23:32:25 UTC 2026","Wed May 06 23:32:25 UTC 2026","54","HabitNuWebAppSuite","4. Lifestyle and Social","WebAppSanityPackage.DiscussAppClass","WebAppSanityPackage.DiscussAppClass","case18","Click on - button of coaches ( it should go back )",""
"broken","Wed May 06 22:49:19 UTC 2026","Wed May 06 22:49:20 UTC 2026","1085","HabitNuWebAppSuite","2. Health Metrics","WebAppSanityPackage.TobaccoSection","WebAppSanityPackage.TobaccoSection","case20_case51e","verify added today data in tobacco section ",""
"broken","Wed May 06 22:42:10 UTC 2026","Wed May 06 22:42:11 UTC 2026","1101","HabitNuWebAppSuite","2. Health Metrics","WebAppSanityPackage.Medication","WebAppSanityPackage.Medication","Case16verifyAddNewMedicationElements","TC: Verify the elements of Add New Medication popup",""
"passed","Wed May 06 22:24:08 UTC 2026","Wed May 06 22:24:10 UTC 2026","1670","HabitNuWebAppSuite","1. Core and Authentication","WebAppSanityPackage.GuidedTour","WebAppSanityPackage.GuidedTour","test5_navigatingguidedtour","And user is navigating to Habi page by clicking Finish button",""
"broken","Wed May 06 22:27:07 UTC 2026","Wed May 06 22:27:17 UTC 2026","10224","HabitNuWebAppSuite","2. Health Metrics","WebAppSanityPackage.BloodPressure_Section","WebAppSanityPackage.BloodPressure_Section","case8_setValidTarget","[MAIN CARD] Verify successful setting of valid blood pressure target values via Set Target button",""
"broken","Wed May 06 23:10:56 UTC 2026","Wed May 06 23:11:17 UTC 2026","20444","HabitNuWebAppSuite","3. Nutrition and Recipes","WebAppSanityPackage.WebAppClass","WebAppSanityPackage.WebAppClass","case27","Validating data from View Food Log section",""
"broken","Wed May 06 21:56:42 UTC 2026","Wed May 06 21:56:42 UTC 2026","15","HabitNuWebAppSuite","1. Core and Authentication","WebAppSanityPackage.ProfileAppClass","WebAppSanityPackage.ProfileAppClass","clearGenderAndSave","Clear gender and save → should save or skip validation",""
"passed","Wed May 06 22:24:19 UTC 2026","Wed May 06 22:24:32 UTC 2026","12426","HabitNuWebAppSuite","1. Core and Authentication","WebAppSanityPackage.GuidedTour","WebAppSanityPackage.GuidedTour","test15_backbutton","And User is navigating from last slide to first slide by clicking back button",""
"broken","Wed May 06 23:32:57 UTC 2026","Wed May 06 23:33:07 UTC 2026","10239","HabitNuWebAppSuite","4. Lifestyle and Social","WebAppSanityPackage.DiscussAppClass","WebAppSanityPackage.DiscussAppClass","case25","edit a message in my post",""
"broken","Wed May 06 22:37:53 UTC 2026","Wed May 06 22:37:56 UTC 2026","3253","HabitNuWebAppSuite","2. Health Metrics","WebAppSanityPackage.Hba1c","WebAppSanityPackage.Hba1c","case12","verify deleting of hba1c datas",""
"broken","Wed May 06 23:23:07 UTC 2026","Wed May 06 23:24:10 UTC 2026","62656","HabitNuWebAppSuite","4. Lifestyle and Social","WebAppSanityPackage.HabitsAppClass","WebAppSanityPackage.HabitsAppClass","case22","double click on habit button and it should open the pop up",""
"broken","Wed May 06 22:42:14 UTC 2026","Wed May 06 22:42:17 UTC 2026","3100","HabitNuWebAppSuite","2. Health Metrics","WebAppSanityPackage.Medication","WebAppSanityPackage.Medication","case20","Creating new Medications details like selecting",""
"broken","Wed May 06 22:29:18 UTC 2026","Wed May 06 22:29:20 UTC 2026","1180","HabitNuWebAppSuite","2. Health Metrics","WebAppSanityPackage.BloodPressure_Section","WebAppSanityPackage.BloodPressure_Section","case22_verifyNegativeSystolicValidation","[MODAL] Verify form validation when entering negative value in systolic field (min=0 validation) and leaving diastolic field blank",""
"broken","Wed May 06 23:07:39 UTC 2026","Wed May 06 23:07:49 UTC 2026","10248","HabitNuWebAppSuite","3. Nutrition and Recipes","WebAppSanityPackage.Myrecipes","WebAppSanityPackage.Myrecipes","test4_fieldsvalidations","Then user is validating the fields in my recipe",""
"passed","Wed May 06 21:55:01 UTC 2026","Wed May 06 21:55:01 UTC 2026","313","HabitNuWebAppSuite","1. Core and Authentication","WebAppSanityPackage.HomePage","WebAppSanityPackage.HomePage","testMedicationPageLayout","Verify the Medication Log page layout and functionality",""
"broken","Wed May 06 22:57:51 UTC 2026","Wed May 06 22:57:55 UTC 2026","4058","HabitNuWebAppSuite","3. Nutrition and Recipes","WebAppSanityPackage.habiRecipe","WebAppSanityPackage.habiRecipe","case26_SetLocalFoodPreferences","Local food preferences",""
"passed","Wed May 06 21:54:31 UTC 2026","Wed May 06 21:54:31 UTC 2026","131","HabitNuWebAppSuite","1. Core and Authentication","WebAppSanityPackage.HomePage","WebAppSanityPackage.HomePage","testThisWeekProgressCards","Verify 'This Week' progress cards are displayed with correct data",""
"failed","Wed May 06 22:51:46 UTC 2026","Wed May 06 22:51:47 UTC 2026","1000","HabitNuWebAppSuite","3. Nutrition and Recipes","WebAppSanityPackage.foodGrouping","WebAppSanityPackage.foodGrouping","case11","Verify the created group name in Food Group section and Log it In snacks",""
"broken","Wed May 06 22:49:08 UTC 2026","Wed May 06 22:49:09 UTC 2026","1103","HabitNuWebAppSuite","2. Health Metrics","WebAppSanityPackage.TobaccoSection","WebAppSanityPackage.TobaccoSection","case14","verify added today data in tobacco section ",""
"broken","Wed May 06 22:58:21 UTC 2026","Wed May 06 22:58:22 UTC 2026","1062","HabitNuWebAppSuite","3. Nutrition and Recipes","WebAppSanityPackage.habiRecipe","WebAppSanityPackage.habiRecipe","case30_DeleteRecentlyGeneratedRecipes","Delete Recently Generated Recipes",""
"broken","Wed May 06 21:55:22 UTC 2026","Wed May 06 21:55:32 UTC 2026","10312","HabitNuWebAppSuite","1. Core and Authentication","WebAppSanityPackage.HomePage","WebAppSanityPackage.HomePage","deleteFoodLogsForPreviousDays","Delete all food logs for the current week (Monday-based)",""
"broken","Wed May 06 22:37:21 UTC 2026","Wed May 06 22:37:22 UTC 2026","1089","HabitNuWebAppSuite","2. Health Metrics","WebAppSanityPackage.Hba1c","WebAppSanityPackage.Hba1c","case6","Verify last added monthly and yesterday's data in details page in Hba1c section",""
"broken","Wed May 06 22:33:23 UTC 2026","Wed May 06 22:33:25 UTC 2026","2156","HabitNuWebAppSuite","2. Health Metrics","WebAppSanityPackage.Sugar_Section","WebAppSanityPackage.Sugar_Section","case12","add yesterday's Blood Sugar n it should show last added data Fasting",""
"broken","Wed May 06 22:35:22 UTC 2026","Wed May 06 22:35:32 UTC 2026","10217","HabitNuWebAppSuite","2. Health Metrics","WebAppSanityPackage.WebAppHealth_WeightSection","WebAppSanityPackage.WebAppHealth_WeightSection","editTargetButDoNotSave","edit target values and do click on 'x' mark and do not save",""
"broken","Wed May 06 22:47:30 UTC 2026","Wed May 06 22:47:31 UTC 2026","1100","HabitNuWebAppSuite","2. Health Metrics","WebAppSanityPackage.ExerciseSection","WebAppSanityPackage.ExerciseSection","case8","verify negative data in exercise section",""
"broken","Wed May 06 22:48:39 UTC 2026","Wed May 06 22:48:39 UTC 2026","17","HabitNuWebAppSuite","2. Health Metrics","WebAppSanityPackage.TobaccoSection","WebAppSanityPackage.TobaccoSection","case3_ditTargetWithBlankValue","edit -  tobacco cannot be blank",""
"broken","Wed May 06 23:31:54 UTC 2026","Wed May 06 23:32:04 UTC 2026","10208","HabitNuWebAppSuite","4. Lifestyle and Social","WebAppSanityPackage.DiscussAppClass","WebAppSanityPackage.DiscussAppClass","case14","Edit the post message and then cancel it ( It should not edit the post)",""
"failed","Wed May 06 22:51:44 UTC 2026","Wed May 06 22:51:44 UTC 2026","2","HabitNuWebAppSuite","3. Nutrition and Recipes","WebAppSanityPackage.foodGrouping","WebAppSanityPackage.foodGrouping","case7","Verify the created group name in Food Group section and Log it In Lunch",""
"failed","Wed May 06 22:51:43 UTC 2026","Wed May 06 22:51:43 UTC 2026","0","HabitNuWebAppSuite","3. Nutrition and Recipes","WebAppSanityPackage.foodGrouping","WebAppSanityPackage.foodGrouping","case5","Verify the created group name in Food Group section and Log it",""
"broken","Wed May 06 22:53:53 UTC 2026","Wed May 06 22:54:19 UTC 2026","25496","HabitNuWebAppSuite","3. Nutrition and Recipes","WebAppSanityPackage.habiRecipe","WebAppSanityPackage.habiRecipe","case2_ValidateRecipePageAndGenerationFlows","Case 2 & 3: Validate Recipe Page and Generation Flows",""
"broken","Wed May 06 22:51:51 UTC 2026","Wed May 06 22:51:52 UTC 2026","1094","HabitNuWebAppSuite","3. Nutrition and Recipes","WebAppSanityPackage.foodGrouping","WebAppSanityPackage.foodGrouping","case15","Add food item to Snacks section",""
"broken","Wed May 06 22:11:03 UTC 2026","Wed May 06 22:11:33 UTC 2026","30252","HabitNuWebAppSuite","1. Core and Authentication","WebAppSanityPackage.ProfileAppClass","WebAppSanityPackage.ProfileAppClass","case50","Add Hips (in inches) as letters and save",""
"broken","Wed May 06 22:29:30 UTC 2026","Wed May 06 22:29:33 UTC 2026","3295","HabitNuWebAppSuite","2. Health Metrics","WebAppSanityPackage.BloodPressure_Section","WebAppSanityPackage.BloodPressure_Section","case26_verifyNegativeSystolicInputValidation","[MODAL] Verify negative systolic input validation in form (other)",""
"broken","Wed May 06 22:05:30 UTC 2026","Wed May 06 22:06:00 UTC 2026","30106","HabitNuWebAppSuite","1. Core and Authentication","WebAppSanityPackage.ProfileAppClass","WebAppSanityPackage.ProfileAppClass","validateAddressConfirmationSection","Keep Zipcode with valid numbers and save → Should not show error",""
"passed","Wed May 06 21:56:08 UTC 2026","Wed May 06 21:56:10 UTC 2026","2104","HabitNuWebAppSuite","1. Core and Authentication","WebAppSanityPackage.ProfileAppClass","WebAppSanityPackage.ProfileAppClass","replaceProfilePicture","Replace profile picture → should update",""
"broken","Wed May 06 23:10:28 UTC 2026","Wed May 06 23:10:29 UTC 2026","1087","HabitNuWebAppSuite","3. Nutrition and Recipes","WebAppSanityPackage.WebAppClass","WebAppSanityPackage.WebAppClass","case20","Add food quantity as 0",""
"broken","Wed May 06 23:28:31 UTC 2026","Wed May 06 23:28:36 UTC 2026","4166","HabitNuWebAppSuite","4. Lifestyle and Social","WebAppSanityPackage.ChatandNotificationsClass","WebAppSanityPackage.ChatandNotificationsClass","case2","Send a message in chatbox and click enter",""
"broken","Wed May 06 22:22:46 UTC 2026","Wed May 06 22:23:16 UTC 2026","30264","HabitNuWebAppSuite","1. Core and Authentication","WebAppSanityPackage.ProfileAppClass","WebAppSanityPackage.ProfileAppClass","testToggleNotifications","Toggle notifications On/Off and validate state change",""
"passed","Wed May 06 23:29:17 UTC 2026","Wed May 06 23:29:28 UTC 2026","10779","HabitNuWebAppSuite","4. Lifestyle and Social","WebAppSanityPackage.ChatandNotificationsClass","WebAppSanityPackage.ChatandNotificationsClass","case11","HabitNu: This is a reminder for you to keep stepping on your scale, recording your meals, and logging your activity! Check in on our discussion forum to stay in touch with your coach and other Team members!",""
"passed","Wed May 06 22:58:57 UTC 2026","Wed May 06 22:59:06 UTC 2026","8596","HabitNuWebAppSuite","3. Nutrition and Recipes","WebAppSanityPackage.recipeBuilder","WebAppSanityPackage.recipeBuilder","verifyRecipeSectionOnHomePage","Verify recipe section on Home Page",""
"broken","Wed May 06 21:55:32 UTC 2026","Wed May 06 21:55:34 UTC 2026","1100","HabitNuWebAppSuite","1. Core and Authentication","WebAppSanityPackage.HomePage","WebAppSanityPackage.HomePage","testDeleteWeights","Verify the Weight progress bar delete weights",""
"passed","Wed May 06 21:54:01 UTC 2026","Wed May 06 21:54:11 UTC 2026","10281","HabitNuWebAppSuite","1. Core and Authentication","WebAppSanityPackage.Login","WebAppSanityPackage.Login","testLanguageChangeToSpanish","Verify language change to Spanish",""
"broken","Wed May 06 22:23:18 UTC 2026","Wed May 06 22:23:19 UTC 2026","1104","HabitNuWebAppSuite","1. Core and Authentication","WebAppSanityPackage.ProfileAppClass","WebAppSanityPackage.ProfileAppClass","case90","Click on Manage Devices and validate connected devices",""
"passed","Wed May 06 21:56:10 UTC 2026","Wed May 06 21:56:10 UTC 2026","128","HabitNuWebAppSuite","1. Core and Authentication","WebAppSanityPackage.ProfileAppClass","WebAppSanityPackage.ProfileAppClass","editBasicInfo","Click 'Edit' on Basic information → enter edit mode",""
"passed","Wed May 06 21:53:45 UTC 2026","Wed May 06 21:53:46 UTC 2026","1365","HabitNuWebAppSuite","1. Core and Authentication","WebAppSanityPackage.Login","WebAppSanityPackage.Login","testForgotPasswordWithInvalidEmail","Verify forgot password with invalid/unregistered email",""
"broken","Wed May 06 23:09:51 UTC 2026","Wed May 06 23:09:53 UTC 2026","1065","HabitNuWebAppSuite","3. Nutrition and Recipes","WebAppSanityPackage.WebAppClass","WebAppSanityPackage.WebAppClass","case5","Click on Add food, Go to All section and check whether the same food is listed",""
"broken","Wed May 06 23:25:13 UTC 2026","Wed May 06 23:26:15 UTC 2026","62659","HabitNuWebAppSuite","4. Lifestyle and Social","WebAppSanityPackage.HabitsAppClass","WebAppSanityPackage.HabitsAppClass","case24","Click on Calender and edit  and save the details",""
"passed","Wed May 06 23:01:08 UTC 2026","Wed May 06 23:01:08 UTC 2026","73","HabitNuWebAppSuite","3. Nutrition and Recipes","WebAppSanityPackage.recipeBuilder","WebAppSanityPackage.recipeBuilder","clearSearchBar","Verify recipe clears up on clearing search bar",""
"broken","Wed May 06 22:31:19 UTC 2026","Wed May 06 22:31:19 UTC 2026","12","HabitNuWebAppSuite","2. Health Metrics","WebAppSanityPackage.Sugar_Section","WebAppSanityPackage.Sugar_Section","highTargetWithBlankValue","edit -  high BS cannot be blank",""
"broken","Wed May 06 22:32:49 UTC 2026","Wed May 06 22:33:00 UTC 2026","10804","HabitNuWebAppSuite","2. Health Metrics","WebAppSanityPackage.Sugar_Section","WebAppSanityPackage.Sugar_Section","case9","verify added today data in Blood Sugar section as Fasting",""
"broken","Wed May 06 22:19:30 UTC 2026","Wed May 06 22:20:04 UTC 2026","33688","HabitNuWebAppSuite","1. Core and Authentication","WebAppSanityPackage.ProfileAppClass","WebAppSanityPackage.ProfileAppClass","case77","Click on delete file and cancel it",""
"broken","Wed May 06 21:58:20 UTC 2026","Wed May 06 21:58:51 UTC 2026","31037","HabitNuWebAppSuite","1. Core and Authentication","WebAppSanityPackage.ProfileAppClass","WebAppSanityPackage.ProfileAppClass","closeBasicInfoWithoutSaving","Click close without saving Basic information → No change expected",""
"broken","Wed May 06 21:54:31 UTC 2026","Wed May 06 21:54:31 UTC 2026","16","HabitNuWebAppSuite","1. Core and Authentication","WebAppSanityPackage.HomePage","WebAppSanityPackage.HomePage","testWeightLossProgressCardData","Verify the Weight Loss Progress card displays correct data",""
"broken","Wed May 06 22:52:09 UTC 2026","Wed May 06 22:52:10 UTC 2026","1092","HabitNuWebAppSuite","3. Nutrition and Recipes","WebAppSanityPackage.foodGrouping","WebAppSanityPackage.foodGrouping","case23","Editing 'My Meal' from existing group, updating all items' quantity in the group",""
"broken","Wed May 06 22:48:00 UTC 2026","Wed May 06 22:48:11 UTC 2026","10884","HabitNuWebAppSuite","2. Health Metrics","WebAppSanityPackage.ExerciseSection","WebAppSanityPackage.ExerciseSection","case13","verify decimal data and DELETE ALL logs",""
"broken","Wed May 06 22:38:49 UTC 2026","Wed May 06 22:38:59 UTC 2026","10209","HabitNuWebAppSuite","2. Health Metrics","WebAppSanityPackage.Hba1c","WebAppSanityPackage.Hba1c","setValidTarget","enter valid Target",""
"broken","Wed May 06 22:51:50 UTC 2026","Wed May 06 22:51:51 UTC 2026","1088","HabitNuWebAppSuite","3. Nutrition and Recipes","WebAppSanityPackage.foodGrouping","WebAppSanityPackage.foodGrouping","case14","Add food item to Dinner section",""
"broken","Wed May 06 22:42:27 UTC 2026","Wed May 06 22:42:38 UTC 2026","10344","HabitNuWebAppSuite","2. Health Metrics","WebAppSanityPackage.Medication","WebAppSanityPackage.Medication","case22","Creating new Medications details like selecting mg or ml.",""
"passed","Wed May 06 22:43:52 UTC 2026","Wed May 06 22:43:53 UTC 2026","1274","HabitNuWebAppSuite","2. Health Metrics","WebAppSanityPackage.Medication","WebAppSanityPackage.Medication","case32","Weight loss medication Review",""
"broken","Wed May 06 21:56:40 UTC 2026","Wed May 06 21:56:42 UTC 2026","1167","HabitNuWebAppSuite","1. Core and Authentication","WebAppSanityPackage.ProfileAppClass","WebAppSanityPackage.ProfileAppClass","editFirstName","Edit first name and save → should reflect",""
"broken","Wed May 06 22:51:45 UTC 2026","Wed May 06 22:51:46 UTC 2026","1085","HabitNuWebAppSuite","3. Nutrition and Recipes","WebAppSanityPackage.foodGrouping","WebAppSanityPackage.foodGrouping","case10","add Meal to Snacks",""
"broken","Wed May 06 22:53:34 UTC 2026","Wed May 06 22:53:35 UTC 2026","1106","HabitNuWebAppSuite","3. Nutrition and Recipes","WebAppSanityPackage.waterLog","WebAppSanityPackage.waterLog","case12","Validate setting reminders and verifying active time slots",""
"broken","Wed May 06 23:19:28 UTC 2026","Wed May 06 23:20:31 UTC 2026","62724","HabitNuWebAppSuite","4. Lifestyle and Social","WebAppSanityPackage.HabitsAppClass","WebAppSanityPackage.HabitsAppClass","case18","Click on Active Habits dropdown",""
"broken","Wed May 06 22:35:33 UTC 2026","Wed May 06 22:35:33 UTC 2026","13","HabitNuWebAppSuite","2. Health Metrics","WebAppSanityPackage.WebAppHealth_WeightSection","WebAppSanityPackage.WebAppHealth_WeightSection","editTargetWithBlankValue","edit -  Weight cannot be blank",""
"broken","Wed May 06 22:20:05 UTC 2026","Wed May 06 22:20:35 UTC 2026","30149","HabitNuWebAppSuite","1. Core and Authentication","WebAppSanityPackage.ProfileAppClass","WebAppSanityPackage.ProfileAppClass","case79","Click directly on Change Password without entering any data",""
"broken","Wed May 06 22:29:37 UTC 2026","Wed May 06 22:29:40 UTC 2026","3280","HabitNuWebAppSuite","2. Health Metrics","WebAppSanityPackage.BloodPressure_Section","WebAppSanityPackage.BloodPressure_Section","case28_verifyEditFunctionalityInHistoryTable","[MODAL] Verify edit functionality for blood pressure entries in history table using edit action buttons",""
"broken","Wed May 06 22:31:19 UTC 2026","Wed May 06 22:31:19 UTC 2026","13","HabitNuWebAppSuite","2. Health Metrics","WebAppSanityPackage.Sugar_Section","WebAppSanityPackage.Sugar_Section","lowTargetWithBlankValue","edit -  low BS cannot be blank",""
"broken","Wed May 06 22:36:02 UTC 2026","Wed May 06 22:36:02 UTC 2026","11","HabitNuWebAppSuite","2. Health Metrics","WebAppSanityPackage.WebAppHealth_WeightSection","WebAppSanityPackage.WebAppHealth_WeightSection","case6","verify multiple added today data with 998",""
"broken","Wed May 06 22:34:40 UTC 2026","Wed May 06 22:34:51 UTC 2026","10988","HabitNuWebAppSuite","2. Health Metrics","WebAppSanityPackage.WebAppHealth_WeightSection","WebAppSanityPackage.WebAppHealth_WeightSection","case1","verify - Blank weights",""
"broken","Wed May 06 22:49:13 UTC 2026","Wed May 06 22:49:17 UTC 2026","4087","HabitNuWebAppSuite","2. Health Metrics","WebAppSanityPackage.TobaccoSection","WebAppSanityPackage.TobaccoSection","case17_graphcase3","Load web app -> Click on Health section -> Weight section -> click on three lines -> Click on graph -> click on filter as last year",""
"passed","Wed May 06 23:32:25 UTC 2026","Wed May 06 23:32:25 UTC 2026","622","HabitNuWebAppSuite","4. Lifestyle and Social","WebAppSanityPackage.DiscussAppClass","WebAppSanityPackage.DiscussAppClass","case19","Click on + button of memebers ( it should list all memebers)",""
"passed","Wed May 06 21:55:56 UTC 2026","Wed May 06 21:55:56 UTC 2026","25","HabitNuWebAppSuite","1. Core and Authentication","WebAppSanityPackage.ProfileAppClass","WebAppSanityPackage.ProfileAppClass","handleSpinner","handleSpinner",""
"broken","Wed May 06 22:44:34 UTC 2026","Wed May 06 22:44:44 UTC 2026","10276","HabitNuWebAppSuite","2. Health Metrics","WebAppSanityPackage.ExerciseSection","WebAppSanityPackage.ExerciseSection","AsetTarget","enter target values and do click on 'x' mark and do not save",""
"passed","Wed May 06 22:18:47 UTC 2026","Wed May 06 22:18:57 UTC 2026","9584","HabitNuWebAppSuite","1. Core and Authentication","WebAppSanityPackage.ProfileAppClass","WebAppSanityPackage.ProfileAppClass","case75","Click on view file",""
"broken","Wed May 06 22:35:51 UTC 2026","Wed May 06 22:36:01 UTC 2026","10221","HabitNuWebAppSuite","2. Health Metrics","WebAppSanityPackage.WebAppHealth_WeightSection","WebAppSanityPackage.WebAppHealth_WeightSection","case5","verify added today data",""
"broken","Wed May 06 22:37:10 UTC 2026","Wed May 06 22:37:21 UTC 2026","10457","HabitNuWebAppSuite","2. Health Metrics","WebAppSanityPackage.Hba1c","WebAppSanityPackage.Hba1c","case5","add yesterday's hba1c n it should show last added data",""
"broken","Wed May 06 21:55:37 UTC 2026","Wed May 06 21:55:38 UTC 2026","1060","HabitNuWebAppSuite","1. Core and Authentication","WebAppSanityPackage.HomePage","WebAppSanityPackage.HomePage","testWeightProgressBarByAddingWeight","Verify the Weight progress bar updates correctly as Weight logs are added",""
"broken","Wed May 06 22:28:56 UTC 2026","Wed May 06 22:29:06 UTC 2026","10510","HabitNuWebAppSuite","2. Health Metrics","WebAppSanityPackage.BloodPressure_Section","WebAppSanityPackage.BloodPressure_Section","case19_addPreviousDayBloodPressureReading","[MODAL] Add previous day blood pressure reading and verify it updates the main card display",""
"broken","Wed May 06 22:37:37 UTC 2026","Wed May 06 22:37:44 UTC 2026","7355","HabitNuWebAppSuite","2. Health Metrics","WebAppSanityPackage.Hba1c","WebAppSanityPackage.Hba1c","case8","verify negative data in Hba1c count section",""
"broken","Wed May 06 22:51:01 UTC 2026","Wed May 06 22:51:21 UTC 2026","20451","HabitNuWebAppSuite","2. Health Metrics","WebAppSanityPackage.TobaccoSection","WebAppSanityPackage.TobaccoSection","case27","verify decimal data in Tobacco Count section",""
"broken","Wed May 06 23:16:18 UTC 2026","Wed May 06 23:17:21 UTC 2026","62657","HabitNuWebAppSuite","4. Lifestyle and Social","WebAppSanityPackage.HabitsAppClass","WebAppSanityPackage.HabitsAppClass","case14","Click on Activate and do not add the habit back",""
"broken","Wed May 06 23:21:02 UTC 2026","Wed May 06 23:22:04 UTC 2026","62687","HabitNuWebAppSuite","4. Lifestyle and Social","WebAppSanityPackage.HabitsAppClass","WebAppSanityPackage.HabitsAppClass","case20","Single Click on habit button and mark a green",""
"broken","Wed May 06 23:26:17 UTC 2026","Wed May 06 23:26:18 UTC 2026","1082","HabitNuWebAppSuite","4. Lifestyle and Social","WebAppSanityPackage.HabitsAppClass","WebAppSanityPackage.HabitsAppClass","case26","Click on Archive and do not add the habit to archive",""
"broken","Wed May 06 22:17:27 UTC 2026","Wed May 06 22:18:01 UTC 2026","34279","HabitNuWebAppSuite","1. Core and Authentication","WebAppSanityPackage.ProfileAppClass","WebAppSanityPackage.ProfileAppClass","case69","Upload file, name, type and cancel",""
"broken","Wed May 06 22:25:45 UTC 2026","Wed May 06 22:26:15 UTC 2026","30185","HabitNuWebAppSuite","2. Health Metrics","WebAppSanityPackage.BloodPressure_Section","WebAppSanityPackage.BloodPressure_Section","case2_setTargetButCancel","[MAIN CARD] Verify Set Target button functionality - enter values and cancel without saving",""
"broken","Wed May 06 22:58:22 UTC 2026","Wed May 06 22:58:26 UTC 2026","4064","HabitNuWebAppSuite","3. Nutrition and Recipes","WebAppSanityPackage.habiRecipe","WebAppSanityPackage.habiRecipe","case31_SetAllPreferences"," All the Preferences",""
"broken","Wed May 06 22:13:04 UTC 2026","Wed May 06 22:13:34 UTC 2026","30197","HabitNuWebAppSuite","1. Core and Authentication","WebAppSanityPackage.ProfileAppClass","WebAppSanityPackage.ProfileAppClass","case56","Click on close without editting Health parameters",""
"broken","Wed May 06 23:06:17 UTC 2026","Wed May 06 23:07:17 UTC 2026","60422","HabitNuWebAppSuite","3. Nutrition and Recipes","WebAppSanityPackage.recipeBuilder","WebAppSanityPackage.recipeBuilder","logRecipeFromThreeDotMenu","Log recipe from three-dot menu and then delete logs",""
"broken","Wed May 06 23:10:30 UTC 2026","Wed May 06 23:10:42 UTC 2026","12237","HabitNuWebAppSuite","3. Nutrition and Recipes","WebAppSanityPackage.WebAppClass","WebAppSanityPackage.WebAppClass","case22","Custom Food Edit in Dinner",""
"broken","Wed May 06 23:31:10 UTC 2026","Wed May 06 23:31:23 UTC 2026","12643","HabitNuWebAppSuite","4. Lifestyle and Social","WebAppSanityPackage.DiscussAppClass","WebAppSanityPackage.DiscussAppClass","case10","Upload more than 5 files (should not allow)",""
"broken","Wed May 06 22:37:22 UTC 2026","Wed May 06 22:37:37 UTC 2026","14648","HabitNuWebAppSuite","2. Health Metrics","WebAppSanityPackage.Hba1c","WebAppSanityPackage.Hba1c","case7","verify blank data in Hba1c section",""
"broken","Wed May 06 22:56:09 UTC 2026","Wed May 06 22:56:10 UTC 2026","1066","HabitNuWebAppSuite","3. Nutrition and Recipes","WebAppSanityPackage.habiRecipe","WebAppSanityPackage.habiRecipe","case13_SelectRecipeFromDashboardAndLog","Selecting the Generated Recipe and Logging It",""
"broken","Wed May 06 22:40:33 UTC 2026","Wed May 06 22:40:44 UTC 2026","10337","HabitNuWebAppSuite","2. Health Metrics","WebAppSanityPackage.Medication","WebAppSanityPackage.Medication","case6","Coach- Users- Medication- Creating new Medications details like selecting Dosage",""
"broken","Wed May 06 23:16:15 UTC 2026","Wed May 06 23:16:18 UTC 2026","3086","HabitNuWebAppSuite","4. Lifestyle and Social","WebAppSanityPackage.HabitsAppClass","WebAppSanityPackage.HabitsAppClass","case13","Click on Archive and add the habit to archive",""
"broken","Wed May 06 22:43:29 UTC 2026","Wed May 06 22:43:40 UTC 2026","10273","HabitNuWebAppSuite","2. Health Metrics","WebAppSanityPackage.Medication","WebAppSanityPackage.Medication","case27","editing the created Medication under the LOG",""
"broken","Wed May 06 23:10:26 UTC 2026","Wed May 06 23:10:27 UTC 2026","1110","HabitNuWebAppSuite","3. Nutrition and Recipes","WebAppSanityPackage.WebAppClass","WebAppSanityPackage.WebAppClass","case19","Add/Edit Food - without optional fields (Should successfully update and show the updated values)",""
"passed","Wed May 06 21:53:00 UTC 2026","Wed May 06 21:53:01 UTC 2026","759","HabitNuWebAppSuite","1. Core and Authentication","WebAppSanityPackage.Login","WebAppSanityPackage.Login","testLoginWithOnlyPassword","Verify error when only password is provided",""
"broken","Wed May 06 22:28:24 UTC 2026","Wed May 06 22:28:35 UTC 2026","10870","HabitNuWebAppSuite","2. Health Metrics","WebAppSanityPackage.BloodPressure_Section","WebAppSanityPackage.BloodPressure_Section","case16_addHistoricalBloodPressureData","[MODAL] Open Blood Pressure modal and add historical data with date picker and form validation",""
"broken","Wed May 06 22:48:40 UTC 2026","Wed May 06 22:48:51 UTC 2026","11209","HabitNuWebAppSuite","2. Health Metrics","WebAppSanityPackage.TobaccoSection","WebAppSanityPackage.TobaccoSection","case9_editTargetButDoNotSave","edit target values and do click on 'x' mark and do not save",""
"passed","Wed May 06 23:28:43 UTC 2026","Wed May 06 23:28:45 UTC 2026","2232","HabitNuWebAppSuite","4. Lifestyle and Social","WebAppSanityPackage.ChatandNotificationsClass","WebAppSanityPackage.ChatandNotificationsClass","case6","Click on notifications section",""
"broken","Wed May 06 22:49:20 UTC 2026","Wed May 06 22:49:31 UTC 2026","10276","HabitNuWebAppSuite","2. Health Metrics","WebAppSanityPackage.TobaccoSection","WebAppSanityPackage.TobaccoSection","case21","add yesterday's tobacco n it should show last added data",""
"broken","Wed May 06 22:46:55 UTC 2026","Wed May 06 22:47:06 UTC 2026","10920","HabitNuWebAppSuite","2. Health Metrics","WebAppSanityPackage.ExerciseSection","WebAppSanityPackage.ExerciseSection","case5","add yesterday's Exercise and verify last added data",""
"passed","Wed May 06 22:53:33 UTC 2026","Wed May 06 22:53:34 UTC 2026","1073","HabitNuWebAppSuite","3. Nutrition and Recipes","WebAppSanityPackage.waterLog","WebAppSanityPackage.waterLog","case10","Total Water Logged Count",""
"broken","Wed May 06 22:40:12 UTC 2026","Wed May 06 22:40:23 UTC 2026","10352","HabitNuWebAppSuite","2. Health Metrics","WebAppSanityPackage.Medication","WebAppSanityPackage.Medication","case4","Creating new Medications details like selecting mg or ml.",""
"passed","Wed May 06 22:43:50 UTC 2026","Wed May 06 22:43:51 UTC 2026","1120","HabitNuWebAppSuite","2. Health Metrics","WebAppSanityPackage.Medication","WebAppSanityPackage.Medication","case29_NavigateToLogAndCheckData","Weight loss medication Edit details on Log - Check for available medications",""
"broken","Wed May 06 23:02:08 UTC 2026","Wed May 06 23:03:09 UTC 2026","60361","HabitNuWebAppSuite","3. Nutrition and Recipes","WebAppSanityPackage.recipeBuilder","WebAppSanityPackage.recipeBuilder","clickHereToViewFullRecipe","verify 'View full' recipe button",""
"broken","Wed May 06 22:49:09 UTC 2026","Wed May 06 22:49:10 UTC 2026","1102","HabitNuWebAppSuite","2. Health Metrics","WebAppSanityPackage.TobaccoSection","WebAppSanityPackage.TobaccoSection","case15_graphcase1","Load web app -> Click on Health section -> Weight section -> click on three lines -> Click on graph -> click on filter as last week",""
"broken","Wed May 06 21:59:54 UTC 2026","Wed May 06 21:59:56 UTC 2026","1105","HabitNuWebAppSuite","1. Core and Authentication","WebAppSanityPackage.ProfileAppClass","WebAppSanityPackage.ProfileAppClass","addValidPhoneNumber","Add valid phone number and save → Should save successfully",""
"passed","Wed May 06 22:14:06 UTC 2026","Wed May 06 22:14:10 UTC 2026","4362","HabitNuWebAppSuite","1. Core and Authentication","WebAppSanityPackage.ProfileAppClass","WebAppSanityPackage.ProfileAppClass","case62","Click on Upload/View files section",""
"broken","Wed May 06 22:34:51 UTC 2026","Wed May 06 22:35:01 UTC 2026","10384","HabitNuWebAppSuite","2. Health Metrics","WebAppSanityPackage.WebAppHealth_WeightSection","WebAppSanityPackage.WebAppHealth_WeightSection","placeHolderOfWightCountValueInputBox","verify placeholder - weight ",""
"passed","Wed May 06 22:46:17 UTC 2026","Wed May 06 22:46:22 UTC 2026","5300","HabitNuWebAppSuite","2. Health Metrics","WebAppSanityPackage.ExerciseSection","WebAppSanityPackage.ExerciseSection","case1","Click on health tab and verify no data recorded yet in Exercise section",""
"broken","Wed May 06 22:29:33 UTC 2026","Wed May 06 22:29:37 UTC 2026","3356","HabitNuWebAppSuite","2. Health Metrics","WebAppSanityPackage.BloodPressure_Section","WebAppSanityPackage.BloodPressure_Section","case27_verifyNegativeDiastolicInputValidation","[MODAL] Verify negative diastolic input validation in form (alternative test scenario)",""
"broken","Wed May 06 22:28:09 UTC 2026","Wed May 06 22:28:19 UTC 2026","10243","HabitNuWebAppSuite","2. Health Metrics","WebAppSanityPackage.BloodPressure_Section","WebAppSanityPackage.BloodPressure_Section","case14_editdiastolicTargetWithBlankValue","[MAIN CARD] Verify target edit validation error when clearing diastolic field (blank/empty value)",""
"broken","Wed May 06 22:53:41 UTC 2026","Wed May 06 22:53:42 UTC 2026","1113","HabitNuWebAppSuite","3. Nutrition and Recipes","WebAppSanityPackage.waterLog","WebAppSanityPackage.waterLog","case18","Validate setting reminders and verifying active time slots",""
"broken","Wed May 06 23:08:10 UTC 2026","Wed May 06 23:08:20 UTC 2026","10236","HabitNuWebAppSuite","3. Nutrition and Recipes","WebAppSanityPackage.Myrecipes","WebAppSanityPackage.Myrecipes","test8_validateingredient","Then user is able to validate added ingredient",""
"broken","Wed May 06 22:30:59 UTC 2026","Wed May 06 22:31:19 UTC 2026","20420","HabitNuWebAppSuite","2. Health Metrics","WebAppSanityPackage.Sugar_Section","WebAppSanityPackage.Sugar_Section","setNegativeDiastolicTarget","enter negative Low target values and assert messages",""
"broken","Wed May 06 22:36:19 UTC 2026","Wed May 06 22:36:20 UTC 2026","1102","HabitNuWebAppSuite","2. Health Metrics","WebAppSanityPackage.WebAppHealth_WeightSection","WebAppSanityPackage.WebAppHealth_WeightSection","graphcase1","Load web app -> Click on Health section -> Weight section -> click on three lines -> Click on graph -> click on filter as last week",""
"passed","Wed May 06 21:56:07 UTC 2026","Wed May 06 21:56:08 UTC 2026","607","HabitNuWebAppSuite","1. Core and Authentication","WebAppSanityPackage.ProfileAppClass","WebAppSanityPackage.ProfileAppClass","uploadInvalidProfilePicture","Try adding PDF as profile picture → should NOT allow",""
"broken","Wed May 06 23:09:04 UTC 2026","Wed May 06 23:09:05 UTC 2026","1118","HabitNuWebAppSuite","3. Nutrition and Recipes","WebAppSanityPackage.Myrecipes","WebAppSanityPackage.Myrecipes","test15_foodsection","And user is navigating to food section",""
"broken","Wed May 06 23:01:08 UTC 2026","Wed May 06 23:02:08 UTC 2026","60403","HabitNuWebAppSuite","3. Nutrition and Recipes","WebAppSanityPackage.recipeBuilder","WebAppSanityPackage.recipeBuilder","favoriteTheRecipe","verify recipe favorite",""
"passed","Wed May 06 21:54:29 UTC 2026","Wed May 06 21:54:29 UTC 2026","20","HabitNuWebAppSuite","1. Core and Authentication","WebAppSanityPackage.HomePage","WebAppSanityPackage.HomePage","testHomeIsTheActiveNavigationLink","Verify 'Home' is the active navigation link",""
"broken","Wed May 06 21:55:34 UTC 2026","Wed May 06 21:55:35 UTC 2026","1092","HabitNuWebAppSuite","1. Core and Authentication","WebAppSanityPackage.HomePage","WebAppSanityPackage.HomePage","testDeleteExercise","Verify the Exercise progress bar delete Exercise",""
"passed","Wed May 06 21:54:55 UTC 2026","Wed May 06 21:54:59 UTC 2026","3501","HabitNuWebAppSuite","1. Core and Authentication","WebAppSanityPackage.HomePage","WebAppSanityPackage.HomePage","testRecipeBookPageLayoutAndTabs","Verify the Recipe Book page layout and tabs",""
"broken","Wed May 06 23:33:20 UTC 2026","Wed May 06 23:34:20 UTC 2026","60187","HabitNuWebAppSuite","4. Lifestyle and Social","WebAppSanityPackage.Weights_lbs_Kgs","WebAppSanityPackage.Weights_lbs_Kgs","Case4","verify placeholder - weight ",""
"broken","Wed May 06 22:58:50 UTC 2026","Wed May 06 22:58:53 UTC 2026","3066","HabitNuWebAppSuite","3. Nutrition and Recipes","WebAppSanityPackage.habiRecipe","WebAppSanityPackage.habiRecipe","case35_RegenerateSelectedRecipe","Selecting the Generated Recipe and Regenrating it",""
"broken","Wed May 06 22:37:50 UTC 2026","Wed May 06 22:37:53 UTC 2026","3260","HabitNuWebAppSuite","2. Health Metrics","WebAppSanityPackage.Hba1c","WebAppSanityPackage.Hba1c","case10","edit data in Hba1c section",""
"passed","Wed May 06 23:12:00 UTC 2026","Wed May 06 23:12:05 UTC 2026","5239","HabitNuWebAppSuite","4. Lifestyle and Social","WebAppSanityPackage.HabitsAppClass","WebAppSanityPackage.HabitsAppClass","case1","Click on Habits section (It should take to Habits section)",""
"broken","Wed May 06 22:40:54 UTC 2026","Wed May 06 22:41:04 UTC 2026","10239","HabitNuWebAppSuite","2. Health Metrics","WebAppSanityPackage.Medication","WebAppSanityPackage.Medication","case8","Creating new Medications details like selecting add time (What time(s) do you want to take this medication?",""
"broken","Wed May 06 22:36:06 UTC 2026","Wed May 06 22:36:06 UTC 2026","16","HabitNuWebAppSuite","2. Health Metrics","WebAppSanityPackage.WebAppHealth_WeightSection","WebAppSanityPackage.WebAppHealth_WeightSection","case9","Add data as negative weight",""
"passed","Wed May 06 21:53:48 UTC 2026","Wed May 06 21:53:50 UTC 2026","2185","HabitNuWebAppSuite","1. Core and Authentication","WebAppSanityPackage.Login","WebAppSanityPackage.Login","testPasswordResetPageAccess","Verify password reset link flow and modal confirmation",""
"broken","Wed May 06 23:32:14 UTC 2026","Wed May 06 23:32:25 UTC 2026","10212","HabitNuWebAppSuite","4. Lifestyle and Social","WebAppSanityPackage.DiscussAppClass","WebAppSanityPackage.DiscussAppClass","case16","Add the comment ( It should add the comment)",""
"broken","Wed May 06 22:26:57 UTC 2026","Wed May 06 22:27:07 UTC 2026","10225","HabitNuWebAppSuite","2. Health Metrics","WebAppSanityPackage.BloodPressure_Section","WebAppSanityPackage.BloodPressure_Section","case7_setDiastolicTargetMoreThan200","[MAIN CARD] Verify Set Target validation error when entering diastolic target value greater than 200",""
"broken","Wed May 06 23:10:14 UTC 2026","Wed May 06 23:10:15 UTC 2026","1058","HabitNuWebAppSuite","3. Nutrition and Recipes","WebAppSanityPackage.WebAppClass","WebAppSanityPackage.WebAppClass","case16","Click on Date picker and pick any date from calendar and add food",""
"broken","Wed May 06 22:51:55 UTC 2026","Wed May 06 22:51:57 UTC 2026","1088","HabitNuWebAppSuite","3. Nutrition and Recipes","WebAppSanityPackage.foodGrouping","WebAppSanityPackage.foodGrouping","case19","Create 'My Meal' from logged foods in SNACKS sections",""
"passed","Wed May 06 21:53:41 UTC 2026","Wed May 06 21:53:43 UTC 2026","1885","HabitNuWebAppSuite","1. Core and Authentication","WebAppSanityPackage.Login","WebAppSanityPackage.Login","testForgotPasswordWithValidEmail","Verify forgot password with valid email shows success message",""
"broken","Wed May 06 22:48:51 UTC 2026","Wed May 06 22:48:51 UTC 2026","19","HabitNuWebAppSuite","2. Health Metrics","WebAppSanityPackage.TobaccoSection","WebAppSanityPackage.TobaccoSection","case11_editTargetWithGreaterThan99","edit -  enter target more than 99 and assert messages",""
"passed","Wed May 06 21:53:02 UTC 2026","Wed May 06 21:53:06 UTC 2026","3383","HabitNuWebAppSuite","1. Core and Authentication","WebAppSanityPackage.Login","WebAppSanityPackage.Login","testEmailCaseInsensitive","Verify email input is case-insensitive",""
"broken","Wed May 06 22:21:06 UTC 2026","Wed May 06 22:21:37 UTC 2026","30995","HabitNuWebAppSuite","1. Core and Authentication","WebAppSanityPackage.ProfileAppClass","WebAppSanityPackage.ProfileAppClass","case81","Enter new password only and click Change Password",""
"broken","Wed May 06 23:09:48 UTC 2026","Wed May 06 23:09:49 UTC 2026","1119","HabitNuWebAppSuite","3. Nutrition and Recipes","WebAppSanityPackage.WebAppClass","WebAppSanityPackage.WebAppClass","case2","Click on add food and add the food - Lunch",""
"broken","Wed May 06 22:03:59 UTC 2026","Wed May 06 22:04:29 UTC 2026","30215","HabitNuWebAppSuite","1. Core and Authentication","WebAppSanityPackage.ProfileAppClass","WebAppSanityPackage.ProfileAppClass","keepZipcode6digitsAndSave","Keep Zipcode with 6 numbers and save → Should show validation error",""
"passed","Wed May 06 23:28:27 UTC 2026","Wed May 06 23:28:31 UTC 2026","4781","HabitNuWebAppSuite","4. Lifestyle and Social","WebAppSanityPackage.ChatandNotificationsClass","WebAppSanityPackage.ChatandNotificationsClass","case1","Click on chat ( it should open the chat box)",""
"broken","Wed May 06 22:41:16 UTC 2026","Wed May 06 22:41:57 UTC 2026","41319","HabitNuWebAppSuite","2. Health Metrics","WebAppSanityPackage.Medication","WebAppSanityPackage.Medication","editWeightLossMedication","Edit details of Weight Loss Medication",""
"broken","Wed May 06 22:34:14 UTC 2026","Wed May 06 22:34:25 UTC 2026","10563","HabitNuWebAppSuite","2. Health Metrics","WebAppSanityPackage.Sugar_Section","WebAppSanityPackage.Sugar_Section","case18","verify blank data in Blood Sugar section After Meal",""
"broken","Wed May 06 22:41:05 UTC 2026","Wed May 06 22:41:15 UTC 2026","10303","HabitNuWebAppSuite","2. Health Metrics","WebAppSanityPackage.Medication","WebAppSanityPackage.Medication","case9","Creating new Medications details like selecting add time (What time(s) do you want to take this medication?",""
"broken","Wed May 06 22:47:45 UTC 2026","Wed May 06 22:47:48 UTC 2026","2220","HabitNuWebAppSuite","2. Health Metrics","WebAppSanityPackage.ExerciseSection","WebAppSanityPackage.ExerciseSection","case11","verify negative data as others in exercise section",""
"broken","Wed May 06 23:09:06 UTC 2026","Wed May 06 23:09:07 UTC 2026","1109","HabitNuWebAppSuite","3. Nutrition and Recipes","WebAppSanityPackage.Myrecipes","WebAppSanityPackage.Myrecipes","test17_navigatingrecipe","And User is able to delete the recipe",""
"failed","Wed May 06 21:54:31 UTC 2026","Wed May 06 21:54:32 UTC 2026","163","HabitNuWebAppSuite","1. Core and Authentication","WebAppSanityPackage.HomePage","WebAppSanityPackage.HomePage","testProfileDropdownContents","Verify all options in the profile dropdown menu",""
"broken","Wed May 06 21:56:42 UTC 2026","Wed May 06 21:56:43 UTC 2026","1090","HabitNuWebAppSuite","1. Core and Authentication","WebAppSanityPackage.ProfileAppClass","WebAppSanityPackage.ProfileAppClass","selectGenderMaleAndSave","Select Gender as Male and save → should reflect",""
"passed","Wed May 06 22:23:54 UTC 2026","Wed May 06 22:23:59 UTC 2026","4873","HabitNuWebAppSuite","1. Core and Authentication","WebAppSanityPackage.GuidedTour","WebAppSanityPackage.GuidedTour","test1_welcomepage","Given user is getting the license agreement",""
"broken","Wed May 06 22:22:08 UTC 2026","Wed May 06 22:22:39 UTC 2026","31121","HabitNuWebAppSuite","1. Core and Authentication","WebAppSanityPackage.ProfileAppClass","WebAppSanityPackage.ProfileAppClass","case83","Enter mismatched confirm password and click Change Password",""
"broken","Wed May 06 22:31:19 UTC 2026","Wed May 06 22:31:19 UTC 2026","11","HabitNuWebAppSuite","2. Health Metrics","WebAppSanityPackage.Sugar_Section","WebAppSanityPackage.Sugar_Section","setValidTarget","enter valid Target",""
"broken","Wed May 06 21:55:38 UTC 2026","Wed May 06 21:55:39 UTC 2026","1130","HabitNuWebAppSuite","1. Core and Authentication","WebAppSanityPackage.HomePage","WebAppSanityPackage.HomePage","testExerciseProgressBarByAddingExercise","Verify the Exercise progress bar updates correctly as Exercise logs are added",""
"broken","Wed May 06 23:17:21 UTC 2026","Wed May 06 23:18:24 UTC 2026","62617","HabitNuWebAppSuite","4. Lifestyle and Social","WebAppSanityPackage.HabitsAppClass","WebAppSanityPackage.HabitsAppClass","case15","Click on Activate and add the habit back",""
"passed","Wed May 06 22:43:55 UTC 2026","Wed May 06 22:44:12 UTC 2026","17367","HabitNuWebAppSuite","2. Health Metrics","WebAppSanityPackage.Medication","WebAppSanityPackage.Medication","case34","Medication Log History ",""
"broken","Wed May 06 22:38:59 UTC 2026","Wed May 06 22:39:09 UTC 2026","10208","HabitNuWebAppSuite","2. Health Metrics","WebAppSanityPackage.Hba1c","WebAppSanityPackage.Hba1c","editTargetValid","edit Target - valid",""
"broken","Wed May 06 22:55:31 UTC 2026","Wed May 06 22:55:34 UTC 2026","3055","HabitNuWebAppSuite","3. Nutrition and Recipes","WebAppSanityPackage.habiRecipe","WebAppSanityPackage.habiRecipe","case10_SetFoodAllergiesPreferences","Food allergies",""
"broken","Wed May 06 23:08:51 UTC 2026","Wed May 06 23:09:01 UTC 2026","10231","HabitNuWebAppSuite","3. Nutrition and Recipes","WebAppSanityPackage.Myrecipes","WebAppSanityPackage.Myrecipes","test12_savedrecipes","And user is able to save created recipes",""
"broken","Wed May 06 23:09:01 UTC 2026","Wed May 06 23:09:02 UTC 2026","1066","HabitNuWebAppSuite","3. Nutrition and Recipes","WebAppSanityPackage.Myrecipes","WebAppSanityPackage.Myrecipes","test13_addremovefavorite","And user is able to add &vremove the favorite recipes",""
"broken","Wed May 06 22:53:35 UTC 2026","Wed May 06 22:53:36 UTC 2026","1073","HabitNuWebAppSuite","3. Nutrition and Recipes","WebAppSanityPackage.waterLog","WebAppSanityPackage.waterLog","case13","237 ml Water Log",""
"broken","Wed May 06 22:47:06 UTC 2026","Wed May 06 22:47:19 UTC 2026","12871","HabitNuWebAppSuite","2. Health Metrics","WebAppSanityPackage.ExerciseSection","WebAppSanityPackage.ExerciseSection","case6","verify last added monthly and yesterday's data in details page",""
"broken","Wed May 06 22:48:56 UTC 2026","Wed May 06 22:49:08 UTC 2026","12228","HabitNuWebAppSuite","2. Health Metrics","WebAppSanityPackage.TobaccoSection","WebAppSanityPackage.TobaccoSection","case13","Click on tobacco , click on add new button and add tobacco for last year and and Total count of the day should be 0",""
"passed","Wed May 06 22:24:14 UTC 2026","Wed May 06 22:24:15 UTC 2026","814","HabitNuWebAppSuite","1. Core and Authentication","WebAppSanityPackage.GuidedTour","WebAppSanityPackage.GuidedTour","test7_skipnewuser","And user is able to skip guide tour for the first time login",""
"broken","Wed May 06 22:51:43 UTC 2026","Wed May 06 22:51:44 UTC 2026","1085","HabitNuWebAppSuite","3. Nutrition and Recipes","WebAppSanityPackage.foodGrouping","WebAppSanityPackage.foodGrouping","case6","add Meal to Lunch",""
"broken","Wed May 06 22:47:19 UTC 2026","Wed May 06 22:47:30 UTC 2026","10776","HabitNuWebAppSuite","2. Health Metrics","WebAppSanityPackage.ExerciseSection","WebAppSanityPackage.ExerciseSection","case7","verify blank data in exercise section",""
"failed","Wed May 06 21:55:01 UTC 2026","Wed May 06 21:55:22 UTC 2026","20647","HabitNuWebAppSuite","1. Core and Authentication","WebAppSanityPackage.HomePage","WebAppSanityPackage.HomePage","testWeeklyProgressBarValidation","Verify the weekly progress bar is displayed and contains valid data",""
"broken","Wed May 06 23:26:18 UTC 2026","Wed May 06 23:26:19 UTC 2026","1090","HabitNuWebAppSuite","4. Lifestyle and Social","WebAppSanityPackage.HabitsAppClass","WebAppSanityPackage.HabitsAppClass","case27","Click on Archive and add the habit to archive",""
"broken","Wed May 06 22:44:54 UTC 2026","Wed May 06 22:45:05 UTC 2026","10212","HabitNuWebAppSuite","2. Health Metrics","WebAppSanityPackage.ExerciseSection","WebAppSanityPackage.ExerciseSection","placeHolderOfTobaccoCountValueInputBox","verify placeholder - Exercise",""
"broken","Wed May 06 22:38:39 UTC 2026","Wed May 06 22:38:49 UTC 2026","10206","HabitNuWebAppSuite","2. Health Metrics","WebAppSanityPackage.Hba1c","WebAppSanityPackage.Hba1c","setTargetMoreThan99","enter target more than 14 and assert messages",""
"passed","Wed May 06 23:12:20 UTC 2026","Wed May 06 23:12:35 UTC 2026","14390","HabitNuWebAppSuite","4. Lifestyle and Social","WebAppSanityPackage.HabitsAppClass","WebAppSanityPackage.HabitsAppClass","case4","click on forward arrowmark it should take you to current week",""
"broken","Wed May 06 22:52:12 UTC 2026","Wed May 06 22:52:13 UTC 2026","1088","HabitNuWebAppSuite","3. Nutrition and Recipes","WebAppSanityPackage.foodGrouping","WebAppSanityPackage.foodGrouping","case25","Create new 'My Meal' group, add random items, edit group name with edge cases, and validate",""
"broken","Wed May 06 22:36:48 UTC 2026","Wed May 06 22:36:59 UTC 2026","10315","HabitNuWebAppSuite","2. Health Metrics","WebAppSanityPackage.Hba1c","WebAppSanityPackage.Hba1c","case2","Click on HbA1c , click on add new button and add hba1c for last year",""
"broken","Wed May 06 22:56:55 UTC 2026","Wed May 06 22:57:07 UTC 2026","12348","HabitNuWebAppSuite","3. Nutrition and Recipes","WebAppSanityPackage.habiRecipe","WebAppSanityPackage.habiRecipe","case19_GenerateRecipeForMacronutrients","Generate New Recipe for Macronutrient considerations",""
"broken","Wed May 06 22:36:26 UTC 2026","Wed May 06 22:36:34 UTC 2026","7853","HabitNuWebAppSuite","2. Health Metrics","WebAppSanityPackage.WebAppHealth_WeightSection","WebAppSanityPackage.WebAppHealth_WeightSection","case13","verify last week , month , year data ",""
"broken","Wed May 06 23:32:04 UTC 2026","Wed May 06 23:32:14 UTC 2026","10219","HabitNuWebAppSuite","4. Lifestyle and Social","WebAppSanityPackage.DiscussAppClass","WebAppSanityPackage.DiscussAppClass","case15","Add the comment ( It should add the comment)",""
"failed","Wed May 06 22:53:18 UTC 2026","Wed May 06 22:53:19 UTC 2026","1123","HabitNuWebAppSuite","3. Nutrition and Recipes","WebAppSanityPackage.waterLog","WebAppSanityPackage.waterLog","case7","Custom Water Log",""
"passed","Wed May 06 23:33:07 UTC 2026","Wed May 06 23:33:07 UTC 2026","109","HabitNuWebAppSuite","4. Lifestyle and Social","WebAppSanityPackage.DiscussAppClass","WebAppSanityPackage.DiscussAppClass","case35","Click on Replay ( It will display all the recorded meetings)",""
"broken","Wed May 06 23:18:25 UTC 2026","Wed May 06 23:19:28 UTC 2026","62664","HabitNuWebAppSuite","4. Lifestyle and Social","WebAppSanityPackage.HabitsAppClass","WebAppSanityPackage.HabitsAppClass","case17","Click on Active Habits dropdown",""
"broken","Wed May 06 22:36:22 UTC 2026","Wed May 06 22:36:25 UTC 2026","2900","HabitNuWebAppSuite","2. Health Metrics","WebAppSanityPackage.WebAppHealth_WeightSection","WebAppSanityPackage.WebAppHealth_WeightSection","graphcase5","Load web app -> Click on Health section -> Weight section -> click on ""i"" symbol",""
"passed","Wed May 06 22:22:44 UTC 2026","Wed May 06 22:22:46 UTC 2026","2178","HabitNuWebAppSuite","1. Core and Authentication","WebAppSanityPackage.ProfileAppClass","WebAppSanityPackage.ProfileAppClass","case88","Open Notification Preferences from Profile dropdown",""
"broken","Wed May 06 22:48:40 UTC 2026","Wed May 06 22:48:40 UTC 2026","20","HabitNuWebAppSuite","2. Health Metrics","WebAppSanityPackage.TobaccoSection","WebAppSanityPackage.TobaccoSection","case8_editTargetValid","edit Target - valid",""
"passed","Wed May 06 23:09:16 UTC 2026","Wed May 06 23:09:27 UTC 2026","11400","HabitNuWebAppSuite","3. Nutrition and Recipes","WebAppSanityPackage.Myrecipes","WebAppSanityPackage.Myrecipes","test19_deleteallrecipes","Then user is able to delete all the recipes and validate no custom recipes",""
"failed","Wed May 06 22:51:41 UTC 2026","Wed May 06 22:51:41 UTC 2026","1","HabitNuWebAppSuite","3. Nutrition and Recipes","WebAppSanityPackage.foodGrouping","WebAppSanityPackage.foodGrouping","case3","Verify the created group name in Food Group section",""
"failed","Wed May 06 22:39:50 UTC 2026","Wed May 06 22:40:02 UTC 2026","11626","HabitNuWebAppSuite","2. Health Metrics","WebAppSanityPackage.Medication","WebAppSanityPackage.Medication","case2","Navigate to Log page and open Weight Loss Medication form",""
"broken","Wed May 06 22:59:07 UTC 2026","Wed May 06 23:00:07 UTC 2026","60568","HabitNuWebAppSuite","3. Nutrition and Recipes","WebAppSanityPackage.recipeBuilder","WebAppSanityPackage.recipeBuilder","searchForRecipe","Verify recipe loads upon searching and validate them",""
"broken","Wed May 06 23:31:43 UTC 2026","Wed May 06 23:31:54 UTC 2026","10363","HabitNuWebAppSuite","4. Lifestyle and Social","WebAppSanityPackage.DiscussAppClass","WebAppSanityPackage.DiscussAppClass","Case13","Edit the post by adding a file (It should edit the post)",""
"passed","Wed May 06 22:24:16 UTC 2026","Wed May 06 22:24:16 UTC 2026","243","HabitNuWebAppSuite","1. Core and Authentication","WebAppSanityPackage.GuidedTour","WebAppSanityPackage.GuidedTour","test9_navigatingtourpage2","And user is navigating from first slide to second slide and validating",""
"broken","Wed May 06 22:31:19 UTC 2026","Wed May 06 22:31:19 UTC 2026","12","HabitNuWebAppSuite","2. Health Metrics","WebAppSanityPackage.Sugar_Section","WebAppSanityPackage.Sugar_Section","setLowTargetMoreThan200","enter Low target more than 1000 and assert messages",""
"broken","Wed May 06 23:13:50 UTC 2026","Wed May 06 23:13:53 UTC 2026","3119","HabitNuWebAppSuite","4. Lifestyle and Social","WebAppSanityPackage.HabitsAppClass","WebAppSanityPackage.HabitsAppClass","case6","Single Click on habit button and mark a green",""
"broken","Wed May 06 22:56:49 UTC 2026","Wed May 06 22:56:50 UTC 2026","1079","HabitNuWebAppSuite","3. Nutrition and Recipes","WebAppSanityPackage.habiRecipe","WebAppSanityPackage.habiRecipe","case17_SelectDietTypeRecipeFromList","Selecting the Generated Recipe and Logging It",""
"broken","Wed May 06 23:04:11 UTC 2026","Wed May 06 23:04:11 UTC 2026","0","HabitNuWebAppSuite","3. Nutrition and Recipes","WebAppSanityPackage.recipeBuilder","WebAppSanityPackage.recipeBuilder","deleteFavRecipesFromFavorites","delete fav recipes from favorite section and validate the same from recipe list page",""
"broken","Wed May 06 23:02:08 UTC 2026","Wed May 06 23:02:08 UTC 2026","1","HabitNuWebAppSuite","3. Nutrition and Recipes","WebAppSanityPackage.recipeBuilder","WebAppSanityPackage.recipeBuilder","viewTheFavoritedRecipePage","view fav recipe",""
"broken","Wed May 06 22:33:27 UTC 2026","Wed May 06 22:33:37 UTC 2026","10809","HabitNuWebAppSuite","2. Health Metrics","WebAppSanityPackage.Sugar_Section","WebAppSanityPackage.Sugar_Section","case14","add yesterday's Blood Sugar n it should show last added data Before Meal",""
"broken","Wed May 06 22:10:32 UTC 2026","Wed May 06 22:11:03 UTC 2026","30222","HabitNuWebAppSuite","1. Core and Authentication","WebAppSanityPackage.ProfileAppClass","WebAppSanityPackage.ProfileAppClass","case49","Add Hips (in inches) as 0 and save",""
"broken","Wed May 06 22:48:39 UTC 2026","Wed May 06 22:48:39 UTC 2026","12","HabitNuWebAppSuite","2. Health Metrics","WebAppSanityPackage.TobaccoSection","WebAppSanityPackage.TobaccoSection","case7_setValidTarget","enter valid Target",""
"broken","Wed May 06 22:39:09 UTC 2026","Wed May 06 22:39:20 UTC 2026","10242","HabitNuWebAppSuite","2. Health Metrics","WebAppSanityPackage.Hba1c","WebAppSanityPackage.Hba1c","editTargetButDoNotSave","edit target values and do click on 'x' mark and do not save",""
"broken","Wed May 06 22:31:19 UTC 2026","Wed May 06 22:31:40 UTC 2026","20429","HabitNuWebAppSuite","2. Health Metrics","WebAppSanityPackage.Sugar_Section","WebAppSanityPackage.Sugar_Section","editTargetValid","edit Target - valid",""
"broken","Wed May 06 21:58:51 UTC 2026","Wed May 06 21:59:21 UTC 2026","30151","HabitNuWebAppSuite","1. Core and Authentication","WebAppSanityPackage.ProfileAppClass","WebAppSanityPackage.ProfileAppClass","case19","Click on Basic information and validate the presence of expected fields and absence of unexpected fields",""
"broken","Wed May 06 22:29:06 UTC 2026","Wed May 06 22:29:08 UTC 2026","1107","HabitNuWebAppSuite","2. Health Metrics","WebAppSanityPackage.BloodPressure_Section","WebAppSanityPackage.BloodPressure_Section","case20_verifyHistoryTableDateTime","[MODAL] Verify blood pressure history table displays correct date/time entries with proper formatting",""
"broken","Wed May 06 23:30:28 UTC 2026","Wed May 06 23:30:41 UTC 2026","12809","HabitNuWebAppSuite","4. Lifestyle and Social","WebAppSanityPackage.DiscussAppClass","WebAppSanityPackage.DiscussAppClass","case6","Upload only a file (should not allow)",""
"broken","Wed May 06 22:39:20 UTC 2026","Wed May 06 22:39:30 UTC 2026","10214","HabitNuWebAppSuite","2. Health Metrics","WebAppSanityPackage.Hba1c","WebAppSanityPackage.Hba1c","editTargetWithNegatives","edit -  negative target values and assert messages",""
"passed","Wed May 06 23:04:11 UTC 2026","Wed May 06 23:04:11 UTC 2026","27","HabitNuWebAppSuite","3. Nutrition and Recipes","WebAppSanityPackage.recipeBuilder","WebAppSanityPackage.recipeBuilder","verifyFavoriteRecipesByRecipeServings","verify favorite food list under Food> by Recipe servings",""
"broken","Wed May 06 21:59:21 UTC 2026","Wed May 06 21:59:52 UTC 2026","30564","HabitNuWebAppSuite","1. Core and Authentication","WebAppSanityPackage.ProfileAppClass","WebAppSanityPackage.ProfileAppClass","blankContactNumberValidation","Keep contact number blank → Show validation error",""
"broken","Wed May 06 23:18:24 UTC 2026","Wed May 06 23:18:25 UTC 2026","1094","HabitNuWebAppSuite","4. Lifestyle and Social","WebAppSanityPackage.HabitsAppClass","WebAppSanityPackage.HabitsAppClass","case16","Click on Back button and go back to Habits list",""
"passed","Wed May 06 21:54:16 UTC 2026","Wed May 06 21:54:20 UTC 2026","3738","HabitNuWebAppSuite","1. Core and Authentication","WebAppSanityPackage.Login","WebAppSanityPackage.Login","testProjectPowerRegisterNavigation","Verify Register navigation in Project Power",""
"passed","Wed May 06 22:24:32 UTC 2026","Wed May 06 22:24:46 UTC 2026","14256","HabitNuWebAppSuite","1. Core and Authentication","WebAppSanityPackage.GuidedTour","WebAppSanityPackage.GuidedTour","test16_finishtour","And user is navigating first to last slide and validating finish button",""
"broken","Wed May 06 22:30:38 UTC 2026","Wed May 06 22:30:58 UTC 2026","20441","HabitNuWebAppSuite","2. Health Metrics","WebAppSanityPackage.Sugar_Section","WebAppSanityPackage.Sugar_Section","setNegativeSystolicTarget","enter negative High target values and assert messages",""
"broken","Wed May 06 22:35:50 UTC 2026","Wed May 06 22:35:51 UTC 2026","1135","HabitNuWebAppSuite","2. Health Metrics","WebAppSanityPackage.WebAppHealth_WeightSection","WebAppSanityPackage.WebAppHealth_WeightSection","case4","verify last added monthly and yesterday's data in details page",""
"broken","Wed May 06 22:49:51 UTC 2026","Wed May 06 22:50:13 UTC 2026","21646","HabitNuWebAppSuite","2. Health Metrics","WebAppSanityPackage.TobaccoSection","WebAppSanityPackage.TobaccoSection","case23","verify blank data in Tobacco section",""
"broken","Wed May 06 22:58:37 UTC 2026","Wed May 06 22:58:49 UTC 2026","12252","HabitNuWebAppSuite","3. Nutrition and Recipes","WebAppSanityPackage.habiRecipe","WebAppSanityPackage.habiRecipe","case33_LogAllPreferencesRecipe","Selecting the  Generated Recipe of All recipes and Logging It",""
"passed","Wed May 06 22:22:42 UTC 2026","Wed May 06 22:22:44 UTC 2026","2172","HabitNuWebAppSuite","1. Core and Authentication","WebAppSanityPackage.ProfileAppClass","WebAppSanityPackage.ProfileAppClass","case87","Switch back to English language and verify UI text",""
"passed","Wed May 06 22:24:17 UTC 2026","Wed May 06 22:24:17 UTC 2026","202","HabitNuWebAppSuite","1. Core and Authentication","WebAppSanityPackage.GuidedTour","WebAppSanityPackage.GuidedTour","test11_navigatingtourpage4","And user is navigating from third slide to fourth slide and validating",""
"passed","Wed May 06 22:24:15 UTC 2026","Wed May 06 22:24:16 UTC 2026","1018","HabitNuWebAppSuite","1. Core and Authentication","WebAppSanityPackage.GuidedTour","WebAppSanityPackage.GuidedTour","test8_validatingtourpage1","And user is validating the first slide of the tour page",""
"broken","Wed May 06 22:26:36 UTC 2026","Wed May 06 22:26:46 UTC 2026","10228","HabitNuWebAppSuite","2. Health Metrics","WebAppSanityPackage.BloodPressure_Section","WebAppSanityPackage.BloodPressure_Section","case5_setNegativeDiastolicTarget","[MAIN CARD] Verify Set Target validation error when entering negative diastolic target value",""
"broken","Wed May 06 22:42:09 UTC 2026","Wed May 06 22:42:10 UTC 2026","1166","HabitNuWebAppSuite","2. Health Metrics","WebAppSanityPackage.Medication","WebAppSanityPackage.Medication","case15","Coach- Users- Medication- Creating new Medications.",""
"passed","Wed May 06 23:12:05 UTC 2026","Wed May 06 23:12:05 UTC 2026","12","HabitNuWebAppSuite","4. Lifestyle and Social","WebAppSanityPackage.HabitsAppClass","WebAppSanityPackage.HabitsAppClass","case2","If there are no Habits in the Habits section - it should display There are no Habits to display",""
"broken","Wed May 06 22:08:31 UTC 2026","Wed May 06 22:09:01 UTC 2026","30211","HabitNuWebAppSuite","1. Core and Authentication","WebAppSanityPackage.ProfileAppClass","WebAppSanityPackage.ProfileAppClass","case45","Add Waist (in inches) as 0 and save",""
"broken","Wed May 06 22:47:43 UTC 2026","Wed May 06 22:47:45 UTC 2026","2231","HabitNuWebAppSuite","2. Health Metrics","WebAppSanityPackage.ExerciseSection","WebAppSanityPackage.ExerciseSection","case10","verify others data",""
"broken","Wed May 06 22:42:13 UTC 2026","Wed May 06 22:42:14 UTC 2026","1097","HabitNuWebAppSuite","2. Health Metrics","WebAppSanityPackage.Medication","WebAppSanityPackage.Medication","Case19addValidMedicationName","TC: Add valid Medication name and save",""
"broken","Wed May 06 22:10:02 UTC 2026","Wed May 06 22:10:32 UTC 2026","30269","HabitNuWebAppSuite","1. Core and Authentication","WebAppSanityPackage.ProfileAppClass","WebAppSanityPackage.ProfileAppClass","case48","Keep Hips (in inches) as blank and save",""
"broken","Wed May 06 22:01:27 UTC 2026","Wed May 06 22:01:58 UTC 2026","30116","HabitNuWebAppSuite","1. Core and Authentication","WebAppSanityPackage.ProfileAppClass","WebAppSanityPackage.ProfileAppClass","keepCityBlankAndSave","Keep City as blank and save → Should throw validation error",""
"broken","Wed May 06 22:32:11 UTC 2026","Wed May 06 22:32:12 UTC 2026","1060","HabitNuWebAppSuite","2. Health Metrics","WebAppSanityPackage.Sugar_Section","WebAppSanityPackage.Sugar_Section","case3","Click on Blood Sugar , click on add new button and add Blood Sugar Before Meal for current year current date ",""
"broken","Wed May 06 22:00:57 UTC 2026","Wed May 06 22:01:27 UTC 2026","30119","HabitNuWebAppSuite","1. Core and Authentication","WebAppSanityPackage.ProfileAppClass","WebAppSanityPackage.ProfileAppClass","editAddressLine2AndSave","Edit Address line 2 and save",""
"broken","Wed May 06 22:08:01 UTC 2026","Wed May 06 22:08:31 UTC 2026","30225","HabitNuWebAppSuite","1. Core and Authentication","WebAppSanityPackage.ProfileAppClass","WebAppSanityPackage.ProfileAppClass","case44","Keep Waist (in inches) as blank and save",""
"broken","Wed May 06 23:26:15 UTC 2026","Wed May 06 23:26:16 UTC 2026","1092","HabitNuWebAppSuite","4. Lifestyle and Social","WebAppSanityPackage.HabitsAppClass","WebAppSanityPackage.HabitsAppClass","case25","Click on Calender and close it without making changes",""
"broken","Wed May 06 23:35:22 UTC 2026","Wed May 06 23:35:23 UTC 2026","1093","HabitNuWebAppSuite","4. Lifestyle and Social","WebAppSanityPackage.Weights_lbs_Kgs","WebAppSanityPackage.Weights_lbs_Kgs","case9","Dashboard weights match unit selected",""
"broken","Wed May 06 22:44:44 UTC 2026","Wed May 06 22:44:54 UTC 2026","10249","HabitNuWebAppSuite","2. Health Metrics","WebAppSanityPackage.ExerciseSection","WebAppSanityPackage.ExerciseSection","BeditTargetWithBlankValue","edit - Exercise cannot be blank",""
"broken","Wed May 06 22:44:16 UTC 2026","Wed May 06 22:44:34 UTC 2026","17845","HabitNuWebAppSuite","2. Health Metrics","WebAppSanityPackage.ExerciseSection","WebAppSanityPackage.ExerciseSection","noTargetSet","verify no target case",""
"broken","Wed May 06 21:53:24 UTC 2026","Wed May 06 21:53:35 UTC 2026","11867","HabitNuWebAppSuite","1. Core and Authentication","WebAppSanityPackage.Login","WebAppSanityPackage.Login","testLoginWithInvalidOTP","Verify error message when using an invalid OTP",""
"broken","Wed May 06 23:13:54 UTC 2026","Wed May 06 23:14:05 UTC 2026","10267","HabitNuWebAppSuite","4. Lifestyle and Social","WebAppSanityPackage.HabitsAppClass","WebAppSanityPackage.HabitsAppClass","case8","double click on habit button and it should open the pop up",""
"broken","Wed May 06 22:41:57 UTC 2026","Wed May 06 22:42:08 UTC 2026","10404","HabitNuWebAppSuite","2. Health Metrics","WebAppSanityPackage.Medication","WebAppSanityPackage.Medication","case13","Weight loss medication Your Medication Edit detials on Yor Medication",""
"broken","Wed May 06 23:09:50 UTC 2026","Wed May 06 23:09:51 UTC 2026","1060","HabitNuWebAppSuite","3. Nutrition and Recipes","WebAppSanityPackage.WebAppClass","WebAppSanityPackage.WebAppClass","case4","Click on add food and add the food - Snacks",""
"broken","Wed May 06 22:36:25 UTC 2026","Wed May 06 22:36:26 UTC 2026","1097","HabitNuWebAppSuite","2. Health Metrics","WebAppSanityPackage.WebAppHealth_WeightSection","WebAppSanityPackage.WebAppHealth_WeightSection","graphCase6","Load web app -> Click on Health section -> Weight section -> verify graph values",""
"broken","Wed May 06 23:34:20 UTC 2026","Wed May 06 23:34:20 UTC 2026","12","HabitNuWebAppSuite","4. Lifestyle and Social","WebAppSanityPackage.Weights_lbs_Kgs","WebAppSanityPackage.Weights_lbs_Kgs","setTargetMoreThan99","enter target more than 999 and assert messages",""
"broken","Wed May 06 21:55:35 UTC 2026","Wed May 06 21:55:36 UTC 2026","1128","HabitNuWebAppSuite","1. Core and Authentication","WebAppSanityPackage.HomePage","WebAppSanityPackage.HomePage","testSetTargetPage","Verify the Meals, Weight, Exercise page layout and functionality",""
"passed","Wed May 06 21:52:57 UTC 2026","Wed May 06 21:52:58 UTC 2026","742","HabitNuWebAppSuite","1. Core and Authentication","WebAppSanityPackage.Login","WebAppSanityPackage.Login","testLoginWithOnlyEmail","Verify error when only email is provided",""
"broken","Wed May 06 22:32:16 UTC 2026","Wed May 06 22:32:38 UTC 2026","22383","HabitNuWebAppSuite","2. Health Metrics","WebAppSanityPackage.Sugar_Section","WebAppSanityPackage.Sugar_Section","case7","Click on Blood Sugar , click on add new button and add Blood Sugar After Meal for current year current date -1",""
"broken","Wed May 06 22:50:57 UTC 2026","Wed May 06 22:51:01 UTC 2026","3310","HabitNuWebAppSuite","2. Health Metrics","WebAppSanityPackage.TobaccoSection","WebAppSanityPackage.TobaccoSection","case26","edit data in tobacco section",""
"broken","Wed May 06 21:56:42 UTC 2026","Wed May 06 21:56:42 UTC 2026","22","HabitNuWebAppSuite","1. Core and Authentication","WebAppSanityPackage.ProfileAppClass","WebAppSanityPackage.ProfileAppClass","lastNameBlankTest","Leave last name as blank → should show default name or fail gracefully",""
"broken","Wed May 06 22:02:58 UTC 2026","Wed May 06 22:03:28 UTC 2026","30117","HabitNuWebAppSuite","1. Core and Authentication","WebAppSanityPackage.ProfileAppClass","WebAppSanityPackage.ProfileAppClass","keepZipcodeBlankAndSave","Keep Zipcode blank and save → Should show validation error",""
"broken","Wed May 06 22:51:41 UTC 2026","Wed May 06 22:51:43 UTC 2026","1090","HabitNuWebAppSuite","3. Nutrition and Recipes","WebAppSanityPackage.foodGrouping","WebAppSanityPackage.foodGrouping","case4","add Meal to Break fast",""
"broken","Wed May 06 23:32:26 UTC 2026","Wed May 06 23:32:36 UTC 2026","10217","HabitNuWebAppSuite","4. Lifestyle and Social","WebAppSanityPackage.DiscussAppClass","WebAppSanityPackage.DiscussAppClass","case22","Post a message in my post",""
"broken","Wed May 06 22:33:00 UTC 2026","Wed May 06 22:33:11 UTC 2026","10746","HabitNuWebAppSuite","2. Health Metrics","WebAppSanityPackage.Sugar_Section","WebAppSanityPackage.Sugar_Section","case10","verify added today data in Blood Sugar section as After Meal",""
"broken","Wed May 06 22:52:15 UTC 2026","Wed May 06 22:52:25 UTC 2026","9683","HabitNuWebAppSuite","3. Nutrition and Recipes","WebAppSanityPackage.waterLog","WebAppSanityPackage.waterLog","case1","Main Page",""
"broken","Wed May 06 23:28:36 UTC 2026","Wed May 06 23:28:39 UTC 2026","3570","HabitNuWebAppSuite","4. Lifestyle and Social","WebAppSanityPackage.ChatandNotificationsClass","WebAppSanityPackage.ChatandNotificationsClass","case3","Type a message in chatbox and close the chat",""
"passed","Wed May 06 22:24:46 UTC 2026","Wed May 06 22:24:47 UTC 2026","1574","HabitNuWebAppSuite","1. Core and Authentication","WebAppSanityPackage.GuidedTour","WebAppSanityPackage.GuidedTour","test18_skiptour","When User is able to skip the guided tour",""
"passed","Wed May 06 23:09:55 UTC 2026","Wed May 06 23:09:55 UTC 2026","0","HabitNuWebAppSuite","3. Nutrition and Recipes","WebAppSanityPackage.WebAppClass","WebAppSanityPackage.WebAppClass","case8","Click on Add Food, go to recipes and search and add it",""
"passed","Wed May 06 22:23:59 UTC 2026","Wed May 06 22:24:00 UTC 2026","1140","HabitNuWebAppSuite","1. Core and Authentication","WebAppSanityPackage.GuidedTour","WebAppSanityPackage.GuidedTour","test2_userregistration","When user is able to enter the  registration form",""
"broken","Wed May 06 22:27:38 UTC 2026","Wed May 06 22:27:48 UTC 2026","10228","HabitNuWebAppSuite","2. Health Metrics","WebAppSanityPackage.BloodPressure_Section","WebAppSanityPackage.BloodPressure_Section","case11_editTargetWithNegatives","[MAIN CARD] Verify target edit validation error when entering negative systolic value",""
"broken","Wed May 06 22:51:40 UTC 2026","Wed May 06 22:51:41 UTC 2026","1091","HabitNuWebAppSuite","3. Nutrition and Recipes","WebAppSanityPackage.foodGrouping","WebAppSanityPackage.foodGrouping","case2","Create Meal in My Meals Section",""
"broken","Wed May 06 23:31:33 UTC 2026","Wed May 06 23:31:43 UTC 2026","10235","HabitNuWebAppSuite","4. Lifestyle and Social","WebAppSanityPackage.DiscussAppClass","WebAppSanityPackage.DiscussAppClass","case12","Edit the post with describe line ( It should edit the post)",""
"broken","Wed May 06 22:27:27 UTC 2026","Wed May 06 22:27:38 UTC 2026","10230","HabitNuWebAppSuite","2. Health Metrics","WebAppSanityPackage.BloodPressure_Section","WebAppSanityPackage.BloodPressure_Section","case10_editTargetButDoNotSave","[MAIN CARD] Verify edit target functionality - modify values but cancel without saving",""
"passed","Wed May 06 23:04:11 UTC 2026","Wed May 06 23:04:11 UTC 2026","107","HabitNuWebAppSuite","3. Nutrition and Recipes","WebAppSanityPackage.recipeBuilder","WebAppSanityPackage.recipeBuilder","verifyRemoveFavorites_from_recipeView_page","remove fav recipes from recipe view page",""
"broken","Wed May 06 22:53:40 UTC 2026","Wed May 06 22:53:41 UTC 2026","1072","HabitNuWebAppSuite","3. Nutrition and Recipes","WebAppSanityPackage.waterLog","WebAppSanityPackage.waterLog","case17","1183 ml Water Log",""
"broken","Wed May 06 22:52:57 UTC 2026","Wed May 06 22:53:07 UTC 2026","10253","HabitNuWebAppSuite","3. Nutrition and Recipes","WebAppSanityPackage.waterLog","WebAppSanityPackage.waterLog","case5","32 oz Water Log",""
"broken","Wed May 06 22:52:25 UTC 2026","Wed May 06 22:52:36 UTC 2026","11293","HabitNuWebAppSuite","3. Nutrition and Recipes","WebAppSanityPackage.waterLog","WebAppSanityPackage.waterLog","case2","8 oz Water Log",""
"broken","Wed May 06 22:43:19 UTC 2026","Wed May 06 22:43:29 UTC 2026","10359","HabitNuWebAppSuite","2. Health Metrics","WebAppSanityPackage.Medication","WebAppSanityPackage.Medication","case26","Creating new Medications details like selecting Frequency",""
"broken","Wed May 06 22:54:30 UTC 2026","Wed May 06 22:54:50 UTC 2026","20525","HabitNuWebAppSuite","3. Nutrition and Recipes","WebAppSanityPackage.habiRecipe","WebAppSanityPackage.habiRecipe","case4_SelectGeneratedRecipeAndLog","Selecting the Generated Recipe and Logging It",""
"broken","Wed May 06 22:18:40 UTC 2026","Wed May 06 22:18:43 UTC 2026","3523","HabitNuWebAppSuite","1. Core and Authentication","WebAppSanityPackage.ProfileAppClass","WebAppSanityPackage.ProfileAppClass","case73","Upload the file, name and file type and upload",""
"passed","Wed May 06 21:54:31 UTC 2026","Wed May 06 21:54:31 UTC 2026","273","HabitNuWebAppSuite","1. Core and Authentication","WebAppSanityPackage.HomePage","WebAppSanityPackage.HomePage","testNotificationPanelContentAndFunctionality","Verify notification panel content and functionality",""
"broken","Wed May 06 23:10:15 UTC 2026","Wed May 06 23:10:16 UTC 2026","1069","HabitNuWebAppSuite","3. Nutrition and Recipes","WebAppSanityPackage.WebAppClass","WebAppSanityPackage.WebAppClass","case17","Edit Food - Update fields and validate changes",""
"broken","Wed May 06 23:31:07 UTC 2026","Wed May 06 23:31:10 UTC 2026","3143","HabitNuWebAppSuite","4. Lifestyle and Social","WebAppSanityPackage.DiscussAppClass","WebAppSanityPackage.DiscussAppClass","case9","Upload a message with subject, description, and file over 10MB (should not allow)",""
"broken","Wed May 06 22:37:44 UTC 2026","Wed May 06 22:37:50 UTC 2026","5338","HabitNuWebAppSuite","2. Health Metrics","WebAppSanityPackage.Hba1c","WebAppSanityPackage.Hba1c","case9","verify data should not be more than 14 in Hba1c count section",""
"broken","Wed May 06 22:50:13 UTC 2026","Wed May 06 22:50:54 UTC 2026","40807","HabitNuWebAppSuite","2. Health Metrics","WebAppSanityPackage.TobaccoSection","WebAppSanityPackage.TobaccoSection","case24","verify negative data in Tobocco count section",""
"broken","Wed May 06 22:26:46 UTC 2026","Wed May 06 22:26:56 UTC 2026","10228","HabitNuWebAppSuite","2. Health Metrics","WebAppSanityPackage.BloodPressure_Section","WebAppSanityPackage.BloodPressure_Section","case6_setSystolicTargetMoreThan250","[MAIN CARD] Verify Set Target validation error when entering systolic target value greater than 250",""
"broken","Wed May 06 23:08:41 UTC 2026","Wed May 06 23:08:51 UTC 2026","10236","HabitNuWebAppSuite","3. Nutrition and Recipes","WebAppSanityPackage.Myrecipes","WebAppSanityPackage.Myrecipes","test11_removeingredient","And user is able to remove ingredient",""
"broken","Wed May 06 23:09:53 UTC 2026","Wed May 06 23:09:54 UTC 2026","1060","HabitNuWebAppSuite","3. Nutrition and Recipes","WebAppSanityPackage.WebAppClass","WebAppSanityPackage.WebAppClass","case6","Click on Add food, Go to frequent section check whether the same food is listed",""
"broken","Wed May 06 22:46:44 UTC 2026","Wed May 06 22:46:55 UTC 2026","10979","HabitNuWebAppSuite","2. Health Metrics","WebAppSanityPackage.ExerciseSection","WebAppSanityPackage.ExerciseSection","case4","verify added today data in exercise section and verify total exercise per day",""
"broken","Wed May 06 22:38:28 UTC 2026","Wed May 06 22:38:39 UTC 2026","10209","HabitNuWebAppSuite","2. Health Metrics","WebAppSanityPackage.Hba1c","WebAppSanityPackage.Hba1c","editTargetWithBlankValue","edit -  HbA1c cannot be blank",""
"broken","Wed May 06 22:27:48 UTC 2026","Wed May 06 22:27:58 UTC 2026","10237","HabitNuWebAppSuite","2. Health Metrics","WebAppSanityPackage.BloodPressure_Section","WebAppSanityPackage.BloodPressure_Section","case12_editTargetWithGreaterThan250","[MAIN CARD] Verify target edit validation error when entering systolic value greater than 250",""
"broken","Wed May 06 22:40:44 UTC 2026","Wed May 06 22:40:54 UTC 2026","10387","HabitNuWebAppSuite","2. Health Metrics","WebAppSanityPackage.Medication","WebAppSanityPackage.Medication","case7","Creating new Medications details like selecting Frequency ",""
"broken","Wed May 06 23:30:07 UTC 2026","Wed May 06 23:30:07 UTC 2026","14","HabitNuWebAppSuite","4. Lifestyle and Social","WebAppSanityPackage.DiscussAppClass","WebAppSanityPackage.DiscussAppClass","case3","Post a message with description only (should allow posting)",""
"broken","Wed May 06 21:54:54 UTC 2026","Wed May 06 21:54:55 UTC 2026","771","HabitNuWebAppSuite","1. Core and Authentication","WebAppSanityPackage.HomePage","WebAppSanityPackage.HomePage","testDiscussionPage","Verify the Discussion Section content and functionality",""
"broken","Wed May 06 23:09:56 UTC 2026","Wed May 06 23:09:57 UTC 2026","1104","HabitNuWebAppSuite","3. Nutrition and Recipes","WebAppSanityPackage.WebAppClass","WebAppSanityPackage.WebAppClass","case10","Click on View Food Log, and add food - Lunch via frequent section",""
"broken","Wed May 06 23:10:16 UTC 2026","Wed May 06 23:10:26 UTC 2026","10240","HabitNuWebAppSuite","3. Nutrition and Recipes","WebAppSanityPackage.WebAppClass","WebAppSanityPackage.WebAppClass","case18","Attempt to Edit Food without Mandatory Fields",""
"broken","Wed May 06 21:56:10 UTC 2026","Wed May 06 21:56:40 UTC 2026","30281","HabitNuWebAppSuite","1. Core and Authentication","WebAppSanityPackage.ProfileAppClass","WebAppSanityPackage.ProfileAppClass","firstNameBlankValidation","Leave first name blank → show error",""
"failed","Wed May 06 21:53:52 UTC 2026","Wed May 06 21:53:59 UTC 2026","6817","HabitNuWebAppSuite","1. Core and Authentication","WebAppSanityPackage.Login","WebAppSanityPackage.Login","testFullPasswordResetFlow","E2E Password Reset Flow (T-17, T-20, T-21, T-22, T-23)",""
"broken","Wed May 06 22:42:11 UTC 2026","Wed May 06 22:42:12 UTC 2026","19","HabitNuWebAppSuite","2. Health Metrics","WebAppSanityPackage.Medication","WebAppSanityPackage.Medication","Case17validateMedicationFieldRequired","TC: Keep the Medication field empty and save",""
"broken","Wed May 06 22:58:26 UTC 2026","Wed May 06 22:58:37 UTC 2026","10348","HabitNuWebAppSuite","3. Nutrition and Recipes","WebAppSanityPackage.habiRecipe","WebAppSanityPackage.habiRecipe","case32_GenerateRecipeForAllPreferences","Generate New Recipe for All Recipes",""
"broken","Wed May 06 23:09:05 UTC 2026","Wed May 06 23:09:06 UTC 2026","1098","HabitNuWebAppSuite","3. Nutrition and Recipes","WebAppSanityPackage.Myrecipes","WebAppSanityPackage.Myrecipes","test16_logmeal","And user is able to add Meal which is logged from my recipe",""
"passed","Wed May 06 21:54:31 UTC 2026","Wed May 06 21:54:31 UTC 2026","85","HabitNuWebAppSuite","1. Core and Authentication","WebAppSanityPackage.HomePage","WebAppSanityPackage.HomePage","testExploreSectionItemsAreVisible","Verify all items in the 'Explore' section are visible",""
"broken","Wed May 06 22:25:27 UTC 2026","Wed May 06 22:25:45 UTC 2026","18181","HabitNuWebAppSuite","2. Health Metrics","WebAppSanityPackage.BloodPressure_Section","WebAppSanityPackage.BloodPressure_Section","case1_addInitialBloodPressureData","[MAIN CARD] Navigate to Health tab and add initial blood pressure data using the Add New button",""
"passed","Wed May 06 23:29:28 UTC 2026","Wed May 06 23:29:39 UTC 2026","10468","HabitNuWebAppSuite","4. Lifestyle and Social","WebAppSanityPackage.ChatandNotificationsClass","WebAppSanityPackage.ChatandNotificationsClass","case12","Click on Reminder : You have an appointment in an hour",""
"broken","Wed May 06 22:32:13 UTC 2026","Wed May 06 22:32:15 UTC 2026","1085","HabitNuWebAppSuite","2. Health Metrics","WebAppSanityPackage.Sugar_Section","WebAppSanityPackage.Sugar_Section","case5","Click on Blood Sugar , click on add new button and add Blood Sugar fasting for current year current date -1 ",""
"broken","Wed May 06 23:27:22 UTC 2026","Wed May 06 23:28:24 UTC 2026","62717","HabitNuWebAppSuite","4. Lifestyle and Social","WebAppSanityPackage.HabitsAppClass","WebAppSanityPackage.HabitsAppClass","case29","Click on Activate and add the habit back",""
"broken","Wed May 06 23:30:08 UTC 2026","Wed May 06 23:30:18 UTC 2026","10225","HabitNuWebAppSuite","4. Lifestyle and Social","WebAppSanityPackage.DiscussAppClass","WebAppSanityPackage.DiscussAppClass","case4","Click on post button without entering message (should not allow posting)",""
"broken","Wed May 06 22:42:12 UTC 2026","Wed May 06 22:42:13 UTC 2026","1100","HabitNuWebAppSuite","2. Health Metrics","WebAppSanityPackage.Medication","WebAppSanityPackage.Medication","Case18addValidMedicationName","TC11: Add valid Medication name and save",""
"passed","Wed May 06 23:11:17 UTC 2026","Wed May 06 23:11:17 UTC 2026","0","HabitNuWebAppSuite","3. Nutrition and Recipes","WebAppSanityPackage.WebAppClass","WebAppSanityPackage.WebAppClass","case29","Powered by Edaman link test case",""
"broken","Wed May 06 22:50:54 UTC 2026","Wed May 06 22:50:57 UTC 2026","3415","HabitNuWebAppSuite","2. Health Metrics","WebAppSanityPackage.TobaccoSection","WebAppSanityPackage.TobaccoSection","case25","verify data should not be more than 100000 in Tobocco count section,Systolic should not be grater than 250",""
"broken","Wed May 06 22:55:34 UTC 2026","Wed May 06 22:55:46 UTC 2026","12343","HabitNuWebAppSuite","3. Nutrition and Recipes","WebAppSanityPackage.habiRecipe","WebAppSanityPackage.habiRecipe","case11_GenerateRecipeForFoodAllergies","Generate New Recipe for Food allergies",""
"passed","Wed May 06 22:42:59 UTC 2026","Wed May 06 22:43:19 UTC 2026","20168","HabitNuWebAppSuite","2. Health Metrics","WebAppSanityPackage.Medication","WebAppSanityPackage.Medication","case25","Before Food or After Food Selection",""
"passed","Wed May 06 21:54:13 UTC 2026","Wed May 06 21:54:15 UTC 2026","1214","HabitNuWebAppSuite","1. Core and Authentication","WebAppSanityPackage.Login","WebAppSanityPackage.Login","testHabitNuRegisterNavigation","Verify Register navigation in HabitNu",""
"broken","Wed May 06 23:33:18 UTC 2026","Wed May 06 23:33:20 UTC 2026","1098","HabitNuWebAppSuite","4. Lifestyle and Social","WebAppSanityPackage.Weights_lbs_Kgs","WebAppSanityPackage.Weights_lbs_Kgs","case2","Dashboard weights match unit selected",""
"broken","Wed May 06 22:54:51 UTC 2026","Wed May 06 22:54:54 UTC 2026","3064","HabitNuWebAppSuite","3. Nutrition and Recipes","WebAppSanityPackage.habiRecipe","WebAppSanityPackage.habiRecipe","case6_SetDietaryRestrictionsPreferences","Dietary restrictions	",""
"passed","Wed May 06 22:43:51 UTC 2026","Wed May 06 22:43:52 UTC 2026","1116","HabitNuWebAppSuite","2. Health Metrics","WebAppSanityPackage.Medication","WebAppSanityPackage.Medication","case31","Weight loss medication Review",""
"broken","Wed May 06 22:56:10 UTC 2026","Wed May 06 22:56:14 UTC 2026","4064","HabitNuWebAppSuite","3. Nutrition and Recipes","WebAppSanityPackage.habiRecipe","WebAppSanityPackage.habiRecipe","case14_SetDietTypePreferences","Diet type",""
"broken","Wed May 06 22:45:56 UTC 2026","Wed May 06 22:46:06 UTC 2026","10218","HabitNuWebAppSuite","2. Health Metrics","WebAppSanityPackage.ExerciseSection","WebAppSanityPackage.ExerciseSection","editTargetWithNegatives","edit - negative target values and assert messages",""
"broken","Wed May 06 22:53:42 UTC 2026","Wed May 06 22:53:43 UTC 2026","1058","HabitNuWebAppSuite","3. Nutrition and Recipes","WebAppSanityPackage.waterLog","WebAppSanityPackage.waterLog","case19","Validate setting reminders and verifying Wrong timings",""
"passed","Wed May 06 21:54:38 UTC 2026","Wed May 06 21:54:51 UTC 2026","13187","HabitNuWebAppSuite","1. Core and Authentication","WebAppSanityPackage.HomePage","WebAppSanityPackage.HomePage","testHabitsSection","Verify Habits panel content and functionality",""
"broken","Wed May 06 22:32:38 UTC 2026","Wed May 06 22:32:49 UTC 2026","10790","HabitNuWebAppSuite","2. Health Metrics","WebAppSanityPackage.Sugar_Section","WebAppSanityPackage.Sugar_Section","case8","Verify No data added for last 30 days",""
"broken","Wed May 06 22:45:25 UTC 2026","Wed May 06 22:45:36 UTC 2026","10225","HabitNuWebAppSuite","2. Health Metrics","WebAppSanityPackage.ExerciseSection","WebAppSanityPackage.ExerciseSection","setValidTarget","enter valid Target",""
"broken","Wed May 06 23:00:07 UTC 2026","Wed May 06 23:01:08 UTC 2026","60391","HabitNuWebAppSuite","3. Nutrition and Recipes","WebAppSanityPackage.recipeBuilder","WebAppSanityPackage.recipeBuilder","validateRecipeCardElements","Verify recipe card elements",""
"broken","Wed May 06 23:09:30 UTC 2026","Wed May 06 23:09:48 UTC 2026","17821","HabitNuWebAppSuite","3. Nutrition and Recipes","WebAppSanityPackage.WebAppClass","WebAppSanityPackage.WebAppClass","case1","Click on add food and add the food - Breakfast",""
"passed","Wed May 06 22:24:17 UTC 2026","Wed May 06 22:24:18 UTC 2026","746","HabitNuWebAppSuite","1. Core and Authentication","WebAppSanityPackage.GuidedTour","WebAppSanityPackage.GuidedTour","test12_navigatingtourpage5","And user is navigating from fourth slide to fifth and validating",""
"broken","Wed May 06 22:51:53 UTC 2026","Wed May 06 22:51:54 UTC 2026","1069","HabitNuWebAppSuite","3. Nutrition and Recipes","WebAppSanityPackage.foodGrouping","WebAppSanityPackage.foodGrouping","case17","Create 'My Meal' from logged foods in LUNCH sections",""
"broken","Wed May 06 22:27:17 UTC 2026","Wed May 06 22:27:27 UTC 2026","10251","HabitNuWebAppSuite","2. Health Metrics","WebAppSanityPackage.BloodPressure_Section","WebAppSanityPackage.BloodPressure_Section","case9_editTargetValid","[MAIN CARD] Verify successful editing of existing blood pressure target with valid values",""
"passed","Wed May 06 21:52:51 UTC 2026","Wed May 06 21:52:53 UTC 2026","1857","HabitNuWebAppSuite","1. Core and Authentication","WebAppSanityPackage.Login","WebAppSanityPackage.Login","testLoginWithInactiveUser","Verify error for an inactive user account",""
"broken","Wed May 06 23:09:54 UTC 2026","Wed May 06 23:09:55 UTC 2026","1061","HabitNuWebAppSuite","3. Nutrition and Recipes","WebAppSanityPackage.WebAppClass","WebAppSanityPackage.WebAppClass","case7","Click on Add Food, go to Custom and create a customized food",""
"passed","Wed May 06 23:11:17 UTC 2026","Wed May 06 23:11:44 UTC 2026","27019","HabitNuWebAppSuite","3. Nutrition and Recipes","WebAppSanityPackage.WebAppClass","WebAppSanityPackage.WebAppClass","case30","Coach-Users Test Case in meals section",""
"passed","Wed May 06 22:24:19 UTC 2026","Wed May 06 22:24:19 UTC 2026","565","HabitNuWebAppSuite","1. Core and Authentication","WebAppSanityPackage.GuidedTour","WebAppSanityPackage.GuidedTour","test14_navigatingtourpage7","And user is navigating from sixth slide to seventh and validating",""
"passed","Wed May 06 23:11:50 UTC 2026","Wed May 06 23:11:57 UTC 2026","6858","HabitNuWebAppSuite","3. Nutrition and Recipes","WebAppSanityPackage.WebAppClass","WebAppSanityPackage.WebAppClass","delete_from_all_food_sections","Deleting all data starting from breakfast to snacks",""
"broken","Wed May 06 22:45:36 UTC 2026","Wed May 06 22:45:46 UTC 2026","10216","HabitNuWebAppSuite","2. Health Metrics","WebAppSanityPackage.ExerciseSection","WebAppSanityPackage.ExerciseSection","editTargetValid","edit Target - valid",""
"broken","Wed May 06 22:31:52 UTC 2026","Wed May 06 22:32:11 UTC 2026","18561","HabitNuWebAppSuite","2. Health Metrics","WebAppSanityPackage.Sugar_Section","WebAppSanityPackage.Sugar_Section","case2","Click on Blood Sugar , click on add new button and add Blood Sugar fasting for current year current date ",""
"broken","Wed May 06 22:11:33 UTC 2026","Wed May 06 22:12:03 UTC 2026","30221","HabitNuWebAppSuite","1. Core and Authentication","WebAppSanityPackage.ProfileAppClass","WebAppSanityPackage.ProfileAppClass","case51","Add Hips (in inches) as valid number and save",""
"broken","Wed May 06 22:35:33 UTC 2026","Wed May 06 22:35:49 UTC 2026","15795","HabitNuWebAppSuite","2. Health Metrics","WebAppSanityPackage.WebAppHealth_WeightSection","WebAppSanityPackage.WebAppHealth_WeightSection","case2","Click on weight , click on add new button and add weight for last month",""
"broken","Wed May 06 22:38:18 UTC 2026","Wed May 06 22:38:28 UTC 2026","10200","HabitNuWebAppSuite","2. Health Metrics","WebAppSanityPackage.Hba1c","WebAppSanityPackage.Hba1c","setNegativeTarget","enter negative target values and assert messages",""
"broken","Wed May 06 22:57:50 UTC 2026","Wed May 06 22:57:51 UTC 2026","1054","HabitNuWebAppSuite","3. Nutrition and Recipes","WebAppSanityPackage.habiRecipe","WebAppSanityPackage.habiRecipe","case25_SelectMicronutrientRecipeFromList","Selecting the Generated Recipe and Logging It",""
"passed","Wed May 06 22:53:46 UTC 2026","Wed May 06 22:53:53 UTC 2026","7262","HabitNuWebAppSuite","3. Nutrition and Recipes","WebAppSanityPackage.habiRecipe","WebAppSanityPackage.habiRecipe","case1_NavigateToRecipesPage","Main Page",""
"broken","Wed May 06 23:10:11 UTC 2026","Wed May 06 23:10:12 UTC 2026","1061","HabitNuWebAppSuite","3. Nutrition and Recipes","WebAppSanityPackage.WebAppClass","WebAppSanityPackage.WebAppClass","case14","Click on View Food Log, Select a Food and Delete it",""
"broken","Wed May 06 22:35:12 UTC 2026","Wed May 06 22:35:12 UTC 2026","13","HabitNuWebAppSuite","2. Health Metrics","WebAppSanityPackage.WebAppHealth_WeightSection","WebAppSanityPackage.WebAppHealth_WeightSection","setValidTarget","enter valid Target",""
"broken","Wed May 06 23:10:12 UTC 2026","Wed May 06 23:10:14 UTC 2026","1066","HabitNuWebAppSuite","3. Nutrition and Recipes","WebAppSanityPackage.WebAppClass","WebAppSanityPackage.WebAppClass","case15","Click on Date Picker, Select Previous Date, and Add Food",""
"passed","Wed May 06 22:22:39 UTC 2026","Wed May 06 22:22:39 UTC 2026","218","HabitNuWebAppSuite","1. Core and Authentication","WebAppSanityPackage.ProfileAppClass","WebAppSanityPackage.ProfileAppClass","case85","Click on Language Preferences section",""
"broken","Wed May 06 22:13:34 UTC 2026","Wed May 06 22:14:05 UTC 2026","30216","HabitNuWebAppSuite","1. Core and Authentication","WebAppSanityPackage.ProfileAppClass","WebAppSanityPackage.ProfileAppClass","validateHealthParametersFields","Validate presence and absence of fields in Health Parameters section",""
"broken","Wed May 06 22:37:56 UTC 2026","Wed May 06 22:38:08 UTC 2026","11315","HabitNuWebAppSuite","2. Health Metrics","WebAppSanityPackage.Hba1c","WebAppSanityPackage.Hba1c","noTargetSet","verify no target case",""
"broken","Wed May 06 22:36:08 UTC 2026","Wed May 06 22:36:19 UTC 2026","10517","HabitNuWebAppSuite","2. Health Metrics","WebAppSanityPackage.WebAppHealth_WeightSection","WebAppSanityPackage.WebAppHealth_WeightSection","case12","Add data as double weight",""
"broken","Wed May 06 22:52:47 UTC 2026","Wed May 06 22:52:57 UTC 2026","10256","HabitNuWebAppSuite","3. Nutrition and Recipes","WebAppSanityPackage.waterLog","WebAppSanityPackage.waterLog","case4","24 oz Water Log",""
"broken","Wed May 06 23:30:54 UTC 2026","Wed May 06 23:31:07 UTC 2026","12648","HabitNuWebAppSuite","4. Lifestyle and Social","WebAppSanityPackage.DiscussAppClass","WebAppSanityPackage.DiscussAppClass","case8","Upload only a file (should not allow)",""
"broken","Wed May 06 23:29:57 UTC 2026","Wed May 06 23:30:07 UTC 2026","10215","HabitNuWebAppSuite","4. Lifestyle and Social","WebAppSanityPackage.DiscussAppClass","WebAppSanityPackage.DiscussAppClass","case2","Post a message with subject only (should show error)",""
"passed","Wed May 06 21:52:22 UTC 2026","Wed May 06 21:52:39 UTC 2026","16791","HabitNuWebAppSuite","1. Core and Authentication","WebAppSanityPackage.Login","WebAppSanityPackage.Login","testLogout","Verify error for a valid email with an invalid password",""
"broken","Wed May 06 22:53:36 UTC 2026","Wed May 06 22:53:37 UTC 2026","1076","HabitNuWebAppSuite","3. Nutrition and Recipes","WebAppSanityPackage.waterLog","WebAppSanityPackage.waterLog","case14","473 ml Water Log",""
"broken","Wed May 06 22:55:07 UTC 2026","Wed May 06 22:55:30 UTC 2026","22521","HabitNuWebAppSuite","3. Nutrition and Recipes","WebAppSanityPackage.habiRecipe","WebAppSanityPackage.habiRecipe","case8_LogDietaryRestrictionsRecipe","Selecting the  Generated Recipe of Dietary restrictions and Logging It",""
"broken","Wed May 06 22:49:11 UTC 2026","Wed May 06 22:49:13 UTC 2026","2063","HabitNuWebAppSuite","2. Health Metrics","WebAppSanityPackage.TobaccoSection","WebAppSanityPackage.TobaccoSection","case16_graphcase2","Load web app -> Click on Health section -> Weight section -> click on three lines -> Click on graph -> click on filter as last month",""
"broken","Wed May 06 22:46:22 UTC 2026","Wed May 06 22:46:33 UTC 2026","10486","HabitNuWebAppSuite","2. Health Metrics","WebAppSanityPackage.ExerciseSection","WebAppSanityPackage.ExerciseSection","case2","Click on Exercise, add exercise for last year, verify Total minutes is 0",""
"broken","Wed May 06 22:24:58 UTC 2026","Wed May 06 22:25:11 UTC 2026","12804","HabitNuWebAppSuite","1. Core and Authentication","WebAppSanityPackage.generalContentWEB","WebAppSanityPackage.generalContentWEB","case2","Fitness Videos Details",""
"broken","Wed May 06 22:31:19 UTC 2026","Wed May 06 22:31:19 UTC 2026","13","HabitNuWebAppSuite","2. Health Metrics","WebAppSanityPackage.Sugar_Section","WebAppSanityPackage.Sugar_Section","setHighTargetMoreThan250","enter High target more than 1000 and assert messages",""
"broken","Wed May 06 22:55:30 UTC 2026","Wed May 06 22:55:31 UTC 2026","1056","HabitNuWebAppSuite","3. Nutrition and Recipes","WebAppSanityPackage.habiRecipe","WebAppSanityPackage.habiRecipe","case9_SelectExistingRecipeAndLog","Selecting the Generated Recipe and Logging It",""
"broken","Wed May 06 22:33:49 UTC 2026","Wed May 06 22:34:04 UTC 2026","15015","HabitNuWebAppSuite","2. Health Metrics","WebAppSanityPackage.Sugar_Section","WebAppSanityPackage.Sugar_Section","case16","verify blank data in Blood Sugar section before meal",""
"broken","Wed May 06 22:35:12 UTC 2026","Wed May 06 22:35:12 UTC 2026","16","HabitNuWebAppSuite","2. Health Metrics","WebAppSanityPackage.WebAppHealth_WeightSection","WebAppSanityPackage.WebAppHealth_WeightSection","setTargetMoreThan99","enter target more than 999 and assert messages",""
"passed","Wed May 06 21:53:11 UTC 2026","Wed May 06 21:53:13 UTC 2026","1365","HabitNuWebAppSuite","1. Core and Authentication","WebAppSanityPackage.Login","WebAppSanityPackage.Login","testLoginWithInvalidEmailValidPassword","Verify login with invalid email and valid password",""
"broken","Wed May 06 22:06:30 UTC 2026","Wed May 06 22:07:00 UTC 2026","30229","HabitNuWebAppSuite","1. Core and Authentication","WebAppSanityPackage.ProfileAppClass","WebAppSanityPackage.ProfileAppClass","clickOnEditHealthParameters","Click on Health parameters edit → Should open edit mode",""
"broken","Wed May 06 22:55:46 UTC 2026","Wed May 06 22:56:09 UTC 2026","22519","HabitNuWebAppSuite","3. Nutrition and Recipes","WebAppSanityPackage.habiRecipe","WebAppSanityPackage.habiRecipe","case12_LogFoodAllergiesRecipe","Selecting the  Generated Recipe of Food allergies and Logging It",""
"passed","Wed May 06 22:28:19 UTC 2026","Wed May 06 22:28:24 UTC 2026","4723","HabitNuWebAppSuite","2. Health Metrics","WebAppSanityPackage.BloodPressure_Section","WebAppSanityPackage.BloodPressure_Section","case15_verifyNoDataMessageAndAddButton","[MAIN CARD] Verify Blood Pressure widget displays 'No data recorded yet' message and Add New button",""
"broken","Wed May 06 22:04:59 UTC 2026","Wed May 06 22:05:30 UTC 2026","30214","HabitNuWebAppSuite","1. Core and Authentication","WebAppSanityPackage.ProfileAppClass","WebAppSanityPackage.ProfileAppClass","keepZipcodevalidAndSave","Keep Zipcode with valid numbers and save → Should not show error",""
"broken","Wed May 06 23:34:20 UTC 2026","Wed May 06 23:35:20 UTC 2026","60192","HabitNuWebAppSuite","4. Lifestyle and Social","WebAppSanityPackage.Weights_lbs_Kgs","WebAppSanityPackage.Weights_lbs_Kgs","setValidTarget","enter valid Target",""
"broken","Wed May 06 23:34:20 UTC 2026","Wed May 06 23:34:20 UTC 2026","13","HabitNuWebAppSuite","4. Lifestyle and Social","WebAppSanityPackage.Weights_lbs_Kgs","WebAppSanityPackage.Weights_lbs_Kgs","setNegativeTarget","enter negative target values and assert messages",""
"broken","Wed May 06 22:21:37 UTC 2026","Wed May 06 22:22:08 UTC 2026","30988","HabitNuWebAppSuite","1. Core and Authentication","WebAppSanityPackage.ProfileAppClass","WebAppSanityPackage.ProfileAppClass","case82","Enter wrong current password and new password, click Change Password",""
"passed","Wed May 06 22:39:43 UTC 2026","Wed May 06 22:39:50 UTC 2026","7739","HabitNuWebAppSuite","2. Health Metrics","WebAppSanityPackage.Medication","WebAppSanityPackage.Medication","case1","Main Page - Navigate to Medications Section",""
"broken","Wed May 06 22:52:08 UTC 2026","Wed May 06 22:52:09 UTC 2026","1092","HabitNuWebAppSuite","3. Nutrition and Recipes","WebAppSanityPackage.foodGrouping","WebAppSanityPackage.foodGrouping","case22","editing 'My Meal' from existing group, delete items, then cancel",""
"broken","Wed May 06 22:29:20 UTC 2026","Wed May 06 22:29:23 UTC 2026","3369","HabitNuWebAppSuite","2. Health Metrics","WebAppSanityPackage.BloodPressure_Section","WebAppSanityPackage.BloodPressure_Section","case23_verifyNegativeDiastolicValidation","[MODAL] Verify form validation when entering negative value in diastolic field (min=0 validation) and leaving systolic field blank",""
"broken","Wed May 06 22:54:50 UTC 2026","Wed May 06 22:54:51 UTC 2026","1067","HabitNuWebAppSuite","3. Nutrition and Recipes","WebAppSanityPackage.habiRecipe","WebAppSanityPackage.habiRecipe","case5_SelectRecipeFromListAndLog","Selecting the Generated Recipe and Logging It",""
"broken","Wed May 06 22:16:18 UTC 2026","Wed May 06 22:16:53 UTC 2026","34687","HabitNuWebAppSuite","1. Core and Authentication","WebAppSanityPackage.ProfileAppClass","WebAppSanityPackage.ProfileAppClass","case67","Upload file type only and submit",""
"broken","Wed May 06 23:09:59 UTC 2026","Wed May 06 23:10:00 UTC 2026","1082","HabitNuWebAppSuite","3. Nutrition and Recipes","WebAppSanityPackage.WebAppClass","WebAppSanityPackage.WebAppClass","case12","Click on View Food Log, and add food - Snacks",""
"broken","Wed May 06 22:30:18 UTC 2026","Wed May 06 22:30:38 UTC 2026","20423","HabitNuWebAppSuite","2. Health Metrics","WebAppSanityPackage.Sugar_Section","WebAppSanityPackage.Sugar_Section","placeHolderOfBPCountValueInputBox","verify placeholder - High and Low ",""
"broken","Wed May 06 22:29:23 UTC 2026","Wed May 06 22:29:27 UTC 2026","3339","HabitNuWebAppSuite","2. Health Metrics","WebAppSanityPackage.BloodPressure_Section","WebAppSanityPackage.BloodPressure_Section","case24_verifySystolicMaxValueValidation","[MODAL] Verify systolic field maximum value validation (max=250) with extremely large input",""
"broken","Wed May 06 22:03:28 UTC 2026","Wed May 06 22:03:59 UTC 2026","30204","HabitNuWebAppSuite","1. Core and Authentication","WebAppSanityPackage.ProfileAppClass","WebAppSanityPackage.ProfileAppClass","keepZipcode4digitsAndSave","Keep Zipcode with 4 numbers and save → Should show validation error",""
"broken","Wed May 06 22:35:33 UTC 2026","Wed May 06 22:35:33 UTC 2026","11","HabitNuWebAppSuite","2. Health Metrics","WebAppSanityPackage.WebAppHealth_WeightSection","WebAppSanityPackage.WebAppHealth_WeightSection","editTargetWithNegatives","edit -  negative target values and assert messages",""
"broken","Wed May 06 23:09:57 UTC 2026","Wed May 06 23:09:58 UTC 2026","1059","HabitNuWebAppSuite","3. Nutrition and Recipes","WebAppSanityPackage.WebAppClass","WebAppSanityPackage.WebAppClass","case11","Click on View Food Log, and add food - Dinner",""
"broken","Wed May 06 21:55:36 UTC 2026","Wed May 06 21:55:37 UTC 2026","1097","HabitNuWebAppSuite","1. Core and Authentication","WebAppSanityPackage.HomePage","WebAppSanityPackage.HomePage","testMealsProgressBarByAddingFood","Verify the Meals progress bar updates correctly as meals are added",""
"broken","Wed May 06 23:03:09 UTC 2026","Wed May 06 23:04:09 UTC 2026","60335","HabitNuWebAppSuite","3. Nutrition and Recipes","WebAppSanityPackage.recipeBuilder","WebAppSanityPackage.recipeBuilder","ClickViewFullRecipeToViewFullRecipe","verify 'View Full Recipe' recipe button",""
"broken","Wed May 06 23:29:41 UTC 2026","Wed May 06 23:29:57 UTC 2026","16060","HabitNuWebAppSuite","4. Lifestyle and Social","WebAppSanityPackage.DiscussAppClass","WebAppSanityPackage.DiscussAppClass","case1","Post a message with subject and description (should allow posting)",""
"passed","Wed May 06 21:54:29 UTC 2026","Wed May 06 21:54:29 UTC 2026","40","HabitNuWebAppSuite","1. Core and Authentication","WebAppSanityPackage.HomePage","WebAppSanityPackage.HomePage","testNotificationBadgeCount","Verify the notification badge count if it exists",""
"broken","Wed May 06 22:14:10 UTC 2026","Wed May 06 22:14:40 UTC 2026","30231","HabitNuWebAppSuite","1. Core and Authentication","WebAppSanityPackage.ProfileAppClass","WebAppSanityPackage.ProfileAppClass","case63","Click on the Upload button",""
"failed","Wed May 06 23:33:20 UTC 2026","Wed May 06 23:33:20 UTC 2026","1","HabitNuWebAppSuite","4. Lifestyle and Social","WebAppSanityPackage.Weights_lbs_Kgs","WebAppSanityPackage.Weights_lbs_Kgs","case3","Health section weights match selected unit",""
"broken","Wed May 06 22:41:15 UTC 2026","Wed May 06 22:41:16 UTC 2026","1115","HabitNuWebAppSuite","2. Health Metrics","WebAppSanityPackage.Medication","WebAppSanityPackage.Medication","case10","Weight loss medication Edit detials on Yor Medication",""
"passed","Wed May 06 22:24:00 UTC 2026","Wed May 06 22:24:00 UTC 2026","18","HabitNuWebAppSuite","1. Core and Authentication","WebAppSanityPackage.GuidedTour","WebAppSanityPackage.GuidedTour","test3_registration","When user is able to enter the details in registration form",""
"broken","Wed May 06 22:53:07 UTC 2026","Wed May 06 22:53:18 UTC 2026","10275","HabitNuWebAppSuite","3. Nutrition and Recipes","WebAppSanityPackage.waterLog","WebAppSanityPackage.waterLog","case6","40 oz Water Log",""
"broken","Wed May 06 22:36:07 UTC 2026","Wed May 06 22:36:08 UTC 2026","1081","HabitNuWebAppSuite","2. Health Metrics","WebAppSanityPackage.WebAppHealth_WeightSection","WebAppSanityPackage.WebAppHealth_WeightSection","case11","Add data and edit",""
