"Status","Start Time","Stop Time","Duration in ms","Parent Suite","Suite","Sub Suite","Test Class","Test Method","Name","Description"
"passed","Wed Dec 10 21:30:03 UTC 2025","Wed Dec 10 21:30:03 UTC 2025","50","HabitNuCoachPortalSuite","Paywal","CoachesPortal.payWall","CoachesPortal.payWall","testPlanConsistencyAcrossSystems","COP-T419: Validate plan details consistency across systems",""
"passed","Wed Dec 10 20:51:34 UTC 2025","Wed Dec 10 20:51:39 UTC 2025","5227","HabitNuCoachPortalSuite","HabitNuCoachesPortalRegression-PartA","CoachesPortal.DiscussionForumPage","CoachesPortal.DiscussionForumPage","case16","test1 > Given I am logged in as coach, I am validating upload upto 5 files with Description- Success.","test1 > Given I am logged in as coach, I am validating upload upto 5 files with Description- Success."
"passed","Wed Dec 10 21:49:34 UTC 2025","Wed Dec 10 21:49:36 UTC 2025","1938","HabitNuCoachPortalSuite","Milestones","CoachesPortal.VAMilestone","CoachesPortal.VAMilestone","test16_validating_VAHeaders_data","And user is validating to VAHeaders data by clicking arrow button",""
"passed","Wed Dec 10 21:26:23 UTC 2025","Wed Dec 10 21:26:26 UTC 2025","2296","HabitNuCoachPortalSuite","Paywal","CoachesPortal.payWall","CoachesPortal.payWall","testFilterSubscriptions","COP-T397–399: Validate subscription filters",""
"passed","Wed Dec 10 21:17:03 UTC 2025","Wed Dec 10 21:17:11 UTC 2025","8694","HabitNuCoachPortalSuite","HabitNuCoachesPortalRegression-PartB","CoachesPortal.PatientDetails.PatientProfileDemographic","CoachesPortal.PatientDetails.PatientProfileDemographic","deleteEthnicityAndRace","test1 > Given I am logged in as customer admin, Ethnicity and Race","test1 > Given I am logged in as customer admin, Ethnicity and Race"
"passed","Wed Dec 10 22:00:23 UTC 2025","Wed Dec 10 22:00:45 UTC 2025","21664","HabitNuCoachPortalSuite","ParticipationsTable","CoachesPortal.participations","CoachesPortal.participations","test14_searchcohort","And user is able to search the user with cohort name",""
"passed","Wed Dec 10 21:06:06 UTC 2025","Wed Dec 10 21:06:06 UTC 2025","294","HabitNuCoachPortalSuite","HabitNuCoachesPortalRegression-PartB","CoachesPortal.OnsiteUsersListDashboard","CoachesPortal.OnsiteUsersListDashboard","case6","test1 > Given I am logged in as coach, Seach user by ID.","test1 > Given I am logged in as coach, Seach user by ID."
"passed","Wed Dec 10 21:26:52 UTC 2025","Wed Dec 10 21:26:53 UTC 2025","1295","HabitNuCoachPortalSuite","Paywal","CoachesPortal.payWall","CoachesPortal.payWall","testFilterTransactions","COP-T400: Validate all transaction filters",""
"broken","Wed Dec 10 21:33:55 UTC 2025","Wed Dec 10 21:34:25 UTC 2025","30264","HabitNuCoachPortalSuite","HabitNuCoachesPortalRegression-PartC","CoachesPortal.PatientDetails.PatientProfilePreAuth","CoachesPortal.PatientDetails.PatientProfilePreAuth","deletePerAuth","delete PreAuth for Ethylen",""
"passed","Wed Dec 10 21:16:00 UTC 2025","Wed Dec 10 21:16:10 UTC 2025","10241","HabitNuCoachPortalSuite","HabitNuCoachesPortalRegression-PartB","CoachesPortal.PatientDetails.PatientProfileDemographic","CoachesPortal.PatientDetails.PatientProfileDemographic","updatelastName","test1 > Given I am logged in as customer admin, Last Name","test1 > Given I am logged in as customer admin, Last Name"
"passed","Wed Dec 10 20:59:09 UTC 2025","Wed Dec 10 20:59:10 UTC 2025","213","HabitNuCoachPortalSuite","HabitNuCoachesPortalRegression-PartA","CoachesPortal.DiscussionForumPage","CoachesPortal.DiscussionForumPage","case6","test1 > Given I am logged in as customerAdmin, I am validating Mandatory fields input test case with Subject only..","test1 > Given I am logged in as customerAdmin, I am validating Mandatory fields input test case with Subject only."
"passed","Wed Dec 10 21:26:58 UTC 2025","Wed Dec 10 21:26:58 UTC 2025","446","HabitNuCoachPortalSuite","Paywal","CoachesPortal.payWall","CoachesPortal.payWall","testVerifyLinkedPlanDisplays","COP-T407: Validate linked plan displays in Program details",""
"passed","Wed Dec 10 20:46:52 UTC 2025","Wed Dec 10 20:46:59 UTC 2025","7315","HabitNuCoachPortalSuite","HabitNuCoachesPortalRegression-PartA","CoachesPortal.LearnModule.Learn","CoachesPortal.LearnModule.Learn","publishTheClonedCourse","verify on clone course page, course created by admin is available",""
"broken","Wed Dec 10 22:06:52 UTC 2025","Wed Dec 10 22:06:52 UTC 2025","149","HabitNuCoachPortalSuite","DifferentTypeOfDashboards","CoachesPortal.CohortLevelDashboard.OnsiteCohortDashboard","CoachesPortal.CohortLevelDashboard.OnsiteCohortDashboard","foodCategory_chart_validation","test1 > Given I am logged in as customer admin, I am validating onsite cohort 'foodCategoryGraph - validation2","test1 > Given I am logged in as customer admin, I am validating onsite cohort 'foodCategoryGraph - validation2"
"passed","Wed Dec 10 21:18:48 UTC 2025","Wed Dec 10 21:18:52 UTC 2025","4328","HabitNuCoachPortalSuite","HabitNuCoachesPortalRegression-PartB","CoachesPortal.PatientDetails.UserActivitiesBloodSugar","CoachesPortal.PatientDetails.UserActivitiesBloodSugar","verifyBloodSugareRequired","Verify bloodsugar required",""
"passed","Wed Dec 10 21:37:21 UTC 2025","Wed Dec 10 21:37:21 UTC 2025","11","HabitNuCoachPortalSuite","ProjectPowerDashboard","CoachesPortal.ProjectPowerDashboard","CoachesPortal.ProjectPowerDashboard","verifyACTIVE_IN_PHASE_1","go to coaches portal - Project Power-verify ACTIVE IN PHASE 1 users",""
"passed","Wed Dec 10 21:47:49 UTC 2025","Wed Dec 10 21:48:10 UTC 2025","20581","HabitNuCoachPortalSuite","Milestones","CoachesPortal.BPSMMilestone","CoachesPortal.BPSMMilestone","test10_groupinteraction","And user is able to add group interaction with seminar name",""
"passed","Wed Dec 10 21:20:09 UTC 2025","Wed Dec 10 21:20:16 UTC 2025","6852","HabitNuCoachPortalSuite","HabitNuCoachesPortalRegression-PartB","CoachesPortal.PatientDetails.UserActivitiesTobacco","CoachesPortal.PatientDetails.UserActivitiesTobacco","verifyCurrentAndYesterdayBPDataInCoachesPortal","Verify current and yesterday tobacco in coaches and webportal",""
"skipped","Wed Dec 10 21:12:19 UTC 2025","Wed Dec 10 21:12:19 UTC 2025","1","HabitNuCoachPortalSuite","HabitNuCoachesPortalRegression-PartB","CoachesPortal.OnsiteUsersListDashboard","CoachesPortal.OnsiteUsersListDashboard","case48","test1 > Given I am logged in as customerAdmin, enroll user but click - N0","test1 > Given I am logged in as customerAdmin, enroll user but click - N0"
"passed","Wed Dec 10 20:56:14 UTC 2025","Wed Dec 10 20:56:16 UTC 2025","2138","HabitNuCoachPortalSuite","HabitNuCoachesPortalRegression-PartA","CoachesPortal.DiscussionForumPage","CoachesPortal.DiscussionForumPage","case23","test1 > Given I am logged in as admin, I am validating Click Delete - Cancel","test1 > Given I am logged in as admin, I am validating Click Delete - Cancel"
"passed","Wed Dec 10 21:22:17 UTC 2025","Wed Dec 10 21:22:25 UTC 2025","8264","HabitNuCoachPortalSuite","Scheduler","CoachesPortal.Schedular","CoachesPortal.Schedular","editAppointment","test4 >  Given I am logged in as coach, and on time slot page, When I click on created appointment, Then I should be able to see edit appointment page with edit button, When I click on it and edit details, Then I should be able to save it","coach login - User should be able to edit and save appointment"
"passed","Wed Dec 10 21:56:17 UTC 2025","Wed Dec 10 21:56:18 UTC 2025","120","HabitNuCoachPortalSuite","UserDashboard","CoachesPortal.PatientDashboard","CoachesPortal.PatientDashboard","patientVWeeklyStatusVideo_when_partiallyWatched","test14 > Given I am logged in as coach, when I am on watching a video partally by logging into user app, Then I should be able to see watched Video count==0 under patientVWeeklyStatusVideo","coach login - user/patient/partcipant dashboard validation"
"passed","Wed Dec 10 21:15:30 UTC 2025","Wed Dec 10 21:15:30 UTC 2025","20","HabitNuCoachPortalSuite","HabitNuCoachesPortalRegression-PartB","CoachesPortal.PatientDetails.PatientProfileDemographic","CoachesPortal.PatientDetails.PatientProfileDemographic","verifyScaleOrderDetails","test1 > Given I am logged in as customer admin, verifyScaleOrderDetails","test1 > Given I am logged in as customer admin, verifyScaleOrderDetails"
"passed","Wed Dec 10 20:43:33 UTC 2025","Wed Dec 10 20:43:33 UTC 2025","79","HabitNuCoachPortalSuite","HabitNuCoachesPortalRegression-PartA","CoachesPortal.CohortLevelDashboard.CohortLevelDashboardPage","CoachesPortal.CohortLevelDashboard.CohortLevelDashboardPage","case34","Extracting values of Registered, In cohort, pending users,active users,disenrolled,male/felmale.",""
"passed","Wed Dec 10 20:54:46 UTC 2025","Wed Dec 10 20:54:55 UTC 2025","9262","HabitNuCoachPortalSuite","HabitNuCoachesPortalRegression-PartA","CoachesPortal.DiscussionForumPage","CoachesPortal.DiscussionForumPage","case11","test1 > Given I am logged in as admin, I am validating File upload- error","test1 > Given I am logged in as admin, I am validating File upload- error"
"passed","Wed Dec 10 21:24:39 UTC 2025","Wed Dec 10 21:24:39 UTC 2025","0","HabitNuCoachPortalSuite","Scheduler","CoachesPortal.Schedular","CoachesPortal.Schedular","validateInteractionEntries_UpdatedAt","test1 > Given I am logged in as admin, verify group interaction entries are made automatically when meet is attended for min of 1min > Validating field==UpdatedAt","test1 > Given I am logged in as admin, verify group interaction entries are made automatically when meet is attended for min of 1min > Validating field==UpdatedAt"
"skipped","Wed Dec 10 21:12:19 UTC 2025","Wed Dec 10 21:12:19 UTC 2025","1","HabitNuCoachPortalSuite","HabitNuCoachesPortalRegression-PartB","CoachesPortal.OnsiteUsersListDashboard","CoachesPortal.OnsiteUsersListDashboard","case31","test1 > Given I am logged in as customerAdmin, validate userList as customerAdmin-Add Cohort for a user- cancel scenario.","test1 > Given I am logged in as customerAdmin, validate userList as customerAdmin-Add Cohort for a user- cancel scenario."
"passed","Wed Dec 10 20:43:02 UTC 2025","Wed Dec 10 20:43:06 UTC 2025","3608","HabitNuCoachPortalSuite","HabitNuCoachesPortalRegression-PartA","CoachesPortal.CohortLevelDashboard.CohortLevelDashboardPage","CoachesPortal.CohortLevelDashboard.CohortLevelDashboardPage","case25","Average BP of Participants graph navigation and extraction of tooltips.",""
"passed","Wed Dec 10 21:40:13 UTC 2025","Wed Dec 10 21:40:13 UTC 2025","9","HabitNuCoachPortalSuite","ProjectPowerDashboard","CoachesPortal.ProjectPowerDashboard","CoachesPortal.ProjectPowerDashboard","verifyDemographicsDiabetesDiagnosis","Demographics page - Diabetes Diagnosis",""
"passed","Wed Dec 10 21:36:45 UTC 2025","Wed Dec 10 21:36:45 UTC 2025","145","HabitNuCoachPortalSuite","HabitNuCoachesPortalRegression-PartC","CoachesPortal.PatientDetails.PatientProfilePayerType","CoachesPortal.PatientDetails.PatientProfilePayerType","verifyPayerType","verify PayerType for Ethylen",""
"passed","Wed Dec 10 20:49:01 UTC 2025","Wed Dec 10 20:49:02 UTC 2025","819","HabitNuCoachPortalSuite","HabitNuCoachesPortalRegression-PartA","CoachesPortal.LearnModule.CustomerAdminCourseDocument","CoachesPortal.LearnModule.CustomerAdminCourseDocument","verifyAddDocumentUploadRequired","Add Document upload Required",""
"passed","Wed Dec 10 21:47:43 UTC 2025","Wed Dec 10 21:47:44 UTC 2025","1151","HabitNuCoachPortalSuite","Milestones","CoachesPortal.BPSMMilestone","CoachesPortal.BPSMMilestone","test5_validating_Headers","And user is validating headers",""
"broken","Wed Dec 10 20:41:37 UTC 2025","Wed Dec 10 20:41:52 UTC 2025","15512","HabitNuCoachPortalSuite","HabitNuCoachesPortalRegression-PartA","CoachesPortal.CohortLevelDashboard.CohortLevelDashboardPage","CoachesPortal.CohortLevelDashboard.CohortLevelDashboardPage","case17","Food Category Previous Week Data.",""
"passed","Wed Dec 10 21:40:48 UTC 2025","Wed Dec 10 21:40:53 UTC 2025","5265","HabitNuCoachPortalSuite","LogClassSession","CoachesPortal.LogClassSection","CoachesPortal.LogClassSection","validateLogClassSessionAvailibility","Verify Log Class Section is available only for programDeliveryType==Onsite",""
"passed","Wed Dec 10 21:44:53 UTC 2025","Wed Dec 10 21:44:53 UTC 2025","182","HabitNuCoachPortalSuite","GroupDPPClassPlanner","CoachesPortal.ClassPlanner","CoachesPortal.ClassPlanner","case15","Cancel the archive pop up",""
"passed","Wed Dec 10 21:15:42 UTC 2025","Wed Dec 10 21:15:42 UTC 2025","112","HabitNuCoachPortalSuite","HabitNuCoachesPortalRegression-PartB","CoachesPortal.PatientDetails.PatientProfileDemographic","CoachesPortal.PatientDetails.PatientProfileDemographic","testDropdownOptions","test1 > Given I am logged in as customer admin, testDropdownOptions","test1 > Given I am logged in as customer admin, testDropdownOptions"
"passed","Wed Dec 10 21:03:33 UTC 2025","Wed Dec 10 21:03:34 UTC 2025","1230","HabitNuCoachPortalSuite","HabitNuCoachesPortalRegression-PartA","CoachesPortal.DirectMessage","CoachesPortal.DirectMessage","searchParticipantByLastName_who_is_notPartOfthisCohort","Search participant by LastName who is not part of this cohort",""
"failed","Wed Dec 10 21:14:16 UTC 2025","Wed Dec 10 21:14:20 UTC 2025","4140","HabitNuCoachPortalSuite","HabitNuCoachesPortalRegression-PartB","CoachesPortal.PatientDetails.PatientProfileDemographic","CoachesPortal.PatientDetails.PatientProfileDemographic","updateAndVerifyCDCDetails","test1 > Given I am logged in as coach, updateAndVerifyCDCDetails","test1 > Given I am logged in as coach, updateAndVerifyCDCDetails"
"passed","Wed Dec 10 21:36:57 UTC 2025","Wed Dec 10 21:37:14 UTC 2025","16482","HabitNuCoachPortalSuite","HabitNuCoachesPortalRegression-PartC","CoachesPortal.PatientDetails.PatientProfileHealthProviders","CoachesPortal.PatientDetails.PatientProfileHealthProviders","verifyAddHealthProviderDetails","Add HealthProvider of Ethlen",""
"passed","Wed Dec 10 21:08:15 UTC 2025","Wed Dec 10 21:08:15 UTC 2025","218","HabitNuCoachPortalSuite","HabitNuCoachesPortalRegression-PartB","CoachesPortal.OnsiteUsersListDashboard","CoachesPortal.OnsiteUsersListDashboard","case20","test1 > Given I am logged in as coach, Clicking on Cohort should navigate to Dashboard.","test1 > Given I am logged in as coach, Clicking on Cohort should navigate to Dashboard."
"passed","Wed Dec 10 20:51:54 UTC 2025","Wed Dec 10 20:51:55 UTC 2025","1046","HabitNuCoachPortalSuite","HabitNuCoachesPortalRegression-PartA","CoachesPortal.DiscussionForumPage","CoachesPortal.DiscussionForumPage","case18","test1 > Given I am logged in as coach, I am validating Edit Post- Subject only- Update- Success","test1 > Given I am logged in as coach, I am validating Edit Post- Subject only- Update- Success"
"passed","Wed Dec 10 20:48:45 UTC 2025","Wed Dec 10 20:48:47 UTC 2025","1797","HabitNuCoachPortalSuite","HabitNuCoachesPortalRegression-PartA","CoachesPortal.LearnModule.CustomerAdminCourseDocument","CoachesPortal.LearnModule.CustomerAdminCourseDocument","verifyLinkEditAndClose","Link Edit and Close",""
"passed","Wed Dec 10 21:10:08 UTC 2025","Wed Dec 10 21:10:08 UTC 2025","166","HabitNuCoachPortalSuite","HabitNuCoachesPortalRegression-PartB","CoachesPortal.OnsiteUsersListDashboard","CoachesPortal.OnsiteUsersListDashboard","case7","test1 > Given I am logged in as admin, Form Survey for cohort- Check for options displayed.","test1 > Given I am logged in as admin, Form Survey for cohort- Check for options displayed."
"failed","Wed Dec 10 22:08:51 UTC 2025","Wed Dec 10 22:08:53 UTC 2025","2145","HabitNuCoachPortalSuite","DifferentTypeOfDashboards","CoachesPortal.CohortLevelDashboard.OnsiteCohortDashboard","CoachesPortal.CohortLevelDashboard.OnsiteCohortDashboard","foodCategory_protein_contentValidation","test1 > Given I am logged in as coach, I am validating onsite cohort 'foodCategoryGraph - foodCategory_protein_contentValidation","test1 > Given I am logged in as coach, I am validating onsite cohort 'foodCategoryGraph - foodCategory_protein_contentValidation"
"passed","Wed Dec 10 21:40:40 UTC 2025","Wed Dec 10 21:40:41 UTC 2025","342","HabitNuCoachPortalSuite","LoginPageCases","CoachesPortal.LoginPageCases","CoachesPortal.LoginPageCases","case16","Coaches Portal Login URL -> Click on Privacy Policy Link",""
"failed","Wed Dec 10 22:01:36 UTC 2025","Wed Dec 10 22:01:36 UTC 2025","239","HabitNuCoachPortalSuite","DifferentTypeOfDashboards","CoachesPortal.CohortLevelDashboard.OnlineCohortDashboard","CoachesPortal.CohortLevelDashboard.OnlineCohortDashboard","male_female_card_withUdate_to_male","test1 > Given I am logged in as coach, I am validating online cohort 'dashboard-card=male_female_card_withUdate_to_male","test1 > Given I am logged in as coach, I am validating online cohort 'dashboard-card=male_female_card_withUdate_to_male"
"passed","Wed Dec 10 21:56:35 UTC 2025","Wed Dec 10 21:56:39 UTC 2025","3925","HabitNuCoachPortalSuite","UserDashboard","CoachesPortal.PatientDashboard","CoachesPortal.PatientDashboard","Last_Fasting_Blood_Sugar","test19 > Given I am logged in as coach, wehn I am on Participants dashboard page, when I add bloodsugar FASTING type, Then I should be able to see the added data on dashboard card==Last_Fasting_Blood_Sugar","coach login - clicking on scheduler should open the scheduler page in coaches portal"
"passed","Wed Dec 10 21:15:41 UTC 2025","Wed Dec 10 21:15:41 UTC 2025","129","HabitNuCoachPortalSuite","HabitNuCoachesPortalRegression-PartB","CoachesPortal.PatientDetails.PatientProfileDemographic","CoachesPortal.PatientDetails.PatientProfileDemographic","testSelectHearingYes","test1 > Given I am logged in as customer admin, testSelectHearingYes","test1 > Given I am logged in as customer admin, testSelectHearingYes"
"passed","Wed Dec 10 21:20:23 UTC 2025","Wed Dec 10 21:20:36 UTC 2025","13326","HabitNuCoachPortalSuite","HabitNuCoachesPortalRegression-PartB","CoachesPortal.PatientDetails.UserActivitiesTobacco","CoachesPortal.PatientDetails.UserActivitiesTobacco","verifyEditCurrentAndYesterdayBPDataInCoachesPortal","Verify current and yesterday edit tobacco in coaches portal and reflect in web portal",""
"passed","Wed Dec 10 20:48:40 UTC 2025","Wed Dec 10 20:48:41 UTC 2025","780","HabitNuCoachPortalSuite","HabitNuCoachesPortalRegression-PartA","CoachesPortal.LearnModule.CustomerAdminCourseDocument","CoachesPortal.LearnModule.CustomerAdminCourseDocument","verifyAddUrlLinkRequired","Add Url Required",""
"passed","Wed Dec 10 20:50:36 UTC 2025","Wed Dec 10 20:50:45 UTC 2025","9210","HabitNuCoachPortalSuite","HabitNuCoachesPortalRegression-PartA","CoachesPortal.DiscussionForumPage","CoachesPortal.DiscussionForumPage","case11","test1 > Given I am logged in as coach, I am validating File upload- error","test1 > Given I am logged in as coach, I am validating File upload- error"
"passed","Wed Dec 10 21:59:59 UTC 2025","Wed Dec 10 22:00:23 UTC 2025","24217","HabitNuCoachPortalSuite","ParticipationsTable","CoachesPortal.participations","CoachesPortal.participations","test13_searchprogram","And user is able to search the user with program name",""
"passed","Wed Dec 10 20:49:40 UTC 2025","Wed Dec 10 20:49:42 UTC 2025","1891","HabitNuCoachPortalSuite","HabitNuCoachesPortalRegression-PartA","CoachesPortal.LearnModule.CustomerAdminCourseDocument","CoachesPortal.LearnModule.CustomerAdminCourseDocument","verifyAddUrlTitleVideoRequired","Add Video upload And Title Required",""
"broken","Wed Dec 10 21:10:47 UTC 2025","Wed Dec 10 21:11:08 UTC 2025","20583","HabitNuCoachPortalSuite","HabitNuCoachesPortalRegression-PartB","CoachesPortal.OnsiteUsersListDashboard","CoachesPortal.OnsiteUsersListDashboard","case14","test1 > Given I am logged in as admin, SDOH Risk Area flag test case.","test1 > Given I am logged in as admin, SDOH Risk Area flag test case."
"skipped","Wed Dec 10 21:12:20 UTC 2025","Wed Dec 10 21:12:20 UTC 2025","1","HabitNuCoachPortalSuite","HabitNuCoachesPortalRegression-PartB","CoachesPortal.OnsiteUsersListDashboard","CoachesPortal.OnsiteUsersListDashboard","verifyConfirmed_By_CoachYes","test1 > Given I am logged in as customerAdmin, verifyConfirmed_By_Coach is updated to TRUE when coach update to Yes from user profile","test1 > Given I am logged in as customerAdmin, verifyConfirmed_By_Coach is updated to TRUE when coach update to Yes from user profile"
"passed","Wed Dec 10 21:39:22 UTC 2025","Wed Dec 10 21:39:22 UTC 2025","108","HabitNuCoachPortalSuite","ProjectPowerDashboard","CoachesPortal.ProjectPowerDashboard","CoachesPortal.ProjectPowerDashboard","verifyCohortWeightLossTrendFor6months","All cohort dashboard for project power - Cohort Weight Loss trend - 6months",""
"passed","Wed Dec 10 21:10:08 UTC 2025","Wed Dec 10 21:10:08 UTC 2025","272","HabitNuCoachPortalSuite","HabitNuCoachesPortalRegression-PartB","CoachesPortal.OnsiteUsersListDashboard","CoachesPortal.OnsiteUsersListDashboard","case5","test1 > Given I am logged in as admin, Seach user by email.","test1 > Given I am logged in as admin, Seach user by email."
"passed","Wed Dec 10 20:43:42 UTC 2025","Wed Dec 10 20:43:46 UTC 2025","4369","HabitNuCoachPortalSuite","HabitNuCoachesPortalRegression-PartA","CoachesPortal.LearnModule.Learn","CoachesPortal.LearnModule.Learn","addChapterToTheCourse","adding a chapter to the course",""
"broken","Wed Dec 10 21:33:41 UTC 2025","Wed Dec 10 21:33:55 UTC 2025","13648","HabitNuCoachPortalSuite","HabitNuCoachesPortalRegression-PartC","CoachesPortal.PatientDetails.PatientProfilePreAuth","CoachesPortal.PatientDetails.PatientProfilePreAuth","verifyAddPreAuthDetails","Add PreAuth of Ethlen",""
"passed","Wed Dec 10 21:14:28 UTC 2025","Wed Dec 10 21:14:33 UTC 2025","5067","HabitNuCoachPortalSuite","HabitNuCoachesPortalRegression-PartB","CoachesPortal.PatientDetails.PatientProfileDemographic","CoachesPortal.PatientDetails.PatientProfileDemographic","verifyPersonalDetails","test1 > Given I am logged in as customer admin, Verify user as Ethelyn in demographic with Personal Details","test1 > Given I am logged in as customer admin, Verify user as Ethelyn in demographic with Personal Details"
"passed","Wed Dec 10 21:19:05 UTC 2025","Wed Dec 10 21:19:20 UTC 2025","15628","HabitNuCoachPortalSuite","HabitNuCoachesPortalRegression-PartB","CoachesPortal.PatientDetails.UserActivitiesBloodSugar","CoachesPortal.PatientDetails.UserActivitiesBloodSugar","verifyAndAddYesterdayBloodSugar","Verify user as Ethelyn in useractivities tab and add past date blood sugar",""
"passed","Wed Dec 10 21:00:41 UTC 2025","Wed Dec 10 21:00:42 UTC 2025","878","HabitNuCoachPortalSuite","HabitNuCoachesPortalRegression-PartA","CoachesPortal.DiscussionForumPage","CoachesPortal.DiscussionForumPage","case21","test1 > Given I am logged in as customerAdmin, I am validating Edit Post-Remove File.","test1 > Given I am logged in as customerAdmin, I am validating Edit Post-Remove File."
"failed","Wed Dec 10 22:08:49 UTC 2025","Wed Dec 10 22:08:51 UTC 2025","2154","HabitNuCoachPortalSuite","DifferentTypeOfDashboards","CoachesPortal.CohortLevelDashboard.OnsiteCohortDashboard","CoachesPortal.CohortLevelDashboard.OnsiteCohortDashboard","foodCategory_carb_contentValidation","test1 > Given I am logged in as coach, I am validating onsite cohort 'foodCategoryGraph - foodCategory_carb_contentValidation","test1 > Given I am logged in as coach, I am validating onsite cohort 'foodCategoryGraph - foodCategory_carb_contentValidation"
"passed","Wed Dec 10 21:47:44 UTC 2025","Wed Dec 10 21:47:46 UTC 2025","1460","HabitNuCoachPortalSuite","Milestones","CoachesPortal.BPSMMilestone","CoachesPortal.BPSMMilestone","test6_validating_BPSMHeaders_Name","And user is validating to BPSMHeaders data by clicking arrow button",""
"passed","Wed Dec 10 21:40:57 UTC 2025","Wed Dec 10 21:40:58 UTC 2025","940","HabitNuCoachPortalSuite","LogClassSession","CoachesPortal.LogClassSection","CoachesPortal.LogClassSection","addDataLogClassSectionWithPatient","Add data in Log Class Section With Patient",""
"broken","Wed Dec 10 20:41:21 UTC 2025","Wed Dec 10 20:41:37 UTC 2025","15832","HabitNuCoachPortalSuite","HabitNuCoachesPortalRegression-PartA","CoachesPortal.CohortLevelDashboard.CohortLevelDashboardPage","CoachesPortal.CohortLevelDashboard.CohortLevelDashboardPage","case16","Nutrition Details Displayed Successfully Test Case.",""
"passed","Wed Dec 10 21:48:37 UTC 2025","Wed Dec 10 21:48:48 UTC 2025","10630","HabitNuCoachPortalSuite","Milestones","CoachesPortal.VAMilestone","CoachesPortal.VAMilestone","test8_validating_VAHeaders_data","And user is validating to VAHeaders data by clicking arrow button",""
"passed","Wed Dec 10 21:03:23 UTC 2025","Wed Dec 10 21:03:27 UTC 2025","3188","HabitNuCoachPortalSuite","HabitNuCoachesPortalRegression-PartA","CoachesPortal.DirectMessage","CoachesPortal.DirectMessage","verify_Existing_message","It should display the existing message",""
"passed","Wed Dec 10 21:53:14 UTC 2025","Wed Dec 10 21:53:19 UTC 2025","4398","HabitNuCoachPortalSuite","UserDashboard","CoachesPortal.PatientDashboard","CoachesPortal.PatientDashboard","Last_AFterMeal_Blood_Sugar","test21 > Given I am logged in as admin, wehn I am on Participants dashboard page, when I add bloodsugar AFTER-MEAL type, Then I should be able to see the added data on dashboard card==Last_AfterMeal_Blood_Sugar","admin login - clicking on scheduler should open the scheduler page in coaches portal"
"broken","Wed Dec 10 22:04:52 UTC 2025","Wed Dec 10 22:04:53 UTC 2025","167","HabitNuCoachPortalSuite","DifferentTypeOfDashboards","CoachesPortal.CohortLevelDashboard.OnlineCohortDashboard","CoachesPortal.CohortLevelDashboard.OnlineCohortDashboard","foodCategory_chart_validation","test1 > Given I am logged in as customer admin, I am validating online cohort 'foodCategoryGraph - validation2","test1 > Given I am logged in as customer admin, I am validating online cohort 'foodCategoryGraph - validation2"
"broken","Wed Dec 10 21:45:41 UTC 2025","Wed Dec 10 21:45:42 UTC 2025","1244","HabitNuCoachPortalSuite","GroupDPPClassPlanner","CoachesPortal.ClassPlanner","CoachesPortal.ClassPlanner","case33","validate user is able to view notes",""
"passed","Wed Dec 10 21:37:21 UTC 2025","Wed Dec 10 21:37:21 UTC 2025","98","HabitNuCoachPortalSuite","ProjectPowerDashboard","CoachesPortal.ProjectPowerDashboard","CoachesPortal.ProjectPowerDashboard","verifyOutcomesDashboard","It should display the total number of participants who have achieved 5% weight loss",""
"passed","Wed Dec 10 21:45:24 UTC 2025","Wed Dec 10 21:45:27 UTC 2025","3277","HabitNuCoachPortalSuite","GroupDPPClassPlanner","CoachesPortal.ClassPlanner","CoachesPortal.ClassPlanner","case25","Edit (lock)button of class planner in cohort by adding new card",""
"passed","Wed Dec 10 20:50:54 UTC 2025","Wed Dec 10 20:51:04 UTC 2025","9413","HabitNuCoachPortalSuite","HabitNuCoachesPortalRegression-PartA","CoachesPortal.DiscussionForumPage","CoachesPortal.DiscussionForumPage","case13","test1 > Given I am logged in as coach, I am validating File upload- description only- success.","test1 > Given I am logged in as coach, I am validating File upload- description only- success."
"passed","Wed Dec 10 21:39:21 UTC 2025","Wed Dec 10 21:39:21 UTC 2025","557","HabitNuCoachPortalSuite","ProjectPowerDashboard","CoachesPortal.ProjectPowerDashboard","CoachesPortal.ProjectPowerDashboard","verifyADAMilestoneForCUSTOMTIME","All cohort dashboard for project power - ADA milestone trend - CUSTOM TIME",""
"passed","Wed Dec 10 20:49:56 UTC 2025","Wed Dec 10 20:50:06 UTC 2025","9327","HabitNuCoachPortalSuite","HabitNuCoachesPortalRegression-PartA","CoachesPortal.LearnModule.CustomerAdminCourseDocument","CoachesPortal.LearnModule.CustomerAdminCourseDocument","verifyAddValidUploadVideoRequired","Add Valid upload Video Required",""
"failed","Wed Dec 10 20:45:00 UTC 2025","Wed Dec 10 20:45:00 UTC 2025","514","HabitNuCoachPortalSuite","HabitNuCoachesPortalRegression-PartA","CoachesPortal.LearnModule.Learn","CoachesPortal.LearnModule.Learn","courseProgressUnderUserTab","check course tab from main dashboard",""
"passed","Wed Dec 10 21:41:40 UTC 2025","Wed Dec 10 21:41:45 UTC 2025","5854","HabitNuCoachPortalSuite","LogClassSession","CoachesPortal.LogClassSection","CoachesPortal.LogClassSection","verifyAddOnlyMUP","Add Only MUP",""
"passed","Wed Dec 10 21:58:28 UTC 2025","Wed Dec 10 21:58:28 UTC 2025","81","HabitNuCoachPortalSuite","FeatureFlags","CoachesPortal.FeatureFlags","CoachesPortal.FeatureFlags","test18_deleteuser","delete rule",""
"broken","Wed Dec 10 21:07:07 UTC 2025","Wed Dec 10 21:07:33 UTC 2025","25674","HabitNuCoachPortalSuite","HabitNuCoachesPortalRegression-PartB","CoachesPortal.OnsiteUsersListDashboard","CoachesPortal.OnsiteUsersListDashboard","case16","test1 > Given I am logged in as coach, Click on headphone icon- check for Pop up.","test1 > Given I am logged in as coach, Click on headphone icon- check for Pop up."
"skipped","Wed Dec 10 21:12:19 UTC 2025","Wed Dec 10 21:12:19 UTC 2025","2","HabitNuCoachPortalSuite","HabitNuCoachesPortalRegression-PartB","CoachesPortal.OnsiteUsersListDashboard","CoachesPortal.OnsiteUsersListDashboard","case54","test1 > Given I am logged in as customerAdmin, verify milestone tooltiptext after participant just register and login to app and do not fill the banner","test1 > Given I am logged in as customerAdmin, verify milestone tooltiptext after participant just register and login to app and do not fill the banner"
"passed","Wed Dec 10 21:03:12 UTC 2025","Wed Dec 10 21:03:23 UTC 2025","10694","HabitNuCoachPortalSuite","HabitNuCoachesPortalRegression-PartA","CoachesPortal.DirectMessage","CoachesPortal.DirectMessage","accessDirectMessageModule","go to DM on coaches portal",""
"passed","Wed Dec 10 21:26:30 UTC 2025","Wed Dec 10 21:26:32 UTC 2025","2172","HabitNuCoachPortalSuite","Paywal","CoachesPortal.payWall","CoachesPortal.payWall","testFilterSubscriptions","COP-T397–399: Validate subscription filters",""
"passed","Wed Dec 10 21:19:36 UTC 2025","Wed Dec 10 21:19:52 UTC 2025","15238","HabitNuCoachPortalSuite","HabitNuCoachesPortalRegression-PartB","CoachesPortal.PatientDetails.UserActivitiesBloodSugar","CoachesPortal.PatientDetails.UserActivitiesBloodSugar","verifyEditBSDataInCoachesPortal","Edit BS data in webapp and verify in webapp as well as in coaches portal",""
"passed","Wed Dec 10 22:05:47 UTC 2025","Wed Dec 10 22:05:48 UTC 2025","747","HabitNuCoachPortalSuite","DifferentTypeOfDashboards","CoachesPortal.CohortLevelDashboard.OnsiteCohortDashboard","CoachesPortal.CohortLevelDashboard.OnsiteCohortDashboard","case9","test1 > Given I am logged in as customer admin, I am validating onsite cohort 'Weight Loss By Participants validation on graph with 'Added by coach' option, when user adds weight","test1 > Given I am logged in as customer admin, I am validating onsite cohort 'Weight Loss By Participants validation on graph with 'Added by coach' option, when user adds weight"
"skipped","Wed Dec 10 21:12:19 UTC 2025","Wed Dec 10 21:12:19 UTC 2025","1","HabitNuCoachPortalSuite","HabitNuCoachesPortalRegression-PartB","CoachesPortal.OnsiteUsersListDashboard","CoachesPortal.OnsiteUsersListDashboard","case44","test1 > Given I am logged in as customerAdmin, validate disenrolled date on list page","test1 > Given I am logged in as customerAdmin, validate disenrolled date on list page"
"passed","Wed Dec 10 20:45:00 UTC 2025","Wed Dec 10 20:45:02 UTC 2025","2381","HabitNuCoachPortalSuite","HabitNuCoachesPortalRegression-PartA","CoachesPortal.LearnModule.Learn","CoachesPortal.LearnModule.Learn","checkLearnTabOnCoachesWhenCourseIsPublished","check learn tab on coaches portal when course is published",""
"failed","Wed Dec 10 21:13:02 UTC 2025","Wed Dec 10 21:13:03 UTC 2025","753","HabitNuCoachPortalSuite","HabitNuCoachesPortalRegression-PartB","CoachesPortal.PatientDetails.PatientProfileDemographic","CoachesPortal.PatientDetails.PatientProfileDemographic","verifyProgramDetails","test1 > Given I am logged in as coach, Verify user as Ethelyn in demographic with Program Details","test1 > Given I am logged in as coach, Verify user as Ethelyn in demographic with Program Details"
"broken","Wed Dec 10 21:17:28 UTC 2025","Wed Dec 10 21:18:01 UTC 2025","33336","HabitNuCoachPortalSuite","HabitNuCoachesPortalRegression-PartB","CoachesPortal.PatientDetails.UserActivitiesBloodPressure","CoachesPortal.PatientDetails.UserActivitiesBloodPressure","verifyUserData_on_coachesPortal","Verify user data added on web on coaches portal",""
"passed","Wed Dec 10 21:56:48 UTC 2025","Wed Dec 10 21:56:48 UTC 2025","114","HabitNuCoachPortalSuite","FeatureFlags","CoachesPortal.FeatureFlags","CoachesPortal.FeatureFlags","test10_clickaddrule","And user is able to click on add rule button",""
"skipped","Wed Dec 10 21:12:19 UTC 2025","Wed Dec 10 21:12:19 UTC 2025","0","HabitNuCoachPortalSuite","HabitNuCoachesPortalRegression-PartB","CoachesPortal.OnsiteUsersListDashboard","CoachesPortal.OnsiteUsersListDashboard","case32","test1 > Given I am logged in as customerAdmin, validate userList as customerAdmin-Add Cohort for a user- Add scenario.","test1 > Given I am logged in as customerAdmin, validate userList as customerAdmin-Add Cohort for a user- Add scenario."
"passed","Wed Dec 10 22:07:25 UTC 2025","Wed Dec 10 22:07:34 UTC 2025","9033","HabitNuCoachPortalSuite","DifferentTypeOfDashboards","CoachesPortal.CohortLevelDashboard.OnsiteCohortDashboard","CoachesPortal.CohortLevelDashboard.OnsiteCohortDashboard","fivePercentWeightLossCard_forUserWeight","test1 > Given I am logged in as coach, I am validating onsite cohort 'dashboard-card=fivePercentWeightLossCardCount, when user adds weight","test1 > Given I am logged in as coach, I am validating onsite cohort 'dashboard-card=fivePercentWeightLossCardCount, when user adds weight"
"broken","Wed Dec 10 21:45:40 UTC 2025","Wed Dec 10 21:45:41 UTC 2025","1260","HabitNuCoachPortalSuite","GroupDPPClassPlanner","CoachesPortal.ClassPlanner","CoachesPortal.ClassPlanner","case32","validate user is able to add notes",""
"passed","Wed Dec 10 20:59:14 UTC 2025","Wed Dec 10 20:59:15 UTC 2025","801","HabitNuCoachPortalSuite","HabitNuCoachesPortalRegression-PartA","CoachesPortal.DiscussionForumPage","CoachesPortal.DiscussionForumPage","case10","test1 > Given I am logged in as customerAdmin, I am validating post comment-success.","test1 > Given I am logged in as customerAdmin, I am validating post comment-success."
"passed","Wed Dec 10 21:38:38 UTC 2025","Wed Dec 10 21:38:48 UTC 2025","10123","HabitNuCoachPortalSuite","ProjectPowerDashboard","CoachesPortal.ProjectPowerDashboard","CoachesPortal.ProjectPowerDashboard","verifyADAMilestoneFor3Months","All cohort dashboard for project power - ADA milestone trend - 3months",""
"passed","Wed Dec 10 20:48:47 UTC 2025","Wed Dec 10 20:48:51 UTC 2025","3854","HabitNuCoachPortalSuite","HabitNuCoachesPortalRegression-PartA","CoachesPortal.LearnModule.CustomerAdminCourseDocument","CoachesPortal.LearnModule.CustomerAdminCourseDocument","verifyLinkPublishCancelAndConfirm","Link Publish Cancel And Confirm",""
"passed","Wed Dec 10 20:56:05 UTC 2025","Wed Dec 10 20:56:06 UTC 2025","1071","HabitNuCoachPortalSuite","HabitNuCoachesPortalRegression-PartA","CoachesPortal.DiscussionForumPage","CoachesPortal.DiscussionForumPage","case18","test1 > Given I am logged in as admin, I am validating Edit Post- Subject only- Update- Success","test1 > Given I am logged in as admin, I am validating Edit Post- Subject only- Update- Success"
"passed","Wed Dec 10 21:55:44 UTC 2025","Wed Dec 10 21:55:50 UTC 2025","5529","HabitNuCoachPortalSuite","UserDashboard","CoachesPortal.PatientDashboard","CoachesPortal.PatientDashboard","foodLog","test12 > Given I am logged in as coach, when I am on adding Meal by logging into user app, Then I should be able to see added Meal data on FoodLog graph","coach login - user/patient/partcipant dashboard validation"
"passed","Wed Dec 10 22:03:27 UTC 2025","Wed Dec 10 22:03:28 UTC 2025","754","HabitNuCoachPortalSuite","DifferentTypeOfDashboards","CoachesPortal.CohortLevelDashboard.OnlineCohortDashboard","CoachesPortal.CohortLevelDashboard.OnlineCohortDashboard","case6","test1 > Given I am logged in as customer admin, I am validating online cohort 'Weight Loss By Participants validation on graph with 'Added by user' option","test1 > Given I am logged in as customer admin, I am validating online cohort 'Weight Loss By Participants validation on graph with 'Added by user' option"
"passed","Wed Dec 10 21:13:11 UTC 2025","Wed Dec 10 21:13:11 UTC 2025","39","HabitNuCoachPortalSuite","HabitNuCoachesPortalRegression-PartB","CoachesPortal.PatientDetails.PatientProfileDemographic","CoachesPortal.PatientDetails.PatientProfileDemographic","verifyContactDetails","test1 > Given I am logged in as coach, verifyContactDetails","test1 > Given I am logged in as coach, verifyContactDetails"
"broken","Wed Dec 10 22:08:56 UTC 2025","Wed Dec 10 22:08:56 UTC 2025","151","HabitNuCoachPortalSuite","DifferentTypeOfDashboards","CoachesPortal.CohortLevelDashboard.OnsiteCohortDashboard","CoachesPortal.CohortLevelDashboard.OnsiteCohortDashboard","foodCategory_actions_dropdown","test1 > Given I am logged in as coach, I am validating onsite cohort 'foodCategoryGraph - foodCategory_actions_dropdown","test1 > Given I am logged in as coach, I am validating onsite cohort 'foodCategoryGraph - foodCategory_actions_dropdown"
"passed","Wed Dec 10 21:24:39 UTC 2025","Wed Dec 10 21:24:39 UTC 2025","0","HabitNuCoachPortalSuite","Scheduler","CoachesPortal.Schedular","CoachesPortal.Schedular","userYesToTheMeet","test1 > Given I am logged in as admin, verify user response to meet attendance - YES","test1 > Given I am logged in as admin, verify user response to meet attendance - YES"
"passed","Wed Dec 10 22:03:17 UTC 2025","Wed Dec 10 22:03:26 UTC 2025","8348","HabitNuCoachPortalSuite","DifferentTypeOfDashboards","CoachesPortal.CohortLevelDashboard.OnlineCohortDashboard","CoachesPortal.CohortLevelDashboard.OnlineCohortDashboard","fivePercentWeightLossCard","test1 > Given I am logged in as customer admin, I am validating online cohort 'dashboard-card=fivePercentWeightLossCardCount","test1 > Given I am logged in as customer admin, I am validating online cohort 'dashboard-card=fivePercentWeightLossCardCount"
"broken","Wed Dec 10 22:02:55 UTC 2025","Wed Dec 10 22:02:58 UTC 2025","3591","HabitNuCoachPortalSuite","DifferentTypeOfDashboards","CoachesPortal.CohortLevelDashboard.OnlineCohortDashboard","CoachesPortal.CohortLevelDashboard.OnlineCohortDashboard","foodCategory_check_with_pastday","test1 > Given I am logged in as coach, I am validating online cohort 'foodCategoryGraph - foodCategory_check_with_pastday","test1 > Given I am logged in as coach, I am validating online cohort 'foodCategoryGraph - foodCategory_check_with_pastday"
"passed","Wed Dec 10 21:47:46 UTC 2025","Wed Dec 10 21:47:47 UTC 2025","1411","HabitNuCoachPortalSuite","Milestones","CoachesPortal.BPSMMilestone","CoachesPortal.BPSMMilestone","test7_validating_BPSMHeaders_data","And user is validating to BPSmHeaders data by clicking arrow button",""
"broken","Wed Dec 10 21:22:48 UTC 2025","Wed Dec 10 21:22:56 UTC 2025","8223","HabitNuCoachPortalSuite","Scheduler","CoachesPortal.Schedular","CoachesPortal.Schedular","validateCreatedMeetingAvailable_for_user","test1 > Given I am logged in as coach, verify meet created by system user is available for users","test1 > Given I am logged in as coach, verify meet created by system user is available for users"
"passed","Wed Dec 10 20:48:17 UTC 2025","Wed Dec 10 20:48:27 UTC 2025","9747","HabitNuCoachPortalSuite","HabitNuCoachesPortalRegression-PartA","CoachesPortal.LearnModule.Learn","CoachesPortal.LearnModule.Learn","selectNotificationsAndConfigure","Send a notification before a chapter getting released",""
"passed","Wed Dec 10 21:17:12 UTC 2025","Wed Dec 10 21:17:12 UTC 2025","254","HabitNuCoachPortalSuite","HabitNuCoachesPortalRegression-PartB","CoachesPortal.PatientDetails.PatientProfileDemographic","CoachesPortal.PatientDetails.PatientProfileDemographic","verifyConfirmed_By_CoachYes","test1 > Given I am logged in as customer admin, verifyConfirmed_By_Coach by clicking on Yes","test1 > Given I am logged in as customer admin, verifyConfirmed_By_Coach by clicking on Yes"
"passed","Wed Dec 10 20:43:06 UTC 2025","Wed Dec 10 20:43:07 UTC 2025","1711","HabitNuCoachPortalSuite","HabitNuCoachesPortalRegression-PartA","CoachesPortal.CohortLevelDashboard.CohortLevelDashboardPage","CoachesPortal.CohortLevelDashboard.CohortLevelDashboardPage","case26","Click on Participant in average BP- should navigate to user dashboard.",""
"passed","Wed Dec 10 21:14:48 UTC 2025","Wed Dec 10 21:14:48 UTC 2025","45","HabitNuCoachPortalSuite","HabitNuCoachesPortalRegression-PartB","CoachesPortal.PatientDetails.PatientProfileDemographic","CoachesPortal.PatientDetails.PatientProfileDemographic","verifyAddressDetails","test1 > Given I am logged in as customer admin, verifyAddressDetails","test1 > Given I am logged in as customer admin, verifyAddressDetails"
"broken","Wed Dec 10 21:06:23 UTC 2025","Wed Dec 10 21:06:44 UTC 2025","20705","HabitNuCoachPortalSuite","HabitNuCoachesPortalRegression-PartB","CoachesPortal.OnsiteUsersListDashboard","CoachesPortal.OnsiteUsersListDashboard","case11","test1 > Given I am logged in as coach, Choose Cohort- Form survey- SDOH- No form configured. Please contact admin.","test1 > Given I am logged in as coach, Choose Cohort- Form survey- SDOH- No form configured. Please contact admin."
"passed","Wed Dec 10 21:26:37 UTC 2025","Wed Dec 10 21:26:38 UTC 2025","745","HabitNuCoachPortalSuite","Paywal","CoachesPortal.payWall","CoachesPortal.payWall","testViewTransactionDetails","COP-T401: View transaction details",""
"passed","Wed Dec 10 21:37:21 UTC 2025","Wed Dec 10 21:37:21 UTC 2025","10","HabitNuCoachPortalSuite","ProjectPowerDashboard","CoachesPortal.ProjectPowerDashboard","CoachesPortal.ProjectPowerDashboard","verifyM1","It should display total number of participants who are confirmed by Coach",""
"passed","Wed Dec 10 22:02:01 UTC 2025","Wed Dec 10 22:02:01 UTC 2025","80","HabitNuCoachPortalSuite","DifferentTypeOfDashboards","CoachesPortal.CohortLevelDashboard.OnlineCohortDashboard","CoachesPortal.CohortLevelDashboard.OnlineCohortDashboard","coachName","test1 > Given I am logged in as coach, I am validating online cohort 'dashboard-card=coachName","test1 > Given I am logged in as coach, I am validating online cohort 'dashboard-card=coachName"
"passed","Wed Dec 10 21:03:28 UTC 2025","Wed Dec 10 21:03:29 UTC 2025","1249","HabitNuCoachPortalSuite","HabitNuCoachesPortalRegression-PartA","CoachesPortal.DirectMessage","CoachesPortal.DirectMessage","searchParticipantByLastName","Search by lastname > It should display the participant by lastname",""
"passed","Wed Dec 10 20:55:45 UTC 2025","Wed Dec 10 20:55:50 UTC 2025","5235","HabitNuCoachPortalSuite","HabitNuCoachesPortalRegression-PartA","CoachesPortal.DiscussionForumPage","CoachesPortal.DiscussionForumPage","case16","test1 > Given I am logged in as admin, I am validating upload upto 5 files with Description- Success.","test1 > Given I am logged in as admin, I am validating upload upto 5 files with Description- Success."
"passed","Wed Dec 10 21:24:00 UTC 2025","Wed Dec 10 21:24:10 UTC 2025","9919","HabitNuCoachPortalSuite","Scheduler","CoachesPortal.Schedular","CoachesPortal.Schedular","createAppointment","test3 >  Given I am logged in as admin, and on create appointment page, When I fill in all the required details, Then I should be able to save the appointment","admin login - User should be able to create and save appointment"
"passed","Wed Dec 10 21:44:48 UTC 2025","Wed Dec 10 21:44:49 UTC 2025","1159","HabitNuCoachPortalSuite","GroupDPPClassPlanner","CoachesPortal.ClassPlanner","CoachesPortal.ClassPlanner","case8","Create the DOCUMENT cards under the list",""
"failed","Wed Dec 10 22:06:52 UTC 2025","Wed Dec 10 22:06:55 UTC 2025","2147","HabitNuCoachPortalSuite","DifferentTypeOfDashboards","CoachesPortal.CohortLevelDashboard.OnsiteCohortDashboard","CoachesPortal.CohortLevelDashboard.OnsiteCohortDashboard","foodCategory_carb_contentValidation","test1 > Given I am logged in as customer admin, I am validating onsite cohort 'foodCategoryGraph - foodCategory_carb_contentValidation","test1 > Given I am logged in as customer admin, I am validating onsite cohort 'foodCategoryGraph - foodCategory_carb_contentValidation"
"passed","Wed Dec 10 22:04:04 UTC 2025","Wed Dec 10 22:04:05 UTC 2025","71","HabitNuCoachPortalSuite","DifferentTypeOfDashboards","CoachesPortal.CohortLevelDashboard.OnlineCohortDashboard","CoachesPortal.CohortLevelDashboard.OnlineCohortDashboard","coachName","test1 > Given I am logged in as customer admin, I am validating online cohort 'dashboard-card=coachName","test1 > Given I am logged in as customer admin, I am validating online cohort 'dashboard-card=coachName"
"passed","Wed Dec 10 22:07:41 UTC 2025","Wed Dec 10 22:07:42 UTC 2025","940","HabitNuCoachPortalSuite","DifferentTypeOfDashboards","CoachesPortal.CohortLevelDashboard.OnsiteCohortDashboard","CoachesPortal.CohortLevelDashboard.OnsiteCohortDashboard","case8","test1 > Given I am logged in as coach,  I am validating onsite cohort 'Weight Loss By Participants validation on graph with 'Added by user' option, when user adds weight","test1 > Given I am logged in as coach,  I am validating onsite cohort 'Weight Loss By Participants validation on graph with 'Added by user' option, when user adds weight"
"passed","Wed Dec 10 21:56:22 UTC 2025","Wed Dec 10 21:56:27 UTC 2025","5085","HabitNuCoachPortalSuite","UserDashboard","CoachesPortal.PatientDashboard","CoachesPortal.PatientDashboard","habitCard_Done","test17 > Given I am logged in as coach, when I am on updating with a habit for the user to DONE, Then I should be able to see updated habit as 'DONE' on Habits graph","coach login - user/patient/partcipant dashboard validation"
"passed","Wed Dec 10 21:24:37 UTC 2025","Wed Dec 10 21:24:39 UTC 2025","1905","HabitNuCoachPortalSuite","Scheduler","CoachesPortal.Schedular","CoachesPortal.Schedular","validateCreatedMeetingAvailable_for_user","test1 > Given I am logged in as admin, verify meet created by system user is available for users","test1 > Given I am logged in as admin, verify meet created by system user is available for users"
"passed","Wed Dec 10 20:40:44 UTC 2025","Wed Dec 10 20:40:44 UTC 2025","287","HabitNuCoachPortalSuite","HabitNuCoachesPortalRegression-PartA","CoachesPortal.CohortLevelDashboard.CohortLevelDashboardPage","CoachesPortal.CohortLevelDashboard.CohortLevelDashboardPage","case6","Weekly Engagement Should be displayed.",""
"passed","Wed Dec 10 20:43:48 UTC 2025","Wed Dec 10 20:43:54 UTC 2025","5530","HabitNuCoachPortalSuite","HabitNuCoachesPortalRegression-PartA","CoachesPortal.LearnModule.Learn","CoachesPortal.LearnModule.Learn","verifyChapterActions","Verify chapter Actions on hovering shows all the buttons",""
"skipped","Wed Dec 10 21:12:19 UTC 2025","Wed Dec 10 21:12:19 UTC 2025","0","HabitNuCoachPortalSuite","HabitNuCoachesPortalRegression-PartB","CoachesPortal.OnsiteUsersListDashboard","CoachesPortal.OnsiteUsersListDashboard","case52","test1 > Given I am logged in as customerAdmin, validate 'Show unassigned users' checkbox","test1 > Given I am logged in as customerAdmin, validate 'Show unassigned users' checkbox"
"passed","Wed Dec 10 21:52:59 UTC 2025","Wed Dec 10 21:52:59 UTC 2025","74","HabitNuCoachPortalSuite","UserDashboard","CoachesPortal.PatientDashboard","CoachesPortal.PatientDashboard","patientWeeklyStatus_Meals","test11 > Given I am logged in as admin, when I am on adding Meal by logging into user app, Then I should be able to see added Meal count==1 under patientWeeklyStatus_Meals","admin login - user/patient/partcipant dashboard validation"
"passed","Wed Dec 10 21:12:27 UTC 2025","Wed Dec 10 21:12:29 UTC 2025","1800","HabitNuCoachPortalSuite","HabitNuCoachesPortalRegression-PartB","CoachesPortal.PatientDetails.CommunicationLogsCoachesPortal","CoachesPortal.PatientDetails.CommunicationLogsCoachesPortal","verifyCommunicationLogsWithEmail","verifyCommunicationLogsWithEmail",""
"passed","Wed Dec 10 21:13:11 UTC 2025","Wed Dec 10 21:13:18 UTC 2025","6849","HabitNuCoachPortalSuite","HabitNuCoachesPortalRegression-PartB","CoachesPortal.PatientDetails.PatientProfileDemographic","CoachesPortal.PatientDetails.PatientProfileDemographic","updateAndVerifyContactDetails","test1 > Given I am logged in as coach, updateAndVerifyContactDetails","test1 > Given I am logged in as coach, updateAndVerifyContactDetails"
"passed","Wed Dec 10 21:36:44 UTC 2025","Wed Dec 10 21:36:45 UTC 2025","645","HabitNuCoachPortalSuite","HabitNuCoachesPortalRegression-PartC","CoachesPortal.PatientDetails.PatientProfilePayerType","CoachesPortal.PatientDetails.PatientProfilePayerType","deletePayertype","delete Payertype for Ethylen",""
"passed","Wed Dec 10 21:26:10 UTC 2025","Wed Dec 10 21:26:13 UTC 2025","3150","HabitNuCoachPortalSuite","Paywal","CoachesPortal.payWall","CoachesPortal.payWall","testSubscriptionPageLayoutAndContent","COP-T395: Verify Subscriptions page layout, filters, content, and pagination",""
"passed","Wed Dec 10 21:22:45 UTC 2025","Wed Dec 10 21:22:47 UTC 2025","2163","HabitNuCoachPortalSuite","Scheduler","CoachesPortal.Schedular","CoachesPortal.Schedular","joinTheMeeting","test7 >  Given I am logged in as coach, and on time slot page, When I click on created appointment, Then I should see the Join the meet button, When I click on it, Then I should be taken to joinmeeting page in new tab","coach login - User should be able to join the meet"
"passed","Wed Dec 10 21:40:28 UTC 2025","Wed Dec 10 21:40:32 UTC 2025","3113","HabitNuCoachPortalSuite","LoginPageCases","CoachesPortal.LoginPageCases","CoachesPortal.LoginPageCases","testRestpasswordAuthentication","validate user is able to login with the reset password",""
"passed","Wed Dec 10 21:10:07 UTC 2025","Wed Dec 10 21:10:08 UTC 2025","278","HabitNuCoachPortalSuite","HabitNuCoachesPortalRegression-PartB","CoachesPortal.OnsiteUsersListDashboard","CoachesPortal.OnsiteUsersListDashboard","case4","test1 > Given I am logged in as admin, Seach user by name.","test1 > Given I am logged in as admin, Seach user by name."
"passed","Wed Dec 10 21:24:36 UTC 2025","Wed Dec 10 21:24:37 UTC 2025","400","HabitNuCoachPortalSuite","Scheduler","CoachesPortal.Schedular","CoachesPortal.Schedular","cancelMeeting","test8 >  Given I am logged in as admin, and on time slot page, When I click on created appointment, Then I should see Cancel meeting button, When I click on it, Then Should be able to cancel it","admin login - User should be able to cancel appointment"
"passed","Wed Dec 10 21:24:39 UTC 2025","Wed Dec 10 21:24:39 UTC 2025","0","HabitNuCoachPortalSuite","Scheduler","CoachesPortal.Schedular","CoachesPortal.Schedular","validateInteractionEntries_InteractionOn","test1 > Given I am logged in as admin, verify group interaction entries are made automatically when meet is attended for min of 1min > Validating field==InteractionOn","test1 > Given I am logged in as admin, verify group interaction entries are made automatically when meet is attended for min of 1min > Validating field==InteractionOn"
"passed","Wed Dec 10 21:37:28 UTC 2025","Wed Dec 10 21:37:33 UTC 2025","5165","HabitNuCoachPortalSuite","ProjectPowerDashboard","CoachesPortal.ProjectPowerDashboard","CoachesPortal.ProjectPowerDashboard","verifyM1GraphwithfilterAs6months","verifyM1GraphwithfilterAs6months",""
"passed","Wed Dec 10 21:16:27 UTC 2025","Wed Dec 10 21:16:36 UTC 2025","8620","HabitNuCoachPortalSuite","HabitNuCoachesPortalRegression-PartB","CoachesPortal.PatientDetails.PatientProfileDemographic","CoachesPortal.PatientDetails.PatientProfileDemographic","updateSexAtbirth","test1 > Given I am logged in as customer admin, Sex at Birth","test1 > Given I am logged in as customer admin, Sex at Birth"
"passed","Wed Dec 10 21:12:17 UTC 2025","Wed Dec 10 21:12:17 UTC 2025","219","HabitNuCoachPortalSuite","HabitNuCoachesPortalRegression-PartB","CoachesPortal.OnsiteUsersListDashboard","CoachesPortal.OnsiteUsersListDashboard","case20","test1 > Given I am logged in as admin, Clicking on Cohort should navigate to Dashboard.","test1 > Given I am logged in as admin, Clicking on Cohort should navigate to Dashboard."
"passed","Wed Dec 10 21:26:40 UTC 2025","Wed Dec 10 21:26:42 UTC 2025","1883","HabitNuCoachPortalSuite","Paywal","CoachesPortal.payWall","CoachesPortal.payWall","testFilterTransactions","COP-T400: Validate all transaction filters",""
"passed","Wed Dec 10 21:53:07 UTC 2025","Wed Dec 10 21:53:08 UTC 2025","422","HabitNuCoachPortalSuite","UserDashboard","CoachesPortal.PatientDashboard","CoachesPortal.PatientDashboard","habitCard_NotDone","test16 > Given I am logged in as admin, when I am on adding a habit for the user, Then I should be able to see added habit and as 'NOT DONE' on Habits graph","admin login - user/patient/partcipant dashboard validation"
"passed","Wed Dec 10 21:56:45 UTC 2025","Wed Dec 10 21:56:46 UTC 2025","930","HabitNuCoachPortalSuite","FeatureFlags","CoachesPortal.FeatureFlags","CoachesPortal.FeatureFlags","test8_validatingflag","And user is able to view the flag details",""
"passed","Wed Dec 10 21:24:39 UTC 2025","Wed Dec 10 21:24:39 UTC 2025","0","HabitNuCoachPortalSuite","Scheduler","CoachesPortal.Schedular","CoachesPortal.Schedular","validateUserNoInSchedular","test1 > Given I am logged in as admin, verify when user responds to meet with NO, same can be validated by coach in coaches portal in Attended dropdown","test1 > Given I am logged in as admin, verify when user responds to meet with NO, same can be validated by coach in coaches portal in Attended dropdown"
"passed","Wed Dec 10 21:56:27 UTC 2025","Wed Dec 10 21:56:32 UTC 2025","4261","HabitNuCoachPortalSuite","UserDashboard","CoachesPortal.PatientDashboard","CoachesPortal.PatientDashboard","Last_AFterMeal_Blood_Sugar","test21 > Given I am logged in as coach, wehn I am on Participants dashboard page, when I add bloodsugar AFTER-MEAL type, Then I should be able to see the added data on dashboard card==Last_AfterMeal_Blood_Sugar","coach login - clicking on scheduler should open the scheduler page in coaches portal"
"passed","Wed Dec 10 20:55:19 UTC 2025","Wed Dec 10 20:55:45 UTC 2025","25290","HabitNuCoachPortalSuite","HabitNuCoachesPortalRegression-PartA","CoachesPortal.DiscussionForumPage","CoachesPortal.DiscussionForumPage","case15","test1 > Given I am logged in as admin, I am validating upload upto 5 files.","test1 > Given I am logged in as admin, I am validating upload upto 5 files. "
"passed","Wed Dec 10 20:51:55 UTC 2025","Wed Dec 10 20:51:56 UTC 2025","969","HabitNuCoachPortalSuite","HabitNuCoachesPortalRegression-PartA","CoachesPortal.DiscussionForumPage","CoachesPortal.DiscussionForumPage","case19","test1 > Given I am logged in as coach, I am validating Edit Post- Description only- Success","test1 > Given I am logged in as coach, I am validating Edit Post- Description only- Success"
"passed","Wed Dec 10 21:08:14 UTC 2025","Wed Dec 10 21:08:15 UTC 2025","1472","HabitNuCoachPortalSuite","HabitNuCoachesPortalRegression-PartB","CoachesPortal.OnsiteUsersListDashboard","CoachesPortal.OnsiteUsersListDashboard","case19","test1 > Given I am logged in as coach, Cancel Scenarios- Call","test1 > Given I am logged in as coach, Cancel Scenarios- Call"
"passed","Wed Dec 10 21:58:59 UTC 2025","Wed Dec 10 21:59:00 UTC 2025","1188","HabitNuCoachPortalSuite","ParticipationsTable","CoachesPortal.participations","CoachesPortal.participations","tes7_validatingparticipations_columns","And user is validating paricipations columns section",""
"broken","Wed Dec 10 22:06:10 UTC 2025","Wed Dec 10 22:06:52 UTC 2025","42293","HabitNuCoachPortalSuite","DifferentTypeOfDashboards","CoachesPortal.CohortLevelDashboard.OnsiteCohortDashboard","CoachesPortal.CohortLevelDashboard.OnsiteCohortDashboard","latestHba1cGraph","test1 > Given I am logged in as customer admin, I am validating onsite cohort 'latestHba1cGraph","test1 > Given I am logged in as customer admin, I am validating onsite cohort 'latestHba1cGraph"
"failed","Wed Dec 10 21:47:34 UTC 2025","Wed Dec 10 21:47:37 UTC 2025","3181","HabitNuCoachPortalSuite","Milestones","CoachesPortal.MilestoneModule.SoleraIBCorNDPP","CoachesPortal.MilestoneModule.SoleraIBCorNDPP","test4","Given I am enrolled in a programId==IBC/NDPP, When I achieve Weekly Meaningful Engagement for week1, Then I should be marked as having achieved milestone M0 and milestone M1",""
"passed","Wed Dec 10 21:06:06 UTC 2025","Wed Dec 10 21:06:06 UTC 2025","287","HabitNuCoachPortalSuite","HabitNuCoachesPortalRegression-PartB","CoachesPortal.OnsiteUsersListDashboard","CoachesPortal.OnsiteUsersListDashboard","case5","test1 > Given I am logged in as coach, Seach user by email.","test1 > Given I am logged in as coach, Seach user by email."
"broken","Wed Dec 10 22:04:59 UTC 2025","Wed Dec 10 22:05:02 UTC 2025","3065","HabitNuCoachPortalSuite","DifferentTypeOfDashboards","CoachesPortal.CohortLevelDashboard.OnlineCohortDashboard","CoachesPortal.CohortLevelDashboard.OnlineCohortDashboard","foodCategory_check_with_pastday","test1 > Given I am logged in as customer admin, I am validating online cohort 'foodCategoryGraph - foodCategory_check_with_pastday","test1 > Given I am logged in as customer admin, I am validating online cohort 'foodCategoryGraph - foodCategory_check_with_pastday"
"passed","Wed Dec 10 22:03:06 UTC 2025","Wed Dec 10 22:03:10 UTC 2025","3598","HabitNuCoachPortalSuite","DifferentTypeOfDashboards","CoachesPortal.CohortLevelDashboard.OnlineCohortDashboard","CoachesPortal.CohortLevelDashboard.OnlineCohortDashboard","case1","test1 > Given I am logged in as customer admin, I am validating online cohort 'dashboard-cards","test1 > Given I am logged in as customer admin, I am validating online cohort 'dashboard-cards"
"passed","Wed Dec 10 21:14:53 UTC 2025","Wed Dec 10 21:15:02 UTC 2025","8513","HabitNuCoachPortalSuite","HabitNuCoachesPortalRegression-PartB","CoachesPortal.PatientDetails.PatientProfileDemographic","CoachesPortal.PatientDetails.PatientProfileDemographic","updateDisenrollmentDetails_with_onlyDisenrolledCodeData","test1 > Given I am logged in as customer admin, Disenrolled Reason Code","test1 > Given I am logged in as customer admin, Disenrolled Reason Code"
"passed","Wed Dec 10 21:58:46 UTC 2025","Wed Dec 10 21:58:46 UTC 2025","125","HabitNuCoachPortalSuite","ParticipationsTable","CoachesPortal.participations","CoachesPortal.participations","test5_navigatingparticipations","And user is navigating to Participations section ",""
"broken","Wed Dec 10 20:58:47 UTC 2025","Wed Dec 10 20:59:08 UTC 2025","20588","HabitNuCoachPortalSuite","HabitNuCoachesPortalRegression-PartA","CoachesPortal.DiscussionForumPage","CoachesPortal.DiscussionForumPage","case1","test1 > Given I am logged in as customerAdmin, I am validating Coaches - Discussions module","test1 > Given I am logged in as customerAdmin, I am validating - Discussions module"
"passed","Wed Dec 10 20:48:06 UTC 2025","Wed Dec 10 20:48:14 UTC 2025","8287","HabitNuCoachPortalSuite","HabitNuCoachesPortalRegression-PartA","CoachesPortal.LearnModule.Learn","CoachesPortal.LearnModule.Learn","configNofifications","verify list of default list notifications",""
"broken","Wed Dec 10 20:40:37 UTC 2025","Wed Dec 10 20:40:44 UTC 2025","6458","HabitNuCoachPortalSuite","HabitNuCoachesPortalRegression-PartA","CoachesPortal.CohortLevelDashboard.CohortLevelDashboardPage","CoachesPortal.CohortLevelDashboard.CohortLevelDashboardPage","case5","Click on graph of a participant- Should open dashboard of that particular participant.",""
"passed","Wed Dec 10 20:50:30 UTC 2025","Wed Dec 10 20:50:31 UTC 2025","224","HabitNuCoachPortalSuite","HabitNuCoachesPortalRegression-PartA","CoachesPortal.DiscussionForumPage","CoachesPortal.DiscussionForumPage","case6","test1 > Given I am logged in as coach, I am validating Mandatory fields input test case with Subject only..","test1 > Given I am logged in as coach, I am validating Mandatory fields input test case with Subject only."
"passed","Wed Dec 10 22:05:10 UTC 2025","Wed Dec 10 22:05:14 UTC 2025","3187","HabitNuCoachPortalSuite","DifferentTypeOfDashboards","CoachesPortal.CohortLevelDashboard.OnsiteCohortDashboard","CoachesPortal.CohortLevelDashboard.OnsiteCohortDashboard","case1","test1 > Given I am logged in as customer admin, I am validating onsite cohort 'dashboard-cards","test1 > Given I am logged in as customer admin, I am validating onsite cohort 'dashboard-cards"
"passed","Wed Dec 10 20:54:45 UTC 2025","Wed Dec 10 20:54:46 UTC 2025","783","HabitNuCoachPortalSuite","HabitNuCoachesPortalRegression-PartA","CoachesPortal.DiscussionForumPage","CoachesPortal.DiscussionForumPage","case10","test1 > Given I am logged in as admin, I am validating post comment-success.","test1 > Given I am logged in as admin, I am validating post comment-success."
"passed","Wed Dec 10 20:54:55 UTC 2025","Wed Dec 10 20:55:05 UTC 2025","9343","HabitNuCoachPortalSuite","HabitNuCoachesPortalRegression-PartA","CoachesPortal.DiscussionForumPage","CoachesPortal.DiscussionForumPage","case12","test1 > Given I am logged in as admin, I am validating File upload- subject only- error.","test1 > Given I am logged in as admin, I am validating File upload- subject only- error."
"passed","Wed Dec 10 22:05:19 UTC 2025","Wed Dec 10 22:05:26 UTC 2025","6360","HabitNuCoachPortalSuite","DifferentTypeOfDashboards","CoachesPortal.CohortLevelDashboard.OnsiteCohortDashboard","CoachesPortal.CohortLevelDashboard.OnsiteCohortDashboard","fivePercentWeightLossCard","test1 > Given I am logged in as customer admin, I am validating onsite cohort 'dashboard-card=fivePercentWeightLossCardCount","test1 > Given I am logged in as customer admin, I am validating onsite cohort 'dashboard-card=fivePercentWeightLossCardCount"
"skipped","Wed Dec 10 21:12:19 UTC 2025","Wed Dec 10 21:12:19 UTC 2025","0","HabitNuCoachPortalSuite","HabitNuCoachesPortalRegression-PartB","CoachesPortal.OnsiteUsersListDashboard","CoachesPortal.OnsiteUsersListDashboard","case49","test1 > Given I am logged in as customerAdmin, enroll user but click - YES","test1 > Given I am logged in as customerAdmin, enroll user but click - YES"
"failed","Wed Dec 10 22:02:52 UTC 2025","Wed Dec 10 22:02:55 UTC 2025","2216","HabitNuCoachPortalSuite","DifferentTypeOfDashboards","CoachesPortal.CohortLevelDashboard.OnlineCohortDashboard","CoachesPortal.CohortLevelDashboard.OnlineCohortDashboard","foodCategory_fat_contentValidation","test1 > Given I am logged in as coach, I am validating online cohort 'foodCategoryGraph - foodCategory_fat_contentValidation","test1 > Given I am logged in as coach, I am validating online cohort 'foodCategoryGraph - foodCategory_fat_contentValidation"
"passed","Wed Dec 10 22:14:31 UTC 2025","Wed Dec 10 22:14:43 UTC 2025","11990","HabitNuCoachPortalSuite","DifferentTypeOfDashboards","CoachesPortal.CohortLevelDashboard.DSMEDashboardCoachesPortal","CoachesPortal.CohortLevelDashboard.DSMEDashboardCoachesPortal","test9_All","And user is validating All",""
"passed","Wed Dec 10 20:45:51 UTC 2025","Wed Dec 10 20:45:58 UTC 2025","6718","HabitNuCoachPortalSuite","HabitNuCoachesPortalRegression-PartA","CoachesPortal.LearnModule.Learn","CoachesPortal.LearnModule.Learn","select_content_from_list","filter down course content by Video and assert Pagination",""
"passed","Wed Dec 10 21:53:14 UTC 2025","Wed Dec 10 21:53:14 UTC 2025","359","HabitNuCoachPortalSuite","UserDashboard","CoachesPortal.PatientDashboard","CoachesPortal.PatientDashboard","Profile_in_Green","test18 > Given I am logged in as admin, wehn I am on Participants dashboard page, Then I should be able to see all particiapnt data on the photocard","admin login - clicking on scheduler should open the scheduler page in coaches portal"
"passed","Wed Dec 10 20:50:31 UTC 2025","Wed Dec 10 20:50:33 UTC 2025","2170","HabitNuCoachPortalSuite","HabitNuCoachesPortalRegression-PartA","CoachesPortal.DiscussionForumPage","CoachesPortal.DiscussionForumPage","case7","test1 > Given I am logged in as coach, I am validating Add subject and describe- success post.","test1 > Given I am logged in as coach, I am validating Add subject and describe- success post."
"failed","Wed Dec 10 21:27:02 UTC 2025","Wed Dec 10 21:29:37 UTC 2025","154321","HabitNuCoachPortalSuite","Paywal","CoachesPortal.payWall","CoachesPortal.payWall","testUserSeesAndSubscribesToPlan","COP-T408 & T409: Verify user can see and subscribe to a linked plan",""
"passed","Wed Dec 10 20:43:00 UTC 2025","Wed Dec 10 20:43:02 UTC 2025","1639","HabitNuCoachPortalSuite","HabitNuCoachesPortalRegression-PartA","CoachesPortal.CohortLevelDashboard.CohortLevelDashboardPage","CoachesPortal.CohortLevelDashboard.CohortLevelDashboardPage","case24","Click on participant in the attendance graph- should navigate to dashboard.",""
"passed","Wed Dec 10 21:36:45 UTC 2025","Wed Dec 10 21:36:51 UTC 2025","5466","HabitNuCoachPortalSuite","HabitNuCoachesPortalRegression-PartC","CoachesPortal.PatientDetails.PatientProfilePayerType","CoachesPortal.PatientDetails.PatientProfilePayerType","editPayerType_click_Cancel","edit PayerType for Ethylen, but click on cancel button rather update button",""
"broken","Wed Dec 10 20:44:48 UTC 2025","Wed Dec 10 20:44:52 UTC 2025","4189","HabitNuCoachPortalSuite","HabitNuCoachesPortalRegression-PartA","CoachesPortal.LearnModule.Learn","CoachesPortal.LearnModule.Learn","accessCourseFromWebApp","accessCourseFromWebApp",""
"passed","Wed Dec 10 21:19:30 UTC 2025","Wed Dec 10 21:19:36 UTC 2025","6334","HabitNuCoachPortalSuite","HabitNuCoachesPortalRegression-PartB","CoachesPortal.PatientDetails.UserActivitiesBloodSugar","CoachesPortal.PatientDetails.UserActivitiesBloodSugar","verifyBloodSugarInWebPortal","Verify login to webapp and data reflected in bloodsugar section",""
"broken","Wed Dec 10 21:13:39 UTC 2025","Wed Dec 10 21:13:55 UTC 2025","15716","HabitNuCoachPortalSuite","HabitNuCoachesPortalRegression-PartB","CoachesPortal.PatientDetails.PatientProfileDemographic","CoachesPortal.PatientDetails.PatientProfileDemographic","updateDisenrollmentDetails_with_onlyDisenrolledReason","test1 > Given I am logged in as coach, try updating DisenrollmentDetails with only diseenrolledReason data","test1 > Given I am logged in as coach, try updating DisenrollmentDetails with only diseenrolledReason data"
"passed","Wed Dec 10 21:26:26 UTC 2025","Wed Dec 10 21:26:28 UTC 2025","2167","HabitNuCoachPortalSuite","Paywal","CoachesPortal.payWall","CoachesPortal.payWall","testFilterSubscriptions","COP-T397–399: Validate subscription filters",""
"passed","Wed Dec 10 20:46:20 UTC 2025","Wed Dec 10 20:46:50 UTC 2025","30259","HabitNuCoachPortalSuite","HabitNuCoachesPortalRegression-PartA","CoachesPortal.LearnModule.Learn","CoachesPortal.LearnModule.Learn","verifycloneCoursePage","verify on clone course page, course created by admin is available",""
"broken","Wed Dec 10 21:45:38 UTC 2025","Wed Dec 10 21:45:38 UTC 2025","301","HabitNuCoachPortalSuite","GroupDPPClassPlanner","CoachesPortal.ClassPlanner","CoachesPortal.ClassPlanner","case30","Login to coach portal -> select the cohort -> Class planner -> Click on Edit (pencil) button -> remove the participant -> Done",""
"passed","Wed Dec 10 22:01:52 UTC 2025","Wed Dec 10 22:01:57 UTC 2025","4850","HabitNuCoachPortalSuite","DifferentTypeOfDashboards","CoachesPortal.CohortLevelDashboard.OnlineCohortDashboard","CoachesPortal.CohortLevelDashboard.OnlineCohortDashboard","activeParticipants","test1 > Given I am logged in as coach, I am validating online cohort 'dashboard-card=activeParticipants","test1 > Given I am logged in as coach, I am validating online cohort 'dashboard-card=activeParticipants"
"passed","Wed Dec 10 21:16:10 UTC 2025","Wed Dec 10 21:16:18 UTC 2025","8657","HabitNuCoachPortalSuite","HabitNuCoachesPortalRegression-PartB","CoachesPortal.PatientDetails.PatientProfileDemographic","CoachesPortal.PatientDetails.PatientProfileDemographic","updateethnicity_race_info","test1 > Given I am logged in as customer admin, ethnicity_race_info","test1 > Given I am logged in as customer admin, ethnicity_race_info"
"passed","Wed Dec 10 21:14:23 UTC 2025","Wed Dec 10 21:14:23 UTC 2025","5","HabitNuCoachPortalSuite","HabitNuCoachesPortalRegression-PartB","CoachesPortal.PatientDetails.PatientProfileDemographic","CoachesPortal.PatientDetails.PatientProfileDemographic","updatepreferred_name","test1 > Given I am logged in as coach, preferred_name","test1 > Given I am logged in as coach, preferred_name"
"passed","Wed Dec 10 22:15:00 UTC 2025","Wed Dec 10 22:15:00 UTC 2025","102","HabitNuCoachPortalSuite","DifferentTypeOfDashboards","CoachesPortal.CohortLevelDashboard.DSMEDashboardCoachesPortal","CoachesPortal.CohortLevelDashboard.DSMEDashboardCoachesPortal","test14_verifyBloodSugarByPatientsWithallPosibleActions","Verify Blood Sugar by Patients dropdown card with possible options listed",""
"passed","Wed Dec 10 21:24:39 UTC 2025","Wed Dec 10 21:24:39 UTC 2025","0","HabitNuCoachPortalSuite","Scheduler","CoachesPortal.Schedular","CoachesPortal.Schedular","validateInteractionEntries_SessionName","test1 > Given I am logged in as admin, verify group interaction entries are made automatically when meet is attended for min of 1min > Validating field==SessionName","test1 > Given I am logged in as admin, verify group interaction entries are made automatically when meet is attended for min of 1min > Validating field==SessionName"
"passed","Wed Dec 10 21:56:07 UTC 2025","Wed Dec 10 21:56:12 UTC 2025","4910","HabitNuCoachPortalSuite","UserDashboard","CoachesPortal.PatientDashboard","CoachesPortal.PatientDashboard","hbA1cHistory","test7 > Given I am logged in as coach, wehn I am on adding hba1c from user Dashboard, Then I should be able to see added hba1c on Hba1c graph","coach login - user/patient/partcipant dashboard validation"
"passed","Wed Dec 10 20:49:17 UTC 2025","Wed Dec 10 20:49:18 UTC 2025","516","HabitNuCoachPortalSuite","HabitNuCoachesPortalRegression-PartA","CoachesPortal.LearnModule.CustomerAdminCourseDocument","CoachesPortal.LearnModule.CustomerAdminCourseDocument","verifyDocumentEditAndClose","Document Edit and Close",""
"passed","Wed Dec 10 21:45:21 UTC 2025","Wed Dec 10 21:45:24 UTC 2025","3672","HabitNuCoachPortalSuite","GroupDPPClassPlanner","CoachesPortal.ClassPlanner","CoachesPortal.ClassPlanner","case24","Verify the elements of Group class planner in cohort",""
"passed","Wed Dec 10 20:56:25 UTC 2025","Wed Dec 10 20:58:41 UTC 2025","136238","HabitNuCoachPortalSuite","HabitNuCoachesPortalRegression-PartA","CoachesPortal.DiscussionForumPage","CoachesPortal.DiscussionForumPage","case27","test1 > Given I am logged in as admin, I am validating add max number of pinned posts(20).","test1 > Given I am logged in as admin, I am validating add max number of pinned posts(20)."
"passed","Wed Dec 10 21:39:22 UTC 2025","Wed Dec 10 21:39:22 UTC 2025","64","HabitNuCoachPortalSuite","ProjectPowerDashboard","CoachesPortal.ProjectPowerDashboard","CoachesPortal.ProjectPowerDashboard","verifyCohortWeightLossTrendFor3months","All cohort dashboard for project power - Cohort Weight Loss trend - 3months",""
"passed","Wed Dec 10 20:46:50 UTC 2025","Wed Dec 10 20:46:52 UTC 2025","1254","HabitNuCoachPortalSuite","HabitNuCoachesPortalRegression-PartA","CoachesPortal.LearnModule.Learn","CoachesPortal.LearnModule.Learn","cloneCourse","verify cloning of course",""
"passed","Wed Dec 10 21:49:36 UTC 2025","Wed Dec 10 21:49:46 UTC 2025","10593","HabitNuCoachPortalSuite","Milestones","CoachesPortal.VAMilestone","CoachesPortal.VAMilestone","test17_validating_VAHeaders_data","And user is validating to VAHeaders data by clicking arrow button",""
"passed","Wed Dec 10 21:45:09 UTC 2025","Wed Dec 10 21:45:10 UTC 2025","118","HabitNuCoachPortalSuite","GroupDPPClassPlanner","CoachesPortal.ClassPlanner","CoachesPortal.ClassPlanner","case19","Click on Unlock button",""
"passed","Wed Dec 10 21:59:15 UTC 2025","Wed Dec 10 21:59:16 UTC 2025","350","HabitNuCoachPortalSuite","ParticipationsTable","CoachesPortal.participations","CoachesPortal.participations","test10_Validating_viewhistory_with_cohort","And user is validating view history with cohort",""
"passed","Wed Dec 10 20:54:31 UTC 2025","Wed Dec 10 20:54:33 UTC 2025","2463","HabitNuCoachPortalSuite","HabitNuCoachesPortalRegression-PartA","CoachesPortal.DiscussionForumPage","CoachesPortal.DiscussionForumPage","case28","test1 > Given I am logged in as coach, I am validating Delete all posts","test1 > Given I am logged in as coach, I am validating Delete all posts"
"passed","Wed Dec 10 21:52:59 UTC 2025","Wed Dec 10 21:52:59 UTC 2025","17","HabitNuCoachPortalSuite","UserDashboard","CoachesPortal.PatientDashboard","CoachesPortal.PatientDashboard","patientWeeklyStatus_GroupClasses","test10 > Given I am logged in as admin, when I am on adding groupInteraction from user Interaction tab, Then I should be able to see added interaction count==1 under patientWeeklyStatus_GroupClasses","admin login - user/patient/partcipant dashboard validation"
"passed","Wed Dec 10 21:39:26 UTC 2025","Wed Dec 10 21:39:26 UTC 2025","215","HabitNuCoachPortalSuite","ProjectPowerDashboard","CoachesPortal.ProjectPowerDashboard","CoachesPortal.ProjectPowerDashboard","verifySDOHPage","Verify SDOH page legends",""
"passed","Wed Dec 10 20:40:37 UTC 2025","Wed Dec 10 20:40:37 UTC 2025","591","HabitNuCoachPortalSuite","HabitNuCoachesPortalRegression-PartA","CoachesPortal.CohortLevelDashboard.CohortLevelDashboardPage","CoachesPortal.CohortLevelDashboard.CohortLevelDashboardPage","case4","Habitnu716 - weight loss-user- tooltip",""
"passed","Wed Dec 10 22:23:20 UTC 2025","Wed Dec 10 22:23:23 UTC 2025","2837","HabitNuCoachPortalSuite","DifferentTypeOfCohorts","CoachesPortal.liteCohorts","CoachesPortal.liteCohorts","case3","test1 > Given I am logged in as admin, I am validating Lite cohorts modules","test1 > Given I am logged in as admin, I am validating Lite cohorts modules, where cohort's Program type=DSME, Delivery type=Onsite"
"broken","Wed Dec 10 20:40:50 UTC 2025","Wed Dec 10 20:41:05 UTC 2025","15681","HabitNuCoachPortalSuite","HabitNuCoachesPortalRegression-PartA","CoachesPortal.CohortLevelDashboard.CohortLevelDashboardPage","CoachesPortal.CohortLevelDashboard.CohortLevelDashboardPage","case12","Food category - Displayed/Not Displayed.",""
"passed","Wed Dec 10 21:58:38 UTC 2025","Wed Dec 10 21:58:38 UTC 2025","79","HabitNuCoachPortalSuite","FeatureFlags","CoachesPortal.FeatureFlags","CoachesPortal.FeatureFlags","test22_deleteuser","delete rule",""
"passed","Wed Dec 10 21:26:58 UTC 2025","Wed Dec 10 21:27:02 UTC 2025","4259","HabitNuCoachPortalSuite","Paywal","CoachesPortal.payWall","CoachesPortal.payWall","testSubscriptionFailureScenario","COP-T415: Validate subscription failure scenario",""
"passed","Wed Dec 10 21:52:54 UTC 2025","Wed Dec 10 21:52:59 UTC 2025","4785","HabitNuCoachPortalSuite","UserDashboard","CoachesPortal.PatientDashboard","CoachesPortal.PatientDashboard","bloodPressureHistory","test8 > Given I am logged in as admin, wehn I am on adding bloodpressure from user Dashboard, Then I should be able to see added bloodpressure on bloodpressureHistory graph","admin login - user/patient/partcipant dashboard validation"
"broken","Wed Dec 10 21:56:52 UTC 2025","Wed Dec 10 21:57:14 UTC 2025","21586","HabitNuCoachPortalSuite","FeatureFlags","CoachesPortal.FeatureFlags","CoachesPortal.FeatureFlags","test12_addrulesforcohort","And user is able to add the rule for cohort level",""
"passed","Wed Dec 10 20:56:17 UTC 2025","Wed Dec 10 20:56:22 UTC 2025","5809","HabitNuCoachPortalSuite","HabitNuCoachesPortalRegression-PartA","CoachesPortal.DiscussionForumPage","CoachesPortal.DiscussionForumPage","case25","test1 > Given I am logged in as admin, I am validating Comment on pinned post.","test1 > Given I am logged in as admin, I am validating Comment on pinned post."
"passed","Wed Dec 10 21:56:12 UTC 2025","Wed Dec 10 21:56:17 UTC 2025","4783","HabitNuCoachPortalSuite","UserDashboard","CoachesPortal.PatientDashboard","CoachesPortal.PatientDashboard","bloodPressureHistory","test8 > Given I am logged in as coach, wehn I am on adding bloodpressure from user Dashboard, Then I should be able to see added bloodpressure on bloodpressureHistory graph","coach login - user/patient/partcipant dashboard validation"
"passed","Wed Dec 10 21:45:47 UTC 2025","Wed Dec 10 21:45:51 UTC 2025","3440","HabitNuCoachPortalSuite","GeneralContent","CoachesPortal.generalContent_WEb_Coaches","CoachesPortal.generalContent_WEb_Coaches","case1","going to general content throgh Profile.",""
"broken","Wed Dec 10 21:45:43 UTC 2025","Wed Dec 10 21:45:45 UTC 2025","1263","HabitNuCoachPortalSuite","GroupDPPClassPlanner","CoachesPortal.ClassPlanner","CoachesPortal.ClassPlanner","case35","validate user is able to view classPlanner item==text",""
"passed","Wed Dec 10 21:06:04 UTC 2025","Wed Dec 10 21:06:05 UTC 2025","657","HabitNuCoachPortalSuite","HabitNuCoachesPortalRegression-PartB","CoachesPortal.OnsiteUsersListDashboard","CoachesPortal.OnsiteUsersListDashboard","case2","test1 > Given I am logged in as coach, Users- All expected elements is displayed.","test1 > Given I am logged in as coach, Users- All expected elements is displayed."
"failed","Wed Dec 10 22:08:53 UTC 2025","Wed Dec 10 22:08:56 UTC 2025","2150","HabitNuCoachPortalSuite","DifferentTypeOfDashboards","CoachesPortal.CohortLevelDashboard.OnsiteCohortDashboard","CoachesPortal.CohortLevelDashboard.OnsiteCohortDashboard","foodCategory_fat_contentValidation","test1 > Given I am logged in as coach, I am validating onsite cohort 'foodCategoryGraph - foodCategory_fat_contentValidation","test1 > Given I am logged in as coach, I am validating onsite cohort 'foodCategoryGraph - foodCategory_fat_contentValidation"
"passed","Wed Dec 10 20:40:47 UTC 2025","Wed Dec 10 20:40:50 UTC 2025","2361","HabitNuCoachPortalSuite","HabitNuCoachesPortalRegression-PartA","CoachesPortal.CohortLevelDashboard.CohortLevelDashboardPage","CoachesPortal.CohortLevelDashboard.CohortLevelDashboardPage","case11","Coach Interactions by Participants- click on participant and navigate to dashboard.",""
"passed","Wed Dec 10 21:26:44 UTC 2025","Wed Dec 10 21:26:45 UTC 2025","1306","HabitNuCoachPortalSuite","Paywal","CoachesPortal.payWall","CoachesPortal.payWall","testFilterTransactions","COP-T400: Validate all transaction filters",""
"passed","Wed Dec 10 21:52:40 UTC 2025","Wed Dec 10 21:52:45 UTC 2025","5671","HabitNuCoachPortalSuite","UserDashboard","CoachesPortal.PatientDashboard","CoachesPortal.PatientDashboard","patientWeeklyStatus_STEPS","test4 > Given I am logged in as admin, wehn I am on adding steps from user Dashboard, Then I should be able to see added exercise steps count==1 under patientWeeklyStatus_STEPS","admin login - user/patient/partcipant dashboard validation"
"passed","Wed Dec 10 20:59:15 UTC 2025","Wed Dec 10 20:59:24 UTC 2025","9212","HabitNuCoachPortalSuite","HabitNuCoachesPortalRegression-PartA","CoachesPortal.DiscussionForumPage","CoachesPortal.DiscussionForumPage","case11","test1 > Given I am logged in as customerAdmin, I am validating File upload- error","test1 > Given I am logged in as customerAdmin, I am validating File upload- error"
"broken","Wed Dec 10 22:04:10 UTC 2025","Wed Dec 10 22:04:52 UTC 2025","42409","HabitNuCoachPortalSuite","DifferentTypeOfDashboards","CoachesPortal.CohortLevelDashboard.OnlineCohortDashboard","CoachesPortal.CohortLevelDashboard.OnlineCohortDashboard","latestHba1cGraph","test1 > Given I am logged in as customer admin, I am validating online cohort 'latestHba1cGraph","test1 > Given I am logged in as customer admin, I am validating online cohort 'latestHba1cGraph"
"passed","Wed Dec 10 21:06:13 UTC 2025","Wed Dec 10 21:06:23 UTC 2025","9595","HabitNuCoachPortalSuite","HabitNuCoachesPortalRegression-PartB","CoachesPortal.OnsiteUsersListDashboard","CoachesPortal.OnsiteUsersListDashboard","case10","test1 > Given I am logged in as coach, Choose Cohort which does not have form- multiple_classes_ofChild.","test1 > Given I am logged in as coach, Choose Cohort which does not have form- multiple_classes_ofChild."
"broken","Wed Dec 10 21:44:25 UTC 2025","Wed Dec 10 21:44:38 UTC 2025","12302","HabitNuCoachPortalSuite","LogClassSession","CoachesPortal.LogClassSection","CoachesPortal.LogClassSection","verifylogClassDataonDashboard_WeightHistory","Add weight,attendance date and PA And LF And MUP In Distance Learning",""
"passed","Wed Dec 10 20:49:00 UTC 2025","Wed Dec 10 20:49:01 UTC 2025","673","HabitNuCoachPortalSuite","HabitNuCoachesPortalRegression-PartA","CoachesPortal.LearnModule.CustomerAdminCourseDocument","CoachesPortal.LearnModule.CustomerAdminCourseDocument","verifyAddUrlTitleDocumentRequired","Add Documentupload And Title Required",""
"passed","Wed Dec 10 21:12:17 UTC 2025","Wed Dec 10 21:12:19 UTC 2025","1584","HabitNuCoachPortalSuite","HabitNuCoachesPortalRegression-PartB","CoachesPortal.OnsiteUsersListDashboard","CoachesPortal.OnsiteUsersListDashboard","case21","test1 > Given I am logged in as admin, Disenroll pop up is displayed when tried to disenrol user","test1 > Given I am logged in as admin, Disenroll pop up is displayed when tried to disenrol user"
"passed","Wed Dec 10 21:52:48 UTC 2025","Wed Dec 10 21:52:54 UTC 2025","6326","HabitNuCoachPortalSuite","UserDashboard","CoachesPortal.PatientDashboard","CoachesPortal.PatientDashboard","hbA1cHistory","test7 > Given I am logged in as admin, wehn I am on adding hba1c from user Dashboard, Then I should be able to see added hba1c on Hba1c graph","admin login - user/patient/partcipant dashboard validation"
"broken","Wed Dec 10 21:42:50 UTC 2025","Wed Dec 10 21:43:22 UTC 2025","31821","HabitNuCoachPortalSuite","LogClassSession","CoachesPortal.LogClassSection","CoachesPortal.LogClassSection","verifyAddWeightAttendanceDateAndPAAndLFAndMUPOnline","Add weight,attendance date and PA And LF And MUP Online Mode",""
"passed","Wed Dec 10 20:55:05 UTC 2025","Wed Dec 10 20:55:14 UTC 2025","9422","HabitNuCoachPortalSuite","HabitNuCoachesPortalRegression-PartA","CoachesPortal.DiscussionForumPage","CoachesPortal.DiscussionForumPage","case13","test1 > Given I am logged in as admin, I am validating File upload- description only- success.","test1 > Given I am logged in as admin, I am validating File upload- description only- success."
"passed","Wed Dec 10 21:14:20 UTC 2025","Wed Dec 10 21:14:22 UTC 2025","1666","HabitNuCoachPortalSuite","HabitNuCoachesPortalRegression-PartB","CoachesPortal.PatientDetails.PatientProfileDemographic","CoachesPortal.PatientDetails.PatientProfileDemographic","updateAndVerifyOtherDetails","test1 > Given I am logged in as coach, updateAndVerifyOtherDetails","test1 > Given I am logged in as coach, updateAndVerifyOtherDetails"
"passed","Wed Dec 10 21:47:42 UTC 2025","Wed Dec 10 21:47:43 UTC 2025","1166","HabitNuCoachPortalSuite","Milestones","CoachesPortal.BPSMMilestone","CoachesPortal.BPSMMilestone","test3_currentcohort_dashboard","And user is navigated to current cohort dashboard",""
"passed","Wed Dec 10 21:40:13 UTC 2025","Wed Dec 10 21:40:20 UTC 2025","6976","HabitNuCoachPortalSuite","ProjectPowerDashboard","CoachesPortal.ProjectPowerDashboard","CoachesPortal.ProjectPowerDashboard","verifyDemographicsParticipantCountByState","Demographics page - Participant Count by State",""
"passed","Wed Dec 10 20:46:59 UTC 2025","Wed Dec 10 20:47:16 UTC 2025","17042","HabitNuCoachPortalSuite","HabitNuCoachesPortalRegression-PartA","CoachesPortal.LearnModule.Learn","CoachesPortal.LearnModule.Learn","addClonedCourseToCohort","verify on clone course page, course created by admin is available",""
"passed","Wed Dec 10 21:58:44 UTC 2025","Wed Dec 10 21:58:45 UTC 2025","1142","HabitNuCoachPortalSuite","ParticipationsTable","CoachesPortal.participations","CoachesPortal.participations","test3_validatingadmin","When user is validating to Admin section ",""
"passed","Wed Dec 10 20:45:15 UTC 2025","Wed Dec 10 20:45:32 UTC 2025","16964","HabitNuCoachPortalSuite","HabitNuCoachesPortalRegression-PartA","CoachesPortal.LearnModule.Learn","CoachesPortal.LearnModule.Learn","verifyFromCoachesEndAfterCourseisRemoved","verify from coaches portal after course has been removed",""
"passed","Wed Dec 10 21:14:23 UTC 2025","Wed Dec 10 21:14:23 UTC 2025","5","HabitNuCoachPortalSuite","HabitNuCoachesPortalRegression-PartB","CoachesPortal.PatientDetails.PatientProfileDemographic","CoachesPortal.PatientDetails.PatientProfileDemographic","updateCurrentGender","test1 > Given I am logged in as coach, Current Gender","test1 > Given I am logged in as coach, Current Gender"
"passed","Wed Dec 10 21:37:21 UTC 2025","Wed Dec 10 21:37:21 UTC 2025","10","HabitNuCoachPortalSuite","ProjectPowerDashboard","CoachesPortal.ProjectPowerDashboard","CoachesPortal.ProjectPowerDashboard","verifyPending","go to coaches portal - Project Power-verify Pending Leads",""
"skipped","Wed Dec 10 21:12:19 UTC 2025","Wed Dec 10 21:12:19 UTC 2025","0","HabitNuCoachPortalSuite","HabitNuCoachesPortalRegression-PartB","CoachesPortal.OnsiteUsersListDashboard","CoachesPortal.OnsiteUsersListDashboard","case50","test1 > Given I am logged in as customerAdmin, hover over milestone dot to validate enrolled state text","test1 > Given I am logged in as customerAdmin, hover over milestone dot to validate enrolled state text"
"passed","Wed Dec 10 21:06:07 UTC 2025","Wed Dec 10 21:06:10 UTC 2025","3297","HabitNuCoachPortalSuite","HabitNuCoachesPortalRegression-PartB","CoachesPortal.OnsiteUsersListDashboard","CoachesPortal.OnsiteUsersListDashboard","case8","test1 > Given I am logged in as coach, Form Survey for cohort- validate sdoh tag present against form set.","test1 > Given I am logged in as coach, Form Survey for cohort- validate sdoh tag present against form set."
"passed","Wed Dec 10 20:43:33 UTC 2025","Wed Dec 10 20:43:34 UTC 2025","1192","HabitNuCoachPortalSuite","HabitNuCoachesPortalRegression-PartA","CoachesPortal.LearnModule.Learn","CoachesPortal.LearnModule.Learn","verifyLandingPageWhichIsProgramsHeadlined","Verify CustomerAdmin now lands on Course configuration page (Programs)",""
"passed","Wed Dec 10 20:50:06 UTC 2025","Wed Dec 10 20:50:09 UTC 2025","3238","HabitNuCoachPortalSuite","HabitNuCoachesPortalRegression-PartA","CoachesPortal.LearnModule.CustomerAdminCourseDocument","CoachesPortal.LearnModule.CustomerAdminCourseDocument","verifyDocuentVideoEditAndSave","Video Edit and Save",""
"passed","Wed Dec 10 21:10:04 UTC 2025","Wed Dec 10 21:10:07 UTC 2025","2241","HabitNuCoachPortalSuite","HabitNuCoachesPortalRegression-PartB","CoachesPortal.OnsiteUsersListDashboard","CoachesPortal.OnsiteUsersListDashboard","case1","test1 > Given I am logged in as admin, Search for 'automationForLogclass' and click on users.","test1 > Given I am logged in as admin, Search for 'automationForLogclass' and click on users."
"passed","Wed Dec 10 21:26:48 UTC 2025","Wed Dec 10 21:26:49 UTC 2025","1329","HabitNuCoachPortalSuite","Paywal","CoachesPortal.payWall","CoachesPortal.payWall","testFilterTransactions","COP-T400: Validate all transaction filters",""
"passed","Wed Dec 10 21:37:21 UTC 2025","Wed Dec 10 21:37:21 UTC 2025","10","HabitNuCoachPortalSuite","ProjectPowerDashboard","CoachesPortal.ProjectPowerDashboard","CoachesPortal.ProjectPowerDashboard","verifyYet_to_Confirm","go to coaches portal - Project Power-verify Yet to Confirm users",""
"passed","Wed Dec 10 21:30:58 UTC 2025","Wed Dec 10 21:32:02 UTC 2025","63248","HabitNuCoachPortalSuite","Paywal","CoachesPortal.payWall","CoachesPortal.payWall","testUnpublishedPlanIsHiddenFromUser","COP-T414: Validate user cannot see unpublished plans",""
"passed","Wed Dec 10 22:15:00 UTC 2025","Wed Dec 10 22:15:00 UTC 2025","181","HabitNuCoachPortalSuite","DifferentTypeOfDashboards","CoachesPortal.CohortLevelDashboard.DSMEDashboardCoachesPortal","CoachesPortal.CohortLevelDashboard.DSMEDashboardCoachesPortal","test15_verifyBloodSugarByPatientsWithCalender","Verify Blood Sugar by Patients with Calender as default date today selected",""
"failed","Wed Dec 10 21:32:02 UTC 2025","Wed Dec 10 21:33:28 UTC 2025","86263","HabitNuCoachPortalSuite","Paywal","CoachesPortal.payWall","CoachesPortal.payWall","testProgramWithoutPlanHidesSubscription","COP-T416: Validate program without plan shows no subscription option",""
"failed","Wed Dec 10 22:15:08 UTC 2025","Wed Dec 10 22:19:02 UTC 2025","233911","HabitNuCoachPortalSuite","DifferentTypeOfDashboards","CoachesPortal.CohortLevelDashboard.ParticipantsProgressTracker","CoachesPortal.CohortLevelDashboard.ParticipantsProgressTracker","test2_participants","And user is navigating to participants",""
"passed","Wed Dec 10 21:26:35 UTC 2025","Wed Dec 10 21:26:37 UTC 2025","2216","HabitNuCoachPortalSuite","Paywal","CoachesPortal.payWall","CoachesPortal.payWall","testViewAllTransactionsPage","COP-T400: View all transactions and validate page layout",""
"passed","Wed Dec 10 21:40:32 UTC 2025","Wed Dec 10 21:40:32 UTC 2025","144","HabitNuCoachPortalSuite","LoginPageCases","CoachesPortal.LoginPageCases","CoachesPortal.LoginPageCases","testLoginWithValidEmailAndEmptyPassword","try login with valid email and empty password",""
"skipped","Wed Dec 10 21:12:19 UTC 2025","Wed Dec 10 21:12:19 UTC 2025","0","HabitNuCoachPortalSuite","HabitNuCoachesPortalRegression-PartB","CoachesPortal.OnsiteUsersListDashboard","CoachesPortal.OnsiteUsersListDashboard","case41","test1 > Given I am logged in as customerAdmin, sorting users table with 'Name' in desc order","test1 > Given I am logged in as customerAdmin, sorting users table with 'Name' in desc order"
"passed","Wed Dec 10 21:17:12 UTC 2025","Wed Dec 10 21:17:16 UTC 2025","3750","HabitNuCoachPortalSuite","HabitNuCoachesPortalRegression-PartB","CoachesPortal.PatientDetails.UserActivitiesBloodPressure","CoachesPortal.PatientDetails.UserActivitiesBloodPressure","verifyAddCurrentDateBloodPressure","Verify user as Ethelyn in useractivities tab and add current date blood pressure",""
"passed","Wed Dec 10 21:08:17 UTC 2025","Wed Dec 10 21:08:18 UTC 2025","528","HabitNuCoachPortalSuite","HabitNuCoachesPortalRegression-PartB","CoachesPortal.OnsiteUsersListDashboard","CoachesPortal.OnsiteUsersListDashboard","case23","test1 > Given I am logged in as coach, Action- Request Form Survey.","test1 > Given I am logged in as coach, Action- Request Form Survey."
"passed","Wed Dec 10 21:49:46 UTC 2025","Wed Dec 10 21:49:57 UTC 2025","10607","HabitNuCoachPortalSuite","Milestones","CoachesPortal.VAMilestone","CoachesPortal.VAMilestone","test19_validating_VAHeaders_data","And user is validating to VAHeaders data by clicking arrow button",""
"passed","Wed Dec 10 20:42:56 UTC 2025","Wed Dec 10 20:43:00 UTC 2025","4325","HabitNuCoachPortalSuite","HabitNuCoachesPortalRegression-PartA","CoachesPortal.CohortLevelDashboard.CohortLevelDashboardPage","CoachesPortal.CohortLevelDashboard.CohortLevelDashboardPage","case23","Attendance By participants.",""
"passed","Wed Dec 10 21:47:47 UTC 2025","Wed Dec 10 21:47:48 UTC 2025","922","HabitNuCoachPortalSuite","Milestones","CoachesPortal.BPSMMilestone","CoachesPortal.BPSMMilestone","test8_validating_BPSMHeaders_data","And user is validating to BPSmHeaders data by clicking arrow button",""
"passed","Wed Dec 10 21:25:07 UTC 2025","Wed Dec 10 21:25:08 UTC 2025","1687","HabitNuCoachPortalSuite","Paywal","CoachesPortal.payWall","CoachesPortal.payWall","testCreateMonthlyPaymentPlan","COP-T388: Create Monthly Payment Plan",""
"passed","Wed Dec 10 21:25:13 UTC 2025","Wed Dec 10 21:25:17 UTC 2025","4182","HabitNuCoachPortalSuite","Paywal","CoachesPortal.payWall","CoachesPortal.payWall","testPublishPaymentPlan","COP-T390: Publish the monthly Payment Plan",""
"passed","Wed Dec 10 21:24:00 UTC 2025","Wed Dec 10 21:24:00 UTC 2025","506","HabitNuCoachPortalSuite","Scheduler","CoachesPortal.Schedular","CoachesPortal.Schedular","openAppoitmentCreateForm","test2 > Given I am logged in as admin, When I click on time slot, Then I should be able to see the create appointment form","admin login - It should open meeting form"
"passed","Wed Dec 10 20:59:33 UTC 2025","Wed Dec 10 20:59:43 UTC 2025","9448","HabitNuCoachPortalSuite","HabitNuCoachesPortalRegression-PartA","CoachesPortal.DiscussionForumPage","CoachesPortal.DiscussionForumPage","case13","test1 > Given I am logged in as customerAdmin, I am validating File upload- description only- success.","test1 > Given I am logged in as customerAdmin, I am validating File upload- description only- success."
"passed","Wed Dec 10 22:23:23 UTC 2025","Wed Dec 10 22:23:30 UTC 2025","6261","HabitNuCoachPortalSuite","DifferentTypeOfCohorts","CoachesPortal.connectCohorts","CoachesPortal.connectCohorts","case1","test1 > Given I am logged in as admin, I am validating connect cohorts modules","test1 > Given I am logged in as admin, I am validating connect cohorts modules"
"passed","Wed Dec 10 21:58:46 UTC 2025","Wed Dec 10 21:58:59 UTC 2025","13493","HabitNuCoachPortalSuite","ParticipationsTable","CoachesPortal.participations","CoachesPortal.participations","test6_validatingparticipations","And user is validating paricipations section",""
"passed","Wed Dec 10 20:56:06 UTC 2025","Wed Dec 10 20:56:07 UTC 2025","991","HabitNuCoachPortalSuite","HabitNuCoachesPortalRegression-PartA","CoachesPortal.DiscussionForumPage","CoachesPortal.DiscussionForumPage","case19","test1 > Given I am logged in as admin, I am validating Edit Post- Description only- Success","test1 > Given I am logged in as admin, I am validating Edit Post- Description only- Success"
"passed","Wed Dec 10 21:58:41 UTC 2025","Wed Dec 10 21:58:44 UTC 2025","2629","HabitNuCoachPortalSuite","ParticipationsTable","CoachesPortal.participations","CoachesPortal.participations","test1_navigatingcoach","Given user is navigating to coaches portal",""
"passed","Wed Dec 10 22:03:51 UTC 2025","Wed Dec 10 22:03:58 UTC 2025","6679","HabitNuCoachPortalSuite","DifferentTypeOfDashboards","CoachesPortal.CohortLevelDashboard.OnlineCohortDashboard","CoachesPortal.CohortLevelDashboard.OnlineCohortDashboard","activeParticipants","test1 > Given I am logged in as customer admin, I am validating online cohort 'dashboard-card=activeParticipants","test1 > Given I am logged in as customer admin, I am validating online cohort 'dashboard-card=activeParticipants"
"passed","Wed Dec 10 20:44:41 UTC 2025","Wed Dec 10 20:44:48 UTC 2025","6879","HabitNuCoachPortalSuite","HabitNuCoachesPortalRegression-PartA","CoachesPortal.LearnModule.Learn","CoachesPortal.LearnModule.Learn","checkLearnTabWhenNoCourse","check learn tab visibilty on web app when course is published from coaches portal",""
"broken","Wed Dec 10 20:42:23 UTC 2025","Wed Dec 10 20:42:39 UTC 2025","15495","HabitNuCoachPortalSuite","HabitNuCoachesPortalRegression-PartA","CoachesPortal.CohortLevelDashboard.CohortLevelDashboardPage","CoachesPortal.CohortLevelDashboard.CohortLevelDashboardPage","case20","Navigating to user dashboard through HbA1c user graph.",""
"broken","Wed Dec 10 21:56:48 UTC 2025","Wed Dec 10 21:56:52 UTC 2025","4737","HabitNuCoachPortalSuite","FeatureFlags","CoachesPortal.FeatureFlags","CoachesPortal.FeatureFlags","test11_addrulesforuser","And user is able to add the rule for user level",""
"passed","Wed Dec 10 21:48:31 UTC 2025","Wed Dec 10 21:48:32 UTC 2025","880","HabitNuCoachPortalSuite","Milestones","CoachesPortal.VAMilestone","CoachesPortal.VAMilestone","test2_changecohort","When user is able to change the cohort",""
"passed","Wed Dec 10 21:45:13 UTC 2025","Wed Dec 10 21:45:18 UTC 2025","5510","HabitNuCoachPortalSuite","GroupDPPClassPlanner","CoachesPortal.ClassPlanner","CoachesPortal.ClassPlanner","case22","Activate the class planner - It should activate the class planner",""
"failed","Wed Dec 10 21:03:23 UTC 2025","Wed Dec 10 21:03:23 UTC 2025","383","HabitNuCoachPortalSuite","HabitNuCoachesPortalRegression-PartA","CoachesPortal.DirectMessage","CoachesPortal.DirectMessage","verify_emptyChatlist_state","No messages are sent or received",""
"broken","Wed Dec 10 22:13:32 UTC 2025","Wed Dec 10 22:13:47 UTC 2025","15325","HabitNuCoachPortalSuite","DifferentTypeOfDashboards","CoachesPortal.CohortLevelDashboard.DSMEDashboardCoachesPortal","CoachesPortal.CohortLevelDashboard.DSMEDashboardCoachesPortal","test5_Enrolled","And user is validating Enrolled",""
"passed","Wed Dec 10 21:46:13 UTC 2025","Wed Dec 10 21:46:35 UTC 2025","22308","HabitNuCoachPortalSuite","GeneralContent","CoachesPortal.generalContent_WEb_Coaches","CoachesPortal.generalContent_WEb_Coaches","case6","Creating tags for Groups",""
"passed","Wed Dec 10 22:03:40 UTC 2025","Wed Dec 10 22:03:51 UTC 2025","11231","HabitNuCoachPortalSuite","DifferentTypeOfDashboards","CoachesPortal.CohortLevelDashboard.OnlineCohortDashboard","CoachesPortal.CohortLevelDashboard.OnlineCohortDashboard","male_female_card_with_update_to_female","test1 > Given I am logged in as customer admin, I am validating online cohort 'dashboard-card=male_female_card_with_update_to_female","test1 > Given I am logged in as customer admin, I am validating online cohort 'dashboard-card=male_female_card_with_update_to_female"
"passed","Wed Dec 10 21:17:20 UTC 2025","Wed Dec 10 21:17:28 UTC 2025","7242","HabitNuCoachPortalSuite","HabitNuCoachesPortalRegression-PartB","CoachesPortal.PatientDetails.UserActivitiesBloodPressure","CoachesPortal.PatientDetails.UserActivitiesBloodPressure","verifyCurrentAndYesterdayBPDataInCoachesPortal","Verify current and yesterday BPdata in coaches and webportal",""
"passed","Wed Dec 10 21:15:02 UTC 2025","Wed Dec 10 21:15:11 UTC 2025","9456","HabitNuCoachPortalSuite","HabitNuCoachesPortalRegression-PartB","CoachesPortal.PatientDetails.PatientProfileDemographic","CoachesPortal.PatientDetails.PatientProfileDemographic","updateDisenrollmentDetails_with_onlyDisenrolledDateData","test1 > Given I am logged in as customer admin, try updating DisenrollmentDetails with only diseenrolledDate data","test1 > Given I am logged in as customer admin, try updating DisenrollmentDetails with only diseenrolledDate data"
"passed","Wed Dec 10 21:37:14 UTC 2025","Wed Dec 10 21:37:15 UTC 2025","562","HabitNuCoachPortalSuite","HabitNuCoachesPortalRegression-PartC","CoachesPortal.PatientDetails.PatientProfileHealthProviders","CoachesPortal.PatientDetails.PatientProfileHealthProviders","editHealthProvider","edit HealthProvider for Ethylen",""
"broken","Wed Dec 10 21:43:22 UTC 2025","Wed Dec 10 21:43:54 UTC 2025","31917","HabitNuCoachPortalSuite","LogClassSession","CoachesPortal.LogClassSection","CoachesPortal.LogClassSection","verifyAddWeightAttendanceDateAndPAAndLFAndMUPIn_Person","Add weight,attendance date and PA And LF And MUP In Person Mode",""
"passed","Wed Dec 10 22:15:00 UTC 2025","Wed Dec 10 22:15:00 UTC 2025","93","HabitNuCoachPortalSuite","DifferentTypeOfDashboards","CoachesPortal.CohortLevelDashboard.DSMEDashboardCoachesPortal","CoachesPortal.CohortLevelDashboard.DSMEDashboardCoachesPortal","test18_verifyWeightLossByPatientsWithallPosibleActions","Verify Weight Loss by Patients dropdown card with possible options listed",""
"passed","Wed Dec 10 21:24:34 UTC 2025","Wed Dec 10 21:24:36 UTC 2025","2090","HabitNuCoachPortalSuite","Scheduler","CoachesPortal.Schedular","CoachesPortal.Schedular","joinTheMeeting","test7 >  Given I am logged in as admin, and on time slot page, When I click on created appointment, Then I should see the Join the meet button, When I click on it, Then I should be taken to joinmeeting page in new tab","admin login - User should be able to join the meet"
"passed","Wed Dec 10 21:24:10 UTC 2025","Wed Dec 10 21:24:18 UTC 2025","7179","HabitNuCoachPortalSuite","Scheduler","CoachesPortal.Schedular","CoachesPortal.Schedular","editAppointment","test4 >  Given I am logged in as admin, and on time slot page, When I click on created appointment, Then I should be able to see edit appointment page with edit button, When I click on it and edit details, Then I should be able to save it","admin login - User should be able to edit and save appointment"
"passed","Wed Dec 10 21:14:20 UTC 2025","Wed Dec 10 21:14:20 UTC 2025","44","HabitNuCoachPortalSuite","HabitNuCoachesPortalRegression-PartB","CoachesPortal.PatientDetails.PatientProfileDemographic","CoachesPortal.PatientDetails.PatientProfileDemographic","verifyOtherdetails","test1 > Given I am logged in as coach, verifyOtherdetails","test1 > Given I am logged in as coach, verifyOtherdetails"
"passed","Wed Dec 10 20:48:40 UTC 2025","Wed Dec 10 20:48:40 UTC 2025","600","HabitNuCoachPortalSuite","HabitNuCoachesPortalRegression-PartA","CoachesPortal.LearnModule.CustomerAdminCourseDocument","CoachesPortal.LearnModule.CustomerAdminCourseDocument","verifyAddUrlTitleLinkRequired","Add Url And Title Required",""
"passed","Wed Dec 10 21:39:26 UTC 2025","Wed Dec 10 21:39:26 UTC 2025","9","HabitNuCoachPortalSuite","ProjectPowerDashboard","CoachesPortal.ProjectPowerDashboard","CoachesPortal.ProjectPowerDashboard","verifySDOHPage_challenging_resources","Verify SDOH - Challenges Accessing Resources chart",""
"passed","Wed Dec 10 21:45:18 UTC 2025","Wed Dec 10 21:45:21 UTC 2025","2286","HabitNuCoachPortalSuite","GroupDPPClassPlanner","CoachesPortal.ClassPlanner","CoachesPortal.ClassPlanner","case23","Login to coach portal -> select the cohort -> Class planner -> Activate class planner ",""
"broken","Wed Dec 10 20:41:52 UTC 2025","Wed Dec 10 20:42:08 UTC 2025","15477","HabitNuCoachPortalSuite","HabitNuCoachesPortalRegression-PartA","CoachesPortal.CohortLevelDashboard.CohortLevelDashboardPage","CoachesPortal.CohortLevelDashboard.CohortLevelDashboardPage","case18","Latest HbA1c of participant.",""
"passed","Wed Dec 10 21:03:55 UTC 2025","Wed Dec 10 21:04:45 UTC 2025","49723","HabitNuCoachPortalSuite","HabitNuCoachesPortalRegression-PartA","CoachesPortal.DirectMessage","CoachesPortal.DirectMessage","verifyDMonWebApp","Verify message on web app by Patient",""
"passed","Wed Dec 10 20:48:38 UTC 2025","Wed Dec 10 20:48:40 UTC 2025","1448","HabitNuCoachPortalSuite","HabitNuCoachesPortalRegression-PartA","CoachesPortal.LearnModule.CustomerAdminCourseDocument","CoachesPortal.LearnModule.CustomerAdminCourseDocument","verifyAddLinkDocument","Add link Document",""
"passed","Wed Dec 10 22:19:02 UTC 2025","Wed Dec 10 22:20:12 UTC 2025","70305","HabitNuCoachPortalSuite","DifferentTypeOfDashboards","CoachesPortal.CohortLevelDashboard.ParticipantsProgressTracker","CoachesPortal.CohortLevelDashboard.ParticipantsProgressTracker","test3_participants_filter_actions_options","And user is navigating to participants",""
"failed","Wed Dec 10 21:25:23 UTC 2025","Wed Dec 10 21:26:10 UTC 2025","47278","HabitNuCoachPortalSuite","Paywal","CoachesPortal.payWall","CoachesPortal.payWall","testEditSyncedPlanAndManualSync","COP-T393 & T394: Edit a synced plan and verify manual sync",""
"skipped","Wed Dec 10 21:12:19 UTC 2025","Wed Dec 10 21:12:19 UTC 2025","0","HabitNuCoachPortalSuite","HabitNuCoachesPortalRegression-PartB","CoachesPortal.OnsiteUsersListDashboard","CoachesPortal.OnsiteUsersListDashboard","case55","test1 > Given I am logged in as customerAdmin, verify milestonecolor==green when coach updates 'confirm By participant' to true","test1 > Given I am logged in as customerAdmin, verify milestonecolor==green when coach updates 'confirm By participant' to true"
"broken","Wed Dec 10 22:08:56 UTC 2025","Wed Dec 10 22:08:58 UTC 2025","1994","HabitNuCoachPortalSuite","DifferentTypeOfDashboards","CoachesPortal.CohortLevelDashboard.OnsiteCohortDashboard","CoachesPortal.CohortLevelDashboard.OnsiteCohortDashboard","foodCategory_check_with_pastday","test1 > Given I am logged in as coach, I am validating onsite cohort 'foodCategoryGraph - foodCategory_check_with_pastday","test1 > Given I am logged in as coach, I am validating onsite cohort 'foodCategoryGraph - foodCategory_check_with_pastday"
"passed","Wed Dec 10 20:43:33 UTC 2025","Wed Dec 10 20:43:33 UTC 2025","203","HabitNuCoachPortalSuite","HabitNuCoachesPortalRegression-PartA","CoachesPortal.LearnModule.Learn","CoachesPortal.LearnModule.Learn","verifyAdminModuleIsAvailable","Verify CustomerAdmin can click on admin option from profile Icon",""
"passed","Wed Dec 10 22:01:36 UTC 2025","Wed Dec 10 22:01:52 UTC 2025","15655","HabitNuCoachPortalSuite","DifferentTypeOfDashboards","CoachesPortal.CohortLevelDashboard.OnlineCohortDashboard","CoachesPortal.CohortLevelDashboard.OnlineCohortDashboard","male_female_card_with_update_to_female","test1 > Given I am logged in as coach, I am validating online cohort 'dashboard-card=male_female_card_with_update_to_female","test1 > Given I am logged in as coach, I am validating online cohort 'dashboard-card=male_female_card_with_update_to_female"
"passed","Wed Dec 10 21:12:29 UTC 2025","Wed Dec 10 21:12:31 UTC 2025","1525","HabitNuCoachPortalSuite","HabitNuCoachesPortalRegression-PartB","CoachesPortal.PatientDetails.CommunicationLogsCoachesPortal","CoachesPortal.PatientDetails.CommunicationLogsCoachesPortal","verifyCommunicationLogsWithPush","verifyCommunicationLogsWithPush",""
"passed","Wed Dec 10 20:43:46 UTC 2025","Wed Dec 10 20:43:48 UTC 2025","2077","HabitNuCoachPortalSuite","HabitNuCoachesPortalRegression-PartA","CoachesPortal.LearnModule.Learn","CoachesPortal.LearnModule.Learn","checkChapterAddition","verify course addition",""
"passed","Wed Dec 10 21:52:45 UTC 2025","Wed Dec 10 21:52:48 UTC 2025","2291","HabitNuCoachPortalSuite","UserDashboard","CoachesPortal.PatientDashboard","CoachesPortal.PatientDashboard","physicalActivityHistory","test5 > Given I am logged in as admin, wehn I am on adding steps from user Dashboard, Then I should be able to see added Steps on physicalActivityHistory graph","admin login - user/patient/partcipant dashboard validation"
"passed","Wed Dec 10 21:56:40 UTC 2025","Wed Dec 10 21:56:43 UTC 2025","2647","HabitNuCoachPortalSuite","FeatureFlags","CoachesPortal.FeatureFlags","CoachesPortal.FeatureFlags","test1_navigatingcoach","Given user is navigating to coaches portal",""
"passed","Wed Dec 10 21:19:58 UTC 2025","Wed Dec 10 21:20:04 UTC 2025","5601","HabitNuCoachPortalSuite","HabitNuCoachesPortalRegression-PartB","CoachesPortal.PatientDetails.UserActivitiesTobacco","CoachesPortal.PatientDetails.UserActivitiesTobacco","verifyAddCurrentDateBloodPressure","Verify user as Ethelyn in useractivities tab and add current date tobacco",""
"passed","Wed Dec 10 21:44:53 UTC 2025","Wed Dec 10 21:45:03 UTC 2025","10218","HabitNuCoachPortalSuite","GroupDPPClassPlanner","CoachesPortal.ClassPlanner","CoachesPortal.ClassPlanner","case16","Cancel Unarchive card",""
"passed","Wed Dec 10 21:39:24 UTC 2025","Wed Dec 10 21:39:26 UTC 2025","2056","HabitNuCoachPortalSuite","ProjectPowerDashboard","CoachesPortal.ProjectPowerDashboard","CoachesPortal.ProjectPowerDashboard","verifyCohortWeightLossTrendForCustomTIME","All cohort dashboard for project power - Cohort Weight Loss trend - Custom Time",""
"broken","Wed Dec 10 21:45:42 UTC 2025","Wed Dec 10 21:45:43 UTC 2025","1232","HabitNuCoachPortalSuite","GroupDPPClassPlanner","CoachesPortal.ClassPlanner","CoachesPortal.ClassPlanner","case34","validate user is able to view classPlanner item==document",""
"passed","Wed Dec 10 21:18:59 UTC 2025","Wed Dec 10 21:19:05 UTC 2025","5880","HabitNuCoachPortalSuite","HabitNuCoachesPortalRegression-PartB","CoachesPortal.PatientDetails.UserActivitiesBloodSugar","CoachesPortal.PatientDetails.UserActivitiesBloodSugar","verifyBloodSugarInCoachPortal","Verify user as Ethelyn in useractivities tab added current date blood sugar fasting ,before meal and after meal",""
"passed","Wed Dec 10 20:52:02 UTC 2025","Wed Dec 10 20:52:03 UTC 2025","928","HabitNuCoachPortalSuite","HabitNuCoachesPortalRegression-PartA","CoachesPortal.DiscussionForumPage","CoachesPortal.DiscussionForumPage","case21","test1 > Given I am logged in as coach, I am validating Edit Post-Remove File.","test1 > Given I am logged in as coach, I am validating Edit Post-Remove File."
"passed","Wed Dec 10 21:26:53 UTC 2025","Wed Dec 10 21:26:54 UTC 2025","1309","HabitNuCoachPortalSuite","Paywal","CoachesPortal.payWall","CoachesPortal.payWall","testFilterTransactions","COP-T400: Validate all transaction filters",""
"passed","Wed Dec 10 21:52:14 UTC 2025","Wed Dec 10 21:52:19 UTC 2025","4749","HabitNuCoachPortalSuite","UserDashboard","CoachesPortal.PatientDashboard","CoachesPortal.PatientDashboard","goToUserDashboard","test1 > Given I am logged in as admin, wehn I click on Participants module, Then I should be taken to users/participants list page, when I click on a user, Then I should be taken to user dashboard","admin login - clicking on scheduler should open the scheduler page in coaches portal"
"passed","Wed Dec 10 21:58:28 UTC 2025","Wed Dec 10 21:58:33 UTC 2025","5538","HabitNuCoachPortalSuite","FeatureFlags","CoachesPortal.FeatureFlags","CoachesPortal.FeatureFlags","test19_addrulesforprogram_multipletimes","And user is able to add the rule for program level multiple times",""
"passed","Wed Dec 10 21:03:23 UTC 2025","Wed Dec 10 21:03:23 UTC 2025","65","HabitNuCoachPortalSuite","HabitNuCoachesPortalRegression-PartA","CoachesPortal.DirectMessage","CoachesPortal.DirectMessage","verify_the_elements_of_direct_message","verify the elements of direct message ",""
"failed","Wed Dec 10 21:15:41 UTC 2025","Wed Dec 10 21:15:42 UTC 2025","370","HabitNuCoachPortalSuite","HabitNuCoachesPortalRegression-PartB","CoachesPortal.PatientDetails.PatientProfileDemographic","CoachesPortal.PatientDetails.PatientProfileDemographic","testSelectRememberingUnknown","test1 > Given I am logged in as customer admin, testSelectRememberingUnknown","test1 > Given I am logged in as customer admin, testSelectRememberingUnknown"
"passed","Wed Dec 10 20:50:09 UTC 2025","Wed Dec 10 20:50:11 UTC 2025","1873","HabitNuCoachPortalSuite","HabitNuCoachesPortalRegression-PartA","CoachesPortal.LearnModule.CustomerAdminCourseDocument","CoachesPortal.LearnModule.CustomerAdminCourseDocument","verifyVideoEditAndClose","Video Edit and Close",""
"broken","Wed Dec 10 22:04:59 UTC 2025","Wed Dec 10 22:04:59 UTC 2025","162","HabitNuCoachPortalSuite","DifferentTypeOfDashboards","CoachesPortal.CohortLevelDashboard.OnlineCohortDashboard","CoachesPortal.CohortLevelDashboard.OnlineCohortDashboard","foodCategory_actions_dropdown","test1 > Given I am logged in as customer admin, I am validating online cohort 'foodCategoryGraph - foodCategory_actions_dropdown","test1 > Given I am logged in as customer admin, I am validating online cohort 'foodCategoryGraph - foodCategory_actions_dropdown"
"passed","Wed Dec 10 21:56:17 UTC 2025","Wed Dec 10 21:56:17 UTC 2025","73","HabitNuCoachPortalSuite","UserDashboard","CoachesPortal.PatientDashboard","CoachesPortal.PatientDashboard","patientWeeklyStatus_Meals","test11 > Given I am logged in as coach, when I am on adding Meal by logging into user app, Then I should be able to see added Meal count==1 under patientWeeklyStatus_Meals","coach login - user/patient/partcipant dashboard validation"
"passed","Wed Dec 10 21:56:18 UTC 2025","Wed Dec 10 21:56:22 UTC 2025","4099","HabitNuCoachPortalSuite","UserDashboard","CoachesPortal.PatientDashboard","CoachesPortal.PatientDashboard","patientVWeeklyStatusVideo_when_100_percentWatched","test15 > Given I am logged in as coach, when I am on watching a video completely by logging into user app, Then I should be able to see watched Video count==1 under patientVWeeklyStatusVideo","coach login - user/patient/partcipant dashboard validation"
"skipped","Wed Dec 10 21:29:37 UTC 2025","Wed Dec 10 21:29:37 UTC 2025","1","HabitNuCoachPortalSuite","Paywal","CoachesPortal.payWall","CoachesPortal.payWall","testValidateTransactionEntryAfterSubscription","COP-T411: Validate transaction entry after user subscription",""
"passed","Wed Dec 10 20:49:22 UTC 2025","Wed Dec 10 20:49:30 UTC 2025","8240","HabitNuCoachPortalSuite","HabitNuCoachesPortalRegression-PartA","CoachesPortal.LearnModule.CustomerAdminCourseDocument","CoachesPortal.LearnModule.CustomerAdminCourseDocument","verifyDocumentArchiveCancelAndConfirm","Document Archive Cancel And Confirm",""
"passed","Wed Dec 10 22:06:10 UTC 2025","Wed Dec 10 22:06:10 UTC 2025","71","HabitNuCoachPortalSuite","DifferentTypeOfDashboards","CoachesPortal.CohortLevelDashboard.OnsiteCohortDashboard","CoachesPortal.CohortLevelDashboard.OnsiteCohortDashboard","coachName","test1 > Given I am logged in as customer admin, I am validating onsite cohort 'dashboard-card=coachName","test1 > Given I am logged in as customer admin, I am validating onsite cohort 'dashboard-card=coachName"
"passed","Wed Dec 10 21:14:53 UTC 2025","Wed Dec 10 21:14:53 UTC 2025","796","HabitNuCoachPortalSuite","HabitNuCoachesPortalRegression-PartB","CoachesPortal.PatientDetails.PatientProfileDemographic","CoachesPortal.PatientDetails.PatientProfileDemographic","updateDisenrollmentDetails_with_emptyData","test1 > Given I am logged in as customer admin, try updating DisenrollmentDetails with empty data","test1 > Given I am logged in as customer admin, try updating DisenrollmentDetails with empty data"
"passed","Wed Dec 10 22:05:47 UTC 2025","Wed Dec 10 22:05:47 UTC 2025","935","HabitNuCoachPortalSuite","DifferentTypeOfDashboards","CoachesPortal.CohortLevelDashboard.OnsiteCohortDashboard","CoachesPortal.CohortLevelDashboard.OnsiteCohortDashboard","case8","test1 > Given I am logged in as customer admin,  I am validating onsite cohort 'Weight Loss By Participants validation on graph with 'Added by user' option, when user adds weight","test1 > Given I am logged in as customer admin,  I am validating onsite cohort 'Weight Loss By Participants validation on graph with 'Added by user' option, when user adds weight"
"broken","Wed Dec 10 21:10:46 UTC 2025","Wed Dec 10 21:10:47 UTC 2025","1281","HabitNuCoachPortalSuite","HabitNuCoachesPortalRegression-PartB","CoachesPortal.OnsiteUsersListDashboard","CoachesPortal.OnsiteUsersListDashboard","case13","test1 > Given I am logged in as admin, Click on +, wait till all elements are displayed and then validate.","test1 > Given I am logged in as admin, Click on +, wait till all elements are displayed and then validate."
"passed","Wed Dec 10 21:03:36 UTC 2025","Wed Dec 10 21:03:39 UTC 2025","2801","HabitNuCoachPortalSuite","HabitNuCoachesPortalRegression-PartA","CoachesPortal.DirectMessage","CoachesPortal.DirectMessage","sendMessageToPatient_2","send a message to second participant in the list, and use ENTER button from keyboard to simulate message submission and validate message==null. ",""
"passed","Wed Dec 10 20:44:18 UTC 2025","Wed Dec 10 20:44:23 UTC 2025","4381","HabitNuCoachPortalSuite","HabitNuCoachesPortalRegression-PartA","CoachesPortal.LearnModule.Learn","CoachesPortal.LearnModule.Learn","letsPublishCourseNow","publish the course",""
"passed","Wed Dec 10 20:44:29 UTC 2025","Wed Dec 10 20:44:30 UTC 2025","1616","HabitNuCoachPortalSuite","HabitNuCoachesPortalRegression-PartA","CoachesPortal.LearnModule.Learn","CoachesPortal.LearnModule.Learn","addCourseToTheProgram","adding  the course to the program",""
"passed","Wed Dec 10 21:14:22 UTC 2025","Wed Dec 10 21:14:22 UTC 2025","133","HabitNuCoachPortalSuite","HabitNuCoachesPortalRegression-PartB","CoachesPortal.PatientDetails.PatientProfileDemographic","CoachesPortal.PatientDetails.PatientProfileDemographic","testSelectHearingYes","test1 > Given I am logged in as coach, testSelectHearingYes","test1 > Given I am logged in as coach, testSelectHearingYes"
"passed","Wed Dec 10 21:08:15 UTC 2025","Wed Dec 10 21:08:17 UTC 2025","1592","HabitNuCoachPortalSuite","HabitNuCoachesPortalRegression-PartB","CoachesPortal.OnsiteUsersListDashboard","CoachesPortal.OnsiteUsersListDashboard","case21","test1 > Given I am logged in as coach, Disenroll pop up is displayed when tried to disenrol user","test1 > Given I am logged in as coach, Disenroll pop up is displayed when tried to disenrol user"
"passed","Wed Dec 10 22:01:57 UTC 2025","Wed Dec 10 22:02:01 UTC 2025","4417","HabitNuCoachPortalSuite","DifferentTypeOfDashboards","CoachesPortal.CohortLevelDashboard.OnlineCohortDashboard","CoachesPortal.CohortLevelDashboard.OnlineCohortDashboard","weeksCompleted","test1 > Given I am logged in as coach, I am validating online cohort 'dashboard-card=weeksCompleted","test1 > Given I am logged in as coach, I am validating online cohort 'dashboard-card=weeksCompleted"
"broken","Wed Dec 10 20:41:05 UTC 2025","Wed Dec 10 20:41:21 UTC 2025","15561","HabitNuCoachPortalSuite","HabitNuCoachesPortalRegression-PartA","CoachesPortal.CohortLevelDashboard.CohortLevelDashboardPage","CoachesPortal.CohortLevelDashboard.CohortLevelDashboardPage","case13","Food category - 0 Kcal test case.",""
"passed","Wed Dec 10 21:40:27 UTC 2025","Wed Dec 10 21:40:27 UTC 2025","243","HabitNuCoachPortalSuite","LoginPageCases","CoachesPortal.LoginPageCases","CoachesPortal.LoginPageCases","testRestpasswordCase2","validate users be able to reset password, while doing so entering new password, but entering different one in confirm password",""
"passed","Wed Dec 10 21:40:35 UTC 2025","Wed Dec 10 21:40:37 UTC 2025","2460","HabitNuCoachPortalSuite","LoginPageCases","CoachesPortal.LoginPageCases","CoachesPortal.LoginPageCases","testLoginWithValidEmailAndInvalidPassword","try login with valid email and invalid password",""
"passed","Wed Dec 10 20:43:27 UTC 2025","Wed Dec 10 20:43:30 UTC 2025","2231","HabitNuCoachPortalSuite","HabitNuCoachesPortalRegression-PartA","CoachesPortal.CohortLevelDashboard.CohortLevelDashboardPage","CoachesPortal.CohortLevelDashboard.CohortLevelDashboardPage","case32","Racial Breakdown graph- tooltip extraction.",""
"passed","Wed Dec 10 21:41:08 UTC 2025","Wed Dec 10 21:41:09 UTC 2025","1133","HabitNuCoachPortalSuite","LogClassSession","CoachesPortal.LogClassSection","CoachesPortal.LogClassSection","verifyDashboardClickParticipant","Click On Search Participant",""
"passed","Wed Dec 10 21:14:34 UTC 2025","Wed Dec 10 21:14:35 UTC 2025","931","HabitNuCoachPortalSuite","HabitNuCoachesPortalRegression-PartB","CoachesPortal.PatientDetails.PatientProfileDemographic","CoachesPortal.PatientDetails.PatientProfileDemographic","editverifyProgramDetailsWithIsActive","test1 > Given I am logged in as customer admin, verify cancel and update buttons are present for program details","test1 > Given I am logged in as customer admin, verify cancel and update buttons are present for program details"
"passed","Wed Dec 10 21:20:16 UTC 2025","Wed Dec 10 21:20:17 UTC 2025","1032","HabitNuCoachPortalSuite","HabitNuCoachesPortalRegression-PartB","CoachesPortal.PatientDetails.UserActivitiesTobacco","CoachesPortal.PatientDetails.UserActivitiesTobacco","verifyUser_isNot_allowed_edit_coachAddedData","Verify user is not allowed to edit data added by coaches",""
"passed","Wed Dec 10 21:52:59 UTC 2025","Wed Dec 10 21:52:59 UTC 2025","14","HabitNuCoachPortalSuite","UserDashboard","CoachesPortal.PatientDashboard","CoachesPortal.PatientDashboard","patientWeeklyStatus_CoachInteractions","test9 > Given I am logged in as admin, wehn I am on adding coachInteraction from user Interaction tab, Then I should be able to see added interaction count==1 under patientWeeklyStatus_CoachInteractions","admin login - user/patient/partcipant dashboard validation"
"passed","Wed Dec 10 21:44:45 UTC 2025","Wed Dec 10 21:44:45 UTC 2025","753","HabitNuCoachPortalSuite","GroupDPPClassPlanner","CoachesPortal.ClassPlanner","CoachesPortal.ClassPlanner","case3","Add the list to class planner",""
"failed","Wed Dec 10 22:07:43 UTC 2025","Wed Dec 10 22:07:43 UTC 2025","208","HabitNuCoachPortalSuite","DifferentTypeOfDashboards","CoachesPortal.CohortLevelDashboard.OnsiteCohortDashboard","CoachesPortal.CohortLevelDashboard.OnsiteCohortDashboard","male_female_card_withUdate_to_male","test1 > Given I am logged in as coach, I am validating onsite cohort 'dashboard-card=male_female_card_withUdate_to_male","test1 > Given I am logged in as coach, I am validating onsite cohort 'dashboard-card=male_female_card_withUdate_to_male"
"passed","Wed Dec 10 21:14:23 UTC 2025","Wed Dec 10 21:14:23 UTC 2025","5","HabitNuCoachPortalSuite","HabitNuCoachesPortalRegression-PartB","CoachesPortal.PatientDetails.PatientProfileDemographic","CoachesPortal.PatientDetails.PatientProfileDemographic","updateMiddleName","test1 > Given I am logged in as coach, Middle Name","test1 > Given I am logged in as coach, Middle Name"
"passed","Wed Dec 10 21:00:42 UTC 2025","Wed Dec 10 21:00:43 UTC 2025","245","HabitNuCoachPortalSuite","HabitNuCoachesPortalRegression-PartA","CoachesPortal.DiscussionForumPage","CoachesPortal.DiscussionForumPage","case22","test1 > Given I am logged in as customerAdmin, I am validating Edit Post-Close button.","test1 > Given I am logged in as customerAdmin, I am validating Edit Post-Close button."
"passed","Wed Dec 10 20:50:29 UTC 2025","Wed Dec 10 20:50:30 UTC 2025","915","HabitNuCoachPortalSuite","HabitNuCoachesPortalRegression-PartA","CoachesPortal.DiscussionForumPage","CoachesPortal.DiscussionForumPage","case2","test1 > Given I am logged in as coach, I am validating Discussions- All elements check","test1 > Given I am logged in as coach, I am validating Discussions- All elements check"
"passed","Wed Dec 10 21:45:51 UTC 2025","Wed Dec 10 21:45:54 UTC 2025","3341","HabitNuCoachPortalSuite","GeneralContent","CoachesPortal.generalContent_WEb_Coaches","CoachesPortal.generalContent_WEb_Coaches","case2","Creating tags for Exercise",""
"passed","Wed Dec 10 21:55:54 UTC 2025","Wed Dec 10 21:55:58 UTC 2025","4466","HabitNuCoachPortalSuite","UserDashboard","CoachesPortal.PatientDashboard","CoachesPortal.PatientDashboard","patientWeeklyStatus_WEIGHTS","test2 > Given I am logged in as coach, wehn I am on adding weight from user Dashboard, Then I should be able to see added weight count==1 under patientWeeklyStatus_WEIGHTS","coach login - user/patient/partcipant dashboard validation"
"passed","Wed Dec 10 20:54:44 UTC 2025","Wed Dec 10 20:54:45 UTC 2025","1196","HabitNuCoachPortalSuite","HabitNuCoachesPortalRegression-PartA","CoachesPortal.DiscussionForumPage","CoachesPortal.DiscussionForumPage","case9","test1 > Given I am logged in as admin, I am validating Post empty comment- error message.","test1 > Given I am logged in as admin, I am validating Post empty comment- error message."
"passed","Wed Dec 10 22:05:58 UTC 2025","Wed Dec 10 22:06:04 UTC 2025","5903","HabitNuCoachPortalSuite","DifferentTypeOfDashboards","CoachesPortal.CohortLevelDashboard.OnsiteCohortDashboard","CoachesPortal.CohortLevelDashboard.OnsiteCohortDashboard","activeParticipants","test1 > Given I am logged in as customer admin, I am validating onsite cohort 'dashboard-card=activeParticipants","test1 > Given I am logged in as customer admin, I am validating onsite cohort 'dashboard-card=activeParticipants"
"passed","Wed Dec 10 21:14:22 UTC 2025","Wed Dec 10 21:14:22 UTC 2025","70","HabitNuCoachPortalSuite","HabitNuCoachesPortalRegression-PartB","CoachesPortal.PatientDetails.PatientProfileDemographic","CoachesPortal.PatientDetails.PatientProfileDemographic","testSelectBlindNo","test1 > Given I am logged in as coach, testSelectBlindNo","test1 > Given I am logged in as coach, testSelectBlindNo"
"failed","Wed Dec 10 22:04:53 UTC 2025","Wed Dec 10 22:04:55 UTC 2025","2147","HabitNuCoachPortalSuite","DifferentTypeOfDashboards","CoachesPortal.CohortLevelDashboard.OnlineCohortDashboard","CoachesPortal.CohortLevelDashboard.OnlineCohortDashboard","foodCategory_carb_contentValidation","test1 > Given I am logged in as customer admin, I am validating online cohort 'foodCategoryGraph - foodCategory_carb_contentValidation","test1 > Given I am logged in as customer admin, I am validating online cohort 'foodCategoryGraph - foodCategory_carb_contentValidation"
"passed","Wed Dec 10 20:56:16 UTC 2025","Wed Dec 10 20:56:17 UTC 2025","294","HabitNuCoachPortalSuite","HabitNuCoachesPortalRegression-PartA","CoachesPortal.DiscussionForumPage","CoachesPortal.DiscussionForumPage","case24","test1 > Given I am logged in as admin, I am validating Pin The post","test1 > Given I am logged in as admin, I am validating Pin The post"
"passed","Wed Dec 10 20:43:41 UTC 2025","Wed Dec 10 20:43:42 UTC 2025","601","HabitNuCoachPortalSuite","HabitNuCoachesPortalRegression-PartA","CoachesPortal.LearnModule.Learn","CoachesPortal.LearnModule.Learn","checkToastMessage","to verify toast message when no content is added to the course",""
"passed","Wed Dec 10 20:48:43 UTC 2025","Wed Dec 10 20:48:43 UTC 2025","900","HabitNuCoachPortalSuite","HabitNuCoachesPortalRegression-PartA","CoachesPortal.LearnModule.CustomerAdminCourseDocument","CoachesPortal.LearnModule.CustomerAdminCourseDocument","verifyAddValidUrlRequired","Add Valid Url Required",""
"passed","Wed Dec 10 20:54:43 UTC 2025","Wed Dec 10 20:54:44 UTC 2025","840","HabitNuCoachPortalSuite","HabitNuCoachesPortalRegression-PartA","CoachesPortal.DiscussionForumPage","CoachesPortal.DiscussionForumPage","case8","test1 > Given I am logged in as admin, I am validating Add describe only- success post.","test1 > Given I am logged in as admin, I am validating Add describe only- success post."
"passed","Wed Dec 10 22:01:07 UTC 2025","Wed Dec 10 22:01:19 UTC 2025","11405","HabitNuCoachPortalSuite","DifferentTypeOfDashboards","CoachesPortal.CohortLevelDashboard.OnlineCohortDashboard","CoachesPortal.CohortLevelDashboard.OnlineCohortDashboard","fivePercentWeightLossCard","test1 > Given I am logged in as coach, I am validating online cohort 'dashboard-card=fivePercentWeightLossCardCount","test1 > Given I am logged in as coach, I am validating online cohort 'dashboard-card=fivePercentWeightLossCardCount"
"broken","Wed Dec 10 21:11:35 UTC 2025","Wed Dec 10 21:11:55 UTC 2025","20597","HabitNuCoachPortalSuite","HabitNuCoachesPortalRegression-PartB","CoachesPortal.OnsiteUsersListDashboard","CoachesPortal.OnsiteUsersListDashboard","case17","test1 > Given I am logged in as admin, Enter call details from list section using headset button","test1 > Given I am logged in as admin, Enter call details from list section using headset button"
"passed","Wed Dec 10 21:18:52 UTC 2025","Wed Dec 10 21:18:59 UTC 2025","6489","HabitNuCoachPortalSuite","HabitNuCoachesPortalRegression-PartB","CoachesPortal.PatientDetails.UserActivitiesBloodSugar","CoachesPortal.PatientDetails.UserActivitiesBloodSugar","verifyandCancelCurrentDateBloodSugar","Verify user as Ethelyn in useractivities tab and Cancel filled current date blood sugar",""
"passed","Wed Dec 10 22:13:47 UTC 2025","Wed Dec 10 22:14:09 UTC 2025","21869","HabitNuCoachPortalSuite","DifferentTypeOfDashboards","CoachesPortal.CohortLevelDashboard.DSMEDashboardCoachesPortal","CoachesPortal.CohortLevelDashboard.DSMEDashboardCoachesPortal","test6_Disenrolled","And user is validating Disenrolled",""
"passed","Wed Dec 10 21:40:13 UTC 2025","Wed Dec 10 21:40:13 UTC 2025","17","HabitNuCoachPortalSuite","ProjectPowerDashboard","CoachesPortal.ProjectPowerDashboard","CoachesPortal.ProjectPowerDashboard","verifyDemographicsReferralSource","Demographics page - Referral Source",""
"passed","Wed Dec 10 21:48:48 UTC 2025","Wed Dec 10 21:48:50 UTC 2025","1908","HabitNuCoachPortalSuite","Milestones","CoachesPortal.VAMilestone","CoachesPortal.VAMilestone","test9_validating_VAHeaders_data","And user is validating to VAHeaders data by clicking arrow button",""
"passed","Wed Dec 10 21:58:24 UTC 2025","Wed Dec 10 21:58:25 UTC 2025","597","HabitNuCoachPortalSuite","FeatureFlags","CoachesPortal.FeatureFlags","CoachesPortal.FeatureFlags","test16_deleteuser","delete rule",""
"passed","Wed Dec 10 21:37:21 UTC 2025","Wed Dec 10 21:37:21 UTC 2025","13","HabitNuCoachPortalSuite","ProjectPowerDashboard","CoachesPortal.ProjectPowerDashboard","CoachesPortal.ProjectPowerDashboard","verifyUNCONFIRMED","go to coaches portal - Project Power-verify UNCONFIRMED users",""
"passed","Wed Dec 10 20:49:30 UTC 2025","Wed Dec 10 20:49:40 UTC 2025","10007","HabitNuCoachPortalSuite","HabitNuCoachesPortalRegression-PartA","CoachesPortal.LearnModule.CustomerAdminCourseDocument","CoachesPortal.LearnModule.CustomerAdminCourseDocument","verifyAddVideo","Add Video",""
"passed","Wed Dec 10 20:48:27 UTC 2025","Wed Dec 10 20:48:27 UTC 2025","104","HabitNuCoachPortalSuite","HabitNuCoachesPortalRegression-PartA","CoachesPortal.LearnModule.Learn","CoachesPortal.LearnModule.Learn","activeConfiguredNotificationsCheck","verify active is displayed against course notifications configured",""
"passed","Wed Dec 10 20:51:04 UTC 2025","Wed Dec 10 20:51:09 UTC 2025","4154","HabitNuCoachPortalSuite","HabitNuCoachesPortalRegression-PartA","CoachesPortal.DiscussionForumPage","CoachesPortal.DiscussionForumPage","case14","test1 > Given I am logged in as coach, I am validating File upload-error ","test1 > Given I am logged in as coach, I am validating File upload-error "
"passed","Wed Dec 10 21:48:29 UTC 2025","Wed Dec 10 21:48:31 UTC 2025","2659","HabitNuCoachPortalSuite","Milestones","CoachesPortal.VAMilestone","CoachesPortal.VAMilestone","test1_navigatingcoach","Given user is navigating to coaches portal",""
"passed","Wed Dec 10 21:40:32 UTC 2025","Wed Dec 10 21:40:35 UTC 2025","2746","HabitNuCoachPortalSuite","LoginPageCases","CoachesPortal.LoginPageCases","CoachesPortal.LoginPageCases","testLoginWithInvalidEmailAndValidPassword","try login with invalid email and valid password",""
"passed","Wed Dec 10 21:44:47 UTC 2025","Wed Dec 10 21:44:48 UTC 2025","945","HabitNuCoachPortalSuite","GroupDPPClassPlanner","CoachesPortal.ClassPlanner","CoachesPortal.ClassPlanner","case7","Create the TEXT cards under the list",""
"passed","Wed Dec 10 22:14:56 UTC 2025","Wed Dec 10 22:15:00 UTC 2025","3319","HabitNuCoachPortalSuite","DifferentTypeOfDashboards","CoachesPortal.CohortLevelDashboard.DSMEDashboardCoachesPortal","CoachesPortal.CohortLevelDashboard.DSMEDashboardCoachesPortal","test12_verifyBloodSugarByPatientsInOutcomesTab","Verify Blood Sugar by Patients Should be displayed under outcomes tab",""
"passed","Wed Dec 10 21:53:19 UTC 2025","Wed Dec 10 21:53:24 UTC 2025","5139","HabitNuCoachPortalSuite","UserDashboard","CoachesPortal.PatientDashboard","CoachesPortal.PatientDashboard","Last_BeforeMeal_Blood_Sugar","test20 > Given I am logged in as admin, wehn I am on Participants dashboard page, when I add bloodsugar BEFORE-MEAL type, Then I should be able to see the added data on dashboard card==Last_BeforeMeal_Blood_Sugar","admin login - clicking on scheduler should open the scheduler page in coaches portal"
"passed","Wed Dec 10 22:00:51 UTC 2025","Wed Dec 10 22:00:57 UTC 2025","6092","HabitNuCoachPortalSuite","DifferentTypeOfDashboards","CoachesPortal.CohortLevelDashboard.OnlineCohortDashboard","CoachesPortal.CohortLevelDashboard.OnlineCohortDashboard","case1","test1 > Given I am logged in as coach, I am validating online cohort 'dashboard-cards","test1 > Given I am logged in as coach, I am validating online cohort 'dashboard-cards"
"passed","Wed Dec 10 21:42:01 UTC 2025","Wed Dec 10 21:42:17 UTC 2025","16112","HabitNuCoachPortalSuite","LogClassSession","CoachesPortal.LogClassSection","CoachesPortal.LogClassSection","verifyAddWeightAndAttendanceDate","Add weight and attendance date",""
"passed","Wed Dec 10 21:39:23 UTC 2025","Wed Dec 10 21:39:24 UTC 2025","616","HabitNuCoachPortalSuite","ProjectPowerDashboard","CoachesPortal.ProjectPowerDashboard","CoachesPortal.ProjectPowerDashboard","verifyCohortWeightLossTrendForALLTIME","All cohort dashboard for project power - Cohort Weight Loss trend - All Time",""
"broken","Wed Dec 10 21:34:55 UTC 2025","Wed Dec 10 21:35:26 UTC 2025","30258","HabitNuCoachPortalSuite","HabitNuCoachesPortalRegression-PartC","CoachesPortal.PatientDetails.PatientProfilePreAuth","CoachesPortal.PatientDetails.PatientProfilePreAuth","verifyPreAuth","verify PreAuth for Ethylen",""
"passed","Wed Dec 10 21:12:19 UTC 2025","Wed Dec 10 21:12:19 UTC 2025","177","HabitNuCoachPortalSuite","HabitNuCoachesPortalRegression-PartB","CoachesPortal.OnsiteUsersListDashboard","CoachesPortal.OnsiteUsersListDashboard","case22","test1 > Given I am logged in as admin, Actions- Request form survey and Reset password should be displayed.","test1 > Given I am logged in as admin, Actions- Request form survey and Reset password should be displayed."
"passed","Wed Dec 10 21:40:56 UTC 2025","Wed Dec 10 21:40:57 UTC 2025","949","HabitNuCoachPortalSuite","LogClassSession","CoachesPortal.LogClassSection","CoachesPortal.LogClassSection","verifyLogClassSectionWithPatient","Verify Log Class Section With Patient",""
"passed","Wed Dec 10 21:26:45 UTC 2025","Wed Dec 10 21:26:47 UTC 2025","1326","HabitNuCoachPortalSuite","Paywal","CoachesPortal.payWall","CoachesPortal.payWall","testFilterTransactions","COP-T400: Validate all transaction filters",""
"passed","Wed Dec 10 21:47:17 UTC 2025","Wed Dec 10 21:47:20 UTC 2025","2695","HabitNuCoachPortalSuite","GeneralContent","CoachesPortal.generalContent_WEb_Coaches","CoachesPortal.generalContent_WEb_Coaches","validateDeleteinWeb","Validate Delete in Web Main Page",""
"passed","Wed Dec 10 20:49:11 UTC 2025","Wed Dec 10 20:49:17 UTC 2025","6294","HabitNuCoachPortalSuite","HabitNuCoachesPortalRegression-PartA","CoachesPortal.LearnModule.CustomerAdminCourseDocument","CoachesPortal.LearnModule.CustomerAdminCourseDocument","verifyDocuentEditAndSave","Document Edit and Save",""
"passed","Wed Dec 10 21:03:39 UTC 2025","Wed Dec 10 21:03:55 UTC 2025","16165","HabitNuCoachPortalSuite","HabitNuCoachesPortalRegression-PartA","CoachesPortal.DirectMessage","CoachesPortal.DirectMessage","validateSentMessageAcrossAllUsers","send a message to second participant in the list, and click on submit button for message submission and validate message!=null and validate across all users in cohort",""
"passed","Wed Dec 10 21:47:41 UTC 2025","Wed Dec 10 21:47:42 UTC 2025","884","HabitNuCoachPortalSuite","Milestones","CoachesPortal.BPSMMilestone","CoachesPortal.BPSMMilestone","test2_changecohort","When user is able to change the cohort",""
"broken","Wed Dec 10 21:07:33 UTC 2025","Wed Dec 10 21:07:53 UTC 2025","20603","HabitNuCoachPortalSuite","HabitNuCoachesPortalRegression-PartB","CoachesPortal.OnsiteUsersListDashboard","CoachesPortal.OnsiteUsersListDashboard","case17","test1 > Given I am logged in as coach, Enter call details from list section using headset button","test1 > Given I am logged in as coach, Enter call details from list section using headset button"
"skipped","Wed Dec 10 21:12:20 UTC 2025","Wed Dec 10 21:12:20 UTC 2025","1","HabitNuCoachPortalSuite","HabitNuCoachesPortalRegression-PartB","CoachesPortal.OnsiteUsersListDashboard","CoachesPortal.OnsiteUsersListDashboard","case58","test1 > Given I am logged in as customerAdmin, verify milestonecolor==green when user completes registration banner and verifies address","test1 > Given I am logged in as customerAdmin, verify milestonecolor==green when user completes registration banner and verifies address"
"passed","Wed Dec 10 21:55:50 UTC 2025","Wed Dec 10 21:55:54 UTC 2025","4527","HabitNuCoachPortalSuite","UserDashboard","CoachesPortal.PatientDashboard","CoachesPortal.PatientDashboard","bloodSugarHistory","test6 > Given I am logged in as coach, wehn I am on adding bloodsugar from user Dashboard, Then I should be able to see added bloodsugar on bloodSugarHistory graph","coach login - user/patient/partcipant dashboard validation"
"passed","Wed Dec 10 22:06:09 UTC 2025","Wed Dec 10 22:06:10 UTC 2025","261","HabitNuCoachPortalSuite","DifferentTypeOfDashboards","CoachesPortal.CohortLevelDashboard.OnsiteCohortDashboard","CoachesPortal.CohortLevelDashboard.OnsiteCohortDashboard","AttendanceByparticipantsGraph","test1 > Given I am logged in as customer admin, I am validating onsite cohort 'AttendanceByparticipantsGraph","test1 > Given I am logged in as customer admin, I am validating onsite cohort 'AttendanceByparticipantsGraph"
"failed","Wed Dec 10 22:09:03 UTC 2025","Wed Dec 10 22:09:21 UTC 2025","17347","HabitNuCoachPortalSuite","DifferentTypeOfDashboards","CoachesPortal.CohortLevelDashboard.DSMEDashboardCoachesPortal","CoachesPortal.CohortLevelDashboard.DSMEDashboardCoachesPortal","test2_Flagged","And user is navigated to Flagged",""
"passed","Wed Dec 10 21:47:02 UTC 2025","Wed Dec 10 21:47:02 UTC 2025","66","HabitNuCoachPortalSuite","GeneralContent","CoachesPortal.generalContent_WEb_Coaches","CoachesPortal.generalContent_WEb_Coaches","Case13_verifyGroup","verifyGroup creation",""
"passed","Wed Dec 10 22:05:40 UTC 2025","Wed Dec 10 22:05:47 UTC 2025","6465","HabitNuCoachPortalSuite","DifferentTypeOfDashboards","CoachesPortal.CohortLevelDashboard.OnsiteCohortDashboard","CoachesPortal.CohortLevelDashboard.OnsiteCohortDashboard","case7","test1 > Given I am logged in as customer admin, I am validating onsite cohort 'Weight Loss By Participants validation on graph with ALL option, when user adds weightt","test1 > Given I am logged in as customer admin, I am validating onsite cohort 'Weight Loss By Participants validation on graph with ALL option, when user adds weightt"
"passed","Wed Dec 10 21:56:43 UTC 2025","Wed Dec 10 21:56:44 UTC 2025","641","HabitNuCoachPortalSuite","FeatureFlags","CoachesPortal.FeatureFlags","CoachesPortal.FeatureFlags","test3_validatingadmin","When user is validating to Admin section ",""
"passed","Wed Dec 10 21:03:27 UTC 2025","Wed Dec 10 21:03:27 UTC 2025","186","HabitNuCoachPortalSuite","HabitNuCoachesPortalRegression-PartA","CoachesPortal.DirectMessage","CoachesPortal.DirectMessage","it_should_open_the_pop_up_Private_Post","It should open the pop up Private Post",""
"passed","Wed Dec 10 20:48:41 UTC 2025","Wed Dec 10 20:48:42 UTC 2025","746","HabitNuCoachPortalSuite","HabitNuCoachesPortalRegression-PartA","CoachesPortal.LearnModule.CustomerAdminCourseDocument","CoachesPortal.LearnModule.CustomerAdminCourseDocument","verifyAddOnlyDiscription","Add Only Discription And verify url and title Required",""
"passed","Wed Dec 10 20:47:58 UTC 2025","Wed Dec 10 20:48:06 UTC 2025","8177","HabitNuCoachPortalSuite","HabitNuCoachesPortalRegression-PartA","CoachesPortal.LearnModule.Learn","CoachesPortal.LearnModule.Learn","verifyCourseHistory","verify chapter timeline history",""
"failed","Wed Dec 10 21:39:26 UTC 2025","Wed Dec 10 21:39:50 UTC 2025","23872","HabitNuCoachPortalSuite","ProjectPowerDashboard","CoachesPortal.ProjectPowerDashboard","CoachesPortal.ProjectPowerDashboard","verifySDOHPage_HouseHold_Income","Verify SDOH - Household Income chart tooltips",""
"passed","Wed Dec 10 22:02:01 UTC 2025","Wed Dec 10 22:02:05 UTC 2025","4426","HabitNuCoachPortalSuite","DifferentTypeOfDashboards","CoachesPortal.CohortLevelDashboard.OnlineCohortDashboard","CoachesPortal.CohortLevelDashboard.OnlineCohortDashboard","coachInteractionGraph","test1 > Given I am logged in as coach, I am validating online cohort 'coachInteractionGraph","test1 > Given I am logged in as coach, I am validating online cohort 'coachInteractionGraph"
"passed","Wed Dec 10 22:14:09 UTC 2025","Wed Dec 10 22:14:27 UTC 2025","18176","HabitNuCoachPortalSuite","DifferentTypeOfDashboards","CoachesPortal.CohortLevelDashboard.DSMEDashboardCoachesPortal","CoachesPortal.CohortLevelDashboard.DSMEDashboardCoachesPortal","test7_Active","And user is validating Nurture",""
"passed","Wed Dec 10 22:04:05 UTC 2025","Wed Dec 10 22:04:10 UTC 2025","5280","HabitNuCoachPortalSuite","DifferentTypeOfDashboards","CoachesPortal.CohortLevelDashboard.OnlineCohortDashboard","CoachesPortal.CohortLevelDashboard.OnlineCohortDashboard","coachInteractionGraph","test1 > Given I am logged in as customer admin, I am validating online cohort 'coachInteractionGraph","test1 > Given I am logged in as customer admin, I am validating online cohort 'coachInteractionGraph"
"passed","Wed Dec 10 21:37:15 UTC 2025","Wed Dec 10 21:37:15 UTC 2025","219","HabitNuCoachPortalSuite","HabitNuCoachesPortalRegression-PartC","CoachesPortal.PatientDetails.PatientProfileHealthProviders","CoachesPortal.PatientDetails.PatientProfileHealthProviders","verifyHealthProvider","verify HealthProvider for Ethylen",""
"passed","Wed Dec 10 21:14:23 UTC 2025","Wed Dec 10 21:14:23 UTC 2025","712","HabitNuCoachPortalSuite","HabitNuCoachesPortalRegression-PartB","CoachesPortal.PatientDetails.PatientProfileDemographic","CoachesPortal.PatientDetails.PatientProfileDemographic","verifyConfirmed_By_CoachYes","test1 > Given I am logged in as coach, verifyConfirmed_By_Coach by clicking on Yes","test1 > Given I am logged in as coach, verifyConfirmed_By_Coach by clicking on Yes"
"passed","Wed Dec 10 22:03:26 UTC 2025","Wed Dec 10 22:03:26 UTC 2025","260","HabitNuCoachPortalSuite","DifferentTypeOfDashboards","CoachesPortal.CohortLevelDashboard.OnlineCohortDashboard","CoachesPortal.CohortLevelDashboard.OnlineCohortDashboard","case4","test1 > Given I am logged in as customer admin, I am validating online cohort 'Weight Loss By Participants validation on graph with ALL option","test1 > Given I am logged in as customer admin, I am validating online cohort 'Weight Loss By Participants validation on graph with ALL option"
"passed","Wed Dec 10 22:03:10 UTC 2025","Wed Dec 10 22:03:17 UTC 2025","7566","HabitNuCoachPortalSuite","DifferentTypeOfDashboards","CoachesPortal.CohortLevelDashboard.OnlineCohortDashboard","CoachesPortal.CohortLevelDashboard.OnlineCohortDashboard","disenrolledCard","test1 > Given I am logged in as customer admin, I am validating online cohort 'dashboard-card=DisenrolledCount","test1 > Given I am logged in as customer admin, I am validating online cohort 'dashboard-card=DisenrolledCount"
"skipped","Wed Dec 10 21:12:19 UTC 2025","Wed Dec 10 21:12:19 UTC 2025","1","HabitNuCoachPortalSuite","HabitNuCoachesPortalRegression-PartB","CoachesPortal.OnsiteUsersListDashboard","CoachesPortal.OnsiteUsersListDashboard","case30","test1 > Given I am logged in as customerAdmin, validate userList as customerAdmin-Verify all elements are present.","test1 > Given I am logged in as customerAdmin, validate userList as customerAdmin-Verify all elements are present."
"passed","Wed Dec 10 22:03:58 UTC 2025","Wed Dec 10 22:04:04 UTC 2025","6421","HabitNuCoachPortalSuite","DifferentTypeOfDashboards","CoachesPortal.CohortLevelDashboard.OnlineCohortDashboard","CoachesPortal.CohortLevelDashboard.OnlineCohortDashboard","weeksCompleted","test1 > Given I am logged in as customer admin, I am validating online cohort 'dashboard-card=weeksCompleted","test1 > Given I am logged in as customer admin, I am validating online cohort 'dashboard-card=weeksCompleted"
"passed","Wed Dec 10 21:14:42 UTC 2025","Wed Dec 10 21:14:48 UTC 2025","6877","HabitNuCoachPortalSuite","HabitNuCoachesPortalRegression-PartB","CoachesPortal.PatientDetails.PatientProfileDemographic","CoachesPortal.PatientDetails.PatientProfileDemographic","updateAndVerifyContactDetails","test1 > Given I am logged in as customer admin, updateAndVerifyContactDetails","test1 > Given I am logged in as customer admin, updateAndVerifyContactDetails"
"passed","Wed Dec 10 21:52:38 UTC 2025","Wed Dec 10 21:52:40 UTC 2025","1340","HabitNuCoachPortalSuite","UserDashboard","CoachesPortal.PatientDashboard","CoachesPortal.PatientDashboard","Weight_History","test3 > Given I am logged in as admin, wehn I am on adding weight from user Dashboard, Then I should be able to see added weight on the weight history graph","admin login - user/patient/partcipant dashboard validation"
"passed","Wed Dec 10 21:37:27 UTC 2025","Wed Dec 10 21:37:28 UTC 2025","1067","HabitNuCoachPortalSuite","ProjectPowerDashboard","CoachesPortal.ProjectPowerDashboard","CoachesPortal.ProjectPowerDashboard","verifyM1GraphwithfilterAs3months","verifyM1GraphwithfilterAs3months",""
"passed","Wed Dec 10 21:59:00 UTC 2025","Wed Dec 10 21:59:15 UTC 2025","14649","HabitNuCoachPortalSuite","ParticipationsTable","CoachesPortal.participations","CoachesPortal.participations","test8_navigatingnextpage","And user is navigating to second page and user can come back to previous page",""
"passed","Wed Dec 10 22:15:00 UTC 2025","Wed Dec 10 22:15:00 UTC 2025","20","HabitNuCoachPortalSuite","DifferentTypeOfDashboards","CoachesPortal.CohortLevelDashboard.DSMEDashboardCoachesPortal","CoachesPortal.CohortLevelDashboard.DSMEDashboardCoachesPortal","test16_verifyBloodSugarByPatientsWithCalenderDefaultWeek","Verify Blood Sugar by Patients with Calender as week selection as current week by default",""
"passed","Wed Dec 10 20:43:35 UTC 2025","Wed Dec 10 20:43:35 UTC 2025","570","HabitNuCoachPortalSuite","HabitNuCoachesPortalRegression-PartA","CoachesPortal.LearnModule.Learn","CoachesPortal.LearnModule.Learn","createCourse","Verify CustomerAdmin can create course",""
"passed","Wed Dec 10 21:06:05 UTC 2025","Wed Dec 10 21:06:06 UTC 2025","783","HabitNuCoachPortalSuite","HabitNuCoachesPortalRegression-PartB","CoachesPortal.OnsiteUsersListDashboard","CoachesPortal.OnsiteUsersListDashboard","case4","test1 > Given I am logged in as coach, Seach user by name.","test1 > Given I am logged in as coach, Seach user by name."
"passed","Wed Dec 10 20:59:10 UTC 2025","Wed Dec 10 20:59:12 UTC 2025","2171","HabitNuCoachPortalSuite","HabitNuCoachesPortalRegression-PartA","CoachesPortal.DiscussionForumPage","CoachesPortal.DiscussionForumPage","case7","test1 > Given I am logged in as customerAdmin, I am validating Add subject and describe- success post.","test1 > Given I am logged in as customerAdmin, I am validating Add subject and describe- success post."
"passed","Wed Dec 10 21:45:58 UTC 2025","Wed Dec 10 21:46:13 UTC 2025","14693","HabitNuCoachPortalSuite","GeneralContent","CoachesPortal.generalContent_WEb_Coaches","CoachesPortal.generalContent_WEb_Coaches","Case5_selectRandomVideoTags","Selecting Random Video Tags for Video",""
"passed","Wed Dec 10 22:01:19 UTC 2025","Wed Dec 10 22:01:19 UTC 2025","246","HabitNuCoachPortalSuite","DifferentTypeOfDashboards","CoachesPortal.CohortLevelDashboard.OnlineCohortDashboard","CoachesPortal.CohortLevelDashboard.OnlineCohortDashboard","case4","test1 > Given I am logged in as coach, I am validating online cohort 'Weight Loss By Participants validation on graph with ALL option","test1 > Given I am logged in as coach, I am validating online cohort 'Weight Loss By Participants validation on graph with ALL option"
"passed","Wed Dec 10 22:20:12 UTC 2025","Wed Dec 10 22:21:45 UTC 2025","92848","HabitNuCoachPortalSuite","DifferentTypeOfDashboards","CoachesPortal.CohortLevelDashboard.ParticipantsProgressTracker","CoachesPortal.CohortLevelDashboard.ParticipantsProgressTracker","test4_Change_Filter_Status","And user is able to change the participants status",""
"passed","Wed Dec 10 21:48:32 UTC 2025","Wed Dec 10 21:48:33 UTC 2025","1177","HabitNuCoachPortalSuite","Milestones","CoachesPortal.VAMilestone","CoachesPortal.VAMilestone","test3_currentcohort_dashboard","And user is navigated to current cohort dashboard",""
"passed","Wed Dec 10 21:03:55 UTC 2025","Wed Dec 10 21:03:55 UTC 2025","418","HabitNuCoachPortalSuite","HabitNuCoachesPortalRegression-PartA","CoachesPortal.DirectMessage","CoachesPortal.DirectMessage","verifysentMessageToPatient","send a message to participant",""
"passed","Wed Dec 10 22:08:06 UTC 2025","Wed Dec 10 22:08:06 UTC 2025","131","HabitNuCoachPortalSuite","DifferentTypeOfDashboards","CoachesPortal.CohortLevelDashboard.OnsiteCohortDashboard","CoachesPortal.CohortLevelDashboard.OnsiteCohortDashboard","sessionAttendanceGraph","test1 > Given I am logged in as coach, I am validating onsite cohort 'sessionAttendanceGraph","test1 > Given I am logged in as coach, I am validating onsite cohort 'sessionAttendanceGraph"
"passed","Wed Dec 10 21:39:22 UTC 2025","Wed Dec 10 21:39:23 UTC 2025","617","HabitNuCoachPortalSuite","ProjectPowerDashboard","CoachesPortal.ProjectPowerDashboard","CoachesPortal.ProjectPowerDashboard","verifyCohortWeightLossTrendFor12months","All cohort dashboard for project power - Cohort Weight Loss trend - 12months",""
"failed","Wed Dec 10 22:22:37 UTC 2025","Wed Dec 10 22:23:11 UTC 2025","34545","HabitNuCoachPortalSuite","DifferentTypeOfDashboards","CoachesPortal.CohortLevelDashboard.ParticipantsProgressTracker","CoachesPortal.CohortLevelDashboard.ParticipantsProgressTracker","test7_Session","And user is able to search the users",""
"passed","Wed Dec 10 20:49:45 UTC 2025","Wed Dec 10 20:49:48 UTC 2025","2765","HabitNuCoachPortalSuite","HabitNuCoachesPortalRegression-PartA","CoachesPortal.LearnModule.CustomerAdminCourseDocument","CoachesPortal.LearnModule.CustomerAdminCourseDocument","verifyAddOnlyDiscriptionVideo","Add Only Discription And verify videoupload and title Required",""
"passed","Wed Dec 10 21:41:21 UTC 2025","Wed Dec 10 21:41:28 UTC 2025","6266","HabitNuCoachPortalSuite","LogClassSession","CoachesPortal.LogClassSection","CoachesPortal.LogClassSection","verifyAddOnlyAttendanceDate","Add Only AttendanceDate",""
"passed","Wed Dec 10 21:22:03 UTC 2025","Wed Dec 10 21:22:05 UTC 2025","1790","HabitNuCoachPortalSuite","Scheduler","CoachesPortal.Schedular","CoachesPortal.Schedular","clickOnSchedular","test1 > Given I am logged in as coach, wehn I click on Scheduler module, Then I should be taken to meeting time slot pick up page","coach login - clicking on scheduler should open the scheduler page in coaches portal"
"passed","Wed Dec 10 21:03:34 UTC 2025","Wed Dec 10 21:03:36 UTC 2025","1464","HabitNuCoachPortalSuite","HabitNuCoachesPortalRegression-PartA","CoachesPortal.DirectMessage","CoachesPortal.DirectMessage","selectPatientToSendMessage","select participants to send a message",""
"skipped","Wed Dec 10 21:12:19 UTC 2025","Wed Dec 10 21:12:19 UTC 2025","1","HabitNuCoachPortalSuite","HabitNuCoachesPortalRegression-PartB","CoachesPortal.OnsiteUsersListDashboard","CoachesPortal.OnsiteUsersListDashboard","case51","test1 > Given I am logged in as customerAdmin, validate enrolled status under Milestone column - colorcode","test1 > Given I am logged in as customerAdmin, validate enrolled status under Milestone column - colorcode"
"passed","Wed Dec 10 21:16:18 UTC 2025","Wed Dec 10 21:16:27 UTC 2025","8684","HabitNuCoachPortalSuite","HabitNuCoachesPortalRegression-PartB","CoachesPortal.PatientDetails.PatientProfileDemographic","CoachesPortal.PatientDetails.PatientProfileDemographic","updatepreferred_name","test1 > Given I am logged in as customer admin, preferred_name","test1 > Given I am logged in as customer admin, preferred_name"
"passed","Wed Dec 10 21:49:11 UTC 2025","Wed Dec 10 21:49:13 UTC 2025","1949","HabitNuCoachPortalSuite","Milestones","CoachesPortal.VAMilestone","CoachesPortal.VAMilestone","test12_validating_VAHeaders_data","And user is validating to VAHeaders data by clicking arrow button",""
"passed","Wed Dec 10 21:59:15 UTC 2025","Wed Dec 10 21:59:15 UTC 2025","441","HabitNuCoachPortalSuite","ParticipationsTable","CoachesPortal.participations","CoachesPortal.participations","test9_Validating_viewhistory_without_cohort","And user is validating view history without cohort",""
"passed","Wed Dec 10 21:37:21 UTC 2025","Wed Dec 10 21:37:21 UTC 2025","10","HabitNuCoachPortalSuite","ProjectPowerDashboard","CoachesPortal.ProjectPowerDashboard","CoachesPortal.ProjectPowerDashboard","verifyM2","It should display the total number of participants who have completed atleast 4 sessions",""
"passed","Wed Dec 10 21:03:32 UTC 2025","Wed Dec 10 21:03:33 UTC 2025","1208","HabitNuCoachPortalSuite","HabitNuCoachesPortalRegression-PartA","CoachesPortal.DirectMessage","CoachesPortal.DirectMessage","searchParticipantByFirstName_who_is_notPartOfthisCohort","Search participant by firstName who is not part of this cohort",""
"passed","Wed Dec 10 21:40:32 UTC 2025","Wed Dec 10 21:40:32 UTC 2025","214","HabitNuCoachPortalSuite","LoginPageCases","CoachesPortal.LoginPageCases","CoachesPortal.LoginPageCases","testLoginWithoutEmailAndPassword","try login without email and password",""
"passed","Wed Dec 10 22:05:26 UTC 2025","Wed Dec 10 22:05:27 UTC 2025","974","HabitNuCoachPortalSuite","DifferentTypeOfDashboards","CoachesPortal.CohortLevelDashboard.OnsiteCohortDashboard","CoachesPortal.CohortLevelDashboard.OnsiteCohortDashboard","case5","test1 > Given I am logged in as customer admin, I am validating onsite cohort 'Weight Loss By Participants validation on graph with 'Added by coach' option","test1 > Given I am logged in as customer admin, I am validating onsite cohort 'Weight Loss By Participants validation on graph with 'Added by coach' option"
"passed","Wed Dec 10 21:44:52 UTC 2025","Wed Dec 10 21:44:52 UTC 2025","521","HabitNuCoachPortalSuite","GroupDPPClassPlanner","CoachesPortal.ClassPlanner","CoachesPortal.ClassPlanner","case13","click on CANCEL while editing the Created card",""
"passed","Wed Dec 10 21:45:03 UTC 2025","Wed Dec 10 21:45:09 UTC 2025","5925","HabitNuCoachPortalSuite","GroupDPPClassPlanner","CoachesPortal.ClassPlanner","CoachesPortal.ClassPlanner","case17","Unarchive the DOC Created card",""
"passed","Wed Dec 10 20:44:23 UTC 2025","Wed Dec 10 20:44:29 UTC 2025","5737","HabitNuCoachPortalSuite","HabitNuCoachesPortalRegression-PartA","CoachesPortal.LearnModule.Learn","CoachesPortal.LearnModule.Learn","accessCourseContentFromCoachesPortal","access the course content to verify",""
"passed","Wed Dec 10 21:55:58 UTC 2025","Wed Dec 10 21:56:00 UTC 2025","1374","HabitNuCoachPortalSuite","UserDashboard","CoachesPortal.PatientDashboard","CoachesPortal.PatientDashboard","Weight_History","test3 > Given I am logged in as coach, wehn I am on adding weight from user Dashboard, Then I should be able to see added weight on the weight history graph","coach login - user/patient/partcipant dashboard validation"
"passed","Wed Dec 10 21:25:10 UTC 2025","Wed Dec 10 21:25:13 UTC 2025","2978","HabitNuCoachPortalSuite","Paywal","CoachesPortal.payWall","CoachesPortal.payWall","testEditDraftPaymentPlan","COP-T389: Edit the Monthly Draft Payment Plan",""
"passed","Wed Dec 10 21:15:39 UTC 2025","Wed Dec 10 21:15:39 UTC 2025","44","HabitNuCoachPortalSuite","HabitNuCoachesPortalRegression-PartB","CoachesPortal.PatientDetails.PatientProfileDemographic","CoachesPortal.PatientDetails.PatientProfileDemographic","verifyOtherdetails","test1 > Given I am logged in as customer admin, verifyOtherdetails","test1 > Given I am logged in as customer admin, verifyOtherdetails"
"passed","Wed Dec 10 21:47:17 UTC 2025","Wed Dec 10 21:47:17 UTC 2025","378","HabitNuCoachPortalSuite","GeneralContent","CoachesPortal.generalContent_WEb_Coaches","CoachesPortal.generalContent_WEb_Coaches","RedirectToWebForDelete","Redirecting To Web page for delete validation",""
"passed","Wed Dec 10 22:08:07 UTC 2025","Wed Dec 10 22:08:07 UTC 2025","71","HabitNuCoachPortalSuite","DifferentTypeOfDashboards","CoachesPortal.CohortLevelDashboard.OnsiteCohortDashboard","CoachesPortal.CohortLevelDashboard.OnsiteCohortDashboard","coachName","test1 > Given I am logged in as coach, I am validating onsite cohort 'dashboard-card=coachName","test1 > Given I am logged in as coach, I am validating onsite cohort 'dashboard-card=coachName"
"passed","Wed Dec 10 21:52:59 UTC 2025","Wed Dec 10 21:53:07 UTC 2025","8182","HabitNuCoachPortalSuite","UserDashboard","CoachesPortal.PatientDashboard","CoachesPortal.PatientDashboard","patientVWeeklyStatusVideo_when_100_percentWatched","test15 > Given I am logged in as admin, when I am on watching a video completely by logging into user app, Then I should be able to see watched Video count==1 under patientVWeeklyStatusVideo","admin login - user/patient/partcipant dashboard validation"
"passed","Wed Dec 10 21:00:53 UTC 2025","Wed Dec 10 21:03:10 UTC 2025","136358","HabitNuCoachPortalSuite","HabitNuCoachesPortalRegression-PartA","CoachesPortal.DiscussionForumPage","CoachesPortal.DiscussionForumPage","case27","test1 > Given I am logged in as customerAdmin, I am validating add max number of pinned posts(20).","test1 > Given I am logged in as customerAdmin, I am validating add max number of pinned posts(20)."
"passed","Wed Dec 10 21:47:02 UTC 2025","Wed Dec 10 21:47:05 UTC 2025","2979","HabitNuCoachPortalSuite","GeneralContent","CoachesPortal.generalContent_WEb_Coaches","CoachesPortal.generalContent_WEb_Coaches","CoachesPortalGroup","delecting created Group",""
"passed","Wed Dec 10 21:14:22 UTC 2025","Wed Dec 10 21:14:22 UTC 2025","62","HabitNuCoachPortalSuite","HabitNuCoachesPortalRegression-PartB","CoachesPortal.PatientDetails.PatientProfileDemographic","CoachesPortal.PatientDetails.PatientProfileDemographic","testSelectWalkingYes","test1 > Given I am logged in as coach, testSelectWalkingYes","test1 > Given I am logged in as coach, testSelectWalkingYes"
"passed","Wed Dec 10 20:40:24 UTC 2025","Wed Dec 10 20:40:25 UTC 2025","1414","HabitNuCoachPortalSuite","HabitNuCoachesPortalRegression-PartA","CoachesPortal.CohortLevelDashboard.CohortLevelDashboardPage","CoachesPortal.CohortLevelDashboard.CohortLevelDashboardPage","case1","Element Level assertion at the landing page.",""
"passed","Wed Dec 10 21:00:33 UTC 2025","Wed Dec 10 21:00:35 UTC 2025","1072","HabitNuCoachPortalSuite","HabitNuCoachesPortalRegression-PartA","CoachesPortal.DiscussionForumPage","CoachesPortal.DiscussionForumPage","case18","test1 > Given I am logged in as customerAdmin, I am validating Edit Post- Subject only- Update- Success","test1 > Given I am logged in as customerAdmin, I am validating Edit Post- Subject only- Update- Success"
"skipped","Wed Dec 10 21:12:19 UTC 2025","Wed Dec 10 21:12:19 UTC 2025","1","HabitNuCoachPortalSuite","HabitNuCoachesPortalRegression-PartB","CoachesPortal.OnsiteUsersListDashboard","CoachesPortal.OnsiteUsersListDashboard","case35","test1 > Given I am logged in as customerAdmin, Remove Cohort for a user.","test1 > Given I am logged in as customerAdmin, Remove Cohort for a user."
"passed","Wed Dec 10 20:49:07 UTC 2025","Wed Dec 10 20:49:11 UTC 2025","4505","HabitNuCoachPortalSuite","HabitNuCoachesPortalRegression-PartA","CoachesPortal.LearnModule.CustomerAdminCourseDocument","CoachesPortal.LearnModule.CustomerAdminCourseDocument","verifyAddValidUploadRequired","Add Valid upload Required",""
"passed","Wed Dec 10 21:58:44 UTC 2025","Wed Dec 10 21:58:44 UTC 2025","220","HabitNuCoachPortalSuite","ParticipationsTable","CoachesPortal.participations","CoachesPortal.participations","test2_navigatingadmin","When user is navigating to Admin section ",""
"passed","Wed Dec 10 20:59:48 UTC 2025","Wed Dec 10 21:00:13 UTC 2025","25334","HabitNuCoachPortalSuite","HabitNuCoachesPortalRegression-PartA","CoachesPortal.DiscussionForumPage","CoachesPortal.DiscussionForumPage","case15","test1 > Given I am logged in as customerAdmin, I am validating upload upto 5 files.","test1 > Given I am logged in as customerAdmin, I am validating upload upto 5 files. "
"passed","Wed Dec 10 21:58:25 UTC 2025","Wed Dec 10 21:58:28 UTC 2025","2678","HabitNuCoachPortalSuite","FeatureFlags","CoachesPortal.FeatureFlags","CoachesPortal.FeatureFlags","test17_addrulesforcohort_multipletimes","And user is able to add the rule for cohort level multiple times",""
"broken","Wed Dec 10 22:02:58 UTC 2025","Wed Dec 10 22:02:59 UTC 2025","309","HabitNuCoachPortalSuite","DifferentTypeOfDashboards","CoachesPortal.CohortLevelDashboard.OnlineCohortDashboard","CoachesPortal.CohortLevelDashboard.OnlineCohortDashboard","foodCategory_check_with_pastWeek","test1 > Given I am logged in as coach, I am validating online cohort 'foodCategoryGraph - foodCategory_check_with_pastWeek","test1 > Given I am logged in as coach, I am validating online cohort 'foodCategoryGraph - foodCategory_check_with_pastWeek"
"passed","Wed Dec 10 20:49:03 UTC 2025","Wed Dec 10 20:49:07 UTC 2025","3797","HabitNuCoachPortalSuite","HabitNuCoachesPortalRegression-PartA","CoachesPortal.LearnModule.CustomerAdminCourseDocument","CoachesPortal.LearnModule.CustomerAdminCourseDocument","verifyAddDocumentTitleRequired","Add Title Required",""
"passed","Wed Dec 10 22:05:26 UTC 2025","Wed Dec 10 22:05:26 UTC 2025","245","HabitNuCoachPortalSuite","DifferentTypeOfDashboards","CoachesPortal.CohortLevelDashboard.OnsiteCohortDashboard","CoachesPortal.CohortLevelDashboard.OnsiteCohortDashboard","case4","test1 > Given I am logged in as customer admin, I am validating onsite cohort 'Weight Loss By Participants validation on graph with ALL option","test1 > Given I am logged in as customer admin, I am validating onsite cohort 'Weight Loss By Participants validation on graph with ALL option"
"passed","Wed Dec 10 20:48:38 UTC 2025","Wed Dec 10 20:48:38 UTC 2025","39","HabitNuCoachPortalSuite","HabitNuCoachesPortalRegression-PartA","CoachesPortal.LearnModule.CustomerAdminCourseDocument","CoachesPortal.LearnModule.CustomerAdminCourseDocument","verifyAllElementsInCourseDocuments_","Verify all Elements In CourseDocument",""
"passed","Wed Dec 10 21:45:10 UTC 2025","Wed Dec 10 21:45:13 UTC 2025","3092","HabitNuCoachPortalSuite","GroupDPPClassPlanner","CoachesPortal.ClassPlanner","CoachesPortal.ClassPlanner","case21","There is no Class Planner for this Cohort - before activating class planner",""
"passed","Wed Dec 10 21:35:50 UTC 2025","Wed Dec 10 21:35:51 UTC 2025","651","HabitNuCoachPortalSuite","HabitNuCoachesPortalRegression-PartC","CoachesPortal.PatientDetails.PatientProfileImmunizations","CoachesPortal.PatientDetails.PatientProfileImmunizations","deleteImmunization","delete immunization for Ethylen",""
"broken","Wed Dec 10 21:22:56 UTC 2025","Wed Dec 10 21:23:17 UTC 2025","20628","HabitNuCoachPortalSuite","Scheduler","CoachesPortal.Schedular","CoachesPortal.Schedular","userNoToTheMeet","test1 > Given I am logged in as coach, verify user response to meet attendance - NO","test1 > Given I am logged in as coach, verify user response to meet attendance - NO"
"passed","Wed Dec 10 21:48:50 UTC 2025","Wed Dec 10 21:49:00 UTC 2025","10581","HabitNuCoachPortalSuite","Milestones","CoachesPortal.VAMilestone","CoachesPortal.VAMilestone","test10_validating_VAHeaders_data","And user is validating to VAHeaders data by clicking arrow button",""
"passed","Wed Dec 10 21:40:37 UTC 2025","Wed Dec 10 21:40:38 UTC 2025","230","HabitNuCoachPortalSuite","LoginPageCases","CoachesPortal.LoginPageCases","CoachesPortal.LoginPageCases","case12","Coaches Portal Feedback URL -> Keep the feedback page empty -> Click on submit feedback",""
"passed","Wed Dec 10 22:07:23 UTC 2025","Wed Dec 10 22:07:23 UTC 2025","252","HabitNuCoachPortalSuite","DifferentTypeOfDashboards","CoachesPortal.CohortLevelDashboard.OnsiteCohortDashboard","CoachesPortal.CohortLevelDashboard.OnsiteCohortDashboard","case4","test1 > Given I am logged in as coach, I am validating onsite cohort 'Weight Loss By Participants validation on graph with ALL option","test1 > Given I am logged in as coach, I am validating onsite cohort 'Weight Loss By Participants validation on graph with ALL option"
"passed","Wed Dec 10 20:54:41 UTC 2025","Wed Dec 10 20:54:43 UTC 2025","2185","HabitNuCoachPortalSuite","HabitNuCoachesPortalRegression-PartA","CoachesPortal.DiscussionForumPage","CoachesPortal.DiscussionForumPage","case7","test1 > Given I am logged in as admin, I am validating Add subject and describe- success post.","test1 > Given I am logged in as admin, I am validating Add subject and describe- success post."
"passed","Wed Dec 10 20:44:38 UTC 2025","Wed Dec 10 20:44:41 UTC 2025","3122","HabitNuCoachPortalSuite","HabitNuCoachesPortalRegression-PartA","CoachesPortal.LearnModule.Learn","CoachesPortal.LearnModule.Learn","checkDefaultCourseInfoMessage","add course to the cohort",""
"passed","Wed Dec 10 20:45:05 UTC 2025","Wed Dec 10 20:45:15 UTC 2025","9229","HabitNuCoachPortalSuite","HabitNuCoachesPortalRegression-PartA","CoachesPortal.LearnModule.Learn","CoachesPortal.LearnModule.Learn","checkLearnTabOnWebWhenCourseIsPublished","check learn tab visibilty on web app when no course is published from coaches portal",""
"broken","Wed Dec 10 21:43:54 UTC 2025","Wed Dec 10 21:44:25 UTC 2025","31763","HabitNuCoachPortalSuite","LogClassSession","CoachesPortal.LogClassSection","CoachesPortal.LogClassSection","verifyAddWeightAttendanceDateAndPAAndLFAndMUPDistanceLearning","Add weight,attendance date and PA And LF And MUP In Distance Learning",""
"passed","Wed Dec 10 21:04:45 UTC 2025","Wed Dec 10 21:04:50 UTC 2025","5234","HabitNuCoachPortalSuite","HabitNuCoachesPortalRegression-PartA","CoachesPortal.DirectMessage","CoachesPortal.DirectMessage","verifyMessageFromChatBox","Verify message sent from Coach in chatbox",""
"failed","Wed Dec 10 22:02:48 UTC 2025","Wed Dec 10 22:02:50 UTC 2025","2150","HabitNuCoachPortalSuite","DifferentTypeOfDashboards","CoachesPortal.CohortLevelDashboard.OnlineCohortDashboard","CoachesPortal.CohortLevelDashboard.OnlineCohortDashboard","foodCategory_carb_contentValidation","test1 > Given I am logged in as coach, I am validating online cohort 'foodCategoryGraph - foodCategory_carb_contentValidation","test1 > Given I am logged in as coach, I am validating online cohort 'foodCategoryGraph - foodCategory_carb_contentValidation"
"passed","Wed Dec 10 21:12:31 UTC 2025","Wed Dec 10 21:12:36 UTC 2025","5685","HabitNuCoachPortalSuite","HabitNuCoachesPortalRegression-PartB","CoachesPortal.PatientDetails.CommunicationLogsCoachesPortal","CoachesPortal.PatientDetails.CommunicationLogsCoachesPortal","verifyCommunicationLogs_doesnt_GO_on_clicking_cancel","verify messages do not post upon clicking on CANCEL button",""
"passed","Wed Dec 10 21:40:37 UTC 2025","Wed Dec 10 21:40:37 UTC 2025","130","HabitNuCoachPortalSuite","LoginPageCases","CoachesPortal.LoginPageCases","CoachesPortal.LoginPageCases","case11","TC11- Click on Ask us",""
"passed","Wed Dec 10 21:19:52 UTC 2025","Wed Dec 10 21:19:52 UTC 2025","658","HabitNuCoachPortalSuite","HabitNuCoachesPortalRegression-PartB","CoachesPortal.PatientDetails.UserActivitiesBloodSugar","CoachesPortal.PatientDetails.UserActivitiesBloodSugar","verifyUser_isNot_allowed_edit_coachAddedData","Verify user is not allowed to edit data added by coaches",""
"passed","Wed Dec 10 20:44:30 UTC 2025","Wed Dec 10 20:44:38 UTC 2025","8026","HabitNuCoachPortalSuite","HabitNuCoachesPortalRegression-PartA","CoachesPortal.LearnModule.Learn","CoachesPortal.LearnModule.Learn","addCourseToTheCohort","add course to the cohort",""
"passed","Wed Dec 10 21:39:10 UTC 2025","Wed Dec 10 21:39:21 UTC 2025","11159","HabitNuCoachPortalSuite","ProjectPowerDashboard","CoachesPortal.ProjectPowerDashboard","CoachesPortal.ProjectPowerDashboard","verifyADAMilestoneForALLTIME","All cohort dashboard for project power - ADA milestone trend - ALL TIME",""
"passed","Wed Dec 10 21:14:34 UTC 2025","Wed Dec 10 21:14:34 UTC 2025","219","HabitNuCoachPortalSuite","HabitNuCoachesPortalRegression-PartB","CoachesPortal.PatientDetails.PatientProfileDemographic","CoachesPortal.PatientDetails.PatientProfileDemographic","verifyConfirmed_By_CoachNo","test1 > Given I am logged in as customer admin, verifyConfirmed_By_Coach by clicking on No","test1 > Given I am logged in as customer admin, verifyConfirmed_By_Coach by clicking on No"
"passed","Wed Dec 10 21:15:35 UTC 2025","Wed Dec 10 21:15:39 UTC 2025","3942","HabitNuCoachPortalSuite","HabitNuCoachesPortalRegression-PartB","CoachesPortal.PatientDetails.PatientProfileDemographic","CoachesPortal.PatientDetails.PatientProfileDemographic","updateAndVerifyCDCDetails","test1 > Given I am logged in as customer admin, updateAndVerifyCDCDetails","test1 > Given I am logged in as customer admin, updateAndVerifyCDCDetails"
"passed","Wed Dec 10 21:44:42 UTC 2025","Wed Dec 10 21:44:44 UTC 2025","2115","HabitNuCoachPortalSuite","GroupDPPClassPlanner","CoachesPortal.ClassPlanner","CoachesPortal.ClassPlanner","case1","It should open the class planner creation page",""
"passed","Wed Dec 10 21:56:22 UTC 2025","Wed Dec 10 21:56:22 UTC 2025","381","HabitNuCoachPortalSuite","UserDashboard","CoachesPortal.PatientDashboard","CoachesPortal.PatientDashboard","habitCard_NotDone","test16 > Given I am logged in as coach, when I am on adding a habit for the user, Then I should be able to see added habit and as 'NOT DONE' on Habits graph","coach login - user/patient/partcipant dashboard validation"
"passed","Wed Dec 10 20:43:54 UTC 2025","Wed Dec 10 20:44:13 UTC 2025","18817","HabitNuCoachPortalSuite","HabitNuCoachesPortalRegression-PartA","CoachesPortal.LearnModule.Learn","CoachesPortal.LearnModule.Learn","createContentToTheCourse","create content to the course",""
"passed","Wed Dec 10 21:24:23 UTC 2025","Wed Dec 10 21:24:34 UTC 2025","11537","HabitNuCoachPortalSuite","Scheduler","CoachesPortal.Schedular","CoachesPortal.Schedular","rescheduleMeeting","test6 >  Given I am logged in as admin, and on time slot page, When I click on created appointment, Then I should see Reschedule button, When I click on it and submit details, Then I should be able to save it","admin login - User should be able to reschedule appointment"
"passed","Wed Dec 10 21:47:48 UTC 2025","Wed Dec 10 21:47:49 UTC 2025","1425","HabitNuCoachPortalSuite","Milestones","CoachesPortal.BPSMMilestone","CoachesPortal.BPSMMilestone","test9_validating_BPSMHeaders_data","And user is validating to BPSmHeaders data by clicking arrow button",""
"passed","Wed Dec 10 20:40:45 UTC 2025","Wed Dec 10 20:40:47 UTC 2025","2736","HabitNuCoachPortalSuite","HabitNuCoachesPortalRegression-PartA","CoachesPortal.CohortLevelDashboard.CohortLevelDashboardPage","CoachesPortal.CohortLevelDashboard.CohortLevelDashboardPage","case9","Weekly Engagement- 12 week, year and custom date test case.",""
"passed","Wed Dec 10 22:07:59 UTC 2025","Wed Dec 10 22:08:06 UTC 2025","7014","HabitNuCoachPortalSuite","DifferentTypeOfDashboards","CoachesPortal.CohortLevelDashboard.OnsiteCohortDashboard","CoachesPortal.CohortLevelDashboard.OnsiteCohortDashboard","totalNoOfClasses","test1 > Given I am logged in as coach,  I am validating onsite cohort 'dashboard-card=totalNoOfClasses","test1 > Given I am logged in as coach,  I am validating onsite cohort 'dashboard-card=totalNoOfClasses"
"broken","Wed Dec 10 22:07:01 UTC 2025","Wed Dec 10 22:07:02 UTC 2025","233","HabitNuCoachPortalSuite","DifferentTypeOfDashboards","CoachesPortal.CohortLevelDashboard.OnsiteCohortDashboard","CoachesPortal.CohortLevelDashboard.OnsiteCohortDashboard","foodCategory_check_with_pastWeek","test1 > Given I am logged in as customer admin,  I am validating onsite cohort 'foodCategoryGraph - foodCategory_check_with_pastWeek","test1 > Given I am logged in as customer admin,  I am validating onsite cohort 'foodCategoryGraph - foodCategory_check_with_pastWeek"
"passed","Wed Dec 10 21:52:59 UTC 2025","Wed Dec 10 21:52:59 UTC 2025","178","HabitNuCoachPortalSuite","UserDashboard","CoachesPortal.PatientDashboard","CoachesPortal.PatientDashboard","patientVWeeklyStatusVideo_when_partiallyWatched","test14 > Given I am logged in as admin, when I am on watching a video partally by logging into user app, Then I should be able to see watched Video count==0 under patientVWeeklyStatusVideo","admin login - user/patient/partcipant dashboard validation"
"passed","Wed Dec 10 20:40:36 UTC 2025","Wed Dec 10 20:40:37 UTC 2025","439","HabitNuCoachPortalSuite","HabitNuCoachesPortalRegression-PartA","CoachesPortal.CohortLevelDashboard.CohortLevelDashboardPage","CoachesPortal.CohortLevelDashboard.CohortLevelDashboardPage","case3","Weight Loss by coach and user graph seletion values test case.",""
"passed","Wed Dec 10 20:51:09 UTC 2025","Wed Dec 10 20:51:34 UTC 2025","25287","HabitNuCoachPortalSuite","HabitNuCoachesPortalRegression-PartA","CoachesPortal.DiscussionForumPage","CoachesPortal.DiscussionForumPage","case15","test1 > Given I am logged in as coach, I am validating upload upto 5 files.","test1 > Given I am logged in as coach, I am validating upload upto 5 files. "
"passed","Wed Dec 10 21:24:18 UTC 2025","Wed Dec 10 21:24:23 UTC 2025","5329","HabitNuCoachPortalSuite","Scheduler","CoachesPortal.Schedular","CoachesPortal.Schedular","viewAppointment","test5 >  Given I am logged in as admin, and on time slot page, When I click on created appointment, Then I should be able to view the appointment","admin login - User should be able to view appointment"
"failed","Wed Dec 10 21:14:33 UTC 2025","Wed Dec 10 21:14:34 UTC 2025","757","HabitNuCoachPortalSuite","HabitNuCoachesPortalRegression-PartB","CoachesPortal.PatientDetails.PatientProfileDemographic","CoachesPortal.PatientDetails.PatientProfileDemographic","verifyProgramDetails","test1 > Given I am logged in as customer admin, Verify user as Ethelyn in demographic with Program Details","test1 > Given I am logged in as customer admin, Verify user as Ethelyn in demographic with Program Details"
"passed","Wed Dec 10 22:07:42 UTC 2025","Wed Dec 10 22:07:43 UTC 2025","763","HabitNuCoachPortalSuite","DifferentTypeOfDashboards","CoachesPortal.CohortLevelDashboard.OnsiteCohortDashboard","CoachesPortal.CohortLevelDashboard.OnsiteCohortDashboard","case9","test1 > Given I am logged in as coach, I am validating onsite cohort 'Weight Loss By Participants validation on graph with 'Added by coach' option, when user adds weight","test1 > Given I am logged in as coach, I am validating onsite cohort 'Weight Loss By Participants validation on graph with 'Added by coach' option, when user adds weight"
"passed","Wed Dec 10 20:48:27 UTC 2025","Wed Dec 10 20:48:27 UTC 2025","284","HabitNuCoachPortalSuite","HabitNuCoachesPortalRegression-PartA","CoachesPortal.LearnModule.Learn","CoachesPortal.LearnModule.Learn","editByDisablingDeliveryMode","verify 'Please enable atleast one delivery mode.'",""
"broken","Wed Dec 10 21:20:36 UTC 2025","Wed Dec 10 21:20:52 UTC 2025","15420","HabitNuCoachPortalSuite","HabitNuCoachesPortalRegression-PartB","CoachesPortal.PatientDetails.PatientsProfileAllergies","CoachesPortal.PatientDetails.PatientsProfileAllergies","verifyPersonalDetails","Add Allergy of Ethlen",""
"broken","Wed Dec 10 22:08:49 UTC 2025","Wed Dec 10 22:08:49 UTC 2025","150","HabitNuCoachPortalSuite","DifferentTypeOfDashboards","CoachesPortal.CohortLevelDashboard.OnsiteCohortDashboard","CoachesPortal.CohortLevelDashboard.OnsiteCohortDashboard","foodCategory","test1 > Given I am logged in as coach, I am validating onsite cohort 'foodCategoryGraph","test1 > Given I am logged in as coach, I am validating onsite cohort 'foodCategoryGraph"
"broken","Wed Dec 10 21:10:25 UTC 2025","Wed Dec 10 21:10:46 UTC 2025","20686","HabitNuCoachPortalSuite","HabitNuCoachesPortalRegression-PartB","CoachesPortal.OnsiteUsersListDashboard","CoachesPortal.OnsiteUsersListDashboard","case11","test1 > Given I am logged in as admin, Choose Cohort- Form survey- SDOH- No form configured. Please contact admin.","test1 > Given I am logged in as admin, Choose Cohort- Form survey- SDOH- No form configured. Please contact admin."
"passed","Wed Dec 10 22:07:17 UTC 2025","Wed Dec 10 22:07:23 UTC 2025","5844","HabitNuCoachPortalSuite","DifferentTypeOfDashboards","CoachesPortal.CohortLevelDashboard.OnsiteCohortDashboard","CoachesPortal.CohortLevelDashboard.OnsiteCohortDashboard","fivePercentWeightLossCard","test1 > Given I am logged in as coach, I am validating onsite cohort 'dashboard-card=fivePercentWeightLossCardCount","test1 > Given I am logged in as coach, I am validating onsite cohort 'dashboard-card=fivePercentWeightLossCardCount"
"passed","Wed Dec 10 21:40:57 UTC 2025","Wed Dec 10 21:40:57 UTC 2025","88","HabitNuCoachPortalSuite","LogClassSession","CoachesPortal.LogClassSection","CoachesPortal.LogClassSection","verifyLogClassSectionWithPatientFields","Verify Log Class Section With Patient all fields",""
"passed","Wed Dec 10 20:50:16 UTC 2025","Wed Dec 10 20:50:25 UTC 2025","9176","HabitNuCoachPortalSuite","HabitNuCoachesPortalRegression-PartA","CoachesPortal.LearnModule.CustomerAdminCourseDocument","CoachesPortal.LearnModule.CustomerAdminCourseDocument","verifyVideoArchiveCancelAndConfirm","Video Archive Cancel And Confirm",""
"failed","Wed Dec 10 21:13:18 UTC 2025","Wed Dec 10 21:13:22 UTC 2025","4031","HabitNuCoachPortalSuite","HabitNuCoachesPortalRegression-PartB","CoachesPortal.PatientDetails.PatientProfileDemographic","CoachesPortal.PatientDetails.PatientProfileDemographic","updateAndVerifyAddressDetails","test1 > Given I am logged in as coach, updateAndVerifyAddressDetails","test1 > Given I am logged in as coach, updateAndVerifyAddressDetails"
"passed","Wed Dec 10 21:00:35 UTC 2025","Wed Dec 10 21:00:36 UTC 2025","953","HabitNuCoachPortalSuite","HabitNuCoachesPortalRegression-PartA","CoachesPortal.DiscussionForumPage","CoachesPortal.DiscussionForumPage","case19","test1 > Given I am logged in as customerAdmin, I am validating Edit Post- Description only- Success","test1 > Given I am logged in as customerAdmin, I am validating Edit Post- Description only- Success"
"passed","Wed Dec 10 22:07:43 UTC 2025","Wed Dec 10 22:07:54 UTC 2025","10909","HabitNuCoachPortalSuite","DifferentTypeOfDashboards","CoachesPortal.CohortLevelDashboard.OnsiteCohortDashboard","CoachesPortal.CohortLevelDashboard.OnsiteCohortDashboard","male_female_card_with_update_to_female","test1 > Given I am logged in as coach, I am validating onsite cohort 'dashboard-card=male_female_card_with_update_to_female","test1 > Given I am logged in as coach, I am validating onsite cohort 'dashboard-card=male_female_card_with_update_to_female"
"passed","Wed Dec 10 21:56:27 UTC 2025","Wed Dec 10 21:56:27 UTC 2025","168","HabitNuCoachPortalSuite","UserDashboard","CoachesPortal.PatientDashboard","CoachesPortal.PatientDashboard","Profile_in_Green","test18 > Given I am logged in as coach, wehn I am on Participants dashboard page, Then I should be able to see all particiapnt data on the photocard","coach login - clicking on scheduler should open the scheduler page in coaches portal"
"passed","Wed Dec 10 21:04:50 UTC 2025","Wed Dec 10 21:05:05 UTC 2025","14380","HabitNuCoachPortalSuite","HabitNuCoachesPortalRegression-PartA","CoachesPortal.DirectMessage","CoachesPortal.DirectMessage","sendMessageToCoach","Verify message sent from Web app on Coaches",""
"broken","Wed Dec 10 22:08:07 UTC 2025","Wed Dec 10 22:08:49 UTC 2025","42233","HabitNuCoachPortalSuite","DifferentTypeOfDashboards","CoachesPortal.CohortLevelDashboard.OnsiteCohortDashboard","CoachesPortal.CohortLevelDashboard.OnsiteCohortDashboard","latestHba1cGraph","test1 > Given I am logged in as coach, I am validating onsite cohort 'latestHba1cGraph","test1 > Given I am logged in as coach, I am validating onsite cohort 'latestHba1cGraph"
"passed","Wed Dec 10 21:40:25 UTC 2025","Wed Dec 10 21:40:27 UTC 2025","1605","HabitNuCoachPortalSuite","LoginPageCases","CoachesPortal.LoginPageCases","CoachesPortal.LoginPageCases","testRestpasswordCase1","validate users be able to reset password, while doing so entering passwords that matches with previous ones ",""
"passed","Wed Dec 10 20:48:27 UTC 2025","Wed Dec 10 20:48:30 UTC 2025","2747","HabitNuCoachPortalSuite","HabitNuCoachesPortalRegression-PartA","CoachesPortal.LearnModule.Learn","CoachesPortal.LearnModule.Learn","editByDisablingNotifications","verify inactive notifications",""
"passed","Wed Dec 10 21:46:35 UTC 2025","Wed Dec 10 21:46:42 UTC 2025","6543","HabitNuCoachPortalSuite","GeneralContent","CoachesPortal.generalContent_WEb_Coaches","CoachesPortal.generalContent_WEb_Coaches","validateAndPublishGroup","Validating Created Group Name, Tag Type, and Video Tags",""
"passed","Wed Dec 10 21:40:13 UTC 2025","Wed Dec 10 21:40:13 UTC 2025","121","HabitNuCoachPortalSuite","ProjectPowerDashboard","CoachesPortal.ProjectPowerDashboard","CoachesPortal.ProjectPowerDashboard","verifyDemographicsRacialDistribution","Demographics page - RacialDistribution",""
"passed","Wed Dec 10 21:10:07 UTC 2025","Wed Dec 10 21:10:07 UTC 2025","646","HabitNuCoachPortalSuite","HabitNuCoachesPortalRegression-PartB","CoachesPortal.OnsiteUsersListDashboard","CoachesPortal.OnsiteUsersListDashboard","case2","test1 > Given I am logged in as admin, Users- All expected elements is displayed.","test1 > Given I am logged in as admin, Users- All expected elements is displayed."
"broken","Wed Dec 10 21:57:14 UTC 2025","Wed Dec 10 21:57:36 UTC 2025","22428","HabitNuCoachPortalSuite","FeatureFlags","CoachesPortal.FeatureFlags","CoachesPortal.FeatureFlags","test13_addrulesforprogram","And user is able to add the rule for program level",""
"broken","Wed Dec 10 21:35:51 UTC 2025","Wed Dec 10 21:36:12 UTC 2025","20765","HabitNuCoachPortalSuite","HabitNuCoachesPortalRegression-PartC","CoachesPortal.PatientDetails.PatientProfileImmunizations","CoachesPortal.PatientDetails.PatientProfileImmunizations","editImmunication","edit immunization for Ethylen",""
"passed","Wed Dec 10 21:42:17 UTC 2025","Wed Dec 10 21:42:33 UTC 2025","16481","HabitNuCoachPortalSuite","LogClassSession","CoachesPortal.LogClassSection","CoachesPortal.LogClassSection","verifyAddWeightAttendanceDateAndPA","Add weight,attendance date and PA",""
"broken","Wed Dec 10 21:23:23 UTC 2025","Wed Dec 10 21:23:23 UTC 2025","259","HabitNuCoachPortalSuite","Scheduler","CoachesPortal.Schedular","CoachesPortal.Schedular","validateInteractionEntries_Duration","test1 > Given I am logged in as coach, verify group interaction entries are made automatically when meet is attended for min of 1min > Validating field==Duration","test1 > Given I am logged in as coach, verify group interaction entries are made automatically when meet is attended for min of 1min > Validating field==Duration"
"passed","Wed Dec 10 21:37:22 UTC 2025","Wed Dec 10 21:37:22 UTC 2025","143","HabitNuCoachPortalSuite","ProjectPowerDashboard","CoachesPortal.ProjectPowerDashboard","CoachesPortal.ProjectPowerDashboard","verifyCumulative_EnrollmentGraphPresence_for3monthsFilter","It should display the enrollment of participants for 3 months",""
"passed","Wed Dec 10 21:35:26 UTC 2025","Wed Dec 10 21:35:50 UTC 2025","24859","HabitNuCoachPortalSuite","HabitNuCoachesPortalRegression-PartC","CoachesPortal.PatientDetails.PatientProfileImmunizations","CoachesPortal.PatientDetails.PatientProfileImmunizations","verifyPersonalDetails","Add medication of Ethlen",""
"failed","Wed Dec 10 22:02:50 UTC 2025","Wed Dec 10 22:02:52 UTC 2025","2148","HabitNuCoachPortalSuite","DifferentTypeOfDashboards","CoachesPortal.CohortLevelDashboard.OnlineCohortDashboard","CoachesPortal.CohortLevelDashboard.OnlineCohortDashboard","foodCategory_protein_contentValidation","test1 > Given I am logged in as coach, I am validating online cohort 'foodCategoryGraph - foodCategory_protein_contentValidation","test1 > Given I am logged in as coach, I am validating online cohort 'foodCategoryGraph - foodCategory_protein_contentValidation"
"passed","Wed Dec 10 21:38:33 UTC 2025","Wed Dec 10 21:38:38 UTC 2025","5159","HabitNuCoachPortalSuite","ProjectPowerDashboard","CoachesPortal.ProjectPowerDashboard","CoachesPortal.ProjectPowerDashboard","verifyADAMilestone","All cohort dashboard for project power - ADA milestone trend",""
"passed","Wed Dec 10 21:48:36 UTC 2025","Wed Dec 10 21:48:37 UTC 2025","1408","HabitNuCoachPortalSuite","Milestones","CoachesPortal.VAMilestone","CoachesPortal.VAMilestone","test7_validating_VAHeaders_data","And user is validating to VAHeaders data by clicking arrow button",""
"broken","Wed Dec 10 21:23:24 UTC 2025","Wed Dec 10 21:23:50 UTC 2025","26098","HabitNuCoachPortalSuite","Scheduler","CoachesPortal.Schedular","CoachesPortal.Schedular","validateUserNoInSchedular","test1 > Given I am logged in as coach, verify when user responds to meet with NO, same can be validated by coach in coaches portal in Attended dropdown","test1 > Given I am logged in as coach, verify when user responds to meet with NO, same can be validated by coach in coaches portal in Attended dropdown"
"passed","Wed Dec 10 21:38:48 UTC 2025","Wed Dec 10 21:38:59 UTC 2025","10656","HabitNuCoachPortalSuite","ProjectPowerDashboard","CoachesPortal.ProjectPowerDashboard","CoachesPortal.ProjectPowerDashboard","verifyADAMilestoneFor6Months","All cohort dashboard for project power - ADA milestone trend - 6months",""
"broken","Wed Dec 10 21:57:59 UTC 2025","Wed Dec 10 21:58:24 UTC 2025","24835","HabitNuCoachPortalSuite","FeatureFlags","CoachesPortal.FeatureFlags","CoachesPortal.FeatureFlags","test15_addrulesforuser_multipletimes","And user is able to add the rule for user level multiple times",""
"passed","Wed Dec 10 21:14:13 UTC 2025","Wed Dec 10 21:14:16 UTC 2025","2506","HabitNuCoachPortalSuite","HabitNuCoachesPortalRegression-PartB","CoachesPortal.PatientDetails.PatientProfileDemographic","CoachesPortal.PatientDetails.PatientProfileDemographic","updateAndVerifyBaselineHealthData","test1 > Given I am logged in as coach, updateAndVerifyBaselineHealthData","test1 > Given I am logged in as coach, updateAndVerifyBaselineHealthData"
"passed","Wed Dec 10 21:17:16 UTC 2025","Wed Dec 10 21:17:20 UTC 2025","4806","HabitNuCoachPortalSuite","HabitNuCoachesPortalRegression-PartB","CoachesPortal.PatientDetails.UserActivitiesBloodPressure","CoachesPortal.PatientDetails.UserActivitiesBloodPressure","verifyYesterdayBPDataInCoachesPortal","Add yesterday date blood pressure",""
"passed","Wed Dec 10 22:07:09 UTC 2025","Wed Dec 10 22:07:12 UTC 2025","2983","HabitNuCoachPortalSuite","DifferentTypeOfDashboards","CoachesPortal.CohortLevelDashboard.OnsiteCohortDashboard","CoachesPortal.CohortLevelDashboard.OnsiteCohortDashboard","case1","test1 > Given I am logged in as coach, I am validating onsite cohort 'dashboard-cards","test1 > Given I am logged in as coach, I am validating onsite cohort 'dashboard-cards"
"passed","Wed Dec 10 21:13:04 UTC 2025","Wed Dec 10 21:13:04 UTC 2025","897","HabitNuCoachPortalSuite","HabitNuCoachesPortalRegression-PartB","CoachesPortal.PatientDetails.PatientProfileDemographic","CoachesPortal.PatientDetails.PatientProfileDemographic","editverifyProgramDetailsWithIsActive","test1 > Given I am logged in as coach, verify cancel and update buttons are present for program details","test1 > Given I am logged in as coach, verify cancel and update buttons are present for program details"
"passed","Wed Dec 10 21:49:23 UTC 2025","Wed Dec 10 21:49:34 UTC 2025","10612","HabitNuCoachPortalSuite","Milestones","CoachesPortal.VAMilestone","CoachesPortal.VAMilestone","test14_validating_VAHeaders_data","And user is validating to VAHeaders data by clicking arrow button",""
"broken","Wed Dec 10 22:08:58 UTC 2025","Wed Dec 10 22:08:58 UTC 2025","232","HabitNuCoachPortalSuite","DifferentTypeOfDashboards","CoachesPortal.CohortLevelDashboard.OnsiteCohortDashboard","CoachesPortal.CohortLevelDashboard.OnsiteCohortDashboard","foodCategory_check_with_pastWeek","test1 > Given I am logged in as coach,  I am validating onsite cohort 'foodCategoryGraph - foodCategory_check_with_pastWeek","test1 > Given I am logged in as coach,  I am validating onsite cohort 'foodCategoryGraph - foodCategory_check_with_pastWeek"
"passed","Wed Dec 10 20:55:15 UTC 2025","Wed Dec 10 20:55:19 UTC 2025","4165","HabitNuCoachPortalSuite","HabitNuCoachesPortalRegression-PartA","CoachesPortal.DiscussionForumPage","CoachesPortal.DiscussionForumPage","case14","test1 > Given I am logged in as admin, I am validating File upload-error ","test1 > Given I am logged in as admin, I am validating File upload-error "
"passed","Wed Dec 10 21:15:30 UTC 2025","Wed Dec 10 21:15:30 UTC 2025","48","HabitNuCoachPortalSuite","HabitNuCoachesPortalRegression-PartB","CoachesPortal.PatientDetails.PatientProfileDemographic","CoachesPortal.PatientDetails.PatientProfileDemographic","verifyCallDetails","test1 > Given I am logged in as customer admin, verifyCallDetails","test1 > Given I am logged in as customer admin, verifyCallDetails"
"passed","Wed Dec 10 21:15:11 UTC 2025","Wed Dec 10 21:15:20 UTC 2025","8188","HabitNuCoachPortalSuite","HabitNuCoachesPortalRegression-PartB","CoachesPortal.PatientDetails.PatientProfileDemographic","CoachesPortal.PatientDetails.PatientProfileDemographic","updateDisenrollmentDetails_with_onlyDisenrolledReason","test1 > Given I am logged in as customer admin, try updating DisenrollmentDetails with only diseenrolledReason data","test1 > Given I am logged in as customer admin, try updating DisenrollmentDetails with only diseenrolledReason data"
"skipped","Wed Dec 10 21:12:19 UTC 2025","Wed Dec 10 21:12:19 UTC 2025","1","HabitNuCoachPortalSuite","HabitNuCoachesPortalRegression-PartB","CoachesPortal.OnsiteUsersListDashboard","CoachesPortal.OnsiteUsersListDashboard","case47","test1 > Given I am logged in as customerAdmin, sorting users table with 'cohort' in asc order","test1 > Given I am logged in as customerAdmin, sorting users table with 'cohort' in asc order"
"passed","Wed Dec 10 21:40:54 UTC 2025","Wed Dec 10 21:40:56 UTC 2025","1329","HabitNuCoachPortalSuite","LogClassSession","CoachesPortal.LogClassSection","CoachesPortal.LogClassSection","validateLogClassSession_Non_Availibility_forDSME","Verify Log Class Section is unavailable for programDeliveryType==Onsite and programType == DSME ",""
"broken","Wed Dec 10 20:47:16 UTC 2025","Wed Dec 10 20:47:25 UTC 2025","8640","HabitNuCoachPortalSuite","HabitNuCoachesPortalRegression-PartA","CoachesPortal.LearnModule.Learn","CoachesPortal.LearnModule.Learn","checkWebAPPAfterCourseAddedByAdmin","verify on clone course page, course created by admin is available",""
"passed","Wed Dec 10 21:48:35 UTC 2025","Wed Dec 10 21:48:36 UTC 2025","201","HabitNuCoachPortalSuite","Milestones","CoachesPortal.VAMilestone","CoachesPortal.VAMilestone","test6_validating_Headers","And user is validating headers",""
"passed","Wed Dec 10 22:14:27 UTC 2025","Wed Dec 10 22:14:31 UTC 2025","4238","HabitNuCoachPortalSuite","DifferentTypeOfDashboards","CoachesPortal.CohortLevelDashboard.DSMEDashboardCoachesPortal","CoachesPortal.CohortLevelDashboard.DSMEDashboardCoachesPortal","test8_Complete","And user is validating Complete",""
"passed","Wed Dec 10 20:45:32 UTC 2025","Wed Dec 10 20:45:36 UTC 2025","3974","HabitNuCoachPortalSuite","HabitNuCoachesPortalRegression-PartA","CoachesPortal.LearnModule.Learn","CoachesPortal.LearnModule.Learn","nocourseconfiguredfortheprogram","No course configured for the program.",""
"skipped","Wed Dec 10 21:12:19 UTC 2025","Wed Dec 10 21:12:19 UTC 2025","1","HabitNuCoachPortalSuite","HabitNuCoachesPortalRegression-PartB","CoachesPortal.OnsiteUsersListDashboard","CoachesPortal.OnsiteUsersListDashboard","case46","test1 > Given I am logged in as customerAdmin, hover over milestone dot to validate disenrolled state text","test1 > Given I am logged in as customerAdmin, hover over milestone dot to validate disenrolled state text"
"passed","Wed Dec 10 22:15:01 UTC 2025","Wed Dec 10 22:15:08 UTC 2025","6420","HabitNuCoachPortalSuite","DifferentTypeOfDashboards","CoachesPortal.CohortLevelDashboard.ParticipantsProgressTracker","CoachesPortal.CohortLevelDashboard.ParticipantsProgressTracker","test1_navigating","Given user is navigating to coaches portal",""
"passed","Wed Dec 10 20:50:35 UTC 2025","Wed Dec 10 20:50:36 UTC 2025","774","HabitNuCoachPortalSuite","HabitNuCoachesPortalRegression-PartA","CoachesPortal.DiscussionForumPage","CoachesPortal.DiscussionForumPage","case10","test1 > Given I am logged in as coach, I am validating post comment-success.","test1 > Given I am logged in as coach, I am validating post comment-success."
"failed","Wed Dec 10 21:13:23 UTC 2025","Wed Dec 10 21:13:23 UTC 2025","342","HabitNuCoachPortalSuite","HabitNuCoachesPortalRegression-PartB","CoachesPortal.PatientDetails.PatientProfileDemographic","CoachesPortal.PatientDetails.PatientProfileDemographic","updateDisenrollmentDetails_with_onlyDisenrolledCodeData","test1 > Given I am logged in as coach, Disenrolled Reason Code","test1 > Given I am logged in as coach, Disenrolled Reason Code"
"passed","Wed Dec 10 21:00:43 UTC 2025","Wed Dec 10 21:00:45 UTC 2025","2132","HabitNuCoachPortalSuite","HabitNuCoachesPortalRegression-PartA","CoachesPortal.DiscussionForumPage","CoachesPortal.DiscussionForumPage","case23","test1 > Given I am logged in as customerAdmin, I am validating Click Delete - Cancel","test1 > Given I am logged in as customerAdmin, I am validating Click Delete - Cancel"
"passed","Wed Dec 10 20:50:45 UTC 2025","Wed Dec 10 20:50:54 UTC 2025","9333","HabitNuCoachPortalSuite","HabitNuCoachesPortalRegression-PartA","CoachesPortal.DiscussionForumPage","CoachesPortal.DiscussionForumPage","case12","test1 > Given I am logged in as coach, I am validating File upload- subject only- error.","test1 > Given I am logged in as coach, I am validating File upload- subject only- error."
"failed","Wed Dec 10 21:26:13 UTC 2025","Wed Dec 10 21:26:15 UTC 2025","1884","HabitNuCoachPortalSuite","Paywal","CoachesPortal.payWall","CoachesPortal.payWall","testViewSubscriptionDetails","COP-T396: View subscription details",""
"passed","Wed Dec 10 21:10:08 UTC 2025","Wed Dec 10 21:10:12 UTC 2025","3273","HabitNuCoachPortalSuite","HabitNuCoachesPortalRegression-PartB","CoachesPortal.OnsiteUsersListDashboard","CoachesPortal.OnsiteUsersListDashboard","case8","test1 > Given I am logged in as admin, Form Survey for cohort- validate sdoh tag present against form set.","test1 > Given I am logged in as admin, Form Survey for cohort- validate sdoh tag present against form set."
"passed","Wed Dec 10 21:56:17 UTC 2025","Wed Dec 10 21:56:17 UTC 2025","294","HabitNuCoachPortalSuite","UserDashboard","CoachesPortal.PatientDashboard","CoachesPortal.PatientDashboard","videoActivity","test13 > Given I am logged in as coach, when I am on watching a video by logging into user app, Then I should be able to see watched Video progress data on VideoActivity graph","coach login - user/patient/partcipant dashboard validation"
"passed","Wed Dec 10 21:41:04 UTC 2025","Wed Dec 10 21:41:08 UTC 2025","4459","HabitNuCoachPortalSuite","LogClassSession","CoachesPortal.LogClassSection","CoachesPortal.LogClassSection","verifySearchPatientById","Search Participant By ID",""
"passed","Wed Dec 10 21:59:38 UTC 2025","Wed Dec 10 21:59:59 UTC 2025","21255","HabitNuCoachPortalSuite","ParticipationsTable","CoachesPortal.participations","CoachesPortal.participations","test12_searchpartner","And user is able to search the user with partner name",""
"failed","Wed Dec 10 21:19:52 UTC 2025","Wed Dec 10 21:19:58 UTC 2025","6105","HabitNuCoachPortalSuite","HabitNuCoachesPortalRegression-PartB","CoachesPortal.PatientDetails.UserActivitiesBloodSugar","CoachesPortal.PatientDetails.UserActivitiesBloodSugar","verifyUserData_on_coachesPortal","Verify user data added on web on coaches portal",""
"passed","Wed Dec 10 21:06:02 UTC 2025","Wed Dec 10 21:06:04 UTC 2025","2077","HabitNuCoachPortalSuite","HabitNuCoachesPortalRegression-PartB","CoachesPortal.OnsiteUsersListDashboard","CoachesPortal.OnsiteUsersListDashboard","case1","test1 > Given I am logged in as coach, Search for 'automationForLogclass' and click on users.","test1 > Given I am logged in as coach, Search for 'automationForLogclass' and click on users."
"passed","Wed Dec 10 22:01:24 UTC 2025","Wed Dec 10 22:01:25 UTC 2025","759","HabitNuCoachPortalSuite","DifferentTypeOfDashboards","CoachesPortal.CohortLevelDashboard.OnlineCohortDashboard","CoachesPortal.CohortLevelDashboard.OnlineCohortDashboard","case6","test1 > Given I am logged in as coach, I am validating online cohort 'Weight Loss By Participants validation on graph with 'Added by user' option","test1 > Given I am logged in as coach, I am validating online cohort 'Weight Loss By Participants validation on graph with 'Added by user' option"
"passed","Wed Dec 10 21:47:43 UTC 2025","Wed Dec 10 21:47:43 UTC 2025","133","HabitNuCoachPortalSuite","Milestones","CoachesPortal.BPSMMilestone","CoachesPortal.BPSMMilestone","test4_navigating_milestone","And user is navigating to milestone",""
"broken","Wed Dec 10 22:06:59 UTC 2025","Wed Dec 10 22:06:59 UTC 2025","165","HabitNuCoachPortalSuite","DifferentTypeOfDashboards","CoachesPortal.CohortLevelDashboard.OnsiteCohortDashboard","CoachesPortal.CohortLevelDashboard.OnsiteCohortDashboard","foodCategory_actions_dropdown","test1 > Given I am logged in as customer admin, I am validating onsite cohort 'foodCategoryGraph - foodCategory_actions_dropdown","test1 > Given I am logged in as customer admin, I am validating onsite cohort 'foodCategoryGraph - foodCategory_actions_dropdown"
"passed","Wed Dec 10 20:51:39 UTC 2025","Wed Dec 10 20:51:54 UTC 2025","15284","HabitNuCoachPortalSuite","HabitNuCoachesPortalRegression-PartA","CoachesPortal.DiscussionForumPage","CoachesPortal.DiscussionForumPage","case17","test1 > Given I am logged in as coach, I am validating Upload more than 5 files.- Error.","test1 > Given I am logged in as coach, I am validating Upload more than 5 files.- Error"
"passed","Wed Dec 10 22:05:27 UTC 2025","Wed Dec 10 22:05:27 UTC 2025","774","HabitNuCoachPortalSuite","DifferentTypeOfDashboards","CoachesPortal.CohortLevelDashboard.OnsiteCohortDashboard","CoachesPortal.CohortLevelDashboard.OnsiteCohortDashboard","case6","test1 > Given I am logged in as customer admin, I am validating onsite cohort 'Weight Loss By Participants validation on graph with 'Added by user' option","test1 > Given I am logged in as customer admin, I am validating onsite cohort 'Weight Loss By Participants validation on graph with 'Added by user' option"
"skipped","Wed Dec 10 21:12:19 UTC 2025","Wed Dec 10 21:12:19 UTC 2025","1","HabitNuCoachPortalSuite","HabitNuCoachesPortalRegression-PartB","CoachesPortal.OnsiteUsersListDashboard","CoachesPortal.OnsiteUsersListDashboard","case45","test1 > Given I am logged in as customerAdmin, validate disenrolled status under Milestone column - colorcode","test1 > Given I am logged in as customerAdmin, validate disenrolled status under Milestone column - colorcode"
"passed","Wed Dec 10 21:14:23 UTC 2025","Wed Dec 10 21:14:23 UTC 2025","5","HabitNuCoachPortalSuite","HabitNuCoachesPortalRegression-PartB","CoachesPortal.PatientDetails.PatientProfileDemographic","CoachesPortal.PatientDetails.PatientProfileDemographic","updateSexAtbirth","test1 > Given I am logged in as coach, Sex at Birth","test1 > Given I am logged in as coach, Sex at Birth"
"passed","Wed Dec 10 21:56:06 UTC 2025","Wed Dec 10 21:56:07 UTC 2025","1303","HabitNuCoachPortalSuite","UserDashboard","CoachesPortal.PatientDashboard","CoachesPortal.PatientDashboard","physicalActivityHistory","test5 > Given I am logged in as coach, wehn I am on adding steps from user Dashboard, Then I should be able to see added Steps on physicalActivityHistory graph","coach login - user/patient/partcipant dashboard validation"
"broken","Wed Dec 10 22:07:02 UTC 2025","Wed Dec 10 22:07:02 UTC 2025","215","HabitNuCoachPortalSuite","DifferentTypeOfDashboards","CoachesPortal.CohortLevelDashboard.OnsiteCohortDashboard","CoachesPortal.CohortLevelDashboard.OnsiteCohortDashboard","foodCategory_check_with_pastMonth","test1 > Given I am logged in as customer admin, I am validating onsite cohort 'foodCategoryGraph - foodCategory_check_with_pastMonth","test1 > Given I am logged in as customer admin, I am validating onsite cohort 'foodCategoryGraph - foodCategory_check_with_pastMonth"
"passed","Wed Dec 10 21:03:31 UTC 2025","Wed Dec 10 21:03:32 UTC 2025","1257","HabitNuCoachPortalSuite","HabitNuCoachesPortalRegression-PartA","CoachesPortal.DirectMessage","CoachesPortal.DirectMessage","searchParticipantByEmail_who_is_notPartOfthisCohort","Search participant by email who is not part of this cohort",""
"broken","Wed Dec 10 21:13:55 UTC 2025","Wed Dec 10 21:14:10 UTC 2025","15710","HabitNuCoachPortalSuite","HabitNuCoachesPortalRegression-PartB","CoachesPortal.PatientDetails.PatientProfileDemographic","CoachesPortal.PatientDetails.PatientProfileDemographic","updateDisenrollmentDetails_with_DisenrolledCode_and_date","test1 > Given I am logged in as coach, try updating DisenrollmentDetails with only diseenrolledCode & Date","test1 > Given I am logged in as coach, try updating DisenrollmentDetails with only diseenrolledCode & Date"
"passed","Wed Dec 10 20:55:50 UTC 2025","Wed Dec 10 20:56:05 UTC 2025","15299","HabitNuCoachPortalSuite","HabitNuCoachesPortalRegression-PartA","CoachesPortal.DiscussionForumPage","CoachesPortal.DiscussionForumPage","case17","test1 > Given I am logged in as admin, I am validating Upload more than 5 files.- Error.","test1 > Given I am logged in as admin, I am validating Upload more than 5 files.- Error"
"passed","Wed Dec 10 20:45:58 UTC 2025","Wed Dec 10 20:46:20 UTC 2025","22237","HabitNuCoachPortalSuite","HabitNuCoachesPortalRegression-PartA","CoachesPortal.LearnModule.Learn","CoachesPortal.LearnModule.Learn","addVideoToTheContent","filter down course content by Video and assert Pagination",""
"passed","Wed Dec 10 21:37:21 UTC 2025","Wed Dec 10 21:37:21 UTC 2025","10","HabitNuCoachPortalSuite","ProjectPowerDashboard","CoachesPortal.ProjectPowerDashboard","CoachesPortal.ProjectPowerDashboard","verifyM3","It should display the total number of participants who have completed atleast 8 sessions",""
"passed","Wed Dec 10 20:40:47 UTC 2025","Wed Dec 10 20:40:47 UTC 2025","126","HabitNuCoachPortalSuite","HabitNuCoachesPortalRegression-PartA","CoachesPortal.CohortLevelDashboard.CohortLevelDashboardPage","CoachesPortal.CohortLevelDashboard.CohortLevelDashboardPage","case10","Coach Interactions by Participants.",""
"passed","Wed Dec 10 20:40:44 UTC 2025","Wed Dec 10 20:40:45 UTC 2025","381","HabitNuCoachPortalSuite","HabitNuCoachesPortalRegression-PartA","CoachesPortal.CohortLevelDashboard.CohortLevelDashboardPage","CoachesPortal.CohortLevelDashboard.CohortLevelDashboardPage","case8","participant activity- Select previous week.",""
"passed","Wed Dec 10 21:14:22 UTC 2025","Wed Dec 10 21:14:23 UTC 2025","113","HabitNuCoachPortalSuite","HabitNuCoachesPortalRegression-PartB","CoachesPortal.PatientDetails.PatientProfileDemographic","CoachesPortal.PatientDetails.PatientProfileDemographic","testDropdownOptions","test1 > Given I am logged in as coach, testDropdownOptions","test1 > Given I am logged in as coach, testDropdownOptions"
"passed","Wed Dec 10 21:53:08 UTC 2025","Wed Dec 10 21:53:14 UTC 2025","6057","HabitNuCoachPortalSuite","UserDashboard","CoachesPortal.PatientDashboard","CoachesPortal.PatientDashboard","habitCard_Done","test17 > Given I am logged in as admin, when I am on updating with a habit for the user to DONE, Then I should be able to see updated habit as 'DONE' on Habits graph","admin login - user/patient/partcipant dashboard validation"
"passed","Wed Dec 10 20:59:24 UTC 2025","Wed Dec 10 20:59:33 UTC 2025","9361","HabitNuCoachPortalSuite","HabitNuCoachesPortalRegression-PartA","CoachesPortal.DiscussionForumPage","CoachesPortal.DiscussionForumPage","case12","test1 > Given I am logged in as customerAdmin, I am validating File upload- subject only- error.","test1 > Given I am logged in as customerAdmin, I am validating File upload- subject only- error."
"passed","Wed Dec 10 21:20:04 UTC 2025","Wed Dec 10 21:20:09 UTC 2025","4642","HabitNuCoachPortalSuite","HabitNuCoachesPortalRegression-PartB","CoachesPortal.PatientDetails.UserActivitiesTobacco","CoachesPortal.PatientDetails.UserActivitiesTobacco","verifyYesterdayBPDataInCoachesPortal","Add yesterday date tobacoo",""
"passed","Wed Dec 10 21:15:35 UTC 2025","Wed Dec 10 21:15:35 UTC 2025","45","HabitNuCoachPortalSuite","HabitNuCoachesPortalRegression-PartB","CoachesPortal.PatientDetails.PatientProfileDemographic","CoachesPortal.PatientDetails.PatientProfileDemographic","verifyCDCdetails","test1 > Given I am logged in as customer admin, verifyCDCdetails","test1 > Given I am logged in as customer admin, verifyCDCdetails"
"passed","Wed Dec 10 21:15:33 UTC 2025","Wed Dec 10 21:15:33 UTC 2025","35","HabitNuCoachPortalSuite","HabitNuCoachesPortalRegression-PartB","CoachesPortal.PatientDetails.PatientProfileDemographic","CoachesPortal.PatientDetails.PatientProfileDemographic","verifyBaselineHealthData","test1 > Given I am logged in as customer admin, verifyBaselineHealthData","test1 > Given I am logged in as customer admin, verifyBaselineHealthData"
"passed","Wed Dec 10 21:48:10 UTC 2025","Wed Dec 10 21:48:27 UTC 2025","17534","HabitNuCoachPortalSuite","Milestones","CoachesPortal.BPSMMilestone","CoachesPortal.BPSMMilestone","test11_groupinteraction","And user is able to add group interaction without seminar name",""
"passed","Wed Dec 10 21:13:22 UTC 2025","Wed Dec 10 21:13:23 UTC 2025","791","HabitNuCoachPortalSuite","HabitNuCoachesPortalRegression-PartB","CoachesPortal.PatientDetails.PatientProfileDemographic","CoachesPortal.PatientDetails.PatientProfileDemographic","updateDisenrollmentDetails_with_emptyData","test1 > Given I am logged in as coach, try updating DisenrollmentDetails with empty data","test1 > Given I am logged in as coach, try updating DisenrollmentDetails with empty data"
"passed","Wed Dec 10 21:10:08 UTC 2025","Wed Dec 10 21:10:08 UTC 2025","270","HabitNuCoachPortalSuite","HabitNuCoachesPortalRegression-PartB","CoachesPortal.OnsiteUsersListDashboard","CoachesPortal.OnsiteUsersListDashboard","case6","test1 > Given I am logged in as admin, Seach user by ID.","test1 > Given I am logged in as admin, Seach user by ID."
"passed","Wed Dec 10 21:22:31 UTC 2025","Wed Dec 10 21:22:45 UTC 2025","14182","HabitNuCoachPortalSuite","Scheduler","CoachesPortal.Schedular","CoachesPortal.Schedular","rescheduleMeeting","test6 >  Given I am logged in as coach, and on time slot page, When I click on created appointment, Then I should see Reschedule button, When I click on it and submit details, Then I should be able to save it","coach login - User should be able to reschedule appointment"
"passed","Wed Dec 10 20:43:34 UTC 2025","Wed Dec 10 20:43:35 UTC 2025","707","HabitNuCoachPortalSuite","HabitNuCoachesPortalRegression-PartA","CoachesPortal.LearnModule.Learn","CoachesPortal.LearnModule.Learn","clickOnCourseModule","Verify CustomerAdmin can click on course",""
"passed","Wed Dec 10 21:23:58 UTC 2025","Wed Dec 10 21:24:00 UTC 2025","2063","HabitNuCoachPortalSuite","Scheduler","CoachesPortal.Schedular","CoachesPortal.Schedular","clickOnSchedular","test1 > Given I am logged in as admin, wehn I click on Scheduler module, Then I should be taken to meeting time slot pick up page","admin login - clicking on scheduler should open the scheduler page in coaches portal"
"passed","Wed Dec 10 21:53:24 UTC 2025","Wed Dec 10 21:53:29 UTC 2025","4794","HabitNuCoachPortalSuite","UserDashboard","CoachesPortal.PatientDashboard","CoachesPortal.PatientDashboard","Last_Fasting_Blood_Sugar","test19 > Given I am logged in as admin, wehn I am on Participants dashboard page, when I add bloodsugar FASTING type, Then I should be able to see the added data on dashboard card==Last_Fasting_Blood_Sugar","admin login - clicking on scheduler should open the scheduler page in coaches portal"
"passed","Wed Dec 10 22:01:19 UTC 2025","Wed Dec 10 22:01:24 UTC 2025","5056","HabitNuCoachPortalSuite","DifferentTypeOfDashboards","CoachesPortal.CohortLevelDashboard.OnlineCohortDashboard","CoachesPortal.CohortLevelDashboard.OnlineCohortDashboard","case5","test1 > Given I am logged in as coach, I am validating online cohort 'Weight Loss By Participants validation on graph with 'Added by coach' option","test1 > Given I am logged in as coach, I am validating online cohort 'Weight Loss By Participants validation on graph with 'Added by coach' option"
"passed","Wed Dec 10 21:25:17 UTC 2025","Wed Dec 10 21:25:21 UTC 2025","4179","HabitNuCoachPortalSuite","Paywal","CoachesPortal.payWall","CoachesPortal.payWall","testPublishAnnualPaymentPlan","COP-T390B: Publish the Annual Payment Plan",""
"passed","Wed Dec 10 20:43:22 UTC 2025","Wed Dec 10 20:43:27 UTC 2025","5005","HabitNuCoachPortalSuite","HabitNuCoachesPortalRegression-PartA","CoachesPortal.CohortLevelDashboard.CohortLevelDashboardPage","CoachesPortal.CohortLevelDashboard.CohortLevelDashboardPage","case31","Payer Type graph- tooltip extraction.",""
"passed","Wed Dec 10 22:07:12 UTC 2025","Wed Dec 10 22:07:17 UTC 2025","4649","HabitNuCoachPortalSuite","DifferentTypeOfDashboards","CoachesPortal.CohortLevelDashboard.OnsiteCohortDashboard","CoachesPortal.CohortLevelDashboard.OnsiteCohortDashboard","disenrolledCard","test1 > Given I am logged in as coach, I am validating onsite cohort 'dashboard-card=DisenrolledCount","test1 > Given I am logged in as coach, I am validating onsite cohort 'dashboard-card=DisenrolledCount"
"passed","Wed Dec 10 20:49:48 UTC 2025","Wed Dec 10 20:49:56 UTC 2025","8773","HabitNuCoachPortalSuite","HabitNuCoachesPortalRegression-PartA","CoachesPortal.LearnModule.CustomerAdminCourseDocument","CoachesPortal.LearnModule.CustomerAdminCourseDocument","verifyAddVideoTitleRequired","Add Title Required",""
"passed","Wed Dec 10 21:14:23 UTC 2025","Wed Dec 10 21:14:23 UTC 2025","5","HabitNuCoachPortalSuite","HabitNuCoachesPortalRegression-PartB","CoachesPortal.PatientDetails.PatientProfileDemographic","CoachesPortal.PatientDetails.PatientProfileDemographic","deleteEthnicityAndRace","test1 > Given I am logged in as coach, Ethnicity and Race","test1 > Given I am logged in as coach, Ethnicity and Race"
"passed","Wed Dec 10 21:44:51 UTC 2025","Wed Dec 10 21:44:51 UTC 2025","9","HabitNuCoachPortalSuite","GroupDPPClassPlanner","CoachesPortal.ClassPlanner","CoachesPortal.ClassPlanner","case11","Create multiple cards under List",""
"passed","Wed Dec 10 21:40:41 UTC 2025","Wed Dec 10 21:40:41 UTC 2025","194","HabitNuCoachPortalSuite","LoginPageCases","CoachesPortal.LoginPageCases","CoachesPortal.LoginPageCases","case17","Coaches Portal Login URL -> Click on terms of use",""
"passed","Wed Dec 10 21:00:13 UTC 2025","Wed Dec 10 21:00:18 UTC 2025","5226","HabitNuCoachPortalSuite","HabitNuCoachesPortalRegression-PartA","CoachesPortal.DiscussionForumPage","CoachesPortal.DiscussionForumPage","case16","test1 > Given I am logged in as customerAdmin, I am validating upload upto 5 files with Description- Success.","test1 > Given I am logged in as customerAdmin, I am validating upload upto 5 files with Description- Success."
"passed","Wed Dec 10 21:14:53 UTC 2025","Wed Dec 10 21:14:53 UTC 2025","29","HabitNuCoachPortalSuite","HabitNuCoachesPortalRegression-PartB","CoachesPortal.PatientDetails.PatientProfileDemographic","CoachesPortal.PatientDetails.PatientProfileDemographic","verifyDisenrollmentDetails","test1 > Given I am logged in as customer admin, verifyDisenrollmentDetails","test1 > Given I am logged in as customer admin, verifyDisenrollmentDetails"
"passed","Wed Dec 10 20:43:21 UTC 2025","Wed Dec 10 20:43:22 UTC 2025","1556","HabitNuCoachPortalSuite","HabitNuCoachesPortalRegression-PartA","CoachesPortal.CohortLevelDashboard.CohortLevelDashboardPage","CoachesPortal.CohortLevelDashboard.CohortLevelDashboardPage","case29","Office Hours Participant click- dashboard navigation.",""
"passed","Wed Dec 10 21:26:21 UTC 2025","Wed Dec 10 21:26:23 UTC 2025","2208","HabitNuCoachPortalSuite","Paywal","CoachesPortal.payWall","CoachesPortal.payWall","testFilterSubscriptions","COP-T397–399: Validate subscription filters",""
"broken","Wed Dec 10 21:11:08 UTC 2025","Wed Dec 10 21:11:09 UTC 2025","1280","HabitNuCoachPortalSuite","HabitNuCoachesPortalRegression-PartB","CoachesPortal.OnsiteUsersListDashboard","CoachesPortal.OnsiteUsersListDashboard","case15","test1 > Given I am logged in as admin, Click on a user and check whether its navigating to the dashboard.","test1 > Given I am logged in as admin, Click on a user and check whether its navigating to the dashboard."
"passed","Wed Dec 10 21:45:56 UTC 2025","Wed Dec 10 21:45:58 UTC 2025","1708","HabitNuCoachPortalSuite","GeneralContent","CoachesPortal.generalContent_WEb_Coaches","CoachesPortal.generalContent_WEb_Coaches","case4","Creating tags for Sleep",""
"passed","Wed Dec 10 20:47:25 UTC 2025","Wed Dec 10 20:47:38 UTC 2025","13123","HabitNuCoachPortalSuite","HabitNuCoachesPortalRegression-PartA","CoachesPortal.LearnModule.Learn","CoachesPortal.LearnModule.Learn","replaceCourseContent","replace course content",""
"passed","Wed Dec 10 21:15:42 UTC 2025","Wed Dec 10 21:15:42 UTC 2025","91","HabitNuCoachPortalSuite","HabitNuCoachesPortalRegression-PartB","CoachesPortal.PatientDetails.PatientProfileDemographic","CoachesPortal.PatientDetails.PatientProfileDemographic","testSelectDressingNo","test1 > Given I am logged in as customer admin, testSelectDressingNo","test1 > Given I am logged in as customer admin, testSelectDressingNo"
"passed","Wed Dec 10 21:41:34 UTC 2025","Wed Dec 10 21:41:40 UTC 2025","5847","HabitNuCoachPortalSuite","LogClassSession","CoachesPortal.LogClassSection","CoachesPortal.LogClassSection","verifyAddOnlyLF","Add Only LF",""
"passed","Wed Dec 10 20:49:02 UTC 2025","Wed Dec 10 20:49:03 UTC 2025","838","HabitNuCoachPortalSuite","HabitNuCoachesPortalRegression-PartA","CoachesPortal.LearnModule.CustomerAdminCourseDocument","CoachesPortal.LearnModule.CustomerAdminCourseDocument","verifyAddOnlyDiscriptionDocument","Add Only Discription And verify documentupload and title Required",""
"passed","Wed Dec 10 21:18:32 UTC 2025","Wed Dec 10 21:18:42 UTC 2025","10664","HabitNuCoachPortalSuite","HabitNuCoachesPortalRegression-PartB","CoachesPortal.PatientDetails.UserActivitiesBloodSugar","CoachesPortal.PatientDetails.UserActivitiesBloodSugar","verifyandAddCurrentDateBloodSugar","Verify user as Ethelyn in useractivities tab and add current date blood sugar",""
"passed","Wed Dec 10 21:56:00 UTC 2025","Wed Dec 10 21:56:06 UTC 2025","6137","HabitNuCoachPortalSuite","UserDashboard","CoachesPortal.PatientDashboard","CoachesPortal.PatientDashboard","patientWeeklyStatus_STEPS","test4 > Given I am logged in as coach, wehn I am on adding steps from user Dashboard, Then I should be able to see added exercise steps count==1 under patientWeeklyStatus_STEPS","coach login - user/patient/partcipant dashboard validation"
"skipped","Wed Dec 10 21:12:19 UTC 2025","Wed Dec 10 21:12:19 UTC 2025","0","HabitNuCoachPortalSuite","HabitNuCoachesPortalRegression-PartB","CoachesPortal.OnsiteUsersListDashboard","CoachesPortal.OnsiteUsersListDashboard","case53","test1 > Given I am logged in as customerAdmin, verify milestonecolor==yellow after participant just register and login to app and do not fill the banner","test1 > Given I am logged in as customerAdmin, verify milestonecolor==yellow after participant just register and login to app and do not fill the banner"
"passed","Wed Dec 10 21:24:39 UTC 2025","Wed Dec 10 21:24:39 UTC 2025","0","HabitNuCoachPortalSuite","Scheduler","CoachesPortal.Schedular","CoachesPortal.Schedular","userNoToTheMeet","test1 > Given I am logged in as admin, verify user response to meet attendance - NO","test1 > Given I am logged in as admin, verify user response to meet attendance - NO"
"passed","Wed Dec 10 20:52:12 UTC 2025","Wed Dec 10 20:52:14 UTC 2025","2134","HabitNuCoachPortalSuite","HabitNuCoachesPortalRegression-PartA","CoachesPortal.DiscussionForumPage","CoachesPortal.DiscussionForumPage","case26","test1 > Given I am logged in as coach, I am validating UnPin The post","test1 > Given I am logged in as coach, I am validating UnPin The post"
"passed","Wed Dec 10 21:14:22 UTC 2025","Wed Dec 10 21:14:22 UTC 2025","61","HabitNuCoachPortalSuite","HabitNuCoachesPortalRegression-PartB","CoachesPortal.PatientDetails.PatientProfileDemographic","CoachesPortal.PatientDetails.PatientProfileDemographic","testSelectEmotionalYes","test1 > Given I am logged in as coach, testSelectEmotionalYes","test1 > Given I am logged in as coach, testSelectEmotionalYes"
"broken","Wed Dec 10 21:39:50 UTC 2025","Wed Dec 10 21:40:12 UTC 2025","21603","HabitNuCoachPortalSuite","ProjectPowerDashboard","CoachesPortal.ProjectPowerDashboard","CoachesPortal.ProjectPowerDashboard","verifySDOHPage_Education","SDOH page - It should display the count of participants of Education",""
"failed","Wed Dec 10 22:04:57 UTC 2025","Wed Dec 10 22:04:59 UTC 2025","2153","HabitNuCoachPortalSuite","DifferentTypeOfDashboards","CoachesPortal.CohortLevelDashboard.OnlineCohortDashboard","CoachesPortal.CohortLevelDashboard.OnlineCohortDashboard","foodCategory_fat_contentValidation","test1 > Given I am logged in as customer admin, I am validating online cohort 'foodCategoryGraph - foodCategory_fat_contentValidation","test1 > Given I am logged in as customer admin, I am validating online cohort 'foodCategoryGraph - foodCategory_fat_contentValidation"
"passed","Wed Dec 10 20:58:41 UTC 2025","Wed Dec 10 20:58:43 UTC 2025","2464","HabitNuCoachPortalSuite","HabitNuCoachesPortalRegression-PartA","CoachesPortal.DiscussionForumPage","CoachesPortal.DiscussionForumPage","case28","test1 > Given I am logged in as admin, I am validating Delete all posts","test1 > Given I am logged in as admin, I am validating Delete all posts"
"passed","Wed Dec 10 21:24:39 UTC 2025","Wed Dec 10 21:24:39 UTC 2025","0","HabitNuCoachPortalSuite","Scheduler","CoachesPortal.Schedular","CoachesPortal.Schedular","validateInteractionEntries_Interaction_Type","test1 > Given I am logged in as admin, verify group interaction entries are made automatically when meet is attended for min of 1min > Validating field==Interaction_Typ","test1 > Given I am logged in as admin, verify group interaction entries are made automatically when meet is attended for min of 1min > Validating field==Interaction_Typ"
"failed","Wed Dec 10 22:03:40 UTC 2025","Wed Dec 10 22:03:40 UTC 2025","213","HabitNuCoachPortalSuite","DifferentTypeOfDashboards","CoachesPortal.CohortLevelDashboard.OnlineCohortDashboard","CoachesPortal.CohortLevelDashboard.OnlineCohortDashboard","male_female_card_withUdate_to_male","test1 > Given I am logged in as customer admin, I am validating online cohort 'dashboard-card=male_female_card_withUdate_to_male","test1 > Given I am logged in as customer admin, I am validating online cohort 'dashboard-card=male_female_card_withUdate_to_male"
"passed","Wed Dec 10 22:00:57 UTC 2025","Wed Dec 10 22:01:07 UTC 2025","9830","HabitNuCoachPortalSuite","DifferentTypeOfDashboards","CoachesPortal.CohortLevelDashboard.OnlineCohortDashboard","CoachesPortal.CohortLevelDashboard.OnlineCohortDashboard","disenrolledCard","test1 > Given I am logged in as coach, I am validating online cohort 'dashboard-card=DisenrolledCount","test1 > Given I am logged in as coach, I am validating online cohort 'dashboard-card=DisenrolledCount"
"skipped","Wed Dec 10 21:12:19 UTC 2025","Wed Dec 10 21:12:19 UTC 2025","1","HabitNuCoachPortalSuite","HabitNuCoachesPortalRegression-PartB","CoachesPortal.OnsiteUsersListDashboard","CoachesPortal.OnsiteUsersListDashboard","case40","test1 > Given I am logged in as customerAdmin, sorting users table with 'Name' in asc order","test1 > Given I am logged in as customerAdmin, sorting users table with 'Name' in asc order"
"passed","Wed Dec 10 21:26:15 UTC 2025","Wed Dec 10 21:26:18 UTC 2025","2811","HabitNuCoachPortalSuite","Paywal","CoachesPortal.payWall","CoachesPortal.payWall","testFilterSubscriptions","COP-T397–399: Validate subscription filters",""
"passed","Wed Dec 10 22:07:23 UTC 2025","Wed Dec 10 22:07:24 UTC 2025","996","HabitNuCoachPortalSuite","DifferentTypeOfDashboards","CoachesPortal.CohortLevelDashboard.OnsiteCohortDashboard","CoachesPortal.CohortLevelDashboard.OnsiteCohortDashboard","case5","test1 > Given I am logged in as coach, I am validating onsite cohort 'Weight Loss By Participants validation on graph with 'Added by coach' option","test1 > Given I am logged in as coach, I am validating onsite cohort 'Weight Loss By Participants validation on graph with 'Added by coach' option"
"passed","Wed Dec 10 20:48:38 UTC 2025","Wed Dec 10 20:48:38 UTC 2025","74","HabitNuCoachPortalSuite","HabitNuCoachesPortalRegression-PartA","CoachesPortal.LearnModule.CustomerAdminCourseDocument","CoachesPortal.LearnModule.CustomerAdminCourseDocument","verifyNoOfElementsInCourseDocuments","Verify No of Elements In CourseDocument",""
"passed","Wed Dec 10 20:47:45 UTC 2025","Wed Dec 10 20:47:58 UTC 2025","13320","HabitNuCoachPortalSuite","HabitNuCoachesPortalRegression-PartA","CoachesPortal.LearnModule.Learn","CoachesPortal.LearnModule.Learn","deleteCourseContent","delete course content",""
"passed","Wed Dec 10 20:56:13 UTC 2025","Wed Dec 10 20:56:14 UTC 2025","902","HabitNuCoachPortalSuite","HabitNuCoachesPortalRegression-PartA","CoachesPortal.DiscussionForumPage","CoachesPortal.DiscussionForumPage","case21","test1 > Given I am logged in as admin, I am validating Edit Post-Remove File.","test1 > Given I am logged in as admin, I am validating Edit Post-Remove File."
"passed","Wed Dec 10 21:24:39 UTC 2025","Wed Dec 10 21:24:39 UTC 2025","0","HabitNuCoachPortalSuite","Scheduler","CoachesPortal.Schedular","CoachesPortal.Schedular","validateInteractionEntries_Duration","test1 > Given I am logged in as admin, verify group interaction entries are made automatically when meet is attended for min of 1min > Validating field==Duration","test1 > Given I am logged in as admin, verify group interaction entries are made automatically when meet is attended for min of 1min > Validating field==Duration"
"passed","Wed Dec 10 20:43:07 UTC 2025","Wed Dec 10 20:43:10 UTC 2025","2978","HabitNuCoachPortalSuite","HabitNuCoachesPortalRegression-PartA","CoachesPortal.CohortLevelDashboard.CohortLevelDashboardPage","CoachesPortal.CohortLevelDashboard.CohortLevelDashboardPage","case27","Outcomes- Adherance,SBP reductions, DBP Reductions,Achieving Targets.",""
"passed","Wed Dec 10 21:14:16 UTC 2025","Wed Dec 10 21:14:16 UTC 2025","44","HabitNuCoachPortalSuite","HabitNuCoachesPortalRegression-PartB","CoachesPortal.PatientDetails.PatientProfileDemographic","CoachesPortal.PatientDetails.PatientProfileDemographic","verifyCDCdetails","test1 > Given I am logged in as coach, verifyCDCdetails","test1 > Given I am logged in as coach, verifyCDCdetails"
"passed","Wed Dec 10 21:22:05 UTC 2025","Wed Dec 10 21:22:05 UTC 2025","482","HabitNuCoachPortalSuite","Scheduler","CoachesPortal.Schedular","CoachesPortal.Schedular","openAppoitmentCreateForm","test2 > Given I am logged in as coach, When I click on time slot, Then I should be able to see the create appointment form","coach login - It should open meeting form"
"passed","Wed Dec 10 20:43:41 UTC 2025","Wed Dec 10 20:43:41 UTC 2025","583","HabitNuCoachPortalSuite","HabitNuCoachesPortalRegression-PartA","CoachesPortal.LearnModule.Learn","CoachesPortal.LearnModule.Learn","publishCourse","Verify CustomerAdmin can publish the course",""
"passed","Wed Dec 10 20:48:38 UTC 2025","Wed Dec 10 20:48:38 UTC 2025","491","HabitNuCoachPortalSuite","HabitNuCoachesPortalRegression-PartA","CoachesPortal.LearnModule.CustomerAdminCourseDocument","CoachesPortal.LearnModule.CustomerAdminCourseDocument","verifyopenAndCloseDocument","Verify open and close new document",""
"passed","Wed Dec 10 21:44:47 UTC 2025","Wed Dec 10 21:44:47 UTC 2025","252","HabitNuCoachPortalSuite","GroupDPPClassPlanner","CoachesPortal.ClassPlanner","CoachesPortal.ClassPlanner","case6","Cancel the Edit list",""
"passed","Wed Dec 10 21:06:10 UTC 2025","Wed Dec 10 21:06:13 UTC 2025","3392","HabitNuCoachPortalSuite","HabitNuCoachesPortalRegression-PartB","CoachesPortal.OnsiteUsersListDashboard","CoachesPortal.OnsiteUsersListDashboard","case9","test1 > Given I am logged in as coach, Form Survey for cohort- Disability.","test1 > Given I am logged in as coach, Form Survey for cohort- Disability."
"failed","Wed Dec 10 22:06:55 UTC 2025","Wed Dec 10 22:06:57 UTC 2025","2163","HabitNuCoachPortalSuite","DifferentTypeOfDashboards","CoachesPortal.CohortLevelDashboard.OnsiteCohortDashboard","CoachesPortal.CohortLevelDashboard.OnsiteCohortDashboard","foodCategory_protein_contentValidation","test1 > Given I am logged in as customer admin, I am validating onsite cohort 'foodCategoryGraph - foodCategory_protein_contentValidation","test1 > Given I am logged in as customer admin, I am validating onsite cohort 'foodCategoryGraph - foodCategory_protein_contentValidation"
"passed","Wed Dec 10 21:26:18 UTC 2025","Wed Dec 10 21:26:21 UTC 2025","2880","HabitNuCoachPortalSuite","Paywal","CoachesPortal.payWall","CoachesPortal.payWall","testFilterSubscriptions","COP-T397–399: Validate subscription filters",""
"passed","Wed Dec 10 20:55:14 UTC 2025","Wed Dec 10 20:55:15 UTC 2025","882","HabitNuCoachPortalSuite","HabitNuCoachesPortalRegression-PartA","CoachesPortal.DiscussionForumPage","CoachesPortal.DiscussionForumPage","verifyFileIsOpenedOnClickingViewButton","test1 > Given I am logged in as admin, I am validating verify file opened on clicking view button","test1 > Given I am logged in as admin, I am validating verify file opened on clicking view button"
"passed","Wed Dec 10 21:37:21 UTC 2025","Wed Dec 10 21:37:21 UTC 2025","10","HabitNuCoachPortalSuite","ProjectPowerDashboard","CoachesPortal.ProjectPowerDashboard","CoachesPortal.ProjectPowerDashboard","verify5percentWeightLoss","It should display the total number of participants who have achieved 5% weight loss",""
"passed","Wed Dec 10 21:40:32 UTC 2025","Wed Dec 10 21:40:32 UTC 2025","136","HabitNuCoachPortalSuite","LoginPageCases","CoachesPortal.LoginPageCases","CoachesPortal.LoginPageCases","testLoginWithEmptyEmailAndValidPassword","try login with empty email and valid password",""
"broken","Wed Dec 10 21:07:53 UTC 2025","Wed Dec 10 21:08:14 UTC 2025","20377","HabitNuCoachPortalSuite","HabitNuCoachesPortalRegression-PartB","CoachesPortal.OnsiteUsersListDashboard","CoachesPortal.OnsiteUsersListDashboard","case18","test1 > Given I am logged in as coach, Enter call details and then to profile section and check for the details saved.","test1 > Given I am logged in as coach, Enter call details and then to profile section and check for the details saved."
"passed","Wed Dec 10 21:26:43 UTC 2025","Wed Dec 10 21:26:44 UTC 2025","1181","HabitNuCoachPortalSuite","Paywal","CoachesPortal.payWall","CoachesPortal.payWall","testFilterTransactions","COP-T400: Validate all transaction filters",""
"broken","Wed Dec 10 21:34:25 UTC 2025","Wed Dec 10 21:34:55 UTC 2025","30286","HabitNuCoachPortalSuite","HabitNuCoachesPortalRegression-PartC","CoachesPortal.PatientDetails.PatientProfilePreAuth","CoachesPortal.PatientDetails.PatientProfilePreAuth","editPreAuth","edit PreAuth for Ethylen",""
"passed","Wed Dec 10 22:05:48 UTC 2025","Wed Dec 10 22:05:58 UTC 2025","9307","HabitNuCoachPortalSuite","DifferentTypeOfDashboards","CoachesPortal.CohortLevelDashboard.OnsiteCohortDashboard","CoachesPortal.CohortLevelDashboard.OnsiteCohortDashboard","male_female_card_with_update_to_female","test1 > Given I am logged in as customer admin, I am validating onsite cohort 'dashboard-card=male_female_card_with_update_to_female","test1 > Given I am logged in as customer admin, I am validating onsite cohort 'dashboard-card=male_female_card_with_update_to_female"
"passed","Wed Dec 10 21:52:59 UTC 2025","Wed Dec 10 21:52:59 UTC 2025","347","HabitNuCoachPortalSuite","UserDashboard","CoachesPortal.PatientDashboard","CoachesPortal.PatientDashboard","videoActivity","test13 > Given I am logged in as admin, when I am on watching a video by logging into user app, Then I should be able to see watched Video progress data on VideoActivity graph","admin login - user/patient/partcipant dashboard validation"
"passed","Wed Dec 10 21:49:13 UTC 2025","Wed Dec 10 21:49:23 UTC 2025","10588","HabitNuCoachPortalSuite","Milestones","CoachesPortal.VAMilestone","CoachesPortal.VAMilestone","test13_validating_VAHeaders_data","And user is validating to VAHeaders data by clicking arrow button",""
"passed","Wed Dec 10 20:40:44 UTC 2025","Wed Dec 10 20:40:44 UTC 2025","207","HabitNuCoachPortalSuite","HabitNuCoachesPortalRegression-PartA","CoachesPortal.CohortLevelDashboard.CohortLevelDashboardPage","CoachesPortal.CohortLevelDashboard.CohortLevelDashboardPage","case7","participant activity- All options in the graph.",""
"passed","Wed Dec 10 20:48:42 UTC 2025","Wed Dec 10 20:48:43 UTC 2025","841","HabitNuCoachPortalSuite","HabitNuCoachesPortalRegression-PartA","CoachesPortal.LearnModule.CustomerAdminCourseDocument","CoachesPortal.LearnModule.CustomerAdminCourseDocument","verifyAddTitleLinkRequired","Add Title Required",""
"passed","Wed Dec 10 21:46:51 UTC 2025","Wed Dec 10 21:47:01 UTC 2025","10588","HabitNuCoachPortalSuite","GeneralContent","CoachesPortal.generalContent_WEb_Coaches","CoachesPortal.generalContent_WEb_Coaches","case11","Fitness Videos Details",""
"passed","Wed Dec 10 21:12:20 UTC 2025","Wed Dec 10 21:12:27 UTC 2025","7696","HabitNuCoachPortalSuite","HabitNuCoachesPortalRegression-PartB","CoachesPortal.PatientDetails.CommunicationLogsCoachesPortal","CoachesPortal.PatientDetails.CommunicationLogsCoachesPortal","verifyCommunicationLogsWithSMS","verifyCommunicationLogsWithSMS",""
"passed","Wed Dec 10 20:43:30 UTC 2025","Wed Dec 10 20:43:33 UTC 2025","3056","HabitNuCoachPortalSuite","HabitNuCoachesPortalRegression-PartA","CoachesPortal.CohortLevelDashboard.CohortLevelDashboardPage","CoachesPortal.CohortLevelDashboard.CohortLevelDashboardPage","case33","Logout and Login again as customer admin- all cohort dashboard displayed/not",""
"passed","Wed Dec 10 21:46:42 UTC 2025","Wed Dec 10 21:46:43 UTC 2025","1049","HabitNuCoachPortalSuite","GeneralContent","CoachesPortal.generalContent_WEb_Coaches","CoachesPortal.generalContent_WEb_Coaches","RedirectToWeb","Redirecting To Web page",""
"passed","Wed Dec 10 21:52:34 UTC 2025","Wed Dec 10 21:52:38 UTC 2025","4295","HabitNuCoachPortalSuite","UserDashboard","CoachesPortal.PatientDashboard","CoachesPortal.PatientDashboard","patientWeeklyStatus_WEIGHTS","test2 > Given I am logged in as admin, wehn I am on adding weight from user Dashboard, Then I should be able to see added weight count==1 under patientWeeklyStatus_WEIGHTS","admin login - user/patient/partcipant dashboard validation"
"passed","Wed Dec 10 21:48:33 UTC 2025","Wed Dec 10 21:48:34 UTC 2025","274","HabitNuCoachPortalSuite","Milestones","CoachesPortal.VAMilestone","CoachesPortal.VAMilestone","test4_navigating_milestone","And user is navigating to milestone",""
"passed","Wed Dec 10 21:44:46 UTC 2025","Wed Dec 10 21:44:47 UTC 2025","836","HabitNuCoachPortalSuite","GroupDPPClassPlanner","CoachesPortal.ClassPlanner","CoachesPortal.ClassPlanner","case5","Edit the list to class planner",""
"passed","Wed Dec 10 21:36:12 UTC 2025","Wed Dec 10 21:36:12 UTC 2025","242","HabitNuCoachPortalSuite","HabitNuCoachesPortalRegression-PartC","CoachesPortal.PatientDetails.PatientProfileImmunizations","CoachesPortal.PatientDetails.PatientProfileImmunizations","verifyImmunication","verify immunization for Ethylen",""
"passed","Wed Dec 10 21:15:42 UTC 2025","Wed Dec 10 21:15:42 UTC 2025","61","HabitNuCoachPortalSuite","HabitNuCoachesPortalRegression-PartB","CoachesPortal.PatientDetails.PatientProfileDemographic","CoachesPortal.PatientDetails.PatientProfileDemographic","testSelectWalkingYes","test1 > Given I am logged in as customer admin, testSelectWalkingYes","test1 > Given I am logged in as customer admin, testSelectWalkingYes"
"passed","Wed Dec 10 21:52:26 UTC 2025","Wed Dec 10 21:52:34 UTC 2025","7952","HabitNuCoachPortalSuite","UserDashboard","CoachesPortal.PatientDashboard","CoachesPortal.PatientDashboard","bloodSugarHistory","test6 > Given I am logged in as admin, wehn I am on adding bloodsugar from user Dashboard, Then I should be able to see added bloodsugar on bloodSugarHistory graph","admin login - user/patient/partcipant dashboard validation"
"passed","Wed Dec 10 22:22:27 UTC 2025","Wed Dec 10 22:22:37 UTC 2025","9453","HabitNuCoachPortalSuite","DifferentTypeOfDashboards","CoachesPortal.CohortLevelDashboard.ParticipantsProgressTracker","CoachesPortal.CohortLevelDashboard.ParticipantsProgressTracker","test6_Search_Users","And user is able to search the users",""
"passed","Wed Dec 10 21:14:41 UTC 2025","Wed Dec 10 21:14:42 UTC 2025","39","HabitNuCoachPortalSuite","HabitNuCoachesPortalRegression-PartB","CoachesPortal.PatientDetails.PatientProfileDemographic","CoachesPortal.PatientDetails.PatientProfileDemographic","verifyContactDetails","test1 > Given I am logged in as customer admin, verifyContactDetails","test1 > Given I am logged in as customer admin, verifyContactDetails"
"broken","Wed Dec 10 22:05:02 UTC 2025","Wed Dec 10 22:05:03 UTC 2025","328","HabitNuCoachPortalSuite","DifferentTypeOfDashboards","CoachesPortal.CohortLevelDashboard.OnlineCohortDashboard","CoachesPortal.CohortLevelDashboard.OnlineCohortDashboard","foodCategory_check_with_pastWeek","test1 > Given I am logged in as customer admin, I am validating online cohort 'foodCategoryGraph - foodCategory_check_with_pastWeek","test1 > Given I am logged in as customer admin, I am validating online cohort 'foodCategoryGraph - foodCategory_check_with_pastWeek"
"passed","Wed Dec 10 21:44:45 UTC 2025","Wed Dec 10 21:44:46 UTC 2025","771","HabitNuCoachPortalSuite","GroupDPPClassPlanner","CoachesPortal.ClassPlanner","CoachesPortal.ClassPlanner","case4","create multiple lists",""
"passed","Wed Dec 10 22:21:45 UTC 2025","Wed Dec 10 22:22:27 UTC 2025","42355","HabitNuCoachPortalSuite","DifferentTypeOfDashboards","CoachesPortal.CohortLevelDashboard.ParticipantsProgressTracker","CoachesPortal.CohortLevelDashboard.ParticipantsProgressTracker","test5_Actions_Options","And user is able to select the Actions options.",""
"passed","Wed Dec 10 21:40:27 UTC 2025","Wed Dec 10 21:40:28 UTC 2025","1393","HabitNuCoachPortalSuite","LoginPageCases","CoachesPortal.LoginPageCases","CoachesPortal.LoginPageCases","testRestpasswordCase3","validate users be able to reset password, while doing so entering passwords that do not match with previous ones",""
"passed","Wed Dec 10 21:46:43 UTC 2025","Wed Dec 10 21:46:51 UTC 2025","7779","HabitNuCoachPortalSuite","GeneralContent","CoachesPortal.generalContent_WEb_Coaches","CoachesPortal.generalContent_WEb_Coaches","case10","Main Page",""
"passed","Wed Dec 10 21:13:18 UTC 2025","Wed Dec 10 21:13:18 UTC 2025","38","HabitNuCoachPortalSuite","HabitNuCoachesPortalRegression-PartB","CoachesPortal.PatientDetails.PatientProfileDemographic","CoachesPortal.PatientDetails.PatientProfileDemographic","verifyAddressDetails","test1 > Given I am logged in as coach, verifyAddressDetails","test1 > Given I am logged in as coach, verifyAddressDetails"
"passed","Wed Dec 10 21:00:51 UTC 2025","Wed Dec 10 21:00:53 UTC 2025","2134","HabitNuCoachPortalSuite","HabitNuCoachesPortalRegression-PartA","CoachesPortal.DiscussionForumPage","CoachesPortal.DiscussionForumPage","case26","test1 > Given I am logged in as customerAdmin, I am validating UnPin The post","test1 > Given I am logged in as customerAdmin, I am validating UnPin The post"
"passed","Wed Dec 10 21:47:05 UTC 2025","Wed Dec 10 21:47:16 UTC 2025","11237","HabitNuCoachPortalSuite","GeneralContent","CoachesPortal.generalContent_WEb_Coaches","CoachesPortal.generalContent_WEb_Coaches","deleteGroup","Deleting Groups",""
"passed","Wed Dec 10 21:18:42 UTC 2025","Wed Dec 10 21:18:48 UTC 2025","5631","HabitNuCoachPortalSuite","HabitNuCoachesPortalRegression-PartB","CoachesPortal.PatientDetails.UserActivitiesBloodSugar","CoachesPortal.PatientDetails.UserActivitiesBloodSugar","verifyreadingTimeRequired","Verify reading time required",""
"failed","Wed Dec 10 22:05:48 UTC 2025","Wed Dec 10 22:05:48 UTC 2025","223","HabitNuCoachPortalSuite","DifferentTypeOfDashboards","CoachesPortal.CohortLevelDashboard.OnsiteCohortDashboard","CoachesPortal.CohortLevelDashboard.OnsiteCohortDashboard","male_female_card_withUdate_to_male","test1 > Given I am logged in as customer admin, I am validating onsite cohort 'dashboard-card=male_female_card_withUdate_to_male","test1 > Given I am logged in as customer admin, I am validating onsite cohort 'dashboard-card=male_female_card_withUdate_to_male"
"broken","Wed Dec 10 22:02:05 UTC 2025","Wed Dec 10 22:02:48 UTC 2025","42394","HabitNuCoachPortalSuite","DifferentTypeOfDashboards","CoachesPortal.CohortLevelDashboard.OnlineCohortDashboard","CoachesPortal.CohortLevelDashboard.OnlineCohortDashboard","latestHba1cGraph","test1 > Given I am logged in as coach, I am validating online cohort 'latestHba1cGraph","test1 > Given I am logged in as coach, I am validating online cohort 'latestHba1cGraph"
"passed","Wed Dec 10 21:55:40 UTC 2025","Wed Dec 10 21:55:44 UTC 2025","3998","HabitNuCoachPortalSuite","UserDashboard","CoachesPortal.PatientDashboard","CoachesPortal.PatientDashboard","goToUserDashboard","test1 > Given I am logged in as coach, wehn I click on Participants module, Then I should be taken to users/participants list page, when I click on a user, Then I should be taken to user dashboard","coach login - clicking on scheduler should open the scheduler page in coaches portal"
"broken","Wed Dec 10 21:18:01 UTC 2025","Wed Dec 10 21:18:32 UTC 2025","30251","HabitNuCoachPortalSuite","HabitNuCoachesPortalRegression-PartB","CoachesPortal.PatientDetails.UserActivitiesBloodPressure","CoachesPortal.PatientDetails.UserActivitiesBloodPressure","verifyEditCurrentAndYesterdayBPDataInCoachesPortal","Verify current and yesterday edit BPdata in coaches portal and reflect in web portal",""
"passed","Wed Dec 10 21:15:41 UTC 2025","Wed Dec 10 21:15:41 UTC 2025","74","HabitNuCoachPortalSuite","HabitNuCoachesPortalRegression-PartB","CoachesPortal.PatientDetails.PatientProfileDemographic","CoachesPortal.PatientDetails.PatientProfileDemographic","testSelectBlindNo","test1 > Given I am logged in as customer admin, testSelectBlindNo","test1 > Given I am logged in as customer admin, testSelectBlindNo"
"passed","Wed Dec 10 21:56:17 UTC 2025","Wed Dec 10 21:56:17 UTC 2025","13","HabitNuCoachPortalSuite","UserDashboard","CoachesPortal.PatientDashboard","CoachesPortal.PatientDashboard","patientWeeklyStatus_GroupClasses","test10 > Given I am logged in as coach, when I am on adding groupInteraction from user Interaction tab, Then I should be able to see added interaction count==1 under patientWeeklyStatus_GroupClasses","coach login - user/patient/partcipant dashboard validation"
"passed","Wed Dec 10 21:49:00 UTC 2025","Wed Dec 10 21:49:11 UTC 2025","10608","HabitNuCoachPortalSuite","Milestones","CoachesPortal.VAMilestone","CoachesPortal.VAMilestone","test11_validating_VAHeaders_data","And user is validating to VAHeaders data by clicking arrow button",""
"passed","Wed Dec 10 21:06:06 UTC 2025","Wed Dec 10 21:06:07 UTC 2025","373","HabitNuCoachPortalSuite","HabitNuCoachesPortalRegression-PartB","CoachesPortal.OnsiteUsersListDashboard","CoachesPortal.OnsiteUsersListDashboard","case7","test1 > Given I am logged in as coach, Form Survey for cohort- Check for options displayed.","test1 > Given I am logged in as coach, Form Survey for cohort- Check for options displayed."
"passed","Wed Dec 10 21:03:29 UTC 2025","Wed Dec 10 21:03:31 UTC 2025","1266","HabitNuCoachPortalSuite","HabitNuCoachesPortalRegression-PartA","CoachesPortal.DirectMessage","CoachesPortal.DirectMessage","searchParticipantByEmail","Search by firstname > It should display the participant by email",""
"passed","Wed Dec 10 21:14:13 UTC 2025","Wed Dec 10 21:14:13 UTC 2025","41","HabitNuCoachPortalSuite","HabitNuCoachesPortalRegression-PartB","CoachesPortal.PatientDetails.PatientProfileDemographic","CoachesPortal.PatientDetails.PatientProfileDemographic","verifyBaselineHealthData","test1 > Given I am logged in as coach, verifyBaselineHealthData","test1 > Given I am logged in as coach, verifyBaselineHealthData"
"broken","Wed Dec 10 21:57:36 UTC 2025","Wed Dec 10 21:57:59 UTC 2025","22948","HabitNuCoachPortalSuite","FeatureFlags","CoachesPortal.FeatureFlags","CoachesPortal.FeatureFlags","test14_addrulesforpartner","And user is able to add the rule for partner level",""
"passed","Wed Dec 10 21:37:21 UTC 2025","Wed Dec 10 21:37:22 UTC 2025","127","HabitNuCoachPortalSuite","ProjectPowerDashboard","CoachesPortal.ProjectPowerDashboard","CoachesPortal.ProjectPowerDashboard","verifyCumulative_EnrollmentGraphPresence","It should display the graph of enrollment of participants on monthly basis",""
"passed","Wed Dec 10 21:15:42 UTC 2025","Wed Dec 10 21:15:42 UTC 2025","64","HabitNuCoachPortalSuite","HabitNuCoachesPortalRegression-PartB","CoachesPortal.PatientDetails.PatientProfileDemographic","CoachesPortal.PatientDetails.PatientProfileDemographic","testSelectEmotionalYes","test1 > Given I am logged in as customer admin, testSelectEmotionalYes","test1 > Given I am logged in as customer admin, testSelectEmotionalYes"
"passed","Wed Dec 10 21:37:41 UTC 2025","Wed Dec 10 21:38:18 UTC 2025","36948","HabitNuCoachPortalSuite","ProjectPowerDashboard","CoachesPortal.ProjectPowerDashboard","CoachesPortal.ProjectPowerDashboard","verifyM1GraphwithfilterAsAllTime","verifyM1GraphwithfilterAsAllTime",""
"passed","Wed Dec 10 21:15:39 UTC 2025","Wed Dec 10 21:15:41 UTC 2025","2187","HabitNuCoachPortalSuite","HabitNuCoachesPortalRegression-PartB","CoachesPortal.PatientDetails.PatientProfileDemographic","CoachesPortal.PatientDetails.PatientProfileDemographic","updateAndVerifyOtherDetails","test1 > Given I am logged in as customer admin, updateAndVerifyOtherDetails","test1 > Given I am logged in as customer admin, updateAndVerifyOtherDetails"
"passed","Wed Dec 10 21:00:45 UTC 2025","Wed Dec 10 21:00:51 UTC 2025","5825","HabitNuCoachPortalSuite","HabitNuCoachesPortalRegression-PartA","CoachesPortal.DiscussionForumPage","CoachesPortal.DiscussionForumPage","case25","test1 > Given I am logged in as customerAdmin, I am validating Comment on pinned post.","test1 > Given I am logged in as customerAdmin, I am validating Comment on pinned post."
"passed","Wed Dec 10 21:37:17 UTC 2025","Wed Dec 10 21:37:21 UTC 2025","4215","HabitNuCoachPortalSuite","ProjectPowerDashboard","CoachesPortal.ProjectPowerDashboard","CoachesPortal.ProjectPowerDashboard","accessDirectMessageModule","go to coaches portal - Project Power",""
"passed","Wed Dec 10 21:52:19 UTC 2025","Wed Dec 10 21:52:26 UTC 2025","7204","HabitNuCoachPortalSuite","UserDashboard","CoachesPortal.PatientDashboard","CoachesPortal.PatientDashboard","foodLog","test12 > Given I am logged in as admin, when I am on adding Meal by logging into user app, Then I should be able to see added Meal data on FoodLog graph","admin login - user/patient/partcipant dashboard validation"
"passed","Wed Dec 10 22:07:34 UTC 2025","Wed Dec 10 22:07:41 UTC 2025","6933","HabitNuCoachPortalSuite","DifferentTypeOfDashboards","CoachesPortal.CohortLevelDashboard.OnsiteCohortDashboard","CoachesPortal.CohortLevelDashboard.OnsiteCohortDashboard","case7","test1 > Given I am logged in as coach, I am validating onsite cohort 'Weight Loss By Participants validation on graph with ALL option, when user adds weightt","test1 > Given I am logged in as coach, I am validating onsite cohort 'Weight Loss By Participants validation on graph with ALL option, when user adds weightt"
"passed","Wed Dec 10 21:14:22 UTC 2025","Wed Dec 10 21:14:22 UTC 2025","64","HabitNuCoachPortalSuite","HabitNuCoachesPortalRegression-PartB","CoachesPortal.PatientDetails.PatientProfileDemographic","CoachesPortal.PatientDetails.PatientProfileDemographic","testSelectDressingNo","test1 > Given I am logged in as coach, testSelectDressingNo","test1 > Given I am logged in as coach, testSelectDressingNo"
"passed","Wed Dec 10 21:40:58 UTC 2025","Wed Dec 10 21:40:58 UTC 2025","522","HabitNuCoachPortalSuite","LogClassSession","CoachesPortal.LogClassSection","CoachesPortal.LogClassSection","verify10DaysBackDateInLogClassSectionWithPatient","Add data in Log Class Section With Date 10 days back",""
"failed","Wed Dec 10 21:25:21 UTC 2025","Wed Dec 10 21:25:23 UTC 2025","1324","HabitNuCoachPortalSuite","Paywal","CoachesPortal.payWall","CoachesPortal.payWall","testVerifySyncStatusIsDisplayedOnPlanDetails","COP-T391: Verify Sync Status is displayed on the Plan Details page",""
"passed","Wed Dec 10 21:45:27 UTC 2025","Wed Dec 10 21:45:36 UTC 2025","8085","HabitNuCoachPortalSuite","GroupDPPClassPlanner","CoachesPortal.ClassPlanner","CoachesPortal.ClassPlanner","case26","Edit (lock)button of class planner in cohort by editing card from user dashboard",""
"passed","Wed Dec 10 20:47:38 UTC 2025","Wed Dec 10 20:47:45 UTC 2025","6819","HabitNuCoachPortalSuite","HabitNuCoachesPortalRegression-PartA","CoachesPortal.LearnModule.Learn","CoachesPortal.LearnModule.Learn","editCourseContent","edit course content",""
"passed","Wed Dec 10 21:15:51 UTC 2025","Wed Dec 10 21:16:00 UTC 2025","8681","HabitNuCoachPortalSuite","HabitNuCoachesPortalRegression-PartB","CoachesPortal.PatientDetails.PatientProfileDemographic","CoachesPortal.PatientDetails.PatientProfileDemographic","updateMiddleName","test1 > Given I am logged in as customer admin, Middle Name","test1 > Given I am logged in as customer admin, Middle Name"
"passed","Wed Dec 10 21:14:23 UTC 2025","Wed Dec 10 21:14:23 UTC 2025","6","HabitNuCoachPortalSuite","HabitNuCoachesPortalRegression-PartB","CoachesPortal.PatientDetails.PatientProfileDemographic","CoachesPortal.PatientDetails.PatientProfileDemographic","updateethnicity_race_info","test1 > Given I am logged in as coach, ethnicity_race_info","test1 > Given I am logged in as coach, ethnicity_race_info"
"passed","Wed Dec 10 21:40:38 UTC 2025","Wed Dec 10 21:40:38 UTC 2025","238","HabitNuCoachPortalSuite","LoginPageCases","CoachesPortal.LoginPageCases","CoachesPortal.LoginPageCases","case13","Coaches Portal Feedback URL -> Add valid email address -> Keep other fields empty -> Click on submit feedback",""
"broken","Wed Dec 10 22:06:52 UTC 2025","Wed Dec 10 22:06:52 UTC 2025","149","HabitNuCoachPortalSuite","DifferentTypeOfDashboards","CoachesPortal.CohortLevelDashboard.OnsiteCohortDashboard","CoachesPortal.CohortLevelDashboard.OnsiteCohortDashboard","foodCategory","test1 > Given I am logged in as customer admin, I am validating onsite cohort 'foodCategoryGraph","test1 > Given I am logged in as customer admin, I am validating onsite cohort 'foodCategoryGraph"
"passed","Wed Dec 10 21:40:13 UTC 2025","Wed Dec 10 21:40:13 UTC 2025","8","HabitNuCoachPortalSuite","ProjectPowerDashboard","CoachesPortal.ProjectPowerDashboard","CoachesPortal.ProjectPowerDashboard","verifyDemographicsParticipantCountByMarket","Demographics page - Participant Count by Market",""
"passed","Wed Dec 10 21:56:44 UTC 2025","Wed Dec 10 21:56:45 UTC 2025","814","HabitNuCoachPortalSuite","FeatureFlags","CoachesPortal.FeatureFlags","CoachesPortal.FeatureFlags","test6_validatingfeatureflags","And user is validating the Feature Flags section ",""
"passed","Wed Dec 10 21:26:54 UTC 2025","Wed Dec 10 21:26:58 UTC 2025","3396","HabitNuCoachPortalSuite","Paywal","CoachesPortal.payWall","CoachesPortal.payWall","testLinkPaymentPlantoProgram","COP-T406: Link Payment Plan to Program",""
"passed","Wed Dec 10 21:14:23 UTC 2025","Wed Dec 10 21:14:23 UTC 2025","9","HabitNuCoachPortalSuite","HabitNuCoachesPortalRegression-PartB","CoachesPortal.PatientDetails.PatientProfileDemographic","CoachesPortal.PatientDetails.PatientProfileDemographic","updateFirstName","test1 > Given I am logged in as coach, First Name","test1 > Given I am logged in as coach, First Name"
"broken","Wed Dec 10 21:06:45 UTC 2025","Wed Dec 10 21:07:06 UTC 2025","20637","HabitNuCoachPortalSuite","HabitNuCoachesPortalRegression-PartB","CoachesPortal.OnsiteUsersListDashboard","CoachesPortal.OnsiteUsersListDashboard","case14","test1 > Given I am logged in as coach, SDOH Risk Area flag test case.","test1 > Given I am logged in as coach, SDOH Risk Area flag test case."
"passed","Wed Dec 10 22:15:00 UTC 2025","Wed Dec 10 22:15:00 UTC 2025","143","HabitNuCoachPortalSuite","DifferentTypeOfDashboards","CoachesPortal.CohortLevelDashboard.DSMEDashboardCoachesPortal","CoachesPortal.CohortLevelDashboard.DSMEDashboardCoachesPortal","test19_verifyWeightByPatientsWithallPosibleActionsSelection","Verify Weight Loss by Patients dropdown card with possible options selected and verify it's selection",""
"passed","Wed Dec 10 20:50:11 UTC 2025","Wed Dec 10 20:50:16 UTC 2025","4783","HabitNuCoachPortalSuite","HabitNuCoachesPortalRegression-PartA","CoachesPortal.LearnModule.CustomerAdminCourseDocument","CoachesPortal.LearnModule.CustomerAdminCourseDocument","verifyVideoPublishCancelAndConfirm","Video Publish Cancel And Confirm",""
"passed","Wed Dec 10 21:42:33 UTC 2025","Wed Dec 10 21:42:50 UTC 2025","16508","HabitNuCoachPortalSuite","LogClassSession","CoachesPortal.LogClassSection","CoachesPortal.LogClassSection","verifyAddWeightAttendanceDateAndPAAndLF","Add weight,attendance date and PA And LF",""
"passed","Wed Dec 10 21:40:13 UTC 2025","Wed Dec 10 21:40:13 UTC 2025","17","HabitNuCoachPortalSuite","ProjectPowerDashboard","CoachesPortal.ProjectPowerDashboard","CoachesPortal.ProjectPowerDashboard","verifyDemographicsIRW","Demographics page - Initial Reported Weight",""
"passed","Wed Dec 10 21:03:27 UTC 2025","Wed Dec 10 21:03:28 UTC 2025","1250","HabitNuCoachPortalSuite","HabitNuCoachesPortalRegression-PartA","CoachesPortal.DirectMessage","CoachesPortal.DirectMessage","searchParticipantByFirstName","Search by firstname > It should display the participant by firstname",""
"passed","Wed Dec 10 21:05:05 UTC 2025","Wed Dec 10 21:05:08 UTC 2025","2998","HabitNuCoachPortalSuite","HabitNuCoachesPortalRegression-PartA","CoachesPortal.DirectMessage","CoachesPortal.DirectMessage","message_div_colorCode_afterMessageSent","Verify deleting message box",""
"passed","Wed Dec 10 21:56:43 UTC 2025","Wed Dec 10 21:56:43 UTC 2025","249","HabitNuCoachPortalSuite","FeatureFlags","CoachesPortal.FeatureFlags","CoachesPortal.FeatureFlags","test2_navigatingadmin","When user is navigating to Admin section ",""
"broken","Wed Dec 10 21:23:23 UTC 2025","Wed Dec 10 21:23:24 UTC 2025","198","HabitNuCoachPortalSuite","Scheduler","CoachesPortal.Schedular","CoachesPortal.Schedular","validateInteractionEntries_SessionName","test1 > Given I am logged in as coach, verify group interaction entries are made automatically when meet is attended for min of 1min > Validating field==SessionName","test1 > Given I am logged in as coach, verify group interaction entries are made automatically when meet is attended for min of 1min > Validating field==SessionName"
"passed","Wed Dec 10 21:37:33 UTC 2025","Wed Dec 10 21:37:41 UTC 2025","8285","HabitNuCoachPortalSuite","ProjectPowerDashboard","CoachesPortal.ProjectPowerDashboard","CoachesPortal.ProjectPowerDashboard","verifyM1GraphwithfilterAs12months","verifyM1GraphwithfilterAs12months",""
"broken","Wed Dec 10 21:11:55 UTC 2025","Wed Dec 10 21:12:15 UTC 2025","20313","HabitNuCoachPortalSuite","HabitNuCoachesPortalRegression-PartB","CoachesPortal.OnsiteUsersListDashboard","CoachesPortal.OnsiteUsersListDashboard","case18","test1 > Given I am logged in as admin, Enter call details and then to profile section and check for the details saved.","test1 > Given I am logged in as admin, Enter call details and then to profile section and check for the details saved."
"passed","Wed Dec 10 22:08:06 UTC 2025","Wed Dec 10 22:08:07 UTC 2025","263","HabitNuCoachPortalSuite","DifferentTypeOfDashboards","CoachesPortal.CohortLevelDashboard.OnsiteCohortDashboard","CoachesPortal.CohortLevelDashboard.OnsiteCohortDashboard","AttendanceByparticipantsGraph","test1 > Given I am logged in as coach, I am validating onsite cohort 'AttendanceByparticipantsGraph","test1 > Given I am logged in as coach, I am validating onsite cohort 'AttendanceByparticipantsGraph"
"passed","Wed Dec 10 21:41:55 UTC 2025","Wed Dec 10 21:42:01 UTC 2025","5651","HabitNuCoachPortalSuite","LogClassSession","CoachesPortal.LogClassSection","CoachesPortal.LogClassSection","verifyMaxValueinWeightNotAllowed","entering 1000 Value in weight should limit to 3 chars which is 100",""
"skipped","Wed Dec 10 21:12:20 UTC 2025","Wed Dec 10 21:12:20 UTC 2025","0","HabitNuCoachPortalSuite","HabitNuCoachesPortalRegression-PartB","CoachesPortal.OnsiteUsersListDashboard","CoachesPortal.OnsiteUsersListDashboard","verifyConfirmed_By_CoachNo","test1 > Given I am logged in as customerAdmin, verifyConfirmed_By_Coach is updated to TRUE when coach update to No from user profile","test1 > Given I am logged in as customerAdmin, verifyConfirmed_By_Coach is updated to TRUE when coach update to No from user profile"
"passed","Wed Dec 10 21:15:30 UTC 2025","Wed Dec 10 21:15:33 UTC 2025","2817","HabitNuCoachPortalSuite","HabitNuCoachesPortalRegression-PartB","CoachesPortal.PatientDetails.PatientProfileDemographic","CoachesPortal.PatientDetails.PatientProfileDemographic","updateAndVerifyCallDetails","test1 > Given I am logged in as customer admin, updateAndVerifyCallDetails","test1 > Given I am logged in as customer admin, updateAndVerifyCallDetails"
"passed","Wed Dec 10 21:00:36 UTC 2025","Wed Dec 10 21:00:41 UTC 2025","5862","HabitNuCoachPortalSuite","HabitNuCoachesPortalRegression-PartA","CoachesPortal.DiscussionForumPage","CoachesPortal.DiscussionForumPage","case20","test1 > Given I am logged in as customerAdmin, I am validating Edit Post- Upload File","test1 > Given I am logged in as customerAdmin, I am validating Edit Post- Upload File"
"passed","Wed Dec 10 21:16:44 UTC 2025","Wed Dec 10 21:16:53 UTC 2025","8671","HabitNuCoachPortalSuite","HabitNuCoachesPortalRegression-PartB","CoachesPortal.PatientDetails.PatientProfileDemographic","CoachesPortal.PatientDetails.PatientProfileDemographic","updateMaritalStatus","test1 > Given I am logged in as customer admin, Marital Status","test1 > Given I am logged in as customer admin, Marital Status"
"broken","Wed Dec 10 22:06:59 UTC 2025","Wed Dec 10 22:07:01 UTC 2025","2431","HabitNuCoachPortalSuite","DifferentTypeOfDashboards","CoachesPortal.CohortLevelDashboard.OnsiteCohortDashboard","CoachesPortal.CohortLevelDashboard.OnsiteCohortDashboard","foodCategory_check_with_pastday","test1 > Given I am logged in as customer admin, I am validating onsite cohort 'foodCategoryGraph - foodCategory_check_with_pastday","test1 > Given I am logged in as customer admin, I am validating onsite cohort 'foodCategoryGraph - foodCategory_check_with_pastday"
"broken","Wed Dec 10 20:40:25 UTC 2025","Wed Dec 10 20:40:36 UTC 2025","10668","HabitNuCoachPortalSuite","HabitNuCoachesPortalRegression-PartA","CoachesPortal.CohortLevelDashboard.CohortLevelDashboardPage","CoachesPortal.CohortLevelDashboard.CohortLevelDashboardPage","case2","Extract all graphs in outcomes page.",""
"passed","Wed Dec 10 20:52:06 UTC 2025","Wed Dec 10 20:52:12 UTC 2025","5811","HabitNuCoachPortalSuite","HabitNuCoachesPortalRegression-PartA","CoachesPortal.DiscussionForumPage","CoachesPortal.DiscussionForumPage","case25","test1 > Given I am logged in as coach, I am validating Comment on pinned post.","test1 > Given I am logged in as coach, I am validating Comment on pinned post."
"passed","Wed Dec 10 21:00:18 UTC 2025","Wed Dec 10 21:00:33 UTC 2025","15272","HabitNuCoachPortalSuite","HabitNuCoachesPortalRegression-PartA","CoachesPortal.DiscussionForumPage","CoachesPortal.DiscussionForumPage","case17","test1 > Given I am logged in as customerAdmin, I am validating Upload more than 5 files.- Error.","test1 > Given I am logged in as customerAdmin, I am validating Upload more than 5 files.- Error"
"broken","Wed Dec 10 21:11:09 UTC 2025","Wed Dec 10 21:11:35 UTC 2025","25723","HabitNuCoachPortalSuite","HabitNuCoachesPortalRegression-PartB","CoachesPortal.OnsiteUsersListDashboard","CoachesPortal.OnsiteUsersListDashboard","case16","test1 > Given I am logged in as admin, Click on headphone icon- check for Pop up.","test1 > Given I am logged in as admin, Click on headphone icon- check for Pop up."
"broken","Wed Dec 10 21:23:17 UTC 2025","Wed Dec 10 21:23:23 UTC 2025","5980","HabitNuCoachPortalSuite","Scheduler","CoachesPortal.Schedular","CoachesPortal.Schedular","validateInteractionEntries_InteractionOn","test1 > Given I am logged in as coach, verify group interaction entries are made automatically when meet is attended for min of 1min > Validating field==InteractionOn","test1 > Given I am logged in as coach, verify group interaction entries are made automatically when meet is attended for min of 1min > Validating field==InteractionOn"
"passed","Wed Dec 10 21:22:05 UTC 2025","Wed Dec 10 21:22:17 UTC 2025","12004","HabitNuCoachPortalSuite","Scheduler","CoachesPortal.Schedular","CoachesPortal.Schedular","createAppointment","test3 >  Given I am logged in as coach, and on create appointment page, When I fill in all the required details, Then I should be able to save the appointment","coach login - User should be able to create and save appointment"
"broken","Wed Dec 10 21:23:23 UTC 2025","Wed Dec 10 21:23:23 UTC 2025","255","HabitNuCoachPortalSuite","Scheduler","CoachesPortal.Schedular","CoachesPortal.Schedular","validateInteractionEntries_Interaction_Type","test1 > Given I am logged in as coach, verify group interaction entries are made automatically when meet is attended for min of 1min > Validating field==Interaction_Typ","test1 > Given I am logged in as coach, verify group interaction entries are made automatically when meet is attended for min of 1min > Validating field==Interaction_Typ"
"passed","Wed Dec 10 21:24:41 UTC 2025","Wed Dec 10 21:25:07 UTC 2025","25465","HabitNuCoachPortalSuite","Paywal","CoachesPortal.payWall","CoachesPortal.payWall","validatePaywallPage","Navigate to Paywall and validate header tabs",""
"broken","Wed Dec 10 21:23:24 UTC 2025","Wed Dec 10 21:23:24 UTC 2025","167","HabitNuCoachPortalSuite","Scheduler","CoachesPortal.Schedular","CoachesPortal.Schedular","validateInteractionEntries_UpdatedAt","test1 > Given I am logged in as coach, verify group interaction entries are made automatically when meet is attended for min of 1min > Validating field==UpdatedAt","test1 > Given I am logged in as coach, verify group interaction entries are made automatically when meet is attended for min of 1min > Validating field==UpdatedAt"
"broken","Wed Dec 10 22:08:49 UTC 2025","Wed Dec 10 22:08:49 UTC 2025","160","HabitNuCoachPortalSuite","DifferentTypeOfDashboards","CoachesPortal.CohortLevelDashboard.OnsiteCohortDashboard","CoachesPortal.CohortLevelDashboard.OnsiteCohortDashboard","foodCategory_chart_validation","test1 > Given I am logged in as coach, I am validating onsite cohort 'foodCategoryGraph - validation2","test1 > Given I am logged in as coach, I am validating onsite cohort 'foodCategoryGraph - validation2"
"passed","Wed Dec 10 21:10:15 UTC 2025","Wed Dec 10 21:10:25 UTC 2025","10065","HabitNuCoachPortalSuite","HabitNuCoachesPortalRegression-PartB","CoachesPortal.OnsiteUsersListDashboard","CoachesPortal.OnsiteUsersListDashboard","case10","test1 > Given I am logged in as admin, Choose Cohort which does not have form- multiple_classes_ofChild.","test1 > Given I am logged in as admin, Choose Cohort which does not have form- multiple_classes_ofChild."
"passed","Wed Dec 10 21:44:44 UTC 2025","Wed Dec 10 21:44:45 UTC 2025","702","HabitNuCoachPortalSuite","GroupDPPClassPlanner","CoachesPortal.ClassPlanner","CoachesPortal.ClassPlanner","case2","It should have an Activate button, Add List, and Show Archived.",""
"passed","Wed Dec 10 21:44:52 UTC 2025","Wed Dec 10 21:44:53 UTC 2025","788","HabitNuCoachPortalSuite","GroupDPPClassPlanner","CoachesPortal.ClassPlanner","CoachesPortal.ClassPlanner","case14","Archive the TEXT Created card",""
"passed","Wed Dec 10 21:37:21 UTC 2025","Wed Dec 10 21:37:21 UTC 2025","15","HabitNuCoachPortalSuite","ProjectPowerDashboard","CoachesPortal.ProjectPowerDashboard","CoachesPortal.ProjectPowerDashboard","verifyLEADS","go to coaches portal - Project Power-verify Leads",""
"passed","Wed Dec 10 21:29:37 UTC 2025","Wed Dec 10 21:30:03 UTC 2025","26427","HabitNuCoachPortalSuite","Paywal","CoachesPortal.payWall","CoachesPortal.payWall","testMultiplePlansLinkedToProgram","COP-T412: Validate multiple plans linked to a program",""
"skipped","Wed Dec 10 21:12:19 UTC 2025","Wed Dec 10 21:12:19 UTC 2025","0","HabitNuCoachPortalSuite","HabitNuCoachesPortalRegression-PartB","CoachesPortal.OnsiteUsersListDashboard","CoachesPortal.OnsiteUsersListDashboard","case42","test1 > Given I am logged in as customerAdmin, disenroll user validation - on CANCEL check","test1 > Given I am logged in as customerAdmin, disenroll user validation - on CANCEL check"
"passed","Wed Dec 10 20:49:18 UTC 2025","Wed Dec 10 20:49:22 UTC 2025","3854","HabitNuCoachPortalSuite","HabitNuCoachesPortalRegression-PartA","CoachesPortal.LearnModule.CustomerAdminCourseDocument","CoachesPortal.LearnModule.CustomerAdminCourseDocument","verifyDocumentPublishCancelAndConfirm","Document Publish Cancel And Confirm",""
"passed","Wed Dec 10 21:56:44 UTC 2025","Wed Dec 10 21:56:44 UTC 2025","117","HabitNuCoachPortalSuite","FeatureFlags","CoachesPortal.FeatureFlags","CoachesPortal.FeatureFlags","test5_navigatingfeatureflags","And user is navigating to Feature Flags section ",""
"passed","Wed Dec 10 22:23:12 UTC 2025","Wed Dec 10 22:23:18 UTC 2025","6830","HabitNuCoachPortalSuite","DifferentTypeOfCohorts","CoachesPortal.liteCohorts","CoachesPortal.liteCohorts","case1","test1 > Given I am logged in as admin, I am validating Lite cohorts modules","test1 > Given I am logged in as admin, I am validating Lite cohorts modules, where cohort's Program type=NDPP, Delivery type=Online"
"broken","Wed Dec 10 21:45:38 UTC 2025","Wed Dec 10 21:45:40 UTC 2025","1326","HabitNuCoachPortalSuite","GroupDPPClassPlanner","CoachesPortal.ClassPlanner","CoachesPortal.ClassPlanner","case31","Login to coach portal -> select the cohort -> Class planner -> Click on Edit (pencil) button -> add the participant -> Done",""
"failed","Wed Dec 10 22:04:55 UTC 2025","Wed Dec 10 22:04:57 UTC 2025","2149","HabitNuCoachPortalSuite","DifferentTypeOfDashboards","CoachesPortal.CohortLevelDashboard.OnlineCohortDashboard","CoachesPortal.CohortLevelDashboard.OnlineCohortDashboard","foodCategory_protein_contentValidation","test1 > Given I am logged in as customer admin, I am validating online cohort 'foodCategoryGraph - foodCategory_protein_contentValidation","test1 > Given I am logged in as customer admin, I am validating online cohort 'foodCategoryGraph - foodCategory_protein_contentValidation"
"passed","Wed Dec 10 21:12:19 UTC 2025","Wed Dec 10 21:12:19 UTC 2025","332","HabitNuCoachPortalSuite","HabitNuCoachesPortalRegression-PartB","CoachesPortal.OnsiteUsersListDashboard","CoachesPortal.OnsiteUsersListDashboard","case23","test1 > Given I am logged in as admin, Action- Request Form Survey.","test1 > Given I am logged in as admin, Action- Request Form Survey."
"passed","Wed Dec 10 21:37:21 UTC 2025","Wed Dec 10 21:37:21 UTC 2025","10","HabitNuCoachPortalSuite","ProjectPowerDashboard","CoachesPortal.ProjectPowerDashboard","CoachesPortal.ProjectPowerDashboard","verifyACTIVE_IN_PHASE_2","go to coaches portal - Project Power-verify ACTIVE IN PHASE 2 users",""
"failed","Wed Dec 10 21:30:03 UTC 2025","Wed Dec 10 21:30:34 UTC 2025","30470","HabitNuCoachPortalSuite","Paywal","CoachesPortal.payWall","CoachesPortal.payWall","testProgramPlanReordering","COP-T420-T423: Verify reordering plans and validate persistence",""
"skipped","Wed Dec 10 21:12:19 UTC 2025","Wed Dec 10 21:12:19 UTC 2025","228","HabitNuCoachPortalSuite","HabitNuCoachesPortalRegression-PartB","CoachesPortal.OnsiteUsersListDashboard","CoachesPortal.OnsiteUsersListDashboard","case29","test1 > Given I am logged in as customerAdmin, Given I am logged in as customerAdmin, validate userList as customerAdmin","test1 > Given I am logged in as customerAdmin, Given I am logged in as customerAdmin, validate userList as customerAdmin"
"broken","Wed Dec 10 21:21:12 UTC 2025","Wed Dec 10 21:21:33 UTC 2025","20516","HabitNuCoachPortalSuite","HabitNuCoachesPortalRegression-PartB","CoachesPortal.PatientDetails.PatientsProfileAllergies","CoachesPortal.PatientDetails.PatientsProfileAllergies","editMedication","edit allergy for Ethylen",""
"passed","Wed Dec 10 22:23:18 UTC 2025","Wed Dec 10 22:23:20 UTC 2025","1957","HabitNuCoachPortalSuite","DifferentTypeOfCohorts","CoachesPortal.liteCohorts","CoachesPortal.liteCohorts","case2","test1 > Given I am logged in as admin, I am validating Lite cohorts modules","test1 > Given I am logged in as admin, I am validating Lite cohorts modules, where cohort's Program type=NDPP, Delivery type=Onsite"
"failed","Wed Dec 10 20:44:52 UTC 2025","Wed Dec 10 20:45:00 UTC 2025","7128","HabitNuCoachPortalSuite","HabitNuCoachesPortalRegression-PartA","CoachesPortal.LearnModule.Learn","CoachesPortal.LearnModule.Learn","verifyFromCoachesEndAfterUserWatchesCourse","verify from coaches portal",""
"passed","Wed Dec 10 21:56:45 UTC 2025","Wed Dec 10 21:56:45 UTC 2025","120","HabitNuCoachPortalSuite","FeatureFlags","CoachesPortal.FeatureFlags","CoachesPortal.FeatureFlags","test7_navigatingflag","And user is able to navigating the flag details section",""
"passed","Wed Dec 10 22:08:59 UTC 2025","Wed Dec 10 22:09:03 UTC 2025","4305","HabitNuCoachPortalSuite","DifferentTypeOfDashboards","CoachesPortal.CohortLevelDashboard.DSMEDashboardCoachesPortal","CoachesPortal.CohortLevelDashboard.DSMEDashboardCoachesPortal","test1_Navigating","Given user is navigating to coaches portal",""
"passed","Wed Dec 10 21:37:21 UTC 2025","Wed Dec 10 21:37:21 UTC 2025","10","HabitNuCoachPortalSuite","ProjectPowerDashboard","CoachesPortal.ProjectPowerDashboard","CoachesPortal.ProjectPowerDashboard","verifyM4","It should display total number of participants who have completed the Post survey",""
"passed","Wed Dec 10 20:52:14 UTC 2025","Wed Dec 10 20:54:31 UTC 2025","136556","HabitNuCoachPortalSuite","HabitNuCoachesPortalRegression-PartA","CoachesPortal.DiscussionForumPage","CoachesPortal.DiscussionForumPage","case27","test1 > Given I am logged in as coach, I am validating add max number of pinned posts(20).","test1 > Given I am logged in as coach, I am validating add max number of pinned posts(20)."
"broken","Wed Dec 10 20:42:39 UTC 2025","Wed Dec 10 20:42:49 UTC 2025","10624","HabitNuCoachPortalSuite","HabitNuCoachesPortalRegression-PartA","CoachesPortal.CohortLevelDashboard.CohortLevelDashboardPage","CoachesPortal.CohortLevelDashboard.CohortLevelDashboardPage","case21","Demographics page- Ethinicity, Payer type and Racial Breakdown should be displayed.",""
"passed","Wed Dec 10 20:59:08 UTC 2025","Wed Dec 10 20:59:09 UTC 2025","1037","HabitNuCoachPortalSuite","HabitNuCoachesPortalRegression-PartA","CoachesPortal.DiscussionForumPage","CoachesPortal.DiscussionForumPage","case2","test1 > Given I am logged in as customerAdmin, I am validating Discussions- All elements check","test1 > Given I am logged in as customerAdmin, I am validating Discussions- All elements check"
"passed","Wed Dec 10 22:07:54 UTC 2025","Wed Dec 10 22:07:59 UTC 2025","5437","HabitNuCoachPortalSuite","DifferentTypeOfDashboards","CoachesPortal.CohortLevelDashboard.OnsiteCohortDashboard","CoachesPortal.CohortLevelDashboard.OnsiteCohortDashboard","activeParticipants","test1 > Given I am logged in as coach, I am validating onsite cohort 'dashboard-card=activeParticipants","test1 > Given I am logged in as coach, I am validating onsite cohort 'dashboard-card=activeParticipants"
"passed","Wed Dec 10 21:03:36 UTC 2025","Wed Dec 10 21:03:36 UTC 2025","166","HabitNuCoachPortalSuite","HabitNuCoachesPortalRegression-PartA","CoachesPortal.DirectMessage","CoachesPortal.DirectMessage","sendMessageToPatient_1","send a message to participant",""
"passed","Wed Dec 10 21:40:41 UTC 2025","Wed Dec 10 21:40:44 UTC 2025","3446","HabitNuCoachPortalSuite","LoginPageCases","CoachesPortal.LoginPageCases","CoachesPortal.LoginPageCases","testClickOnForgetPasswordLink","validate forget-password link button",""
"passed","Wed Dec 10 21:24:39 UTC 2025","Wed Dec 10 21:24:39 UTC 2025","0","HabitNuCoachPortalSuite","Scheduler","CoachesPortal.Schedular","CoachesPortal.Schedular","validateInteractionEntries_Claimed","test1 > Given I am logged in as admin, verify group interaction entries are made automatically when meet is attended for min of 1min > Validating field==Claimed","test1 > Given I am logged in as admin, verify group interaction entries are made automatically when meet is attended for min of 1min > Validating field==Claimed"
"passed","Wed Dec 10 21:14:10 UTC 2025","Wed Dec 10 21:14:10 UTC 2025","48","HabitNuCoachPortalSuite","HabitNuCoachesPortalRegression-PartB","CoachesPortal.PatientDetails.PatientProfileDemographic","CoachesPortal.PatientDetails.PatientProfileDemographic","verifyCallDetails","test1 > Given I am logged in as coach, verifyCallDetails","test1 > Given I am logged in as coach, verifyCallDetails"
"passed","Wed Dec 10 21:45:54 UTC 2025","Wed Dec 10 21:45:56 UTC 2025","2338","HabitNuCoachPortalSuite","GeneralContent","CoachesPortal.generalContent_WEb_Coaches","CoachesPortal.generalContent_WEb_Coaches","case3","Creating tags for Food",""
"passed","Wed Dec 10 20:59:43 UTC 2025","Wed Dec 10 20:59:48 UTC 2025","4186","HabitNuCoachPortalSuite","HabitNuCoachesPortalRegression-PartA","CoachesPortal.DiscussionForumPage","CoachesPortal.DiscussionForumPage","case14","test1 > Given I am logged in as customerAdmin, I am validating File upload-error ","test1 > Given I am logged in as customerAdmin, I am validating File upload-error "
"passed","Wed Dec 10 21:46:35 UTC 2025","Wed Dec 10 21:46:35 UTC 2025","160","HabitNuCoachPortalSuite","GeneralContent","CoachesPortal.generalContent_WEb_Coaches","CoachesPortal.generalContent_WEb_Coaches","printGroupDetails","Printing Group Details",""
"passed","Wed Dec 10 21:12:36 UTC 2025","Wed Dec 10 21:12:51 UTC 2025","15026","HabitNuCoachPortalSuite","HabitNuCoachesPortalRegression-PartB","CoachesPortal.PatientDetails.CommunicationLogsCoachesPortal","CoachesPortal.PatientDetails.CommunicationLogsCoachesPortal","verifyDMonWebApp","Verify message on web app by Patient",""
"broken","Wed Dec 10 20:42:08 UTC 2025","Wed Dec 10 20:42:23 UTC 2025","15498","HabitNuCoachPortalSuite","HabitNuCoachesPortalRegression-PartA","CoachesPortal.CohortLevelDashboard.CohortLevelDashboardPage","CoachesPortal.CohortLevelDashboard.CohortLevelDashboardPage","case19","Latest HbA1c of participant- graph.",""
"broken","Wed Dec 10 21:07:06 UTC 2025","Wed Dec 10 21:07:07 UTC 2025","1263","HabitNuCoachPortalSuite","HabitNuCoachesPortalRegression-PartB","CoachesPortal.OnsiteUsersListDashboard","CoachesPortal.OnsiteUsersListDashboard","case15","test1 > Given I am logged in as coach, Click on a user and check whether its navigating to the dashboard.","test1 > Given I am logged in as coach, Click on a user and check whether its navigating to the dashboard."
"failed","Wed Dec 10 21:13:03 UTC 2025","Wed Dec 10 21:13:04 UTC 2025","497","HabitNuCoachPortalSuite","HabitNuCoachesPortalRegression-PartB","CoachesPortal.PatientDetails.PatientProfileDemographic","CoachesPortal.PatientDetails.PatientProfileDemographic","verifyConfirmed_By_CoachNo","test1 > Given I am logged in as coach, verifyConfirmed_By_Coach by clicking on No","test1 > Given I am logged in as coach, verifyConfirmed_By_Coach by clicking on No"
"passed","Wed Dec 10 21:56:17 UTC 2025","Wed Dec 10 21:56:17 UTC 2025","13","HabitNuCoachPortalSuite","UserDashboard","CoachesPortal.PatientDashboard","CoachesPortal.PatientDashboard","patientWeeklyStatus_CoachInteractions","test9 > Given I am logged in as coach, wehn I am on adding coachInteraction from user Interaction tab, Then I should be able to see added interaction count==1 under patientWeeklyStatus_CoachInteractions","coach login - user/patient/partcipant dashboard validation"
"passed","Wed Dec 10 21:13:22 UTC 2025","Wed Dec 10 21:13:22 UTC 2025","30","HabitNuCoachPortalSuite","HabitNuCoachesPortalRegression-PartB","CoachesPortal.PatientDetails.PatientProfileDemographic","CoachesPortal.PatientDetails.PatientProfileDemographic","verifyDisenrollmentDetails","test1 > Given I am logged in as coach, verifyDisenrollmentDetails","test1 > Given I am logged in as coach, verifyDisenrollmentDetails"
"broken","Wed Dec 10 21:13:23 UTC 2025","Wed Dec 10 21:13:39 UTC 2025","15706","HabitNuCoachPortalSuite","HabitNuCoachesPortalRegression-PartB","CoachesPortal.PatientDetails.PatientProfileDemographic","CoachesPortal.PatientDetails.PatientProfileDemographic","updateDisenrollmentDetails_with_onlyDisenrolledDateData","test1 > Given I am logged in as coach, try updating DisenrollmentDetails with only diseenrolledDate data","test1 > Given I am logged in as coach, try updating DisenrollmentDetails with only diseenrolledDate data"
"passed","Wed Dec 10 20:48:54 UTC 2025","Wed Dec 10 20:49:00 UTC 2025","6499","HabitNuCoachPortalSuite","HabitNuCoachesPortalRegression-PartA","CoachesPortal.LearnModule.CustomerAdminCourseDocument","CoachesPortal.LearnModule.CustomerAdminCourseDocument","verifyAddDocument","Add Document",""
"passed","Wed Dec 10 20:49:42 UTC 2025","Wed Dec 10 20:49:45 UTC 2025","2860","HabitNuCoachPortalSuite","HabitNuCoachesPortalRegression-PartA","CoachesPortal.LearnModule.CustomerAdminCourseDocument","CoachesPortal.LearnModule.CustomerAdminCourseDocument","verifyAddVideoUploadRequired","Add Video upload Required",""
"passed","Wed Dec 10 22:06:09 UTC 2025","Wed Dec 10 22:06:09 UTC 2025","132","HabitNuCoachPortalSuite","DifferentTypeOfDashboards","CoachesPortal.CohortLevelDashboard.OnsiteCohortDashboard","CoachesPortal.CohortLevelDashboard.OnsiteCohortDashboard","sessionAttendanceGraph","test1 > Given I am logged in as customer admin, I am validating onsite cohort 'sessionAttendanceGraph","test1 > Given I am logged in as customer admin, I am validating onsite cohort 'sessionAttendanceGraph"
"passed","Wed Dec 10 21:47:30 UTC 2025","Wed Dec 10 21:47:34 UTC 2025","4140","HabitNuCoachPortalSuite","Milestones","CoachesPortal.MilestoneModule.SoleraIBCorNDPP","CoachesPortal.MilestoneModule.SoleraIBCorNDPP","test1","Given I am logged into the coaches portal as an admin, When I select a non-DSME cohort, Then I should see the milestone module, And when I click on it, I should be navigated to the IBC/NDPP milestone section",""
"passed","Wed Dec 10 22:07:24 UTC 2025","Wed Dec 10 22:07:25 UTC 2025","756","HabitNuCoachPortalSuite","DifferentTypeOfDashboards","CoachesPortal.CohortLevelDashboard.OnsiteCohortDashboard","CoachesPortal.CohortLevelDashboard.OnsiteCohortDashboard","case6","test1 > Given I am logged in as coach, I am validating onsite cohort 'Weight Loss By Participants validation on graph with 'Added by user' option","test1 > Given I am logged in as coach, I am validating onsite cohort 'Weight Loss By Participants validation on graph with 'Added by user' option"
"passed","Wed Dec 10 21:40:38 UTC 2025","Wed Dec 10 21:40:38 UTC 2025","177","HabitNuCoachPortalSuite","LoginPageCases","CoachesPortal.LoginPageCases","CoachesPortal.LoginPageCases","case14","Coaches Portal Feedback URL -> Add subject-> Keep other fields empty -> Click on submit feedback",""
"passed","Wed Dec 10 20:59:13 UTC 2025","Wed Dec 10 20:59:14 UTC 2025","1181","HabitNuCoachPortalSuite","HabitNuCoachesPortalRegression-PartA","CoachesPortal.DiscussionForumPage","CoachesPortal.DiscussionForumPage","case9","test1 > Given I am logged in as customerAdmin, I am validating Post empty comment- error message.","test1 > Given I am logged in as customerAdmin, I am validating Post empty comment- error message."
"failed","Wed Dec 10 22:06:57 UTC 2025","Wed Dec 10 22:06:59 UTC 2025","2151","HabitNuCoachPortalSuite","DifferentTypeOfDashboards","CoachesPortal.CohortLevelDashboard.OnsiteCohortDashboard","CoachesPortal.CohortLevelDashboard.OnsiteCohortDashboard","foodCategory_fat_contentValidation","test1 > Given I am logged in as customer admin, I am validating onsite cohort 'foodCategoryGraph - foodCategory_fat_contentValidation","test1 > Given I am logged in as customer admin, I am validating onsite cohort 'foodCategoryGraph - foodCategory_fat_contentValidation"
"passed","Wed Dec 10 21:08:17 UTC 2025","Wed Dec 10 21:08:17 UTC 2025","297","HabitNuCoachPortalSuite","HabitNuCoachesPortalRegression-PartB","CoachesPortal.OnsiteUsersListDashboard","CoachesPortal.OnsiteUsersListDashboard","case22","test1 > Given I am logged in as coach, Actions- Request form survey and Reset password should be displayed.","test1 > Given I am logged in as coach, Actions- Request form survey and Reset password should be displayed."
"passed","Wed Dec 10 21:22:47 UTC 2025","Wed Dec 10 21:22:48 UTC 2025","490","HabitNuCoachPortalSuite","Scheduler","CoachesPortal.Schedular","CoachesPortal.Schedular","cancelMeeting","test8 >  Given I am logged in as coach, and on time slot page, When I click on created appointment, Then I should see Cancel meeting button, When I click on it, Then Should be able to cancel it","coach login - User should be able to cancel appointment"
"passed","Wed Dec 10 21:36:45 UTC 2025","Wed Dec 10 21:36:45 UTC 2025","418","HabitNuCoachPortalSuite","HabitNuCoachesPortalRegression-PartC","CoachesPortal.PatientDetails.PatientProfilePayerType","CoachesPortal.PatientDetails.PatientProfilePayerType","editPayerType","edit PayerType for Ethylen",""
"broken","Wed Dec 10 21:47:01 UTC 2025","Wed Dec 10 21:47:02 UTC 2025","929","HabitNuCoachPortalSuite","GeneralContent","CoachesPortal.generalContent_WEb_Coaches","CoachesPortal.generalContent_WEb_Coaches","case12","Verify Fitness Videos Details Consistency",""
"passed","Wed Dec 10 22:03:26 UTC 2025","Wed Dec 10 22:03:27 UTC 2025","1473","HabitNuCoachPortalSuite","DifferentTypeOfDashboards","CoachesPortal.CohortLevelDashboard.OnlineCohortDashboard","CoachesPortal.CohortLevelDashboard.OnlineCohortDashboard","case5","test1 > Given I am logged in as customer admin, I am validating online cohort 'Weight Loss By Participants validation on graph with 'Added by coach' option","test1 > Given I am logged in as customer admin, I am validating online cohort 'Weight Loss By Participants validation on graph with 'Added by coach' option"
"passed","Wed Dec 10 22:03:28 UTC 2025","Wed Dec 10 22:03:40 UTC 2025","11897","HabitNuCoachPortalSuite","DifferentTypeOfDashboards","CoachesPortal.CohortLevelDashboard.OnlineCohortDashboard","CoachesPortal.CohortLevelDashboard.OnlineCohortDashboard","fivePercentWeightLossCard_forUserWeight","test1 > Given I am logged in as customer admin, I am validating online cohort 'dashboard-card=fivePercentWeightLossCardCount, when user adds weight","test1 > Given I am logged in as customer admin, I am validating online cohort 'dashboard-card=fivePercentWeightLossCardCount, when user adds weight"
"passed","Wed Dec 10 20:45:36 UTC 2025","Wed Dec 10 20:45:51 UTC 2025","15584","HabitNuCoachPortalSuite","HabitNuCoachesPortalRegression-PartA","CoachesPortal.LearnModule.Learn","CoachesPortal.LearnModule.Learn","loginAsAdmin","No course configured for the program.",""
"passed","Wed Dec 10 22:05:14 UTC 2025","Wed Dec 10 22:05:19 UTC 2025","5490","HabitNuCoachPortalSuite","DifferentTypeOfDashboards","CoachesPortal.CohortLevelDashboard.OnsiteCohortDashboard","CoachesPortal.CohortLevelDashboard.OnsiteCohortDashboard","disenrolledCard","test1 > Given I am logged in as customer admin, I am validating onsite cohort 'dashboard-card=DisenrolledCount","test1 > Given I am logged in as customer admin, I am validating onsite cohort 'dashboard-card=DisenrolledCount"
"passed","Wed Dec 10 20:56:07 UTC 2025","Wed Dec 10 20:56:13 UTC 2025","5862","HabitNuCoachPortalSuite","HabitNuCoachesPortalRegression-PartA","CoachesPortal.DiscussionForumPage","CoachesPortal.DiscussionForumPage","case20","test1 > Given I am logged in as admin, I am validating Edit Post- Upload File","test1 > Given I am logged in as admin, I am validating Edit Post- Upload File"
"broken","Wed Dec 10 21:06:44 UTC 2025","Wed Dec 10 21:06:45 UTC 2025","1345","HabitNuCoachPortalSuite","HabitNuCoachesPortalRegression-PartB","CoachesPortal.OnsiteUsersListDashboard","CoachesPortal.OnsiteUsersListDashboard","case13","test1 > Given I am logged in as coach, Click on +, wait till all elements are displayed and then validate.","test1 > Given I am logged in as coach, Click on +, wait till all elements are displayed and then validate."
"passed","Wed Dec 10 21:56:44 UTC 2025","Wed Dec 10 21:56:44 UTC 2025","646","HabitNuCoachPortalSuite","FeatureFlags","CoachesPortal.FeatureFlags","CoachesPortal.FeatureFlags","test4_validatingadmin_defaultpage","When user is validating to Admin default section ",""
"passed","Wed Dec 10 22:05:28 UTC 2025","Wed Dec 10 22:05:40 UTC 2025","12539","HabitNuCoachPortalSuite","DifferentTypeOfDashboards","CoachesPortal.CohortLevelDashboard.OnsiteCohortDashboard","CoachesPortal.CohortLevelDashboard.OnsiteCohortDashboard","fivePercentWeightLossCard_forUserWeight","test1 > Given I am logged in as customer admin, I am validating onsite cohort 'dashboard-card=fivePercentWeightLossCardCount, when user adds weight","test1 > Given I am logged in as customer admin, I am validating onsite cohort 'dashboard-card=fivePercentWeightLossCardCount, when user adds weight"
"passed","Wed Dec 10 21:38:59 UTC 2025","Wed Dec 10 21:39:10 UTC 2025","10651","HabitNuCoachPortalSuite","ProjectPowerDashboard","CoachesPortal.ProjectPowerDashboard","CoachesPortal.ProjectPowerDashboard","verifyADAMilestoneFor12Months","All cohort dashboard for project power - ADA milestone trend - 12months",""
"passed","Wed Dec 10 21:15:20 UTC 2025","Wed Dec 10 21:15:30 UTC 2025","10517","HabitNuCoachPortalSuite","HabitNuCoachesPortalRegression-PartB","CoachesPortal.PatientDetails.PatientProfileDemographic","CoachesPortal.PatientDetails.PatientProfileDemographic","updateDisenrollmentDetails_with_DisenrolledCode_and_date","test1 > Given I am logged in as customer admin, try updating DisenrollmentDetails with only diseenrolledCode & Date","test1 > Given I am logged in as customer admin, try updating DisenrollmentDetails with only diseenrolledCode & Date"
"passed","Wed Dec 10 21:26:49 UTC 2025","Wed Dec 10 21:26:51 UTC 2025","1350","HabitNuCoachPortalSuite","Paywal","CoachesPortal.payWall","CoachesPortal.payWall","testFilterTransactions","COP-T400: Validate all transaction filters",""
"broken","Wed Dec 10 21:23:24 UTC 2025","Wed Dec 10 21:23:24 UTC 2025","182","HabitNuCoachPortalSuite","Scheduler","CoachesPortal.Schedular","CoachesPortal.Schedular","validateInteractionEntries_Claimed","test1 > Given I am logged in as coach, verify group interaction entries are made automatically when meet is attended for min of 1min > Validating field==Claimed","test1 > Given I am logged in as coach, verify group interaction entries are made automatically when meet is attended for min of 1min > Validating field==Claimed"
"passed","Wed Dec 10 21:48:34 UTC 2025","Wed Dec 10 21:48:35 UTC 2025","1800","HabitNuCoachPortalSuite","Milestones","CoachesPortal.VAMilestone","CoachesPortal.VAMilestone","test5_navigating_VAmilestone","And user is navigating to VA_Milestone",""
"passed","Wed Dec 10 21:40:58 UTC 2025","Wed Dec 10 21:41:04 UTC 2025","5491","HabitNuCoachPortalSuite","LogClassSession","CoachesPortal.LogClassSection","CoachesPortal.LogClassSection","verifySearchPatientByName","Search Participant By Name",""
"passed","Wed Dec 10 21:15:42 UTC 2025","Wed Dec 10 21:15:51 UTC 2025","8773","HabitNuCoachPortalSuite","HabitNuCoachesPortalRegression-PartB","CoachesPortal.PatientDetails.PatientProfileDemographic","CoachesPortal.PatientDetails.PatientProfileDemographic","updateFirstName","test1 > Given I am logged in as customer admin, First Name","test1 > Given I am logged in as customer admin, First Name"
"passed","Wed Dec 10 22:15:00 UTC 2025","Wed Dec 10 22:15:00 UTC 2025","91","HabitNuCoachPortalSuite","DifferentTypeOfDashboards","CoachesPortal.CohortLevelDashboard.DSMEDashboardCoachesPortal","CoachesPortal.CohortLevelDashboard.DSMEDashboardCoachesPortal","test17_verifyWeightLossByPatientsWithAllDefaultOption","Verify Weight Loss by Patients Should be selected by dropdownCard with all as default option",""
"skipped","Wed Dec 10 21:12:19 UTC 2025","Wed Dec 10 21:12:20 UTC 2025","1","HabitNuCoachPortalSuite","HabitNuCoachesPortalRegression-PartB","CoachesPortal.OnsiteUsersListDashboard","CoachesPortal.OnsiteUsersListDashboard","case57","test1 > Given I am logged in as customerAdmin, verify milestonecolor==green when user completes registration banner","test1 > Given I am logged in as customerAdmin, verify milestonecolor==green when user completes registration banner"
"passed","Wed Dec 10 21:49:57 UTC 2025","Wed Dec 10 21:50:08 UTC 2025","10623","HabitNuCoachPortalSuite","Milestones","CoachesPortal.VAMilestone","CoachesPortal.VAMilestone","test20_validating_VAHeaders_data","And user is validating to VAHeaders data by clicking arrow button",""
"skipped","Wed Dec 10 21:12:19 UTC 2025","Wed Dec 10 21:12:19 UTC 2025","1","HabitNuCoachPortalSuite","HabitNuCoachesPortalRegression-PartB","CoachesPortal.OnsiteUsersListDashboard","CoachesPortal.OnsiteUsersListDashboard","case34","test1 > Given I am logged in as customerAdmin, validate userList as customerAdmin-Move a user from one cohort to another","test1 > Given I am logged in as customerAdmin, validate userList as customerAdmin-Move a user from one cohort to another"
"passed","Wed Dec 10 21:10:12 UTC 2025","Wed Dec 10 21:10:15 UTC 2025","3342","HabitNuCoachPortalSuite","HabitNuCoachesPortalRegression-PartB","CoachesPortal.OnsiteUsersListDashboard","CoachesPortal.OnsiteUsersListDashboard","case9","test1 > Given I am logged in as admin, Form Survey for cohort- Disability.","test1 > Given I am logged in as admin, Form Survey for cohort- Disability."
"passed","Wed Dec 10 20:51:56 UTC 2025","Wed Dec 10 20:52:02 UTC 2025","5848","HabitNuCoachPortalSuite","HabitNuCoachesPortalRegression-PartA","CoachesPortal.DiscussionForumPage","CoachesPortal.DiscussionForumPage","case20","test1 > Given I am logged in as coach, I am validating Edit Post- Upload File","test1 > Given I am logged in as coach, I am validating Edit Post- Upload File"
"passed","Wed Dec 10 21:37:14 UTC 2025","Wed Dec 10 21:37:14 UTC 2025","658","HabitNuCoachPortalSuite","HabitNuCoachesPortalRegression-PartC","CoachesPortal.PatientDetails.PatientProfileHealthProviders","CoachesPortal.PatientDetails.PatientProfileHealthProviders","deleteHealthProvider","delete HealthProvider for Ethylen",""
"passed","Wed Dec 10 20:44:18 UTC 2025","Wed Dec 10 20:44:18 UTC 2025","827","HabitNuCoachPortalSuite","HabitNuCoachesPortalRegression-PartA","CoachesPortal.LearnModule.Learn","CoachesPortal.LearnModule.Learn","verifyContentAdded","verifying add content to the course",""
"passed","Wed Dec 10 21:25:08 UTC 2025","Wed Dec 10 21:25:10 UTC 2025","1546","HabitNuCoachPortalSuite","Paywal","CoachesPortal.payWall","CoachesPortal.payWall","testCreateAnnualPaymentPlan","COP-T388B: Create Annual Payment Plan",""
"passed","Wed Dec 10 21:40:12 UTC 2025","Wed Dec 10 21:40:13 UTC 2025","1138","HabitNuCoachPortalSuite","ProjectPowerDashboard","CoachesPortal.ProjectPowerDashboard","CoachesPortal.ProjectPowerDashboard","verifySDOHPage_Referral_code","SDOH page - It should display the count of participants of Education",""
"passed","Wed Dec 10 20:52:03 UTC 2025","Wed Dec 10 20:52:06 UTC 2025","2140","HabitNuCoachPortalSuite","HabitNuCoachesPortalRegression-PartA","CoachesPortal.DiscussionForumPage","CoachesPortal.DiscussionForumPage","case23","test1 > Given I am logged in as coach, I am validating Click Delete - Cancel","test1 > Given I am logged in as coach, I am validating Click Delete - Cancel"
"broken","Wed Dec 10 22:02:55 UTC 2025","Wed Dec 10 22:02:55 UTC 2025","149","HabitNuCoachPortalSuite","DifferentTypeOfDashboards","CoachesPortal.CohortLevelDashboard.OnlineCohortDashboard","CoachesPortal.CohortLevelDashboard.OnlineCohortDashboard","foodCategory_actions_dropdown","test1 > Given I am logged in as coach, I am validating online cohort 'foodCategoryGraph - foodCategory_actions_dropdown","test1 > Given I am logged in as coach, I am validating online cohort 'foodCategoryGraph - foodCategory_actions_dropdown"
"skipped","Wed Dec 10 21:12:19 UTC 2025","Wed Dec 10 21:12:19 UTC 2025","1","HabitNuCoachPortalSuite","HabitNuCoachesPortalRegression-PartB","CoachesPortal.OnsiteUsersListDashboard","CoachesPortal.OnsiteUsersListDashboard","case37","test1 > Given I am logged in as customerAdmin, sorting users table with Join Date in desc order","test1 > Given I am logged in as customerAdmin, sorting users table with Join Date in desc order"
"passed","Wed Dec 10 21:40:13 UTC 2025","Wed Dec 10 21:40:13 UTC 2025","18","HabitNuCoachPortalSuite","ProjectPowerDashboard","CoachesPortal.ProjectPowerDashboard","CoachesPortal.ProjectPowerDashboard","verifyDemographicsIPAS","Demographics page - Initial Physical Activity Status",""
"passed","Wed Dec 10 21:16:36 UTC 2025","Wed Dec 10 21:16:44 UTC 2025","8610","HabitNuCoachPortalSuite","HabitNuCoachesPortalRegression-PartB","CoachesPortal.PatientDetails.PatientProfileDemographic","CoachesPortal.PatientDetails.PatientProfileDemographic","updateCurrentGender","test1 > Given I am logged in as customer admin, Current Gender","test1 > Given I am logged in as customer admin, Current Gender"
"passed","Wed Dec 10 20:56:22 UTC 2025","Wed Dec 10 20:56:25 UTC 2025","2136","HabitNuCoachPortalSuite","HabitNuCoachesPortalRegression-PartA","CoachesPortal.DiscussionForumPage","CoachesPortal.DiscussionForumPage","case26","test1 > Given I am logged in as admin, I am validating UnPin The post","test1 > Given I am logged in as admin, I am validating UnPin The post"
"skipped","Wed Dec 10 21:12:19 UTC 2025","Wed Dec 10 21:12:19 UTC 2025","0","HabitNuCoachPortalSuite","HabitNuCoachesPortalRegression-PartB","CoachesPortal.OnsiteUsersListDashboard","CoachesPortal.OnsiteUsersListDashboard","case36","test1 > Given I am logged in as customerAdmin, sorting users table with Join Date in asc order","test1 > Given I am logged in as customerAdmin, sorting users table with Join Date in asc order"
"skipped","Wed Dec 10 21:12:19 UTC 2025","Wed Dec 10 21:12:19 UTC 2025","1","HabitNuCoachPortalSuite","HabitNuCoachesPortalRegression-PartB","CoachesPortal.OnsiteUsersListDashboard","CoachesPortal.OnsiteUsersListDashboard","case56","test1 > Given I am logged in as customerAdmin, verify Mail hasn't sent & unverified address.","test1 > Given I am logged in as customerAdmin, verify Mail hasn't sent & unverified address."
"passed","Wed Dec 10 20:59:12 UTC 2025","Wed Dec 10 20:59:13 UTC 2025","850","HabitNuCoachPortalSuite","HabitNuCoachesPortalRegression-PartA","CoachesPortal.DiscussionForumPage","CoachesPortal.DiscussionForumPage","case8","test1 > Given I am logged in as customerAdmin, I am validating Add describe only- success post.","test1 > Given I am logged in as customerAdmin, I am validating Add describe only- success post."
"passed","Wed Dec 10 22:15:00 UTC 2025","Wed Dec 10 22:15:00 UTC 2025","108","HabitNuCoachPortalSuite","DifferentTypeOfDashboards","CoachesPortal.CohortLevelDashboard.DSMEDashboardCoachesPortal","CoachesPortal.CohortLevelDashboard.DSMEDashboardCoachesPortal","test13_verifyBloodSugarByPatientsWithAllDefaultOption","Verify Blood Sugar by Patients Should be selected by dropdownCard with all as default option",""
"passed","Wed Dec 10 21:26:28 UTC 2025","Wed Dec 10 21:26:30 UTC 2025","2227","HabitNuCoachPortalSuite","Paywal","CoachesPortal.payWall","CoachesPortal.payWall","testFilterSubscriptions","COP-T397–399: Validate subscription filters",""
"passed","Wed Dec 10 20:48:51 UTC 2025","Wed Dec 10 20:48:54 UTC 2025","2835","HabitNuCoachPortalSuite","HabitNuCoachesPortalRegression-PartA","CoachesPortal.LearnModule.CustomerAdminCourseDocument","CoachesPortal.LearnModule.CustomerAdminCourseDocument","verifyLinkArchiveCancelAndConfirm","Link Archive Cancel And Confirm",""
"passed","Wed Dec 10 21:44:51 UTC 2025","Wed Dec 10 21:44:52 UTC 2025","1066","HabitNuCoachPortalSuite","GroupDPPClassPlanner","CoachesPortal.ClassPlanner","CoachesPortal.ClassPlanner","case12","Edit the Created card",""
"passed","Wed Dec 10 21:20:17 UTC 2025","Wed Dec 10 21:20:23 UTC 2025","6292","HabitNuCoachPortalSuite","HabitNuCoachesPortalRegression-PartB","CoachesPortal.PatientDetails.UserActivitiesTobacco","CoachesPortal.PatientDetails.UserActivitiesTobacco","verifyUserData_on_coachesPortal","Verify user data added on web on coaches portal",""
"broken","Wed Dec 10 22:04:52 UTC 2025","Wed Dec 10 22:04:52 UTC 2025","148","HabitNuCoachPortalSuite","DifferentTypeOfDashboards","CoachesPortal.CohortLevelDashboard.OnlineCohortDashboard","CoachesPortal.CohortLevelDashboard.OnlineCohortDashboard","foodCategory","test1 > Given I am logged in as customer admin, I am validating online cohort 'foodCategoryGraph","test1 > Given I am logged in as customer admin, I am validating online cohort 'foodCategoryGraph"
"passed","Wed Dec 10 21:36:51 UTC 2025","Wed Dec 10 21:36:57 UTC 2025","6133","HabitNuCoachPortalSuite","HabitNuCoachesPortalRegression-PartC","CoachesPortal.PatientDetails.PatientProfilePayerType","CoachesPortal.PatientDetails.PatientProfilePayerType","deletePayerTypes","verify PayerType can be deleted",""
"passed","Wed Dec 10 21:15:33 UTC 2025","Wed Dec 10 21:15:35 UTC 2025","1978","HabitNuCoachPortalSuite","HabitNuCoachesPortalRegression-PartB","CoachesPortal.PatientDetails.PatientProfileDemographic","CoachesPortal.PatientDetails.PatientProfileDemographic","updateAndVerifyBaselineHealthData","test1 > Given I am logged in as customer admin, updateAndVerifyBaselineHealthData","test1 > Given I am logged in as customer admin, updateAndVerifyBaselineHealthData"
"passed","Wed Dec 10 21:40:38 UTC 2025","Wed Dec 10 21:40:40 UTC 2025","2424","HabitNuCoachPortalSuite","LoginPageCases","CoachesPortal.LoginPageCases","CoachesPortal.LoginPageCases","case15","Coaches Portal Feedback URL -> Add Feedback-> Keep other fields empty -> Click on submit feedback",""
"passed","Wed Dec 10 21:14:23 UTC 2025","Wed Dec 10 21:14:23 UTC 2025","5","HabitNuCoachPortalSuite","HabitNuCoachesPortalRegression-PartB","CoachesPortal.PatientDetails.PatientProfileDemographic","CoachesPortal.PatientDetails.PatientProfileDemographic","updateMaritalStatus","test1 > Given I am logged in as coach, Marital Status","test1 > Given I am logged in as coach, Marital Status"
"passed","Wed Dec 10 21:47:20 UTC 2025","Wed Dec 10 21:47:30 UTC 2025","10138","HabitNuCoachPortalSuite","GeneralContent","CoachesPortal.generalContent_WEb_Coaches","CoachesPortal.generalContent_WEb_Coaches","verifyGroupDeletion","Verify Group Deletion",""
"skipped","Wed Dec 10 21:12:19 UTC 2025","Wed Dec 10 21:12:19 UTC 2025","0","HabitNuCoachPortalSuite","HabitNuCoachesPortalRegression-PartB","CoachesPortal.OnsiteUsersListDashboard","CoachesPortal.OnsiteUsersListDashboard","case39","test1 > Given I am logged in as customerAdmin, sorting users table with 'cohort' in desc order","test1 > Given I am logged in as customerAdmin, sorting users table with 'cohort' in desc order"
"passed","Wed Dec 10 21:14:10 UTC 2025","Wed Dec 10 21:14:10 UTC 2025","21","HabitNuCoachPortalSuite","HabitNuCoachesPortalRegression-PartB","CoachesPortal.PatientDetails.PatientProfileDemographic","CoachesPortal.PatientDetails.PatientProfileDemographic","verifyScaleOrderDetails","test1 > Given I am logged in as coach, verifyScaleOrderDetails","test1 > Given I am logged in as coach, verifyScaleOrderDetails"
"passed","Wed Dec 10 22:13:14 UTC 2025","Wed Dec 10 22:13:32 UTC 2025","17446","HabitNuCoachPortalSuite","DifferentTypeOfDashboards","CoachesPortal.CohortLevelDashboard.DSMEDashboardCoachesPortal","CoachesPortal.CohortLevelDashboard.DSMEDashboardCoachesPortal","test4_Nurture","And user is validating Nurture",""
"passed","Wed Dec 10 21:41:28 UTC 2025","Wed Dec 10 21:41:34 UTC 2025","6129","HabitNuCoachPortalSuite","LogClassSession","CoachesPortal.LogClassSection","CoachesPortal.LogClassSection","verifyAddOnlyminsofactivity","Add Only mins of activity",""
"passed","Wed Dec 10 20:42:49 UTC 2025","Wed Dec 10 20:42:56 UTC 2025","6494","HabitNuCoachPortalSuite","HabitNuCoachesPortalRegression-PartA","CoachesPortal.CohortLevelDashboard.CohortLevelDashboardPage","CoachesPortal.CohortLevelDashboard.CohortLevelDashboardPage","case22","Session Attendance.",""
"passed","Wed Dec 10 21:41:45 UTC 2025","Wed Dec 10 21:41:55 UTC 2025","9700","HabitNuCoachPortalSuite","LogClassSession","CoachesPortal.LogClassSection","CoachesPortal.LogClassSection","verifyNegativeValueinWeightNotAllowed","Negative Value in weight not allowed",""
"broken","Wed Dec 10 21:21:33 UTC 2025","Wed Dec 10 21:21:56 UTC 2025","23514","HabitNuCoachPortalSuite","HabitNuCoachesPortalRegression-PartB","CoachesPortal.PatientDetails.PatientsProfileAllergies","CoachesPortal.PatientDetails.PatientsProfileAllergies","verifyMedication","verify allergy for Ethylen",""
"passed","Wed Dec 10 21:13:04 UTC 2025","Wed Dec 10 21:13:11 UTC 2025","6684","HabitNuCoachPortalSuite","HabitNuCoachesPortalRegression-PartB","CoachesPortal.PatientDetails.PatientProfileDemographic","CoachesPortal.PatientDetails.PatientProfileDemographic","updateverifyProgramDetailsWithIsActive","test1 > Given I am logged in as coach, update patientId and payertype","test1 > Given I am logged in as coach, update patientId and payertype"
"skipped","Wed Dec 10 21:12:19 UTC 2025","Wed Dec 10 21:12:19 UTC 2025","1","HabitNuCoachPortalSuite","HabitNuCoachesPortalRegression-PartB","CoachesPortal.OnsiteUsersListDashboard","CoachesPortal.OnsiteUsersListDashboard","case33","test1 > Given I am logged in as customerAdmin, validate userList as customerAdmin-Move a user from one cohort to another- cancel scenario.","test1 > Given I am logged in as customerAdmin, validate userList as customerAdmin-Move a user from one cohort to another- cancel scenario."
"broken","Wed Dec 10 21:20:52 UTC 2025","Wed Dec 10 21:21:12 UTC 2025","20531","HabitNuCoachPortalSuite","HabitNuCoachesPortalRegression-PartB","CoachesPortal.PatientDetails.PatientsProfileAllergies","CoachesPortal.PatientDetails.PatientsProfileAllergies","deleteMedication","delete allergy for Ethylen",""
"passed","Wed Dec 10 21:22:25 UTC 2025","Wed Dec 10 21:22:31 UTC 2025","5371","HabitNuCoachPortalSuite","Scheduler","CoachesPortal.Schedular","CoachesPortal.Schedular","viewAppointment","test5 >  Given I am logged in as coach, and on time slot page, When I click on created appointment, Then I should be able to view the appointment","coach login - User should be able to view appointment"
"passed","Wed Dec 10 20:50:34 UTC 2025","Wed Dec 10 20:50:35 UTC 2025","1187","HabitNuCoachPortalSuite","HabitNuCoachesPortalRegression-PartA","CoachesPortal.DiscussionForumPage","CoachesPortal.DiscussionForumPage","case9","test1 > Given I am logged in as coach, I am validating Post empty comment- error message.","test1 > Given I am logged in as coach, I am validating Post empty comment- error message."
"broken","Wed Dec 10 22:02:48 UTC 2025","Wed Dec 10 22:02:48 UTC 2025","149","HabitNuCoachPortalSuite","DifferentTypeOfDashboards","CoachesPortal.CohortLevelDashboard.OnlineCohortDashboard","CoachesPortal.CohortLevelDashboard.OnlineCohortDashboard","foodCategory_chart_validation","test1 > Given I am logged in as coach, I am validating online cohort 'foodCategoryGraph - validation2","test1 > Given I am logged in as coach, I am validating online cohort 'foodCategoryGraph - validation2"
"broken","Wed Dec 10 22:02:48 UTC 2025","Wed Dec 10 22:02:48 UTC 2025","148","HabitNuCoachPortalSuite","DifferentTypeOfDashboards","CoachesPortal.CohortLevelDashboard.OnlineCohortDashboard","CoachesPortal.CohortLevelDashboard.OnlineCohortDashboard","foodCategory","test1 > Given I am logged in as coach, I am validating online cohort 'foodCategoryGraph","test1 > Given I am logged in as coach, I am validating online cohort 'foodCategoryGraph"
"passed","Wed Dec 10 21:39:21 UTC 2025","Wed Dec 10 21:39:22 UTC 2025","669","HabitNuCoachPortalSuite","ProjectPowerDashboard","CoachesPortal.ProjectPowerDashboard","CoachesPortal.ProjectPowerDashboard","verifyCohortWeightLossTrend","All cohort dashboard for project power - Cohort Weight Loss trend",""
"passed","Wed Dec 10 22:14:43 UTC 2025","Wed Dec 10 22:14:47 UTC 2025","3602","HabitNuCoachPortalSuite","DifferentTypeOfDashboards","CoachesPortal.CohortLevelDashboard.DSMEDashboardCoachesPortal","CoachesPortal.CohortLevelDashboard.DSMEDashboardCoachesPortal","test10_AddParticipants_danger_text_validations","And user is validating Add participants danger text validations",""
"passed","Wed Dec 10 21:24:39 UTC 2025","Wed Dec 10 21:24:39 UTC 2025","0","HabitNuCoachPortalSuite","Scheduler","CoachesPortal.Schedular","CoachesPortal.Schedular","validateInteractionEntries_UpdatedBy","test1 > Given I am logged in as admin, verify group interaction entries are made automatically when meet is attended for min of 1min > Validating field==UpdatedBy","test1 > Given I am logged in as admin, verify group interaction entries are made automatically when meet is attended for min of 1min > Validating field==UpdatedBy"
"broken","Wed Dec 10 21:45:45 UTC 2025","Wed Dec 10 21:45:46 UTC 2025","1220","HabitNuCoachPortalSuite","GroupDPPClassPlanner","CoachesPortal.ClassPlanner","CoachesPortal.ClassPlanner","case36","validate user is able to view classPlanner item==app-link",""
"passed","Wed Dec 10 21:36:12 UTC 2025","Wed Dec 10 21:36:44 UTC 2025","32122","HabitNuCoachPortalSuite","HabitNuCoachesPortalRegression-PartC","CoachesPortal.PatientDetails.PatientProfilePayerType","CoachesPortal.PatientDetails.PatientProfilePayerType","verifyAddPayerTypeDetails","Add PayerType of Ethlen",""
"passed","Wed Dec 10 21:37:21 UTC 2025","Wed Dec 10 21:37:21 UTC 2025","10","HabitNuCoachPortalSuite","ProjectPowerDashboard","CoachesPortal.ProjectPowerDashboard","CoachesPortal.ProjectPowerDashboard","verifyDISENROLLED","go to coaches portal - Project Power-verify DISENROLLED users",""
"passed","Wed Dec 10 21:26:32 UTC 2025","Wed Dec 10 21:26:35 UTC 2025","2844","HabitNuCoachPortalSuite","Paywal","CoachesPortal.payWall","CoachesPortal.payWall","testFilterSubscriptions","COP-T397–399: Validate subscription filters",""
"passed","Wed Dec 10 21:12:56 UTC 2025","Wed Dec 10 21:13:02 UTC 2025","6207","HabitNuCoachPortalSuite","HabitNuCoachesPortalRegression-PartB","CoachesPortal.PatientDetails.PatientProfileDemographic","CoachesPortal.PatientDetails.PatientProfileDemographic","verifyPersonalDetails","test1 > Given I am logged in as coach, Verify user as Ethelyn in demographic with Personal Details","test1 > Given I am logged in as coach, Verify user as Ethelyn in demographic with Personal Details"
"passed","Wed Dec 10 21:14:10 UTC 2025","Wed Dec 10 21:14:13 UTC 2025","2665","HabitNuCoachPortalSuite","HabitNuCoachesPortalRegression-PartB","CoachesPortal.PatientDetails.PatientProfileDemographic","CoachesPortal.PatientDetails.PatientProfileDemographic","updateAndVerifyCallDetails","test1 > Given I am logged in as coach, updateAndVerifyCallDetails","test1 > Given I am logged in as coach, updateAndVerifyCallDetails"
"skipped","Wed Dec 10 21:12:19 UTC 2025","Wed Dec 10 21:12:19 UTC 2025","1","HabitNuCoachPortalSuite","HabitNuCoachesPortalRegression-PartB","CoachesPortal.OnsiteUsersListDashboard","CoachesPortal.OnsiteUsersListDashboard","case43","test1 > Given I am logged in as customerAdmin, disenroll user validation - on DISENROLL check","test1 > Given I am logged in as customerAdmin, disenroll user validation - on DISENROLL check"
"broken","Wed Dec 10 22:05:03 UTC 2025","Wed Dec 10 22:05:03 UTC 2025","253","HabitNuCoachPortalSuite","DifferentTypeOfDashboards","CoachesPortal.CohortLevelDashboard.OnlineCohortDashboard","CoachesPortal.CohortLevelDashboard.OnlineCohortDashboard","foodCategory_check_with_pastMonth","test1 > Given I am logged in as customer admin, I am validating online cohort 'foodCategoryGraph - foodCategory_check_with_pastMonth","test1 > Given I am logged in as customer admin, I am validating online cohort 'foodCategoryGraph - foodCategory_check_with_pastMonth"
"failed","Wed Dec 10 21:14:22 UTC 2025","Wed Dec 10 21:14:22 UTC 2025","412","HabitNuCoachPortalSuite","HabitNuCoachesPortalRegression-PartB","CoachesPortal.PatientDetails.PatientProfileDemographic","CoachesPortal.PatientDetails.PatientProfileDemographic","testSelectRememberingUnknown","test1 > Given I am logged in as coach, testSelectRememberingUnknown","test1 > Given I am logged in as coach, testSelectRememberingUnknown"
"passed","Wed Dec 10 21:14:23 UTC 2025","Wed Dec 10 21:14:23 UTC 2025","6","HabitNuCoachPortalSuite","HabitNuCoachesPortalRegression-PartB","CoachesPortal.PatientDetails.PatientProfileDemographic","CoachesPortal.PatientDetails.PatientProfileDemographic","updatelastName","test1 > Given I am logged in as coach, Last Name","test1 > Given I am logged in as coach, Last Name"
"passed","Wed Dec 10 21:03:10 UTC 2025","Wed Dec 10 21:03:12 UTC 2025","2564","HabitNuCoachPortalSuite","HabitNuCoachesPortalRegression-PartA","CoachesPortal.DiscussionForumPage","CoachesPortal.DiscussionForumPage","case28","test1 > Given I am logged in as customerAdmin, I am validating Delete all posts","test1 > Given I am logged in as customerAdmin, I am validating Delete all posts"
"passed","Wed Dec 10 20:48:43 UTC 2025","Wed Dec 10 20:48:45 UTC 2025","1956","HabitNuCoachPortalSuite","HabitNuCoachesPortalRegression-PartA","CoachesPortal.LearnModule.CustomerAdminCourseDocument","CoachesPortal.LearnModule.CustomerAdminCourseDocument","verifyLinkEditAndSave","Link Edit and Save",""
"passed","Wed Dec 10 20:45:02 UTC 2025","Wed Dec 10 20:45:05 UTC 2025","2928","HabitNuCoachPortalSuite","HabitNuCoachesPortalRegression-PartA","CoachesPortal.LearnModule.Learn","CoachesPortal.LearnModule.Learn","removeCourseFromTheCohort","remove course from the cohort",""
"failed","Wed Dec 10 21:14:48 UTC 2025","Wed Dec 10 21:14:53 UTC 2025","4078","HabitNuCoachPortalSuite","HabitNuCoachesPortalRegression-PartB","CoachesPortal.PatientDetails.PatientProfileDemographic","CoachesPortal.PatientDetails.PatientProfileDemographic","updateAndVerifyAddressDetails","test1 > Given I am logged in as customer admin, updateAndVerifyAddressDetails","test1 > Given I am logged in as customer admin, updateAndVerifyAddressDetails"
"passed","Wed Dec 10 20:54:40 UTC 2025","Wed Dec 10 20:54:41 UTC 2025","305","HabitNuCoachPortalSuite","HabitNuCoachesPortalRegression-PartA","CoachesPortal.DiscussionForumPage","CoachesPortal.DiscussionForumPage","case3","test1 > Given I am logged in as admin, I am validating Discussions- All elements check2","test1 > Given I am logged in as admin, I am validating Discussions- All elements check2"
"passed","Wed Dec 10 21:26:42 UTC 2025","Wed Dec 10 21:26:43 UTC 2025","1131","HabitNuCoachPortalSuite","Paywal","CoachesPortal.payWall","CoachesPortal.payWall","testFilterTransactions","COP-T400: Validate all transaction filters",""
"passed","Wed Dec 10 21:47:38 UTC 2025","Wed Dec 10 21:47:41 UTC 2025","2674","HabitNuCoachPortalSuite","Milestones","CoachesPortal.BPSMMilestone","CoachesPortal.BPSMMilestone","test1_navigatingcoach","Given user is navigating to coaches portal",""
"passed","Wed Dec 10 21:56:46 UTC 2025","Wed Dec 10 21:56:48 UTC 2025","1265","HabitNuCoachPortalSuite","FeatureFlags","CoachesPortal.FeatureFlags","CoachesPortal.FeatureFlags","test9_disableglobally","And user is able to disable the flag globally",""
"passed","Wed Dec 10 21:26:47 UTC 2025","Wed Dec 10 21:26:48 UTC 2025","1330","HabitNuCoachPortalSuite","Paywal","CoachesPortal.payWall","CoachesPortal.payWall","testFilterTransactions","COP-T400: Validate all transaction filters",""
"passed","Wed Dec 10 21:45:09 UTC 2025","Wed Dec 10 21:45:09 UTC 2025","157","HabitNuCoachPortalSuite","GroupDPPClassPlanner","CoachesPortal.ClassPlanner","CoachesPortal.ClassPlanner","case18","Click on Lock button",""
"passed","Wed Dec 10 22:01:25 UTC 2025","Wed Dec 10 22:01:36 UTC 2025","11067","HabitNuCoachPortalSuite","DifferentTypeOfDashboards","CoachesPortal.CohortLevelDashboard.OnlineCohortDashboard","CoachesPortal.CohortLevelDashboard.OnlineCohortDashboard","fivePercentWeightLossCard_forUserWeight","test1 > Given I am logged in as coach, I am validating online cohort 'dashboard-card=fivePercentWeightLossCardCount, when user adds weight","test1 > Given I am logged in as coach, I am validating online cohort 'dashboard-card=fivePercentWeightLossCardCount, when user adds weight"
"passed","Wed Dec 10 22:00:45 UTC 2025","Wed Dec 10 22:00:46 UTC 2025","1556","HabitNuCoachPortalSuite","ParticipationsTable","CoachesPortal.participations","CoachesPortal.participations","test15_exitadmin","And user is able to exit from admin section",""
"passed","Wed Dec 10 21:47:02 UTC 2025","Wed Dec 10 21:47:02 UTC 2025","130","HabitNuCoachPortalSuite","GeneralContent","CoachesPortal.generalContent_WEb_Coaches","CoachesPortal.generalContent_WEb_Coaches","RedirectToCoaches","Redirecting To Coaches page",""
"passed","Wed Dec 10 20:48:36 UTC 2025","Wed Dec 10 20:48:37 UTC 2025","846","HabitNuCoachPortalSuite","HabitNuCoachesPortalRegression-PartA","CoachesPortal.LearnModule.CustomerAdminCourseDocument","CoachesPortal.LearnModule.CustomerAdminCourseDocument","verifyCustAdminCourseDocument","Verify Customer Admin Should have CourseDocument",""
"passed","Wed Dec 10 21:40:53 UTC 2025","Wed Dec 10 21:40:54 UTC 2025","1307","HabitNuCoachPortalSuite","LogClassSession","CoachesPortal.LogClassSection","CoachesPortal.LogClassSection","validateLogClassSession_Non_Availibility","Verify Log Class Section is unavailable for programDeliveryType!=Onsite",""
"passed","Wed Dec 10 21:17:28 UTC 2025","Wed Dec 10 21:17:28 UTC 2025","538","HabitNuCoachPortalSuite","HabitNuCoachesPortalRegression-PartB","CoachesPortal.PatientDetails.UserActivitiesBloodPressure","CoachesPortal.PatientDetails.UserActivitiesBloodPressure","verifyUser_isNot_allowed_edit_coachAddedData","Verify user is not allowed to edit data added by coaches",""
"passed","Wed Dec 10 20:44:13 UTC 2025","Wed Dec 10 20:44:18 UTC 2025","4776","HabitNuCoachPortalSuite","HabitNuCoachesPortalRegression-PartA","CoachesPortal.LearnModule.Learn","CoachesPortal.LearnModule.Learn","addContentToTheCourse","add content to the course",""
"passed","Wed Dec 10 21:37:22 UTC 2025","Wed Dec 10 21:37:27 UTC 2025","5136","HabitNuCoachPortalSuite","ProjectPowerDashboard","CoachesPortal.ProjectPowerDashboard","CoachesPortal.ProjectPowerDashboard","verifyM1completionTrend","All cohort dashboard for project power - M1 completion % Trend",""
"broken","Wed Dec 10 21:23:23 UTC 2025","Wed Dec 10 21:23:23 UTC 2025","245","HabitNuCoachPortalSuite","Scheduler","CoachesPortal.Schedular","CoachesPortal.Schedular","validateInteractionEntries_UpdatedBy","test1 > Given I am logged in as coach, verify group interaction entries are made automatically when meet is attended for min of 1min > Validating field==UpdatedBy","test1 > Given I am logged in as coach, verify group interaction entries are made automatically when meet is attended for min of 1min > Validating field==UpdatedBy"
"passed","Wed Dec 10 20:43:10 UTC 2025","Wed Dec 10 20:43:21 UTC 2025","10598","HabitNuCoachPortalSuite","HabitNuCoachesPortalRegression-PartA","CoachesPortal.CohortLevelDashboard.CohortLevelDashboardPage","CoachesPortal.CohortLevelDashboard.CohortLevelDashboardPage","case28","office hours attended by participants graph and tooltip extraction.",""
"passed","Wed Dec 10 21:58:45 UTC 2025","Wed Dec 10 21:58:46 UTC 2025","118","HabitNuCoachPortalSuite","ParticipationsTable","CoachesPortal.participations","CoachesPortal.participations","test4_validatingadmin_defaultpage","When user is validating to Admin default section ",""
"passed","Wed Dec 10 21:45:36 UTC 2025","Wed Dec 10 21:45:38 UTC 2025","2355","HabitNuCoachPortalSuite","GroupDPPClassPlanner","CoachesPortal.ClassPlanner","CoachesPortal.ClassPlanner","case29","Login to coach portal -> select the cohort -> Class planner -> Click on Edit (pencil) button",""
"passed","Wed Dec 10 21:58:33 UTC 2025","Wed Dec 10 21:58:38 UTC 2025","4535","HabitNuCoachPortalSuite","FeatureFlags","CoachesPortal.FeatureFlags","CoachesPortal.FeatureFlags","test21_addrulesforpartner_multipletimes","And user is able to add the rule for partner level multiple times",""
"broken","Wed Dec 10 22:02:59 UTC 2025","Wed Dec 10 22:02:59 UTC 2025","266","HabitNuCoachPortalSuite","DifferentTypeOfDashboards","CoachesPortal.CohortLevelDashboard.OnlineCohortDashboard","CoachesPortal.CohortLevelDashboard.OnlineCohortDashboard","foodCategory_check_with_pastMonth","test1 > Given I am logged in as coach, I am validating online cohort 'foodCategoryGraph - foodCategory_check_with_pastMonth","test1 > Given I am logged in as coach, I am validating online cohort 'foodCategoryGraph - foodCategory_check_with_pastMonth"
"passed","Wed Dec 10 21:14:35 UTC 2025","Wed Dec 10 21:14:41 UTC 2025","6627","HabitNuCoachPortalSuite","HabitNuCoachesPortalRegression-PartB","CoachesPortal.PatientDetails.PatientProfileDemographic","CoachesPortal.PatientDetails.PatientProfileDemographic","updateverifyProgramDetailsWithIsActive","test1 > Given I am logged in as customer admin, update patientId and payertype","test1 > Given I am logged in as customer admin, update patientId and payertype"
"passed","Wed Dec 10 21:41:09 UTC 2025","Wed Dec 10 21:41:21 UTC 2025","12085","HabitNuCoachPortalSuite","LogClassSession","CoachesPortal.LogClassSection","CoachesPortal.LogClassSection","verifyAddOnlyWeight","Add Only weight",""
"passed","Wed Dec 10 21:19:20 UTC 2025","Wed Dec 10 21:19:30 UTC 2025","9829","HabitNuCoachPortalSuite","HabitNuCoachesPortalRegression-PartB","CoachesPortal.PatientDetails.UserActivitiesBloodSugar","CoachesPortal.PatientDetails.UserActivitiesBloodSugar","verifyBloodSugarInCoachPortalYesterdaysData","Verify user as Ethelyn in useractivities tab added yesterday date blood sugar fasting ,before meal and after meal",""
"passed","Wed Dec 10 20:50:33 UTC 2025","Wed Dec 10 20:50:34 UTC 2025","877","HabitNuCoachPortalSuite","HabitNuCoachesPortalRegression-PartA","CoachesPortal.DiscussionForumPage","CoachesPortal.DiscussionForumPage","case8","test1 > Given I am logged in as coach, I am validating Add describe only- success post.","test1 > Given I am logged in as coach, I am validating Add describe only- success post."
"passed","Wed Dec 10 22:14:47 UTC 2025","Wed Dec 10 22:14:56 UTC 2025","9278","HabitNuCoachPortalSuite","DifferentTypeOfDashboards","CoachesPortal.CohortLevelDashboard.DSMEDashboardCoachesPortal","CoachesPortal.CohortLevelDashboard.DSMEDashboardCoachesPortal","test11_ReferralManager_addparticipantsreferral_addnotes","And user is able to add notes in referral manager",""
"passed","Wed Dec 10 21:26:38 UTC 2025","Wed Dec 10 21:26:40 UTC 2025","1808","HabitNuCoachPortalSuite","Paywal","CoachesPortal.payWall","CoachesPortal.payWall","testFilterTransactions","COP-T400: Validate all transaction filters",""
"passed","Wed Dec 10 21:59:16 UTC 2025","Wed Dec 10 21:59:38 UTC 2025","21709","HabitNuCoachPortalSuite","ParticipationsTable","CoachesPortal.participations","CoachesPortal.participations","test11_searchuser","And user is able to search the user with user name",""
"broken","Wed Dec 10 21:22:56 UTC 2025","Wed Dec 10 21:22:56 UTC 2025","211","HabitNuCoachPortalSuite","Scheduler","CoachesPortal.Schedular","CoachesPortal.Schedular","userYesToTheMeet","test1 > Given I am logged in as coach, verify user response to meet attendance - YES","test1 > Given I am logged in as coach, verify user response to meet attendance - YES"
"passed","Wed Dec 10 20:48:14 UTC 2025","Wed Dec 10 20:48:17 UTC 2025","2497","HabitNuCoachPortalSuite","HabitNuCoachesPortalRegression-PartA","CoachesPortal.LearnModule.Learn","CoachesPortal.LearnModule.Learn","editByErasingMessageContent","verify, Please enter message content for email",""
"passed","Wed Dec 10 20:48:37 UTC 2025","Wed Dec 10 20:48:38 UTC 2025","323","HabitNuCoachPortalSuite","HabitNuCoachesPortalRegression-PartA","CoachesPortal.LearnModule.CustomerAdminCourseDocument","CoachesPortal.LearnModule.CustomerAdminCourseDocument","verifyOpeningCustAdminCourseDocument","Verify Opening Customer Admin Should have CourseDocument",""
"passed","Wed Dec 10 21:30:34 UTC 2025","Wed Dec 10 21:30:58 UTC 2025","24346","HabitNuCoachPortalSuite","Paywal","CoachesPortal.payWall","CoachesPortal.payWall","testUnlinkPlanFromProgram","COP-T413: Validate unlinking a plan from a program",""
"failed","Wed Dec 10 22:09:21 UTC 2025","Wed Dec 10 22:13:14 UTC 2025","233559","HabitNuCoachPortalSuite","DifferentTypeOfDashboards","CoachesPortal.CohortLevelDashboard.DSMEDashboardCoachesPortal","CoachesPortal.CohortLevelDashboard.DSMEDashboardCoachesPortal","test3_pending","And user is validating pending",""
"passed","Wed Dec 10 21:40:21 UTC 2025","Wed Dec 10 21:40:25 UTC 2025","4134","HabitNuCoachPortalSuite","LoginPageCases","CoachesPortal.LoginPageCases","CoachesPortal.LoginPageCases","testLockAccount","validate users account gets locked after entering incorrect password for 3 times",""
"passed","Wed Dec 10 20:43:35 UTC 2025","Wed Dec 10 20:43:41 UTC 2025","5399","HabitNuCoachPortalSuite","HabitNuCoachesPortalRegression-PartA","CoachesPortal.LearnModule.Learn","CoachesPortal.LearnModule.Learn","verifyCourseActions","Verify course Actions on hovering shows all the buttons",""
"passed","Wed Dec 10 22:06:04 UTC 2025","Wed Dec 10 22:06:09 UTC 2025","5709","HabitNuCoachPortalSuite","DifferentTypeOfDashboards","CoachesPortal.CohortLevelDashboard.OnsiteCohortDashboard","CoachesPortal.CohortLevelDashboard.OnsiteCohortDashboard","totalNoOfClasses","test1 > Given I am logged in as customer admin,  I am validating onsite cohort 'dashboard-card=totalNoOfClasses","test1 > Given I am logged in as customer admin,  I am validating onsite cohort 'dashboard-card=totalNoOfClasses"
"broken","Wed Dec 10 22:08:58 UTC 2025","Wed Dec 10 22:08:58 UTC 2025","216","HabitNuCoachPortalSuite","DifferentTypeOfDashboards","CoachesPortal.CohortLevelDashboard.OnsiteCohortDashboard","CoachesPortal.CohortLevelDashboard.OnsiteCohortDashboard","foodCategory_check_with_pastMonth","test1 > Given I am logged in as coach, I am validating onsite cohort 'foodCategoryGraph - foodCategory_check_with_pastMonth","test1 > Given I am logged in as coach, I am validating onsite cohort 'foodCategoryGraph - foodCategory_check_with_pastMonth"
"broken","Wed Dec 10 21:05:08 UTC 2025","Wed Dec 10 21:05:38 UTC 2025","30297","HabitNuCoachPortalSuite","HabitNuCoachesPortalRegression-PartA","CoachesPortal.DirectMessage","CoachesPortal.DirectMessage","click_on_delete_icon_of_message","Verify message sent from Coach in chatbox",""
"passed","Wed Dec 10 21:38:18 UTC 2025","Wed Dec 10 21:38:33 UTC 2025","14771","HabitNuCoachPortalSuite","ProjectPowerDashboard","CoachesPortal.ProjectPowerDashboard","CoachesPortal.ProjectPowerDashboard","verifyM1GraphwithfilterAsCustom","verifyM1GraphwithfilterAsCustom",""
"passed","Wed Dec 10 21:44:49 UTC 2025","Wed Dec 10 21:44:51 UTC 2025","1156","HabitNuCoachPortalSuite","GroupDPPClassPlanner","CoachesPortal.ClassPlanner","CoachesPortal.ClassPlanner","case9","Create the APP LINK cards under the list",""
"passed","Wed Dec 10 21:56:32 UTC 2025","Wed Dec 10 21:56:35 UTC 2025","3679","HabitNuCoachPortalSuite","UserDashboard","CoachesPortal.PatientDashboard","CoachesPortal.PatientDashboard","Last_BeforeMeal_Blood_Sugar","test20 > Given I am logged in as coach, wehn I am on Participants dashboard page, when I add bloodsugar BEFORE-MEAL type, Then I should be able to see the added data on dashboard card==Last_BeforeMeal_Blood_Sugar","coach login - clicking on scheduler should open the scheduler page in coaches portal"
"passed","Wed Dec 10 20:48:30 UTC 2025","Wed Dec 10 20:48:36 UTC 2025","6626","HabitNuCoachPortalSuite","HabitNuCoachesPortalRegression-PartA","CoachesPortal.LearnModule.Learn","CoachesPortal.LearnModule.Learn","pushNotifications","verify push  notification settings",""
"passed","Wed Dec 10 21:58:33 UTC 2025","Wed Dec 10 21:58:33 UTC 2025","80","HabitNuCoachPortalSuite","FeatureFlags","CoachesPortal.FeatureFlags","CoachesPortal.FeatureFlags","test20_deleteuser","delete rule",""
"passed","Wed Dec 10 21:12:15 UTC 2025","Wed Dec 10 21:12:17 UTC 2025","1476","HabitNuCoachPortalSuite","HabitNuCoachesPortalRegression-PartB","CoachesPortal.OnsiteUsersListDashboard","CoachesPortal.OnsiteUsersListDashboard","case19","test1 > Given I am logged in as admin, Cancel Scenarios- Call","test1 > Given I am logged in as admin, Cancel Scenarios- Call"
"passed","Wed Dec 10 21:26:51 UTC 2025","Wed Dec 10 21:26:52 UTC 2025","1160","HabitNuCoachPortalSuite","Paywal","CoachesPortal.payWall","CoachesPortal.payWall","testFilterTransactions","COP-T400: Validate all transaction filters",""
