"Status","Start Time","Stop Time","Duration in ms","Parent Suite","Suite","Sub Suite","Test Class","Test Method","Name","Description"
"passed","Thu Nov 06 21:46:21 UTC 2025","Thu Nov 06 21:46:22 UTC 2025","329","HabitNuWebAppSuite","HabitNuWebAppRegression","WebAppSanityPackage.Sugar_Section","WebAppSanityPackage.Sugar_Section","setNegativeDiastolicTarget","enter negative Low target values and assert messages",""
"passed","Thu Nov 06 22:06:55 UTC 2025","Thu Nov 06 22:06:55 UTC 2025","115","HabitNuWebAppSuite","HabitNuWebAppRegression","WebAppSanityPackage.recipeBuilder","WebAppSanityPackage.recipeBuilder","verifyFavoriteRecipesByRecipeServings","verify favorite food list under Food> by Recipe servings",""
"passed","Thu Nov 06 21:36:29 UTC 2025","Thu Nov 06 21:36:32 UTC 2025","3196","HabitNuWebAppSuite","HabitNuWebAppRegression","WebAppSanityPackage.HomePage","WebAppSanityPackage.HomePage","testSetTargetPage","Verify the Meals, Weight, Exercise page layout and functionality",""
"passed","Thu Nov 06 21:40:44 UTC 2025","Thu Nov 06 21:40:45 UTC 2025","1542","HabitNuWebAppSuite","HabitNuWebAppRegression","WebAppSanityPackage.ProfileAppClass","WebAppSanityPackage.ProfileAppClass","closeBasicInfoWithoutSaving","Click close without saving Basic information → No change expected",""
"passed","Thu Nov 06 21:35:40 UTC 2025","Thu Nov 06 21:35:40 UTC 2025","114","HabitNuWebAppSuite","HabitNuWebAppRegression","WebAppSanityPackage.HomePage","WebAppSanityPackage.HomePage","testThisWeekProgressCards","Verify 'This Week' progress cards are displayed with correct data",""
"passed","Thu Nov 06 21:42:14 UTC 2025","Thu Nov 06 21:42:16 UTC 2025","1870","HabitNuWebAppSuite","HabitNuWebAppRegression","WebAppSanityPackage.ProfileAppClass","WebAppSanityPackage.ProfileAppClass","case77","Click on delete file and cancel it",""
"passed","Thu Nov 06 22:07:47 UTC 2025","Thu Nov 06 22:07:49 UTC 2025","1081","HabitNuWebAppSuite","HabitNuWebAppRegression","WebAppSanityPackage.WebAppHealth_WeightSection","WebAppSanityPackage.WebAppHealth_WeightSection","editTargetWithBlankValue","edit -  Weight cannot be blank",""
"passed","Thu Nov 06 21:57:20 UTC 2025","Thu Nov 06 21:57:34 UTC 2025","13851","HabitNuWebAppSuite","HabitNuWebAppRegression","WebAppSanityPackage.foodGrouping","WebAppSanityPackage.foodGrouping","case16","Create 'My Meal' from logged foods in BREAKFAST sections",""
"passed","Thu Nov 06 22:08:40 UTC 2025","Thu Nov 06 22:08:42 UTC 2025","1577","HabitNuWebAppSuite","HabitNuWebAppRegression","WebAppSanityPackage.Medication","WebAppSanityPackage.Medication","case2","Log page Weight Loss Medication",""
"passed","Thu Nov 06 21:48:33 UTC 2025","Thu Nov 06 21:48:34 UTC 2025","1285","HabitNuWebAppSuite","HabitNuWebAppRegression","WebAppSanityPackage.ExerciseSection","WebAppSanityPackage.ExerciseSection","setValidTarget","enter valid Target",""
"passed","Thu Nov 06 21:45:43 UTC 2025","Thu Nov 06 21:45:48 UTC 2025","4918","HabitNuWebAppSuite","HabitNuWebAppRegression","WebAppSanityPackage.HabitsAppClass","WebAppSanityPackage.HabitsAppClass","case20","Single Click on habit button and mark a green",""
"passed","Thu Nov 06 21:41:58 UTC 2025","Thu Nov 06 21:42:05 UTC 2025","6568","HabitNuWebAppSuite","HabitNuWebAppRegression","WebAppSanityPackage.ProfileAppClass","WebAppSanityPackage.ProfileAppClass","case74","Upload the file, name and file type and cancel",""
"passed","Thu Nov 06 21:40:32 UTC 2025","Thu Nov 06 21:40:33 UTC 2025","1322","HabitNuWebAppSuite","HabitNuWebAppRegression","WebAppSanityPackage.ProfileAppClass","WebAppSanityPackage.ProfileAppClass","selectGenderMaleAndSave","Select Gender as Male and save → should reflect",""
"passed","Thu Nov 06 22:10:26 UTC 2025","Thu Nov 06 22:10:27 UTC 2025","1205","HabitNuWebAppSuite","HabitNuWebAppRegression","WebAppSanityPackage.Medication","WebAppSanityPackage.Medication","case27","Creating)",""
"passed","Thu Nov 06 21:42:22 UTC 2025","Thu Nov 06 21:42:23 UTC 2025","1676","HabitNuWebAppSuite","HabitNuWebAppRegression","WebAppSanityPackage.ProfileAppClass","WebAppSanityPackage.ProfileAppClass","case83","Enter mismatched confirm password and click Change Password",""
"passed","Thu Nov 06 21:50:07 UTC 2025","Thu Nov 06 21:50:10 UTC 2025","2875","HabitNuWebAppSuite","HabitNuWebAppRegression","WebAppSanityPackage.WebAppClass","WebAppSanityPackage.WebAppClass","case19","Add/Edit Food - without optional fields (Should successfully update and show the updated values)",""
"passed","Thu Nov 06 21:48:32 UTC 2025","Thu Nov 06 21:48:33 UTC 2025","326","HabitNuWebAppSuite","HabitNuWebAppRegression","WebAppSanityPackage.ExerciseSection","WebAppSanityPackage.ExerciseSection","setNegativeTarget","enter negative target values and assert messages",""
"passed","Thu Nov 06 21:46:23 UTC 2025","Thu Nov 06 21:46:23 UTC 2025","273","HabitNuWebAppSuite","HabitNuWebAppRegression","WebAppSanityPackage.Sugar_Section","WebAppSanityPackage.Sugar_Section","setValidTarget","enter valid Target",""
"passed","Thu Nov 06 21:53:53 UTC 2025","Thu Nov 06 21:53:55 UTC 2025","2373","HabitNuWebAppSuite","HabitNuWebAppRegression","WebAppSanityPackage.waterLog","WebAppSanityPackage.waterLog","case6","40 oz Water Log",""
"passed","Thu Nov 06 21:49:32 UTC 2025","Thu Nov 06 21:49:33 UTC 2025","371","HabitNuWebAppSuite","HabitNuWebAppRegression","WebAppSanityPackage.WebAppClass","WebAppSanityPackage.WebAppClass","case5","Click on Add food, Go to All section and check whether the same food is listed",""
"passed","Thu Nov 06 21:41:28 UTC 2025","Thu Nov 06 21:41:29 UTC 2025","226","HabitNuWebAppSuite","HabitNuWebAppRegression","WebAppSanityPackage.ProfileAppClass","WebAppSanityPackage.ProfileAppClass","case64","Upload the file only and submit",""
"passed","Thu Nov 06 21:50:01 UTC 2025","Thu Nov 06 21:50:04 UTC 2025","3010","HabitNuWebAppSuite","HabitNuWebAppRegression","WebAppSanityPackage.WebAppClass","WebAppSanityPackage.WebAppClass","case17","Edit Food - Update fields and validate changes",""
"passed","Thu Nov 06 21:40:46 UTC 2025","Thu Nov 06 21:40:47 UTC 2025","427","HabitNuWebAppSuite","HabitNuWebAppRegression","WebAppSanityPackage.ProfileAppClass","WebAppSanityPackage.ProfileAppClass","blankContactNumberValidation","Keep contact number blank → Show validation error",""
"passed","Thu Nov 06 22:13:42 UTC 2025","Thu Nov 06 22:13:42 UTC 2025","751","HabitNuWebAppSuite","HabitNuWebAppRegression","WebAppSanityPackage.GuidedTour","WebAppSanityPackage.GuidedTour","test12_navigatingtourpage5","And user is navigating from fourth slide to fifth and validating",""
"passed","Thu Nov 06 21:41:08 UTC 2025","Thu Nov 06 21:41:08 UTC 2025","278","HabitNuWebAppSuite","HabitNuWebAppRegression","WebAppSanityPackage.ProfileAppClass","WebAppSanityPackage.ProfileAppClass","clickOnEditHealthParameters","Click on Health parameters edit → Should open edit mode",""
"passed","Thu Nov 06 21:46:04 UTC 2025","Thu Nov 06 21:46:08 UTC 2025","3532","HabitNuWebAppSuite","HabitNuWebAppRegression","WebAppSanityPackage.HabitsAppClass","WebAppSanityPackage.HabitsAppClass","case29","Click on Activate and add the habit back",""
"passed","Thu Nov 06 21:38:05 UTC 2025","Thu Nov 06 21:38:05 UTC 2025","344","HabitNuWebAppSuite","HabitNuWebAppRegression","WebAppSanityPackage.BloodPressure_Section","WebAppSanityPackage.BloodPressure_Section","case13","verify negative data as others in Blood Pressure section,Diastolic negative section",""
"passed","Thu Nov 06 21:40:46 UTC 2025","Thu Nov 06 21:40:46 UTC 2025","204","HabitNuWebAppSuite","HabitNuWebAppRegression","WebAppSanityPackage.ProfileAppClass","WebAppSanityPackage.ProfileAppClass","openContactDetailsEdit","Click on Contact Details edit button → Should enter edit mode",""
"passed","Thu Nov 06 21:47:33 UTC 2025","Thu Nov 06 21:47:36 UTC 2025","2208","HabitNuWebAppSuite","HabitNuWebAppRegression","WebAppSanityPackage.Sugar_Section","WebAppSanityPackage.Sugar_Section","case11","verify added today data in Blood Sugar section as Before Meal",""
"passed","Thu Nov 06 21:41:07 UTC 2025","Thu Nov 06 21:41:08 UTC 2025","902","HabitNuWebAppSuite","HabitNuWebAppRegression","WebAppSanityPackage.ProfileAppClass","WebAppSanityPackage.ProfileAppClass","validateContactDetailsFields","Validate presence and absence of fields in Contact Details section",""
"passed","Thu Nov 06 21:49:06 UTC 2025","Thu Nov 06 21:49:09 UTC 2025","2663","HabitNuWebAppSuite","HabitNuWebAppRegression","WebAppSanityPackage.ExerciseSection","WebAppSanityPackage.ExerciseSection","case12","edit data in exercise section",""
"passed","Thu Nov 06 21:39:32 UTC 2025","Thu Nov 06 21:39:33 UTC 2025","245","HabitNuWebAppSuite","HabitNuWebAppRegression","WebAppSanityPackage.DiscussAppClass","WebAppSanityPackage.DiscussAppClass","case3","Post a message with description only (should allow posting)",""
"passed","Thu Nov 06 21:40:03 UTC 2025","Thu Nov 06 21:40:03 UTC 2025","260","HabitNuWebAppSuite","HabitNuWebAppRegression","WebAppSanityPackage.DiscussAppClass","WebAppSanityPackage.DiscussAppClass","case15","Add the comment ( It should add the comment)",""
"passed","Thu Nov 06 21:35:39 UTC 2025","Thu Nov 06 21:35:40 UTC 2025","86","HabitNuWebAppSuite","HabitNuWebAppRegression","WebAppSanityPackage.HomePage","WebAppSanityPackage.HomePage","testNotificationBadgeCount","Verify the notification badge count if it exists",""
"passed","Thu Nov 06 21:50:10 UTC 2025","Thu Nov 06 21:50:11 UTC 2025","1375","HabitNuWebAppSuite","HabitNuWebAppRegression","WebAppSanityPackage.WebAppClass","WebAppSanityPackage.WebAppClass","case20","Add food quantity as 0",""
"passed","Thu Nov 06 22:08:15 UTC 2025","Thu Nov 06 22:08:15 UTC 2025","764","HabitNuWebAppSuite","HabitNuWebAppRegression","WebAppSanityPackage.WebAppHealth_WeightSection","WebAppSanityPackage.WebAppHealth_WeightSection","case12","Add data as double weight",""
"passed","Thu Nov 06 21:48:54 UTC 2025","Thu Nov 06 21:48:55 UTC 2025","754","HabitNuWebAppSuite","HabitNuWebAppRegression","WebAppSanityPackage.ExerciseSection","WebAppSanityPackage.ExerciseSection","case5","add yesterday's Exercise n it should show last added data",""
"passed","Thu Nov 06 22:10:26 UTC 2025","Thu Nov 06 22:10:26 UTC 2025","293","HabitNuWebAppSuite","HabitNuWebAppRegression","WebAppSanityPackage.Medication","WebAppSanityPackage.Medication","case25","Before Food or After Food Selection",""
"passed","Thu Nov 06 21:55:56 UTC 2025","Thu Nov 06 21:55:57 UTC 2025","1338","HabitNuWebAppSuite","HabitNuWebAppRegression","WebAppSanityPackage.foodGrouping","WebAppSanityPackage.foodGrouping","case7","Verify the created group name in Food Group section and Log it In Lunch",""
"passed","Thu Nov 06 21:38:35 UTC 2025","Thu Nov 06 21:38:35 UTC 2025","284","HabitNuWebAppSuite","HabitNuWebAppRegression","WebAppSanityPackage.TobaccoSection","WebAppSanityPackage.TobaccoSection","case2_setTarget","enter target values and do click on 'x' mark and do not save",""
"passed","Thu Nov 06 21:48:16 UTC 2025","Thu Nov 06 21:48:18 UTC 2025","1769","HabitNuWebAppSuite","HabitNuWebAppRegression","WebAppSanityPackage.Sugar_Section","WebAppSanityPackage.Sugar_Section","case19","verify decimal data in Blood Sugar section After meal",""
"passed","Thu Nov 06 21:39:15 UTC 2025","Thu Nov 06 21:39:19 UTC 2025","4478","HabitNuWebAppSuite","HabitNuWebAppRegression","WebAppSanityPackage.TobaccoSection","WebAppSanityPackage.TobaccoSection","case24","verify negative data in Tobocco count section",""
"passed","Thu Nov 06 21:38:02 UTC 2025","Thu Nov 06 21:38:02 UTC 2025","572","HabitNuWebAppSuite","HabitNuWebAppRegression","WebAppSanityPackage.BloodPressure_Section","WebAppSanityPackage.BloodPressure_Section","case5","add yesterday's Blood Pressure n it should show last added data",""
"passed","Thu Nov 06 21:37:44 UTC 2025","Thu Nov 06 21:37:44 UTC 2025","367","HabitNuWebAppSuite","HabitNuWebAppRegression","WebAppSanityPackage.BloodPressure_Section","WebAppSanityPackage.BloodPressure_Section","editTargetWithNegatives","edit -  negative target values and assert messages",""
"broken","Thu Nov 06 22:01:52 UTC 2025","Thu Nov 06 22:02:06 UTC 2025","13626","HabitNuWebAppSuite","HabitNuWebAppRegression","WebAppSanityPackage.habiRecipe","WebAppSanityPackage.habiRecipe","Case14","Selecting the Generated Recipe and Logging It",""
"passed","Thu Nov 06 21:41:14 UTC 2025","Thu Nov 06 21:41:16 UTC 2025","2042","HabitNuWebAppSuite","HabitNuWebAppRegression","WebAppSanityPackage.ProfileAppClass","WebAppSanityPackage.ProfileAppClass","case47","Add Waist (in inches) as valid number and save",""
"passed","Thu Nov 06 21:46:11 UTC 2025","Thu Nov 06 21:46:19 UTC 2025","8169","HabitNuWebAppSuite","HabitNuWebAppRegression","WebAppSanityPackage.Sugar_Section","WebAppSanityPackage.Sugar_Section","noTargetSet","verify no target case",""
"passed","Thu Nov 06 22:08:11 UTC 2025","Thu Nov 06 22:08:15 UTC 2025","3312","HabitNuWebAppSuite","HabitNuWebAppRegression","WebAppSanityPackage.WebAppHealth_WeightSection","WebAppSanityPackage.WebAppHealth_WeightSection","case11","Add data and edit",""
"passed","Thu Nov 06 22:08:03 UTC 2025","Thu Nov 06 22:08:05 UTC 2025","1676","HabitNuWebAppSuite","HabitNuWebAppRegression","WebAppSanityPackage.WebAppHealth_WeightSection","WebAppSanityPackage.WebAppHealth_WeightSection","case3","add yesterday's weight n it should show last added data",""
"passed","Thu Nov 06 22:04:51 UTC 2025","Thu Nov 06 22:04:56 UTC 2025","4839","HabitNuWebAppSuite","HabitNuWebAppRegression","WebAppSanityPackage.habiRecipe","WebAppSanityPackage.habiRecipe","Case30","Selecting the Generated Recipe and Logging It",""
"passed","Thu Nov 06 21:42:17 UTC 2025","Thu Nov 06 21:42:19 UTC 2025","1533","HabitNuWebAppSuite","HabitNuWebAppRegression","WebAppSanityPackage.ProfileAppClass","WebAppSanityPackage.ProfileAppClass","case81","Enter new password only and click Change Password",""
"passed","Thu Nov 06 21:41:44 UTC 2025","Thu Nov 06 21:41:47 UTC 2025","2437","HabitNuWebAppSuite","HabitNuWebAppRegression","WebAppSanityPackage.ProfileAppClass","WebAppSanityPackage.ProfileAppClass","case70","Upload the name only and upload",""
"failed","Thu Nov 06 21:39:09 UTC 2025","Thu Nov 06 21:39:11 UTC 2025","2829","HabitNuWebAppSuite","HabitNuWebAppRegression","WebAppSanityPackage.TobaccoSection","WebAppSanityPackage.TobaccoSection","case18_graphCase6","Load web app -> Click on Health section -> Tobacco section ->>It should verify all the values added in graph",""
"passed","Thu Nov 06 21:43:59 UTC 2025","Thu Nov 06 21:44:10 UTC 2025","10449","HabitNuWebAppSuite","HabitNuWebAppRegression","WebAppSanityPackage.ChatandNotificationsClass","WebAppSanityPackage.ChatandNotificationsClass","case11","HabitNu: This is a reminder for you to keep stepping on your scale, recording your meals, and logging your activity! Check in on our discussion forum to stay in touch with your coach and other Team members!",""
"passed","Thu Nov 06 21:39:25 UTC 2025","Thu Nov 06 21:39:25 UTC 2025","284","HabitNuWebAppSuite","HabitNuWebAppRegression","WebAppSanityPackage.TobaccoSection","WebAppSanityPackage.TobaccoSection","case27","verify decimal data in Tobacco Count section",""
"passed","Thu Nov 06 21:51:33 UTC 2025","Thu Nov 06 21:51:34 UTC 2025","943","HabitNuWebAppSuite","HabitNuWebAppRegression","WebAppSanityPackage.Login","WebAppSanityPackage.Login","testLoginWithInvalidEmailValidPassword","Verify login with invalid email and valid password",""
"passed","Thu Nov 06 21:46:03 UTC 2025","Thu Nov 06 21:46:03 UTC 2025","188","HabitNuWebAppSuite","HabitNuWebAppRegression","WebAppSanityPackage.HabitsAppClass","WebAppSanityPackage.HabitsAppClass","case26","Click on Archive and do not add the habit to archive",""
"passed","Thu Nov 06 22:11:37 UTC 2025","Thu Nov 06 22:11:38 UTC 2025","320","HabitNuWebAppSuite","HabitNuWebAppRegression","WebAppSanityPackage.Myrecipes","WebAppSanityPackage.Myrecipes","test4_fieldsvalidations","Then user is validating the fields in my recipe",""
"passed","Thu Nov 06 21:41:25 UTC 2025","Thu Nov 06 21:41:25 UTC 2025","172","HabitNuWebAppSuite","HabitNuWebAppRegression","WebAppSanityPackage.ProfileAppClass","WebAppSanityPackage.ProfileAppClass","case61","Click on Devices button and it should take to device page",""
"passed","Thu Nov 06 22:11:59 UTC 2025","Thu Nov 06 22:12:04 UTC 2025","5132","HabitNuWebAppSuite","HabitNuWebAppRegression","WebAppSanityPackage.Myrecipes","WebAppSanityPackage.Myrecipes","test15_foodsection","And user is navigating to food section",""
"passed","Thu Nov 06 21:52:22 UTC 2025","Thu Nov 06 21:52:32 UTC 2025","9933","HabitNuWebAppSuite","HabitNuWebAppRegression","WebAppSanityPackage.Hba1c","WebAppSanityPackage.Hba1c","case3","Click on hba1c , click on add new button and add hba1c for last month and and Total count of the day should be 0",""
"passed","Thu Nov 06 21:44:23 UTC 2025","Thu Nov 06 21:44:25 UTC 2025","2719","HabitNuWebAppSuite","HabitNuWebAppRegression","WebAppSanityPackage.HabitsAppClass","WebAppSanityPackage.HabitsAppClass","case1","Click on Habits section (It should take to Habits section)",""
"passed","Thu Nov 06 21:40:47 UTC 2025","Thu Nov 06 21:40:47 UTC 2025","192","HabitNuWebAppSuite","HabitNuWebAppRegression","WebAppSanityPackage.ProfileAppClass","WebAppSanityPackage.ProfileAppClass","addInvalidShortPhoneNumber","Add numbers less than 10 digits → Should show error",""
"broken","Thu Nov 06 21:59:33 UTC 2025","Thu Nov 06 21:59:48 UTC 2025","15732","HabitNuWebAppSuite","HabitNuWebAppRegression","WebAppSanityPackage.habiRecipe","WebAppSanityPackage.habiRecipe","case3","Add Ingredients",""
"passed","Thu Nov 06 21:52:40 UTC 2025","Thu Nov 06 21:52:40 UTC 2025","212","HabitNuWebAppSuite","HabitNuWebAppRegression","WebAppSanityPackage.Hba1c","WebAppSanityPackage.Hba1c","case6","Verify last added monthly and yesterday's data in details page in Hba1c section",""
"passed","Thu Nov 06 22:11:51 UTC 2025","Thu Nov 06 22:11:51 UTC 2025","64","HabitNuWebAppSuite","HabitNuWebAppRegression","WebAppSanityPackage.Myrecipes","WebAppSanityPackage.Myrecipes","test8_validateingredient","Then user is able to validate added ingredient",""
"passed","Thu Nov 06 21:39:04 UTC 2025","Thu Nov 06 21:39:09 UTC 2025","4524","HabitNuWebAppSuite","HabitNuWebAppRegression","WebAppSanityPackage.TobaccoSection","WebAppSanityPackage.TobaccoSection","case17_graphcase3","Load web app -> Click on Health section -> Weight section -> click on three lines -> Click on graph -> click on filter as last year",""
"passed","Thu Nov 06 21:55:42 UTC 2025","Thu Nov 06 21:55:56 UTC 2025","14494","HabitNuWebAppSuite","HabitNuWebAppRegression","WebAppSanityPackage.foodGrouping","WebAppSanityPackage.foodGrouping","case6","add Meal to Lunch",""
"passed","Thu Nov 06 21:42:58 UTC 2025","Thu Nov 06 21:43:00 UTC 2025","1164","HabitNuWebAppSuite","HabitNuWebAppRegression","WebAppSanityPackage.Weights_lbs_Kgs","WebAppSanityPackage.Weights_lbs_Kgs","case8","Set Targets with Unit Toggle and store selected unit",""
"passed","Thu Nov 06 21:58:57 UTC 2025","Thu Nov 06 21:59:00 UTC 2025","3391","HabitNuWebAppSuite","HabitNuWebAppRegression","WebAppSanityPackage.foodGrouping","WebAppSanityPackage.foodGrouping","case24","Deleting a single item from 'My Meal' group",""
"passed","Thu Nov 06 21:46:30 UTC 2025","Thu Nov 06 21:46:31 UTC 2025","396","HabitNuWebAppSuite","HabitNuWebAppRegression","WebAppSanityPackage.Sugar_Section","WebAppSanityPackage.Sugar_Section","editTargetWithNegatives","edit -  negative target values and assert messages",""
"passed","Thu Nov 06 21:45:14 UTC 2025","Thu Nov 06 21:45:17 UTC 2025","2769","HabitNuWebAppSuite","HabitNuWebAppRegression","WebAppSanityPackage.HabitsAppClass","WebAppSanityPackage.HabitsAppClass","case13","Click on Archive and add the habit to archive",""
"passed","Thu Nov 06 22:06:38 UTC 2025","Thu Nov 06 22:06:39 UTC 2025","896","HabitNuWebAppSuite","HabitNuWebAppRegression","WebAppSanityPackage.recipeBuilder","WebAppSanityPackage.recipeBuilder","searchForRecipe","Verify recipe loads upon searching and validate them",""
"passed","Thu Nov 06 21:38:04 UTC 2025","Thu Nov 06 21:38:05 UTC 2025","469","HabitNuWebAppSuite","HabitNuWebAppRegression","WebAppSanityPackage.BloodPressure_Section","WebAppSanityPackage.BloodPressure_Section","case11","verify data should not be more than 100000 in Blood Pressure section,Diastolic should not be grater than 250",""
"passed","Thu Nov 06 21:43:28 UTC 2025","Thu Nov 06 21:43:28 UTC 2025","144","HabitNuWebAppSuite","HabitNuWebAppRegression","WebAppSanityPackage.ChatandNotificationsClass","WebAppSanityPackage.ChatandNotificationsClass","case7","Click on the Mark All as Read",""
"passed","Thu Nov 06 21:39:59 UTC 2025","Thu Nov 06 21:40:00 UTC 2025","493","HabitNuWebAppSuite","HabitNuWebAppRegression","WebAppSanityPackage.DiscussAppClass","WebAppSanityPackage.DiscussAppClass","case11","Edit the post with subject line (should update the post)",""
"passed","Thu Nov 06 22:07:05 UTC 2025","Thu Nov 06 22:07:06 UTC 2025","95","HabitNuWebAppSuite","HabitNuWebAppRegression","WebAppSanityPackage.recipeBuilder","WebAppSanityPackage.recipeBuilder","verifyRemoveFavorites_from_recipeList_page","remove fav recipes from recipe list page",""
"passed","Thu Nov 06 21:46:22 UTC 2025","Thu Nov 06 21:46:22 UTC 2025","336","HabitNuWebAppSuite","HabitNuWebAppRegression","WebAppSanityPackage.Sugar_Section","WebAppSanityPackage.Sugar_Section","setLowTargetMoreThan200","enter Low target more than 1000 and assert messages",""
"passed","Thu Nov 06 21:53:07 UTC 2025","Thu Nov 06 21:53:07 UTC 2025","253","HabitNuWebAppSuite","HabitNuWebAppRegression","WebAppSanityPackage.Hba1c","WebAppSanityPackage.Hba1c","setTargetMoreThan99","enter target more than 14 and assert messages",""
"passed","Thu Nov 06 21:51:26 UTC 2025","Thu Nov 06 21:51:28 UTC 2025","1952","HabitNuWebAppSuite","HabitNuWebAppRegression","WebAppSanityPackage.Login","WebAppSanityPackage.Login","testEmailCaseInsensitive","Verify email input is case-insensitive",""
"passed","Thu Nov 06 21:35:40 UTC 2025","Thu Nov 06 21:35:41 UTC 2025","304","HabitNuWebAppSuite","HabitNuWebAppRegression","WebAppSanityPackage.HomePage","WebAppSanityPackage.HomePage","testExploreSectionItemsAreVisible","Verify all items in the 'Explore' section are visible",""
"passed","Thu Nov 06 22:06:52 UTC 2025","Thu Nov 06 22:06:55 UTC 2025","2161","HabitNuWebAppSuite","HabitNuWebAppRegression","WebAppSanityPackage.recipeBuilder","WebAppSanityPackage.recipeBuilder","verifyFavoriteRecipesByRecipeCal","verify favorite food list under Food > by Recipe Calories",""
"passed","Thu Nov 06 21:51:30 UTC 2025","Thu Nov 06 21:51:31 UTC 2025","1750","HabitNuWebAppSuite","HabitNuWebAppRegression","WebAppSanityPackage.Login","WebAppSanityPackage.Login","testFieldValidationOnBlur","Verify field validations on blur",""
"broken","Thu Nov 06 21:38:44 UTC 2025","Thu Nov 06 21:38:44 UTC 2025","12","HabitNuWebAppSuite","HabitNuWebAppRegression","WebAppSanityPackage.TobaccoSection","WebAppSanityPackage.TobaccoSection","case11_editTargetWithGreaterThan99","edit -  enter target more than 99 and assert messages",""
"broken","Thu Nov 06 22:03:54 UTC 2025","Thu Nov 06 22:04:06 UTC 2025","12257","HabitNuWebAppSuite","HabitNuWebAppRegression","WebAppSanityPackage.habiRecipe","WebAppSanityPackage.habiRecipe","Case25","Selecting the  Generated Recipe of Micronutrient considerations and Logging It",""
"passed","Thu Nov 06 22:08:05 UTC 2025","Thu Nov 06 22:08:07 UTC 2025","2257","HabitNuWebAppSuite","HabitNuWebAppRegression","WebAppSanityPackage.WebAppHealth_WeightSection","WebAppSanityPackage.WebAppHealth_WeightSection","case5","verify added today data",""
"passed","Thu Nov 06 21:58:46 UTC 2025","Thu Nov 06 21:58:49 UTC 2025","3723","HabitNuWebAppSuite","HabitNuWebAppRegression","WebAppSanityPackage.foodGrouping","WebAppSanityPackage.foodGrouping","case22","editing 'My Meal' from existing group, delete items, then cancel",""
"passed","Thu Nov 06 21:50:19 UTC 2025","Thu Nov 06 21:50:21 UTC 2025","1176","HabitNuWebAppSuite","HabitNuWebAppRegression","WebAppSanityPackage.WebAppClass","WebAppSanityPackage.WebAppClass","case24","Custom food delete",""
"passed","Thu Nov 06 21:53:01 UTC 2025","Thu Nov 06 21:53:02 UTC 2025","1325","HabitNuWebAppSuite","HabitNuWebAppRegression","WebAppSanityPackage.Hba1c","WebAppSanityPackage.Hba1c","case12","verify deleting of hba1c datas",""
"passed","Thu Nov 06 21:56:47 UTC 2025","Thu Nov 06 21:56:59 UTC 2025","12063","HabitNuWebAppSuite","HabitNuWebAppRegression","WebAppSanityPackage.foodGrouping","WebAppSanityPackage.foodGrouping","case13","Add food item to Lunch section",""
"passed","Thu Nov 06 21:41:00 UTC 2025","Thu Nov 06 21:41:01 UTC 2025","639","HabitNuWebAppSuite","HabitNuWebAppRegression","WebAppSanityPackage.ProfileAppClass","WebAppSanityPackage.ProfileAppClass","keepZipcodeBlankAndSave","Keep Zipcode blank and save → Should show validation error",""
"passed","Thu Nov 06 21:40:45 UTC 2025","Thu Nov 06 21:40:46 UTC 2025","924","HabitNuWebAppSuite","HabitNuWebAppRegression","WebAppSanityPackage.ProfileAppClass","WebAppSanityPackage.ProfileAppClass","case19","Click on Basic information and validate the presence of expected fields and absence of unexpected fields",""
"passed","Thu Nov 06 21:53:55 UTC 2025","Thu Nov 06 21:53:59 UTC 2025","3261","HabitNuWebAppSuite","HabitNuWebAppRegression","WebAppSanityPackage.waterLog","WebAppSanityPackage.waterLog","case7","Custom Water Log",""
"passed","Thu Nov 06 21:52:32 UTC 2025","Thu Nov 06 21:52:35 UTC 2025","2766","HabitNuWebAppSuite","HabitNuWebAppRegression","WebAppSanityPackage.Hba1c","WebAppSanityPackage.Hba1c","case4","verify added today data in hba1c section ",""
"passed","Thu Nov 06 21:41:24 UTC 2025","Thu Nov 06 21:41:25 UTC 2025","720","HabitNuWebAppSuite","HabitNuWebAppRegression","WebAppSanityPackage.ProfileAppClass","WebAppSanityPackage.ProfileAppClass","validateHealthParametersFields","Validate presence and absence of fields in Health Parameters section",""
"passed","Thu Nov 06 22:07:06 UTC 2025","Thu Nov 06 22:07:12 UTC 2025","5953","HabitNuWebAppSuite","HabitNuWebAppRegression","WebAppSanityPackage.recipeBuilder","WebAppSanityPackage.recipeBuilder","addRecipeToFavorites","Add recipe to favorites via three-dot menu",""
"passed","Thu Nov 06 21:53:51 UTC 2025","Thu Nov 06 21:53:52 UTC 2025","673","HabitNuWebAppSuite","HabitNuWebAppRegression","WebAppSanityPackage.waterLog","WebAppSanityPackage.waterLog","case4","24 oz Water Log",""
"passed","Thu Nov 06 21:49:47 UTC 2025","Thu Nov 06 21:49:48 UTC 2025","1181","HabitNuWebAppSuite","HabitNuWebAppRegression","WebAppSanityPackage.WebAppClass","WebAppSanityPackage.WebAppClass","case12","Click on View Food Log, and add food - Snacks",""
"passed","Thu Nov 06 21:39:01 UTC 2025","Thu Nov 06 21:39:04 UTC 2025","2606","HabitNuWebAppSuite","HabitNuWebAppRegression","WebAppSanityPackage.TobaccoSection","WebAppSanityPackage.TobaccoSection","case16_graphcase2","Load web app -> Click on Health section -> Weight section -> click on three lines -> Click on graph -> click on filter as last month",""
"passed","Thu Nov 06 21:45:12 UTC 2025","Thu Nov 06 21:45:12 UTC 2025","250","HabitNuWebAppSuite","HabitNuWebAppRegression","WebAppSanityPackage.HabitsAppClass","WebAppSanityPackage.HabitsAppClass","case11","Click on Calender and close it without making changes",""
"passed","Thu Nov 06 21:51:21 UTC 2025","Thu Nov 06 21:51:22 UTC 2025","940","HabitNuWebAppSuite","HabitNuWebAppRegression","WebAppSanityPackage.Login","WebAppSanityPackage.Login","testLoginWithDeactivatedUser","Verify error for a disenrolled (deactivated) user",""
"passed","Thu Nov 06 21:36:05 UTC 2025","Thu Nov 06 21:36:06 UTC 2025","601","HabitNuWebAppSuite","HabitNuWebAppRegression","WebAppSanityPackage.HomePage","WebAppSanityPackage.HomePage","testMedicationPageLayout","Verify the Medication Log page layout and functionality",""
"passed","Thu Nov 06 22:07:47 UTC 2025","Thu Nov 06 22:07:47 UTC 2025","359","HabitNuWebAppSuite","HabitNuWebAppRegression","WebAppSanityPackage.WebAppHealth_WeightSection","WebAppSanityPackage.WebAppHealth_WeightSection","editTargetWithGreaterThan99","edit -  enter target more than 999 and assert messages",""
"passed","Thu Nov 06 22:08:11 UTC 2025","Thu Nov 06 22:08:11 UTC 2025","145","HabitNuWebAppSuite","HabitNuWebAppRegression","WebAppSanityPackage.WebAppHealth_WeightSection","WebAppSanityPackage.WebAppHealth_WeightSection","case9","Add data as negative weight",""
"passed","Thu Nov 06 21:55:57 UTC 2025","Thu Nov 06 21:56:08 UTC 2025","10575","HabitNuWebAppSuite","HabitNuWebAppRegression","WebAppSanityPackage.foodGrouping","WebAppSanityPackage.foodGrouping","case8","add Meal to Dinner",""
"passed","Thu Nov 06 22:09:17 UTC 2025","Thu Nov 06 22:09:28 UTC 2025","10745","HabitNuWebAppSuite","HabitNuWebAppRegression","WebAppSanityPackage.Medication","WebAppSanityPackage.Medication","case14","Weight loss medication Edit details on Log",""
"broken","Thu Nov 06 22:00:43 UTC 2025","Thu Nov 06 22:00:55 UTC 2025","12346","HabitNuWebAppSuite","HabitNuWebAppRegression","WebAppSanityPackage.habiRecipe","WebAppSanityPackage.habiRecipe","case8","Generate New Recipe for Dietary restrictions",""
"passed","Thu Nov 06 21:40:40 UTC 2025","Thu Nov 06 21:40:44 UTC 2025","3554","HabitNuWebAppSuite","HabitNuWebAppRegression","WebAppSanityPackage.ProfileAppClass","WebAppSanityPackage.ProfileAppClass","setTimeZoneEasternAndSave","Select Timezone as 'Eastern' and save → should update successfully",""
"passed","Thu Nov 06 21:49:44 UTC 2025","Thu Nov 06 21:49:45 UTC 2025","1031","HabitNuWebAppSuite","HabitNuWebAppRegression","WebAppSanityPackage.WebAppClass","WebAppSanityPackage.WebAppClass","case10","Click on View Food Log, and add food - Lunch via frequent section",""
"passed","Thu Nov 06 21:41:22 UTC 2025","Thu Nov 06 21:41:24 UTC 2025","1487","HabitNuWebAppSuite","HabitNuWebAppRegression","WebAppSanityPackage.ProfileAppClass","WebAppSanityPackage.ProfileAppClass","case55","Select My diabetes status as valid reason and save",""
"passed","Thu Nov 06 21:42:44 UTC 2025","Thu Nov 06 21:42:45 UTC 2025","846","HabitNuWebAppSuite","HabitNuWebAppRegression","WebAppSanityPackage.Weights_lbs_Kgs","WebAppSanityPackage.Weights_lbs_Kgs","case2","Dashboard weights match unit selected",""
"passed","Thu Nov 06 21:43:14 UTC 2025","Thu Nov 06 21:43:18 UTC 2025","3755","HabitNuWebAppSuite","HabitNuWebAppRegression","WebAppSanityPackage.ChatandNotificationsClass","WebAppSanityPackage.ChatandNotificationsClass","case1","Click on chat ( it should open the chat box)",""
"passed","Thu Nov 06 21:40:04 UTC 2025","Thu Nov 06 21:40:05 UTC 2025","308","HabitNuWebAppSuite","HabitNuWebAppRegression","WebAppSanityPackage.DiscussAppClass","WebAppSanityPackage.DiscussAppClass","case22","Post a message in my post",""
"passed","Thu Nov 06 22:01:22 UTC 2025","Thu Nov 06 22:01:27 UTC 2025","5694","HabitNuWebAppSuite","HabitNuWebAppRegression","WebAppSanityPackage.habiRecipe","WebAppSanityPackage.habiRecipe","case11","Food allergies",""
"passed","Thu Nov 06 22:13:41 UTC 2025","Thu Nov 06 22:13:42 UTC 2025","762","HabitNuWebAppSuite","HabitNuWebAppRegression","WebAppSanityPackage.GuidedTour","WebAppSanityPackage.GuidedTour","test11_navigatingtourpage4","And user is navigating from third slide to fourth slide and validating",""
"passed","Thu Nov 06 21:37:46 UTC 2025","Thu Nov 06 21:37:48 UTC 2025","2052","HabitNuWebAppSuite","HabitNuWebAppRegression","WebAppSanityPackage.BloodPressure_Section","WebAppSanityPackage.BloodPressure_Section","case1","Click on health tab and verify no data recorded yet in Blood Pressure section",""
"passed","Thu Nov 06 21:35:40 UTC 2025","Thu Nov 06 21:35:40 UTC 2025","350","HabitNuWebAppSuite","HabitNuWebAppRegression","WebAppSanityPackage.HomePage","WebAppSanityPackage.HomePage","testWeightLossProgressCardData","Verify the Weight Loss Progress card displays correct data",""
"passed","Thu Nov 06 21:47:05 UTC 2025","Thu Nov 06 21:47:06 UTC 2025","907","HabitNuWebAppSuite","HabitNuWebAppRegression","WebAppSanityPackage.Sugar_Section","WebAppSanityPackage.Sugar_Section","case7","Click on Blood Sugar , click on add new button and add Blood Sugar After Meal for current year current date -1",""
"passed","Thu Nov 06 22:07:06 UTC 2025","Thu Nov 06 22:07:06 UTC 2025","210","HabitNuWebAppSuite","HabitNuWebAppRegression","WebAppSanityPackage.recipeBuilder","WebAppSanityPackage.recipeBuilder","verifyRemoveFavorites_from_recipeView_page","remove fav recipes from recipe view page",""
"passed","Thu Nov 06 21:52:09 UTC 2025","Thu Nov 06 21:52:14 UTC 2025","4935","HabitNuWebAppSuite","HabitNuWebAppRegression","WebAppSanityPackage.Hba1c","WebAppSanityPackage.Hba1c","case1","Click on Health tab and verify 'No data recorded yet' in HbA1c section",""
"passed","Thu Nov 06 21:41:12 UTC 2025","Thu Nov 06 21:41:13 UTC 2025","1438","HabitNuWebAppSuite","HabitNuWebAppRegression","WebAppSanityPackage.ProfileAppClass","WebAppSanityPackage.ProfileAppClass","case45","Add Waist (in inches) as 0 and save",""
"passed","Thu Nov 06 21:42:05 UTC 2025","Thu Nov 06 21:42:13 UTC 2025","7927","HabitNuWebAppSuite","HabitNuWebAppRegression","WebAppSanityPackage.ProfileAppClass","WebAppSanityPackage.ProfileAppClass","case75","Click on view file",""
"passed","Thu Nov 06 21:39:00 UTC 2025","Thu Nov 06 21:39:01 UTC 2025","1714","HabitNuWebAppSuite","HabitNuWebAppRegression","WebAppSanityPackage.TobaccoSection","WebAppSanityPackage.TobaccoSection","case15_graphcase1","Load web app -> Click on Health section -> Weight section -> click on three lines -> Click on graph -> click on filter as last week",""
"passed","Thu Nov 06 22:07:49 UTC 2025","Thu Nov 06 22:08:03 UTC 2025","14677","HabitNuWebAppSuite","HabitNuWebAppRegression","WebAppSanityPackage.WebAppHealth_WeightSection","WebAppSanityPackage.WebAppHealth_WeightSection","case2","Click on weight , click on add new button and add weight for last month",""
"passed","Thu Nov 06 21:39:14 UTC 2025","Thu Nov 06 21:39:15 UTC 2025","451","HabitNuWebAppSuite","HabitNuWebAppRegression","WebAppSanityPackage.TobaccoSection","WebAppSanityPackage.TobaccoSection","case23","verify blank data in Tobacco section",""
"passed","Thu Nov 06 21:58:49 UTC 2025","Thu Nov 06 21:58:56 UTC 2025","7220","HabitNuWebAppSuite","HabitNuWebAppRegression","WebAppSanityPackage.foodGrouping","WebAppSanityPackage.foodGrouping","case23","Editing 'My Meal' from existing group, updating all items' quantity in the group",""
"passed","Thu Nov 06 21:37:45 UTC 2025","Thu Nov 06 21:37:46 UTC 2025","785","HabitNuWebAppSuite","HabitNuWebAppRegression","WebAppSanityPackage.BloodPressure_Section","WebAppSanityPackage.BloodPressure_Section","editdiastolicTargetWithBlankValue","edit -  BP cannot be blank",""
"passed","Thu Nov 06 21:49:24 UTC 2025","Thu Nov 06 21:49:28 UTC 2025","3736","HabitNuWebAppSuite","HabitNuWebAppRegression","WebAppSanityPackage.WebAppClass","WebAppSanityPackage.WebAppClass","case3","Click on add food and add the food - Dinner",""
"broken","Thu Nov 06 22:10:11 UTC 2025","Thu Nov 06 22:10:23 UTC 2025","12228","HabitNuWebAppSuite","HabitNuWebAppRegression","WebAppSanityPackage.Medication","WebAppSanityPackage.Medication","case20","Creating new Medications details like selecting",""
"passed","Thu Nov 06 21:51:23 UTC 2025","Thu Nov 06 21:51:24 UTC 2025","486","HabitNuWebAppSuite","HabitNuWebAppRegression","WebAppSanityPackage.Login","WebAppSanityPackage.Login","testLoginWithOnlyEmail","Verify error when only email is provided",""
"passed","Thu Nov 06 21:38:02 UTC 2025","Thu Nov 06 21:38:02 UTC 2025","188","HabitNuWebAppSuite","HabitNuWebAppRegression","WebAppSanityPackage.BloodPressure_Section","WebAppSanityPackage.BloodPressure_Section","case6","Verify last added monthly and yesterday's data in details page in Blood Pressure section",""
"passed","Thu Nov 06 21:40:04 UTC 2025","Thu Nov 06 21:40:04 UTC 2025","93","HabitNuWebAppSuite","HabitNuWebAppRegression","WebAppSanityPackage.DiscussAppClass","WebAppSanityPackage.DiscussAppClass","case20","Click on - button of members ( it should go back )",""
"passed","Thu Nov 06 21:45:21 UTC 2025","Thu Nov 06 21:45:30 UTC 2025","9247","HabitNuWebAppSuite","HabitNuWebAppRegression","WebAppSanityPackage.HabitsAppClass","WebAppSanityPackage.HabitsAppClass","case17","Click on Active Habits dropdown",""
"passed","Thu Nov 06 21:44:33 UTC 2025","Thu Nov 06 21:44:41 UTC 2025","7985","HabitNuWebAppSuite","HabitNuWebAppRegression","WebAppSanityPackage.HabitsAppClass","WebAppSanityPackage.HabitsAppClass","case4","click on forward arrowmark it should take you to current week",""
"passed","Thu Nov 06 21:39:37 UTC 2025","Thu Nov 06 21:39:42 UTC 2025","5302","HabitNuWebAppSuite","HabitNuWebAppRegression","WebAppSanityPackage.DiscussAppClass","WebAppSanityPackage.DiscussAppClass","case6","Upload only a file (should not allow)",""
"passed","Thu Nov 06 22:08:47 UTC 2025","Thu Nov 06 22:08:53 UTC 2025","6203","HabitNuWebAppSuite","HabitNuWebAppRegression","WebAppSanityPackage.Medication","WebAppSanityPackage.Medication","case10","Weight loss medication Edit detials on Yor Medication",""
"passed","Thu Nov 06 21:46:03 UTC 2025","Thu Nov 06 21:46:03 UTC 2025","239","HabitNuWebAppSuite","HabitNuWebAppRegression","WebAppSanityPackage.HabitsAppClass","WebAppSanityPackage.HabitsAppClass","case25","Click on Calender and close it without making changes",""
"passed","Thu Nov 06 21:41:25 UTC 2025","Thu Nov 06 21:41:28 UTC 2025","3325","HabitNuWebAppSuite","HabitNuWebAppRegression","WebAppSanityPackage.ProfileAppClass","WebAppSanityPackage.ProfileAppClass","case62","Click on Upload/View files section",""
"passed","Thu Nov 06 21:42:17 UTC 2025","Thu Nov 06 21:42:17 UTC 2025","268","HabitNuWebAppSuite","HabitNuWebAppRegression","WebAppSanityPackage.ProfileAppClass","WebAppSanityPackage.ProfileAppClass","case80","Enter current password only and click Change Password",""
"passed","Thu Nov 06 21:46:04 UTC 2025","Thu Nov 06 21:46:04 UTC 2025","259","HabitNuWebAppSuite","HabitNuWebAppRegression","WebAppSanityPackage.HabitsAppClass","WebAppSanityPackage.HabitsAppClass","case28","Click on Activate and do not add the habit back",""
"passed","Thu Nov 06 21:58:02 UTC 2025","Thu Nov 06 21:58:27 UTC 2025","24796","HabitNuWebAppSuite","HabitNuWebAppRegression","WebAppSanityPackage.foodGrouping","WebAppSanityPackage.foodGrouping","case19","Create 'My Meal' from logged foods in SNACKS sections",""
"broken","Thu Nov 06 22:09:39 UTC 2025","Thu Nov 06 22:09:49 UTC 2025","10224","HabitNuWebAppSuite","HabitNuWebAppRegression","WebAppSanityPackage.Medication","WebAppSanityPackage.Medication","Case16verifyAddNewMedicationElements","TC: Verify the elements of Add New Medication popup",""
"passed","Thu Nov 06 21:40:03 UTC 2025","Thu Nov 06 21:40:03 UTC 2025","175","HabitNuWebAppSuite","HabitNuWebAppRegression","WebAppSanityPackage.DiscussAppClass","WebAppSanityPackage.DiscussAppClass","case16","Add the comment ( It should add the comment)",""
"passed","Thu Nov 06 21:35:57 UTC 2025","Thu Nov 06 21:35:58 UTC 2025","1500","HabitNuWebAppSuite","HabitNuWebAppRegression","WebAppSanityPackage.HomePage","WebAppSanityPackage.HomePage","testWeightLossProgressSection","Verify Weight Loss Progress panel content and functionality from arrow",""
"passed","Thu Nov 06 21:40:33 UTC 2025","Thu Nov 06 21:40:36 UTC 2025","2972","HabitNuWebAppSuite","HabitNuWebAppRegression","WebAppSanityPackage.ProfileAppClass","WebAppSanityPackage.ProfileAppClass","selectGenderFemaleAndSave","Select Gender as Female and save → Should reflect in profile",""
"passed","Thu Nov 06 21:46:22 UTC 2025","Thu Nov 06 21:46:23 UTC 2025","269","HabitNuWebAppSuite","HabitNuWebAppRegression","WebAppSanityPackage.Sugar_Section","WebAppSanityPackage.Sugar_Section","highTargetWithBlankValue","edit -  high BS cannot be blank",""
"passed","Thu Nov 06 21:42:33 UTC 2025","Thu Nov 06 21:42:35 UTC 2025","1304","HabitNuWebAppSuite","HabitNuWebAppRegression","WebAppSanityPackage.ProfileAppClass","WebAppSanityPackage.ProfileAppClass","case90","Click on Manage Devices and validate connected devices",""
"passed","Thu Nov 06 21:48:33 UTC 2025","Thu Nov 06 21:48:33 UTC 2025","376","HabitNuWebAppSuite","HabitNuWebAppRegression","WebAppSanityPackage.ExerciseSection","WebAppSanityPackage.ExerciseSection","setTargetMoreThan99","enter target more than 1440 and assert messages",""
"passed","Thu Nov 06 21:40:03 UTC 2025","Thu Nov 06 21:40:03 UTC 2025","104","HabitNuWebAppSuite","HabitNuWebAppRegression","WebAppSanityPackage.DiscussAppClass","WebAppSanityPackage.DiscussAppClass","case18","Click on - button of coaches ( it should go back )",""
"passed","Thu Nov 06 21:51:52 UTC 2025","Thu Nov 06 21:51:53 UTC 2025","982","HabitNuWebAppSuite","HabitNuWebAppRegression","WebAppSanityPackage.Login","WebAppSanityPackage.Login","testForgotPasswordWithInvalidEmail","Verify forgot password with invalid/unregistered email",""
"passed","Thu Nov 06 21:35:42 UTC 2025","Thu Nov 06 21:35:47 UTC 2025","5228","HabitNuWebAppSuite","HabitNuWebAppRegression","WebAppSanityPackage.HomePage","WebAppSanityPackage.HomePage","testFoodSection","Verify Food panel content and functionality",""
"passed","Thu Nov 06 21:53:07 UTC 2025","Thu Nov 06 21:53:07 UTC 2025","206","HabitNuWebAppSuite","HabitNuWebAppRegression","WebAppSanityPackage.Hba1c","WebAppSanityPackage.Hba1c","setValidTarget","enter valid Target",""
"passed","Thu Nov 06 21:40:05 UTC 2025","Thu Nov 06 21:40:07 UTC 2025","2255","HabitNuWebAppSuite","HabitNuWebAppRegression","WebAppSanityPackage.DiscussAppClass","WebAppSanityPackage.DiscussAppClass","case23","comment a message in my post",""
"passed","Thu Nov 06 22:02:06 UTC 2025","Thu Nov 06 22:02:12 UTC 2025","5945","HabitNuWebAppSuite","HabitNuWebAppRegression","WebAppSanityPackage.habiRecipe","WebAppSanityPackage.habiRecipe","case15","Diet type",""
"passed","Thu Nov 06 21:49:57 UTC 2025","Thu Nov 06 21:50:01 UTC 2025","3535","HabitNuWebAppSuite","HabitNuWebAppRegression","WebAppSanityPackage.WebAppClass","WebAppSanityPackage.WebAppClass","case16","Click on Date picker and pick any date from calendar and add food",""
"passed","Thu Nov 06 21:35:40 UTC 2025","Thu Nov 06 21:35:40 UTC 2025","77","HabitNuWebAppSuite","HabitNuWebAppRegression","WebAppSanityPackage.HomePage","WebAppSanityPackage.HomePage","testWelcomeMessageIsDisplayed","Verify the personalized welcome message is displayed",""
"passed","Thu Nov 06 22:13:43 UTC 2025","Thu Nov 06 22:13:44 UTC 2025","1127","HabitNuWebAppSuite","HabitNuWebAppRegression","WebAppSanityPackage.GuidedTour","WebAppSanityPackage.GuidedTour","test14_navigatingtourpage7","And user is navigating from sixth slide to seventh and validating",""
"passed","Thu Nov 06 21:46:53 UTC 2025","Thu Nov 06 21:46:55 UTC 2025","1447","HabitNuWebAppSuite","HabitNuWebAppRegression","WebAppSanityPackage.Sugar_Section","WebAppSanityPackage.Sugar_Section","case3","Click on Blood Sugar , click on add new button and add Blood Sugar Before Meal for current year current date ",""
"broken","Thu Nov 06 22:00:13 UTC 2025","Thu Nov 06 22:00:23 UTC 2025","10268","HabitNuWebAppSuite","HabitNuWebAppRegression","WebAppSanityPackage.habiRecipe","WebAppSanityPackage.habiRecipe","Case5","Selecting the Generated Recipe and Logging It",""
"passed","Thu Nov 06 21:45:17 UTC 2025","Thu Nov 06 21:45:17 UTC 2025","185","HabitNuWebAppSuite","HabitNuWebAppRegression","WebAppSanityPackage.HabitsAppClass","WebAppSanityPackage.HabitsAppClass","case14","Click on Activate and do not add the habit back",""
"passed","Thu Nov 06 22:06:45 UTC 2025","Thu Nov 06 22:06:46 UTC 2025","683","HabitNuWebAppSuite","HabitNuWebAppRegression","WebAppSanityPackage.recipeBuilder","WebAppSanityPackage.recipeBuilder","viewTheFavoritedRecipePage","view fav recipe",""
"passed","Thu Nov 06 21:46:57 UTC 2025","Thu Nov 06 21:47:04 UTC 2025","6923","HabitNuWebAppSuite","HabitNuWebAppRegression","WebAppSanityPackage.Sugar_Section","WebAppSanityPackage.Sugar_Section","case5","Click on Blood Sugar , click on add new button and add Blood Sugar fasting for current year current date -1 ",""
"passed","Thu Nov 06 21:43:00 UTC 2025","Thu Nov 06 21:43:00 UTC 2025","818","HabitNuWebAppSuite","HabitNuWebAppRegression","WebAppSanityPackage.Weights_lbs_Kgs","WebAppSanityPackage.Weights_lbs_Kgs","case9","Dashboard weights match unit selected",""
"passed","Thu Nov 06 21:43:26 UTC 2025","Thu Nov 06 21:43:26 UTC 2025","131","HabitNuWebAppSuite","HabitNuWebAppRegression","WebAppSanityPackage.ChatandNotificationsClass","WebAppSanityPackage.ChatandNotificationsClass","case5","Close the chatbox",""
"passed","Thu Nov 06 21:54:04 UTC 2025","Thu Nov 06 21:54:07 UTC 2025","3288","HabitNuWebAppSuite","HabitNuWebAppRegression","WebAppSanityPackage.waterLog","WebAppSanityPackage.waterLog","case13","237 ml Water Log",""
"passed","Thu Nov 06 21:41:13 UTC 2025","Thu Nov 06 21:41:14 UTC 2025","518","HabitNuWebAppSuite","HabitNuWebAppRegression","WebAppSanityPackage.ProfileAppClass","WebAppSanityPackage.ProfileAppClass","case46","Add Waist (in inches) as letters and save",""
"passed","Thu Nov 06 22:06:55 UTC 2025","Thu Nov 06 22:07:05 UTC 2025","10812","HabitNuWebAppSuite","HabitNuWebAppRegression","WebAppSanityPackage.recipeBuilder","WebAppSanityPackage.recipeBuilder","deleteFavRecipesFromFavorites","delete fav recipes from favorite section and validate the same from recipe list page",""
"passed","Thu Nov 06 21:55:40 UTC 2025","Thu Nov 06 21:55:42 UTC 2025","1415","HabitNuWebAppSuite","HabitNuWebAppRegression","WebAppSanityPackage.foodGrouping","WebAppSanityPackage.foodGrouping","case5","Verify the created group name in Food Group section and Log it",""
"passed","Thu Nov 06 22:08:07 UTC 2025","Thu Nov 06 22:08:11 UTC 2025","3518","HabitNuWebAppSuite","HabitNuWebAppRegression","WebAppSanityPackage.WebAppHealth_WeightSection","WebAppSanityPackage.WebAppHealth_WeightSection","case8","Add data as blank",""
"passed","Thu Nov 06 21:38:35 UTC 2025","Thu Nov 06 21:38:35 UTC 2025","420","HabitNuWebAppSuite","HabitNuWebAppRegression","WebAppSanityPackage.TobaccoSection","WebAppSanityPackage.TobaccoSection","case3_ditTargetWithBlankValue","edit -  tobacco cannot be blank",""
"passed","Thu Nov 06 21:44:10 UTC 2025","Thu Nov 06 21:44:20 UTC 2025","10568","HabitNuWebAppSuite","HabitNuWebAppRegression","WebAppSanityPackage.ChatandNotificationsClass","WebAppSanityPackage.ChatandNotificationsClass","case12","Click on Reminder : You have an appointment in an hour",""
"passed","Thu Nov 06 22:09:49 UTC 2025","Thu Nov 06 22:09:50 UTC 2025","272","HabitNuWebAppSuite","HabitNuWebAppRegression","WebAppSanityPackage.Medication","WebAppSanityPackage.Medication","Case17validateMedicationFieldRequired","TC: Keep the Medication field empty and save",""
"passed","Thu Nov 06 21:49:03 UTC 2025","Thu Nov 06 21:49:05 UTC 2025","2486","HabitNuWebAppSuite","HabitNuWebAppRegression","WebAppSanityPackage.ExerciseSection","WebAppSanityPackage.ExerciseSection","case9","verify data should not be more than 100000 in exercise section",""
"passed","Thu Nov 06 22:11:51 UTC 2025","Thu Nov 06 22:11:54 UTC 2025","2185","HabitNuWebAppSuite","HabitNuWebAppRegression","WebAppSanityPackage.Myrecipes","WebAppSanityPackage.Myrecipes","test9_addcustomingredient","When user is able to add custom ingredient",""
"passed","Thu Nov 06 22:11:37 UTC 2025","Thu Nov 06 22:11:37 UTC 2025","241","HabitNuWebAppSuite","HabitNuWebAppRegression","WebAppSanityPackage.Myrecipes","WebAppSanityPackage.Myrecipes","test3_NavigaetoMyRecipes","User is able to navigate to My Recipe page",""
"passed","Thu Nov 06 22:13:25 UTC 2025","Thu Nov 06 22:13:25 UTC 2025","82","HabitNuWebAppSuite","HabitNuWebAppRegression","WebAppSanityPackage.GuidedTour","WebAppSanityPackage.GuidedTour","test3_registration","When user is able to enter the details in registration form",""
"passed","Thu Nov 06 21:47:06 UTC 2025","Thu Nov 06 21:47:16 UTC 2025","10764","HabitNuWebAppSuite","HabitNuWebAppRegression","WebAppSanityPackage.Sugar_Section","WebAppSanityPackage.Sugar_Section","case8","Verify No data added for last 30 days",""
"passed","Thu Nov 06 22:13:44 UTC 2025","Thu Nov 06 22:13:56 UTC 2025","11506","HabitNuWebAppSuite","HabitNuWebAppRegression","WebAppSanityPackage.GuidedTour","WebAppSanityPackage.GuidedTour","test15_backbutton","And User is navigating from last slide to first slide by clicking back button",""
"passed","Thu Nov 06 21:46:31 UTC 2025","Thu Nov 06 21:46:31 UTC 2025","777","HabitNuWebAppSuite","HabitNuWebAppRegression","WebAppSanityPackage.Sugar_Section","WebAppSanityPackage.Sugar_Section","editTargetWithGreaterThan999","edit -  enter High target more than 999 and assert messages",""
"passed","Thu Nov 06 21:35:49 UTC 2025","Thu Nov 06 21:35:57 UTC 2025","7581","HabitNuWebAppSuite","HabitNuWebAppRegression","WebAppSanityPackage.HomePage","WebAppSanityPackage.HomePage","testHabitsSection","Verify Habits panel content and functionality",""
"passed","Thu Nov 06 21:41:36 UTC 2025","Thu Nov 06 21:41:41 UTC 2025","5084","HabitNuWebAppSuite","HabitNuWebAppRegression","WebAppSanityPackage.ProfileAppClass","WebAppSanityPackage.ProfileAppClass","case68","Upload file, name, and type and submit",""
"passed","Thu Nov 06 22:08:15 UTC 2025","Thu Nov 06 22:08:18 UTC 2025","2819","HabitNuWebAppSuite","HabitNuWebAppRegression","WebAppSanityPackage.WebAppHealth_WeightSection","WebAppSanityPackage.WebAppHealth_WeightSection","graphcase1","Load web app -> Click on Health section -> Weight section -> click on three lines -> Click on graph -> click on filter as last week",""
"passed","Thu Nov 06 21:40:16 UTC 2025","Thu Nov 06 21:40:21 UTC 2025","4173","HabitNuWebAppSuite","HabitNuWebAppRegression","WebAppSanityPackage.ProfileAppClass","WebAppSanityPackage.ProfileAppClass","uploadProfilePicture","Add profile picture → should upload",""
"passed","Thu Nov 06 21:41:16 UTC 2025","Thu Nov 06 21:41:17 UTC 2025","1319","HabitNuWebAppSuite","HabitNuWebAppRegression","WebAppSanityPackage.ProfileAppClass","WebAppSanityPackage.ProfileAppClass","case48","Keep Hips (in inches) as blank and save",""
"passed","Thu Nov 06 21:49:28 UTC 2025","Thu Nov 06 21:49:32 UTC 2025","4310","HabitNuWebAppSuite","HabitNuWebAppRegression","WebAppSanityPackage.WebAppClass","WebAppSanityPackage.WebAppClass","case4","Click on add food and add the food - Snacks",""
"passed","Thu Nov 06 21:40:23 UTC 2025","Thu Nov 06 21:40:23 UTC 2025","232","HabitNuWebAppSuite","HabitNuWebAppRegression","WebAppSanityPackage.ProfileAppClass","WebAppSanityPackage.ProfileAppClass","firstNameBlankValidation","Leave first name blank → show error",""
"passed","Thu Nov 06 21:47:37 UTC 2025","Thu Nov 06 21:47:48 UTC 2025","10923","HabitNuWebAppSuite","HabitNuWebAppRegression","WebAppSanityPackage.Sugar_Section","WebAppSanityPackage.Sugar_Section","case13","add yesterday's Blood Sugar n it should show last added data After Meal",""
"passed","Thu Nov 06 21:39:42 UTC 2025","Thu Nov 06 21:39:45 UTC 2025","2781","HabitNuWebAppSuite","HabitNuWebAppRegression","WebAppSanityPackage.DiscussAppClass","WebAppSanityPackage.DiscussAppClass","case7","Upload a message with description and add file (should upload the file)",""
"passed","Thu Nov 06 21:54:04 UTC 2025","Thu Nov 06 21:54:04 UTC 2025","510","HabitNuWebAppSuite","HabitNuWebAppRegression","WebAppSanityPackage.waterLog","WebAppSanityPackage.waterLog","case12","Validate setting reminders and verifying active time slots",""
"passed","Thu Nov 06 21:48:11 UTC 2025","Thu Nov 06 21:48:15 UTC 2025","4814","HabitNuWebAppSuite","HabitNuWebAppRegression","WebAppSanityPackage.Sugar_Section","WebAppSanityPackage.Sugar_Section","case16","verify blank data in Blood Sugar section before meal",""
"broken","Thu Nov 06 21:36:32 UTC 2025","Thu Nov 06 21:36:49 UTC 2025","16689","HabitNuWebAppSuite","HabitNuWebAppRegression","WebAppSanityPackage.HomePage","WebAppSanityPackage.HomePage","testMealsProgressBarByAddingFood","Verify the Meals progress bar updates correctly as meals are added",""
"passed","Thu Nov 06 21:35:58 UTC 2025","Thu Nov 06 21:36:00 UTC 2025","1467","HabitNuWebAppSuite","HabitNuWebAppRegression","WebAppSanityPackage.HomePage","WebAppSanityPackage.HomePage","testSetTargetsSection","Verify 'Set Targets' page content and functionality",""
"broken","Thu Nov 06 21:42:58 UTC 2025","Thu Nov 06 21:42:58 UTC 2025","11","HabitNuWebAppSuite","HabitNuWebAppRegression","WebAppSanityPackage.Weights_lbs_Kgs","WebAppSanityPackage.Weights_lbs_Kgs","setValidTarget","enter valid Target",""
"passed","Thu Nov 06 21:47:59 UTC 2025","Thu Nov 06 21:48:11 UTC 2025","11429","HabitNuWebAppSuite","HabitNuWebAppRegression","WebAppSanityPackage.Sugar_Section","WebAppSanityPackage.Sugar_Section","case15","verify last added monthly and yesterday's data in details page in Blood Sugar section",""
"passed","Thu Nov 06 21:40:12 UTC 2025","Thu Nov 06 21:40:16 UTC 2025","3761","HabitNuWebAppSuite","HabitNuWebAppRegression","WebAppSanityPackage.ProfileAppClass","WebAppSanityPackage.ProfileAppClass","openProfileDropdown","Click profile picture dropdown (should display dropdown options)",""
"broken","Thu Nov 06 21:42:57 UTC 2025","Thu Nov 06 21:42:58 UTC 2025","91","HabitNuWebAppSuite","HabitNuWebAppRegression","WebAppSanityPackage.Weights_lbs_Kgs","WebAppSanityPackage.Weights_lbs_Kgs","Case4","verify placeholder - weight ",""
"passed","Thu Nov 06 21:35:41 UTC 2025","Thu Nov 06 21:35:41 UTC 2025","387","HabitNuWebAppSuite","HabitNuWebAppRegression","WebAppSanityPackage.HomePage","WebAppSanityPackage.HomePage","testNotificationPanelContentAndFunctionality","Verify notification panel content and functionality",""
"passed","Thu Nov 06 21:43:28 UTC 2025","Thu Nov 06 21:43:38 UTC 2025","10386","HabitNuWebAppSuite","HabitNuWebAppRegression","WebAppSanityPackage.ChatandNotificationsClass","WebAppSanityPackage.ChatandNotificationsClass","case8","Click on It’s time to update your habit tracker and it will take you to habit tracker",""
"passed","Thu Nov 06 21:38:04 UTC 2025","Thu Nov 06 21:38:04 UTC 2025","474","HabitNuWebAppSuite","HabitNuWebAppRegression","WebAppSanityPackage.BloodPressure_Section","WebAppSanityPackage.BloodPressure_Section","case10","verify data should not be more than 100000 in Blood Pressure section,Systolic should not be grater than 250",""
"broken","Thu Nov 06 21:42:58 UTC 2025","Thu Nov 06 21:42:58 UTC 2025","16","HabitNuWebAppSuite","HabitNuWebAppRegression","WebAppSanityPackage.Weights_lbs_Kgs","WebAppSanityPackage.Weights_lbs_Kgs","setTargetMoreThan99","enter target more than 999 and assert messages",""
"passed","Thu Nov 06 21:53:50 UTC 2025","Thu Nov 06 21:53:51 UTC 2025","658","HabitNuWebAppSuite","HabitNuWebAppRegression","WebAppSanityPackage.waterLog","WebAppSanityPackage.waterLog","case3","16 oz Water Log",""
"broken","Thu Nov 06 22:01:08 UTC 2025","Thu Nov 06 22:01:21 UTC 2025","13635","HabitNuWebAppSuite","HabitNuWebAppRegression","WebAppSanityPackage.habiRecipe","WebAppSanityPackage.habiRecipe","Case10","Selecting the Generated Recipe and Logging It",""
"passed","Thu Nov 06 22:06:46 UTC 2025","Thu Nov 06 22:06:47 UTC 2025","1036","HabitNuWebAppSuite","HabitNuWebAppRegression","WebAppSanityPackage.recipeBuilder","WebAppSanityPackage.recipeBuilder","clickHereToViewFullRecipe","verify 'View full' recipe button",""
"passed","Thu Nov 06 21:42:17 UTC 2025","Thu Nov 06 21:42:17 UTC 2025","244","HabitNuWebAppSuite","HabitNuWebAppRegression","WebAppSanityPackage.ProfileAppClass","WebAppSanityPackage.ProfileAppClass","case79","Click directly on Change Password without entering any data",""
"passed","Thu Nov 06 21:50:18 UTC 2025","Thu Nov 06 21:50:19 UTC 2025","1810","HabitNuWebAppSuite","HabitNuWebAppRegression","WebAppSanityPackage.WebAppClass","WebAppSanityPackage.WebAppClass","case23","Deleting the Food from Frequent section",""
"passed","Thu Nov 06 21:53:11 UTC 2025","Thu Nov 06 21:53:11 UTC 2025","360","HabitNuWebAppSuite","HabitNuWebAppRegression","WebAppSanityPackage.Hba1c","WebAppSanityPackage.Hba1c","editTargetWithNegatives","edit -  negative target values and assert messages",""
"passed","Thu Nov 06 21:38:36 UTC 2025","Thu Nov 06 21:38:36 UTC 2025","363","HabitNuWebAppSuite","HabitNuWebAppRegression","WebAppSanityPackage.TobaccoSection","WebAppSanityPackage.TobaccoSection","case6_setTargetMoreThan99","enter target more than 99 and assert messages",""
"passed","Thu Nov 06 21:44:58 UTC 2025","Thu Nov 06 21:45:00 UTC 2025","2256","HabitNuWebAppSuite","HabitNuWebAppRegression","WebAppSanityPackage.HabitsAppClass","WebAppSanityPackage.HabitsAppClass","case6","Single Click on habit button and mark a green",""
"passed","Thu Nov 06 21:41:21 UTC 2025","Thu Nov 06 21:41:22 UTC 2025","1483","HabitNuWebAppSuite","HabitNuWebAppRegression","WebAppSanityPackage.ProfileAppClass","WebAppSanityPackage.ProfileAppClass","case53","Select Activity level as valid reason and save",""
"passed","Thu Nov 06 21:52:51 UTC 2025","Thu Nov 06 21:53:01 UTC 2025","9427","HabitNuWebAppSuite","HabitNuWebAppRegression","WebAppSanityPackage.Hba1c","WebAppSanityPackage.Hba1c","case10","edit data in Hba1c section",""
"passed","Thu Nov 06 22:12:11 UTC 2025","Thu Nov 06 22:12:11 UTC 2025","515","HabitNuWebAppSuite","HabitNuWebAppRegression","WebAppSanityPackage.Myrecipes","WebAppSanityPackage.Myrecipes","test17_navigatingrecipe","And User is able to delete the recipe",""
"passed","Thu Nov 06 22:07:30 UTC 2025","Thu Nov 06 22:07:43 UTC 2025","12585","HabitNuWebAppSuite","HabitNuWebAppRegression","WebAppSanityPackage.WebAppHealth_WeightSection","WebAppSanityPackage.WebAppHealth_WeightSection","case1","verify - Blank weights",""
"passed","Thu Nov 06 21:45:49 UTC 2025","Thu Nov 06 21:46:03 UTC 2025","13379","HabitNuWebAppSuite","HabitNuWebAppRegression","WebAppSanityPackage.HabitsAppClass","WebAppSanityPackage.HabitsAppClass","case24","Click on Calender and edit  and save the details",""
"passed","Thu Nov 06 21:38:03 UTC 2025","Thu Nov 06 21:38:03 UTC 2025","234","HabitNuWebAppSuite","HabitNuWebAppRegression","WebAppSanityPackage.BloodPressure_Section","WebAppSanityPackage.BloodPressure_Section","case8","verify negative data in Blood Pressure section,systolic negative ,diastolic blank",""
"broken","Thu Nov 06 22:04:38 UTC 2025","Thu Nov 06 22:04:51 UTC 2025","12238","HabitNuWebAppSuite","HabitNuWebAppRegression","WebAppSanityPackage.habiRecipe","WebAppSanityPackage.habiRecipe","Case29","Selecting the  Generated Recipe of Local food preferences and Logging It",""
"passed","Thu Nov 06 21:55:12 UTC 2025","Thu Nov 06 21:55:12 UTC 2025","66","HabitNuWebAppSuite","HabitNuWebAppRegression","WebAppSanityPackage.foodGrouping","WebAppSanityPackage.foodGrouping","case3","Verify the created group name in Food Group section",""
"broken","Thu Nov 06 22:06:52 UTC 2025","Thu Nov 06 22:06:52 UTC 2025","29","HabitNuWebAppSuite","HabitNuWebAppRegression","WebAppSanityPackage.recipeBuilder","WebAppSanityPackage.recipeBuilder","verifyFavoriteRecipesByRecipeName","verify favorite food list under Food> by Recipe Name",""
"passed","Thu Nov 06 21:53:59 UTC 2025","Thu Nov 06 21:54:00 UTC 2025","1250","HabitNuWebAppSuite","HabitNuWebAppRegression","WebAppSanityPackage.waterLog","WebAppSanityPackage.waterLog","case8","Custom again Water Log",""
"passed","Thu Nov 06 21:45:00 UTC 2025","Thu Nov 06 21:45:01 UTC 2025","1115","HabitNuWebAppSuite","HabitNuWebAppRegression","WebAppSanityPackage.HabitsAppClass","WebAppSanityPackage.HabitsAppClass","case8","double click on habit button and it should open the pop up",""
"passed","Thu Nov 06 22:05:11 UTC 2025","Thu Nov 06 22:05:24 UTC 2025","13246","HabitNuWebAppSuite","HabitNuWebAppRegression","WebAppSanityPackage.habiRecipe","WebAppSanityPackage.habiRecipe","case43"," All the Preferences",""
"passed","Thu Nov 06 21:53:14 UTC 2025","Thu Nov 06 21:53:18 UTC 2025","4246","HabitNuWebAppSuite","HabitNuWebAppRegression","WebAppSanityPackage.generalContentWEB","WebAppSanityPackage.generalContentWEB","case1","Main Page",""
"passed","Thu Nov 06 21:38:35 UTC 2025","Thu Nov 06 21:38:36 UTC 2025","191","HabitNuWebAppSuite","HabitNuWebAppRegression","WebAppSanityPackage.TobaccoSection","WebAppSanityPackage.TobaccoSection","case4_placeHolderOfTobaccoCountValueInputBox","verify placeholder - MAX ",""
"passed","Thu Nov 06 21:45:48 UTC 2025","Thu Nov 06 21:45:49 UTC 2025","811","HabitNuWebAppSuite","HabitNuWebAppRegression","WebAppSanityPackage.HabitsAppClass","WebAppSanityPackage.HabitsAppClass","case22","double click on habit button and it should open the pop up",""
"passed","Thu Nov 06 22:08:53 UTC 2025","Thu Nov 06 22:09:15 UTC 2025","21643","HabitNuWebAppSuite","HabitNuWebAppRegression","WebAppSanityPackage.Medication","WebAppSanityPackage.Medication","editWeightLossMedication","Edit details of Weight Loss Medication",""
"passed","Thu Nov 06 21:46:21 UTC 2025","Thu Nov 06 21:46:21 UTC 2025","811","HabitNuWebAppSuite","HabitNuWebAppRegression","WebAppSanityPackage.Sugar_Section","WebAppSanityPackage.Sugar_Section","setNegativeSystolicTarget","enter negative High target values and assert messages",""
"broken","Thu Nov 06 21:41:10 UTC 2025","Thu Nov 06 21:41:10 UTC 2025","16","HabitNuWebAppSuite","HabitNuWebAppRegression","WebAppSanityPackage.ProfileAppClass","WebAppSanityPackage.ProfileAppClass","addWaistAsLettersAndValidate","Add Waist as letters → Should show validation error",""
"passed","Thu Nov 06 21:59:00 UTC 2025","Thu Nov 06 21:59:16 UTC 2025","15774","HabitNuWebAppSuite","HabitNuWebAppRegression","WebAppSanityPackage.foodGrouping","WebAppSanityPackage.foodGrouping","case25","Create new 'My Meal' group, add random items, edit group name with edge cases, and validate",""
"passed","Thu Nov 06 22:07:47 UTC 2025","Thu Nov 06 22:07:47 UTC 2025","354","HabitNuWebAppSuite","HabitNuWebAppRegression","WebAppSanityPackage.WebAppHealth_WeightSection","WebAppSanityPackage.WebAppHealth_WeightSection","editTargetWithNegatives","edit -  negative target values and assert messages",""
"passed","Thu Nov 06 21:40:23 UTC 2025","Thu Nov 06 21:40:23 UTC 2025","125","HabitNuWebAppSuite","HabitNuWebAppRegression","WebAppSanityPackage.ProfileAppClass","WebAppSanityPackage.ProfileAppClass","editBasicInfo","Click 'Edit' on Basic information → enter edit mode",""
"broken","Thu Nov 06 21:36:18 UTC 2025","Thu Nov 06 21:36:28 UTC 2025","10539","HabitNuWebAppSuite","HabitNuWebAppRegression","WebAppSanityPackage.HomePage","WebAppSanityPackage.HomePage","testDeleteWeights","Verify the Weight progress bar delete weights",""
"passed","Thu Nov 06 21:38:40 UTC 2025","Thu Nov 06 21:38:43 UTC 2025","3137","HabitNuWebAppSuite","HabitNuWebAppRegression","WebAppSanityPackage.TobaccoSection","WebAppSanityPackage.TobaccoSection","case9_editTargetButDoNotSave","edit target values and do click on 'x' mark and do not save",""
"passed","Thu Nov 06 21:57:34 UTC 2025","Thu Nov 06 21:57:48 UTC 2025","14213","HabitNuWebAppSuite","HabitNuWebAppRegression","WebAppSanityPackage.foodGrouping","WebAppSanityPackage.foodGrouping","case17","Create 'My Meal' from logged foods in LUNCH sections",""
"passed","Thu Nov 06 21:50:04 UTC 2025","Thu Nov 06 21:50:07 UTC 2025","3106","HabitNuWebAppSuite","HabitNuWebAppRegression","WebAppSanityPackage.WebAppClass","WebAppSanityPackage.WebAppClass","case18","Attempt to Edit Food without Mandatory Fields",""
"passed","Thu Nov 06 21:37:39 UTC 2025","Thu Nov 06 21:37:39 UTC 2025","374","HabitNuWebAppSuite","HabitNuWebAppRegression","WebAppSanityPackage.BloodPressure_Section","WebAppSanityPackage.BloodPressure_Section","setNegativeDiastolicTarget","enter negative Diastolic target values and assert messages",""
"passed","Thu Nov 06 21:41:01 UTC 2025","Thu Nov 06 21:41:01 UTC 2025","226","HabitNuWebAppSuite","HabitNuWebAppRegression","WebAppSanityPackage.ProfileAppClass","WebAppSanityPackage.ProfileAppClass","keepZipcode4digitsAndSave","Keep Zipcode with 4 numbers and save → Should show validation error",""
"passed","Thu Nov 06 21:51:49 UTC 2025","Thu Nov 06 21:51:50 UTC 2025","1494","HabitNuWebAppSuite","HabitNuWebAppRegression","WebAppSanityPackage.Login","WebAppSanityPackage.Login","testForgotPasswordWithValidEmail","Verify forgot password with valid email shows success message",""
"passed","Thu Nov 06 21:43:22 UTC 2025","Thu Nov 06 21:43:24 UTC 2025","2170","HabitNuWebAppSuite","HabitNuWebAppRegression","WebAppSanityPackage.ChatandNotificationsClass","WebAppSanityPackage.ChatandNotificationsClass","case3","Type a message in chatbox and close the chat",""
"passed","Thu Nov 06 21:51:35 UTC 2025","Thu Nov 06 21:51:36 UTC 2025","1255","HabitNuWebAppSuite","HabitNuWebAppRegression","WebAppSanityPackage.Login","WebAppSanityPackage.Login","testPasswordVisibilityToggle","Verify password visibility toggle",""
"passed","Thu Nov 06 22:05:57 UTC 2025","Thu Nov 06 22:06:02 UTC 2025","4775","HabitNuWebAppSuite","HabitNuWebAppRegression","WebAppSanityPackage.habiRecipe","WebAppSanityPackage.habiRecipe","Case46","Selecting the Generated Recipe and Logging It",""
"passed","Thu Nov 06 21:40:00 UTC 2025","Thu Nov 06 21:40:01 UTC 2025","678","HabitNuWebAppSuite","HabitNuWebAppRegression","WebAppSanityPackage.DiscussAppClass","WebAppSanityPackage.DiscussAppClass","case12","Edit the post with describe line ( It should edit the post)",""
"failed","Thu Nov 06 21:38:43 UTC 2025","Thu Nov 06 21:38:43 UTC 2025","293","HabitNuWebAppSuite","HabitNuWebAppRegression","WebAppSanityPackage.TobaccoSection","WebAppSanityPackage.TobaccoSection","case10_editTargetWithNegatives","edit -  negative target values and assert messages",""
"passed","Thu Nov 06 21:35:40 UTC 2025","Thu Nov 06 21:35:40 UTC 2025","338","HabitNuWebAppSuite","HabitNuWebAppRegression","WebAppSanityPackage.HomePage","WebAppSanityPackage.HomePage","testNavigationBarLinksArePresent","Verify all main navigation links are present",""
"passed","Thu Nov 06 22:08:42 UTC 2025","Thu Nov 06 22:08:42 UTC 2025","366","HabitNuWebAppSuite","HabitNuWebAppRegression","WebAppSanityPackage.Medication","WebAppSanityPackage.Medication","case4","Creating new Medications details like selecting mg or ml.",""
"passed","Thu Nov 06 21:44:25 UTC 2025","Thu Nov 06 21:44:25 UTC 2025","12","HabitNuWebAppSuite","HabitNuWebAppRegression","WebAppSanityPackage.HabitsAppClass","WebAppSanityPackage.HabitsAppClass","case2","If there are no Habits in the Habits section - it should display There are no Habits to display",""
"passed","Thu Nov 06 21:37:38 UTC 2025","Thu Nov 06 21:37:39 UTC 2025","475","HabitNuWebAppSuite","HabitNuWebAppRegression","WebAppSanityPackage.BloodPressure_Section","WebAppSanityPackage.BloodPressure_Section","placeHolderOfBPCountValueInputBox","verify placeholder - systolic and diastolic ",""
"passed","Thu Nov 06 21:45:12 UTC 2025","Thu Nov 06 21:45:14 UTC 2025","2204","HabitNuWebAppSuite","HabitNuWebAppRegression","WebAppSanityPackage.HabitsAppClass","WebAppSanityPackage.HabitsAppClass","case12","Click on Archive and do not add the habit to archive",""
"passed","Thu Nov 06 21:45:18 UTC 2025","Thu Nov 06 21:45:21 UTC 2025","2862","HabitNuWebAppSuite","HabitNuWebAppRegression","WebAppSanityPackage.HabitsAppClass","WebAppSanityPackage.HabitsAppClass","case16","Click on Back button and go back to Habits list",""
"broken","Thu Nov 06 22:03:22 UTC 2025","Thu Nov 06 22:03:35 UTC 2025","13636","HabitNuWebAppSuite","HabitNuWebAppRegression","WebAppSanityPackage.habiRecipe","WebAppSanityPackage.habiRecipe","Case22","Selecting the Generated Recipe and Logging It",""
"passed","Thu Nov 06 21:54:09 UTC 2025","Thu Nov 06 21:54:10 UTC 2025","760","HabitNuWebAppSuite","HabitNuWebAppRegression","WebAppSanityPackage.waterLog","WebAppSanityPackage.waterLog","case16","946 ml Water Log",""
"passed","Thu Nov 06 21:38:07 UTC 2025","Thu Nov 06 21:38:08 UTC 2025","1052","HabitNuWebAppSuite","HabitNuWebAppRegression","WebAppSanityPackage.BloodPressure_Section","WebAppSanityPackage.BloodPressure_Section","case15","verify decimal data in Blood Pressure section",""
"passed","Thu Nov 06 21:41:31 UTC 2025","Thu Nov 06 21:41:33 UTC 2025","2000","HabitNuWebAppSuite","HabitNuWebAppRegression","WebAppSanityPackage.ProfileAppClass","WebAppSanityPackage.ProfileAppClass","case66","Upload a file more than 15 MB",""
"passed","Thu Nov 06 22:13:08 UTC 2025","Thu Nov 06 22:13:18 UTC 2025","10468","HabitNuWebAppSuite","HabitNuWebAppRegression","WebAppSanityPackage.Myrecipes","WebAppSanityPackage.Myrecipes","test19_deleteallrecipes","Then user is able to delete all the recipes and validate no custom recipes",""
"passed","Thu Nov 06 21:42:23 UTC 2025","Thu Nov 06 21:42:24 UTC 2025","333","HabitNuWebAppSuite","HabitNuWebAppRegression","WebAppSanityPackage.ProfileAppClass","WebAppSanityPackage.ProfileAppClass","case85","Click on Language Preferences section",""
"passed","Thu Nov 06 22:06:47 UTC 2025","Thu Nov 06 22:06:47 UTC 2025","591","HabitNuWebAppSuite","HabitNuWebAppRegression","WebAppSanityPackage.recipeBuilder","WebAppSanityPackage.recipeBuilder","ClickViewFullRecipeToViewFullRecipe","verify 'View Full Recipe' recipe button",""
"passed","Thu Nov 06 21:35:47 UTC 2025","Thu Nov 06 21:35:48 UTC 2025","1041","HabitNuWebAppSuite","HabitNuWebAppRegression","WebAppSanityPackage.HomePage","WebAppSanityPackage.HomePage","testHealthSection","Verify Health panel content and functionality",""
"passed","Thu Nov 06 21:39:32 UTC 2025","Thu Nov 06 21:39:32 UTC 2025","327","HabitNuWebAppSuite","HabitNuWebAppRegression","WebAppSanityPackage.DiscussAppClass","WebAppSanityPackage.DiscussAppClass","case2","Post a message with subject only (should show error)",""
"passed","Thu Nov 06 21:48:55 UTC 2025","Thu Nov 06 21:48:56 UTC 2025","1669","HabitNuWebAppSuite","HabitNuWebAppRegression","WebAppSanityPackage.ExerciseSection","WebAppSanityPackage.ExerciseSection","case6","verify last added monthly and yesterday's data in details page in exercise section",""
"passed","Thu Nov 06 21:36:01 UTC 2025","Thu Nov 06 21:36:03 UTC 2025","1517","HabitNuWebAppSuite","HabitNuWebAppRegression","WebAppSanityPackage.HomePage","WebAppSanityPackage.HomePage","testRecipeBookPageLayoutAndTabs","Verify the Recipe Book page layout and tabs",""
"passed","Thu Nov 06 21:42:28 UTC 2025","Thu Nov 06 21:42:30 UTC 2025","2211","HabitNuWebAppSuite","HabitNuWebAppRegression","WebAppSanityPackage.ProfileAppClass","WebAppSanityPackage.ProfileAppClass","case88","Open Notification Preferences from Profile dropdown",""
"passed","Thu Nov 06 21:54:10 UTC 2025","Thu Nov 06 21:54:11 UTC 2025","1441","HabitNuWebAppSuite","HabitNuWebAppRegression","WebAppSanityPackage.waterLog","WebAppSanityPackage.waterLog","case17","1183 ml Water Log",""
"passed","Thu Nov 06 21:38:36 UTC 2025","Thu Nov 06 21:38:37 UTC 2025","249","HabitNuWebAppSuite","HabitNuWebAppRegression","WebAppSanityPackage.TobaccoSection","WebAppSanityPackage.TobaccoSection","case7_setValidTarget","enter valid Target",""
"failed","Thu Nov 06 21:36:06 UTC 2025","Thu Nov 06 21:36:18 UTC 2025","11673","HabitNuWebAppSuite","HabitNuWebAppRegression","WebAppSanityPackage.HomePage","WebAppSanityPackage.HomePage","deleteFoodLogsForPreviousDays","Delete all food logs for the previous seven days",""
"passed","Thu Nov 06 21:51:54 UTC 2025","Thu Nov 06 21:51:56 UTC 2025","1704","HabitNuWebAppSuite","HabitNuWebAppRegression","WebAppSanityPackage.Login","WebAppSanityPackage.Login","testPasswordResetPageAccess","Verify password reset link flow and modal confirmation",""
"passed","Thu Nov 06 21:39:33 UTC 2025","Thu Nov 06 21:39:33 UTC 2025","692","HabitNuWebAppSuite","HabitNuWebAppRegression","WebAppSanityPackage.DiscussAppClass","WebAppSanityPackage.DiscussAppClass","case4","Click on post button without entering message (should not allow posting)",""
"passed","Thu Nov 06 22:06:41 UTC 2025","Thu Nov 06 22:06:45 UTC 2025","4179","HabitNuWebAppSuite","HabitNuWebAppRegression","WebAppSanityPackage.recipeBuilder","WebAppSanityPackage.recipeBuilder","favoriteTheRecipe","verify recipe favorite",""
"passed","Thu Nov 06 22:10:24 UTC 2025","Thu Nov 06 22:10:24 UTC 2025","281","HabitNuWebAppSuite","HabitNuWebAppRegression","WebAppSanityPackage.Medication","WebAppSanityPackage.Medication","case23","Creating new Medications details like selecting Type/Form.",""
"broken","Thu Nov 06 21:53:02 UTC 2025","Thu Nov 06 21:53:03 UTC 2025","1089","HabitNuWebAppSuite","HabitNuWebAppRegression","WebAppSanityPackage.Hba1c","WebAppSanityPackage.Hba1c","setTarget","enter target values and do click on 'x' mark and do not save",""
"passed","Thu Nov 06 22:10:23 UTC 2025","Thu Nov 06 22:10:24 UTC 2025","119","HabitNuWebAppSuite","HabitNuWebAppRegression","WebAppSanityPackage.Medication","WebAppSanityPackage.Medication","case22","Creating new Medications details like selecting mg or ml.",""
"passed","Thu Nov 06 21:48:43 UTC 2025","Thu Nov 06 21:48:43 UTC 2025","225","HabitNuWebAppSuite","HabitNuWebAppRegression","WebAppSanityPackage.ExerciseSection","WebAppSanityPackage.ExerciseSection","case3","Verify No data added for last 30 days",""
"passed","Thu Nov 06 22:08:42 UTC 2025","Thu Nov 06 22:08:42 UTC 2025","214","HabitNuWebAppSuite","HabitNuWebAppRegression","WebAppSanityPackage.Medication","WebAppSanityPackage.Medication","case3","Adding Strength",""
"passed","Thu Nov 06 22:13:42 UTC 2025","Thu Nov 06 22:13:43 UTC 2025","801","HabitNuWebAppSuite","HabitNuWebAppRegression","WebAppSanityPackage.GuidedTour","WebAppSanityPackage.GuidedTour","test13_navigatingtourpage6","And user is navigating from fifth slide to sixth and validating",""
"broken","Thu Nov 06 22:00:24 UTC 2025","Thu Nov 06 22:00:37 UTC 2025","13612","HabitNuWebAppSuite","HabitNuWebAppRegression","WebAppSanityPackage.habiRecipe","WebAppSanityPackage.habiRecipe","Case6","Selecting the Generated Recipe and Logging It",""
"passed","Thu Nov 06 21:56:34 UTC 2025","Thu Nov 06 21:56:47 UTC 2025","12122","HabitNuWebAppSuite","HabitNuWebAppRegression","WebAppSanityPackage.foodGrouping","WebAppSanityPackage.foodGrouping","case12","Add food item to Breakfast section",""
"passed","Thu Nov 06 21:40:28 UTC 2025","Thu Nov 06 21:40:31 UTC 2025","3040","HabitNuWebAppSuite","HabitNuWebAppRegression","WebAppSanityPackage.ProfileAppClass","WebAppSanityPackage.ProfileAppClass","lastNameBlankTest","Leave last name as blank → should show default name or fail gracefully",""
"passed","Thu Nov 06 21:50:21 UTC 2025","Thu Nov 06 21:50:22 UTC 2025","1137","HabitNuWebAppSuite","HabitNuWebAppRegression","WebAppSanityPackage.WebAppClass","WebAppSanityPackage.WebAppClass","case25","Collecting data from food section",""
"failed","Thu Nov 06 22:06:50 UTC 2025","Thu Nov 06 22:06:52 UTC 2025","2046","HabitNuWebAppSuite","HabitNuWebAppRegression","WebAppSanityPackage.recipeBuilder","WebAppSanityPackage.recipeBuilder","verifyFavoriteRecipesUnderFood","verify favorite food list under Food>Favorites",""
"passed","Thu Nov 06 21:40:53 UTC 2025","Thu Nov 06 21:40:54 UTC 2025","1442","HabitNuWebAppSuite","HabitNuWebAppRegression","WebAppSanityPackage.ProfileAppClass","WebAppSanityPackage.ProfileAppClass","editAddressLine2AndSave","Edit Address line 2 and save",""
"passed","Thu Nov 06 21:40:50 UTC 2025","Thu Nov 06 21:40:52 UTC 2025","1772","HabitNuWebAppSuite","HabitNuWebAppRegression","WebAppSanityPackage.ProfileAppClass","WebAppSanityPackage.ProfileAppClass","editAddressLine1AndSave","Edit Address Line 1 and save → Should save successfully",""
"passed","Thu Nov 06 21:46:25 UTC 2025","Thu Nov 06 21:46:30 UTC 2025","4779","HabitNuWebAppSuite","HabitNuWebAppRegression","WebAppSanityPackage.Sugar_Section","WebAppSanityPackage.Sugar_Section","editTargetButDoNotSave","edit target values and do click on 'x' mark and do not save",""
"passed","Thu Nov 06 21:49:48 UTC 2025","Thu Nov 06 21:49:51 UTC 2025","2536","HabitNuWebAppSuite","HabitNuWebAppRegression","WebAppSanityPackage.WebAppClass","WebAppSanityPackage.WebAppClass","case13","Click on View Food Log, Edit a Food Item, Change Date and Save",""
"passed","Thu Nov 06 21:48:56 UTC 2025","Thu Nov 06 21:48:59 UTC 2025","2487","HabitNuWebAppSuite","HabitNuWebAppRegression","WebAppSanityPackage.ExerciseSection","WebAppSanityPackage.ExerciseSection","case7","verify blank data in exercise section",""
"passed","Thu Nov 06 21:49:45 UTC 2025","Thu Nov 06 21:49:47 UTC 2025","1641","HabitNuWebAppSuite","HabitNuWebAppRegression","WebAppSanityPackage.WebAppClass","WebAppSanityPackage.WebAppClass","case11","Click on View Food Log, and add food - Dinner",""
"passed","Thu Nov 06 21:41:41 UTC 2025","Thu Nov 06 21:41:44 UTC 2025","3165","HabitNuWebAppSuite","HabitNuWebAppRegression","WebAppSanityPackage.ProfileAppClass","WebAppSanityPackage.ProfileAppClass","case69","Upload file, name, type and cancel",""
"passed","Thu Nov 06 22:07:44 UTC 2025","Thu Nov 06 22:07:46 UTC 2025","1332","HabitNuWebAppSuite","HabitNuWebAppRegression","WebAppSanityPackage.WebAppHealth_WeightSection","WebAppSanityPackage.WebAppHealth_WeightSection","setValidTarget","enter valid Target",""
"passed","Thu Nov 06 21:40:21 UTC 2025","Thu Nov 06 21:40:21 UTC 2025","674","HabitNuWebAppSuite","HabitNuWebAppRegression","WebAppSanityPackage.ProfileAppClass","WebAppSanityPackage.ProfileAppClass","uploadInvalidProfilePicture","Try adding PDF as profile picture → should NOT allow",""
"broken","Thu Nov 06 22:11:20 UTC 2025","Thu Nov 06 22:11:30 UTC 2025","10252","HabitNuWebAppSuite","HabitNuWebAppRegression","WebAppSanityPackage.Medication","WebAppSanityPackage.Medication","case34","Medication Log History ",""
"broken","Thu Nov 06 22:03:09 UTC 2025","Thu Nov 06 22:03:22 UTC 2025","12299","HabitNuWebAppSuite","HabitNuWebAppRegression","WebAppSanityPackage.habiRecipe","WebAppSanityPackage.habiRecipe","Case21","Selecting the  Generated Recipe of Macronutrient considerations and Logging It",""
"passed","Thu Nov 06 21:56:11 UTC 2025","Thu Nov 06 21:56:31 UTC 2025","20437","HabitNuWebAppSuite","HabitNuWebAppRegression","WebAppSanityPackage.foodGrouping","WebAppSanityPackage.foodGrouping","case10","add Meal to Snacks",""
"passed","Thu Nov 06 21:51:47 UTC 2025","Thu Nov 06 21:51:48 UTC 2025","1004","HabitNuWebAppSuite","HabitNuWebAppRegression","WebAppSanityPackage.Login","WebAppSanityPackage.Login","testForgotPasswordFlow","Verify the 'Forgot Password' flow sends a reset link",""
"passed","Thu Nov 06 22:08:05 UTC 2025","Thu Nov 06 22:08:05 UTC 2025","169","HabitNuWebAppSuite","HabitNuWebAppRegression","WebAppSanityPackage.WebAppHealth_WeightSection","WebAppSanityPackage.WebAppHealth_WeightSection","case4","verify last added monthly and yesterday's data in details page",""
"passed","Thu Nov 06 21:53:52 UTC 2025","Thu Nov 06 21:53:53 UTC 2025","1260","HabitNuWebAppSuite","HabitNuWebAppRegression","WebAppSanityPackage.waterLog","WebAppSanityPackage.waterLog","case5","32 oz Water Log",""
"passed","Thu Nov 06 22:08:44 UTC 2025","Thu Nov 06 22:08:45 UTC 2025","1131","HabitNuWebAppSuite","HabitNuWebAppRegression","WebAppSanityPackage.Medication","WebAppSanityPackage.Medication","case8","Creating new Medications details like selecting add time (What time(s) do you want to take this medication?",""
"passed","Thu Nov 06 22:08:24 UTC 2025","Thu Nov 06 22:08:26 UTC 2025","2234","HabitNuWebAppSuite","HabitNuWebAppRegression","WebAppSanityPackage.WebAppHealth_WeightSection","WebAppSanityPackage.WebAppHealth_WeightSection","graphcase5","Load web app -> Click on Health section -> Weight section -> click on ""i"" symbol",""
"passed","Thu Nov 06 21:59:32 UTC 2025","Thu Nov 06 21:59:33 UTC 2025","268","HabitNuWebAppSuite","HabitNuWebAppRegression","WebAppSanityPackage.habiRecipe","WebAppSanityPackage.habiRecipe","case2","Habi's Recipes",""
"passed","Thu Nov 06 22:08:42 UTC 2025","Thu Nov 06 22:08:42 UTC 2025","228","HabitNuWebAppSuite","HabitNuWebAppRegression","WebAppSanityPackage.Medication","WebAppSanityPackage.Medication","case5","Creating new Medications details like selecting Type/Form.",""
"passed","Thu Nov 06 21:44:25 UTC 2025","Thu Nov 06 21:44:33 UTC 2025","7994","HabitNuWebAppSuite","HabitNuWebAppRegression","WebAppSanityPackage.HabitsAppClass","WebAppSanityPackage.HabitsAppClass","case3","Click on backward arrowmark it should take to last week",""
"passed","Thu Nov 06 21:52:40 UTC 2025","Thu Nov 06 21:52:44 UTC 2025","4510","HabitNuWebAppSuite","HabitNuWebAppRegression","WebAppSanityPackage.Hba1c","WebAppSanityPackage.Hba1c","case7","verify blank data in Hba1c section",""
"passed","Thu Nov 06 21:48:34 UTC 2025","Thu Nov 06 21:48:34 UTC 2025","304","HabitNuWebAppSuite","HabitNuWebAppRegression","WebAppSanityPackage.ExerciseSection","WebAppSanityPackage.ExerciseSection","editTargetValid","edit Target - valid",""
"passed","Thu Nov 06 21:50:22 UTC 2025","Thu Nov 06 21:50:22 UTC 2025","0","HabitNuWebAppSuite","HabitNuWebAppRegression","WebAppSanityPackage.WebAppClass","WebAppSanityPackage.WebAppClass","case29","Powered by Edaman link test case",""
"passed","Thu Nov 06 21:40:02 UTC 2025","Thu Nov 06 21:40:03 UTC 2025","754","HabitNuWebAppSuite","HabitNuWebAppRegression","WebAppSanityPackage.DiscussAppClass","WebAppSanityPackage.DiscussAppClass","case14","Edit the post message and then cancel it ( It should not edit the post)",""
"passed","Thu Nov 06 21:37:40 UTC 2025","Thu Nov 06 21:37:41 UTC 2025","878","HabitNuWebAppSuite","HabitNuWebAppRegression","WebAppSanityPackage.BloodPressure_Section","WebAppSanityPackage.BloodPressure_Section","setValidTarget","enter valid Target",""
"passed","Thu Nov 06 22:08:45 UTC 2025","Thu Nov 06 22:08:47 UTC 2025","1957","HabitNuWebAppSuite","HabitNuWebAppRegression","WebAppSanityPackage.Medication","WebAppSanityPackage.Medication","case9","Creating new Medications details like selecting add time (What time(s) do you want to take this medication?",""
"passed","Thu Nov 06 21:45:49 UTC 2025","Thu Nov 06 21:45:49 UTC 2025","783","HabitNuWebAppSuite","HabitNuWebAppRegression","WebAppSanityPackage.HabitsAppClass","WebAppSanityPackage.HabitsAppClass","case23","Click on Edit and edit the habit",""
"passed","Thu Nov 06 21:52:14 UTC 2025","Thu Nov 06 21:52:22 UTC 2025","8053","HabitNuWebAppSuite","HabitNuWebAppRegression","WebAppSanityPackage.Hba1c","WebAppSanityPackage.Hba1c","case2","Click on HbA1c , click on add new button and add hba1c for last year",""
"passed","Thu Nov 06 21:50:22 UTC 2025","Thu Nov 06 21:50:22 UTC 2025","172","HabitNuWebAppSuite","HabitNuWebAppRegression","WebAppSanityPackage.WebAppClass","WebAppSanityPackage.WebAppClass","case26","Collecting data from food section-Carbs",""
"passed","Thu Nov 06 21:48:31 UTC 2025","Thu Nov 06 21:48:32 UTC 2025","252","HabitNuWebAppSuite","HabitNuWebAppRegression","WebAppSanityPackage.ExerciseSection","WebAppSanityPackage.ExerciseSection","AsetTarget","enter target values and do click on 'x' mark and do not save",""
"broken","Thu Nov 06 21:38:47 UTC 2025","Thu Nov 06 21:38:59 UTC 2025","12234","HabitNuWebAppSuite","HabitNuWebAppRegression","WebAppSanityPackage.TobaccoSection","WebAppSanityPackage.TobaccoSection","case13","Click on tobacco , click on add new button and add tobacco for last year and and Total count of the day should be 0",""
"passed","Thu Nov 06 21:48:37 UTC 2025","Thu Nov 06 21:48:41 UTC 2025","4167","HabitNuWebAppSuite","HabitNuWebAppRegression","WebAppSanityPackage.ExerciseSection","WebAppSanityPackage.ExerciseSection","case1","Click on health tab and verify no data recorded yet in Exercise section ",""
"passed","Thu Nov 06 21:37:16 UTC 2025","Thu Nov 06 21:37:26 UTC 2025","9686","HabitNuWebAppSuite","HabitNuWebAppRegression","WebAppSanityPackage.HomePage","WebAppSanityPackage.HomePage","testWeightLossProgressCardAndValidation","Verify the progress bar updates correctly as wweights are added",""
"passed","Thu Nov 06 21:43:24 UTC 2025","Thu Nov 06 21:43:26 UTC 2025","2031","HabitNuWebAppSuite","HabitNuWebAppRegression","WebAppSanityPackage.ChatandNotificationsClass","WebAppSanityPackage.ChatandNotificationsClass","case4","Without typing the message click on enter",""
"passed","Thu Nov 06 22:07:16 UTC 2025","Thu Nov 06 22:07:27 UTC 2025","10888","HabitNuWebAppSuite","HabitNuWebAppRegression","WebAppSanityPackage.recipeBuilder","WebAppSanityPackage.recipeBuilder","logRecipeFromThreeDotMenu","Log recipe from three-dot menu and then delete logs",""
"failed","Thu Nov 06 21:42:35 UTC 2025","Thu Nov 06 21:42:36 UTC 2025","1221","HabitNuWebAppSuite","HabitNuWebAppRegression","WebAppSanityPackage.ProfileAppClass","WebAppSanityPackage.ProfileAppClass","case91","Click on Profile Dropdown and validate List of options",""
"passed","Thu Nov 06 21:54:25 UTC 2025","Thu Nov 06 21:55:04 UTC 2025","39077","HabitNuWebAppSuite","HabitNuWebAppRegression","WebAppSanityPackage.foodGrouping","WebAppSanityPackage.foodGrouping","case1","Main Page Navigation",""
"passed","Thu Nov 06 21:37:48 UTC 2025","Thu Nov 06 21:37:50 UTC 2025","1937","HabitNuWebAppSuite","HabitNuWebAppRegression","WebAppSanityPackage.BloodPressure_Section","WebAppSanityPackage.BloodPressure_Section","case2","Click on Blood Pressure , click on add new button and add blood for last year and and Total minutes of the day should be 0",""
"passed","Thu Nov 06 21:41:47 UTC 2025","Thu Nov 06 21:41:50 UTC 2025","3512","HabitNuWebAppSuite","HabitNuWebAppRegression","WebAppSanityPackage.ProfileAppClass","WebAppSanityPackage.ProfileAppClass","case72","Upload the file type and upload",""
"passed","Thu Nov 06 21:51:11 UTC 2025","Thu Nov 06 21:51:14 UTC 2025","2472","HabitNuWebAppSuite","HabitNuWebAppRegression","WebAppSanityPackage.Login","WebAppSanityPackage.Login","testLoginWithInvalidPassword","Verify error for a valid email with an invalid password",""
"passed","Thu Nov 06 22:06:33 UTC 2025","Thu Nov 06 22:06:38 UTC 2025","4384","HabitNuWebAppSuite","HabitNuWebAppRegression","WebAppSanityPackage.recipeBuilder","WebAppSanityPackage.recipeBuilder","verifyRecipeSectionOnHomePage","Verify recipe section on Home Page",""
"passed","Thu Nov 06 21:48:32 UTC 2025","Thu Nov 06 21:48:32 UTC 2025","348","HabitNuWebAppSuite","HabitNuWebAppRegression","WebAppSanityPackage.ExerciseSection","WebAppSanityPackage.ExerciseSection","BeditTargetWithBlankValue","edit -  Exercise cannot be blank",""
"passed","Thu Nov 06 22:14:10 UTC 2025","Thu Nov 06 22:14:12 UTC 2025","1662","HabitNuWebAppSuite","HabitNuWebAppRegression","WebAppSanityPackage.GuidedTour","WebAppSanityPackage.GuidedTour","test19_maybelater","Then User is able to explore the guided tour after sometimes",""
"passed","Thu Nov 06 21:40:16 UTC 2025","Thu Nov 06 21:40:16 UTC 2025","106","HabitNuWebAppSuite","HabitNuWebAppRegression","WebAppSanityPackage.ProfileAppClass","WebAppSanityPackage.ProfileAppClass","openProfileDetails","Click on 'View profile details' → open profile page",""
"passed","Thu Nov 06 21:50:56 UTC 2025","Thu Nov 06 21:51:10 UTC 2025","13592","HabitNuWebAppSuite","HabitNuWebAppRegression","WebAppSanityPackage.Login","WebAppSanityPackage.Login","testLogout","Verify error for a valid email with an invalid password",""
"passed","Thu Nov 06 22:13:56 UTC 2025","Thu Nov 06 22:14:08 UTC 2025","12603","HabitNuWebAppSuite","HabitNuWebAppRegression","WebAppSanityPackage.GuidedTour","WebAppSanityPackage.GuidedTour","test16_finishtour","And user is navigating first to last slide and validating finish button",""
"passed","Thu Nov 06 21:52:02 UTC 2025","Thu Nov 06 21:52:06 UTC 2025","4090","HabitNuWebAppSuite","HabitNuWebAppRegression","WebAppSanityPackage.Login","WebAppSanityPackage.Login","testProjectPowerRegisterNavigation","Verify Register navigation in Project Power",""
"passed","Thu Nov 06 21:51:15 UTC 2025","Thu Nov 06 21:51:15 UTC 2025","300","HabitNuWebAppSuite","HabitNuWebAppRegression","WebAppSanityPackage.Login","WebAppSanityPackage.Login","testLoginWithEmptyCredentials","Verify validation errors for empty email and password fields",""
"broken","Thu Nov 06 22:06:02 UTC 2025","Thu Nov 06 22:06:31 UTC 2025","28601","HabitNuWebAppSuite","HabitNuWebAppRegression","WebAppSanityPackage.habiRecipe","WebAppSanityPackage.habiRecipe","Case47","Selecting the Generated Recipe and Regenrating it",""
"passed","Thu Nov 06 21:38:02 UTC 2025","Thu Nov 06 21:38:03 UTC 2025","544","HabitNuWebAppSuite","HabitNuWebAppRegression","WebAppSanityPackage.BloodPressure_Section","WebAppSanityPackage.BloodPressure_Section","case7","verify blank data in Blood Pressure section",""
"passed","Thu Nov 06 21:42:36 UTC 2025","Thu Nov 06 21:42:37 UTC 2025","699","HabitNuWebAppSuite","HabitNuWebAppRegression","WebAppSanityPackage.ProfileAppClass","WebAppSanityPackage.ProfileAppClass","case92","Sign out and validate Terms of Use link visible",""
"passed","Thu Nov 06 22:07:44 UTC 2025","Thu Nov 06 22:07:44 UTC 2025","415","HabitNuWebAppSuite","HabitNuWebAppRegression","WebAppSanityPackage.WebAppHealth_WeightSection","WebAppSanityPackage.WebAppHealth_WeightSection","setTargetMoreThan99","enter target more than 999 and assert messages",""
"passed","Thu Nov 06 21:37:39 UTC 2025","Thu Nov 06 21:37:39 UTC 2025","388","HabitNuWebAppSuite","HabitNuWebAppRegression","WebAppSanityPackage.BloodPressure_Section","WebAppSanityPackage.BloodPressure_Section","setNegativeSystolicTarget","enter negative Systolic target values and assert messages",""
"passed","Thu Nov 06 21:49:33 UTC 2025","Thu Nov 06 21:49:34 UTC 2025","1014","HabitNuWebAppSuite","HabitNuWebAppRegression","WebAppSanityPackage.WebAppClass","WebAppSanityPackage.WebAppClass","case6","Click on Add food, Go to frequent section check whether the same food is listed",""
"passed","Thu Nov 06 21:39:47 UTC 2025","Thu Nov 06 21:39:51 UTC 2025","3524","HabitNuWebAppSuite","HabitNuWebAppRegression","WebAppSanityPackage.DiscussAppClass","WebAppSanityPackage.DiscussAppClass","case9","Upload a message with subject, description, and file over 10MB (should not allow)",""
"passed","Thu Nov 06 21:38:36 UTC 2025","Thu Nov 06 21:38:36 UTC 2025","354","HabitNuWebAppSuite","HabitNuWebAppRegression","WebAppSanityPackage.TobaccoSection","WebAppSanityPackage.TobaccoSection","case5_setNegativeTarget","enter negative target values and assert messages",""
"passed","Thu Nov 06 22:11:36 UTC 2025","Thu Nov 06 22:11:37 UTC 2025","887","HabitNuWebAppSuite","HabitNuWebAppRegression","WebAppSanityPackage.Myrecipes","WebAppSanityPackage.Myrecipes","test2_clickonMyRecipes","When user Click on My Recipe",""
"passed","Thu Nov 06 21:48:59 UTC 2025","Thu Nov 06 21:49:03 UTC 2025","4133","HabitNuWebAppSuite","HabitNuWebAppRegression","WebAppSanityPackage.ExerciseSection","WebAppSanityPackage.ExerciseSection","case8","verify negative data in exercise section",""
"passed","Thu Nov 06 21:48:36 UTC 2025","Thu Nov 06 21:48:37 UTC 2025","511","HabitNuWebAppSuite","HabitNuWebAppRegression","WebAppSanityPackage.ExerciseSection","WebAppSanityPackage.ExerciseSection","editTargetWithGreaterThan99","edit -  enter target more than 1440 and assert messages",""
"passed","Thu Nov 06 21:46:23 UTC 2025","Thu Nov 06 21:46:23 UTC 2025","267","HabitNuWebAppSuite","HabitNuWebAppRegression","WebAppSanityPackage.Sugar_Section","WebAppSanityPackage.Sugar_Section","lowTargetWithBlankValue","edit -  low BS cannot be blank",""
"passed","Thu Nov 06 21:52:35 UTC 2025","Thu Nov 06 21:52:40 UTC 2025","4861","HabitNuWebAppSuite","HabitNuWebAppRegression","WebAppSanityPackage.Hba1c","WebAppSanityPackage.Hba1c","case5","add yesterday's hba1c n it should show last added data",""
"passed","Thu Nov 06 21:45:30 UTC 2025","Thu Nov 06 21:45:32 UTC 2025","2230","HabitNuWebAppSuite","HabitNuWebAppRegression","WebAppSanityPackage.HabitsAppClass","WebAppSanityPackage.HabitsAppClass","case18","Click on Active Habits dropdown",""
"failed","Thu Nov 06 22:08:26 UTC 2025","Thu Nov 06 22:08:27 UTC 2025","1084","HabitNuWebAppSuite","HabitNuWebAppRegression","WebAppSanityPackage.WebAppHealth_WeightSection","WebAppSanityPackage.WebAppHealth_WeightSection","graphCase6","Load web app -> Click on Health section -> Weight section -> verify graph values",""
"passed","Thu Nov 06 22:13:40 UTC 2025","Thu Nov 06 22:13:41 UTC 2025","772","HabitNuWebAppSuite","HabitNuWebAppRegression","WebAppSanityPackage.GuidedTour","WebAppSanityPackage.GuidedTour","test10_navigatingtourpage3","And user is navigating from second slide to third slide and validating",""
"passed","Thu Nov 06 21:51:37 UTC 2025","Thu Nov 06 21:51:42 UTC 2025","4792","HabitNuWebAppSuite","HabitNuWebAppRegression","WebAppSanityPackage.Login","WebAppSanityPackage.Login","testLoginWithValidOTP","Verify successful login using a valid OTP from email",""
"passed","Thu Nov 06 21:40:25 UTC 2025","Thu Nov 06 21:40:28 UTC 2025","3177","HabitNuWebAppSuite","HabitNuWebAppRegression","WebAppSanityPackage.ProfileAppClass","WebAppSanityPackage.ProfileAppClass","editLastName","Edit first + last name and save → should reflect",""
"passed","Thu Nov 06 21:45:00 UTC 2025","Thu Nov 06 21:45:00 UTC 2025","232","HabitNuWebAppSuite","HabitNuWebAppRegression","WebAppSanityPackage.HabitsAppClass","WebAppSanityPackage.HabitsAppClass","case7","Single click on habit button and mark a red",""
"passed","Thu Nov 06 21:37:41 UTC 2025","Thu Nov 06 21:37:41 UTC 2025","416","HabitNuWebAppSuite","HabitNuWebAppRegression","WebAppSanityPackage.BloodPressure_Section","WebAppSanityPackage.BloodPressure_Section","editTargetValid","edit Target - valid",""
"passed","Thu Nov 06 21:39:28 UTC 2025","Thu Nov 06 21:39:32 UTC 2025","4333","HabitNuWebAppSuite","HabitNuWebAppRegression","WebAppSanityPackage.DiscussAppClass","WebAppSanityPackage.DiscussAppClass","case1","Post a message with subject and description (should allow posting)",""
"broken","Thu Nov 06 22:10:24 UTC 2025","Thu Nov 06 22:10:25 UTC 2025","1636","HabitNuWebAppSuite","HabitNuWebAppRegression","WebAppSanityPackage.Medication","WebAppSanityPackage.Medication","case24","Coach- Users- Medication- Creating new Medications details like selecting Dosage",""
"broken","Thu Nov 06 21:39:14 UTC 2025","Thu Nov 06 21:39:14 UTC 2025","30","HabitNuWebAppSuite","HabitNuWebAppRegression","WebAppSanityPackage.TobaccoSection","WebAppSanityPackage.TobaccoSection","case22","Click on tobacco , click on add new button and add tobacco for last month and and Total count of the day should be 0",""
"passed","Thu Nov 06 21:53:04 UTC 2025","Thu Nov 06 21:53:07 UTC 2025","3267","HabitNuWebAppSuite","HabitNuWebAppRegression","WebAppSanityPackage.Hba1c","WebAppSanityPackage.Hba1c","editTargetWithBlankValue","edit -  HbA1c cannot be blank",""
"passed","Thu Nov 06 21:37:29 UTC 2025","Thu Nov 06 21:37:35 UTC 2025","5691","HabitNuWebAppSuite","HabitNuWebAppRegression","WebAppSanityPackage.BloodPressure_Section","WebAppSanityPackage.BloodPressure_Section","noTargetSet","verify no target case",""
"passed","Thu Nov 06 22:07:46 UTC 2025","Thu Nov 06 22:07:47 UTC 2025","807","HabitNuWebAppSuite","HabitNuWebAppRegression","WebAppSanityPackage.WebAppHealth_WeightSection","WebAppSanityPackage.WebAppHealth_WeightSection","editTargetButDoNotSave","edit target values and do click on 'x' mark and do not save",""
"passed","Thu Nov 06 21:49:39 UTC 2025","Thu Nov 06 21:49:39 UTC 2025","1","HabitNuWebAppSuite","HabitNuWebAppRegression","WebAppSanityPackage.WebAppClass","WebAppSanityPackage.WebAppClass","case8","Click on Add Food, go to recipes and search and add it",""
"passed","Thu Nov 06 21:48:32 UTC 2025","Thu Nov 06 21:48:32 UTC 2025","176","HabitNuWebAppSuite","HabitNuWebAppRegression","WebAppSanityPackage.ExerciseSection","WebAppSanityPackage.ExerciseSection","placeHolderOfTobaccoCountValueInputBox","verify placeholder - Exercise ",""
"passed","Thu Nov 06 21:36:49 UTC 2025","Thu Nov 06 21:37:04 UTC 2025","14714","HabitNuWebAppSuite","HabitNuWebAppRegression","WebAppSanityPackage.HomePage","WebAppSanityPackage.HomePage","testWeightProgressBarByAddingWeight","Verify the Weight progress bar updates correctly as Weight logs are added",""
"passed","Thu Nov 06 21:47:36 UTC 2025","Thu Nov 06 21:47:37 UTC 2025","1248","HabitNuWebAppSuite","HabitNuWebAppRegression","WebAppSanityPackage.Sugar_Section","WebAppSanityPackage.Sugar_Section","case12","add yesterday's Blood Sugar n it should show last added data Fasting",""
"passed","Thu Nov 06 21:39:33 UTC 2025","Thu Nov 06 21:39:37 UTC 2025","3580","HabitNuWebAppSuite","HabitNuWebAppRegression","WebAppSanityPackage.DiscussAppClass","WebAppSanityPackage.DiscussAppClass","case5","Upload a message with subject, description, and file (should allow uploading)",""
"passed","Thu Nov 06 22:06:39 UTC 2025","Thu Nov 06 22:06:41 UTC 2025","1522","HabitNuWebAppSuite","HabitNuWebAppRegression","WebAppSanityPackage.recipeBuilder","WebAppSanityPackage.recipeBuilder","validateRecipeCardElements","Verify recipe card elements",""
"passed","Thu Nov 06 22:13:34 UTC 2025","Thu Nov 06 22:13:36 UTC 2025","2271","HabitNuWebAppSuite","HabitNuWebAppRegression","WebAppSanityPackage.GuidedTour","WebAppSanityPackage.GuidedTour","test6_navigatingtourpage1","And user is navigating to first slide and refresh the tour page",""
"failed","Thu Nov 06 21:41:08 UTC 2025","Thu Nov 06 21:41:10 UTC 2025","1927","HabitNuWebAppSuite","HabitNuWebAppRegression","WebAppSanityPackage.ProfileAppClass","WebAppSanityPackage.ProfileAppClass","addValidHeightAndSave","Add valid Height and save",""
"broken","Thu Nov 06 22:02:57 UTC 2025","Thu Nov 06 22:03:09 UTC 2025","12323","HabitNuWebAppSuite","HabitNuWebAppRegression","WebAppSanityPackage.habiRecipe","WebAppSanityPackage.habiRecipe","case20","Generate New Recipe for Macronutrient considerations",""
"passed","Thu Nov 06 22:04:56 UTC 2025","Thu Nov 06 22:05:11 UTC 2025","14983","HabitNuWebAppSuite","HabitNuWebAppRegression","WebAppSanityPackage.habiRecipe","WebAppSanityPackage.habiRecipe","deleteRecentlyGeneratedRecipes","Delete Recently Generated Recipes",""
"passed","Thu Nov 06 22:13:21 UTC 2025","Thu Nov 06 22:13:24 UTC 2025","2844","HabitNuWebAppSuite","HabitNuWebAppRegression","WebAppSanityPackage.GuidedTour","WebAppSanityPackage.GuidedTour","test1_welcomepage","Given user is getting the license agreement",""
"broken","Thu Nov 06 22:11:54 UTC 2025","Thu Nov 06 22:11:55 UTC 2025","521","HabitNuWebAppSuite","HabitNuWebAppRegression","WebAppSanityPackage.Myrecipes","WebAppSanityPackage.Myrecipes","test12_savedrecipes","And user is able to save created recipes",""
"passed","Thu Nov 06 21:50:22 UTC 2025","Thu Nov 06 21:50:22 UTC 2025","279","HabitNuWebAppSuite","HabitNuWebAppRegression","WebAppSanityPackage.WebAppClass","WebAppSanityPackage.WebAppClass","case27","Validating data from View Food Log section",""
"passed","Thu Nov 06 21:40:38 UTC 2025","Thu Nov 06 21:40:40 UTC 2025","2613","HabitNuWebAppSuite","HabitNuWebAppRegression","WebAppSanityPackage.ProfileAppClass","WebAppSanityPackage.ProfileAppClass","setDOBAndSave","Select DOB and save → Should update successfully",""
"passed","Thu Nov 06 21:35:40 UTC 2025","Thu Nov 06 21:35:40 UTC 2025","34","HabitNuWebAppSuite","HabitNuWebAppRegression","WebAppSanityPackage.HomePage","WebAppSanityPackage.HomePage","testHomeIsTheActiveNavigationLink","Verify 'Home' is the active navigation link",""
"passed","Thu Nov 06 21:51:44 UTC 2025","Thu Nov 06 21:51:45 UTC 2025","1639","HabitNuWebAppSuite","HabitNuWebAppRegression","WebAppSanityPackage.Login","WebAppSanityPackage.Login","testLoginWithInvalidOTP","Verify error message when using an invalid OTP",""
"broken","Thu Nov 06 22:08:28 UTC 2025","Thu Nov 06 22:08:33 UTC 2025","5669","HabitNuWebAppSuite","HabitNuWebAppRegression","WebAppSanityPackage.WebAppHealth_WeightSection","WebAppSanityPackage.WebAppHealth_WeightSection","case13","verify last week , month , year data ",""
"passed","Thu Nov 06 21:40:36 UTC 2025","Thu Nov 06 21:40:38 UTC 2025","1573","HabitNuWebAppSuite","HabitNuWebAppRegression","WebAppSanityPackage.ProfileAppClass","WebAppSanityPackage.ProfileAppClass","clearDOBAndSave","Clear DOB field and save → should save or ignore gracefully",""
"passed","Thu Nov 06 21:49:12 UTC 2025","Thu Nov 06 21:49:19 UTC 2025","7847","HabitNuWebAppSuite","HabitNuWebAppRegression","WebAppSanityPackage.WebAppClass","WebAppSanityPackage.WebAppClass","case1","Click on add food and add the food - Breakfast",""
"broken","Thu Nov 06 22:02:37 UTC 2025","Thu Nov 06 22:02:51 UTC 2025","13605","HabitNuWebAppSuite","HabitNuWebAppRegression","WebAppSanityPackage.habiRecipe","WebAppSanityPackage.habiRecipe","Case18","Selecting the Generated Recipe and Logging It",""
"passed","Thu Nov 06 21:50:14 UTC 2025","Thu Nov 06 21:50:18 UTC 2025","3593","HabitNuWebAppSuite","HabitNuWebAppRegression","WebAppSanityPackage.WebAppClass","WebAppSanityPackage.WebAppClass","case22","Custom Food Edit in Dinner",""
"passed","Thu Nov 06 21:40:09 UTC 2025","Thu Nov 06 21:40:10 UTC 2025","437","HabitNuWebAppSuite","HabitNuWebAppRegression","WebAppSanityPackage.DiscussAppClass","WebAppSanityPackage.DiscussAppClass","case25","edit a message in my post",""
"passed","Thu Nov 06 22:10:59 UTC 2025","Thu Nov 06 22:11:10 UTC 2025","10227","HabitNuWebAppSuite","HabitNuWebAppRegression","WebAppSanityPackage.Medication","WebAppSanityPackage.Medication","case32","Weight loss medication Review",""
"passed","Thu Nov 06 21:38:37 UTC 2025","Thu Nov 06 21:38:40 UTC 2025","3309","HabitNuWebAppSuite","HabitNuWebAppRegression","WebAppSanityPackage.TobaccoSection","WebAppSanityPackage.TobaccoSection","case8_editTargetValid","edit Target - valid",""
"passed","Thu Nov 06 21:45:03 UTC 2025","Thu Nov 06 21:45:12 UTC 2025","8778","HabitNuWebAppSuite","HabitNuWebAppRegression","WebAppSanityPackage.HabitsAppClass","WebAppSanityPackage.HabitsAppClass","case10","Click on Calender and edit  and save the details",""
"passed","Thu Nov 06 21:54:11 UTC 2025","Thu Nov 06 21:54:22 UTC 2025","10637","HabitNuWebAppSuite","HabitNuWebAppRegression","WebAppSanityPackage.waterLog","WebAppSanityPackage.waterLog","case18","Validate setting reminders and verifying active time slots",""
"passed","Thu Nov 06 21:51:57 UTC 2025","Thu Nov 06 21:51:58 UTC 2025","1285","HabitNuWebAppSuite","HabitNuWebAppRegression","WebAppSanityPackage.Login","WebAppSanityPackage.Login","testLanguageChangeToSpanish","Verify language change to Spanish",""
"broken","Thu Nov 06 21:40:01 UTC 2025","Thu Nov 06 21:40:02 UTC 2025","1148","HabitNuWebAppSuite","HabitNuWebAppRegression","WebAppSanityPackage.DiscussAppClass","WebAppSanityPackage.DiscussAppClass","Case13","Edit the post by adding a file (It should edit the post)",""
"passed","Thu Nov 06 22:08:36 UTC 2025","Thu Nov 06 22:08:40 UTC 2025","3751","HabitNuWebAppSuite","HabitNuWebAppRegression","WebAppSanityPackage.Medication","WebAppSanityPackage.Medication","case1","Main Page",""
"passed","Thu Nov 06 21:44:41 UTC 2025","Thu Nov 06 21:44:58 UTC 2025","16263","HabitNuWebAppSuite","HabitNuWebAppRegression","WebAppSanityPackage.HabitsAppClass","WebAppSanityPackage.HabitsAppClass","case5","Click on Add button it should take to create the habit page and create the habit",""
"passed","Thu Nov 06 21:46:19 UTC 2025","Thu Nov 06 21:46:20 UTC 2025","915","HabitNuWebAppSuite","HabitNuWebAppRegression","WebAppSanityPackage.Sugar_Section","WebAppSanityPackage.Sugar_Section","setTarget","enter target values and do click on 'x' mark and do not save",""
"passed","Thu Nov 06 21:53:08 UTC 2025","Thu Nov 06 21:53:11 UTC 2025","3190","HabitNuWebAppSuite","HabitNuWebAppRegression","WebAppSanityPackage.Hba1c","WebAppSanityPackage.Hba1c","editTargetButDoNotSave","edit target values and do click on 'x' mark and do not save",""
"passed","Thu Nov 06 22:11:33 UTC 2025","Thu Nov 06 22:11:36 UTC 2025","3247","HabitNuWebAppSuite","HabitNuWebAppRegression","WebAppSanityPackage.Myrecipes","WebAppSanityPackage.Myrecipes","test1_clickrecipes","Given user click on Recipe",""
"passed","Thu Nov 06 21:42:16 UTC 2025","Thu Nov 06 21:42:17 UTC 2025","285","HabitNuWebAppSuite","HabitNuWebAppRegression","WebAppSanityPackage.ProfileAppClass","WebAppSanityPackage.ProfileAppClass","case78","Click On change password section",""
"broken","Thu Nov 06 22:04:26 UTC 2025","Thu Nov 06 22:04:38 UTC 2025","12279","HabitNuWebAppSuite","HabitNuWebAppRegression","WebAppSanityPackage.habiRecipe","WebAppSanityPackage.habiRecipe","case28","Generate New Recipe for Local food preferences",""
"passed","Thu Nov 06 21:48:41 UTC 2025","Thu Nov 06 21:48:43 UTC 2025","2099","HabitNuWebAppSuite","HabitNuWebAppRegression","WebAppSanityPackage.ExerciseSection","WebAppSanityPackage.ExerciseSection","case2","Click on Exercise , click on add new button and add exercise for last year and and Total minutes of the day should be 0",""
"passed","Thu Nov 06 21:41:24 UTC 2025","Thu Nov 06 21:41:24 UTC 2025","208","HabitNuWebAppSuite","HabitNuWebAppRegression","WebAppSanityPackage.ProfileAppClass","WebAppSanityPackage.ProfileAppClass","case56","Click on close without editting Health parameters",""
"passed","Thu Nov 06 21:56:31 UTC 2025","Thu Nov 06 21:56:34 UTC 2025","3000","HabitNuWebAppSuite","HabitNuWebAppRegression","WebAppSanityPackage.foodGrouping","WebAppSanityPackage.foodGrouping","case11","Verify the created group name in Food Group section and Log it In snacks",""
"passed","Thu Nov 06 21:47:27 UTC 2025","Thu Nov 06 21:47:33 UTC 2025","6080","HabitNuWebAppSuite","HabitNuWebAppRegression","WebAppSanityPackage.Sugar_Section","WebAppSanityPackage.Sugar_Section","case10","verify added today data in Blood Sugar section as After Meal",""
"passed","Thu Nov 06 21:42:24 UTC 2025","Thu Nov 06 21:42:26 UTC 2025","1866","HabitNuWebAppSuite","HabitNuWebAppRegression","WebAppSanityPackage.ProfileAppClass","WebAppSanityPackage.ProfileAppClass","case86","Change language to Spanish and verify UI text",""
"passed","Thu Nov 06 21:40:04 UTC 2025","Thu Nov 06 21:40:04 UTC 2025","154","HabitNuWebAppSuite","HabitNuWebAppRegression","WebAppSanityPackage.DiscussAppClass","WebAppSanityPackage.DiscussAppClass","case21","Click on my posts ( it should take to my post section)",""
"passed","Thu Nov 06 21:51:17 UTC 2025","Thu Nov 06 21:51:17 UTC 2025","426","HabitNuWebAppSuite","HabitNuWebAppRegression","WebAppSanityPackage.Login","WebAppSanityPackage.Login","testLoginWithInvalidEmailFormat","Verify error for an invalid email format",""
"passed","Thu Nov 06 21:41:19 UTC 2025","Thu Nov 06 21:41:21 UTC 2025","1377","HabitNuWebAppSuite","HabitNuWebAppRegression","WebAppSanityPackage.ProfileAppClass","WebAppSanityPackage.ProfileAppClass","case51","Add Hips (in inches) as valid number and save",""
"passed","Thu Nov 06 21:43:18 UTC 2025","Thu Nov 06 21:43:22 UTC 2025","3738","HabitNuWebAppSuite","HabitNuWebAppRegression","WebAppSanityPackage.ChatandNotificationsClass","WebAppSanityPackage.ChatandNotificationsClass","case2","Send a message in chatbox and click enter",""
"passed","Thu Nov 06 21:40:23 UTC 2025","Thu Nov 06 21:40:25 UTC 2025","2010","HabitNuWebAppSuite","HabitNuWebAppRegression","WebAppSanityPackage.ProfileAppClass","WebAppSanityPackage.ProfileAppClass","editFirstName","Edit first name and save → should reflect",""
"broken","Thu Nov 06 21:39:12 UTC 2025","Thu Nov 06 21:39:13 UTC 2025","1100","HabitNuWebAppSuite","HabitNuWebAppRegression","WebAppSanityPackage.TobaccoSection","WebAppSanityPackage.TobaccoSection","case19","Click on tobacco , click on add new button and add tobacco for last month and and Total count of the day should be 0",""
"passed","Thu Nov 06 21:59:22 UTC 2025","Thu Nov 06 21:59:32 UTC 2025","10276","HabitNuWebAppSuite","HabitNuWebAppRegression","WebAppSanityPackage.habiRecipe","WebAppSanityPackage.habiRecipe","case1","Main Page",""
"passed","Thu Nov 06 21:40:47 UTC 2025","Thu Nov 06 21:40:47 UTC 2025","211","HabitNuWebAppSuite","HabitNuWebAppRegression","WebAppSanityPackage.ProfileAppClass","WebAppSanityPackage.ProfileAppClass","invalidAlphabetContactNumber","Add alphabets in contact number → Show invalid contact error",""
"passed","Thu Nov 06 21:39:51 UTC 2025","Thu Nov 06 21:39:59 UTC 2025","8936","HabitNuWebAppSuite","HabitNuWebAppRegression","WebAppSanityPackage.DiscussAppClass","WebAppSanityPackage.DiscussAppClass","case10","Upload more than 5 files (should not allow)",""
"failed","Thu Nov 06 21:38:44 UTC 2025","Thu Nov 06 21:38:46 UTC 2025","2507","HabitNuWebAppSuite","HabitNuWebAppRegression","WebAppSanityPackage.TobaccoSection","WebAppSanityPackage.TobaccoSection","case12","Click on Health tab and verify 'No data recorded yet' in Tobacco section",""
"passed","Thu Nov 06 21:39:45 UTC 2025","Thu Nov 06 21:39:47 UTC 2025","2120","HabitNuWebAppSuite","HabitNuWebAppRegression","WebAppSanityPackage.DiscussAppClass","WebAppSanityPackage.DiscussAppClass","case8","Upload only a file (should not allow)",""
"passed","Thu Nov 06 21:54:22 UTC 2025","Thu Nov 06 21:54:23 UTC 2025","1078","HabitNuWebAppSuite","HabitNuWebAppRegression","WebAppSanityPackage.waterLog","WebAppSanityPackage.waterLog","case19","Validate setting reminders and verifying Wrong timings",""
"passed","Thu Nov 06 21:50:28 UTC 2025","Thu Nov 06 21:50:55 UTC 2025","27360","HabitNuWebAppSuite","HabitNuWebAppRegression","WebAppSanityPackage.WebAppClass","WebAppSanityPackage.WebAppClass","delete_from_all_food_sections","Deleting all data starting from breakfast to snacks",""
"passed","Thu Nov 06 21:46:22 UTC 2025","Thu Nov 06 21:46:22 UTC 2025","332","HabitNuWebAppSuite","HabitNuWebAppRegression","WebAppSanityPackage.Sugar_Section","WebAppSanityPackage.Sugar_Section","setHighTargetMoreThan250","enter High target more than 1000 and assert messages",""
"passed","Thu Nov 06 21:48:43 UTC 2025","Thu Nov 06 21:48:54 UTC 2025","10792","HabitNuWebAppSuite","HabitNuWebAppRegression","WebAppSanityPackage.ExerciseSection","WebAppSanityPackage.ExerciseSection","case4","verify added today data in exercise section and verify total exercise per day",""
"broken","Thu Nov 06 22:09:50 UTC 2025","Thu Nov 06 22:10:00 UTC 2025","10804","HabitNuWebAppSuite","HabitNuWebAppRegression","WebAppSanityPackage.Medication","WebAppSanityPackage.Medication","Case18addValidMedicationName","TC11: Add valid Medication name and save",""
"passed","Thu Nov 06 21:38:03 UTC 2025","Thu Nov 06 21:38:04 UTC 2025","397","HabitNuWebAppSuite","HabitNuWebAppRegression","WebAppSanityPackage.BloodPressure_Section","WebAppSanityPackage.BloodPressure_Section","case9","verify negative data in Blood Pressure section,systolic blank ,diastolic negative",""
"broken","Thu Nov 06 21:42:58 UTC 2025","Thu Nov 06 21:42:58 UTC 2025","11","HabitNuWebAppSuite","HabitNuWebAppRegression","WebAppSanityPackage.Weights_lbs_Kgs","WebAppSanityPackage.Weights_lbs_Kgs","setNegativeTarget","enter negative target values and assert messages",""
"broken","Thu Nov 06 22:01:40 UTC 2025","Thu Nov 06 22:01:52 UTC 2025","12232","HabitNuWebAppSuite","HabitNuWebAppRegression","WebAppSanityPackage.habiRecipe","WebAppSanityPackage.habiRecipe","Case13","Selecting the  Generated Recipe of Food allergies and Logging It",""
"passed","Thu Nov 06 21:40:47 UTC 2025","Thu Nov 06 21:40:49 UTC 2025","1754","HabitNuWebAppSuite","HabitNuWebAppRegression","WebAppSanityPackage.ProfileAppClass","WebAppSanityPackage.ProfileAppClass","addValidPhoneNumber","Add valid phone number and save → Should save successfully",""
"passed","Thu Nov 06 21:53:07 UTC 2025","Thu Nov 06 21:53:08 UTC 2025","216","HabitNuWebAppSuite","HabitNuWebAppRegression","WebAppSanityPackage.Hba1c","WebAppSanityPackage.Hba1c","editTargetValid","edit Target - valid",""
"broken","Thu Nov 06 21:59:49 UTC 2025","Thu Nov 06 22:00:13 UTC 2025","24303","HabitNuWebAppSuite","HabitNuWebAppRegression","WebAppSanityPackage.habiRecipe","WebAppSanityPackage.habiRecipe","Case4","Generate Recipe",""
"passed","Thu Nov 06 22:13:25 UTC 2025","Thu Nov 06 22:13:33 UTC 2025","8312","HabitNuWebAppSuite","HabitNuWebAppRegression","WebAppSanityPackage.GuidedTour","WebAppSanityPackage.GuidedTour","test4_registrationfilling","When user is able to enter the details in registration form",""
"passed","Thu Nov 06 21:53:39 UTC 2025","Thu Nov 06 21:53:47 UTC 2025","7937","HabitNuWebAppSuite","HabitNuWebAppRegression","WebAppSanityPackage.waterLog","WebAppSanityPackage.waterLog","case1","Main Page",""
"passed","Thu Nov 06 22:04:20 UTC 2025","Thu Nov 06 22:04:26 UTC 2025","5635","HabitNuWebAppSuite","HabitNuWebAppRegression","WebAppSanityPackage.habiRecipe","WebAppSanityPackage.habiRecipe","case27","Local food preferences",""
"passed","Thu Nov 06 21:37:40 UTC 2025","Thu Nov 06 21:37:40 UTC 2025","310","HabitNuWebAppSuite","HabitNuWebAppRegression","WebAppSanityPackage.BloodPressure_Section","WebAppSanityPackage.BloodPressure_Section","setDiastolicTargetMoreThan200","enter diastolic target more than 250 and assert messages",""
"passed","Thu Nov 06 22:06:50 UTC 2025","Thu Nov 06 22:06:50 UTC 2025","171","HabitNuWebAppSuite","HabitNuWebAppRegression","WebAppSanityPackage.recipeBuilder","WebAppSanityPackage.recipeBuilder","verifyLoggedRecipeUnderFood","verify logged recipe > under view food log",""
"passed","Thu Nov 06 22:10:26 UTC 2025","Thu Nov 06 22:10:26 UTC 2025","275","HabitNuWebAppSuite","HabitNuWebAppRegression","WebAppSanityPackage.Medication","WebAppSanityPackage.Medication","case26","Creating new Medications details like selecting Frequency",""
"passed","Thu Nov 06 22:02:51 UTC 2025","Thu Nov 06 22:02:57 UTC 2025","5875","HabitNuWebAppSuite","HabitNuWebAppRegression","WebAppSanityPackage.habiRecipe","WebAppSanityPackage.habiRecipe","case19","Macronutrient considerations",""
"passed","Thu Nov 06 22:11:48 UTC 2025","Thu Nov 06 22:11:51 UTC 2025","2718","HabitNuWebAppSuite","HabitNuWebAppRegression","WebAppSanityPackage.Myrecipes","WebAppSanityPackage.Myrecipes","test6_createrecipe","And user is able to create my recipe",""
"broken","Thu Nov 06 21:42:45 UTC 2025","Thu Nov 06 21:42:57 UTC 2025","12479","HabitNuWebAppSuite","HabitNuWebAppRegression","WebAppSanityPackage.Weights_lbs_Kgs","WebAppSanityPackage.Weights_lbs_Kgs","case3","Health section weights match selected unit",""
"passed","Thu Nov 06 21:39:20 UTC 2025","Thu Nov 06 21:39:25 UTC 2025","4980","HabitNuWebAppSuite","HabitNuWebAppRegression","WebAppSanityPackage.TobaccoSection","WebAppSanityPackage.TobaccoSection","case26","edit data in tobacco section",""
"passed","Thu Nov 06 21:43:49 UTC 2025","Thu Nov 06 21:43:59 UTC 2025","10327","HabitNuWebAppSuite","HabitNuWebAppRegression","WebAppSanityPackage.ChatandNotificationsClass","WebAppSanityPackage.ChatandNotificationsClass","case10","Click on HabitNu: Welcome to a new week! Please step on your scale to record your weight 3 days this week!",""
"passed","Thu Nov 06 21:40:49 UTC 2025","Thu Nov 06 21:40:50 UTC 2025","693","HabitNuWebAppSuite","HabitNuWebAppRegression","WebAppSanityPackage.ProfileAppClass","WebAppSanityPackage.ProfileAppClass","keepAddressLine1Blank","Keep Address Line 1 blank and save → Should throw required field error (if validation present)",""
"passed","Thu Nov 06 21:40:57 UTC 2025","Thu Nov 06 21:41:00 UTC 2025","3332","HabitNuWebAppSuite","HabitNuWebAppRegression","WebAppSanityPackage.ProfileAppClass","WebAppSanityPackage.ProfileAppClass","editStateAndSave","Edit State to 'California' and save",""
"passed","Thu Nov 06 21:38:59 UTC 2025","Thu Nov 06 21:39:00 UTC 2025","609","HabitNuWebAppSuite","HabitNuWebAppRegression","WebAppSanityPackage.TobaccoSection","WebAppSanityPackage.TobaccoSection","case14","verify added today data in tobacco section ",""
"passed","Thu Nov 06 21:52:44 UTC 2025","Thu Nov 06 21:52:49 UTC 2025","4457","HabitNuWebAppSuite","HabitNuWebAppRegression","WebAppSanityPackage.Hba1c","WebAppSanityPackage.Hba1c","case8","verify negative data in Hba1c count section",""
"passed","Thu Nov 06 21:48:36 UTC 2025","Thu Nov 06 21:48:36 UTC 2025","351","HabitNuWebAppSuite","HabitNuWebAppRegression","WebAppSanityPackage.ExerciseSection","WebAppSanityPackage.ExerciseSection","editTargetWithNegatives","edit -  negative target values and assert messages",""
"passed","Thu Nov 06 21:51:19 UTC 2025","Thu Nov 06 21:51:19 UTC 2025","907","HabitNuWebAppSuite","HabitNuWebAppRegression","WebAppSanityPackage.Login","WebAppSanityPackage.Login","testLoginWithInactiveUser","Verify error for an inactive user account",""
"passed","Thu Nov 06 22:08:07 UTC 2025","Thu Nov 06 22:08:07 UTC 2025","190","HabitNuWebAppSuite","HabitNuWebAppRegression","WebAppSanityPackage.WebAppHealth_WeightSection","WebAppSanityPackage.WebAppHealth_WeightSection","case6","verify multiple added today data with 998",""
"passed","Thu Nov 06 21:35:41 UTC 2025","Thu Nov 06 21:35:42 UTC 2025","584","HabitNuWebAppSuite","HabitNuWebAppRegression","WebAppSanityPackage.HomePage","WebAppSanityPackage.HomePage","testProfileDropdownContents","Verify all options in the profile dropdown menu",""
"passed","Thu Nov 06 21:40:54 UTC 2025","Thu Nov 06 21:40:55 UTC 2025","588","HabitNuWebAppSuite","HabitNuWebAppRegression","WebAppSanityPackage.ProfileAppClass","WebAppSanityPackage.ProfileAppClass","keepCityBlankAndSave","Keep City as blank and save → Should throw validation error",""
"passed","Thu Nov 06 22:07:12 UTC 2025","Thu Nov 06 22:07:16 UTC 2025","4593","HabitNuWebAppSuite","HabitNuWebAppRegression","WebAppSanityPackage.recipeBuilder","WebAppSanityPackage.recipeBuilder","removeRecipeFromFavorites","Remove recipe from favorites via three-dot menu",""
"passed","Thu Nov 06 21:49:05 UTC 2025","Thu Nov 06 21:49:06 UTC 2025","204","HabitNuWebAppSuite","HabitNuWebAppRegression","WebAppSanityPackage.ExerciseSection","WebAppSanityPackage.ExerciseSection","case10","verify others data",""
"passed","Thu Nov 06 21:37:50 UTC 2025","Thu Nov 06 21:37:50 UTC 2025","586","HabitNuWebAppSuite","HabitNuWebAppRegression","WebAppSanityPackage.BloodPressure_Section","WebAppSanityPackage.BloodPressure_Section","case3","Verify No data added for last 30 days",""
"passed","Thu Nov 06 21:50:22 UTC 2025","Thu Nov 06 21:50:22 UTC 2025","9","HabitNuWebAppSuite","HabitNuWebAppRegression","WebAppSanityPackage.WebAppClass","WebAppSanityPackage.WebAppClass","Case_28check_the_link_in_log","Checking the nutritional details pop-up",""
"passed","Thu Nov 06 22:07:43 UTC 2025","Thu Nov 06 22:07:44 UTC 2025","762","HabitNuWebAppSuite","HabitNuWebAppRegression","WebAppSanityPackage.WebAppHealth_WeightSection","WebAppSanityPackage.WebAppHealth_WeightSection","setNegativeTarget","enter negative target values and assert messages",""
"passed","Thu Nov 06 21:49:52 UTC 2025","Thu Nov 06 21:49:57 UTC 2025","5004","HabitNuWebAppSuite","HabitNuWebAppRegression","WebAppSanityPackage.WebAppClass","WebAppSanityPackage.WebAppClass","case15","Click on Date Picker, Select Previous Date, and Add Food",""
"passed","Thu Nov 06 21:37:04 UTC 2025","Thu Nov 06 21:37:16 UTC 2025","12656","HabitNuWebAppSuite","HabitNuWebAppRegression","WebAppSanityPackage.HomePage","WebAppSanityPackage.HomePage","testExerciseProgressBarByAddingExercise","Verify the Exercise progress bar updates correctly as Exercise logs are added",""
"passed","Thu Nov 06 22:05:24 UTC 2025","Thu Nov 06 22:05:52 UTC 2025","28082","HabitNuWebAppSuite","HabitNuWebAppRegression","WebAppSanityPackage.habiRecipe","WebAppSanityPackage.habiRecipe","case44","Generate New Recipe for All Recipes",""
"passed","Thu Nov 06 21:54:03 UTC 2025","Thu Nov 06 21:54:04 UTC 2025","1102","HabitNuWebAppSuite","HabitNuWebAppRegression","WebAppSanityPackage.waterLog","WebAppSanityPackage.waterLog","case10","Total Water Logged Count",""
"passed","Thu Nov 06 21:41:11 UTC 2025","Thu Nov 06 21:41:12 UTC 2025","1481","HabitNuWebAppSuite","HabitNuWebAppRegression","WebAppSanityPackage.ProfileAppClass","WebAppSanityPackage.ProfileAppClass","case44","Keep Waist (in inches) as blank and save",""
"passed","Thu Nov 06 22:12:11 UTC 2025","Thu Nov 06 22:13:08 UTC 2025","56350","HabitNuWebAppSuite","HabitNuWebAppRegression","WebAppSanityPackage.Myrecipes","WebAppSanityPackage.Myrecipes","test18_searchrecipe","And user is able to search the recipe",""
"passed","Thu Nov 06 21:35:36 UTC 2025","Thu Nov 06 21:35:39 UTC 2025","3067","HabitNuWebAppSuite","HabitNuWebAppRegression","WebAppSanityPackage.HomePage","WebAppSanityPackage.HomePage","testHeaderElementsAreVisible","Verify all header elements are visible",""
"passed","Thu Nov 06 21:50:11 UTC 2025","Thu Nov 06 21:50:14 UTC 2025","3036","HabitNuWebAppSuite","HabitNuWebAppRegression","WebAppSanityPackage.WebAppClass","WebAppSanityPackage.WebAppClass","case21","Add/Edit food with decimal value (Should allow decimals)",""
"passed","Thu Nov 06 21:43:26 UTC 2025","Thu Nov 06 21:43:28 UTC 2025","1442","HabitNuWebAppSuite","HabitNuWebAppRegression","WebAppSanityPackage.ChatandNotificationsClass","WebAppSanityPackage.ChatandNotificationsClass","case6","Click on notifications section",""
"passed","Thu Nov 06 21:41:28 UTC 2025","Thu Nov 06 21:41:28 UTC 2025","243","HabitNuWebAppSuite","HabitNuWebAppRegression","WebAppSanityPackage.ProfileAppClass","WebAppSanityPackage.ProfileAppClass","case63","Click on the Upload button",""
"passed","Thu Nov 06 21:42:31 UTC 2025","Thu Nov 06 21:42:31 UTC 2025","425","HabitNuWebAppSuite","HabitNuWebAppRegression","WebAppSanityPackage.ProfileAppClass","WebAppSanityPackage.ProfileAppClass","testToggleNotifications","Toggle notifications On/Off and validate state change",""
"passed","Thu Nov 06 21:46:03 UTC 2025","Thu Nov 06 21:46:04 UTC 2025","900","HabitNuWebAppSuite","HabitNuWebAppRegression","WebAppSanityPackage.HabitsAppClass","WebAppSanityPackage.HabitsAppClass","case27","Click on Archive and add the habit to archive",""
"passed","Thu Nov 06 21:55:12 UTC 2025","Thu Nov 06 21:55:40 UTC 2025","27762","HabitNuWebAppSuite","HabitNuWebAppRegression","WebAppSanityPackage.foodGrouping","WebAppSanityPackage.foodGrouping","case4","add Meal to Break fast",""
"passed","Thu Nov 06 22:10:49 UTC 2025","Thu Nov 06 22:10:59 UTC 2025","10497","HabitNuWebAppSuite","HabitNuWebAppRegression","WebAppSanityPackage.Medication","WebAppSanityPackage.Medication","case31","Weight loss medication Review",""
"passed","Thu Nov 06 21:52:49 UTC 2025","Thu Nov 06 21:52:51 UTC 2025","2579","HabitNuWebAppSuite","HabitNuWebAppRegression","WebAppSanityPackage.Hba1c","WebAppSanityPackage.Hba1c","case9","verify data should not be more than 14 in Hba1c count section",""
"passed","Thu Nov 06 21:48:16 UTC 2025","Thu Nov 06 21:48:16 UTC 2025","420","HabitNuWebAppSuite","HabitNuWebAppRegression","WebAppSanityPackage.Sugar_Section","WebAppSanityPackage.Sugar_Section","case18","verify blank data in Blood Sugar section After Meal",""
"broken","Thu Nov 06 22:09:28 UTC 2025","Thu Nov 06 22:09:39 UTC 2025","11081","HabitNuWebAppSuite","HabitNuWebAppRegression","WebAppSanityPackage.Medication","WebAppSanityPackage.Medication","case15","Coach- Users- Medication- Creating new Medications.",""
"passed","Thu Nov 06 21:52:00 UTC 2025","Thu Nov 06 21:52:01 UTC 2025","1014","HabitNuWebAppSuite","HabitNuWebAppRegression","WebAppSanityPackage.Login","WebAppSanityPackage.Login","testHabitNuRegisterNavigation","Verify Register navigation in HabitNu",""
"passed","Thu Nov 06 21:40:56 UTC 2025","Thu Nov 06 21:40:57 UTC 2025","339","HabitNuWebAppSuite","HabitNuWebAppRegression","WebAppSanityPackage.ProfileAppClass","WebAppSanityPackage.ProfileAppClass","keepStateBlankAndSave","Keep State as blank and save → Should show validation error",""
"passed","Thu Nov 06 22:11:54 UTC 2025","Thu Nov 06 22:11:54 UTC 2025","211","HabitNuWebAppSuite","HabitNuWebAppRegression","WebAppSanityPackage.Myrecipes","WebAppSanityPackage.Myrecipes","test10_validatetotalcalories","And user is able to validate total calories & Detailed nutrients",""
"passed","Thu Nov 06 22:09:15 UTC 2025","Thu Nov 06 22:09:17 UTC 2025","1915","HabitNuWebAppSuite","HabitNuWebAppRegression","WebAppSanityPackage.Medication","WebAppSanityPackage.Medication","case13","Weight loss medication Your Medication Edit detials on Yor Medication",""
"passed","Thu Nov 06 22:10:23 UTC 2025","Thu Nov 06 22:10:23 UTC 2025","231","HabitNuWebAppSuite","HabitNuWebAppRegression","WebAppSanityPackage.Medication","WebAppSanityPackage.Medication","case21","Adding Strength",""
"passed","Thu Nov 06 21:41:29 UTC 2025","Thu Nov 06 21:41:31 UTC 2025","2081","HabitNuWebAppSuite","HabitNuWebAppRegression","WebAppSanityPackage.ProfileAppClass","WebAppSanityPackage.ProfileAppClass","case65","Upload the name only and submit",""
"passed","Thu Nov 06 21:40:31 UTC 2025","Thu Nov 06 21:40:32 UTC 2025","217","HabitNuWebAppSuite","HabitNuWebAppRegression","WebAppSanityPackage.ProfileAppClass","WebAppSanityPackage.ProfileAppClass","clearGenderAndSave","Clear gender and save → should save or skip validation",""
"passed","Thu Nov 06 21:36:06 UTC 2025","Thu Nov 06 21:36:06 UTC 2025","332","HabitNuWebAppSuite","HabitNuWebAppRegression","WebAppSanityPackage.HomePage","WebAppSanityPackage.HomePage","testWeeklyProgressBarValidation","Verify the weekly progress bar is displayed and contains valid data",""
"passed","Thu Nov 06 22:11:51 UTC 2025","Thu Nov 06 22:11:51 UTC 2025","574","HabitNuWebAppSuite","HabitNuWebAppRegression","WebAppSanityPackage.Myrecipes","WebAppSanityPackage.Myrecipes","test7_toastvalidation","And user is able to validate added ingredient toast message",""
"broken","Thu Nov 06 21:43:00 UTC 2025","Thu Nov 06 21:43:12 UTC 2025","11432","HabitNuWebAppSuite","HabitNuWebAppRegression","WebAppSanityPackage.Weights_lbs_Kgs","WebAppSanityPackage.Weights_lbs_Kgs","case10","Health section weights match selected unit",""
"passed","Thu Nov 06 21:57:09 UTC 2025","Thu Nov 06 21:57:20 UTC 2025","10946","HabitNuWebAppSuite","HabitNuWebAppRegression","WebAppSanityPackage.foodGrouping","WebAppSanityPackage.foodGrouping","case15","Add food item to Snacks section",""
"passed","Thu Nov 06 22:06:38 UTC 2025","Thu Nov 06 22:06:38 UTC 2025","377","HabitNuWebAppSuite","HabitNuWebAppRegression","WebAppSanityPackage.recipeBuilder","WebAppSanityPackage.recipeBuilder","clickOnRecipeAndValidateRecipeFieldPage","Verify recipe page fields",""
"passed","Thu Nov 06 21:35:48 UTC 2025","Thu Nov 06 21:35:49 UTC 2025","957","HabitNuWebAppSuite","HabitNuWebAppRegression","WebAppSanityPackage.HomePage","WebAppSanityPackage.HomePage","testLearnOrVideosSection","Verify content of the Learn or Videos page",""
"passed","Thu Nov 06 21:40:07 UTC 2025","Thu Nov 06 21:40:09 UTC 2025","2344","HabitNuWebAppSuite","HabitNuWebAppRegression","WebAppSanityPackage.DiscussAppClass","WebAppSanityPackage.DiscussAppClass","case24","upload a message in my post",""
"passed","Thu Nov 06 21:40:03 UTC 2025","Thu Nov 06 21:40:03 UTC 2025","140","HabitNuWebAppSuite","HabitNuWebAppRegression","WebAppSanityPackage.DiscussAppClass","WebAppSanityPackage.DiscussAppClass","case17","Click on + button of coaches ( it should list all coaches)",""
"passed","Thu Nov 06 22:07:43 UTC 2025","Thu Nov 06 22:07:43 UTC 2025","499","HabitNuWebAppSuite","HabitNuWebAppRegression","WebAppSanityPackage.WebAppHealth_WeightSection","WebAppSanityPackage.WebAppHealth_WeightSection","placeHolderOfTobaccoCountValueInputBox","verify placeholder - weight ",""
"passed","Thu Nov 06 21:53:02 UTC 2025","Thu Nov 06 21:53:02 UTC 2025","90","HabitNuWebAppSuite","HabitNuWebAppRegression","WebAppSanityPackage.Hba1c","WebAppSanityPackage.Hba1c","noTargetSet","verify no target case",""
"passed","Thu Nov 06 21:49:06 UTC 2025","Thu Nov 06 21:49:06 UTC 2025","251","HabitNuWebAppSuite","HabitNuWebAppRegression","WebAppSanityPackage.ExerciseSection","WebAppSanityPackage.ExerciseSection","case11","verify negative data as others in exercise section",""
"broken","Thu Nov 06 22:04:06 UTC 2025","Thu Nov 06 22:04:20 UTC 2025","13586","HabitNuWebAppSuite","HabitNuWebAppRegression","WebAppSanityPackage.habiRecipe","WebAppSanityPackage.habiRecipe","Case26","Selecting the Generated Recipe and Logging It",""
"passed","Thu Nov 06 21:37:45 UTC 2025","Thu Nov 06 21:37:45 UTC 2025","415","HabitNuWebAppSuite","HabitNuWebAppRegression","WebAppSanityPackage.BloodPressure_Section","WebAppSanityPackage.BloodPressure_Section","editsystolicTargetWithBlankValue","edit -  systolic BP cannot be blank",""
"passed","Thu Nov 06 22:12:04 UTC 2025","Thu Nov 06 22:12:11 UTC 2025","6970","HabitNuWebAppSuite","HabitNuWebAppRegression","WebAppSanityPackage.Myrecipes","WebAppSanityPackage.Myrecipes","test16_logmeal","And user is able to add Meal which is logged from my recipe",""
"passed","Thu Nov 06 21:36:29 UTC 2025","Thu Nov 06 21:36:29 UTC 2025","299","HabitNuWebAppSuite","HabitNuWebAppRegression","WebAppSanityPackage.HomePage","WebAppSanityPackage.HomePage","testDeleteExercise","Verify the Exercise progress bar delete Exercise",""
"passed","Thu Nov 06 21:49:19 UTC 2025","Thu Nov 06 21:49:24 UTC 2025","4661","HabitNuWebAppSuite","HabitNuWebAppRegression","WebAppSanityPackage.WebAppClass","WebAppSanityPackage.WebAppClass","case2","Click on add food and add the food - Lunch",""
"passed","Thu Nov 06 22:11:57 UTC 2025","Thu Nov 06 22:11:59 UTC 2025","2016","HabitNuWebAppSuite","HabitNuWebAppRegression","WebAppSanityPackage.Myrecipes","WebAppSanityPackage.Myrecipes","test14_logrecipes","And user is able to log the recipes",""
"passed","Thu Nov 06 21:45:01 UTC 2025","Thu Nov 06 21:45:03 UTC 2025","1648","HabitNuWebAppSuite","HabitNuWebAppRegression","WebAppSanityPackage.HabitsAppClass","WebAppSanityPackage.HabitsAppClass","case9","Click on Edit and edit the habit",""
"passed","Thu Nov 06 22:08:21 UTC 2025","Thu Nov 06 22:08:24 UTC 2025","2782","HabitNuWebAppSuite","HabitNuWebAppRegression","WebAppSanityPackage.WebAppHealth_WeightSection","WebAppSanityPackage.WebAppHealth_WeightSection","graphcase3","Load web app -> Click on Health section -> Weight section -> click on three lines -> Click on graph -> click on filter as last year",""
"passed","Thu Nov 06 21:42:39 UTC 2025","Thu Nov 06 21:42:44 UTC 2025","5096","HabitNuWebAppSuite","HabitNuWebAppRegression","WebAppSanityPackage.Weights_lbs_Kgs","WebAppSanityPackage.Weights_lbs_Kgs","case1","Set Targets with Unit Toggle and store selected unit",""
"passed","Thu Nov 06 21:37:35 UTC 2025","Thu Nov 06 21:37:38 UTC 2025","3231","HabitNuWebAppSuite","HabitNuWebAppRegression","WebAppSanityPackage.BloodPressure_Section","WebAppSanityPackage.BloodPressure_Section","setTarget","enter target values and do click on 'x' mark and do not save",""
"passed","Thu Nov 06 22:13:38 UTC 2025","Thu Nov 06 22:13:39 UTC 2025","1701","HabitNuWebAppSuite","HabitNuWebAppRegression","WebAppSanityPackage.GuidedTour","WebAppSanityPackage.GuidedTour","test8_validatingtourpage1","And user is validating the first slide of the tour page",""
"passed","Thu Nov 06 21:46:23 UTC 2025","Thu Nov 06 21:46:25 UTC 2025","2253","HabitNuWebAppSuite","HabitNuWebAppRegression","WebAppSanityPackage.Sugar_Section","WebAppSanityPackage.Sugar_Section","editTargetValid","edit Target - valid",""
"passed","Thu Nov 06 22:10:39 UTC 2025","Thu Nov 06 22:10:49 UTC 2025","10255","HabitNuWebAppSuite","HabitNuWebAppRegression","WebAppSanityPackage.Medication","WebAppSanityPackage.Medication","case29","Weight loss medication Edit details on Log",""
"passed","Thu Nov 06 22:11:54 UTC 2025","Thu Nov 06 22:11:54 UTC 2025","741","HabitNuWebAppSuite","HabitNuWebAppRegression","WebAppSanityPackage.Myrecipes","WebAppSanityPackage.Myrecipes","test11_removeingredient","And user is able to remove ingredient",""
"passed","Thu Nov 06 22:03:36 UTC 2025","Thu Nov 06 22:03:41 UTC 2025","5910","HabitNuWebAppSuite","HabitNuWebAppRegression","WebAppSanityPackage.habiRecipe","WebAppSanityPackage.habiRecipe","case23","Micronutrient considerations",""
"passed","Thu Nov 06 21:38:05 UTC 2025","Thu Nov 06 21:38:05 UTC 2025","425","HabitNuWebAppSuite","HabitNuWebAppRegression","WebAppSanityPackage.BloodPressure_Section","WebAppSanityPackage.BloodPressure_Section","case12","verify negative data as others in Blood Pressure section,Systolic negative section",""
"passed","Thu Nov 06 21:47:16 UTC 2025","Thu Nov 06 21:47:27 UTC 2025","10955","HabitNuWebAppSuite","HabitNuWebAppRegression","WebAppSanityPackage.Sugar_Section","WebAppSanityPackage.Sugar_Section","case9","verify added today data in Blood Sugar section as Fasting",""
"passed","Thu Nov 06 22:13:39 UTC 2025","Thu Nov 06 22:13:40 UTC 2025","805","HabitNuWebAppSuite","HabitNuWebAppRegression","WebAppSanityPackage.GuidedTour","WebAppSanityPackage.GuidedTour","test9_navigatingtourpage2","And user is navigating from first slide to second slide and validating",""
"passed","Thu Nov 06 21:40:52 UTC 2025","Thu Nov 06 21:40:53 UTC 2025","1416","HabitNuWebAppSuite","HabitNuWebAppRegression","WebAppSanityPackage.ProfileAppClass","WebAppSanityPackage.ProfileAppClass","keepAddressLine2BlankAndSave","Keep Address line 2 as blank and save",""
"broken","Thu Nov 06 21:50:27 UTC 2025","Thu Nov 06 21:50:27 UTC 2025","36","HabitNuWebAppSuite","HabitNuWebAppRegression","WebAppSanityPackage.WebAppClass","WebAppSanityPackage.WebAppClass","Case31_add_food_check_in_coaches","User details in coaches-dashboard",""
"passed","Thu Nov 06 21:45:32 UTC 2025","Thu Nov 06 21:45:43 UTC 2025","10454","HabitNuWebAppSuite","HabitNuWebAppRegression","WebAppSanityPackage.HabitsAppClass","WebAppSanityPackage.HabitsAppClass","case19","Click on Add button it should take to create the habit page and create the habit using flexible days",""
"passed","Thu Nov 06 21:38:05 UTC 2025","Thu Nov 06 21:38:07 UTC 2025","1450","HabitNuWebAppSuite","HabitNuWebAppRegression","WebAppSanityPackage.BloodPressure_Section","WebAppSanityPackage.BloodPressure_Section","case14","edit data in blood sugar section",""
"passed","Thu Nov 06 22:13:33 UTC 2025","Thu Nov 06 22:13:34 UTC 2025","1120","HabitNuWebAppSuite","HabitNuWebAppRegression","WebAppSanityPackage.GuidedTour","WebAppSanityPackage.GuidedTour","test5_navigatingguidedtour","And user is navigating to Habi page by clicking Finish button",""
"passed","Thu Nov 06 21:46:31 UTC 2025","Thu Nov 06 21:46:40 UTC 2025","8429","HabitNuWebAppSuite","HabitNuWebAppRegression","WebAppSanityPackage.Sugar_Section","WebAppSanityPackage.Sugar_Section","case1","Click on health tab and verify no data recorded yet in Blood Sugar section",""
"passed","Thu Nov 06 21:49:39 UTC 2025","Thu Nov 06 21:49:44 UTC 2025","5247","HabitNuWebAppSuite","HabitNuWebAppRegression","WebAppSanityPackage.WebAppClass","WebAppSanityPackage.WebAppClass","case9","Click on View Food Log, and add food - Breakfast via all section",""
"broken","Thu Nov 06 22:02:25 UTC 2025","Thu Nov 06 22:02:37 UTC 2025","12306","HabitNuWebAppSuite","HabitNuWebAppRegression","WebAppSanityPackage.habiRecipe","WebAppSanityPackage.habiRecipe","Case17","Selecting the  Generated Recipe of diet type and Logging It",""
"broken","Thu Nov 06 21:50:22 UTC 2025","Thu Nov 06 21:50:27 UTC 2025","4778","HabitNuWebAppSuite","HabitNuWebAppRegression","WebAppSanityPackage.WebAppClass","WebAppSanityPackage.WebAppClass","case30","Coach-Users Test Case in meals section",""
"passed","Thu Nov 06 21:49:09 UTC 2025","Thu Nov 06 21:49:10 UTC 2025","1087","HabitNuWebAppSuite","HabitNuWebAppRegression","WebAppSanityPackage.ExerciseSection","WebAppSanityPackage.ExerciseSection","case13","verify decimal data as others in exercise section",""
"passed","Thu Nov 06 22:05:52 UTC 2025","Thu Nov 06 22:05:57 UTC 2025","5151","HabitNuWebAppSuite","HabitNuWebAppRegression","WebAppSanityPackage.habiRecipe","WebAppSanityPackage.habiRecipe","Case45","Selecting the  Generated Recipe of All recipes and Logging It",""
"passed","Thu Nov 06 21:45:17 UTC 2025","Thu Nov 06 21:45:18 UTC 2025","749","HabitNuWebAppSuite","HabitNuWebAppRegression","WebAppSanityPackage.HabitsAppClass","WebAppSanityPackage.HabitsAppClass","case15","Click on Activate and add the habit back",""
"passed","Thu Nov 06 22:06:47 UTC 2025","Thu Nov 06 22:06:50 UTC 2025","2436","HabitNuWebAppSuite","HabitNuWebAppRegression","WebAppSanityPackage.recipeBuilder","WebAppSanityPackage.recipeBuilder","logRecipe","verify 'View full' recipe button",""
"passed","Thu Nov 06 21:41:17 UTC 2025","Thu Nov 06 21:41:19 UTC 2025","1522","HabitNuWebAppSuite","HabitNuWebAppRegression","WebAppSanityPackage.ProfileAppClass","WebAppSanityPackage.ProfileAppClass","case49","Add Hips (in inches) as 0 and save",""
"passed","Thu Nov 06 22:14:08 UTC 2025","Thu Nov 06 22:14:08 UTC 2025","111","HabitNuWebAppSuite","HabitNuWebAppRegression","WebAppSanityPackage.GuidedTour","WebAppSanityPackage.GuidedTour","test17_homepage","Then user is navigating to home page once the tour is done",""
"passed","Thu Nov 06 21:41:33 UTC 2025","Thu Nov 06 21:41:36 UTC 2025","3624","HabitNuWebAppSuite","HabitNuWebAppRegression","WebAppSanityPackage.ProfileAppClass","WebAppSanityPackage.ProfileAppClass","case67","Upload file type only and submit",""
"passed","Thu Nov 06 21:48:15 UTC 2025","Thu Nov 06 21:48:16 UTC 2025","279","HabitNuWebAppSuite","HabitNuWebAppRegression","WebAppSanityPackage.Sugar_Section","WebAppSanityPackage.Sugar_Section","case17","verify blank data in Blood Sugar section Fasting",""
"passed","Thu Nov 06 21:57:48 UTC 2025","Thu Nov 06 21:58:02 UTC 2025","13995","HabitNuWebAppSuite","HabitNuWebAppRegression","WebAppSanityPackage.foodGrouping","WebAppSanityPackage.foodGrouping","case18","Create 'My Meal' from logged foods in DINNER sections",""
"passed","Thu Nov 06 22:11:55 UTC 2025","Thu Nov 06 22:11:57 UTC 2025","1527","HabitNuWebAppSuite","HabitNuWebAppRegression","WebAppSanityPackage.Myrecipes","WebAppSanityPackage.Myrecipes","test13_addremovefavorite","And user is able to add &vremove the favorite recipes",""
"passed","Thu Nov 06 21:54:00 UTC 2025","Thu Nov 06 21:54:03 UTC 2025","2750","HabitNuWebAppSuite","HabitNuWebAppRegression","WebAppSanityPackage.waterLog","WebAppSanityPackage.waterLog","case9","Custom Water Log by Using + and - Buttons",""
"passed","Thu Nov 06 21:53:47 UTC 2025","Thu Nov 06 21:53:50 UTC 2025","3348","HabitNuWebAppSuite","HabitNuWebAppRegression","WebAppSanityPackage.waterLog","WebAppSanityPackage.waterLog","case2","8 oz Water Log",""
"passed","Thu Nov 06 21:45:48 UTC 2025","Thu Nov 06 21:45:48 UTC 2025","229","HabitNuWebAppSuite","HabitNuWebAppRegression","WebAppSanityPackage.HabitsAppClass","WebAppSanityPackage.HabitsAppClass","case21","Single click on habit button and mark a red",""
"passed","Thu Nov 06 22:08:18 UTC 2025","Thu Nov 06 22:08:21 UTC 2025","2892","HabitNuWebAppSuite","HabitNuWebAppRegression","WebAppSanityPackage.WebAppHealth_WeightSection","WebAppSanityPackage.WebAppHealth_WeightSection","graphcase2","Load web app -> Click on Health section -> Weight section -> click on three lines -> Click on graph -> click on filter as last month",""
"passed","Thu Nov 06 21:41:50 UTC 2025","Thu Nov 06 21:41:58 UTC 2025","7616","HabitNuWebAppSuite","HabitNuWebAppRegression","WebAppSanityPackage.ProfileAppClass","WebAppSanityPackage.ProfileAppClass","case73","Upload the file, name and file type and upload",""
"passed","Thu Nov 06 21:41:01 UTC 2025","Thu Nov 06 21:41:03 UTC 2025","1416","HabitNuWebAppSuite","HabitNuWebAppRegression","WebAppSanityPackage.ProfileAppClass","WebAppSanityPackage.ProfileAppClass","keepZipcodevalidAndSave","Keep Zipcode with valid numbers and save → Should not show error",""
"passed","Thu Nov 06 21:51:25 UTC 2025","Thu Nov 06 21:51:25 UTC 2025","331","HabitNuWebAppSuite","HabitNuWebAppRegression","WebAppSanityPackage.Login","WebAppSanityPackage.Login","testLoginWithOnlyPassword","Verify error when only password is provided",""
"broken","Thu Nov 06 22:01:27 UTC 2025","Thu Nov 06 22:01:40 UTC 2025","12302","HabitNuWebAppSuite","HabitNuWebAppRegression","WebAppSanityPackage.habiRecipe","WebAppSanityPackage.habiRecipe","case12","Generate New Recipe for Food allergies",""
"broken","Thu Nov 06 21:39:14 UTC 2025","Thu Nov 06 21:39:14 UTC 2025","26","HabitNuWebAppSuite","HabitNuWebAppRegression","WebAppSanityPackage.TobaccoSection","WebAppSanityPackage.TobaccoSection","case21","add yesterday's tobacco n it should show last added data",""
"passed","Thu Nov 06 21:40:21 UTC 2025","Thu Nov 06 21:40:23 UTC 2025","1694","HabitNuWebAppSuite","HabitNuWebAppRegression","WebAppSanityPackage.ProfileAppClass","WebAppSanityPackage.ProfileAppClass","replaceProfilePicture","Replace profile picture → should update",""
"passed","Thu Nov 06 22:08:11 UTC 2025","Thu Nov 06 22:08:11 UTC 2025","184","HabitNuWebAppSuite","HabitNuWebAppRegression","WebAppSanityPackage.WebAppHealth_WeightSection","WebAppSanityPackage.WebAppHealth_WeightSection","case10","Add data as 1000 weight",""
"passed","Thu Nov 06 22:08:42 UTC 2025","Thu Nov 06 22:08:43 UTC 2025","1102","HabitNuWebAppSuite","HabitNuWebAppRegression","WebAppSanityPackage.Medication","WebAppSanityPackage.Medication","case6","Coach- Users- Medication- Creating new Medications details like selecting Dosage",""
"passed","Thu Nov 06 21:39:19 UTC 2025","Thu Nov 06 21:39:20 UTC 2025","480","HabitNuWebAppSuite","HabitNuWebAppRegression","WebAppSanityPackage.TobaccoSection","WebAppSanityPackage.TobaccoSection","case25","verify data should not be more than 100000 in Tobocco count section,Systolic should not be grater than 250",""
"passed","Thu Nov 06 21:36:00 UTC 2025","Thu Nov 06 21:36:01 UTC 2025","1614","HabitNuWebAppSuite","HabitNuWebAppRegression","WebAppSanityPackage.HomePage","WebAppSanityPackage.HomePage","testDiscussionPage","Verify the Discussion Section content and functionality",""
"passed","Thu Nov 06 21:48:21 UTC 2025","Thu Nov 06 21:48:31 UTC 2025","10760","HabitNuWebAppSuite","HabitNuWebAppRegression","WebAppSanityPackage.ExerciseSection","WebAppSanityPackage.ExerciseSection","noTargetSet","verify no target case",""
"passed","Thu Nov 06 22:14:09 UTC 2025","Thu Nov 06 22:14:10 UTC 2025","1957","HabitNuWebAppSuite","HabitNuWebAppRegression","WebAppSanityPackage.GuidedTour","WebAppSanityPackage.GuidedTour","test18_skiptour","When User is able to skip the guided tour",""
"passed","Thu Nov 06 21:46:40 UTC 2025","Thu Nov 06 21:46:53 UTC 2025","13466","HabitNuWebAppSuite","HabitNuWebAppRegression","WebAppSanityPackage.Sugar_Section","WebAppSanityPackage.Sugar_Section","case2","Click on Blood Sugar , click on add new button and add Blood Sugar fasting for current year current date ",""
"passed","Thu Nov 06 21:37:41 UTC 2025","Thu Nov 06 21:37:44 UTC 2025","2319","HabitNuWebAppSuite","HabitNuWebAppRegression","WebAppSanityPackage.BloodPressure_Section","WebAppSanityPackage.BloodPressure_Section","editTargetButDoNotSave","edit target values and do click on 'x' mark and do not save",""
"passed","Thu Nov 06 21:55:04 UTC 2025","Thu Nov 06 21:55:12 UTC 2025","8081","HabitNuWebAppSuite","HabitNuWebAppRegression","WebAppSanityPackage.foodGrouping","WebAppSanityPackage.foodGrouping","case2","Create Meal in My Meals Section",""
"passed","Thu Nov 06 21:37:44 UTC 2025","Thu Nov 06 21:37:45 UTC 2025","396","HabitNuWebAppSuite","HabitNuWebAppRegression","WebAppSanityPackage.BloodPressure_Section","WebAppSanityPackage.BloodPressure_Section","editTargetWithGreaterThan250","edit -  enter Systolic target more than 250 and assert messages",""
"passed","Thu Nov 06 21:53:29 UTC 2025","Thu Nov 06 21:53:37 UTC 2025","7920","HabitNuWebAppSuite","HabitNuWebAppRegression","WebAppSanityPackage.generalContentWEB","WebAppSanityPackage.generalContentWEB","case3","Verify Fitness Videos Details Consistency",""
"passed","Thu Nov 06 21:53:03 UTC 2025","Thu Nov 06 21:53:04 UTC 2025","299","HabitNuWebAppSuite","HabitNuWebAppRegression","WebAppSanityPackage.Hba1c","WebAppSanityPackage.Hba1c","setNegativeTarget","enter negative target values and assert messages",""
"passed","Thu Nov 06 21:35:41 UTC 2025","Thu Nov 06 21:35:41 UTC 2025","216","HabitNuWebAppSuite","HabitNuWebAppRegression","WebAppSanityPackage.HomePage","WebAppSanityPackage.HomePage","testdiscussionHeaderElementsAreClickable","Verify all items in the 'Explore' section are visible and clickable in discussion Dropedown",""
"passed","Thu Nov 06 21:47:04 UTC 2025","Thu Nov 06 21:47:05 UTC 2025","1006","HabitNuWebAppSuite","HabitNuWebAppRegression","WebAppSanityPackage.Sugar_Section","WebAppSanityPackage.Sugar_Section","case6","Click on Blood Sugar , click on add new button and add Blood Sugar Before Meal for current  year , current date -1 ",""
"passed","Thu Nov 06 21:40:03 UTC 2025","Thu Nov 06 21:40:04 UTC 2025","702","HabitNuWebAppSuite","HabitNuWebAppRegression","WebAppSanityPackage.DiscussAppClass","WebAppSanityPackage.DiscussAppClass","case19","Click on + button of memebers ( it should list all memebers)",""
"passed","Thu Nov 06 21:56:08 UTC 2025","Thu Nov 06 21:56:11 UTC 2025","3016","HabitNuWebAppSuite","HabitNuWebAppRegression","WebAppSanityPackage.foodGrouping","WebAppSanityPackage.foodGrouping","case9","Verify the created group name in Food Group section and Log it In dinner",""
"passed","Thu Nov 06 22:13:24 UTC 2025","Thu Nov 06 22:13:25 UTC 2025","755","HabitNuWebAppSuite","HabitNuWebAppRegression","WebAppSanityPackage.GuidedTour","WebAppSanityPackage.GuidedTour","test2_userregistration","When user is able to enter the  registration form",""
"broken","Thu Nov 06 22:02:12 UTC 2025","Thu Nov 06 22:02:24 UTC 2025","12307","HabitNuWebAppSuite","HabitNuWebAppRegression","WebAppSanityPackage.habiRecipe","WebAppSanityPackage.habiRecipe","case16","Generate New Recipe for diet type",""
"passed","Thu Nov 06 21:41:03 UTC 2025","Thu Nov 06 21:41:07 UTC 2025","3960","HabitNuWebAppSuite","HabitNuWebAppRegression","WebAppSanityPackage.ProfileAppClass","WebAppSanityPackage.ProfileAppClass","validateAddressConfirmationSection","Keep Zipcode with valid numbers and save → Should not show error",""
"passed","Thu Nov 06 21:58:27 UTC 2025","Thu Nov 06 21:58:29 UTC 2025","1460","HabitNuWebAppSuite","HabitNuWebAppRegression","WebAppSanityPackage.foodGrouping","WebAppSanityPackage.foodGrouping","case20","Logging 'My Meal' from exsiting group",""
"broken","Thu Nov 06 22:00:55 UTC 2025","Thu Nov 06 22:01:08 UTC 2025","12245","HabitNuWebAppSuite","HabitNuWebAppRegression","WebAppSanityPackage.habiRecipe","WebAppSanityPackage.habiRecipe","Case9","Selecting the  Generated Recipe of Dietary restrictions and Logging It",""
"passed","Thu Nov 06 21:41:01 UTC 2025","Thu Nov 06 21:41:01 UTC 2025","445","HabitNuWebAppSuite","HabitNuWebAppRegression","WebAppSanityPackage.ProfileAppClass","WebAppSanityPackage.ProfileAppClass","keepZipcodevalidAndSaveforminus","Keep Zipcode with valid numbers and save → Should show validation error for missing '-' ",""
"broken","Thu Nov 06 21:42:31 UTC 2025","Thu Nov 06 21:42:33 UTC 2025","2058","HabitNuWebAppSuite","HabitNuWebAppRegression","WebAppSanityPackage.ProfileAppClass","WebAppSanityPackage.ProfileAppClass","testToggleNotifications","Toggle notifications On/Off and validate state change",""
"passed","Thu Nov 06 21:41:19 UTC 2025","Thu Nov 06 21:41:19 UTC 2025","419","HabitNuWebAppSuite","HabitNuWebAppRegression","WebAppSanityPackage.ProfileAppClass","WebAppSanityPackage.ProfileAppClass","case50","Add Hips (in inches) as letters and save",""
"passed","Thu Nov 06 21:58:29 UTC 2025","Thu Nov 06 21:58:46 UTC 2025","16847","HabitNuWebAppSuite","HabitNuWebAppRegression","WebAppSanityPackage.foodGrouping","WebAppSanityPackage.foodGrouping","case21","editing 'My Meal' from exsiting group and adding Foods",""
"passed","Thu Nov 06 21:37:50 UTC 2025","Thu Nov 06 21:38:02 UTC 2025","11330","HabitNuWebAppSuite","HabitNuWebAppRegression","WebAppSanityPackage.BloodPressure_Section","WebAppSanityPackage.BloodPressure_Section","case4","verify added today data in exercise section and verify total exercise per day",""
"passed","Thu Nov 06 21:46:55 UTC 2025","Thu Nov 06 21:46:57 UTC 2025","2038","HabitNuWebAppSuite","HabitNuWebAppRegression","WebAppSanityPackage.Sugar_Section","WebAppSanityPackage.Sugar_Section","case4","Click on Blood Sugar , click on add new button and add Blood Sugar After Meal for current year current date ",""
"passed","Thu Nov 06 21:47:48 UTC 2025","Thu Nov 06 21:47:59 UTC 2025","11363","HabitNuWebAppSuite","HabitNuWebAppRegression","WebAppSanityPackage.Sugar_Section","WebAppSanityPackage.Sugar_Section","case14","add yesterday's Blood Sugar n it should show last added data Before Meal",""
"passed","Thu Nov 06 21:56:59 UTC 2025","Thu Nov 06 21:57:09 UTC 2025","10859","HabitNuWebAppSuite","HabitNuWebAppRegression","WebAppSanityPackage.foodGrouping","WebAppSanityPackage.foodGrouping","case14","Add food item to Dinner section",""
"passed","Thu Nov 06 21:36:03 UTC 2025","Thu Nov 06 21:36:05 UTC 2025","2122","HabitNuWebAppSuite","HabitNuWebAppRegression","WebAppSanityPackage.HomePage","WebAppSanityPackage.HomePage","testFitnessVideoPage","Verify the Fitness Videos Section content and functionality",""
"passed","Thu Nov 06 22:13:36 UTC 2025","Thu Nov 06 22:13:38 UTC 2025","1099","HabitNuWebAppSuite","HabitNuWebAppRegression","WebAppSanityPackage.GuidedTour","WebAppSanityPackage.GuidedTour","test7_skipnewuser","And user is able to skip guide tour for the first time login",""
"passed","Thu Nov 06 21:40:55 UTC 2025","Thu Nov 06 21:40:56 UTC 2025","1292","HabitNuWebAppSuite","HabitNuWebAppRegression","WebAppSanityPackage.ProfileAppClass","WebAppSanityPackage.ProfileAppClass","editCityAndSave","Edit city to 'Los Angeles' and save → Should update successfully",""
"passed","Thu Nov 06 21:38:10 UTC 2025","Thu Nov 06 21:38:35 UTC 2025","24282","HabitNuWebAppSuite","HabitNuWebAppRegression","WebAppSanityPackage.TobaccoSection","WebAppSanityPackage.TobaccoSection","Case1_noTargetSet","verify no target case",""
"passed","Thu Nov 06 21:49:51 UTC 2025","Thu Nov 06 21:49:52 UTC 2025","1295","HabitNuWebAppSuite","HabitNuWebAppRegression","WebAppSanityPackage.WebAppClass","WebAppSanityPackage.WebAppClass","case14","Click on View Food Log, Select a Food and Delete it",""
"passed","Thu Nov 06 21:53:11 UTC 2025","Thu Nov 06 21:53:12 UTC 2025","396","HabitNuWebAppSuite","HabitNuWebAppRegression","WebAppSanityPackage.Hba1c","WebAppSanityPackage.Hba1c","editTargetWithGreaterThan99","edit -  enter target more than 14 and assert messages",""
"passed","Thu Nov 06 21:37:39 UTC 2025","Thu Nov 06 21:37:40 UTC 2025","448","HabitNuWebAppSuite","HabitNuWebAppRegression","WebAppSanityPackage.BloodPressure_Section","WebAppSanityPackage.BloodPressure_Section","setSystolicTargetMoreThan250","enter systolic target more than 250 and assert messages",""
"passed","Thu Nov 06 22:00:37 UTC 2025","Thu Nov 06 22:00:43 UTC 2025","5295","HabitNuWebAppSuite","HabitNuWebAppRegression","WebAppSanityPackage.habiRecipe","WebAppSanityPackage.habiRecipe","case7","Dietary restrictions	",""
"broken","Thu Nov 06 21:39:13 UTC 2025","Thu Nov 06 21:39:14 UTC 2025","1055","HabitNuWebAppSuite","HabitNuWebAppRegression","WebAppSanityPackage.TobaccoSection","WebAppSanityPackage.TobaccoSection","case20_case51e","verify added today data in tobacco section ",""
"broken","Thu Nov 06 22:10:00 UTC 2025","Thu Nov 06 22:10:11 UTC 2025","10220","HabitNuWebAppSuite","HabitNuWebAppRegression","WebAppSanityPackage.Medication","WebAppSanityPackage.Medication","Case19addValidMedicationName","TC: Add valid Medication name and save",""
"passed","Thu Nov 06 21:42:13 UTC 2025","Thu Nov 06 21:42:14 UTC 2025","1918","HabitNuWebAppSuite","HabitNuWebAppRegression","WebAppSanityPackage.ProfileAppClass","WebAppSanityPackage.ProfileAppClass","case76","Click on delete file and accept it",""
"passed","Thu Nov 06 22:08:43 UTC 2025","Thu Nov 06 22:08:44 UTC 2025","608","HabitNuWebAppSuite","HabitNuWebAppRegression","WebAppSanityPackage.Medication","WebAppSanityPackage.Medication","case7","Creating new Medications details like selecting Frequency ",""
"broken","Thu Nov 06 22:03:41 UTC 2025","Thu Nov 06 22:03:54 UTC 2025","12363","HabitNuWebAppSuite","HabitNuWebAppRegression","WebAppSanityPackage.habiRecipe","WebAppSanityPackage.habiRecipe","case24","Generate New Recipe for Micronutrient considerations",""
"passed","Thu Nov 06 22:06:41 UTC 2025","Thu Nov 06 22:06:41 UTC 2025","149","HabitNuWebAppSuite","HabitNuWebAppRegression","WebAppSanityPackage.recipeBuilder","WebAppSanityPackage.recipeBuilder","clearSearchBar","Verify recipe clears up on clearing search bar",""
"passed","Thu Nov 06 21:54:08 UTC 2025","Thu Nov 06 21:54:09 UTC 2025","750","HabitNuWebAppSuite","HabitNuWebAppRegression","WebAppSanityPackage.waterLog","WebAppSanityPackage.waterLog","case15","710 ml Water Log",""
"passed","Thu Nov 06 21:46:20 UTC 2025","Thu Nov 06 21:46:20 UTC 2025","668","HabitNuWebAppSuite","HabitNuWebAppRegression","WebAppSanityPackage.Sugar_Section","WebAppSanityPackage.Sugar_Section","placeHolderOfBPCountValueInputBox","verify placeholder - High and Low ",""
"passed","Thu Nov 06 22:07:46 UTC 2025","Thu Nov 06 22:07:46 UTC 2025","233","HabitNuWebAppSuite","HabitNuWebAppRegression","WebAppSanityPackage.WebAppHealth_WeightSection","WebAppSanityPackage.WebAppHealth_WeightSection","editTargetValid","edit Target - valid",""
"passed","Thu Nov 06 22:11:38 UTC 2025","Thu Nov 06 22:11:48 UTC 2025","10383","HabitNuWebAppSuite","HabitNuWebAppRegression","WebAppSanityPackage.Myrecipes","WebAppSanityPackage.Myrecipes","test5_enterrecipe","When user is able to enter the fields",""
"passed","Thu Nov 06 21:43:38 UTC 2025","Thu Nov 06 21:43:49 UTC 2025","10632","HabitNuWebAppSuite","HabitNuWebAppRegression","WebAppSanityPackage.ChatandNotificationsClass","WebAppSanityPackage.ChatandNotificationsClass","case9","Click on HabitNu: Please step on your scale to achieve your weight tracking goal!",""
"passed","Thu Nov 06 22:11:10 UTC 2025","Thu Nov 06 22:11:20 UTC 2025","10276","HabitNuWebAppSuite","HabitNuWebAppRegression","WebAppSanityPackage.Medication","WebAppSanityPackage.Medication","case33","Weight loss medication Skipped and taken",""
"passed","Thu Nov 06 21:42:19 UTC 2025","Thu Nov 06 21:42:22 UTC 2025","3128","HabitNuWebAppSuite","HabitNuWebAppRegression","WebAppSanityPackage.ProfileAppClass","WebAppSanityPackage.ProfileAppClass","case82","Enter wrong current password and new password, click Change Password",""
"passed","Thu Nov 06 21:49:34 UTC 2025","Thu Nov 06 21:49:39 UTC 2025","5486","HabitNuWebAppSuite","HabitNuWebAppRegression","WebAppSanityPackage.WebAppClass","WebAppSanityPackage.WebAppClass","case7","Click on Add Food, go to Custom and create a customized food",""
"passed","Thu Nov 06 21:54:07 UTC 2025","Thu Nov 06 21:54:08 UTC 2025","821","HabitNuWebAppSuite","HabitNuWebAppRegression","WebAppSanityPackage.waterLog","WebAppSanityPackage.waterLog","case14","473 ml Water Log",""
"passed","Thu Nov 06 21:53:18 UTC 2025","Thu Nov 06 21:53:29 UTC 2025","10443","HabitNuWebAppSuite","HabitNuWebAppRegression","WebAppSanityPackage.generalContentWEB","WebAppSanityPackage.generalContentWEB","case2","Fitness Videos Details",""
"passed","Thu Nov 06 21:41:01 UTC 2025","Thu Nov 06 21:41:01 UTC 2025","223","HabitNuWebAppSuite","HabitNuWebAppRegression","WebAppSanityPackage.ProfileAppClass","WebAppSanityPackage.ProfileAppClass","keepZipcode6digitsAndSave","Keep Zipcode with 6 numbers and save → Should show validation error",""
"broken","Thu Nov 06 22:10:27 UTC 2025","Thu Nov 06 22:10:39 UTC 2025","11182","HabitNuWebAppSuite","HabitNuWebAppRegression","WebAppSanityPackage.Medication","WebAppSanityPackage.Medication","case28","Creating new Medications details like selecting add time (What time(s) do you want to take this medication?)",""
"passed","Thu Nov 06 21:48:34 UTC 2025","Thu Nov 06 21:48:36 UTC 2025","1294","HabitNuWebAppSuite","HabitNuWebAppRegression","WebAppSanityPackage.ExerciseSection","WebAppSanityPackage.ExerciseSection","editTargetButDoNotSave","edit target values and do click on 'x' mark and do not save",""
"passed","Thu Nov 06 21:40:10 UTC 2025","Thu Nov 06 21:40:10 UTC 2025","359","HabitNuWebAppSuite","HabitNuWebAppRegression","WebAppSanityPackage.DiscussAppClass","WebAppSanityPackage.DiscussAppClass","case35","Click on Replay ( It will display all the recorded meetings)",""
"passed","Thu Nov 06 21:42:30 UTC 2025","Thu Nov 06 21:42:31 UTC 2025","419","HabitNuWebAppSuite","HabitNuWebAppRegression","WebAppSanityPackage.ProfileAppClass","WebAppSanityPackage.ProfileAppClass","testToggleNotifications","Toggle notifications On/Off and validate state change",""
"passed","Thu Nov 06 21:42:26 UTC 2025","Thu Nov 06 21:42:28 UTC 2025","2296","HabitNuWebAppSuite","HabitNuWebAppRegression","WebAppSanityPackage.ProfileAppClass","WebAppSanityPackage.ProfileAppClass","case87","Switch back to English language and verify UI text",""
