"Status","Start Time","Stop Time","Duration in ms","Parent Suite","Suite","Sub Suite","Test Class","Test Method","Name","Description"
"passed","Tue Jul 28 22:58:30 UTC 2026","Tue Jul 28 22:58:33 UTC 2026","3229","HabitNuCoachPortalSuite","HabitNuCoachesPortalRegression-PartB","CoachesPortal.OnsiteUsersListDashboard","CoachesPortal.OnsiteUsersListDashboard","case9","test1 > Given I am logged in as coach, Form Survey for cohort- Disability.","test1 > Given I am logged in as coach, Form Survey for cohort- Disability."
"passed","Tue Jul 28 22:56:02 UTC 2026","Tue Jul 28 22:56:02 UTC 2026","165","HabitNuCoachPortalSuite","HabitNuCoachesPortalRegression-PartA","CoachesPortal.LearnModule.CustomerAdminCourseDocument","CoachesPortal.LearnModule.CustomerAdminCourseDocument","verifyOpeningCustAdminCourseDocument","Verify Opening Customer Admin Should have CourseDocument",""
"broken","Tue Jul 28 23:02:11 UTC 2026","Tue Jul 28 23:02:11 UTC 2026","81","HabitNuCoachPortalSuite","HabitNuCoachesPortalRegression-PartB","CoachesPortal.OnsiteUsersListDashboard","CoachesPortal.OnsiteUsersListDashboard","case23","test1 > Given I am logged in as coach, Action- Request Form Survey.","test1 > Given I am logged in as coach, Action- Request Form Survey."
"failed","Tue Jul 28 23:36:55 UTC 2026","Tue Jul 28 23:36:58 UTC 2026","2528","HabitNuCoachPortalSuite","Paywal","CoachesPortal.payWall","CoachesPortal.payWall","testFilterSubscriptions","COP-T397–399: Validate subscription filters",""
"broken","Wed Jul 29 00:06:58 UTC 2026","Wed Jul 29 00:07:29 UTC 2026","30497","HabitNuCoachPortalSuite","UserDashboard","CoachesPortal.PatientDashboard","CoachesPortal.PatientDashboard","foodLog","test12 > Given I am logged in as coach, when I am on adding Meal by logging into user app, Then I should be able to see added Meal data on FoodLog graph","coach login - user/patient/partcipant dashboard validation"
"passed","Tue Jul 28 23:38:28 UTC 2026","Tue Jul 28 23:38:34 UTC 2026","6002","HabitNuCoachPortalSuite","Paywal","CoachesPortal.payWall","CoachesPortal.payWall","testSubscriptionFailureScenario","COP-T415: Validate subscription failure scenario",""
"failed","Tue Jul 28 23:11:02 UTC 2026","Tue Jul 28 23:11:04 UTC 2026","1980","HabitNuCoachPortalSuite","HabitNuCoachesPortalRegression-PartB","CoachesPortal.PatientDetails.PatientProfileDemographic","CoachesPortal.PatientDetails.PatientProfileDemographic","updateAndVerifyBaselineHealthData","test1 > Given I am logged in as coach, updateAndVerifyBaselineHealthData","test1 > Given I am logged in as coach, updateAndVerifyBaselineHealthData"
"broken","Tue Jul 28 23:55:00 UTC 2026","Tue Jul 28 23:55:31 UTC 2026","30898","HabitNuCoachPortalSuite","LogClassSession","CoachesPortal.LogClassSession","CoachesPortal.LogClassSession","verifyAddWeightAttendanceDateAndPA","Verify coach can save log class session by adding weight,attendance date and PA",""
"passed","Tue Jul 28 23:12:11 UTC 2026","Tue Jul 28 23:12:11 UTC 2026","5","HabitNuCoachPortalSuite","HabitNuCoachesPortalRegression-PartB","CoachesPortal.PatientDetails.PatientProfileDemographic","CoachesPortal.PatientDetails.PatientProfileDemographic","updatelastName","test1 > Given I am logged in as coach, Last Name","test1 > Given I am logged in as coach, Last Name"
"broken","Tue Jul 28 22:59:42 UTC 2026","Tue Jul 28 23:00:02 UTC 2026","20415","HabitNuCoachPortalSuite","HabitNuCoachesPortalRegression-PartB","CoachesPortal.OnsiteUsersListDashboard","CoachesPortal.OnsiteUsersListDashboard","case15","test1 > Given I am logged in as coach, Click on a user and check whether its navigating to the dashboard.","test1 > Given I am logged in as coach, Click on a user and check whether its navigating to the dashboard."
"broken","Wed Jul 29 00:07:29 UTC 2026","Wed Jul 29 00:08:02 UTC 2026","33297","HabitNuCoachPortalSuite","UserDashboard","CoachesPortal.PatientDashboard","CoachesPortal.PatientDashboard","bloodSugarHistory","test6 > Given I am logged in as coach, wehn I am on adding bloodsugar from user Dashboard, Then I should be able to see added bloodsugar on bloodSugarHistory graph","coach login - user/patient/partcipant dashboard validation"
"passed","Tue Jul 28 23:11:15 UTC 2026","Tue Jul 28 23:11:20 UTC 2026","5171","HabitNuCoachPortalSuite","HabitNuCoachesPortalRegression-PartB","CoachesPortal.PatientDetails.PatientProfileDemographic","CoachesPortal.PatientDetails.PatientProfileDemographic","testSelectBlindNo","test1 > Given I am logged in as coach, testSelectBlindNo","test1 > Given I am logged in as coach, testSelectBlindNo"
"passed","Tue Jul 28 22:48:46 UTC 2026","Tue Jul 28 22:48:47 UTC 2026","621","HabitNuCoachPortalSuite","HabitNuCoachesPortalRegression-PartA","CoachesPortal.LearnModule.Learn","CoachesPortal.LearnModule.Learn","checkToastMessage","to verify toast message when no content is added to the course",""
"passed","Wed Jul 29 00:03:33 UTC 2026","Wed Jul 29 00:03:43 UTC 2026","10501","HabitNuCoachPortalSuite","Milestones","CoachesPortal.VAMilestone","CoachesPortal.VAMilestone","test14_validating_VAHeaders_data","And user is validating to VAHeaders data by clicking arrow button",""
"skipped","Tue Jul 28 23:38:34 UTC 2026","Tue Jul 28 23:38:34 UTC 2026","0","HabitNuCoachPortalSuite","Paywal","CoachesPortal.payWall","CoachesPortal.payWall","testMultiplePlansLinkedToProgram","COP-T412: Validate multiple plans linked to a program",""
"passed","Tue Jul 28 23:30:08 UTC 2026","Tue Jul 28 23:30:09 UTC 2026","441","HabitNuCoachPortalSuite","UserActivities","CoachesPortal.PatientDetails.UserActivitiesBloodSugar","CoachesPortal.PatientDetails.UserActivitiesBloodSugar","verifyUser_isNot_allowed_edit_coachAddedData","Verify user is not allowed to edit data added by coaches",""
"passed","Tue Jul 28 23:58:14 UTC 2026","Tue Jul 28 23:58:15 UTC 2026","779","HabitNuCoachPortalSuite","GroupDPPClassPlanner","CoachesPortal.ClassPlanner","CoachesPortal.ClassPlanner","case5","Edit the list to class planner",""
"passed","Tue Jul 28 23:49:13 UTC 2026","Tue Jul 28 23:49:14 UTC 2026","145","HabitNuCoachPortalSuite","LoginPageCases","CoachesPortal.LoginPageCases","CoachesPortal.LoginPageCases","case14","Coaches Portal Feedback URL -> Add subject-> Keep other fields empty -> Click on Submit Feedback",""
"passed","Tue Jul 28 23:59:38 UTC 2026","Wed Jul 29 00:00:01 UTC 2026","22661","HabitNuCoachPortalSuite","GeneralContent","CoachesPortal.generalContent_WEb_Coaches","CoachesPortal.generalContent_WEb_Coaches","case6","Creating tags for Groups",""
"passed","Tue Jul 28 22:53:22 UTC 2026","Tue Jul 28 22:54:24 UTC 2026","61736","HabitNuCoachPortalSuite","HabitNuCoachesPortalRegression-PartA","CoachesPortal.LearnModule.Learn","CoachesPortal.LearnModule.Learn","checkWebAPPAfterCourseAddedByAdmin","verify on clone course page, course created by admin is available",""
"passed","Tue Jul 28 23:58:12 UTC 2026","Tue Jul 28 23:58:12 UTC 2026","565","HabitNuCoachPortalSuite","GroupDPPClassPlanner","CoachesPortal.ClassPlanner","CoachesPortal.ClassPlanner","case2","It should have an Activate button, Add List, and Show Archived.",""
"passed","Tue Jul 28 23:58:15 UTC 2026","Tue Jul 28 23:58:15 UTC 2026","247","HabitNuCoachPortalSuite","GroupDPPClassPlanner","CoachesPortal.ClassPlanner","CoachesPortal.ClassPlanner","case6","Cancel the Edit list",""
"passed","Tue Jul 28 23:58:20 UTC 2026","Tue Jul 28 23:58:21 UTC 2026","793","HabitNuCoachPortalSuite","GroupDPPClassPlanner","CoachesPortal.ClassPlanner","CoachesPortal.ClassPlanner","case14","Archive the TEXT Created card",""
"broken","Wed Jul 29 00:23:30 UTC 2026","Wed Jul 29 00:24:30 UTC 2026","60246","HabitNuCoachPortalSuite","UserDashboard","CoachesPortal.PatientDashboard","CoachesPortal.PatientDashboard","habitCard_NotDone","test16 > Given I am logged in as admin, when I am on adding a habit for the user, Then I should be able to see added habit and as 'NOT DONE' on Habits graph","admin login - user/patient/partcipant dashboard validation"
"passed","Tue Jul 28 23:35:18 UTC 2026","Tue Jul 28 23:35:21 UTC 2026","3003","HabitNuCoachPortalSuite","Paywal","CoachesPortal.payWall","CoachesPortal.payWall","testEditDraftPaymentPlan","COP-T389: Edit the Monthly Draft Payment Plan",""
"passed","Tue Jul 28 22:56:36 UTC 2026","Tue Jul 28 22:56:43 UTC 2026","6047","HabitNuCoachPortalSuite","HabitNuCoachesPortalRegression-PartA","CoachesPortal.LearnModule.CustomerAdminCourseDocument","CoachesPortal.LearnModule.CustomerAdminCourseDocument","verifyDocuentEditAndSave","Document Edit and Save",""
"passed","Tue Jul 28 23:58:57 UTC 2026","Tue Jul 28 23:59:05 UTC 2026","7592","HabitNuCoachPortalSuite","GroupDPPClassPlanner","CoachesPortal.ClassPlanner","CoachesPortal.ClassPlanner","case26","Edit (lock)button of class planner in cohort by editing card from user dashboard",""
"passed","Tue Jul 28 22:58:26 UTC 2026","Tue Jul 28 22:58:26 UTC 2026","766","HabitNuCoachPortalSuite","HabitNuCoachesPortalRegression-PartB","CoachesPortal.OnsiteUsersListDashboard","CoachesPortal.OnsiteUsersListDashboard","case6","test1 > Given I am logged in as coach, Seach user by ID.","test1 > Given I am logged in as coach, Seach user by ID."
"broken","Tue Jul 28 23:00:28 UTC 2026","Tue Jul 28 23:00:48 UTC 2026","20428","HabitNuCoachPortalSuite","HabitNuCoachesPortalRegression-PartB","CoachesPortal.OnsiteUsersListDashboard","CoachesPortal.OnsiteUsersListDashboard","case17","test1 > Given I am logged in as coach, Enter call details from list section using headset button","test1 > Given I am logged in as coach, Enter call details from list section using headset button"
"passed","Wed Jul 29 00:35:31 UTC 2026","Wed Jul 29 00:36:35 UTC 2026","63241","HabitNuCoachPortalSuite","DifferentTypeOfDashboards","CoachesPortal.CohortLevelDashboard.ParticipantsProgressTracker","CoachesPortal.CohortLevelDashboard.ParticipantsProgressTracker","test8_Session","And user is able to increase the session count",""
"passed","Tue Jul 28 22:56:02 UTC 2026","Tue Jul 28 22:56:02 UTC 2026","477","HabitNuCoachPortalSuite","HabitNuCoachesPortalRegression-PartA","CoachesPortal.LearnModule.CustomerAdminCourseDocument","CoachesPortal.LearnModule.CustomerAdminCourseDocument","verifyopenAndCloseDocument","Verify open and close new document",""
"skipped","Tue Jul 28 23:34:06 UTC 2026","Tue Jul 28 23:34:06 UTC 2026","0","HabitNuCoachPortalSuite","Scheduler","CoachesPortal.Schedular","CoachesPortal.Schedular","openAppoitmentCreateForm","openAppoitmentCreateForm",""
"passed","Tue Jul 28 23:37:17 UTC 2026","Tue Jul 28 23:37:19 UTC 2026","1627","HabitNuCoachPortalSuite","Paywal","CoachesPortal.payWall","CoachesPortal.payWall","testFilterTransactions","COP-T400: Validate all transaction filters",""
"passed","Tue Jul 28 23:03:44 UTC 2026","Tue Jul 28 23:03:44 UTC 2026","363","HabitNuCoachPortalSuite","HabitNuCoachesPortalRegression-PartB","CoachesPortal.OnsiteUsersListDashboard","CoachesPortal.OnsiteUsersListDashboard","case48","test1 > Given I am logged in as customerAdmin, enroll user but click - N0","test1 > Given I am logged in as customerAdmin, enroll user but click - N0"
"passed","Wed Jul 29 00:03:43 UTC 2026","Wed Jul 29 00:03:48 UTC 2026","4858","HabitNuCoachPortalSuite","Milestones","CoachesPortal.VAMilestone","CoachesPortal.VAMilestone","test16_validating_VAHeaders_data","And user is validating to VAHeaders data by clicking arrow button",""
"passed","Wed Jul 29 00:28:28 UTC 2026","Wed Jul 29 00:28:31 UTC 2026","3623","HabitNuCoachPortalSuite","ParticipationsTable","CoachesPortal.participations","CoachesPortal.participations","test9_searchuser","And user is able to search the user with user email",""
"passed","Tue Jul 28 22:56:04 UTC 2026","Tue Jul 28 22:56:05 UTC 2026","828","HabitNuCoachPortalSuite","HabitNuCoachesPortalRegression-PartA","CoachesPortal.LearnModule.CustomerAdminCourseDocument","CoachesPortal.LearnModule.CustomerAdminCourseDocument","verifyAddUrlTitleLinkRequired","Add Url And Title Required",""
"passed","Tue Jul 28 23:49:03 UTC 2026","Tue Jul 28 23:49:07 UTC 2026","4348","HabitNuCoachPortalSuite","LoginPageCases","CoachesPortal.LoginPageCases","CoachesPortal.LoginPageCases","testRestpasswordAuthentication","validate user is able to login with the reset password",""
"passed","Tue Jul 28 23:03:33 UTC 2026","Tue Jul 28 23:03:37 UTC 2026","3746","HabitNuCoachPortalSuite","HabitNuCoachesPortalRegression-PartB","CoachesPortal.OnsiteUsersListDashboard","CoachesPortal.OnsiteUsersListDashboard","case43","test1 > Given I am logged in as customerAdmin, disenroll user validation - on DISENROLL check","test1 > Given I am logged in as customerAdmin, disenroll user validation - on DISENROLL check"
"passed","Tue Jul 28 22:56:16 UTC 2026","Tue Jul 28 22:56:20 UTC 2026","3314","HabitNuCoachPortalSuite","HabitNuCoachesPortalRegression-PartA","CoachesPortal.LearnModule.CustomerAdminCourseDocument","CoachesPortal.LearnModule.CustomerAdminCourseDocument","verifyLinkArchiveCancelAndConfirm","Link Archive Cancel And Confirm",""
"passed","Tue Jul 28 23:58:37 UTC 2026","Tue Jul 28 23:58:37 UTC 2026","87","HabitNuCoachPortalSuite","GroupDPPClassPlanner","CoachesPortal.ClassPlanner","CoachesPortal.ClassPlanner","case19","Click on Unlock button",""
"broken","Wed Jul 29 00:16:48 UTC 2026","Wed Jul 29 00:17:51 UTC 2026","62921","HabitNuCoachPortalSuite","UserDashboard","CoachesPortal.PatientDashboard","CoachesPortal.PatientDashboard","Last_AFterMeal_Blood_Sugar","test21 > Given I am logged in as coach, wehn I am on Participants dashboard page, when I add bloodsugar AFTER-MEAL type, Then I should be able to see the added data on dashboard card==Last_AfterMeal_Blood_Sugar","coach login - clicking on scheduler should open the scheduler page in coaches portal"
"failed","Tue Jul 28 23:37:01 UTC 2026","Tue Jul 28 23:37:04 UTC 2026","3686","HabitNuCoachPortalSuite","Paywal","CoachesPortal.payWall","CoachesPortal.payWall","testFilterSubscriptions","COP-T397–399: Validate subscription filters",""
"passed","Tue Jul 28 22:50:52 UTC 2026","Tue Jul 28 22:50:56 UTC 2026","4067","HabitNuCoachPortalSuite","HabitNuCoachesPortalRegression-PartA","CoachesPortal.LearnModule.Learn","CoachesPortal.LearnModule.Learn","nocourseconfiguredfortheprogram","No course configured for the program.",""
"passed","Tue Jul 28 23:49:13 UTC 2026","Tue Jul 28 23:49:13 UTC 2026","118","HabitNuCoachPortalSuite","LoginPageCases","CoachesPortal.LoginPageCases","CoachesPortal.LoginPageCases","case12","Coaches Portal Feedback URL -> Keep the feedback page empty -> Click on Submit Feedback",""
"passed","Tue Jul 28 23:46:55 UTC 2026","Tue Jul 28 23:46:55 UTC 2026","9","HabitNuCoachPortalSuite","HabitNuCoachesPortalRegression-PartC","CoachesPortal.PatientDetails.PatientProfilePayerType","CoachesPortal.PatientDetails.PatientProfilePayerType","deletePayerTypes","verify PayerType can be deleted",""
"broken","Tue Jul 28 22:59:22 UTC 2026","Tue Jul 28 22:59:42 UTC 2026","20418","HabitNuCoachPortalSuite","HabitNuCoachesPortalRegression-PartB","CoachesPortal.OnsiteUsersListDashboard","CoachesPortal.OnsiteUsersListDashboard","case14","test1 > Given I am logged in as coach, SDOH Risk Area flag test case.","test1 > Given I am logged in as coach, SDOH Risk Area flag test case."
"passed","Wed Jul 29 00:01:34 UTC 2026","Wed Jul 29 00:01:35 UTC 2026","1040","HabitNuCoachPortalSuite","Milestones","CoachesPortal.BPSMMilestone","CoachesPortal.BPSMMilestone","test3_currentcohort_dashboard","And user is navigated to current cohort dashboard",""
"skipped","Tue Jul 28 23:38:34 UTC 2026","Tue Jul 28 23:38:34 UTC 2026","0","HabitNuCoachPortalSuite","Paywal","CoachesPortal.payWall","CoachesPortal.payWall","testValidateTransactionEntryAfterSubscription","COP-T411: Validate transaction entry after user subscription",""
"passed","Tue Jul 28 22:49:27 UTC 2026","Tue Jul 28 22:49:32 UTC 2026","4924","HabitNuCoachPortalSuite","HabitNuCoachesPortalRegression-PartA","CoachesPortal.LearnModule.Learn","CoachesPortal.LearnModule.Learn","addContentToTheCourse","add content to the course",""
"broken","Tue Jul 28 23:42:16 UTC 2026","Tue Jul 28 23:42:46 UTC 2026","30064","HabitNuCoachPortalSuite","HabitNuCoachesPortalRegression-PartC","CoachesPortal.PatientDetails.PatientProfilePreAuth","CoachesPortal.PatientDetails.PatientProfilePreAuth","deletePerAuth","delete PreAuth for Ethylen",""
"passed","Tue Jul 28 23:16:34 UTC 2026","Tue Jul 28 23:16:34 UTC 2026","59","HabitNuCoachPortalSuite","HabitNuCoachesPortalRegression-PartB","CoachesPortal.PatientDetails.PatientProfileDemographic","CoachesPortal.PatientDetails.PatientProfileDemographic","verifyCDCdetails","test1 > Given I am logged in as customer admin, verifyCDCdetails","test1 > Given I am logged in as customer admin, verifyCDCdetails"
"passed","Wed Jul 29 00:31:43 UTC 2026","Wed Jul 29 00:31:43 UTC 2026","48","HabitNuCoachPortalSuite","DifferentTypeOfDashboards","CoachesPortal.CohortLevelDashboard.DSMEDashboardCoachesPortal","CoachesPortal.CohortLevelDashboard.DSMEDashboardCoachesPortal","test13_verifyBloodSugarByPatientsWithAllDefaultOption","Verify Blood Sugar by Patients Should be selected by dropdownCard with all as default option",""
"broken","Tue Jul 28 23:06:03 UTC 2026","Tue Jul 28 23:06:37 UTC 2026","33948","HabitNuCoachPortalSuite","HabitNuCoachesPortalRegression-PartB","CoachesPortal.OnsiteUsersListDashboard","CoachesPortal.OnsiteUsersListDashboard","verifyConfirmed_By_CoachYes","test1 > Given I am logged in as customerAdmin, verifyConfirmed_By_Coach is updated to TRUE when coach update to Yes from user profile","test1 > Given I am logged in as customerAdmin, verifyConfirmed_By_Coach is updated to TRUE when coach update to Yes from user profile"
"broken","Tue Jul 28 23:59:11 UTC 2026","Tue Jul 28 23:59:12 UTC 2026","1169","HabitNuCoachPortalSuite","GroupDPPClassPlanner","CoachesPortal.ClassPlanner","CoachesPortal.ClassPlanner","case35","validate user is able to view classPlanner item==text",""
"passed","Tue Jul 28 23:48:58 UTC 2026","Tue Jul 28 23:49:03 UTC 2026","4957","HabitNuCoachPortalSuite","LoginPageCases","CoachesPortal.LoginPageCases","CoachesPortal.LoginPageCases","testRestpasswordCase3","validate users be able to reset password, while doing so entering passwords that do not match with previous ones",""
"broken","Tue Jul 28 23:15:31 UTC 2026","Tue Jul 28 23:16:02 UTC 2026","30464","HabitNuCoachPortalSuite","HabitNuCoachesPortalRegression-PartB","CoachesPortal.PatientDetails.PatientProfileDemographic","CoachesPortal.PatientDetails.PatientProfileDemographic","verifyCallDetails","test1 > Given I am logged in as customer admin, verifyCallDetails","test1 > Given I am logged in as customer admin, verifyCallDetails"
"passed","Tue Jul 28 23:14:53 UTC 2026","Tue Jul 28 23:14:53 UTC 2026","56","HabitNuCoachPortalSuite","HabitNuCoachesPortalRegression-PartB","CoachesPortal.PatientDetails.PatientProfileDemographic","CoachesPortal.PatientDetails.PatientProfileDemographic","verifyContactDetails","test1 > Given I am logged in as customer admin, verifyContactDetails","test1 > Given I am logged in as customer admin, verifyContactDetails"
"passed","Tue Jul 28 23:36:40 UTC 2026","Tue Jul 28 23:36:43 UTC 2026","3203","HabitNuCoachPortalSuite","Paywal","CoachesPortal.payWall","CoachesPortal.payWall","testFilterSubscriptions","COP-T397–399: Validate subscription filters",""
"broken","Tue Jul 28 23:30:43 UTC 2026","Tue Jul 28 23:31:14 UTC 2026","31184","HabitNuCoachPortalSuite","UserActivities","CoachesPortal.PatientDetails.UserActivitiesTobacco","CoachesPortal.PatientDetails.UserActivitiesTobacco","verifyAddCurrentDateBloodPressure","Verify user as Ethelyn in useractivities tab and add tobacco to current date",""
"passed","Tue Jul 28 23:49:16 UTC 2026","Tue Jul 28 23:49:16 UTC 2026","426","HabitNuCoachPortalSuite","LoginPageCases","CoachesPortal.LoginPageCases","CoachesPortal.LoginPageCases","case16","Coaches Portal Login URL -> Click on Privacy Policy Link",""
"passed","Tue Jul 28 23:35:25 UTC 2026","Tue Jul 28 23:35:29 UTC 2026","4204","HabitNuCoachPortalSuite","Paywal","CoachesPortal.payWall","CoachesPortal.payWall","testPublishAnnualPaymentPlan","COP-T390B: Publish the Annual Payment Plan",""
"broken","Tue Jul 28 23:50:25 UTC 2026","Tue Jul 28 23:50:55 UTC 2026","30549","HabitNuCoachPortalSuite","LogClassSession","CoachesPortal.LogClassSession","CoachesPortal.LogClassSession","verifySearchPatientByName","verify coach can Search Participant By Name in log class session page",""
"passed","Wed Jul 29 00:27:56 UTC 2026","Wed Jul 29 00:27:57 UTC 2026","541","HabitNuCoachPortalSuite","ParticipationsTable","CoachesPortal.participations","CoachesPortal.participations","test3_validatingadmin","When user is validating to Admin section ",""
"passed","Tue Jul 28 23:31:57 UTC 2026","Tue Jul 28 23:31:57 UTC 2026","436","HabitNuCoachPortalSuite","UserActivities","CoachesPortal.PatientDetails.UserActivitiesTobacco","CoachesPortal.PatientDetails.UserActivitiesTobacco","verifyUser_isNot_allowed_edit_coachAddedData","Verify user is not allowed to edit data added by coaches",""
"passed","Wed Jul 29 00:01:29 UTC 2026","Wed Jul 29 00:01:33 UTC 2026","3646","HabitNuCoachPortalSuite","Milestones","CoachesPortal.BPSMMilestone","CoachesPortal.BPSMMilestone","test1_navigatingcoach","Given user is navigating to coaches portal",""
"passed","Tue Jul 28 23:49:07 UTC 2026","Tue Jul 28 23:49:07 UTC 2026","120","HabitNuCoachPortalSuite","LoginPageCases","CoachesPortal.LoginPageCases","CoachesPortal.LoginPageCases","testLoginWithoutEmailAndPassword","try login without email and password",""
"passed","Wed Jul 29 00:37:26 UTC 2026","Wed Jul 29 00:37:37 UTC 2026","11126","HabitNuCoachPortalSuite","DifferentTypeOfDashboards","CoachesPortal.CohortLevelDashboard.ParticipantsProgressTracker","CoachesPortal.CohortLevelDashboard.ParticipantsProgressTracker","test12_Completedunits","And User is validating the completed units",""
"passed","Wed Jul 29 00:01:17 UTC 2026","Wed Jul 29 00:01:27 UTC 2026","10125","HabitNuCoachPortalSuite","GeneralContent","CoachesPortal.generalContent_WEb_Coaches","CoachesPortal.generalContent_WEb_Coaches","verifyGroupDeletion","Verify Group Deletion",""
"passed","Tue Jul 28 23:02:54 UTC 2026","Tue Jul 28 23:02:55 UTC 2026","1000","HabitNuCoachPortalSuite","HabitNuCoachesPortalRegression-PartB","CoachesPortal.OnsiteUsersListDashboard","CoachesPortal.OnsiteUsersListDashboard","case31","test1 > Given I am logged in as customerAdmin, validate userList as customerAdmin-Add Cohort for a user- cancel scenario.","test1 > Given I am logged in as customerAdmin, validate userList as customerAdmin-Add Cohort for a user- cancel scenario."
"broken","Wed Jul 29 00:22:14 UTC 2026","Wed Jul 29 00:23:00 UTC 2026","46115","HabitNuCoachPortalSuite","UserDashboard","CoachesPortal.PatientDashboard","CoachesPortal.PatientDashboard","bloodSugarHistory","test6 > Given I am logged in as admin, wehn I am on adding bloodsugar from user Dashboard, Then I should be able to see added bloodsugar on bloodSugarHistory graph","admin login - user/patient/partcipant dashboard validation"
"passed","Tue Jul 28 22:56:27 UTC 2026","Tue Jul 28 22:56:28 UTC 2026","1089","HabitNuCoachPortalSuite","HabitNuCoachesPortalRegression-PartA","CoachesPortal.LearnModule.CustomerAdminCourseDocument","CoachesPortal.LearnModule.CustomerAdminCourseDocument","verifyAddOnlyDiscriptionDocument","Add Only Discription And verify documentupload and title Required",""
"broken","Tue Jul 28 23:04:58 UTC 2026","Tue Jul 28 23:05:19 UTC 2026","21168","HabitNuCoachPortalSuite","HabitNuCoachesPortalRegression-PartB","CoachesPortal.OnsiteUsersListDashboard","CoachesPortal.OnsiteUsersListDashboard","case56","test1 > Given I am logged in as customerAdmin, verify Mail hasn't sent & unverified address.","test1 > Given I am logged in as customerAdmin, verify Mail hasn't sent & unverified address."
"passed","Tue Jul 28 22:56:02 UTC 2026","Tue Jul 28 22:56:02 UTC 2026","53","HabitNuCoachPortalSuite","HabitNuCoachesPortalRegression-PartA","CoachesPortal.LearnModule.CustomerAdminCourseDocument","CoachesPortal.LearnModule.CustomerAdminCourseDocument","verifyAllElementsInCourseDocuments_","Verify all Elements In CourseDocument",""
"broken","Wed Jul 29 00:37:12 UTC 2026","Wed Jul 29 00:37:26 UTC 2026","13682","HabitNuCoachPortalSuite","DifferentTypeOfDashboards","CoachesPortal.CohortLevelDashboard.ParticipantsProgressTracker","CoachesPortal.CohortLevelDashboard.ParticipantsProgressTracker","test11_CreateRecursivemeeting","And User is able to navigating to schedular and creating a recursive meeting",""
"passed","Tue Jul 28 23:58:18 UTC 2026","Tue Jul 28 23:58:19 UTC 2026","9","HabitNuCoachPortalSuite","GroupDPPClassPlanner","CoachesPortal.ClassPlanner","CoachesPortal.ClassPlanner","case11","Create multiple cards under List",""
"passed","Wed Jul 29 00:01:40 UTC 2026","Wed Jul 29 00:01:41 UTC 2026","1529","HabitNuCoachPortalSuite","Milestones","CoachesPortal.BPSMMilestone","CoachesPortal.BPSMMilestone","test8_validating_BPSMHeaders_data","And user is validating to BPSmHeaders data by clicking arrow button",""
"broken","Tue Jul 28 23:26:28 UTC 2026","Tue Jul 28 23:26:58 UTC 2026","30380","HabitNuCoachPortalSuite","UserActivities","CoachesPortal.PatientDetails.UserActivitiesBloodSugar","CoachesPortal.PatientDetails.UserActivitiesBloodSugar","verifyandCancelCurrentDateBloodSugar","Verify user as Ethelyn in useractivities tab and Cancel filled current date blood sugar",""
"passed","Tue Jul 28 22:56:20 UTC 2026","Tue Jul 28 22:56:26 UTC 2026","6017","HabitNuCoachPortalSuite","HabitNuCoachesPortalRegression-PartA","CoachesPortal.LearnModule.CustomerAdminCourseDocument","CoachesPortal.LearnModule.CustomerAdminCourseDocument","verifyAddDocument","Add Document",""
"passed","Tue Jul 28 22:48:40 UTC 2026","Tue Jul 28 22:48:40 UTC 2026","518","HabitNuCoachPortalSuite","HabitNuCoachesPortalRegression-PartA","CoachesPortal.LearnModule.Learn","CoachesPortal.LearnModule.Learn","createCourse","Verify CustomerAdmin can create course",""
"passed","Tue Jul 28 22:49:44 UTC 2026","Tue Jul 28 22:49:45 UTC 2026","1292","HabitNuCoachPortalSuite","HabitNuCoachesPortalRegression-PartA","CoachesPortal.LearnModule.Learn","CoachesPortal.LearnModule.Learn","addCourseToTheProgram","adding  the course to the program",""
"passed","Wed Jul 29 00:27:57 UTC 2026","Wed Jul 29 00:27:57 UTC 2026","125","HabitNuCoachPortalSuite","ParticipationsTable","CoachesPortal.participations","CoachesPortal.participations","test5_navigatingparticipations","And user is navigating to Participations section ",""
"passed","Tue Jul 28 23:11:02 UTC 2026","Tue Jul 28 23:11:02 UTC 2026","44","HabitNuCoachPortalSuite","HabitNuCoachesPortalRegression-PartB","CoachesPortal.PatientDetails.PatientProfileDemographic","CoachesPortal.PatientDetails.PatientProfileDemographic","verifyBaselineHealthData","test1 > Given I am logged in as coach, verifyBaselineHealthData","test1 > Given I am logged in as coach, verifyBaselineHealthData"
"passed","Wed Jul 29 00:28:31 UTC 2026","Wed Jul 29 00:28:35 UTC 2026","3247","HabitNuCoachPortalSuite","ParticipationsTable","CoachesPortal.participations","CoachesPortal.participations","test10_searchpartner","And user is able to search the user with participation ID",""
"passed","Wed Jul 29 00:00:10 UTC 2026","Wed Jul 29 00:00:15 UTC 2026","5232","HabitNuCoachPortalSuite","GeneralContent","CoachesPortal.generalContent_WEb_Coaches","CoachesPortal.generalContent_WEb_Coaches","case10","Main Page",""
"passed","Wed Jul 29 00:02:29 UTC 2026","Wed Jul 29 00:02:29 UTC 2026","625","HabitNuCoachPortalSuite","Milestones","CoachesPortal.VAMilestone","CoachesPortal.VAMilestone","test4_navigating_milestone","And user is navigating to milestone",""
"passed","Tue Jul 28 23:03:23 UTC 2026","Tue Jul 28 23:03:26 UTC 2026","3337","HabitNuCoachPortalSuite","HabitNuCoachesPortalRegression-PartB","CoachesPortal.OnsiteUsersListDashboard","CoachesPortal.OnsiteUsersListDashboard","case40","test1 > Given I am logged in as customerAdmin, sorting users table with 'Name' in asc order","test1 > Given I am logged in as customerAdmin, sorting users table with 'Name' in asc order"
"passed","Tue Jul 28 22:48:53 UTC 2026","Tue Jul 28 22:48:58 UTC 2026","5236","HabitNuCoachPortalSuite","HabitNuCoachesPortalRegression-PartA","CoachesPortal.LearnModule.Learn","CoachesPortal.LearnModule.Learn","verifyChapterActions","Verify chapter Actions on hovering shows all the buttons",""
"broken","Wed Jul 29 00:24:59 UTC 2026","Wed Jul 29 00:25:05 UTC 2026","5818","HabitNuCoachPortalSuite","FeatureFlags","CoachesPortal.FeatureFlags","CoachesPortal.FeatureFlags","test11_addrulesforuser","And user is able to add the rule for user level",""
"skipped","Tue Jul 28 23:34:06 UTC 2026","Tue Jul 28 23:34:06 UTC 2026","0","HabitNuCoachPortalSuite","Scheduler","CoachesPortal.Schedular","CoachesPortal.Schedular","viewAppointment","viewAppointment",""
"broken","Wed Jul 29 00:09:38 UTC 2026","Wed Jul 29 00:10:09 UTC 2026","30546","HabitNuCoachPortalSuite","UserDashboard","CoachesPortal.PatientDashboard","CoachesPortal.PatientDashboard","physicalActivityHistory","test5 > Given I am logged in as coach, wehn I am on adding steps from user Dashboard, Then I should be able to see added Steps on physicalActivityHistory graph","coach login - user/patient/partcipant dashboard validation"
"passed","Tue Jul 28 23:03:20 UTC 2026","Tue Jul 28 23:03:23 UTC 2026","3201","HabitNuCoachPortalSuite","HabitNuCoachesPortalRegression-PartB","CoachesPortal.OnsiteUsersListDashboard","CoachesPortal.OnsiteUsersListDashboard","case39","test1 > Given I am logged in as customerAdmin, sorting users table with 'cohort' in desc order","test1 > Given I am logged in as customerAdmin, sorting users table with 'cohort' in desc order"
"passed","Wed Jul 29 00:31:38 UTC 2026","Wed Jul 29 00:31:43 UTC 2026","4783","HabitNuCoachPortalSuite","DifferentTypeOfDashboards","CoachesPortal.CohortLevelDashboard.DSMEDashboardCoachesPortal","CoachesPortal.CohortLevelDashboard.DSMEDashboardCoachesPortal","test12_verifyBloodSugarByPatientsInOutcomesTab","Verify Blood Sugar by Patients Should be displayed under outcomes tab",""
"passed","Wed Jul 29 00:24:56 UTC 2026","Wed Jul 29 00:24:57 UTC 2026","649","HabitNuCoachPortalSuite","FeatureFlags","CoachesPortal.FeatureFlags","CoachesPortal.FeatureFlags","test6_validatingfeatureflags","And user is validating the Feature Flags section ",""
"passed","Wed Jul 29 00:34:51 UTC 2026","Wed Jul 29 00:34:55 UTC 2026","4241","HabitNuCoachPortalSuite","DifferentTypeOfDashboards","CoachesPortal.CohortLevelDashboard.ParticipantsProgressTracker","CoachesPortal.CohortLevelDashboard.ParticipantsProgressTracker","test6_Search_Users","And user is able to search the users",""
"passed","Tue Jul 28 23:58:21 UTC 2026","Tue Jul 28 23:58:31 UTC 2026","10189","HabitNuCoachPortalSuite","GroupDPPClassPlanner","CoachesPortal.ClassPlanner","CoachesPortal.ClassPlanner","case16","Cancel Unarchive card",""
"broken","Tue Jul 28 23:22:19 UTC 2026","Tue Jul 28 23:22:50 UTC 2026","30836","HabitNuCoachPortalSuite","UserActivities","CoachesPortal.PatientDetails.UserActivitiesBloodPressure","CoachesPortal.PatientDetails.UserActivitiesBloodPressure","verifyAddCurrentDateBloodPressure","Verify user as Ethelyn in useractivities tab and add current date blood pressure",""
"broken","Tue Jul 28 23:01:30 UTC 2026","Tue Jul 28 23:01:51 UTC 2026","20583","HabitNuCoachPortalSuite","HabitNuCoachesPortalRegression-PartB","CoachesPortal.OnsiteUsersListDashboard","CoachesPortal.OnsiteUsersListDashboard","case21","test1 > Given I am logged in as coach, Disenroll pop up is displayed when tried to disenrol user","test1 > Given I am logged in as coach, Disenroll pop up is displayed when tried to disenrol user"
"broken","Tue Jul 28 23:59:06 UTC 2026","Tue Jul 28 23:59:06 UTC 2026","129","HabitNuCoachPortalSuite","GroupDPPClassPlanner","CoachesPortal.ClassPlanner","CoachesPortal.ClassPlanner","case30","Login to coach portal -> select the cohort -> Class planner -> Click on Edit (pencil) button -> remove the participant -> Done",""
"failed","Wed Jul 29 00:23:26 UTC 2026","Wed Jul 29 00:23:26 UTC 2026","100","HabitNuCoachPortalSuite","UserDashboard","CoachesPortal.PatientDashboard","CoachesPortal.PatientDashboard","patientWeeklyStatus_GroupClasses","test10 > Given I am logged in as admin, when I am on adding groupInteraction from user Interaction tab, Then I should be able to see added interaction count==1 under patientWeeklyStatus_GroupClasses","admin login - user/patient/partcipant dashboard validation"
"broken","Tue Jul 28 23:23:22 UTC 2026","Tue Jul 28 23:23:52 UTC 2026","30064","HabitNuCoachPortalSuite","UserActivities","CoachesPortal.PatientDetails.UserActivitiesBloodPressure","CoachesPortal.PatientDetails.UserActivitiesBloodPressure","verifyCurrentAndYesterdayBPDataInCoachesPortal","Verify current and yesterday BPdata in coaches and webportal",""
"passed","Wed Jul 29 00:01:38 UTC 2026","Wed Jul 29 00:01:40 UTC 2026","2333","HabitNuCoachPortalSuite","Milestones","CoachesPortal.BPSMMilestone","CoachesPortal.BPSMMilestone","test7_validating_BPSMHeaders_data","And user is validating to BPSmHeaders data by clicking arrow button",""
"passed","Wed Jul 29 00:24:49 UTC 2026","Wed Jul 29 00:24:54 UTC 2026","4620","HabitNuCoachPortalSuite","FeatureFlags","CoachesPortal.FeatureFlags","CoachesPortal.FeatureFlags","test1_navigatingcoach","Given user is navigating to coaches portal",""
"passed","Tue Jul 28 23:34:03 UTC 2026","Tue Jul 28 23:34:03 UTC 2026","1","HabitNuCoachPortalSuite","Scheduler","CoachesPortal.Schedular","CoachesPortal.Schedular","validateInteractionEntries_SessionName","test1 > Given I am logged in as admin, verify group interaction entries are made automatically when meet is attended for min of 1min > Validating field==SessionName","test1 > Given I am logged in as admin, verify group interaction entries are made automatically when meet is attended for min of 1min > Validating field==SessionName"
"passed","Tue Jul 28 22:58:27 UTC 2026","Tue Jul 28 22:58:30 UTC 2026","3233","HabitNuCoachPortalSuite","HabitNuCoachesPortalRegression-PartB","CoachesPortal.OnsiteUsersListDashboard","CoachesPortal.OnsiteUsersListDashboard","case8","test1 > Given I am logged in as coach, Form Survey for cohort- validate sdoh tag present against form set.","test1 > Given I am logged in as coach, Form Survey for cohort- validate sdoh tag present against form set."
"passed","Tue Jul 28 23:37:23 UTC 2026","Tue Jul 28 23:37:25 UTC 2026","1628","HabitNuCoachPortalSuite","Paywal","CoachesPortal.payWall","CoachesPortal.payWall","testFilterTransactions","COP-T400: Validate all transaction filters",""
"broken","Tue Jul 28 23:28:30 UTC 2026","Tue Jul 28 23:29:34 UTC 2026","63993","HabitNuCoachPortalSuite","UserActivities","CoachesPortal.PatientDetails.UserActivitiesBloodSugar","CoachesPortal.PatientDetails.UserActivitiesBloodSugar","verifyBloodSugarInWebPortal","Verify login to webapp and data reflected in bloodsugar section",""
"passed","Tue Jul 28 23:48:58 UTC 2026","Tue Jul 28 23:48:58 UTC 2026","235","HabitNuCoachPortalSuite","LoginPageCases","CoachesPortal.LoginPageCases","CoachesPortal.LoginPageCases","testRestpasswordCase2","validate users be able to reset password, while doing so entering new password, but entering different one in confirm password",""
"passed","Tue Jul 28 23:12:11 UTC 2026","Tue Jul 28 23:12:11 UTC 2026","13","HabitNuCoachPortalSuite","HabitNuCoachesPortalRegression-PartB","CoachesPortal.PatientDetails.PatientProfileDemographic","CoachesPortal.PatientDetails.PatientProfileDemographic","deleteEthnicityAndRace","test1 > Given I am logged in as coach, Ethnicity and Race","test1 > Given I am logged in as coach, Ethnicity and Race"
"passed","Tue Jul 28 23:59:25 UTC 2026","Tue Jul 28 23:59:38 UTC 2026","13696","HabitNuCoachPortalSuite","GeneralContent","CoachesPortal.generalContent_WEb_Coaches","CoachesPortal.generalContent_WEb_Coaches","Case5_selectRandomVideoTags","Selecting Random Video Tags for Video",""
"passed","Tue Jul 28 23:09:23 UTC 2026","Tue Jul 28 23:09:23 UTC 2026","46","HabitNuCoachPortalSuite","HabitNuCoachesPortalRegression-PartB","CoachesPortal.PatientDetails.PatientProfileDemographic","CoachesPortal.PatientDetails.PatientProfileDemographic","verifyContactDetails","test1 > Given I am logged in as coach, verifyContactDetails","test1 > Given I am logged in as coach, verifyContactDetails"
"broken","Wed Jul 29 00:26:39 UTC 2026","Wed Jul 29 00:27:01 UTC 2026","21846","HabitNuCoachPortalSuite","FeatureFlags","CoachesPortal.FeatureFlags","CoachesPortal.FeatureFlags","test17_addrulesforcohort_multipletimes","And user is able to add the rule for cohort level multiple times",""
"passed","Wed Jul 29 00:24:56 UTC 2026","Wed Jul 29 00:24:56 UTC 2026","114","HabitNuCoachPortalSuite","FeatureFlags","CoachesPortal.FeatureFlags","CoachesPortal.FeatureFlags","test5_navigatingfeatureflags","And user is navigating to Feature Flags section ",""
"passed","Wed Jul 29 00:01:15 UTC 2026","Wed Jul 29 00:01:17 UTC 2026","2644","HabitNuCoachPortalSuite","GeneralContent","CoachesPortal.generalContent_WEb_Coaches","CoachesPortal.generalContent_WEb_Coaches","validateDeleteinWeb","Validate Delete in Web Main Page",""
"skipped","Tue Jul 28 23:34:06 UTC 2026","Tue Jul 28 23:34:06 UTC 2026","1","HabitNuCoachPortalSuite","Scheduler","CoachesPortal.Schedular","CoachesPortal.Schedular","editAppointment","editAppointment",""
"passed","Tue Jul 28 22:58:25 UTC 2026","Tue Jul 28 22:58:26 UTC 2026","851","HabitNuCoachPortalSuite","HabitNuCoachesPortalRegression-PartB","CoachesPortal.OnsiteUsersListDashboard","CoachesPortal.OnsiteUsersListDashboard","case5","test1 > Given I am logged in as coach, Seach user by email.","test1 > Given I am logged in as coach, Seach user by email."
"broken","Tue Jul 28 23:07:53 UTC 2026","Tue Jul 28 23:08:23 UTC 2026","30144","HabitNuCoachPortalSuite","HabitNuCoachesPortalRegression-PartB","CoachesPortal.PatientDetails.PatientProfileDemographic","CoachesPortal.PatientDetails.PatientProfileDemographic","verifyConfirmed_By_CoachNo","test1 > Given I am logged in as coach, verifyConfirmed_By_Coach by clicking on No","test1 > Given I am logged in as coach, verifyConfirmed_By_Coach by clicking on No"
"broken","Tue Jul 28 23:16:02 UTC 2026","Tue Jul 28 23:16:32 UTC 2026","30104","HabitNuCoachPortalSuite","HabitNuCoachesPortalRegression-PartB","CoachesPortal.PatientDetails.PatientProfileDemographic","CoachesPortal.PatientDetails.PatientProfileDemographic","updateAndVerifyCallDetails","test1 > Given I am logged in as customer admin, updateAndVerifyCallDetails","test1 > Given I am logged in as customer admin, updateAndVerifyCallDetails"
"passed","Tue Jul 28 23:12:11 UTC 2026","Tue Jul 28 23:12:11 UTC 2026","7","HabitNuCoachPortalSuite","HabitNuCoachesPortalRegression-PartB","CoachesPortal.PatientDetails.PatientProfileDemographic","CoachesPortal.PatientDetails.PatientProfileDemographic","updateMiddleName","test1 > Given I am logged in as coach, Middle Name","test1 > Given I am logged in as coach, Middle Name"
"failed","Tue Jul 28 23:34:06 UTC 2026","Tue Jul 28 23:34:06 UTC 2026","0","HabitNuCoachPortalSuite","Scheduler","CoachesPortal.Schedular","CoachesPortal.Schedular","setUp","setUp",""
"passed","Wed Jul 29 00:28:13 UTC 2026","Wed Jul 29 00:28:28 UTC 2026","14539","HabitNuCoachPortalSuite","ParticipationsTable","CoachesPortal.participations","CoachesPortal.participations","test8_navigatingnextpage","And user is navigating to second page and user can come back to previous page",""
"passed","Wed Jul 29 00:27:24 UTC 2026","Wed Jul 29 00:27:25 UTC 2026","569","HabitNuCoachPortalSuite","FeatureFlags","CoachesPortal.FeatureFlags","CoachesPortal.FeatureFlags","test20_deleteuser","delete rule",""
"broken","Tue Jul 28 23:49:54 UTC 2026","Tue Jul 28 23:50:25 UTC 2026","30419","HabitNuCoachPortalSuite","LogClassSession","CoachesPortal.LogClassSession","CoachesPortal.LogClassSession","verifyLogClasssessionWithPatientFields","Verify Log Class Session page fields",""
"passed","Tue Jul 28 23:18:06 UTC 2026","Tue Jul 28 23:18:15 UTC 2026","8374","HabitNuCoachPortalSuite","HabitNuCoachesPortalRegression-PartB","CoachesPortal.PatientDetails.PatientProfileDemographic","CoachesPortal.PatientDetails.PatientProfileDemographic","updateethnicity_race_info","test1 > Given I am logged in as customer admin, ethnicity_race_info","test1 > Given I am logged in as customer admin, ethnicity_race_info"
"passed","Tue Jul 28 22:55:31 UTC 2026","Tue Jul 28 22:55:40 UTC 2026","8322","HabitNuCoachPortalSuite","HabitNuCoachesPortalRegression-PartA","CoachesPortal.LearnModule.Learn","CoachesPortal.LearnModule.Learn","configNofifications","verify list of default list notifications",""
"broken","Tue Jul 28 23:50:55 UTC 2026","Tue Jul 28 23:50:55 UTC 2026","69","HabitNuCoachPortalSuite","LogClassSession","CoachesPortal.LogClassSession","CoachesPortal.LogClassSession","verifySearchPatientById","Verify coach can Search Participant By ID in log class session page",""
"broken","Tue Jul 28 23:54:30 UTC 2026","Tue Jul 28 23:55:00 UTC 2026","30063","HabitNuCoachPortalSuite","LogClassSession","CoachesPortal.LogClassSession","CoachesPortal.LogClassSession","verifyAddWeightAndAttendanceDate","Verify coach can save log class session by adding only weight and attendance date",""
"broken","Tue Jul 28 23:51:26 UTC 2026","Tue Jul 28 23:51:57 UTC 2026","30864","HabitNuCoachPortalSuite","LogClassSession","CoachesPortal.LogClassSession","CoachesPortal.LogClassSession","verifyAddOnlyAttendanceDate","Verify error message=='Weight is required' is displayed, when coach tries to save logclass session with Only AttendanceDate",""
"broken","Tue Jul 28 23:10:01 UTC 2026","Tue Jul 28 23:10:32 UTC 2026","30489","HabitNuCoachPortalSuite","HabitNuCoachesPortalRegression-PartB","CoachesPortal.PatientDetails.PatientProfileDemographic","CoachesPortal.PatientDetails.PatientProfileDemographic","verifyCallDetails","test1 > Given I am logged in as coach, verifyCallDetails","test1 > Given I am logged in as coach, verifyCallDetails"
"passed","Tue Jul 28 22:57:41 UTC 2026","Tue Jul 28 22:57:50 UTC 2026","9033","HabitNuCoachPortalSuite","HabitNuCoachesPortalRegression-PartA","CoachesPortal.LearnModule.CustomerAdminCourseDocument","CoachesPortal.LearnModule.CustomerAdminCourseDocument","verifyVideoArchiveCancelAndConfirm","Video Archive Cancel And Confirm",""
"passed","Tue Jul 28 22:59:01 UTC 2026","Tue Jul 28 22:59:01 UTC 2026","704","HabitNuCoachPortalSuite","HabitNuCoachesPortalRegression-PartB","CoachesPortal.OnsiteUsersListDashboard","CoachesPortal.OnsiteUsersListDashboard","case11","test1 > Given I am logged in as coach, Choose Cohort- Form survey- SDOH- No form configured. Please contact admin.","test1 > Given I am logged in as coach, Choose Cohort- Form survey- SDOH- No form configured. Please contact admin."
"passed","Tue Jul 28 22:55:04 UTC 2026","Tue Jul 28 22:55:23 UTC 2026","18860","HabitNuCoachPortalSuite","HabitNuCoachesPortalRegression-PartA","CoachesPortal.LearnModule.Learn","CoachesPortal.LearnModule.Learn","deleteCourseContent","delete course content",""
"passed","Wed Jul 29 00:31:33 UTC 2026","Wed Jul 29 00:31:38 UTC 2026","4661","HabitNuCoachPortalSuite","DifferentTypeOfDashboards","CoachesPortal.CohortLevelDashboard.DSMEDashboardCoachesPortal","CoachesPortal.CohortLevelDashboard.DSMEDashboardCoachesPortal","test11_ReferralManager_addparticipantsreferral_addnotes","And user is able to add notes in referral manager",""
"passed","Wed Jul 29 00:02:45 UTC 2026","Wed Jul 29 00:02:51 UTC 2026","5356","HabitNuCoachPortalSuite","Milestones","CoachesPortal.VAMilestone","CoachesPortal.VAMilestone","test9_validating_VAHeaders_data","And user is validating to VAHeaders data by clicking arrow button",""
"passed","Tue Jul 28 22:53:05 UTC 2026","Tue Jul 28 22:53:22 UTC 2026","17351","HabitNuCoachPortalSuite","HabitNuCoachesPortalRegression-PartA","CoachesPortal.LearnModule.Learn","CoachesPortal.LearnModule.Learn","addClonedCourseToCohort","verify on clone course page, course created by admin is available",""
"passed","Tue Jul 28 22:56:43 UTC 2026","Tue Jul 28 22:56:43 UTC 2026","839","HabitNuCoachPortalSuite","HabitNuCoachesPortalRegression-PartA","CoachesPortal.LearnModule.CustomerAdminCourseDocument","CoachesPortal.LearnModule.CustomerAdminCourseDocument","verifyDocumentEditAndClose","Document Edit and Close",""
"passed","Wed Jul 29 00:03:48 UTC 2026","Wed Jul 29 00:03:59 UTC 2026","10530","HabitNuCoachPortalSuite","Milestones","CoachesPortal.VAMilestone","CoachesPortal.VAMilestone","test17_validating_VAHeaders_data","And user is validating to VAHeaders data by clicking arrow button",""
"skipped","Tue Jul 28 23:34:06 UTC 2026","Tue Jul 28 23:34:06 UTC 2026","0","HabitNuCoachPortalSuite","Scheduler","CoachesPortal.Schedular","CoachesPortal.Schedular","userNoToTheMeet","userNoToTheMeet",""
"passed","Tue Jul 28 23:34:03 UTC 2026","Tue Jul 28 23:34:03 UTC 2026","0","HabitNuCoachPortalSuite","Scheduler","CoachesPortal.Schedular","CoachesPortal.Schedular","validateInteractionEntries_Claimed","test1 > Given I am logged in as admin, verify group interaction entries are made automatically when meet is attended for min of 1min > Validating field==Claimed","test1 > Given I am logged in as admin, verify group interaction entries are made automatically when meet is attended for min of 1min > Validating field==Claimed"
"passed","Wed Jul 29 00:02:28 UTC 2026","Wed Jul 29 00:02:29 UTC 2026","1049","HabitNuCoachPortalSuite","Milestones","CoachesPortal.VAMilestone","CoachesPortal.VAMilestone","test3_currentcohort_dashboard","And user is navigated to current cohort dashboard",""
"passed","Tue Jul 28 23:03:13 UTC 2026","Tue Jul 28 23:03:16 UTC 2026","3253","HabitNuCoachPortalSuite","HabitNuCoachesPortalRegression-PartB","CoachesPortal.OnsiteUsersListDashboard","CoachesPortal.OnsiteUsersListDashboard","case37","test1 > Given I am logged in as customerAdmin, sorting users table with Join Date in desc order","test1 > Given I am logged in as customerAdmin, sorting users table with Join Date in desc order"
"broken","Tue Jul 28 23:49:54 UTC 2026","Tue Jul 28 23:49:54 UTC 2026","68","HabitNuCoachPortalSuite","LogClassSession","CoachesPortal.LogClassSession","CoachesPortal.LogClassSession","validateLogClassSession_Non_Availibility_forDSME","Verify Log Class session is unavailable for programDeliveryType==Onsite and programType == DSME ",""
"passed","Tue Jul 28 23:34:03 UTC 2026","Tue Jul 28 23:34:03 UTC 2026","0","HabitNuCoachPortalSuite","Scheduler","CoachesPortal.Schedular","CoachesPortal.Schedular","validateInteractionEntries_Duration","test1 > Given I am logged in as admin, verify group interaction entries are made automatically when meet is attended for min of 1min > Validating field==Duration","test1 > Given I am logged in as admin, verify group interaction entries are made automatically when meet is attended for min of 1min > Validating field==Duration"
"passed","Wed Jul 29 00:24:54 UTC 2026","Wed Jul 29 00:24:55 UTC 2026","1557","HabitNuCoachPortalSuite","FeatureFlags","CoachesPortal.FeatureFlags","CoachesPortal.FeatureFlags","test3_validatingadmin","When user is validating to Admin section ",""
"passed","Tue Jul 28 22:55:42 UTC 2026","Tue Jul 28 22:55:51 UTC 2026","9421","HabitNuCoachPortalSuite","HabitNuCoachesPortalRegression-PartA","CoachesPortal.LearnModule.Learn","CoachesPortal.LearnModule.Learn","selectNotificationsAndConfigure","Send a notification before a chapter getting released",""
"broken","Tue Jul 28 23:07:22 UTC 2026","Tue Jul 28 23:07:53 UTC 2026","30474","HabitNuCoachPortalSuite","HabitNuCoachesPortalRegression-PartB","CoachesPortal.PatientDetails.PatientProfileDemographic","CoachesPortal.PatientDetails.PatientProfileDemographic","verifyProgramDetails","test1 > Given I am logged in as coach, Verify user as Ethelyn in demographic with Program Details","test1 > Given I am logged in as coach, Verify user as Ethelyn in demographic with Program Details"
"broken","Tue Jul 28 23:32:31 UTC 2026","Tue Jul 28 23:33:01 UTC 2026","30081","HabitNuCoachPortalSuite","UserActivities","CoachesPortal.PatientDetails.UserActivitiesTobacco","CoachesPortal.PatientDetails.UserActivitiesTobacco","verifyEditCurrentAndYesterdayBPDataInCoachesPortal","Verify current and yesterday edit tobacco in coaches portal and reflect in web portal",""
"passed","Wed Jul 29 00:31:43 UTC 2026","Wed Jul 29 00:31:43 UTC 2026","143","HabitNuCoachPortalSuite","DifferentTypeOfDashboards","CoachesPortal.CohortLevelDashboard.DSMEDashboardCoachesPortal","CoachesPortal.CohortLevelDashboard.DSMEDashboardCoachesPortal","test15_verifyBloodSugarByPatientsWithCalender","Verify Blood Sugar by Patients with Calender as default date today selected",""
"passed","Tue Jul 28 22:57:13 UTC 2026","Tue Jul 28 22:57:22 UTC 2026","8699","HabitNuCoachPortalSuite","HabitNuCoachesPortalRegression-PartA","CoachesPortal.LearnModule.CustomerAdminCourseDocument","CoachesPortal.LearnModule.CustomerAdminCourseDocument","verifyAddVideoTitleRequired","Add Title Required",""
"broken","Tue Jul 28 23:46:09 UTC 2026","Tue Jul 28 23:46:30 UTC 2026","20382","HabitNuCoachPortalSuite","HabitNuCoachesPortalRegression-PartC","CoachesPortal.PatientDetails.PatientProfilePayerType","CoachesPortal.PatientDetails.PatientProfilePayerType","verifyPayerType","verify PayerType for Ethylen",""
"passed","Tue Jul 28 23:03:06 UTC 2026","Tue Jul 28 23:03:08 UTC 2026","1974","HabitNuCoachPortalSuite","HabitNuCoachesPortalRegression-PartB","CoachesPortal.OnsiteUsersListDashboard","CoachesPortal.OnsiteUsersListDashboard","case34","test1 > Given I am logged in as customerAdmin, validate userList as customerAdmin-Move a user from one cohort to another","test1 > Given I am logged in as customerAdmin, validate userList as customerAdmin-Move a user from one cohort to another"
"passed","Tue Jul 28 23:34:03 UTC 2026","Tue Jul 28 23:34:03 UTC 2026","0","HabitNuCoachPortalSuite","Scheduler","CoachesPortal.Schedular","CoachesPortal.Schedular","validateInteractionEntries_UpdatedAt","test1 > Given I am logged in as admin, verify group interaction entries are made automatically when meet is attended for min of 1min > Validating field==UpdatedAt","test1 > Given I am logged in as admin, verify group interaction entries are made automatically when meet is attended for min of 1min > Validating field==UpdatedAt"
"passed","Tue Jul 28 23:59:05 UTC 2026","Tue Jul 28 23:59:06 UTC 2026","1773","HabitNuCoachPortalSuite","GroupDPPClassPlanner","CoachesPortal.ClassPlanner","CoachesPortal.ClassPlanner","case29","Login to coach portal -> select the cohort -> Class planner -> Click on Edit (pencil) button",""
"passed","Wed Jul 29 00:01:02 UTC 2026","Wed Jul 29 00:01:03 UTC 2026","1393","HabitNuCoachPortalSuite","GeneralContent","CoachesPortal.generalContent_WEb_Coaches","CoachesPortal.generalContent_WEb_Coaches","CoachesPortalGroup","delecting created Group",""
"passed","Tue Jul 28 23:37:11 UTC 2026","Tue Jul 28 23:37:12 UTC 2026","879","HabitNuCoachPortalSuite","Paywal","CoachesPortal.payWall","CoachesPortal.payWall","testFilterTransactions","COP-T400: Validate all transaction filters",""
"passed","Wed Jul 29 00:01:01 UTC 2026","Wed Jul 29 00:01:02 UTC 2026","139","HabitNuCoachPortalSuite","GeneralContent","CoachesPortal.generalContent_WEb_Coaches","CoachesPortal.generalContent_WEb_Coaches","RedirectToCoaches","Redirecting To Coaches page",""
"broken","Wed Jul 29 00:06:24 UTC 2026","Wed Jul 29 00:06:58 UTC 2026","34115","HabitNuCoachPortalSuite","UserDashboard","CoachesPortal.PatientDashboard","CoachesPortal.PatientDashboard","goToUserDashboard","test1 > Given I am logged in as coach, wehn I click on Participants module, Then I should be taken to users/participants list page, when I click on a user, Then I should be taken to user dashboard","coach login - clicking on scheduler should open the scheduler page in coaches portal"
"skipped","Tue Jul 28 23:38:34 UTC 2026","Tue Jul 28 23:38:34 UTC 2026","0","HabitNuCoachPortalSuite","Paywal","CoachesPortal.payWall","CoachesPortal.payWall","testUnpublishedPlanIsHiddenFromUser","COP-T414: Validate user cannot see unpublished plans",""
"passed","Tue Jul 28 22:49:38 UTC 2026","Tue Jul 28 22:49:44 UTC 2026","6011","HabitNuCoachPortalSuite","HabitNuCoachesPortalRegression-PartA","CoachesPortal.LearnModule.Learn","CoachesPortal.LearnModule.Learn","accessCourseContentFromCoachesPortal","access the course content to verify",""
"passed","Wed Jul 29 00:02:23 UTC 2026","Wed Jul 29 00:02:27 UTC 2026","3603","HabitNuCoachPortalSuite","Milestones","CoachesPortal.VAMilestone","CoachesPortal.VAMilestone","test1_navigatingcoach","Given user is navigating to coaches portal",""
"passed","Tue Jul 28 22:54:48 UTC 2026","Tue Jul 28 22:55:04 UTC 2026","16072","HabitNuCoachPortalSuite","HabitNuCoachesPortalRegression-PartA","CoachesPortal.LearnModule.Learn","CoachesPortal.LearnModule.Learn","editCourseContent","edit course content",""
"passed","Wed Jul 29 00:37:43 UTC 2026","Wed Jul 29 00:37:45 UTC 2026","1159","HabitNuCoachPortalSuite","DifferentTypeOfCohorts","CoachesPortal.liteCohorts","CoachesPortal.liteCohorts","case2","test1 > Given I am logged in as admin, I am validating Lite cohorts modules","test1 > Given I am logged in as admin, I am validating Lite cohorts modules, where cohort's Program type=NDPP, Delivery type=Onsite"
"passed","Tue Jul 28 22:48:46 UTC 2026","Tue Jul 28 22:48:46 UTC 2026","383","HabitNuCoachPortalSuite","HabitNuCoachesPortalRegression-PartA","CoachesPortal.LearnModule.Learn","CoachesPortal.LearnModule.Learn","publishCourse","Verify CustomerAdmin can publish the course",""
"passed","Tue Jul 28 22:57:11 UTC 2026","Tue Jul 28 22:57:13 UTC 2026","2639","HabitNuCoachPortalSuite","HabitNuCoachesPortalRegression-PartA","CoachesPortal.LearnModule.CustomerAdminCourseDocument","CoachesPortal.LearnModule.CustomerAdminCourseDocument","verifyAddOnlyDiscriptionVideo","Add Only Discription And verify videoupload and title Required",""
"broken","Tue Jul 28 23:41:56 UTC 2026","Tue Jul 28 23:42:16 UTC 2026","20429","HabitNuCoachPortalSuite","HabitNuCoachesPortalRegression-PartC","CoachesPortal.PatientDetails.PatientProfilePreAuth","CoachesPortal.PatientDetails.PatientProfilePreAuth","verifyAddPreAuthDetails","Add PreAuth of Ethlen",""
"passed","Wed Jul 29 00:31:43 UTC 2026","Wed Jul 29 00:31:43 UTC 2026","147","HabitNuCoachPortalSuite","DifferentTypeOfDashboards","CoachesPortal.CohortLevelDashboard.DSMEDashboardCoachesPortal","CoachesPortal.CohortLevelDashboard.DSMEDashboardCoachesPortal","test19_verifyWeightByPatientsWithallPosibleActionsSelection","Verify Weight Loss by Patients dropdown card with possible options selected and verify it's selection",""
"broken","Wed Jul 29 00:25:51 UTC 2026","Wed Jul 29 00:26:14 UTC 2026","22921","HabitNuCoachPortalSuite","FeatureFlags","CoachesPortal.FeatureFlags","CoachesPortal.FeatureFlags","test14_addrulesforpartner","And user is able to add the rule for partner level",""
"passed","Wed Jul 29 00:01:14 UTC 2026","Wed Jul 29 00:01:15 UTC 2026","378","HabitNuCoachPortalSuite","GeneralContent","CoachesPortal.generalContent_WEb_Coaches","CoachesPortal.generalContent_WEb_Coaches","RedirectToWebForDelete","Redirecting To Web page for delete validation",""
"passed","Tue Jul 28 22:50:22 UTC 2026","Tue Jul 28 22:50:23 UTC 2026","1222","HabitNuCoachPortalSuite","HabitNuCoachesPortalRegression-PartA","CoachesPortal.LearnModule.Learn","CoachesPortal.LearnModule.Learn","checkLearnTabOnCoachesWhenCourseIsPublished","check learn tab on coaches portal when course is published",""
"passed","Wed Jul 29 00:37:45 UTC 2026","Wed Jul 29 00:37:46 UTC 2026","1482","HabitNuCoachPortalSuite","DifferentTypeOfCohorts","CoachesPortal.liteCohorts","CoachesPortal.liteCohorts","case3","test1 > Given I am logged in as admin, I am validating Lite cohorts modules","test1 > Given I am logged in as admin, I am validating Lite cohorts modules, where cohort's Program type=DSME, Delivery type=Onsite"
"broken","Tue Jul 28 23:05:19 UTC 2026","Tue Jul 28 23:05:43 UTC 2026","23210","HabitNuCoachPortalSuite","HabitNuCoachesPortalRegression-PartB","CoachesPortal.OnsiteUsersListDashboard","CoachesPortal.OnsiteUsersListDashboard","case57","test1 > Given I am logged in as customerAdmin, verify milestonecolor==green when user completes registration banner","test1 > Given I am logged in as customerAdmin, verify milestonecolor==green when user completes registration banner"
"failed","Wed Jul 29 00:31:07 UTC 2026","Wed Jul 29 00:31:26 UTC 2026","19380","HabitNuCoachPortalSuite","DifferentTypeOfDashboards","CoachesPortal.CohortLevelDashboard.DSMEDashboardCoachesPortal","CoachesPortal.CohortLevelDashboard.DSMEDashboardCoachesPortal","test9_All","And user is validating All",""
"passed","Tue Jul 28 23:48:49 UTC 2026","Tue Jul 28 23:48:56 UTC 2026","6553","HabitNuCoachPortalSuite","LoginPageCases","CoachesPortal.LoginPageCases","CoachesPortal.LoginPageCases","testLockAccount","validate users account gets locked after entering incorrect password for 3 times",""
"passed","Tue Jul 28 23:11:09 UTC 2026","Tue Jul 28 23:11:15 UTC 2026","5247","HabitNuCoachPortalSuite","HabitNuCoachesPortalRegression-PartB","CoachesPortal.PatientDetails.PatientProfileDemographic","CoachesPortal.PatientDetails.PatientProfileDemographic","testSelectHearingYes","test1 > Given I am logged in as coach, testSelectHearingYes","test1 > Given I am logged in as coach, testSelectHearingYes"
"passed","Wed Jul 29 00:01:33 UTC 2026","Wed Jul 29 00:01:34 UTC 2026","782","HabitNuCoachPortalSuite","Milestones","CoachesPortal.BPSMMilestone","CoachesPortal.BPSMMilestone","test2_changecohort","When user is able to change the cohort",""
"passed","Wed Jul 29 00:22:06 UTC 2026","Wed Jul 29 00:22:12 UTC 2026","5945","HabitNuCoachPortalSuite","UserDashboard","CoachesPortal.PatientDashboard","CoachesPortal.PatientDashboard","goToUserDashboard","test1 > Given I am logged in as admin, wehn I click on Participants module, Then I should be taken to users/participants list page, when I click on a user, Then I should be taken to user dashboard","admin login - clicking on scheduler should open the scheduler page in coaches portal"
"broken","Tue Jul 28 23:43:47 UTC 2026","Tue Jul 28 23:44:07 UTC 2026","20398","HabitNuCoachPortalSuite","HabitNuCoachesPortalRegression-PartC","CoachesPortal.PatientDetails.PatientProfileImmunizations","CoachesPortal.PatientDetails.PatientProfileImmunizations","verifyPersonalDetails","Add medication of Ethlen",""
"passed","Tue Jul 28 23:09:27 UTC 2026","Tue Jul 28 23:09:27 UTC 2026","52","HabitNuCoachPortalSuite","HabitNuCoachesPortalRegression-PartB","CoachesPortal.PatientDetails.PatientProfileDemographic","CoachesPortal.PatientDetails.PatientProfileDemographic","verifyAddressDetails","test1 > Given I am logged in as coach, verifyAddressDetails","test1 > Given I am logged in as coach, verifyAddressDetails"
"passed","Tue Jul 28 23:49:11 UTC 2026","Tue Jul 28 23:49:13 UTC 2026","2488","HabitNuCoachPortalSuite","LoginPageCases","CoachesPortal.LoginPageCases","CoachesPortal.LoginPageCases","testLoginWithValidEmailAndInvalidPassword","try login with valid email and invalid password",""
"passed","Wed Jul 29 00:00:15 UTC 2026","Wed Jul 29 00:00:39 UTC 2026","23905","HabitNuCoachPortalSuite","GeneralContent","CoachesPortal.generalContent_WEb_Coaches","CoachesPortal.generalContent_WEb_Coaches","case11","Fitness Videos Details",""
"broken","Wed Jul 29 00:29:59 UTC 2026","Wed Jul 29 00:30:22 UTC 2026","23861","HabitNuCoachPortalSuite","DifferentTypeOfDashboards","CoachesPortal.CohortLevelDashboard.DSMEDashboardCoachesPortal","CoachesPortal.CohortLevelDashboard.DSMEDashboardCoachesPortal","test5_Enrolled","And user is validating Enrolled",""
"skipped","Tue Jul 28 23:34:06 UTC 2026","Tue Jul 28 23:34:06 UTC 2026","0","HabitNuCoachPortalSuite","Scheduler","CoachesPortal.Schedular","CoachesPortal.Schedular","userYesToTheMeet","userYesToTheMeet",""
"broken","Tue Jul 28 23:04:23 UTC 2026","Tue Jul 28 23:04:58 UTC 2026","34647","HabitNuCoachPortalSuite","HabitNuCoachesPortalRegression-PartB","CoachesPortal.OnsiteUsersListDashboard","CoachesPortal.OnsiteUsersListDashboard","case55","test1 > Given I am logged in as customerAdmin, verify milestonecolor==green when coach updates 'confirm By participant' to true","test1 > Given I am logged in as customerAdmin, verify milestonecolor==green when coach updates 'confirm By participant' to true"
"broken","Tue Jul 28 23:42:46 UTC 2026","Tue Jul 28 23:43:16 UTC 2026","30081","HabitNuCoachPortalSuite","HabitNuCoachesPortalRegression-PartC","CoachesPortal.PatientDetails.PatientProfilePreAuth","CoachesPortal.PatientDetails.PatientProfilePreAuth","editPreAuth","edit PreAuth for Ethylen",""
"passed","Tue Jul 28 23:03:44 UTC 2026","Tue Jul 28 23:03:44 UTC 2026","223","HabitNuCoachPortalSuite","HabitNuCoachesPortalRegression-PartB","CoachesPortal.OnsiteUsersListDashboard","CoachesPortal.OnsiteUsersListDashboard","case49","test1 > Given I am logged in as customerAdmin, enroll user but click - YES","test1 > Given I am logged in as customerAdmin, enroll user but click - YES"
"passed","Tue Jul 28 23:16:40 UTC 2026","Tue Jul 28 23:16:45 UTC 2026","5232","HabitNuCoachPortalSuite","HabitNuCoachesPortalRegression-PartB","CoachesPortal.PatientDetails.PatientProfileDemographic","CoachesPortal.PatientDetails.PatientProfileDemographic","testSelectHearingYes","test1 > Given I am logged in as customer admin, testSelectHearingYes","test1 > Given I am logged in as customer admin, testSelectHearingYes"
"passed","Tue Jul 28 23:03:26 UTC 2026","Tue Jul 28 23:03:29 UTC 2026","3279","HabitNuCoachPortalSuite","HabitNuCoachesPortalRegression-PartB","CoachesPortal.OnsiteUsersListDashboard","CoachesPortal.OnsiteUsersListDashboard","case41","test1 > Given I am logged in as customerAdmin, sorting users table with 'Name' in desc order","test1 > Given I am logged in as customerAdmin, sorting users table with 'Name' in desc order"
"passed","Wed Jul 29 00:24:57 UTC 2026","Wed Jul 29 00:24:59 UTC 2026","1157","HabitNuCoachPortalSuite","FeatureFlags","CoachesPortal.FeatureFlags","CoachesPortal.FeatureFlags","test9_disableglobally","And user is able to disable the flag globally",""
"broken","Tue Jul 28 23:14:23 UTC 2026","Tue Jul 28 23:14:53 UTC 2026","30134","HabitNuCoachPortalSuite","HabitNuCoachesPortalRegression-PartB","CoachesPortal.PatientDetails.PatientProfileDemographic","CoachesPortal.PatientDetails.PatientProfileDemographic","updateverifyProgramDetailsWithIsActive","test1 > Given I am logged in as customer admin, update patientId and payertype","test1 > Given I am logged in as customer admin, update patientId and payertype"
"passed","Tue Jul 28 23:59:15 UTC 2026","Tue Jul 28 23:59:20 UTC 2026","4417","HabitNuCoachPortalSuite","GeneralContent","CoachesPortal.generalContent_WEb_Coaches","CoachesPortal.generalContent_WEb_Coaches","case1","going to general content throgh Profile.",""
"passed","Wed Jul 29 00:23:26 UTC 2026","Wed Jul 29 00:23:26 UTC 2026","31","HabitNuCoachPortalSuite","UserDashboard","CoachesPortal.PatientDashboard","CoachesPortal.PatientDashboard","patientWeeklyStatus_Meals","test11 > Given I am logged in as admin, when I am on adding Meal by logging into user app, Then I should be able to see added Meal count==1 under patientWeeklyStatus_Meals","admin login - user/patient/partcipant dashboard validation"
"passed","Tue Jul 28 22:55:51 UTC 2026","Tue Jul 28 22:55:52 UTC 2026","189","HabitNuCoachPortalSuite","HabitNuCoachesPortalRegression-PartA","CoachesPortal.LearnModule.Learn","CoachesPortal.LearnModule.Learn","editByDisablingDeliveryMode","verify 'Please enable atleast one delivery mode.'",""
"broken","Tue Jul 28 23:25:58 UTC 2026","Tue Jul 28 23:26:28 UTC 2026","30414","HabitNuCoachPortalSuite","UserActivities","CoachesPortal.PatientDetails.UserActivitiesBloodSugar","CoachesPortal.PatientDetails.UserActivitiesBloodSugar","verifyBloodSugareRequired","Verify bloodsugar required",""
"failed","Tue Jul 28 23:36:43 UTC 2026","Tue Jul 28 23:36:47 UTC 2026","3761","HabitNuCoachPortalSuite","Paywal","CoachesPortal.payWall","CoachesPortal.payWall","testFilterSubscriptions","COP-T397–399: Validate subscription filters",""
"broken","Wed Jul 29 00:14:47 UTC 2026","Wed Jul 29 00:15:47 UTC 2026","60516","HabitNuCoachPortalSuite","UserDashboard","CoachesPortal.PatientDashboard","CoachesPortal.PatientDashboard","habitCard_NotDone","test16 > Given I am logged in as coach, when I am on adding a habit for the user, Then I should be able to see added habit and as 'NOT DONE' on Habits graph","coach login - user/patient/partcipant dashboard validation"
"passed","Tue Jul 28 23:36:53 UTC 2026","Tue Jul 28 23:36:55 UTC 2026","1944","HabitNuCoachPortalSuite","Paywal","CoachesPortal.payWall","CoachesPortal.payWall","testFilterSubscriptions","COP-T397–399: Validate subscription filters",""
"passed","Tue Jul 28 23:03:40 UTC 2026","Tue Jul 28 23:03:40 UTC 2026","44","HabitNuCoachPortalSuite","HabitNuCoachesPortalRegression-PartB","CoachesPortal.OnsiteUsersListDashboard","CoachesPortal.OnsiteUsersListDashboard","case45","test1 > Given I am logged in as customerAdmin, validate disenrolled status under Milestone column - colorcode","test1 > Given I am logged in as customerAdmin, validate disenrolled status under Milestone column - colorcode"
"passed","Tue Jul 28 23:34:03 UTC 2026","Tue Jul 28 23:34:03 UTC 2026","0","HabitNuCoachPortalSuite","Scheduler","CoachesPortal.Schedular","CoachesPortal.Schedular","validateUserNoInSchedular","test1 > Given I am logged in as admin, verify when user responds to meet with NO, same can be validated by coach in coaches portal in Attended dropdown","test1 > Given I am logged in as admin, verify when user responds to meet with NO, same can be validated by coach in coaches portal in Attended dropdown"
"broken","Wed Jul 29 00:36:52 UTC 2026","Wed Jul 29 00:37:12 UTC 2026","19781","HabitNuCoachPortalSuite","DifferentTypeOfDashboards","CoachesPortal.CohortLevelDashboard.ParticipantsProgressTracker","CoachesPortal.CohortLevelDashboard.ParticipantsProgressTracker","test10_Createmeeting","And User is able to navigating to schedular and creating a meeting",""
"broken","Tue Jul 28 23:31:14 UTC 2026","Tue Jul 28 23:31:36 UTC 2026","22407","HabitNuCoachPortalSuite","UserActivities","CoachesPortal.PatientDetails.UserActivitiesTobacco","CoachesPortal.PatientDetails.UserActivitiesTobacco","verifyYesterdayBPDataInCoachesPortal","As a coach adding tobacco to previous date",""
"passed","Tue Jul 28 23:03:08 UTC 2026","Tue Jul 28 23:03:10 UTC 2026","1312","HabitNuCoachPortalSuite","HabitNuCoachesPortalRegression-PartB","CoachesPortal.OnsiteUsersListDashboard","CoachesPortal.OnsiteUsersListDashboard","case35","test1 > Given I am logged in as customerAdmin, Remove Cohort for a user.","test1 > Given I am logged in as customerAdmin, Remove Cohort for a user."
"passed","Tue Jul 28 22:52:56 UTC 2026","Tue Jul 28 22:53:05 UTC 2026","9304","HabitNuCoachPortalSuite","HabitNuCoachesPortalRegression-PartA","CoachesPortal.LearnModule.Learn","CoachesPortal.LearnModule.Learn","publishTheClonedCourse","verify on clone course page, course created by admin is available",""
"passed","Tue Jul 28 23:02:11 UTC 2026","Tue Jul 28 23:02:49 UTC 2026","37487","HabitNuCoachPortalSuite","HabitNuCoachesPortalRegression-PartB","CoachesPortal.OnsiteUsersListDashboard","CoachesPortal.OnsiteUsersListDashboard","case29","test1 > Given I am logged in as customerAdmin, Given I am logged in as customerAdmin, validate userList as customerAdmin","test1 > Given I am logged in as customerAdmin, Given I am logged in as customerAdmin, validate userList as customerAdmin"
"passed","Tue Jul 28 23:36:36 UTC 2026","Tue Jul 28 23:36:39 UTC 2026","2998","HabitNuCoachPortalSuite","Paywal","CoachesPortal.payWall","CoachesPortal.payWall","testSubscriptionPageLayoutAndContent","COP-T395: Verify Subscriptions page layout, filters, content, and pagination",""
"passed","Wed Jul 29 00:03:12 UTC 2026","Wed Jul 29 00:03:22 UTC 2026","10494","HabitNuCoachPortalSuite","Milestones","CoachesPortal.VAMilestone","CoachesPortal.VAMilestone","test12_validating_VAHeaders_data","And user is validating to VAHeaders data by clicking arrow button",""
"broken","Tue Jul 28 23:59:09 UTC 2026","Tue Jul 28 23:59:10 UTC 2026","1139","HabitNuCoachPortalSuite","GroupDPPClassPlanner","CoachesPortal.ClassPlanner","CoachesPortal.ClassPlanner","case33","validate user is able to view notes",""
"broken","Tue Jul 28 23:52:58 UTC 2026","Tue Jul 28 23:53:28 UTC 2026","30569","HabitNuCoachPortalSuite","LogClassSession","CoachesPortal.LogClassSession","CoachesPortal.LogClassSession","verifyAddOnlyMUP","Verify error message=='Weight is required' & 'Date is required' are displayed, when coach tries to save logclass session with Only MUP'",""
"passed","Tue Jul 28 22:48:47 UTC 2026","Tue Jul 28 22:48:51 UTC 2026","4298","HabitNuCoachPortalSuite","HabitNuCoachesPortalRegression-PartA","CoachesPortal.LearnModule.Learn","CoachesPortal.LearnModule.Learn","addChapterToTheCourse","adding a chapter to the course",""
"failed","Tue Jul 28 23:14:57 UTC 2026","Tue Jul 28 23:15:01 UTC 2026","3998","HabitNuCoachPortalSuite","HabitNuCoachesPortalRegression-PartB","CoachesPortal.PatientDetails.PatientProfileDemographic","CoachesPortal.PatientDetails.PatientProfileDemographic","updateAndVerifyAddressDetails","test1 > Given I am logged in as customer admin, updateAndVerifyAddressDetails","test1 > Given I am logged in as customer admin, updateAndVerifyAddressDetails"
"broken","Wed Jul 29 00:27:48 UTC 2026","Wed Jul 29 00:27:48 UTC 2026","49","HabitNuCoachPortalSuite","FeatureFlags","CoachesPortal.FeatureFlags","CoachesPortal.FeatureFlags","test22_deleteuser","delete rule",""
"passed","Tue Jul 28 23:34:03 UTC 2026","Tue Jul 28 23:34:03 UTC 2026","0","HabitNuCoachPortalSuite","Scheduler","CoachesPortal.Schedular","CoachesPortal.Schedular","userNoToTheMeet","test1 > Given I am logged in as admin, verify user response to meet attendance - NO","test1 > Given I am logged in as admin, verify user response to meet attendance - NO"
"passed","Wed Jul 29 00:34:08 UTC 2026","Wed Jul 29 00:34:51 UTC 2026","42496","HabitNuCoachPortalSuite","DifferentTypeOfDashboards","CoachesPortal.CohortLevelDashboard.ParticipantsProgressTracker","CoachesPortal.CohortLevelDashboard.ParticipantsProgressTracker","test5_Actions_Options","And user is able to select the Actions options.",""
"passed","Tue Jul 28 23:33:20 UTC 2026","Tue Jul 28 23:33:30 UTC 2026","9491","HabitNuCoachPortalSuite","Scheduler","CoachesPortal.Schedular","CoachesPortal.Schedular","createAppointment","test3 >  Given I am logged in as admin, and on create appointment page, When I fill in all the required details, Then I should be able to save the appointment","admin login - User should be able to create and save appointment"
"passed","Tue Jul 28 22:56:01 UTC 2026","Tue Jul 28 22:56:02 UTC 2026","747","HabitNuCoachPortalSuite","HabitNuCoachesPortalRegression-PartA","CoachesPortal.LearnModule.CustomerAdminCourseDocument","CoachesPortal.LearnModule.CustomerAdminCourseDocument","verifyCustAdminCourseDocument","Verify Customer Admin Should have CourseDocument",""
"failed","Tue Jul 28 23:36:47 UTC 2026","Tue Jul 28 23:36:50 UTC 2026","2591","HabitNuCoachPortalSuite","Paywal","CoachesPortal.payWall","CoachesPortal.payWall","testFilterSubscriptions","COP-T397–399: Validate subscription filters",""
"failed","Tue Jul 28 23:36:58 UTC 2026","Tue Jul 28 23:37:01 UTC 2026","2509","HabitNuCoachPortalSuite","Paywal","CoachesPortal.payWall","CoachesPortal.payWall","testFilterSubscriptions","COP-T397–399: Validate subscription filters",""
"passed","Wed Jul 29 00:23:20 UTC 2026","Wed Jul 29 00:23:26 UTC 2026","5900","HabitNuCoachPortalSuite","UserDashboard","CoachesPortal.PatientDashboard","CoachesPortal.PatientDashboard","bloodPressureHistory","test8 > Given I am logged in as admin, wehn I am on adding bloodpressure from user Dashboard, Then I should be able to see added bloodpressure on bloodpressureHistory graph","admin login - user/patient/partcipant dashboard validation"
"broken","Wed Jul 29 00:10:42 UTC 2026","Wed Jul 29 00:11:45 UTC 2026","62861","HabitNuCoachPortalSuite","UserDashboard","CoachesPortal.PatientDashboard","CoachesPortal.PatientDashboard","bloodPressureHistory","test8 > Given I am logged in as coach, wehn I am on adding bloodpressure from user Dashboard, Then I should be able to see added bloodpressure on bloodpressureHistory graph","coach login - user/patient/partcipant dashboard validation"
"broken","Wed Jul 29 00:17:51 UTC 2026","Wed Jul 29 00:18:54 UTC 2026","62956","HabitNuCoachPortalSuite","UserDashboard","CoachesPortal.PatientDashboard","CoachesPortal.PatientDashboard","Last_BeforeMeal_Blood_Sugar","test20 > Given I am logged in as coach, wehn I am on Participants dashboard page, when I add bloodsugar BEFORE-MEAL type, Then I should be able to see the added data on dashboard card==Last_BeforeMeal_Blood_Sugar","coach login - clicking on scheduler should open the scheduler page in coaches portal"
"broken","Wed Jul 29 00:01:44 UTC 2026","Wed Jul 29 00:02:08 UTC 2026","24281","HabitNuCoachPortalSuite","Milestones","CoachesPortal.BPSMMilestone","CoachesPortal.BPSMMilestone","test10_groupinteraction","And user is able to add group interaction with seminar name",""
"broken","Tue Jul 28 23:44:48 UTC 2026","Tue Jul 28 23:45:08 UTC 2026","20381","HabitNuCoachPortalSuite","HabitNuCoachesPortalRegression-PartC","CoachesPortal.PatientDetails.PatientProfileImmunizations","CoachesPortal.PatientDetails.PatientProfileImmunizations","verifyImmunication","verify immunization for Ethylen",""
"passed","Tue Jul 28 22:48:39 UTC 2026","Tue Jul 28 22:48:40 UTC 2026","633","HabitNuCoachPortalSuite","HabitNuCoachesPortalRegression-PartA","CoachesPortal.LearnModule.Learn","CoachesPortal.LearnModule.Learn","clickOnCourseModule","Verify CustomerAdmin can click on course",""
"passed","Tue Jul 28 23:33:44 UTC 2026","Tue Jul 28 23:33:57 UTC 2026","13342","HabitNuCoachPortalSuite","Scheduler","CoachesPortal.Schedular","CoachesPortal.Schedular","rescheduleMeeting","test6 >  Given I am logged in as admin, and on time slot page, When I click on created appointment, Then I should see Reschedule button, When I click on it and submit details, Then I should be able to save it","admin login - User should be able to reschedule appointment"
"broken","Tue Jul 28 23:45:49 UTC 2026","Tue Jul 28 23:46:09 UTC 2026","20397","HabitNuCoachPortalSuite","HabitNuCoachesPortalRegression-PartC","CoachesPortal.PatientDetails.PatientProfilePayerType","CoachesPortal.PatientDetails.PatientProfilePayerType","editPayerType","edit PayerType for Ethylen",""
"passed","Tue Jul 28 23:03:29 UTC 2026","Tue Jul 28 23:03:33 UTC 2026","3859","HabitNuCoachPortalSuite","HabitNuCoachesPortalRegression-PartB","CoachesPortal.OnsiteUsersListDashboard","CoachesPortal.OnsiteUsersListDashboard","case42","test1 > Given I am logged in as customerAdmin, disenroll user validation - on CANCEL check","test1 > Given I am logged in as customerAdmin, disenroll user validation - on CANCEL check"
"passed","Tue Jul 28 22:48:58 UTC 2026","Tue Jul 28 22:49:27 UTC 2026","28730","HabitNuCoachPortalSuite","HabitNuCoachesPortalRegression-PartA","CoachesPortal.LearnModule.Learn","CoachesPortal.LearnModule.Learn","createContentToTheCourse","create content to the course",""
"passed","Tue Jul 28 23:59:21 UTC 2026","Tue Jul 28 23:59:23 UTC 2026","1812","HabitNuCoachPortalSuite","GeneralContent","CoachesPortal.generalContent_WEb_Coaches","CoachesPortal.generalContent_WEb_Coaches","case3","Creating tags for Food",""
"broken","Tue Jul 28 23:21:25 UTC 2026","Tue Jul 28 23:21:45 UTC 2026","20408","HabitNuCoachPortalSuite","PatientsProfileAllergies","CoachesPortal.PatientDetails.PatientsProfileAllergies","CoachesPortal.PatientDetails.PatientsProfileAllergies","editMedication","edit allergy for Ethylen",""
"passed","Tue Jul 28 23:16:45 UTC 2026","Tue Jul 28 23:16:50 UTC 2026","5139","HabitNuCoachPortalSuite","HabitNuCoachesPortalRegression-PartB","CoachesPortal.PatientDetails.PatientProfileDemographic","CoachesPortal.PatientDetails.PatientProfileDemographic","testSelectBlindNo","test1 > Given I am logged in as customer admin, testSelectBlindNo","test1 > Given I am logged in as customer admin, testSelectBlindNo"
"broken","Tue Jul 28 23:49:24 UTC 2026","Tue Jul 28 23:49:54 UTC 2026","30550","HabitNuCoachPortalSuite","LogClassSession","CoachesPortal.LogClassSession","CoachesPortal.LogClassSession","validateLogClassSessionAvailibility","Given I am logged in as coach to coach portal, when cohort's programDeliveryType==Onsite, then Log class session module should be available",""
"passed","Wed Jul 29 00:00:01 UTC 2026","Wed Jul 29 00:00:08 UTC 2026","6441","HabitNuCoachPortalSuite","GeneralContent","CoachesPortal.generalContent_WEb_Coaches","CoachesPortal.generalContent_WEb_Coaches","validateAndPublishGroup","Validating Created Group Name, Tag Type, and Video Tags",""
"passed","Wed Jul 29 00:24:55 UTC 2026","Wed Jul 29 00:24:56 UTC 2026","539","HabitNuCoachPortalSuite","FeatureFlags","CoachesPortal.FeatureFlags","CoachesPortal.FeatureFlags","test4_validatingadmin_defaultpage","When user is validating to Admin default section ",""
"passed","Tue Jul 28 23:02:55 UTC 2026","Tue Jul 28 23:03:05 UTC 2026","10441","HabitNuCoachPortalSuite","HabitNuCoachesPortalRegression-PartB","CoachesPortal.OnsiteUsersListDashboard","CoachesPortal.OnsiteUsersListDashboard","case32","test1 > Given I am logged in as customerAdmin, validate userListSAVEerAdmin-Add Cohort for a user- Add scenario.","test1 > Given I am logged in as customerAdmin, validate userListSAVEerAdmin-Add Cohort for a user- Add scenario."
"passed","Wed Jul 29 00:01:03 UTC 2026","Wed Jul 29 00:01:14 UTC 2026","11267","HabitNuCoachPortalSuite","GeneralContent","CoachesPortal.generalContent_WEb_Coaches","CoachesPortal.generalContent_WEb_Coaches","deleteGroup","Deleting Groups",""
"broken","Tue Jul 28 23:57:03 UTC 2026","Tue Jul 28 23:57:33 UTC 2026","30363","HabitNuCoachPortalSuite","LogClassSession","CoachesPortal.LogClassSession","CoachesPortal.LogClassSession","verifyAddWeightAttendanceDateAndPAAndLFAndMUPDistanceLearning","Verify coach can save log class session by adding weight,attendance date and PA And LF And MUP In Distance Learning",""
"broken","Tue Jul 28 23:27:59 UTC 2026","Tue Jul 28 23:28:30 UTC 2026","30414","HabitNuCoachPortalSuite","UserActivities","CoachesPortal.PatientDetails.UserActivitiesBloodSugar","CoachesPortal.PatientDetails.UserActivitiesBloodSugar","verifyBloodSugarInCoachPortalYesterdaysData","Verify user as Ethelyn in useractivities tab added yesterday date blood sugar fasting ,before meal and after meal",""
"passed","Wed Jul 29 00:23:07 UTC 2026","Wed Jul 29 00:23:13 UTC 2026","5396","HabitNuCoachPortalSuite","UserDashboard","CoachesPortal.PatientDashboard","CoachesPortal.PatientDashboard","patientWeeklyStatus_STEPS","test4 > Given I am logged in as admin, wehn I am on adding steps from user Dashboard, Then I should be able to see added exercise steps count==1 under patientWeeklyStatus_STEPS","admin login - user/patient/partcipant dashboard validation"
"broken","Wed Jul 29 00:15:47 UTC 2026","Wed Jul 29 00:16:48 UTC 2026","60530","HabitNuCoachPortalSuite","UserDashboard","CoachesPortal.PatientDashboard","CoachesPortal.PatientDashboard","Profile_in_Green","test18 > Given I am logged in as coach, wehn I am on Participants dashboard page, Then I should be able to see all particiapnt data on the photocard","coach login - clicking on scheduler should open the scheduler page in coaches portal"
"passed","Tue Jul 28 22:51:50 UTC 2026","Tue Jul 28 22:52:54 UTC 2026","64450","HabitNuCoachPortalSuite","HabitNuCoachesPortalRegression-PartA","CoachesPortal.LearnModule.Learn","CoachesPortal.LearnModule.Learn","verifycloneCoursePage","verify on clone course page, course created by admin is available",""
"passed","Tue Jul 28 22:57:08 UTC 2026","Tue Jul 28 22:57:11 UTC 2026","2792","HabitNuCoachPortalSuite","HabitNuCoachesPortalRegression-PartA","CoachesPortal.LearnModule.CustomerAdminCourseDocument","CoachesPortal.LearnModule.CustomerAdminCourseDocument","verifyAddVideoUploadRequired","Add Video upload Required",""
"passed","Wed Jul 29 00:00:39 UTC 2026","Wed Jul 29 00:01:01 UTC 2026","22274","HabitNuCoachPortalSuite","GeneralContent","CoachesPortal.generalContent_WEb_Coaches","CoachesPortal.generalContent_WEb_Coaches","case12","Verify Fitness Videos Details Consistency",""
"failed","Tue Jul 28 23:36:50 UTC 2026","Tue Jul 28 23:36:53 UTC 2026","3268","HabitNuCoachPortalSuite","Paywal","CoachesPortal.payWall","CoachesPortal.payWall","testFilterSubscriptions","COP-T397–399: Validate subscription filters",""
"failed","Tue Jul 28 23:16:32 UTC 2026","Tue Jul 28 23:16:34 UTC 2026","1936","HabitNuCoachPortalSuite","HabitNuCoachesPortalRegression-PartB","CoachesPortal.PatientDetails.PatientProfileDemographic","CoachesPortal.PatientDetails.PatientProfileDemographic","updateAndVerifyBaselineHealthData","test1 > Given I am logged in as customer admin, updateAndVerifyBaselineHealthData","test1 > Given I am logged in as customer admin, updateAndVerifyBaselineHealthData"
"skipped","Tue Jul 28 23:34:06 UTC 2026","Tue Jul 28 23:34:06 UTC 2026","0","HabitNuCoachPortalSuite","Scheduler","CoachesPortal.Schedular","CoachesPortal.Schedular","validateInteractionEntries_Interaction_Type","validateInteractionEntries_Interaction_Type",""
"passed","Tue Jul 28 22:57:06 UTC 2026","Tue Jul 28 22:57:08 UTC 2026","1713","HabitNuCoachPortalSuite","HabitNuCoachesPortalRegression-PartA","CoachesPortal.LearnModule.CustomerAdminCourseDocument","CoachesPortal.LearnModule.CustomerAdminCourseDocument","verifyAddUrlTitleVideoRequired","Add Video upload And Title Required",""
"passed","Tue Jul 28 22:48:39 UTC 2026","Tue Jul 28 22:48:39 UTC 2026","606","HabitNuCoachPortalSuite","HabitNuCoachesPortalRegression-PartA","CoachesPortal.LearnModule.Learn","CoachesPortal.LearnModule.Learn","verifyLandingPageWhichIsProgramsHeadlined","Verify CustomerAdmin now lands on Course configuration page (Programs)",""
"passed","Tue Jul 28 23:12:11 UTC 2026","Tue Jul 28 23:12:11 UTC 2026","6","HabitNuCoachPortalSuite","HabitNuCoachesPortalRegression-PartB","CoachesPortal.PatientDetails.PatientProfileDemographic","CoachesPortal.PatientDetails.PatientProfileDemographic","updateMaritalStatus","test1 > Given I am logged in as coach, Marital Status","test1 > Given I am logged in as coach, Marital Status"
"passed","Tue Jul 28 22:54:24 UTC 2026","Tue Jul 28 22:54:48 UTC 2026","23669","HabitNuCoachPortalSuite","HabitNuCoachesPortalRegression-PartA","CoachesPortal.LearnModule.Learn","CoachesPortal.LearnModule.Learn","replaceCourseContent","replace course content",""
"passed","Tue Jul 28 22:56:12 UTC 2026","Tue Jul 28 22:56:16 UTC 2026","4083","HabitNuCoachPortalSuite","HabitNuCoachesPortalRegression-PartA","CoachesPortal.LearnModule.CustomerAdminCourseDocument","CoachesPortal.LearnModule.CustomerAdminCourseDocument","verifyLinkPublishCancelAndConfirm","Link Publish Cancel And Confirm",""
"broken","Tue Jul 28 23:11:20 UTC 2026","Tue Jul 28 23:11:55 UTC 2026","35265","HabitNuCoachPortalSuite","HabitNuCoachesPortalRegression-PartB","CoachesPortal.PatientDetails.PatientProfileDemographic","CoachesPortal.PatientDetails.PatientProfileDemographic","testSelectRememberingUnknown","test1 > Given I am logged in as coach, testSelectRememberingUnknown","test1 > Given I am logged in as coach, testSelectRememberingUnknown"
"passed","Tue Jul 28 23:58:31 UTC 2026","Tue Jul 28 23:58:37 UTC 2026","5763","HabitNuCoachPortalSuite","GroupDPPClassPlanner","CoachesPortal.ClassPlanner","CoachesPortal.ClassPlanner","case17","Unarchive the DOC Created card",""
"skipped","Tue Jul 28 23:34:06 UTC 2026","Tue Jul 28 23:34:06 UTC 2026","0","HabitNuCoachPortalSuite","Scheduler","CoachesPortal.Schedular","CoachesPortal.Schedular","validateInteractionEntries_UpdatedBy","validateInteractionEntries_UpdatedBy",""
"broken","Tue Jul 28 23:45:08 UTC 2026","Tue Jul 28 23:45:29 UTC 2026","20384","HabitNuCoachPortalSuite","HabitNuCoachesPortalRegression-PartC","CoachesPortal.PatientDetails.PatientProfilePayerType","CoachesPortal.PatientDetails.PatientProfilePayerType","verifyAddPayerTypeDetails","Add PayerType of Ethlen",""
"passed","Wed Jul 29 00:03:59 UTC 2026","Wed Jul 29 00:04:04 UTC 2026","5367","HabitNuCoachPortalSuite","Milestones","CoachesPortal.VAMilestone","CoachesPortal.VAMilestone","test19_validating_VAHeaders_data","And user is validating to VAHeaders data by clicking arrow button",""
"skipped","Tue Jul 28 23:34:06 UTC 2026","Tue Jul 28 23:34:06 UTC 2026","0","HabitNuCoachPortalSuite","Scheduler","CoachesPortal.Schedular","CoachesPortal.Schedular","validateUserNoInSchedular","validateUserNoInSchedular",""
"passed","Tue Jul 28 23:18:40 UTC 2026","Tue Jul 28 23:18:50 UTC 2026","9278","HabitNuCoachPortalSuite","HabitNuCoachesPortalRegression-PartB","CoachesPortal.PatientDetails.PatientProfileDemographic","CoachesPortal.PatientDetails.PatientProfileDemographic","updateMaritalStatus","test1 > Given I am logged in as customer admin, Marital Status","test1 > Given I am logged in as customer admin, Marital Status"
"failed","Wed Jul 29 00:23:26 UTC 2026","Wed Jul 29 00:23:26 UTC 2026","90","HabitNuCoachPortalSuite","UserDashboard","CoachesPortal.PatientDashboard","CoachesPortal.PatientDashboard","patientWeeklyStatus_CoachInteractions","test9 > Given I am logged in as admin, wehn I am on adding coachInteraction from user Interaction tab, Then I should be able to see added interaction count==1 under patientWeeklyStatus_CoachInteractions","admin login - user/patient/partcipant dashboard validation"
"passed","Tue Jul 28 23:59:20 UTC 2026","Tue Jul 28 23:59:21 UTC 2026","1415","HabitNuCoachPortalSuite","GeneralContent","CoachesPortal.generalContent_WEb_Coaches","CoachesPortal.generalContent_WEb_Coaches","case2","Creating tags for Exercise",""
"broken","Tue Jul 28 23:10:32 UTC 2026","Tue Jul 28 23:11:02 UTC 2026","30115","HabitNuCoachPortalSuite","HabitNuCoachesPortalRegression-PartB","CoachesPortal.PatientDetails.PatientProfileDemographic","CoachesPortal.PatientDetails.PatientProfileDemographic","updateAndVerifyCallDetails","test1 > Given I am logged in as coach, updateAndVerifyCallDetails","test1 > Given I am logged in as coach, updateAndVerifyCallDetails"
"passed","Wed Jul 29 00:23:06 UTC 2026","Wed Jul 29 00:23:07 UTC 2026","1194","HabitNuCoachPortalSuite","UserDashboard","CoachesPortal.PatientDashboard","CoachesPortal.PatientDashboard","Weight_History","test3 > Given I am logged in as admin, wehn I am on adding weight from user Dashboard, Then I should be able to see added weight on the weight history graph","admin login - user/patient/partcipant dashboard validation"
"broken","Wed Jul 29 00:25:28 UTC 2026","Wed Jul 29 00:25:51 UTC 2026","23387","HabitNuCoachPortalSuite","FeatureFlags","CoachesPortal.FeatureFlags","CoachesPortal.FeatureFlags","test13_addrulesforprogram","And user is able to add the rule for program level",""
"passed","Tue Jul 28 22:48:40 UTC 2026","Tue Jul 28 22:48:46 UTC 2026","5313","HabitNuCoachPortalSuite","HabitNuCoachesPortalRegression-PartA","CoachesPortal.LearnModule.Learn","CoachesPortal.LearnModule.Learn","verifyCourseActions","Verify course Actions on hovering shows all the buttons",""
"broken","Wed Jul 29 00:30:22 UTC 2026","Wed Jul 29 00:30:33 UTC 2026","11056","HabitNuCoachPortalSuite","DifferentTypeOfDashboards","CoachesPortal.CohortLevelDashboard.DSMEDashboardCoachesPortal","CoachesPortal.CohortLevelDashboard.DSMEDashboardCoachesPortal","test6_Disenrolled","And user is validating Disenrolled",""
"passed","Tue Jul 28 23:33:30 UTC 2026","Tue Jul 28 23:33:39 UTC 2026","9062","HabitNuCoachPortalSuite","Scheduler","CoachesPortal.Schedular","CoachesPortal.Schedular","editAppointment","test4 >  Given I am logged in as admin, and on time slot page, When I click on created appointment, Then I should be able to see edit appointment page with edit button, When I click on it and edit details, Then I should be able to save it","admin login - User should be able to edit and save appointment"
"broken","Tue Jul 28 23:59:10 UTC 2026","Tue Jul 28 23:59:11 UTC 2026","1134","HabitNuCoachPortalSuite","GroupDPPClassPlanner","CoachesPortal.ClassPlanner","CoachesPortal.ClassPlanner","case34","validate user is able to view classPlanner item==document",""
"broken","Tue Jul 28 23:56:01 UTC 2026","Tue Jul 28 23:56:32 UTC 2026","30398","HabitNuCoachPortalSuite","LogClassSession","CoachesPortal.LogClassSession","CoachesPortal.LogClassSession","verifyAddWeightAttendanceDateAndPAAndLFAndMUPOnline","Verify coach can save log class session by adding weight,attendance date and PA And LF And MUP Online Mode",""
"skipped","Tue Jul 28 23:34:06 UTC 2026","Tue Jul 28 23:34:06 UTC 2026","0","HabitNuCoachPortalSuite","Scheduler","CoachesPortal.Schedular","CoachesPortal.Schedular","validateInteractionEntries_InteractionOn","validateInteractionEntries_InteractionOn",""
"passed","Tue Jul 28 22:57:34 UTC 2026","Tue Jul 28 22:57:36 UTC 2026","1782","HabitNuCoachPortalSuite","HabitNuCoachesPortalRegression-PartA","CoachesPortal.LearnModule.CustomerAdminCourseDocument","CoachesPortal.LearnModule.CustomerAdminCourseDocument","verifyVideoEditAndClose","Video Edit and Close",""
"broken","Wed Jul 29 00:36:35 UTC 2026","Wed Jul 29 00:36:52 UTC 2026","17639","HabitNuCoachPortalSuite","DifferentTypeOfDashboards","CoachesPortal.CohortLevelDashboard.ParticipantsProgressTracker","CoachesPortal.CohortLevelDashboard.ParticipantsProgressTracker","test9_Download_Report","And user is able to download the annual assessment report",""
"passed","Tue Jul 28 23:58:21 UTC 2026","Tue Jul 28 23:58:21 UTC 2026","145","HabitNuCoachPortalSuite","GroupDPPClassPlanner","CoachesPortal.ClassPlanner","CoachesPortal.ClassPlanner","case15","Cancel the archive pop up",""
"skipped","Tue Jul 28 23:38:34 UTC 2026","Tue Jul 28 23:38:34 UTC 2026","0","HabitNuCoachPortalSuite","Paywal","CoachesPortal.payWall","CoachesPortal.payWall","testUnlinkPlanFromProgram","COP-T413: Validate unlinking a plan from a program",""
"broken","Tue Jul 28 23:52:27 UTC 2026","Tue Jul 28 23:52:58 UTC 2026","30547","HabitNuCoachPortalSuite","LogClassSession","CoachesPortal.LogClassSession","CoachesPortal.LogClassSession","verifyAddOnlyLF","Verify error message=='Weight is required' & 'Date is required' are displayed, when coach tries to save logclass session with Only LF' ",""
"passed","Tue Jul 28 22:57:36 UTC 2026","Tue Jul 28 22:57:41 UTC 2026","4566","HabitNuCoachPortalSuite","HabitNuCoachesPortalRegression-PartA","CoachesPortal.LearnModule.CustomerAdminCourseDocument","CoachesPortal.LearnModule.CustomerAdminCourseDocument","verifyVideoPublishCancelAndConfirm","Video Publish Cancel And Confirm",""
"passed","Tue Jul 28 23:58:49 UTC 2026","Tue Jul 28 23:58:51 UTC 2026","2164","HabitNuCoachPortalSuite","GroupDPPClassPlanner","CoachesPortal.ClassPlanner","CoachesPortal.ClassPlanner","case23","Login to coach portal -> select the cohort -> Class planner -> Activate class planner ",""
"passed","Wed Jul 29 00:01:35 UTC 2026","Wed Jul 29 00:01:35 UTC 2026","116","HabitNuCoachPortalSuite","Milestones","CoachesPortal.BPSMMilestone","CoachesPortal.BPSMMilestone","test4_navigating_milestone","And user is navigating to milestone",""
"passed","Tue Jul 28 22:55:23 UTC 2026","Tue Jul 28 22:55:31 UTC 2026","8501","HabitNuCoachPortalSuite","HabitNuCoachesPortalRegression-PartA","CoachesPortal.LearnModule.Learn","CoachesPortal.LearnModule.Learn","verifyCourseHistory","verify chapter timeline history",""
"skipped","Tue Jul 28 23:34:06 UTC 2026","Tue Jul 28 23:34:06 UTC 2026","0","HabitNuCoachPortalSuite","Scheduler","CoachesPortal.Schedular","CoachesPortal.Schedular","validateInteractionEntries_Claimed","validateInteractionEntries_Claimed",""
"passed","Tue Jul 28 23:49:07 UTC 2026","Tue Jul 28 23:49:08 UTC 2026","131","HabitNuCoachPortalSuite","LoginPageCases","CoachesPortal.LoginPageCases","CoachesPortal.LoginPageCases","testLoginWithValidEmailAndEmptyPassword","try login with valid email and empty password",""
"passed","Tue Jul 28 23:03:10 UTC 2026","Tue Jul 28 23:03:13 UTC 2026","3304","HabitNuCoachPortalSuite","HabitNuCoachesPortalRegression-PartB","CoachesPortal.OnsiteUsersListDashboard","CoachesPortal.OnsiteUsersListDashboard","case36","test1 > Given I am logged in as customerAdmin, sorting users table with Join Date in asc order","test1 > Given I am logged in as customerAdmin, sorting users table with Join Date in asc order"
"broken","Tue Jul 28 23:06:37 UTC 2026","Tue Jul 28 23:07:10 UTC 2026","33546","HabitNuCoachPortalSuite","HabitNuCoachesPortalRegression-PartB","CoachesPortal.OnsiteUsersListDashboard","CoachesPortal.OnsiteUsersListDashboard","verifyConfirmed_By_CoachNo","test1 > Given I am logged in as customerAdmin, verifyConfirmed_By_Coach is updated to TRUE when coach update to No from user profile","test1 > Given I am logged in as customerAdmin, verifyConfirmed_By_Coach is updated to TRUE when coach update to No from user profile"
"failed","Wed Jul 29 00:23:26 UTC 2026","Wed Jul 29 00:23:30 UTC 2026","3286","HabitNuCoachPortalSuite","UserDashboard","CoachesPortal.PatientDashboard","CoachesPortal.PatientDashboard","patientVWeeklyStatusVideo_when_100_percentWatched","test15 > Given I am logged in as admin, when I am on watching a video completely by logging into user app, Then I should be able to see watched Video count==1 under patientVWeeklyStatusVideo","admin login - user/patient/partcipant dashboard validation"
"broken","Tue Jul 28 23:50:56 UTC 2026","Tue Jul 28 23:51:26 UTC 2026","30400","HabitNuCoachPortalSuite","LogClassSession","CoachesPortal.LogClassSession","CoachesPortal.LogClassSession","verifyAddOnlyWeight","Verify error message=='Date is required' is displayed, when coach tries to save logclass session with only weight",""
"failed","Tue Jul 28 23:16:34 UTC 2026","Tue Jul 28 23:16:38 UTC 2026","3888","HabitNuCoachPortalSuite","HabitNuCoachesPortalRegression-PartB","CoachesPortal.PatientDetails.PatientProfileDemographic","CoachesPortal.PatientDetails.PatientProfileDemographic","updateAndVerifyCDCDetails","test1 > Given I am logged in as customer admin, updateAndVerifyCDCDetails","test1 > Given I am logged in as customer admin, updateAndVerifyCDCDetails"
"broken","Tue Jul 28 23:59:12 UTC 2026","Tue Jul 28 23:59:13 UTC 2026","1181","HabitNuCoachPortalSuite","GroupDPPClassPlanner","CoachesPortal.ClassPlanner","CoachesPortal.ClassPlanner","case36","validate user is able to view classPlanner item==app-link",""
"passed","Tue Jul 28 22:57:22 UTC 2026","Tue Jul 28 22:57:31 UTC 2026","9269","HabitNuCoachPortalSuite","HabitNuCoachesPortalRegression-PartA","CoachesPortal.LearnModule.CustomerAdminCourseDocument","CoachesPortal.LearnModule.CustomerAdminCourseDocument","verifyAddValidUploadVideoRequired","Add Valid upload Video Required",""
"passed","Tue Jul 28 22:49:53 UTC 2026","Tue Jul 28 22:49:56 UTC 2026","3147","HabitNuCoachPortalSuite","HabitNuCoachesPortalRegression-PartA","CoachesPortal.LearnModule.Learn","CoachesPortal.LearnModule.Learn","checkDefaultCourseInfoMessage","add course to the cohort",""
"passed","Tue Jul 28 23:58:51 UTC 2026","Tue Jul 28 23:58:54 UTC 2026","2562","HabitNuCoachPortalSuite","GroupDPPClassPlanner","CoachesPortal.ClassPlanner","CoachesPortal.ClassPlanner","case24","Verify the elements of Group class planner in cohort",""
"broken","Tue Jul 28 23:47:16 UTC 2026","Tue Jul 28 23:47:46 UTC 2026","30547","HabitNuCoachPortalSuite","HabitNuCoachesPortalRegression-PartC","CoachesPortal.PatientDetails.PatientProfileHealthProviders","CoachesPortal.PatientDetails.PatientProfileHealthProviders","deleteHealthProvider","delete HealthProvider for Ethylen",""
"broken","Tue Jul 28 23:24:27 UTC 2026","Tue Jul 28 23:24:57 UTC 2026","30064","HabitNuCoachPortalSuite","UserActivities","CoachesPortal.PatientDetails.UserActivitiesBloodPressure","CoachesPortal.PatientDetails.UserActivitiesBloodPressure","verifyEditCurrentAndYesterdayBPDataInCoachesPortal","Verify current and yesterday edit BPdata in coaches portal and reflect in web portal",""
"passed","Tue Jul 28 22:57:31 UTC 2026","Tue Jul 28 22:57:34 UTC 2026","2846","HabitNuCoachPortalSuite","HabitNuCoachesPortalRegression-PartA","CoachesPortal.LearnModule.CustomerAdminCourseDocument","CoachesPortal.LearnModule.CustomerAdminCourseDocument","verifyDocuentVideoEditAndSave","Video Edit and Save",""
"broken","Tue Jul 28 23:13:53 UTC 2026","Tue Jul 28 23:14:23 UTC 2026","30111","HabitNuCoachPortalSuite","HabitNuCoachesPortalRegression-PartB","CoachesPortal.PatientDetails.PatientProfileDemographic","CoachesPortal.PatientDetails.PatientProfileDemographic","editverifyProgramDetailsWithIsActive","test1 > Given I am logged in as customer admin, verify cancel and update buttons are present for program details","test1 > Given I am logged in as customer admin, verify cancel and update buttons are present for program details"
"passed","Wed Jul 29 00:27:58 UTC 2026","Wed Jul 29 00:28:13 UTC 2026","15534","HabitNuCoachPortalSuite","ParticipationsTable","CoachesPortal.participations","CoachesPortal.participations","tes7_validatingparticipations_columns","And user is validating paricipations columns section",""
"passed","Tue Jul 28 22:56:47 UTC 2026","Tue Jul 28 22:56:56 UTC 2026","9118","HabitNuCoachPortalSuite","HabitNuCoachesPortalRegression-PartA","CoachesPortal.LearnModule.CustomerAdminCourseDocument","CoachesPortal.LearnModule.CustomerAdminCourseDocument","verifyDocumentArchiveCancelAndConfirm","Document Archive Cancel And Confirm",""
"passed","Tue Jul 28 23:34:00 UTC 2026","Tue Jul 28 23:34:00 UTC 2026","319","HabitNuCoachPortalSuite","Scheduler","CoachesPortal.Schedular","CoachesPortal.Schedular","cancelMeeting","test8 >  Given I am logged in as admin, and on time slot page, When I click on created appointment, Then I should see Cancel meeting button, When I click on it, Then Should be able to cancel it","admin login - User should be able to cancel appointment"
"passed","Wed Jul 29 00:24:41 UTC 2026","Wed Jul 29 00:24:47 UTC 2026","5614","HabitNuCoachPortalSuite","UserDashboard","CoachesPortal.PatientDashboard","CoachesPortal.PatientDashboard","Last_Fasting_Blood_Sugar","test19 > Given I am logged in as admin, wehn I am on Participants dashboard page, when I add bloodsugar FASTING type, Then I should be able to see the added data on dashboard card==Last_Fasting_Blood_Sugar","admin login - clicking on scheduler should open the scheduler page in coaches portal"
"passed","Tue Jul 28 23:58:16 UTC 2026","Tue Jul 28 23:58:17 UTC 2026","1189","HabitNuCoachPortalSuite","GroupDPPClassPlanner","CoachesPortal.ClassPlanner","CoachesPortal.ClassPlanner","case8","Create the DOCUMENT cards under the list",""
"passed","Tue Jul 28 23:38:34 UTC 2026","Tue Jul 28 23:38:34 UTC 2026","31","HabitNuCoachPortalSuite","Paywal","CoachesPortal.payWall","CoachesPortal.payWall","testPlanConsistencyAcrossSystems","COP-T419: Validate plan details consistency across systems",""
"passed","Tue Jul 28 23:34:03 UTC 2026","Tue Jul 28 23:34:03 UTC 2026","0","HabitNuCoachPortalSuite","Scheduler","CoachesPortal.Schedular","CoachesPortal.Schedular","validateInteractionEntries_UpdatedBy","test1 > Given I am logged in as admin, verify group interaction entries are made automatically when meet is attended for min of 1min > Validating field==UpdatedBy","test1 > Given I am logged in as admin, verify group interaction entries are made automatically when meet is attended for min of 1min > Validating field==UpdatedBy"
"passed","Tue Jul 28 22:51:13 UTC 2026","Tue Jul 28 22:51:21 UTC 2026","7928","HabitNuCoachPortalSuite","HabitNuCoachesPortalRegression-PartA","CoachesPortal.LearnModule.Learn","CoachesPortal.LearnModule.Learn","select_content_from_list","filter down course content by Video and assert Pagination",""
"broken","Wed Jul 29 00:18:54 UTC 2026","Wed Jul 29 00:19:57 UTC 2026","62982","HabitNuCoachPortalSuite","UserDashboard","CoachesPortal.PatientDashboard","CoachesPortal.PatientDashboard","Last_Fasting_Blood_Sugar","test19 > Given I am logged in as coach, wehn I am on Participants dashboard page, when I add bloodsugar FASTING type, Then I should be able to see the added data on dashboard card==Last_Fasting_Blood_Sugar","coach login - clicking on scheduler should open the scheduler page in coaches portal"
"passed","Wed Jul 29 00:27:01 UTC 2026","Wed Jul 29 00:27:01 UTC 2026","553","HabitNuCoachPortalSuite","FeatureFlags","CoachesPortal.FeatureFlags","CoachesPortal.FeatureFlags","test18_deleteuser","delete rule",""
"passed","Tue Jul 28 22:48:51 UTC 2026","Tue Jul 28 22:48:53 UTC 2026","2048","HabitNuCoachPortalSuite","HabitNuCoachesPortalRegression-PartA","CoachesPortal.LearnModule.Learn","CoachesPortal.LearnModule.Learn","checkChapterAddition","verify course addition",""
"passed","Tue Jul 28 23:17:25 UTC 2026","Tue Jul 28 23:17:30 UTC 2026","5115","HabitNuCoachPortalSuite","HabitNuCoachesPortalRegression-PartB","CoachesPortal.PatientDetails.PatientProfileDemographic","CoachesPortal.PatientDetails.PatientProfileDemographic","testSelectWalkingYes","test1 > Given I am logged in as customer admin, testSelectWalkingYes","test1 > Given I am logged in as customer admin, testSelectWalkingYes"
"broken","Tue Jul 28 23:55:31 UTC 2026","Tue Jul 28 23:56:01 UTC 2026","30848","HabitNuCoachPortalSuite","LogClassSession","CoachesPortal.LogClassSession","CoachesPortal.LogClassSession","verifyAddWeightAttendanceDateAndPAAndLF","Verify coach can save log class session by adding weight,attendance date and PA And LF",""
"passed","Tue Jul 28 23:58:09 UTC 2026","Tue Jul 28 23:58:12 UTC 2026","2872","HabitNuCoachPortalSuite","GroupDPPClassPlanner","CoachesPortal.ClassPlanner","CoachesPortal.ClassPlanner","case1","It should open the class planner creation page",""
"passed","Tue Jul 28 23:58:37 UTC 2026","Tue Jul 28 23:58:44 UTC 2026","6951","HabitNuCoachPortalSuite","GroupDPPClassPlanner","CoachesPortal.ClassPlanner","CoachesPortal.ClassPlanner","case21","There is no Class Planner for this Cohort - before activating class planner",""
"passed","Wed Jul 29 00:34:55 UTC 2026","Wed Jul 29 00:35:31 UTC 2026","36084","HabitNuCoachPortalSuite","DifferentTypeOfDashboards","CoachesPortal.CohortLevelDashboard.ParticipantsProgressTracker","CoachesPortal.CohortLevelDashboard.ParticipantsProgressTracker","test7_Activate_Session","And user is able to activate the session.",""
"passed","Tue Jul 28 23:37:09 UTC 2026","Tue Jul 28 23:37:10 UTC 2026","1605","HabitNuCoachPortalSuite","Paywal","CoachesPortal.payWall","CoachesPortal.payWall","testFilterTransactions","COP-T400: Validate all transaction filters",""
"broken","Tue Jul 28 23:04:23 UTC 2026","Tue Jul 28 23:04:23 UTC 2026","113","HabitNuCoachPortalSuite","HabitNuCoachesPortalRegression-PartB","CoachesPortal.OnsiteUsersListDashboard","CoachesPortal.OnsiteUsersListDashboard","case54","test1 > Given I am logged in as customerAdmin, verify milestone tooltiptext after participant just register and login to app and do not fill the banner","test1 > Given I am logged in as customerAdmin, verify milestone tooltiptext after participant just register and login to app and do not fill the banner"
"passed","Tue Jul 28 23:48:56 UTC 2026","Tue Jul 28 23:48:58 UTC 2026","1845","HabitNuCoachPortalSuite","LoginPageCases","CoachesPortal.LoginPageCases","CoachesPortal.LoginPageCases","testRestpasswordCase1","validate users be able to reset password, while doing so entering passwords that matches with previous ones ",""
"passed","Tue Jul 28 23:49:13 UTC 2026","Tue Jul 28 23:49:13 UTC 2026","178","HabitNuCoachPortalSuite","LoginPageCases","CoachesPortal.LoginPageCases","CoachesPortal.LoginPageCases","case13","Coaches Portal Feedback URL -> Add valid email address -> Keep other fields empty -> Click on Submit Feedback",""
"broken","Tue Jul 28 23:23:53 UTC 2026","Tue Jul 28 23:24:27 UTC 2026","34191","HabitNuCoachPortalSuite","UserActivities","CoachesPortal.PatientDetails.UserActivitiesBloodPressure","CoachesPortal.PatientDetails.UserActivitiesBloodPressure","verifyUserData_on_coachesPortal","Verify user data added on web on coaches portal",""
"passed","Wed Jul 29 00:31:43 UTC 2026","Wed Jul 29 00:31:43 UTC 2026","50","HabitNuCoachPortalSuite","DifferentTypeOfDashboards","CoachesPortal.CohortLevelDashboard.DSMEDashboardCoachesPortal","CoachesPortal.CohortLevelDashboard.DSMEDashboardCoachesPortal","test18_verifyWeightLossByPatientsWithallPosibleActions","Verify Weight Loss by Patients dropdown card with possible options listed",""
"passed","Tue Jul 28 23:58:13 UTC 2026","Tue Jul 28 23:58:14 UTC 2026","748","HabitNuCoachPortalSuite","GroupDPPClassPlanner","CoachesPortal.ClassPlanner","CoachesPortal.ClassPlanner","case4","create multiple lists",""
"passed","Tue Jul 28 22:56:26 UTC 2026","Tue Jul 28 22:56:27 UTC 2026","1108","HabitNuCoachPortalSuite","HabitNuCoachesPortalRegression-PartA","CoachesPortal.LearnModule.CustomerAdminCourseDocument","CoachesPortal.LearnModule.CustomerAdminCourseDocument","verifyAddDocumentUploadRequired","Add Document upload Required",""
"passed","Tue Jul 28 22:56:09 UTC 2026","Tue Jul 28 22:56:10 UTC 2026","1285","HabitNuCoachPortalSuite","HabitNuCoachesPortalRegression-PartA","CoachesPortal.LearnModule.CustomerAdminCourseDocument","CoachesPortal.LearnModule.CustomerAdminCourseDocument","verifyLinkEditAndSave","Link Edit and Save",""
"broken","Tue Jul 28 23:25:28 UTC 2026","Tue Jul 28 23:25:58 UTC 2026","30064","HabitNuCoachPortalSuite","UserActivities","CoachesPortal.PatientDetails.UserActivitiesBloodSugar","CoachesPortal.PatientDetails.UserActivitiesBloodSugar","verifyreadingTimeRequired","Verify reading time required",""
"broken","Wed Jul 29 00:11:45 UTC 2026","Wed Jul 29 00:11:45 UTC 2026","65","HabitNuCoachPortalSuite","UserDashboard","CoachesPortal.PatientDashboard","CoachesPortal.PatientDashboard","patientWeeklyStatus_CoachInteractions","test9 > Given I am logged in as coach, wehn I am on adding coachInteraction from user Interaction tab, Then I should be able to see added interaction count==1 under patientWeeklyStatus_CoachInteractions","coach login - user/patient/partcipant dashboard validation"
"broken","Wed Jul 29 00:23:26 UTC 2026","Wed Jul 29 00:23:26 UTC 2026","112","HabitNuCoachPortalSuite","UserDashboard","CoachesPortal.PatientDashboard","CoachesPortal.PatientDashboard","patientVWeeklyStatusVideo_when_partiallyWatched","test14 > Given I am logged in as admin, when I am on watching a video partally by logging into user app, Then I should be able to see watched Video count==0 under patientVWeeklyStatusVideo","admin login - user/patient/partcipant dashboard validation"
"passed","Tue Jul 28 23:12:11 UTC 2026","Tue Jul 28 23:12:11 UTC 2026","8","HabitNuCoachPortalSuite","HabitNuCoachesPortalRegression-PartB","CoachesPortal.PatientDetails.PatientProfileDemographic","CoachesPortal.PatientDetails.PatientProfileDemographic","updateFirstName","test1 > Given I am logged in as coach, First Name","test1 > Given I am logged in as coach, First Name"
"passed","Tue Jul 28 23:11:08 UTC 2026","Tue Jul 28 23:11:09 UTC 2026","1627","HabitNuCoachPortalSuite","HabitNuCoachesPortalRegression-PartB","CoachesPortal.PatientDetails.PatientProfileDemographic","CoachesPortal.PatientDetails.PatientProfileDemographic","updateAndVerifyOtherDetails","test1 > Given I am logged in as coach, updateAndVerifyOtherDetails","test1 > Given I am logged in as coach, updateAndVerifyOtherDetails"
"passed","Wed Jul 29 00:01:41 UTC 2026","Wed Jul 29 00:01:44 UTC 2026","2288","HabitNuCoachPortalSuite","Milestones","CoachesPortal.BPSMMilestone","CoachesPortal.BPSMMilestone","test9_validating_BPSMHeaders_data","And user is validating to BPSmHeaders data by clicking arrow button",""
"broken","Wed Jul 29 00:27:01 UTC 2026","Wed Jul 29 00:27:24 UTC 2026","23095","HabitNuCoachPortalSuite","FeatureFlags","CoachesPortal.FeatureFlags","CoachesPortal.FeatureFlags","test19_addrulesforprogram_multipletimes","And user is able to add the rule for program level multiple times",""
"passed","Tue Jul 28 23:49:14 UTC 2026","Tue Jul 28 23:49:16 UTC 2026","2489","HabitNuCoachPortalSuite","LoginPageCases","CoachesPortal.LoginPageCases","CoachesPortal.LoginPageCases","case15","Coaches Portal Feedback URL -> Add Feedback-> Keep other fields empty -> Click on Submit Feedback",""
"broken","Tue Jul 28 22:59:01 UTC 2026","Tue Jul 28 22:59:22 UTC 2026","20422","HabitNuCoachPortalSuite","HabitNuCoachesPortalRegression-PartB","CoachesPortal.OnsiteUsersListDashboard","CoachesPortal.OnsiteUsersListDashboard","case13","test1 > Given I am logged in as coach, Click on +, wait till all elements are displayed and then validate.","test1 > Given I am logged in as coach, Click on +, wait till all elements are displayed and then validate."
"broken","Tue Jul 28 23:24:57 UTC 2026","Tue Jul 28 23:25:28 UTC 2026","30730","HabitNuCoachPortalSuite","UserActivities","CoachesPortal.PatientDetails.UserActivitiesBloodSugar","CoachesPortal.PatientDetails.UserActivitiesBloodSugar","verifyandAddCurrentDateBloodSugar","Verify user as Ethelyn in useractivities tab and add current date blood sugar",""
"passed","Tue Jul 28 22:55:52 UTC 2026","Tue Jul 28 22:55:54 UTC 2026","2687","HabitNuCoachPortalSuite","HabitNuCoachesPortalRegression-PartA","CoachesPortal.LearnModule.Learn","CoachesPortal.LearnModule.Learn","editByDisablingNotifications","verify inactive notifications",""
"broken","Tue Jul 28 23:43:16 UTC 2026","Tue Jul 28 23:43:47 UTC 2026","30547","HabitNuCoachPortalSuite","HabitNuCoachesPortalRegression-PartC","CoachesPortal.PatientDetails.PatientProfilePreAuth","CoachesPortal.PatientDetails.PatientProfilePreAuth","verifyPreAuth","verify PreAuth for Ethylen",""
"passed","Tue Jul 28 23:37:14 UTC 2026","Tue Jul 28 23:37:16 UTC 2026","1686","HabitNuCoachPortalSuite","Paywal","CoachesPortal.payWall","CoachesPortal.payWall","testFilterTransactions","COP-T400: Validate all transaction filters",""
"passed","Wed Jul 29 00:28:42 UTC 2026","Wed Jul 29 00:28:47 UTC 2026","4954","HabitNuCoachPortalSuite","DifferentTypeOfDashboards","CoachesPortal.CohortLevelDashboard.DSMEDashboardCoachesPortal","CoachesPortal.CohortLevelDashboard.DSMEDashboardCoachesPortal","test1_Navigating","Given user is navigating to coaches portal",""
"broken","Tue Jul 28 23:29:34 UTC 2026","Tue Jul 28 23:30:08 UTC 2026","34466","HabitNuCoachPortalSuite","UserActivities","CoachesPortal.PatientDetails.UserActivitiesBloodSugar","CoachesPortal.PatientDetails.UserActivitiesBloodSugar","verifyEditBSDataInCoachesPortal","Edit BS data in webapp and verify in webapp as well as in coaches portal",""
"broken","Tue Jul 28 23:01:09 UTC 2026","Tue Jul 28 23:01:30 UTC 2026","20826","HabitNuCoachPortalSuite","HabitNuCoachesPortalRegression-PartB","CoachesPortal.OnsiteUsersListDashboard","CoachesPortal.OnsiteUsersListDashboard","case19","test1 > Given I am logged in as coach, Cancel Scenarios- Call","test1 > Given I am logged in as coach, Cancel Scenarios- Call"
"passed","Wed Jul 29 00:24:57 UTC 2026","Wed Jul 29 00:24:57 UTC 2026","79","HabitNuCoachPortalSuite","FeatureFlags","CoachesPortal.FeatureFlags","CoachesPortal.FeatureFlags","test7_navigatingflag","And user is able to navigating the flag details section",""
"failed","Wed Jul 29 00:30:33 UTC 2026","Wed Jul 29 00:30:59 UTC 2026","25428","HabitNuCoachPortalSuite","DifferentTypeOfDashboards","CoachesPortal.CohortLevelDashboard.DSMEDashboardCoachesPortal","CoachesPortal.CohortLevelDashboard.DSMEDashboardCoachesPortal","test7_Active","And user is validating Nurture",""
"passed","Tue Jul 28 23:33:57 UTC 2026","Tue Jul 28 23:34:00 UTC 2026","2732","HabitNuCoachPortalSuite","Scheduler","CoachesPortal.Schedular","CoachesPortal.Schedular","joinTheMeeting","test7 >  Given I am logged in as admin, and on time slot page, When I click on created appointment, Then I should see the Join the meet button, When I click on it, Then I should be taken to joinmeeting page in new tab","admin login - User should be able to join the meet"
"passed","Tue Jul 28 22:56:28 UTC 2026","Tue Jul 28 22:56:32 UTC 2026","3692","HabitNuCoachPortalSuite","HabitNuCoachesPortalRegression-PartA","CoachesPortal.LearnModule.CustomerAdminCourseDocument","CoachesPortal.LearnModule.CustomerAdminCourseDocument","verifyAddDocumentTitleRequired","Add Title Required",""
"passed","Wed Jul 29 00:23:26 UTC 2026","Wed Jul 29 00:23:26 UTC 2026","155","HabitNuCoachPortalSuite","UserDashboard","CoachesPortal.PatientDashboard","CoachesPortal.PatientDashboard","videoActivity","test13 > Given I am logged in as admin, when I am on watching a video by logging into user app, Then I should be able to see watched Video progress data on VideoActivity graph","admin login - user/patient/partcipant dashboard validation"
"broken","Tue Jul 28 23:44:28 UTC 2026","Tue Jul 28 23:44:48 UTC 2026","20399","HabitNuCoachPortalSuite","HabitNuCoachesPortalRegression-PartC","CoachesPortal.PatientDetails.PatientProfileImmunizations","CoachesPortal.PatientDetails.PatientProfileImmunizations","editImmunication","edit immunization for Ethylen",""
"broken","Tue Jul 28 23:50:25 UTC 2026","Tue Jul 28 23:50:25 UTC 2026","62","HabitNuCoachPortalSuite","LogClassSession","CoachesPortal.LogClassSession","CoachesPortal.LogClassSession","addDataLogClasssessionWithPatient","Given coach is on logclass session page, when 'weight-date-PA-delivery Mode' is added, then coach should be able to save log class session ",""
"failed","Wed Jul 29 00:28:47 UTC 2026","Wed Jul 29 00:29:12 UTC 2026","24777","HabitNuCoachPortalSuite","DifferentTypeOfDashboards","CoachesPortal.CohortLevelDashboard.DSMEDashboardCoachesPortal","CoachesPortal.CohortLevelDashboard.DSMEDashboardCoachesPortal","test2_Flagged","And user is navigated to Flagged",""
"passed","Tue Jul 28 23:03:44 UTC 2026","Tue Jul 28 23:03:47 UTC 2026","3186","HabitNuCoachPortalSuite","HabitNuCoachesPortalRegression-PartB","CoachesPortal.OnsiteUsersListDashboard","CoachesPortal.OnsiteUsersListDashboard","case50","test1 > Given I am logged in as customerAdmin, hover over milestone dot to validate enrolled state text","test1 > Given I am logged in as customerAdmin, hover over milestone dot to validate enrolled state text"
"passed","Wed Jul 29 00:02:32 UTC 2026","Wed Jul 29 00:02:35 UTC 2026","2836","HabitNuCoachPortalSuite","Milestones","CoachesPortal.VAMilestone","CoachesPortal.VAMilestone","test7_validating_VAHeaders_data","And user is validating to VAHeaders data by clicking arrow button",""
"broken","Tue Jul 28 23:08:53 UTC 2026","Tue Jul 28 23:09:23 UTC 2026","30130","HabitNuCoachPortalSuite","HabitNuCoachesPortalRegression-PartB","CoachesPortal.PatientDetails.PatientProfileDemographic","CoachesPortal.PatientDetails.PatientProfileDemographic","updateverifyProgramDetailsWithIsActive","test1 > Given I am logged in as coach, update patientId and payertype","test1 > Given I am logged in as coach, update patientId and payertype"
"failed","Tue Jul 28 22:50:12 UTC 2026","Tue Jul 28 22:50:21 UTC 2026","8984","HabitNuCoachPortalSuite","HabitNuCoachesPortalRegression-PartA","CoachesPortal.LearnModule.Learn","CoachesPortal.LearnModule.Learn","verifyFromCoachesEndAfterUserWatchesCourse","verify from coaches portal",""
"passed","Wed Jul 29 00:27:56 UTC 2026","Wed Jul 29 00:27:56 UTC 2026","146","HabitNuCoachPortalSuite","ParticipationsTable","CoachesPortal.participations","CoachesPortal.participations","test2_navigatingadmin","When user is navigating to Admin section ",""
"broken","Tue Jul 28 23:51:57 UTC 2026","Tue Jul 28 23:52:27 UTC 2026","30545","HabitNuCoachPortalSuite","LogClassSession","CoachesPortal.LogClassSession","CoachesPortal.LogClassSession","verifyAddOnlyminsofactivity","Verify error message=='Weight is required' & 'Date is required' are displayed, when coach tries to save logclass session with Only ' mins of activity' ",""
"passed","Tue Jul 28 23:18:15 UTC 2026","Tue Jul 28 23:18:23 UTC 2026","8846","HabitNuCoachPortalSuite","HabitNuCoachesPortalRegression-PartB","CoachesPortal.PatientDetails.PatientProfileDemographic","CoachesPortal.PatientDetails.PatientProfileDemographic","updatepreferred_name","test1 > Given I am logged in as customer admin, preferred_name","test1 > Given I am logged in as customer admin, preferred_name"
"passed","Wed Jul 29 00:31:49 UTC 2026","Wed Jul 29 00:32:16 UTC 2026","26759","HabitNuCoachPortalSuite","DifferentTypeOfDashboards","CoachesPortal.CohortLevelDashboard.ParticipantsProgressTracker","CoachesPortal.CohortLevelDashboard.ParticipantsProgressTracker","test2_participants","And user is navigating to participants and create a new user.",""
"passed","Tue Jul 28 23:12:46 UTC 2026","Tue Jul 28 23:12:52 UTC 2026","5831","HabitNuCoachPortalSuite","HabitNuCoachesPortalRegression-PartB","CoachesPortal.PatientDetails.PatientProfileDemographic","CoachesPortal.PatientDetails.PatientProfileDemographic","verifyPersonalDetails","test1 > Given I am logged in as customer admin, Verify user as Ethelyn in demographic with Personal Details","test1 > Given I am logged in as customer admin, Verify user as Ethelyn in demographic with Personal Details"
"passed","Wed Jul 29 00:23:13 UTC 2026","Wed Jul 29 00:23:14 UTC 2026","1785","HabitNuCoachPortalSuite","UserDashboard","CoachesPortal.PatientDashboard","CoachesPortal.PatientDashboard","physicalActivityHistory","test5 > Given I am logged in as admin, wehn I am on adding steps from user Dashboard, Then I should be able to see added Steps on physicalActivityHistory graph","admin login - user/patient/partcipant dashboard validation"
"passed","Tue Jul 28 23:03:05 UTC 2026","Tue Jul 28 23:03:06 UTC 2026","1008","HabitNuCoachPortalSuite","HabitNuCoachesPortalRegression-PartB","CoachesPortal.OnsiteUsersListDashboard","CoachesPortal.OnsiteUsersListDashboard","case33","test1 > Given I am logged in as customerAdmin, validate userList as customerAdmin-Move a user from one cohort to another- cancel scenario.","test1 > Given I am logged in as customerAdmin, validate userList as customerAdmin-Move a user from one cohort to another- cancel scenario."
"passed","Tue Jul 28 23:12:11 UTC 2026","Tue Jul 28 23:12:11 UTC 2026","102","HabitNuCoachPortalSuite","HabitNuCoachesPortalRegression-PartB","CoachesPortal.PatientDetails.PatientProfileDemographic","CoachesPortal.PatientDetails.PatientProfileDemographic","testDropdownOptions","test1 > Given I am logged in as coach, testDropdownOptions","test1 > Given I am logged in as coach, testDropdownOptions"
"failed","Tue Jul 28 23:20:44 UTC 2026","Tue Jul 28 23:20:44 UTC 2026","0","HabitNuCoachPortalSuite","PatientsProfileAllergies","CoachesPortal.PatientDetails.PatientsProfileAllergies","CoachesPortal.PatientDetails.PatientsProfileAllergies","setup","setup",""
"broken","Tue Jul 28 23:49:54 UTC 2026","Tue Jul 28 23:49:54 UTC 2026","65","HabitNuCoachPortalSuite","LogClassSession","CoachesPortal.LogClassSession","CoachesPortal.LogClassSession","validateLogClassSession_Non_Availibility","Given I am logged in as coach to coach portal, when cohort's programDeliveryType!=Onsite, then Log class session module should not be available",""
"passed","Tue Jul 28 23:33:20 UTC 2026","Tue Jul 28 23:33:20 UTC 2026","369","HabitNuCoachPortalSuite","Scheduler","CoachesPortal.Schedular","CoachesPortal.Schedular","openAppoitmentCreateForm","test2 > Given I am logged in as admin, When I click on time slot, Then I should be able to see the create appointment form","admin login - It should open meeting form"
"failed","Tue Jul 28 23:19:28 UTC 2026","Tue Jul 28 23:20:06 UTC 2026","37679","HabitNuCoachPortalSuite","HabitNuCoachesPortalRegression-PartB","CoachesPortal.PatientDetails.PatientProfileDemographic","CoachesPortal.PatientDetails.PatientProfileDemographic","deleteEthnicityAndRace","test1 > Given I am logged in as customer admin, Ethnicity and Race","test1 > Given I am logged in as customer admin, Ethnicity and Race"
"passed","Wed Jul 29 00:24:57 UTC 2026","Wed Jul 29 00:24:57 UTC 2026","616","HabitNuCoachPortalSuite","FeatureFlags","CoachesPortal.FeatureFlags","CoachesPortal.FeatureFlags","test8_validatingflag","And user is able to view the flag details",""
"passed","Tue Jul 28 22:49:56 UTC 2026","Tue Jul 28 22:50:04 UTC 2026","7844","HabitNuCoachPortalSuite","HabitNuCoachesPortalRegression-PartA","CoachesPortal.LearnModule.Learn","CoachesPortal.LearnModule.Learn","checkLearnTabWhenNoCourse","check learn tab visibilty on web app when course is published from coaches portal",""
"skipped","Tue Jul 28 23:34:06 UTC 2026","Tue Jul 28 23:34:06 UTC 2026","0","HabitNuCoachPortalSuite","Scheduler","CoachesPortal.Schedular","CoachesPortal.Schedular","cancelMeeting","cancelMeeting",""
"passed","Tue Jul 28 23:03:47 UTC 2026","Tue Jul 28 23:03:53 UTC 2026","5309","HabitNuCoachPortalSuite","HabitNuCoachesPortalRegression-PartB","CoachesPortal.OnsiteUsersListDashboard","CoachesPortal.OnsiteUsersListDashboard","case52","test1 > Given I am logged in as customerAdmin, validate 'Show unassigned users' checkbox","test1 > Given I am logged in as customerAdmin, validate 'Show unassigned users' checkbox"
"passed","Tue Jul 28 22:55:54 UTC 2026","Tue Jul 28 22:56:01 UTC 2026","6483","HabitNuCoachPortalSuite","HabitNuCoachesPortalRegression-PartA","CoachesPortal.LearnModule.Learn","CoachesPortal.LearnModule.Learn","pushNotifications","verify push  notification settings",""
"passed","Tue Jul 28 23:03:40 UTC 2026","Tue Jul 28 23:03:40 UTC 2026","173","HabitNuCoachPortalSuite","HabitNuCoachesPortalRegression-PartB","CoachesPortal.OnsiteUsersListDashboard","CoachesPortal.OnsiteUsersListDashboard","case46","test1 > Given I am logged in as customerAdmin, hover over milestone dot to validate disenrolled state text","test1 > Given I am logged in as customerAdmin, hover over milestone dot to validate disenrolled state text"
"broken","Tue Jul 28 23:46:30 UTC 2026","Tue Jul 28 23:46:55 UTC 2026","25398","HabitNuCoachPortalSuite","HabitNuCoachesPortalRegression-PartC","CoachesPortal.PatientDetails.PatientProfilePayerType","CoachesPortal.PatientDetails.PatientProfilePayerType","editPayerType_click_Cancel","edit PayerType for Ethylen, but click on cancel button rather update button",""
"passed","Tue Jul 28 22:58:26 UTC 2026","Tue Jul 28 22:58:27 UTC 2026","215","HabitNuCoachPortalSuite","HabitNuCoachesPortalRegression-PartB","CoachesPortal.OnsiteUsersListDashboard","CoachesPortal.OnsiteUsersListDashboard","case7","test1 > Given I am logged in as coach, Form Survey for cohort- Check for options displayed.","test1 > Given I am logged in as coach, Form Survey for cohort- Check for options displayed."
"skipped","Tue Jul 28 23:34:06 UTC 2026","Tue Jul 28 23:34:06 UTC 2026","0","HabitNuCoachPortalSuite","Scheduler","CoachesPortal.Schedular","CoachesPortal.Schedular","validateInteractionEntries_Duration","validateInteractionEntries_Duration",""
"passed","Tue Jul 28 22:56:08 UTC 2026","Tue Jul 28 22:56:09 UTC 2026","1179","HabitNuCoachPortalSuite","HabitNuCoachesPortalRegression-PartA","CoachesPortal.LearnModule.CustomerAdminCourseDocument","CoachesPortal.LearnModule.CustomerAdminCourseDocument","verifyAddValidUrlRequired","Add Valid Url Required",""
"passed","Tue Jul 28 22:56:43 UTC 2026","Tue Jul 28 22:56:47 UTC 2026","3807","HabitNuCoachPortalSuite","HabitNuCoachesPortalRegression-PartA","CoachesPortal.LearnModule.CustomerAdminCourseDocument","CoachesPortal.LearnModule.CustomerAdminCourseDocument","verifyDocumentPublishCancelAndConfirm","Document Publish Cancel And Confirm",""
"passed","Tue Jul 28 22:56:05 UTC 2026","Tue Jul 28 22:56:06 UTC 2026","1059","HabitNuCoachPortalSuite","HabitNuCoachesPortalRegression-PartA","CoachesPortal.LearnModule.CustomerAdminCourseDocument","CoachesPortal.LearnModule.CustomerAdminCourseDocument","verifyAddUrlLinkRequired","Add Url Required",""
"passed","Tue Jul 28 22:50:23 UTC 2026","Tue Jul 28 22:50:25 UTC 2026","2397","HabitNuCoachPortalSuite","HabitNuCoachesPortalRegression-PartA","CoachesPortal.LearnModule.Learn","CoachesPortal.LearnModule.Learn","removeCourseFromTheCohort","remove course from the cohort",""
"passed","Tue Jul 28 23:33:39 UTC 2026","Tue Jul 28 23:33:44 UTC 2026","5200","HabitNuCoachPortalSuite","Scheduler","CoachesPortal.Schedular","CoachesPortal.Schedular","viewAppointment","test5 >  Given I am logged in as admin, and on time slot page, When I click on created appointment, Then I should be able to view the appointment","admin login - User should be able to view appointment"
"passed","Wed Jul 29 00:26:38 UTC 2026","Wed Jul 29 00:26:39 UTC 2026","551","HabitNuCoachPortalSuite","FeatureFlags","CoachesPortal.FeatureFlags","CoachesPortal.FeatureFlags","test16_deleteuser","delete rule",""
"failed","Tue Jul 28 23:38:34 UTC 2026","Tue Jul 28 23:41:40 UTC 2026","186285","HabitNuCoachPortalSuite","Paywal","CoachesPortal.payWall","CoachesPortal.payWall","testProgramWithoutPlanHidesSubscription","COP-T416: Validate program without plan shows no subscription option",""
"passed","Tue Jul 28 23:37:07 UTC 2026","Tue Jul 28 23:37:09 UTC 2026","1909","HabitNuCoachPortalSuite","Paywal","CoachesPortal.payWall","CoachesPortal.payWall","testFilterTransactions","COP-T400: Validate all transaction filters",""
"passed","Wed Jul 29 00:31:45 UTC 2026","Wed Jul 29 00:31:49 UTC 2026","4623","HabitNuCoachPortalSuite","DifferentTypeOfDashboards","CoachesPortal.CohortLevelDashboard.ParticipantsProgressTracker","CoachesPortal.CohortLevelDashboard.ParticipantsProgressTracker","test1_navigating","Given user is navigating to coaches portal",""
"broken","Wed Jul 29 00:24:30 UTC 2026","Wed Jul 29 00:24:30 UTC 2026","97","HabitNuCoachPortalSuite","UserDashboard","CoachesPortal.PatientDashboard","CoachesPortal.PatientDashboard","habitCard_Done","test17 > Given I am logged in as admin, when I am on updating with a habit for the user to DONE, Then I should be able to see updated habit as 'DONE' on Habits graph","admin login - user/patient/partcipant dashboard validation"
"passed","Tue Jul 28 22:51:21 UTC 2026","Tue Jul 28 22:51:50 UTC 2026","28510","HabitNuCoachPortalSuite","HabitNuCoachesPortalRegression-PartA","CoachesPortal.LearnModule.Learn","CoachesPortal.LearnModule.Learn","addVideoToTheContent","filter down course content by Video and assert Pagination",""
"broken","Tue Jul 28 23:01:51 UTC 2026","Tue Jul 28 23:02:11 UTC 2026","20429","HabitNuCoachPortalSuite","HabitNuCoachesPortalRegression-PartB","CoachesPortal.OnsiteUsersListDashboard","CoachesPortal.OnsiteUsersListDashboard","case22","test1 > Given I am logged in as coach, Actions- Request form survey and Reset password should be displayed.","test1 > Given I am logged in as coach, Actions- Request form survey and Reset password should be displayed."
"passed","Tue Jul 28 23:58:44 UTC 2026","Tue Jul 28 23:58:49 UTC 2026","5150","HabitNuCoachPortalSuite","GroupDPPClassPlanner","CoachesPortal.ClassPlanner","CoachesPortal.ClassPlanner","case22","Activate the class planner - It should activate the class planner",""
"broken","Tue Jul 28 23:21:04 UTC 2026","Tue Jul 28 23:21:25 UTC 2026","20387","HabitNuCoachPortalSuite","PatientsProfileAllergies","CoachesPortal.PatientDetails.PatientsProfileAllergies","CoachesPortal.PatientDetails.PatientsProfileAllergies","deleteMedication","delete allergy for Ethylen",""
"passed","Tue Jul 28 23:03:40 UTC 2026","Tue Jul 28 23:03:44 UTC 2026","3321","HabitNuCoachPortalSuite","HabitNuCoachesPortalRegression-PartB","CoachesPortal.OnsiteUsersListDashboard","CoachesPortal.OnsiteUsersListDashboard","case47","test1 > Given I am logged in as customerAdmin, sorting users table with 'cohort' in asc order","test1 > Given I am logged in as customerAdmin, sorting users table with 'cohort' in asc order"
"passed","Tue Jul 28 23:49:17 UTC 2026","Tue Jul 28 23:49:20 UTC 2026","3522","HabitNuCoachPortalSuite","LoginPageCases","CoachesPortal.LoginPageCases","CoachesPortal.LoginPageCases","testClickOnForgetPasswordLink","validate forget-password link button",""
"passed","Tue Jul 28 23:11:04 UTC 2026","Tue Jul 28 23:11:04 UTC 2026","55","HabitNuCoachPortalSuite","HabitNuCoachesPortalRegression-PartB","CoachesPortal.PatientDetails.PatientProfileDemographic","CoachesPortal.PatientDetails.PatientProfileDemographic","verifyCDCdetails","test1 > Given I am logged in as coach, verifyCDCdetails","test1 > Given I am logged in as coach, verifyCDCdetails"
"broken","Tue Jul 28 23:12:52 UTC 2026","Tue Jul 28 23:13:23 UTC 2026","30475","HabitNuCoachPortalSuite","HabitNuCoachesPortalRegression-PartB","CoachesPortal.PatientDetails.PatientProfileDemographic","CoachesPortal.PatientDetails.PatientProfileDemographic","verifyProgramDetails","test1 > Given I am logged in as customer admin, Verify user as Ethelyn in demographic with Program Details","test1 > Given I am logged in as customer admin, Verify user as Ethelyn in demographic with Program Details"
"passed","Tue Jul 28 23:11:55 UTC 2026","Tue Jul 28 23:12:00 UTC 2026","5114","HabitNuCoachPortalSuite","HabitNuCoachesPortalRegression-PartB","CoachesPortal.PatientDetails.PatientProfileDemographic","CoachesPortal.PatientDetails.PatientProfileDemographic","testSelectWalkingYes","test1 > Given I am logged in as coach, testSelectWalkingYes","test1 > Given I am logged in as coach, testSelectWalkingYes"
"passed","Wed Jul 29 00:31:43 UTC 2026","Wed Jul 29 00:31:43 UTC 2026","47","HabitNuCoachPortalSuite","DifferentTypeOfDashboards","CoachesPortal.CohortLevelDashboard.DSMEDashboardCoachesPortal","CoachesPortal.CohortLevelDashboard.DSMEDashboardCoachesPortal","test14_verifyBloodSugarByPatientsWithallPosibleActions","Verify Blood Sugar by Patients dropdown card with possible options listed",""
"passed","Tue Jul 28 23:37:07 UTC 2026","Tue Jul 28 23:37:07 UTC 2026","360","HabitNuCoachPortalSuite","Paywal","CoachesPortal.payWall","CoachesPortal.payWall","testViewTransactionDetails","COP-T401: View transaction details",""
"passed","Tue Jul 28 22:50:35 UTC 2026","Tue Jul 28 22:50:52 UTC 2026","17469","HabitNuCoachPortalSuite","HabitNuCoachesPortalRegression-PartA","CoachesPortal.LearnModule.Learn","CoachesPortal.LearnModule.Learn","verifyFromCoachesEndAfterCourseisRemoved","verify from coaches portal after course has been removed",""
"passed","Tue Jul 28 23:14:57 UTC 2026","Tue Jul 28 23:14:57 UTC 2026","50","HabitNuCoachPortalSuite","HabitNuCoachesPortalRegression-PartB","CoachesPortal.PatientDetails.PatientProfileDemographic","CoachesPortal.PatientDetails.PatientProfileDemographic","verifyAddressDetails","test1 > Given I am logged in as customer admin, verifyAddressDetails","test1 > Given I am logged in as customer admin, verifyAddressDetails"
"passed","Wed Jul 29 00:01:01 UTC 2026","Wed Jul 29 00:01:01 UTC 2026","29","HabitNuCoachPortalSuite","GeneralContent","CoachesPortal.generalContent_WEb_Coaches","CoachesPortal.generalContent_WEb_Coaches","Case13_verifyGroup","verifyGroup creation",""
"broken","Tue Jul 28 23:00:02 UTC 2026","Tue Jul 28 23:00:28 UTC 2026","25534","HabitNuCoachPortalSuite","HabitNuCoachesPortalRegression-PartB","CoachesPortal.OnsiteUsersListDashboard","CoachesPortal.OnsiteUsersListDashboard","case16","test1 > Given I am logged in as coach, Click on headphone icon- check for Pop up.","test1 > Given I am logged in as coach, Click on headphone icon- check for Pop up."
"passed","Tue Jul 28 22:49:33 UTC 2026","Tue Jul 28 22:49:38 UTC 2026","4699","HabitNuCoachPortalSuite","HabitNuCoachesPortalRegression-PartA","CoachesPortal.LearnModule.Learn","CoachesPortal.LearnModule.Learn","letsPublishCourseNow","publish the course",""
"failed","Tue Jul 28 22:50:21 UTC 2026","Tue Jul 28 22:50:22 UTC 2026","449","HabitNuCoachPortalSuite","HabitNuCoachesPortalRegression-PartA","CoachesPortal.LearnModule.Learn","CoachesPortal.LearnModule.Learn","courseProgressUnderUserTab","check course tab from main dashboard",""
"passed","Tue Jul 28 23:09:23 UTC 2026","Tue Jul 28 23:09:27 UTC 2026","3734","HabitNuCoachPortalSuite","HabitNuCoachesPortalRegression-PartB","CoachesPortal.PatientDetails.PatientProfileDemographic","CoachesPortal.PatientDetails.PatientProfileDemographic","updateAndVerifyContactDetails","test1 > Given I am logged in as coach, updateAndVerifyContactDetails","test1 > Given I am logged in as coach, updateAndVerifyContactDetails"
"broken","Tue Jul 28 23:15:01 UTC 2026","Tue Jul 28 23:15:31 UTC 2026","30442","HabitNuCoachPortalSuite","HabitNuCoachesPortalRegression-PartB","CoachesPortal.PatientDetails.PatientProfileDemographic","CoachesPortal.PatientDetails.PatientProfileDemographic","verifyDisenrollmentDetails","test1 > Given I am logged in as customer admin, verifyDisenrollmentDetails","test1 > Given I am logged in as customer admin, verifyDisenrollmentDetails"
"broken","Tue Jul 28 23:03:53 UTC 2026","Tue Jul 28 23:04:23 UTC 2026","30662","HabitNuCoachPortalSuite","HabitNuCoachesPortalRegression-PartB","CoachesPortal.OnsiteUsersListDashboard","CoachesPortal.OnsiteUsersListDashboard","case53","test1 > Given I am logged in as customerAdmin, verify milestonecolor==yellow after participant just register and login to app and do not fill the banner","test1 > Given I am logged in as customerAdmin, verify milestonecolor==yellow after participant just register and login to app and do not fill the banner"
"passed","Tue Jul 28 23:12:11 UTC 2026","Tue Jul 28 23:12:11 UTC 2026","6","HabitNuCoachPortalSuite","HabitNuCoachesPortalRegression-PartB","CoachesPortal.PatientDetails.PatientProfileDemographic","CoachesPortal.PatientDetails.PatientProfileDemographic","updateethnicity_race_info","test1 > Given I am logged in as coach, ethnicity_race_info","test1 > Given I am logged in as coach, ethnicity_race_info"
"broken","Tue Jul 28 23:16:50 UTC 2026","Tue Jul 28 23:17:25 UTC 2026","35237","HabitNuCoachPortalSuite","HabitNuCoachesPortalRegression-PartB","CoachesPortal.PatientDetails.PatientProfileDemographic","CoachesPortal.PatientDetails.PatientProfileDemographic","testSelectRememberingUnknown","test1 > Given I am logged in as customer admin, testSelectRememberingUnknown","test1 > Given I am logged in as customer admin, testSelectRememberingUnknown"
"broken","Tue Jul 28 23:31:36 UTC 2026","Tue Jul 28 23:31:57 UTC 2026","20412","HabitNuCoachPortalSuite","UserActivities","CoachesPortal.PatientDetails.UserActivitiesTobacco","CoachesPortal.PatientDetails.UserActivitiesTobacco","verifyCurrentAndYesterdayBPDataInCoachesPortal","Verify current and yesterday tobacco in coaches and webportal",""
"passed","Tue Jul 28 22:52:54 UTC 2026","Tue Jul 28 22:52:56 UTC 2026","1642","HabitNuCoachPortalSuite","HabitNuCoachesPortalRegression-PartA","CoachesPortal.LearnModule.Learn","CoachesPortal.LearnModule.Learn","cloneCourse","verify cloning of course",""
"passed","Tue Jul 28 23:03:47 UTC 2026","Tue Jul 28 23:03:47 UTC 2026","42","HabitNuCoachPortalSuite","HabitNuCoachesPortalRegression-PartB","CoachesPortal.OnsiteUsersListDashboard","CoachesPortal.OnsiteUsersListDashboard","case51","test1 > Given I am logged in as customerAdmin, validate enrolled status under Milestone column - colorcode","test1 > Given I am logged in as customerAdmin, validate enrolled status under Milestone column - colorcode"
"passed","Tue Jul 28 23:35:17 UTC 2026","Tue Jul 28 23:35:18 UTC 2026","1291","HabitNuCoachPortalSuite","Paywal","CoachesPortal.payWall","CoachesPortal.payWall","testCreateAnnualPaymentPlan","COP-T388B: Create Annual Payment Plan",""
"passed","Tue Jul 28 22:56:26 UTC 2026","Tue Jul 28 22:56:26 UTC 2026","520","HabitNuCoachPortalSuite","HabitNuCoachesPortalRegression-PartA","CoachesPortal.LearnModule.CustomerAdminCourseDocument","CoachesPortal.LearnModule.CustomerAdminCourseDocument","verifyAddUrlTitleDocumentRequired","Add Documentupload And Title Required",""
"broken","Tue Jul 28 23:21:45 UTC 2026","Tue Jul 28 23:22:08 UTC 2026","23397","HabitNuCoachPortalSuite","PatientsProfileAllergies","CoachesPortal.PatientDetails.PatientsProfileAllergies","CoachesPortal.PatientDetails.PatientsProfileAllergies","verifyMedication","verify allergy for Ethylen",""
"passed","Tue Jul 28 23:12:11 UTC 2026","Tue Jul 28 23:12:11 UTC 2026","5","HabitNuCoachPortalSuite","HabitNuCoachesPortalRegression-PartB","CoachesPortal.PatientDetails.PatientProfileDemographic","CoachesPortal.PatientDetails.PatientProfileDemographic","updateSexAtbirth","test1 > Given I am logged in as coach, Sex at Birth","test1 > Given I am logged in as coach, Sex at Birth"
"passed","Tue Jul 28 22:49:45 UTC 2026","Tue Jul 28 22:49:53 UTC 2026","7883","HabitNuCoachPortalSuite","HabitNuCoachesPortalRegression-PartA","CoachesPortal.LearnModule.Learn","CoachesPortal.LearnModule.Learn","addCourseToTheCohort","add course to the cohort",""
"passed","Tue Jul 28 23:17:40 UTC 2026","Tue Jul 28 23:17:41 UTC 2026","112","HabitNuCoachPortalSuite","HabitNuCoachesPortalRegression-PartB","CoachesPortal.PatientDetails.PatientProfileDemographic","CoachesPortal.PatientDetails.PatientProfileDemographic","testDropdownOptions","test1 > Given I am logged in as customer admin, testDropdownOptions","test1 > Given I am logged in as customer admin, testDropdownOptions"
"broken","Wed Jul 29 00:11:45 UTC 2026","Wed Jul 29 00:12:45 UTC 2026","60497","HabitNuCoachPortalSuite","UserDashboard","CoachesPortal.PatientDashboard","CoachesPortal.PatientDashboard","patientWeeklyStatus_Meals","test11 > Given I am logged in as coach, when I am on adding Meal by logging into user app, Then I should be able to see added Meal count==1 under patientWeeklyStatus_Meals","coach login - user/patient/partcipant dashboard validation"
"passed","Tue Jul 28 23:16:32 UTC 2026","Tue Jul 28 23:16:32 UTC 2026","40","HabitNuCoachPortalSuite","HabitNuCoachesPortalRegression-PartB","CoachesPortal.PatientDetails.PatientProfileDemographic","CoachesPortal.PatientDetails.PatientProfileDemographic","verifyBaselineHealthData","test1 > Given I am logged in as customer admin, verifyBaselineHealthData","test1 > Given I am logged in as customer admin, verifyBaselineHealthData"
"passed","Tue Jul 28 23:49:16 UTC 2026","Tue Jul 28 23:49:17 UTC 2026","121","HabitNuCoachPortalSuite","LoginPageCases","CoachesPortal.LoginPageCases","CoachesPortal.LoginPageCases","case17","Coaches Portal Login URL -> Click on terms of use",""
"passed","Wed Jul 29 00:24:36 UTC 2026","Wed Jul 29 00:24:41 UTC 2026","5403","HabitNuCoachPortalSuite","UserDashboard","CoachesPortal.PatientDashboard","CoachesPortal.PatientDashboard","Last_BeforeMeal_Blood_Sugar","test20 > Given I am logged in as admin, wehn I am on Participants dashboard page, when I add bloodsugar BEFORE-MEAL type, Then I should be able to see the added data on dashboard card==Last_BeforeMeal_Blood_Sugar","admin login - clicking on scheduler should open the scheduler page in coaches portal"
"passed","Tue Jul 28 23:58:19 UTC 2026","Tue Jul 28 23:58:19 UTC 2026","995","HabitNuCoachPortalSuite","GroupDPPClassPlanner","CoachesPortal.ClassPlanner","CoachesPortal.ClassPlanner","case12","Edit the Created card",""
"broken","Wed Jul 29 00:10:09 UTC 2026","Wed Jul 29 00:10:42 UTC 2026","33000","HabitNuCoachPortalSuite","UserDashboard","CoachesPortal.PatientDashboard","CoachesPortal.PatientDashboard","hbA1cHistory","test7 > Given I am logged in as coach, wehn I am on adding hba1c from user Dashboard, Then I should be able to see added hba1c on Hba1c graph","coach login - user/patient/partcipant dashboard validation"
"failed","Wed Jul 29 00:23:00 UTC 2026","Wed Jul 29 00:23:06 UTC 2026","5622","HabitNuCoachPortalSuite","UserDashboard","CoachesPortal.PatientDashboard","CoachesPortal.PatientDashboard","patientWeeklyStatus_WEIGHTS","test2 > Given I am logged in as admin, wehn I am on adding weight from user Dashboard, Then I should be able to see added weight count==1 under patientWeeklyStatus_WEIGHTS","admin login - user/patient/partcipant dashboard validation"
"broken","Tue Jul 28 23:20:44 UTC 2026","Tue Jul 28 23:21:04 UTC 2026","20410","HabitNuCoachPortalSuite","PatientsProfileAllergies","CoachesPortal.PatientDetails.PatientsProfileAllergies","CoachesPortal.PatientDetails.PatientsProfileAllergies","verifyPersonalDetails","Add Allergy of Ethlen",""
"broken","Wed Jul 29 00:09:05 UTC 2026","Wed Jul 29 00:09:38 UTC 2026","32982","HabitNuCoachPortalSuite","UserDashboard","CoachesPortal.PatientDashboard","CoachesPortal.PatientDashboard","patientWeeklyStatus_STEPS","test4 > Given I am logged in as coach, wehn I am on adding steps from user Dashboard, Then I should be able to see added exercise steps count==1 under patientWeeklyStatus_STEPS","coach login - user/patient/partcipant dashboard validation"
"broken","Tue Jul 28 23:20:06 UTC 2026","Tue Jul 28 23:20:36 UTC 2026","30099","HabitNuCoachPortalSuite","HabitNuCoachesPortalRegression-PartB","CoachesPortal.PatientDetails.PatientProfileDemographic","CoachesPortal.PatientDetails.PatientProfileDemographic","verifyConfirmed_By_CoachYes","test1 > Given I am logged in as customer admin, verifyConfirmed_By_Coach by clicking on Yes","test1 > Given I am logged in as customer admin, verifyConfirmed_By_Coach by clicking on Yes"
"passed","Wed Jul 29 00:02:29 UTC 2026","Wed Jul 29 00:02:32 UTC 2026","2655","HabitNuCoachPortalSuite","Milestones","CoachesPortal.VAMilestone","CoachesPortal.VAMilestone","test5_navigating_VAmilestone","And user is navigating to VA_Milestone",""
"passed","Tue Jul 28 23:59:23 UTC 2026","Tue Jul 28 23:59:25 UTC 2026","1806","HabitNuCoachPortalSuite","GeneralContent","CoachesPortal.generalContent_WEb_Coaches","CoachesPortal.generalContent_WEb_Coaches","case4","Creating tags for Sleep",""
"broken","Wed Jul 29 00:08:35 UTC 2026","Wed Jul 29 00:09:05 UTC 2026","30547","HabitNuCoachPortalSuite","UserDashboard","CoachesPortal.PatientDashboard","CoachesPortal.PatientDashboard","Weight_History","test3 > Given I am logged in as coach, wehn I am on adding weight from user Dashboard, Then I should be able to see added weight on the weight history graph","coach login - user/patient/partcipant dashboard validation"
"passed","Tue Jul 28 23:23:52 UTC 2026","Tue Jul 28 23:23:53 UTC 2026","505","HabitNuCoachPortalSuite","UserActivities","CoachesPortal.PatientDetails.UserActivitiesBloodPressure","CoachesPortal.PatientDetails.UserActivitiesBloodPressure","verifyUser_isNot_allowed_edit_coachAddedData","Verify user is not allowed to edit data added by coaches",""
"broken","Tue Jul 28 23:02:49 UTC 2026","Tue Jul 28 23:02:54 UTC 2026","5469","HabitNuCoachPortalSuite","HabitNuCoachesPortalRegression-PartB","CoachesPortal.OnsiteUsersListDashboard","CoachesPortal.OnsiteUsersListDashboard","case30","test1 > Given I am logged in as customerAdmin, validate userList as customerAdmin-Verify all elements are present.","test1 > Given I am logged in as customerAdmin, validate userList as customerAdmin-Verify all elements are present."
"passed","Wed Jul 29 00:24:30 UTC 2026","Wed Jul 29 00:24:30 UTC 2026","148","HabitNuCoachPortalSuite","UserDashboard","CoachesPortal.PatientDashboard","CoachesPortal.PatientDashboard","Profile_in_Green","test18 > Given I am logged in as admin, wehn I am on Participants dashboard page, Then I should be able to see all particiapnt data on the photocard","admin login - clicking on scheduler should open the scheduler page in coaches portal"
"passed","Tue Jul 28 23:37:12 UTC 2026","Tue Jul 28 23:37:14 UTC 2026","1697","HabitNuCoachPortalSuite","Paywal","CoachesPortal.payWall","CoachesPortal.payWall","testFilterTransactions","COP-T400: Validate all transaction filters",""
"passed","Tue Jul 28 23:49:08 UTC 2026","Tue Jul 28 23:49:08 UTC 2026","188","HabitNuCoachPortalSuite","LoginPageCases","CoachesPortal.LoginPageCases","CoachesPortal.LoginPageCases","testLoginWithEmptyEmailAndValidPassword","try login with empty email and valid password",""
"passed","Tue Jul 28 23:12:05 UTC 2026","Tue Jul 28 23:12:11 UTC 2026","5137","HabitNuCoachPortalSuite","HabitNuCoachesPortalRegression-PartB","CoachesPortal.PatientDetails.PatientProfileDemographic","CoachesPortal.PatientDetails.PatientProfileDemographic","testSelectEmotionalYes","test1 > Given I am logged in as coach, testSelectEmotionalYes","test1 > Given I am logged in as coach, testSelectEmotionalYes"
"passed","Tue Jul 28 23:17:35 UTC 2026","Tue Jul 28 23:17:40 UTC 2026","5115","HabitNuCoachPortalSuite","HabitNuCoachesPortalRegression-PartB","CoachesPortal.PatientDetails.PatientProfileDemographic","CoachesPortal.PatientDetails.PatientProfileDemographic","testSelectEmotionalYes","test1 > Given I am logged in as customer admin, testSelectEmotionalYes","test1 > Given I am logged in as customer admin, testSelectEmotionalYes"
"passed","Tue Jul 28 23:58:54 UTC 2026","Tue Jul 28 23:58:57 UTC 2026","3017","HabitNuCoachPortalSuite","GroupDPPClassPlanner","CoachesPortal.ClassPlanner","CoachesPortal.ClassPlanner","case25","Edit (lock)button of class planner in cohort by adding new card",""
"passed","Wed Jul 29 00:02:51 UTC 2026","Wed Jul 29 00:03:01 UTC 2026","10522","HabitNuCoachPortalSuite","Milestones","CoachesPortal.VAMilestone","CoachesPortal.VAMilestone","test10_validating_VAHeaders_data","And user is validating to VAHeaders data by clicking arrow button",""
"failed","Tue Jul 28 23:09:27 UTC 2026","Tue Jul 28 23:09:31 UTC 2026","3783","HabitNuCoachPortalSuite","HabitNuCoachesPortalRegression-PartB","CoachesPortal.PatientDetails.PatientProfileDemographic","CoachesPortal.PatientDetails.PatientProfileDemographic","updateAndVerifyAddressDetails","test1 > Given I am logged in as coach, updateAndVerifyAddressDetails","test1 > Given I am logged in as coach, updateAndVerifyAddressDetails"
"broken","Wed Jul 29 00:15:47 UTC 2026","Wed Jul 29 00:15:47 UTC 2026","61","HabitNuCoachPortalSuite","UserDashboard","CoachesPortal.PatientDashboard","CoachesPortal.PatientDashboard","habitCard_Done","test17 > Given I am logged in as coach, when I am on updating with a habit for the user to DONE, Then I should be able to see updated habit as 'DONE' on Habits graph","coach login - user/patient/partcipant dashboard validation"
"passed","Tue Jul 28 23:34:03 UTC 2026","Tue Jul 28 23:34:03 UTC 2026","0","HabitNuCoachPortalSuite","Scheduler","CoachesPortal.Schedular","CoachesPortal.Schedular","userYesToTheMeet","test1 > Given I am logged in as admin, verify user response to meet attendance - YES","test1 > Given I am logged in as admin, verify user response to meet attendance - YES"
"skipped","Tue Jul 28 23:38:28 UTC 2026","Tue Jul 28 23:38:28 UTC 2026","0","HabitNuCoachPortalSuite","Paywal","CoachesPortal.payWall","CoachesPortal.payWall","testVerifyLinkedPlanDisplays","COP-T407: Validate linked plan displays in Program details",""
"broken","Tue Jul 28 23:45:29 UTC 2026","Tue Jul 28 23:45:49 UTC 2026","20380","HabitNuCoachPortalSuite","HabitNuCoachesPortalRegression-PartC","CoachesPortal.PatientDetails.PatientProfilePayerType","CoachesPortal.PatientDetails.PatientProfilePayerType","deletePayertype","delete Payertype for Ethylen",""
"passed","Tue Jul 28 23:12:11 UTC 2026","Tue Jul 28 23:12:11 UTC 2026","7","HabitNuCoachPortalSuite","HabitNuCoachesPortalRegression-PartB","CoachesPortal.PatientDetails.PatientProfileDemographic","CoachesPortal.PatientDetails.PatientProfileDemographic","updateCurrentGender","test1 > Given I am logged in as coach, Current Gender","test1 > Given I am logged in as coach, Current Gender"
"passed","Tue Jul 28 23:35:21 UTC 2026","Tue Jul 28 23:35:25 UTC 2026","3810","HabitNuCoachPortalSuite","Paywal","CoachesPortal.payWall","CoachesPortal.payWall","testPublishPaymentPlan","COP-T390: Publish the monthly Payment Plan",""
"passed","Tue Jul 28 22:50:04 UTC 2026","Tue Jul 28 22:50:12 UTC 2026","8316","HabitNuCoachPortalSuite","HabitNuCoachesPortalRegression-PartA","CoachesPortal.LearnModule.Learn","CoachesPortal.LearnModule.Learn","accessCourseFromWebApp","accessCourseFromWebApp",""
"passed","Tue Jul 28 23:12:00 UTC 2026","Tue Jul 28 23:12:05 UTC 2026","5139","HabitNuCoachPortalSuite","HabitNuCoachesPortalRegression-PartB","CoachesPortal.PatientDetails.PatientProfileDemographic","CoachesPortal.PatientDetails.PatientProfileDemographic","testSelectDressingNo","test1 > Given I am logged in as coach, testSelectDressingNo","test1 > Given I am logged in as coach, testSelectDressingNo"
"failed","Tue Jul 28 23:35:29 UTC 2026","Tue Jul 28 23:35:30 UTC 2026","1126","HabitNuCoachPortalSuite","Paywal","CoachesPortal.payWall","CoachesPortal.payWall","testVerifySyncStatusIsDisplayedOnPlanDetails","COP-T391: Verify Sync Status is displayed on the Plan Details page",""
"broken","Wed Jul 29 00:26:14 UTC 2026","Wed Jul 29 00:26:38 UTC 2026","24220","HabitNuCoachPortalSuite","FeatureFlags","CoachesPortal.FeatureFlags","CoachesPortal.FeatureFlags","test15_addrulesforuser_multipletimes","And user is able to add the rule for user level multiple times",""
"passed","Tue Jul 28 23:15:31 UTC 2026","Tue Jul 28 23:15:31 UTC 2026","24","HabitNuCoachPortalSuite","HabitNuCoachesPortalRegression-PartB","CoachesPortal.PatientDetails.PatientProfileDemographic","CoachesPortal.PatientDetails.PatientProfileDemographic","verifyScaleOrderDetails","test1 > Given I am logged in as customer admin, verifyScaleOrderDetails","test1 > Given I am logged in as customer admin, verifyScaleOrderDetails"
"passed","Wed Jul 29 00:04:04 UTC 2026","Wed Jul 29 00:04:14 UTC 2026","10461","HabitNuCoachPortalSuite","Milestones","CoachesPortal.VAMilestone","CoachesPortal.VAMilestone","test20_validating_VAHeaders_data","And user is validating to VAHeaders data by clicking arrow button",""
"passed","Wed Jul 29 00:01:36 UTC 2026","Wed Jul 29 00:01:38 UTC 2026","1295","HabitNuCoachPortalSuite","Milestones","CoachesPortal.BPSMMilestone","CoachesPortal.BPSMMilestone","test6_validating_BPSMHeaders_Name","And user is validating to BPSMHeaders data by clicking arrow button",""
"failed","Tue Jul 28 23:16:38 UTC 2026","Tue Jul 28 23:16:40 UTC 2026","1577","HabitNuCoachPortalSuite","HabitNuCoachesPortalRegression-PartB","CoachesPortal.PatientDetails.PatientProfileDemographic","CoachesPortal.PatientDetails.PatientProfileDemographic","updateAndVerifyOtherDetails","test1 > Given I am logged in as customer admin, updateAndVerifyOtherDetails","test1 > Given I am logged in as customer admin, updateAndVerifyOtherDetails"
"passed","Tue Jul 28 23:49:08 UTC 2026","Tue Jul 28 23:49:11 UTC 2026","2736","HabitNuCoachPortalSuite","LoginPageCases","CoachesPortal.LoginPageCases","CoachesPortal.LoginPageCases","testLoginWithInvalidEmailAndValidPassword","try login with invalid email and valid password",""
"skipped","Tue Jul 28 23:34:06 UTC 2026","Tue Jul 28 23:34:06 UTC 2026","0","HabitNuCoachPortalSuite","Scheduler","CoachesPortal.Schedular","CoachesPortal.Schedular","validateInteractionEntries_SessionName","validateInteractionEntries_SessionName",""
"passed","Tue Jul 28 23:17:30 UTC 2026","Tue Jul 28 23:17:35 UTC 2026","5133","HabitNuCoachPortalSuite","HabitNuCoachesPortalRegression-PartB","CoachesPortal.PatientDetails.PatientProfileDemographic","CoachesPortal.PatientDetails.PatientProfileDemographic","testSelectDressingNo","test1 > Given I am logged in as customer admin, testSelectDressingNo","test1 > Given I am logged in as customer admin, testSelectDressingNo"
"passed","Tue Jul 28 23:18:32 UTC 2026","Tue Jul 28 23:18:40 UTC 2026","8275","HabitNuCoachPortalSuite","HabitNuCoachesPortalRegression-PartB","CoachesPortal.PatientDetails.PatientProfileDemographic","CoachesPortal.PatientDetails.PatientProfileDemographic","updateCurrentGender","test1 > Given I am logged in as customer admin, Current Gender","test1 > Given I am logged in as customer admin, Current Gender"
"passed","Tue Jul 28 23:17:58 UTC 2026","Tue Jul 28 23:18:06 UTC 2026","8243","HabitNuCoachPortalSuite","HabitNuCoachesPortalRegression-PartB","CoachesPortal.PatientDetails.PatientProfileDemographic","CoachesPortal.PatientDetails.PatientProfileDemographic","updatelastName","test1 > Given I am logged in as customer admin, Last Name","test1 > Given I am logged in as customer admin, Last Name"
"passed","Tue Jul 28 22:56:32 UTC 2026","Tue Jul 28 22:56:36 UTC 2026","4431","HabitNuCoachPortalSuite","HabitNuCoachesPortalRegression-PartA","CoachesPortal.LearnModule.CustomerAdminCourseDocument","CoachesPortal.LearnModule.CustomerAdminCourseDocument","verifyAddValidUploadRequired","Add Valid upload Required",""
"passed","Tue Jul 28 23:49:13 UTC 2026","Tue Jul 28 23:49:13 UTC 2026","101","HabitNuCoachPortalSuite","LoginPageCases","CoachesPortal.LoginPageCases","CoachesPortal.LoginPageCases","case11","TC11- Click on Ask us",""
"broken","Tue Jul 28 23:26:58 UTC 2026","Tue Jul 28 23:27:29 UTC 2026","30399","HabitNuCoachPortalSuite","UserActivities","CoachesPortal.PatientDetails.UserActivitiesBloodSugar","CoachesPortal.PatientDetails.UserActivitiesBloodSugar","verifyBloodSugarInCoachPortal","Verify user as Ethelyn in useractivities tab added current date blood sugar fasting ,before meal and after meal",""
"passed","Tue Jul 28 23:34:03 UTC 2026","Tue Jul 28 23:34:03 UTC 2026","0","HabitNuCoachPortalSuite","Scheduler","CoachesPortal.Schedular","CoachesPortal.Schedular","validateInteractionEntries_Interaction_Type","test1 > Given I am logged in as admin, verify group interaction entries are made automatically when meet is attended for min of 1min > Validating field==Interaction_Typ","test1 > Given I am logged in as admin, verify group interaction entries are made automatically when meet is attended for min of 1min > Validating field==Interaction_Typ"
"passed","Wed Jul 29 00:02:27 UTC 2026","Wed Jul 29 00:02:28 UTC 2026","760","HabitNuCoachPortalSuite","Milestones","CoachesPortal.VAMilestone","CoachesPortal.VAMilestone","test2_changecohort","When user is able to change the cohort",""
"broken","Tue Jul 28 22:58:33 UTC 2026","Tue Jul 28 22:59:01 UTC 2026","27437","HabitNuCoachPortalSuite","HabitNuCoachesPortalRegression-PartB","CoachesPortal.OnsiteUsersListDashboard","CoachesPortal.OnsiteUsersListDashboard","case10","test1 > Given I am logged in as coach, Choose Cohort which does not have form- multiple_classes_ofChild.","test1 > Given I am logged in as coach, Choose Cohort which does not have form- multiple_classes_ofChild."
"passed","Tue Jul 28 23:34:08 UTC 2026","Tue Jul 28 23:35:15 UTC 2026","66663","HabitNuCoachPortalSuite","Paywal","CoachesPortal.payWall","CoachesPortal.payWall","validatePaywallPage","Navigate to Paywall and validate header tabs",""
"passed","Tue Jul 28 23:58:37 UTC 2026","Tue Jul 28 23:58:37 UTC 2026","105","HabitNuCoachPortalSuite","GroupDPPClassPlanner","CoachesPortal.ClassPlanner","CoachesPortal.ClassPlanner","case18","Click on Lock button",""
"passed","Wed Jul 29 00:02:32 UTC 2026","Wed Jul 29 00:02:32 UTC 2026","132","HabitNuCoachPortalSuite","Milestones","CoachesPortal.VAMilestone","CoachesPortal.VAMilestone","test6_validating_Headers","And user is validating headers",""
"passed","Tue Jul 28 23:58:17 UTC 2026","Tue Jul 28 23:58:18 UTC 2026","1563","HabitNuCoachPortalSuite","GroupDPPClassPlanner","CoachesPortal.ClassPlanner","CoachesPortal.ClassPlanner","case9","Create the APP LINK cards under the list",""
"passed","Tue Jul 28 23:37:16 UTC 2026","Tue Jul 28 23:37:17 UTC 2026","1637","HabitNuCoachPortalSuite","Paywal","CoachesPortal.payWall","CoachesPortal.payWall","testFilterTransactions","COP-T400: Validate all transaction filters",""
"passed","Tue Jul 28 23:37:05 UTC 2026","Tue Jul 28 23:37:07 UTC 2026","1980","HabitNuCoachPortalSuite","Paywal","CoachesPortal.payWall","CoachesPortal.payWall","testViewAllTransactionsPage","COP-T400: View all transactions and validate page layout",""
"passed","Wed Jul 29 00:37:46 UTC 2026","Wed Jul 29 00:37:52 UTC 2026","5885","HabitNuCoachPortalSuite","DifferentTypeOfCohorts","CoachesPortal.connectCohorts","CoachesPortal.connectCohorts","case1","test1 > Given I am logged in as admin, I am validating connect cohorts modules","test1 > Given I am logged in as admin, I am validating connect cohorts modules"
"broken","Tue Jul 28 23:13:23 UTC 2026","Tue Jul 28 23:13:53 UTC 2026","30117","HabitNuCoachPortalSuite","HabitNuCoachesPortalRegression-PartB","CoachesPortal.PatientDetails.PatientProfileDemographic","CoachesPortal.PatientDetails.PatientProfileDemographic","verifyConfirmed_By_CoachNo","test1 > Given I am logged in as customer admin, verifyConfirmed_By_Coach by clicking on No","test1 > Given I am logged in as customer admin, verifyConfirmed_By_Coach by clicking on No"
"broken","Tue Jul 28 23:53:28 UTC 2026","Tue Jul 28 23:53:59 UTC 2026","30560","HabitNuCoachPortalSuite","LogClassSession","CoachesPortal.LogClassSession","CoachesPortal.LogClassSession","verifyNegativeValueinWeightNotAllowed","Verify error message=='Weight is required' is displayed, when coach tries to save logclass session with Negative Value",""
"passed","Tue Jul 28 23:37:21 UTC 2026","Tue Jul 28 23:37:21 UTC 2026","909","HabitNuCoachPortalSuite","Paywal","CoachesPortal.payWall","CoachesPortal.payWall","testFilterTransactions","COP-T400: Validate all transaction filters",""
"broken","Tue Jul 28 23:31:57 UTC 2026","Tue Jul 28 23:32:31 UTC 2026","34095","HabitNuCoachPortalSuite","UserActivities","CoachesPortal.PatientDetails.UserActivitiesTobacco","CoachesPortal.PatientDetails.UserActivitiesTobacco","verifyUserData_on_coachesPortal","Verify user data added on web on coaches portal",""
"broken","Tue Jul 28 23:56:32 UTC 2026","Tue Jul 28 23:57:03 UTC 2026","30832","HabitNuCoachPortalSuite","LogClassSession","CoachesPortal.LogClassSession","CoachesPortal.LogClassSession","verifyAddWeightAttendanceDateAndPAAndLFAndMUPIn_Person","Verify coach can save log class session by adding weight,attendance date and PA And LF And MUP In Person Mode",""
"broken","Tue Jul 28 23:44:07 UTC 2026","Tue Jul 28 23:44:28 UTC 2026","20380","HabitNuCoachPortalSuite","HabitNuCoachesPortalRegression-PartC","CoachesPortal.PatientDetails.PatientProfileImmunizations","CoachesPortal.PatientDetails.PatientProfileImmunizations","deleteImmunization","delete immunization for Ethylen",""
"passed","Tue Jul 28 22:50:56 UTC 2026","Tue Jul 28 22:51:13 UTC 2026","16901","HabitNuCoachPortalSuite","HabitNuCoachesPortalRegression-PartA","CoachesPortal.LearnModule.Learn","CoachesPortal.LearnModule.Learn","loginAsAdmin","No course configured for the program.",""
"passed","Tue Jul 28 23:11:04 UTC 2026","Tue Jul 28 23:11:08 UTC 2026","3781","HabitNuCoachPortalSuite","HabitNuCoachesPortalRegression-PartB","CoachesPortal.PatientDetails.PatientProfileDemographic","CoachesPortal.PatientDetails.PatientProfileDemographic","updateAndVerifyCDCDetails","test1 > Given I am logged in as coach, updateAndVerifyCDCDetails","test1 > Given I am logged in as coach, updateAndVerifyCDCDetails"
"broken","Wed Jul 29 00:33:05 UTC 2026","Wed Jul 29 00:34:08 UTC 2026","63521","HabitNuCoachPortalSuite","DifferentTypeOfDashboards","CoachesPortal.CohortLevelDashboard.ParticipantsProgressTracker","CoachesPortal.CohortLevelDashboard.ParticipantsProgressTracker","test4_Change_Filter_Status","And user is able to change the participants status",""
"passed","Tue Jul 28 22:50:25 UTC 2026","Tue Jul 28 22:50:35 UTC 2026","9566","HabitNuCoachPortalSuite","HabitNuCoachesPortalRegression-PartA","CoachesPortal.LearnModule.Learn","CoachesPortal.LearnModule.Learn","checkLearnTabOnWebWhenCourseIsPublished","check learn tab visibilty on web app when no course is published from coaches portal",""
"passed","Wed Jul 29 00:24:59 UTC 2026","Wed Jul 29 00:24:59 UTC 2026","74","HabitNuCoachPortalSuite","FeatureFlags","CoachesPortal.FeatureFlags","CoachesPortal.FeatureFlags","test10_clickaddrule","And user is able to click on add rule button",""
"passed","Tue Jul 28 22:56:56 UTC 2026","Tue Jul 28 22:57:06 UTC 2026","9909","HabitNuCoachPortalSuite","HabitNuCoachesPortalRegression-PartA","CoachesPortal.LearnModule.CustomerAdminCourseDocument","CoachesPortal.LearnModule.CustomerAdminCourseDocument","verifyAddVideo","Add Video",""
"passed","Wed Jul 29 00:27:57 UTC 2026","Wed Jul 29 00:27:58 UTC 2026","141","HabitNuCoachPortalSuite","ParticipationsTable","CoachesPortal.participations","CoachesPortal.participations","test6_validatingparticipations","And user is validating paricipations section",""
"broken","Tue Jul 28 23:47:46 UTC 2026","Tue Jul 28 23:48:17 UTC 2026","30561","HabitNuCoachPortalSuite","HabitNuCoachesPortalRegression-PartC","CoachesPortal.PatientDetails.PatientProfileHealthProviders","CoachesPortal.PatientDetails.PatientProfileHealthProviders","editHealthProvider","edit HealthProvider for Ethylen",""
"broken","Tue Jul 28 23:53:59 UTC 2026","Tue Jul 28 23:54:30 UTC 2026","30565","HabitNuCoachPortalSuite","LogClassSession","CoachesPortal.LogClassSession","CoachesPortal.LogClassSession","verifyMaxValueinWeightNotAllowed","Verify entering 1000 Value in weight should limit to 3 chars which is 100",""
"passed","Wed Jul 29 00:02:35 UTC 2026","Wed Jul 29 00:02:45 UTC 2026","10504","HabitNuCoachPortalSuite","Milestones","CoachesPortal.VAMilestone","CoachesPortal.VAMilestone","test8_validating_VAHeaders_data","And user is validating to VAHeaders data by clicking arrow button",""
"passed","Tue Jul 28 23:58:19 UTC 2026","Tue Jul 28 23:58:20 UTC 2026","510","HabitNuCoachPortalSuite","GroupDPPClassPlanner","CoachesPortal.ClassPlanner","CoachesPortal.ClassPlanner","case13","click on CANCEL while editing the Created card",""
"passed","Wed Jul 29 00:37:37 UTC 2026","Wed Jul 29 00:37:43 UTC 2026","6604","HabitNuCoachPortalSuite","DifferentTypeOfCohorts","CoachesPortal.liteCohorts","CoachesPortal.liteCohorts","case1","test1 > Given I am logged in as admin, I am validating Lite cohorts modules","test1 > Given I am logged in as admin, I am validating Lite cohorts modules, where cohort's Program type=NDPP, Delivery type=Online"
"passed","Wed Jul 29 00:22:12 UTC 2026","Wed Jul 29 00:22:14 UTC 2026","2466","HabitNuCoachPortalSuite","UserDashboard","CoachesPortal.PatientDashboard","CoachesPortal.PatientDashboard","foodLog","test12 > Given I am logged in as admin, when I am on adding Meal by logging into user app, Then I should be able to see added Meal data on FoodLog graph","admin login - user/patient/partcipant dashboard validation"
"broken","Tue Jul 28 23:30:09 UTC 2026","Tue Jul 28 23:30:43 UTC 2026","34009","HabitNuCoachPortalSuite","UserActivities","CoachesPortal.PatientDetails.UserActivitiesBloodSugar","CoachesPortal.PatientDetails.UserActivitiesBloodSugar","verifyUserData_on_coachesPortal","Verify user data added on web on coaches portal",""
"broken","Tue Jul 28 23:00:48 UTC 2026","Tue Jul 28 23:01:09 UTC 2026","20531","HabitNuCoachPortalSuite","HabitNuCoachesPortalRegression-PartB","CoachesPortal.OnsiteUsersListDashboard","CoachesPortal.OnsiteUsersListDashboard","case18","test1 > Given I am logged in as coach, Enter call details and then to profile section and check for the details saved.","test1 > Given I am logged in as coach, Enter call details and then to profile section and check for the details saved."
"passed","Wed Jul 29 00:27:52 UTC 2026","Wed Jul 29 00:27:56 UTC 2026","3619","HabitNuCoachPortalSuite","ParticipationsTable","CoachesPortal.participations","CoachesPortal.participations","test1_navigatingcoach","Given user is navigating to coaches portal",""
"passed","Tue Jul 28 23:11:08 UTC 2026","Tue Jul 28 23:11:08 UTC 2026","53","HabitNuCoachPortalSuite","HabitNuCoachesPortalRegression-PartB","CoachesPortal.PatientDetails.PatientProfileDemographic","CoachesPortal.PatientDetails.PatientProfileDemographic","verifyOtherdetails","test1 > Given I am logged in as coach, verifyOtherdetails","test1 > Given I am logged in as coach, verifyOtherdetails"
"failed","Wed Jul 29 00:29:12 UTC 2026","Wed Jul 29 00:29:34 UTC 2026","22581","HabitNuCoachPortalSuite","DifferentTypeOfDashboards","CoachesPortal.CohortLevelDashboard.DSMEDashboardCoachesPortal","CoachesPortal.CohortLevelDashboard.DSMEDashboardCoachesPortal","test3_pending","And user is validating pending",""
"passed","Tue Jul 28 22:55:51 UTC 2026","Tue Jul 28 22:55:51 UTC 2026","56","HabitNuCoachPortalSuite","HabitNuCoachesPortalRegression-PartA","CoachesPortal.LearnModule.Learn","CoachesPortal.LearnModule.Learn","activeConfiguredNotificationsCheck","verify active is displayed against course notifications configured",""
"broken","Wed Jul 29 00:27:25 UTC 2026","Wed Jul 29 00:27:48 UTC 2026","23077","HabitNuCoachPortalSuite","FeatureFlags","CoachesPortal.FeatureFlags","CoachesPortal.FeatureFlags","test21_addrulesforpartner_multipletimes","And user is able to add the rule for partner level multiple times",""
"passed","Tue Jul 28 22:56:02 UTC 2026","Tue Jul 28 22:56:02 UTC 2026","37","HabitNuCoachPortalSuite","HabitNuCoachesPortalRegression-PartA","CoachesPortal.LearnModule.CustomerAdminCourseDocument","CoachesPortal.LearnModule.CustomerAdminCourseDocument","verifyNoOfElementsInCourseDocuments","Verify No of Elements In CourseDocument",""
"passed","Tue Jul 28 22:56:02 UTC 2026","Tue Jul 28 22:56:04 UTC 2026","1653","HabitNuCoachPortalSuite","HabitNuCoachesPortalRegression-PartA","CoachesPortal.LearnModule.CustomerAdminCourseDocument","CoachesPortal.LearnModule.CustomerAdminCourseDocument","verifyAddLinkDocument","Add link Document",""
"passed","Tue Jul 28 23:58:12 UTC 2026","Tue Jul 28 23:58:13 UTC 2026","747","HabitNuCoachPortalSuite","GroupDPPClassPlanner","CoachesPortal.ClassPlanner","CoachesPortal.ClassPlanner","case3","Add the list to class planner",""
"passed","Wed Jul 29 00:23:14 UTC 2026","Wed Jul 29 00:23:20 UTC 2026","5525","HabitNuCoachPortalSuite","UserDashboard","CoachesPortal.PatientDashboard","CoachesPortal.PatientDashboard","hbA1cHistory","test7 > Given I am logged in as admin, wehn I am on adding hba1c from user Dashboard, Then I should be able to see added hba1c on Hba1c graph","admin login - user/patient/partcipant dashboard validation"
"passed","Wed Jul 29 00:32:16 UTC 2026","Wed Jul 29 00:33:05 UTC 2026","48802","HabitNuCoachPortalSuite","DifferentTypeOfDashboards","CoachesPortal.CohortLevelDashboard.ParticipantsProgressTracker","CoachesPortal.CohortLevelDashboard.ParticipantsProgressTracker","test3_participants_filter_actions_options","And user is navigating to participants and validating the filter status.",""
"passed","Wed Jul 29 00:00:08 UTC 2026","Wed Jul 29 00:00:10 UTC 2026","2368","HabitNuCoachPortalSuite","GeneralContent","CoachesPortal.generalContent_WEb_Coaches","CoachesPortal.generalContent_WEb_Coaches","RedirectToWeb","Redirecting To Web page",""
"broken","Tue Jul 28 23:05:43 UTC 2026","Tue Jul 28 23:06:03 UTC 2026","20382","HabitNuCoachPortalSuite","HabitNuCoachesPortalRegression-PartB","CoachesPortal.OnsiteUsersListDashboard","CoachesPortal.OnsiteUsersListDashboard","case58","test1 > Given I am logged in as customerAdmin, verify milestonecolor==green when user completes registration banner and verifies address","test1 > Given I am logged in as customerAdmin, verify milestonecolor==green when user completes registration banner and verifies address"
"skipped","Tue Jul 28 23:38:34 UTC 2026","Tue Jul 28 23:38:34 UTC 2026","0","HabitNuCoachPortalSuite","Paywal","CoachesPortal.payWall","CoachesPortal.payWall","testUserSeesAndSubscribesToPlan","COP-T408 & T409: Verify user can see and subscribe to a linked plan",""
"skipped","Tue Jul 28 23:34:06 UTC 2026","Tue Jul 28 23:34:06 UTC 2026","0","HabitNuCoachPortalSuite","Scheduler","CoachesPortal.Schedular","CoachesPortal.Schedular","createAppointment","createAppointment",""
"passed","Wed Jul 29 00:03:01 UTC 2026","Wed Jul 29 00:03:12 UTC 2026","10476","HabitNuCoachPortalSuite","Milestones","CoachesPortal.VAMilestone","CoachesPortal.VAMilestone","test11_validating_VAHeaders_data","And user is validating to VAHeaders data by clicking arrow button",""
"failed","Tue Jul 28 23:36:39 UTC 2026","Tue Jul 28 23:36:40 UTC 2026","997","HabitNuCoachPortalSuite","Paywal","CoachesPortal.payWall","CoachesPortal.payWall","testViewSubscriptionDetails","COP-T396: View subscription details",""
"passed","Tue Jul 28 23:37:10 UTC 2026","Tue Jul 28 23:37:11 UTC 2026","902","HabitNuCoachPortalSuite","Paywal","CoachesPortal.payWall","CoachesPortal.payWall","testFilterTransactions","COP-T400: Validate all transaction filters",""
"broken","Tue Jul 28 23:59:08 UTC 2026","Tue Jul 28 23:59:09 UTC 2026","1142","HabitNuCoachPortalSuite","GroupDPPClassPlanner","CoachesPortal.ClassPlanner","CoachesPortal.ClassPlanner","case32","validate user is able to add notes",""
"skipped","Tue Jul 28 23:34:06 UTC 2026","Tue Jul 28 23:34:06 UTC 2026","0","HabitNuCoachPortalSuite","Scheduler","CoachesPortal.Schedular","CoachesPortal.Schedular","validateCreatedMeetingAvailable_for_user","validateCreatedMeetingAvailable_for_user",""
"passed","Tue Jul 28 23:10:01 UTC 2026","Tue Jul 28 23:10:01 UTC 2026","25","HabitNuCoachPortalSuite","HabitNuCoachesPortalRegression-PartB","CoachesPortal.PatientDetails.PatientProfileDemographic","CoachesPortal.PatientDetails.PatientProfileDemographic","verifyScaleOrderDetails","test1 > Given I am logged in as coach, verifyScaleOrderDetails","test1 > Given I am logged in as coach, verifyScaleOrderDetails"
"broken","Wed Jul 29 00:13:46 UTC 2026","Wed Jul 29 00:14:47 UTC 2026","60682","HabitNuCoachPortalSuite","UserDashboard","CoachesPortal.PatientDashboard","CoachesPortal.PatientDashboard","patientVWeeklyStatusVideo_when_100_percentWatched","test15 > Given I am logged in as coach, when I am on watching a video completely by logging into user app, Then I should be able to see watched Video count==1 under patientVWeeklyStatusVideo","coach login - user/patient/partcipant dashboard validation"
"broken","Wed Jul 29 00:13:46 UTC 2026","Wed Jul 29 00:13:46 UTC 2026","65","HabitNuCoachPortalSuite","UserDashboard","CoachesPortal.PatientDashboard","CoachesPortal.PatientDashboard","patientVWeeklyStatusVideo_when_partiallyWatched","test14 > Given I am logged in as coach, when I am on watching a video partally by logging into user app, Then I should be able to see watched Video count==0 under patientVWeeklyStatusVideo","coach login - user/patient/partcipant dashboard validation"
"passed","Tue Jul 28 23:16:38 UTC 2026","Tue Jul 28 23:16:38 UTC 2026","51","HabitNuCoachPortalSuite","HabitNuCoachesPortalRegression-PartB","CoachesPortal.PatientDetails.PatientProfileDemographic","CoachesPortal.PatientDetails.PatientProfileDemographic","verifyOtherdetails","test1 > Given I am logged in as customer admin, verifyOtherdetails","test1 > Given I am logged in as customer admin, verifyOtherdetails"
"passed","Wed Jul 29 00:28:39 UTC 2026","Wed Jul 29 00:28:40 UTC 2026","972","HabitNuCoachPortalSuite","ParticipationsTable","CoachesPortal.participations","CoachesPortal.participations","test13_exitadmin","And user is able to exit from admin section",""
"skipped","Tue Jul 28 23:34:06 UTC 2026","Tue Jul 28 23:34:06 UTC 2026","0","HabitNuCoachPortalSuite","Scheduler","CoachesPortal.Schedular","CoachesPortal.Schedular","clickOnSchedular","clickOnSchedular",""
"passed","Tue Jul 28 22:56:07 UTC 2026","Tue Jul 28 22:56:08 UTC 2026","1143","HabitNuCoachPortalSuite","HabitNuCoachesPortalRegression-PartA","CoachesPortal.LearnModule.CustomerAdminCourseDocument","CoachesPortal.LearnModule.CustomerAdminCourseDocument","verifyAddTitleLinkRequired","Add Title Required",""
"passed","Wed Jul 29 00:02:08 UTC 2026","Wed Jul 29 00:02:22 UTC 2026","13478","HabitNuCoachPortalSuite","Milestones","CoachesPortal.BPSMMilestone","CoachesPortal.BPSMMilestone","test11_groupinteraction","And user is able to add group interaction without seminar name",""
"passed","Tue Jul 28 22:57:59 UTC 2026","Tue Jul 28 22:58:04 UTC 2026","5026","HabitNuCoachPortalSuite","HabitNuCoachesPortalRegression-PartB","CoachesPortal.OnsiteUsersListDashboard","CoachesPortal.OnsiteUsersListDashboard","case1","test1 > Given I am logged in as coach, Search for 'automationForLogclass' and click on users.","test1 > Given I am logged in as coach, Search for 'automationForLogclass' and click on users."
"passed","Tue Jul 28 22:58:04 UTC 2026","Tue Jul 28 22:58:04 UTC 2026","196","HabitNuCoachPortalSuite","HabitNuCoachesPortalRegression-PartB","CoachesPortal.OnsiteUsersListDashboard","CoachesPortal.OnsiteUsersListDashboard","case2","test1 > Given I am logged in as coach, Users- All expected elements is displayed.","test1 > Given I am logged in as coach, Users- All expected elements is displayed."
"passed","Wed Jul 29 00:03:22 UTC 2026","Wed Jul 29 00:03:33 UTC 2026","10487","HabitNuCoachPortalSuite","Milestones","CoachesPortal.VAMilestone","CoachesPortal.VAMilestone","test13_validating_VAHeaders_data","And user is validating to VAHeaders data by clicking arrow button",""
"broken","Wed Jul 29 00:12:45 UTC 2026","Wed Jul 29 00:13:46 UTC 2026","60480","HabitNuCoachPortalSuite","UserDashboard","CoachesPortal.PatientDashboard","CoachesPortal.PatientDashboard","videoActivity","test13 > Given I am logged in as coach, when I am on watching a video by logging into user app, Then I should be able to see watched Video progress data on VideoActivity graph","coach login - user/patient/partcipant dashboard validation"
"broken","Tue Jul 28 23:09:31 UTC 2026","Tue Jul 28 23:10:01 UTC 2026","30445","HabitNuCoachPortalSuite","HabitNuCoachesPortalRegression-PartB","CoachesPortal.PatientDetails.PatientProfileDemographic","CoachesPortal.PatientDetails.PatientProfileDemographic","verifyDisenrollmentDetails","test1 > Given I am logged in as coach, verifyDisenrollmentDetails","test1 > Given I am logged in as coach, verifyDisenrollmentDetails"
"passed","Tue Jul 28 22:56:10 UTC 2026","Tue Jul 28 22:56:12 UTC 2026","1738","HabitNuCoachPortalSuite","HabitNuCoachesPortalRegression-PartA","CoachesPortal.LearnModule.CustomerAdminCourseDocument","CoachesPortal.LearnModule.CustomerAdminCourseDocument","verifyLinkEditAndClose","Link Edit and Close",""
"broken","Tue Jul 28 23:46:55 UTC 2026","Tue Jul 28 23:47:16 UTC 2026","20406","HabitNuCoachPortalSuite","HabitNuCoachesPortalRegression-PartC","CoachesPortal.PatientDetails.PatientProfileHealthProviders","CoachesPortal.PatientDetails.PatientProfileHealthProviders","verifyAddHealthProviderDetails","Add HealthProvider of Ethlen",""
"passed","Wed Jul 29 00:01:35 UTC 2026","Wed Jul 29 00:01:36 UTC 2026","1608","HabitNuCoachPortalSuite","Milestones","CoachesPortal.BPSMMilestone","CoachesPortal.BPSMMilestone","test5_validating_Headers","And user is validating headers",""
"skipped","Tue Jul 28 23:34:06 UTC 2026","Tue Jul 28 23:34:06 UTC 2026","0","HabitNuCoachPortalSuite","Scheduler","CoachesPortal.Schedular","CoachesPortal.Schedular","rescheduleMeeting","rescheduleMeeting",""
"passed","Wed Jul 29 00:27:57 UTC 2026","Wed Jul 29 00:27:57 UTC 2026","542","HabitNuCoachPortalSuite","ParticipationsTable","CoachesPortal.participations","CoachesPortal.participations","test4_validatingadmin_defaultpage","When user is validating to Admin default section ",""
"broken","Tue Jul 28 23:12:11 UTC 2026","Tue Jul 28 23:12:41 UTC 2026","30076","HabitNuCoachPortalSuite","HabitNuCoachesPortalRegression-PartB","CoachesPortal.PatientDetails.PatientProfileDemographic","CoachesPortal.PatientDetails.PatientProfileDemographic","verifyConfirmed_By_CoachYes","test1 > Given I am logged in as coach, verifyConfirmed_By_Coach by clicking on Yes","test1 > Given I am logged in as coach, verifyConfirmed_By_Coach by clicking on Yes"
"passed","Wed Jul 29 00:31:43 UTC 2026","Wed Jul 29 00:31:43 UTC 2026","21","HabitNuCoachPortalSuite","DifferentTypeOfDashboards","CoachesPortal.CohortLevelDashboard.DSMEDashboardCoachesPortal","CoachesPortal.CohortLevelDashboard.DSMEDashboardCoachesPortal","test16_verifyBloodSugarByPatientsWithCalenderDefaultWeek","Verify Blood Sugar by Patients with Calender as week selection as current week by default",""
"passed","Tue Jul 28 23:37:19 UTC 2026","Tue Jul 28 23:37:21 UTC 2026","1625","HabitNuCoachPortalSuite","Paywal","CoachesPortal.payWall","CoachesPortal.payWall","testFilterTransactions","COP-T400: Validate all transaction filters",""
"passed","Tue Jul 28 23:17:41 UTC 2026","Tue Jul 28 23:17:49 UTC 2026","8511","HabitNuCoachPortalSuite","HabitNuCoachesPortalRegression-PartB","CoachesPortal.PatientDetails.PatientProfileDemographic","CoachesPortal.PatientDetails.PatientProfileDemographic","updateFirstName","test1 > Given I am logged in as customer admin, First Name","test1 > Given I am logged in as customer admin, First Name"
"broken","Wed Jul 29 00:08:02 UTC 2026","Wed Jul 29 00:08:35 UTC 2026","32899","HabitNuCoachPortalSuite","UserDashboard","CoachesPortal.PatientDashboard","CoachesPortal.PatientDashboard","patientWeeklyStatus_WEIGHTS","test2 > Given I am logged in as coach, wehn I am on adding weight from user Dashboard, Then I should be able to see added weight count==1 under patientWeeklyStatus_WEIGHTS","coach login - user/patient/partcipant dashboard validation"
"failed","Tue Jul 28 23:35:30 UTC 2026","Tue Jul 28 23:36:36 UTC 2026","66005","HabitNuCoachPortalSuite","Paywal","CoachesPortal.payWall","CoachesPortal.payWall","testEditSyncedPlanAndManualSync","COP-T393 & T394: Edit a synced plan and verify manual sync",""
"passed","Wed Jul 29 00:28:35 UTC 2026","Wed Jul 29 00:28:37 UTC 2026","2276","HabitNuCoachPortalSuite","ParticipationsTable","CoachesPortal.participations","CoachesPortal.participations","test11_searchprogram","And user is able to search the user with program name",""
"broken","Tue Jul 28 23:27:29 UTC 2026","Tue Jul 28 23:27:59 UTC 2026","30396","HabitNuCoachPortalSuite","UserActivities","CoachesPortal.PatientDetails.UserActivitiesBloodSugar","CoachesPortal.PatientDetails.UserActivitiesBloodSugar","verifyAndAddYesterdayBloodSugar","Verify user as Ethelyn in useractivities tab and add past date blood sugar",""
"failed","Wed Jul 29 00:29:34 UTC 2026","Wed Jul 29 00:29:59 UTC 2026","24348","HabitNuCoachPortalSuite","DifferentTypeOfDashboards","CoachesPortal.CohortLevelDashboard.DSMEDashboardCoachesPortal","CoachesPortal.CohortLevelDashboard.DSMEDashboardCoachesPortal","test4_Nurture","And user is validating Nurture",""
"passed","Wed Jul 29 00:24:54 UTC 2026","Wed Jul 29 00:24:54 UTC 2026","145","HabitNuCoachPortalSuite","FeatureFlags","CoachesPortal.FeatureFlags","CoachesPortal.FeatureFlags","test2_navigatingadmin","When user is navigating to Admin section ",""
"passed","Wed Jul 29 00:00:01 UTC 2026","Wed Jul 29 00:00:01 UTC 2026","176","HabitNuCoachPortalSuite","GeneralContent","CoachesPortal.generalContent_WEb_Coaches","CoachesPortal.generalContent_WEb_Coaches","printGroupDetails","Printing Group Details",""
"skipped","Tue Jul 28 23:34:06 UTC 2026","Tue Jul 28 23:34:06 UTC 2026","0","HabitNuCoachPortalSuite","Scheduler","CoachesPortal.Schedular","CoachesPortal.Schedular","validateInteractionEntries_UpdatedAt","validateInteractionEntries_UpdatedAt",""
"broken","Tue Jul 28 23:48:17 UTC 2026","Tue Jul 28 23:48:47 UTC 2026","30572","HabitNuCoachPortalSuite","HabitNuCoachesPortalRegression-PartC","CoachesPortal.PatientDetails.PatientProfileHealthProviders","CoachesPortal.PatientDetails.PatientProfileHealthProviders","verifyHealthProvider","verify HealthProvider for Ethylen",""
"broken","Tue Jul 28 23:59:06 UTC 2026","Tue Jul 28 23:59:08 UTC 2026","1151","HabitNuCoachPortalSuite","GroupDPPClassPlanner","CoachesPortal.ClassPlanner","CoachesPortal.ClassPlanner","case31","Login to coach portal -> select the cohort -> Class planner -> Click on Edit (pencil) button -> add the participant -> Done",""
"passed","Tue Jul 28 22:56:06 UTC 2026","Tue Jul 28 22:56:07 UTC 2026","1060","HabitNuCoachPortalSuite","HabitNuCoachesPortalRegression-PartA","CoachesPortal.LearnModule.CustomerAdminCourseDocument","CoachesPortal.LearnModule.CustomerAdminCourseDocument","verifyAddOnlyDiscription","Add Only Discription And verify url and title Required",""
"passed","Tue Jul 28 22:55:40 UTC 2026","Tue Jul 28 22:55:42 UTC 2026","2354","HabitNuCoachPortalSuite","HabitNuCoachesPortalRegression-PartA","CoachesPortal.LearnModule.Learn","CoachesPortal.LearnModule.Learn","editByErasingMessageContent","verify, Please enter message content for email",""
"passed","Wed Jul 29 00:30:59 UTC 2026","Wed Jul 29 00:31:07 UTC 2026","8066","HabitNuCoachPortalSuite","DifferentTypeOfDashboards","CoachesPortal.CohortLevelDashboard.DSMEDashboardCoachesPortal","CoachesPortal.CohortLevelDashboard.DSMEDashboardCoachesPortal","test8_Complete","And user is validating Complete",""
"broken","Wed Jul 29 00:11:45 UTC 2026","Wed Jul 29 00:11:45 UTC 2026","65","HabitNuCoachPortalSuite","UserDashboard","CoachesPortal.PatientDashboard","CoachesPortal.PatientDashboard","patientWeeklyStatus_GroupClasses","test10 > Given I am logged in as coach, when I am on adding groupInteraction from user Interaction tab, Then I should be able to see added interaction count==1 under patientWeeklyStatus_GroupClasses","coach login - user/patient/partcipant dashboard validation"
"passed","Tue Jul 28 23:37:21 UTC 2026","Tue Jul 28 23:37:23 UTC 2026","1693","HabitNuCoachPortalSuite","Paywal","CoachesPortal.payWall","CoachesPortal.payWall","testFilterTransactions","COP-T400: Validate all transaction filters",""
"broken","Wed Jul 29 00:25:05 UTC 2026","Wed Jul 29 00:25:28 UTC 2026","23298","HabitNuCoachPortalSuite","FeatureFlags","CoachesPortal.FeatureFlags","CoachesPortal.FeatureFlags","test12_addrulesforcohort","And user is able to add the rule for cohort level",""
"failed","Tue Jul 28 23:37:25 UTC 2026","Tue Jul 28 23:38:27 UTC 2026","62723","HabitNuCoachPortalSuite","Paywal","CoachesPortal.payWall","CoachesPortal.payWall","testLinkPaymentPlantoProgram","COP-T406: Link Payment Plan to Program",""
"passed","Wed Jul 29 00:31:43 UTC 2026","Wed Jul 29 00:31:43 UTC 2026","45","HabitNuCoachPortalSuite","DifferentTypeOfDashboards","CoachesPortal.CohortLevelDashboard.DSMEDashboardCoachesPortal","CoachesPortal.CohortLevelDashboard.DSMEDashboardCoachesPortal","test17_verifyWeightLossByPatientsWithAllDefaultOption","Verify Weight Loss by Patients Should be selected by dropdownCard with all as default option",""
"passed","Wed Jul 29 00:24:30 UTC 2026","Wed Jul 29 00:24:36 UTC 2026","5798","HabitNuCoachPortalSuite","UserDashboard","CoachesPortal.PatientDashboard","CoachesPortal.PatientDashboard","Last_AFterMeal_Blood_Sugar","test21 > Given I am logged in as admin, wehn I am on Participants dashboard page, when I add bloodsugar AFTER-MEAL type, Then I should be able to see the added data on dashboard card==Last_AfterMeal_Blood_Sugar","admin login - clicking on scheduler should open the scheduler page in coaches portal"
"broken","Tue Jul 28 23:22:50 UTC 2026","Tue Jul 28 23:23:22 UTC 2026","32079","HabitNuCoachPortalSuite","UserActivities","CoachesPortal.PatientDetails.UserActivitiesBloodPressure","CoachesPortal.PatientDetails.UserActivitiesBloodPressure","verifyYesterdayBPDataInCoachesPortal","Add yesterday date blood pressure",""
"passed","Wed Jul 29 00:28:37 UTC 2026","Wed Jul 29 00:28:39 UTC 2026","2280","HabitNuCoachPortalSuite","ParticipationsTable","CoachesPortal.participations","CoachesPortal.participations","test12_searchcohort","And user is able to search the user with cohort name",""
"passed","Tue Jul 28 23:34:00 UTC 2026","Tue Jul 28 23:34:03 UTC 2026","3175","HabitNuCoachPortalSuite","Scheduler","CoachesPortal.Schedular","CoachesPortal.Schedular","validateCreatedMeetingAvailable_for_user","test1 > Given I am logged in as admin, verify meet created by system user is available for users","test1 > Given I am logged in as admin, verify meet created by system user is available for users"
"broken","Tue Jul 28 23:49:54 UTC 2026","Tue Jul 28 23:49:54 UTC 2026","63","HabitNuCoachPortalSuite","LogClassSession","CoachesPortal.LogClassSession","CoachesPortal.LogClassSession","verifyLogClasssessionWithPatient","Verify coach can search for participant in log class session search box",""
"broken","Tue Jul 28 23:50:55 UTC 2026","Tue Jul 28 23:50:56 UTC 2026","77","HabitNuCoachPortalSuite","LogClassSession","CoachesPortal.LogClassSession","CoachesPortal.LogClassSession","verifyDashboardClickParticipant","Verify on Clicking a Searched Participant, it should take to that participant's dashboard",""
"broken","Tue Jul 28 22:58:04 UTC 2026","Tue Jul 28 22:58:25 UTC 2026","20317","HabitNuCoachPortalSuite","HabitNuCoachesPortalRegression-PartB","CoachesPortal.OnsiteUsersListDashboard","CoachesPortal.OnsiteUsersListDashboard","case4","test1 > Given I am logged in as coach, Seach user by name.","test1 > Given I am logged in as coach, Seach user by name."
"passed","Wed Jul 29 00:31:26 UTC 2026","Wed Jul 29 00:31:33 UTC 2026","6833","HabitNuCoachPortalSuite","DifferentTypeOfDashboards","CoachesPortal.CohortLevelDashboard.DSMEDashboardCoachesPortal","CoachesPortal.CohortLevelDashboard.DSMEDashboardCoachesPortal","test10_AddParticipants_danger_text_validations","And user is validating Add participants danger text validations",""
"passed","Tue Jul 28 23:12:11 UTC 2026","Tue Jul 28 23:12:11 UTC 2026","5","HabitNuCoachPortalSuite","HabitNuCoachesPortalRegression-PartB","CoachesPortal.PatientDetails.PatientProfileDemographic","CoachesPortal.PatientDetails.PatientProfileDemographic","updatepreferred_name","test1 > Given I am logged in as coach, preferred_name","test1 > Given I am logged in as coach, preferred_name"
"broken","Tue Jul 28 23:08:23 UTC 2026","Tue Jul 28 23:08:53 UTC 2026","30149","HabitNuCoachPortalSuite","HabitNuCoachesPortalRegression-PartB","CoachesPortal.PatientDetails.PatientProfileDemographic","CoachesPortal.PatientDetails.PatientProfileDemographic","editverifyProgramDetailsWithIsActive","test1 > Given I am logged in as coach, verify cancel and update buttons are present for program details","test1 > Given I am logged in as coach, verify cancel and update buttons are present for program details"
"skipped","Tue Jul 28 23:38:34 UTC 2026","Tue Jul 28 23:38:34 UTC 2026","0","HabitNuCoachPortalSuite","Paywal","CoachesPortal.payWall","CoachesPortal.payWall","testProgramPlanReordering","COP-T420-T423: Verify reordering plans and validate persistence",""
"passed","Tue Jul 28 23:58:15 UTC 2026","Tue Jul 28 23:58:16 UTC 2026","957","HabitNuCoachPortalSuite","GroupDPPClassPlanner","CoachesPortal.ClassPlanner","CoachesPortal.ClassPlanner","case7","Create the TEXT cards under the list",""
"failed","Tue Jul 28 23:14:53 UTC 2026","Tue Jul 28 23:14:57 UTC 2026","3894","HabitNuCoachPortalSuite","HabitNuCoachesPortalRegression-PartB","CoachesPortal.PatientDetails.PatientProfileDemographic","CoachesPortal.PatientDetails.PatientProfileDemographic","updateAndVerifyContactDetails","test1 > Given I am logged in as customer admin, updateAndVerifyContactDetails","test1 > Given I am logged in as customer admin, updateAndVerifyContactDetails"
"passed","Tue Jul 28 23:01:30 UTC 2026","Tue Jul 28 23:01:30 UTC 2026","147","HabitNuCoachPortalSuite","HabitNuCoachesPortalRegression-PartB","CoachesPortal.OnsiteUsersListDashboard","CoachesPortal.OnsiteUsersListDashboard","case20","test1 > Given I am logged in as coach, Clicking on Cohort should navigate to Dashboard.","test1 > Given I am logged in as coach, Clicking on Cohort should navigate to Dashboard."
"passed","Tue Jul 28 23:07:16 UTC 2026","Tue Jul 28 23:07:22 UTC 2026","6346","HabitNuCoachPortalSuite","HabitNuCoachesPortalRegression-PartB","CoachesPortal.PatientDetails.PatientProfileDemographic","CoachesPortal.PatientDetails.PatientProfileDemographic","verifyPersonalDetails","test1 > Given I am logged in as coach, Verify user as Ethelyn in demographic with Personal Details","test1 > Given I am logged in as coach, Verify user as Ethelyn in demographic with Personal Details"
"skipped","Tue Jul 28 23:34:06 UTC 2026","Tue Jul 28 23:34:06 UTC 2026","0","HabitNuCoachPortalSuite","Scheduler","CoachesPortal.Schedular","CoachesPortal.Schedular","joinTheMeeting","joinTheMeeting",""
"passed","Tue Jul 28 23:03:37 UTC 2026","Tue Jul 28 23:03:40 UTC 2026","3066","HabitNuCoachPortalSuite","HabitNuCoachesPortalRegression-PartB","CoachesPortal.OnsiteUsersListDashboard","CoachesPortal.OnsiteUsersListDashboard","case44","test1 > Given I am logged in as customerAdmin, validate disenrolled date on list page","test1 > Given I am logged in as customerAdmin, validate disenrolled date on list page"
"passed","Tue Jul 28 23:33:11 UTC 2026","Tue Jul 28 23:33:20 UTC 2026","8838","HabitNuCoachPortalSuite","Scheduler","CoachesPortal.Schedular","CoachesPortal.Schedular","clickOnSchedular","test1 > Given I am logged in as admin, wehn I click on Scheduler module, Then I should be taken to meeting time slot pick up page","admin login - clicking on scheduler should open the scheduler page in coaches portal"
"passed","Tue Jul 28 23:17:49 UTC 2026","Tue Jul 28 23:17:58 UTC 2026","8870","HabitNuCoachPortalSuite","HabitNuCoachesPortalRegression-PartB","CoachesPortal.PatientDetails.PatientProfileDemographic","CoachesPortal.PatientDetails.PatientProfileDemographic","updateMiddleName","test1 > Given I am logged in as customer admin, Middle Name","test1 > Given I am logged in as customer admin, Middle Name"
"broken","Tue Jul 28 23:57:33 UTC 2026","Tue Jul 28 23:58:04 UTC 2026","30779","HabitNuCoachPortalSuite","LogClassSession","CoachesPortal.LogClassSession","CoachesPortal.LogClassSession","verifylogClassDataonDashboard_WeightHistory","Given coach adds weight for user ABC via log class session, when this user dashboard is opened,  then this weight data should be plotted on weight history graph",""
"passed","Tue Jul 28 23:34:03 UTC 2026","Tue Jul 28 23:34:03 UTC 2026","0","HabitNuCoachPortalSuite","Scheduler","CoachesPortal.Schedular","CoachesPortal.Schedular","validateInteractionEntries_InteractionOn","test1 > Given I am logged in as admin, verify group interaction entries are made automatically when meet is attended for min of 1min > Validating field==InteractionOn","test1 > Given I am logged in as admin, verify group interaction entries are made automatically when meet is attended for min of 1min > Validating field==InteractionOn"
"passed","Tue Jul 28 23:18:23 UTC 2026","Tue Jul 28 23:18:32 UTC 2026","8729","HabitNuCoachPortalSuite","HabitNuCoachesPortalRegression-PartB","CoachesPortal.PatientDetails.PatientProfileDemographic","CoachesPortal.PatientDetails.PatientProfileDemographic","updateSexAtbirth","test1 > Given I am logged in as customer admin, Sex at Birth","test1 > Given I am logged in as customer admin, Sex at Birth"
"broken","Tue Jul 28 23:50:25 UTC 2026","Tue Jul 28 23:50:25 UTC 2026","65","HabitNuCoachPortalSuite","LogClassSession","CoachesPortal.LogClassSession","CoachesPortal.LogClassSession","verify10DaysBackDateInLogClasssessionWithPatient","Given coach is on logclass session page, when 'weight-date==10days back, -PA-delivery Mode' is added, then coach should be able to save log class session for dated which is 10 days old",""
"passed","Tue Jul 28 22:48:37 UTC 2026","Tue Jul 28 22:48:39 UTC 2026","1476","HabitNuCoachPortalSuite","HabitNuCoachesPortalRegression-PartA","CoachesPortal.LearnModule.Learn","CoachesPortal.LearnModule.Learn","verifyAdminModuleIsAvailable","Verify CustomerAdmin can click on admin option from profile Icon",""
"passed","Tue Jul 28 23:35:15 UTC 2026","Tue Jul 28 23:35:17 UTC 2026","1543","HabitNuCoachPortalSuite","Paywal","CoachesPortal.payWall","CoachesPortal.payWall","testCreateMonthlyPaymentPlan","COP-T388: Create Monthly Payment Plan",""
"passed","Tue Jul 28 22:49:32 UTC 2026","Tue Jul 28 22:49:33 UTC 2026","914","HabitNuCoachPortalSuite","HabitNuCoachesPortalRegression-PartA","CoachesPortal.LearnModule.Learn","CoachesPortal.LearnModule.Learn","verifyContentAdded","verifying add content to the course",""
