"Status","Start Time","Stop Time","Duration in ms","Parent Suite","Suite","Sub Suite","Test Class","Test Method","Name","Description"
"passed","Sat Dec 06 21:28:41 UTC 2025","Sat Dec 06 21:28:44 UTC 2025","2698","HabitNuCoachPortalSuite","Paywal","CoachesPortal.payWall","CoachesPortal.payWall","testFilterSubscriptions","COP-T397–399: Validate subscription filters",""
"broken","Sat Dec 06 22:04:26 UTC 2025","Sat Dec 06 22:04:26 UTC 2025","236","HabitNuCoachPortalSuite","DifferentTypeOfDashboards","CoachesPortal.CohortLevelDashboard.OnlineCohortDashboard","CoachesPortal.CohortLevelDashboard.OnlineCohortDashboard","foodCategory_check_with_pastMonth","test1 > Given I am logged in as coach, I am validating online cohort 'foodCategoryGraph - foodCategory_check_with_pastMonth","test1 > Given I am logged in as coach, I am validating online cohort 'foodCategoryGraph - foodCategory_check_with_pastMonth"
"passed","Sat Dec 06 21:45:50 UTC 2025","Sat Dec 06 21:45:50 UTC 2025","191","HabitNuCoachPortalSuite","GroupDPPClassPlanner","CoachesPortal.ClassPlanner","CoachesPortal.ClassPlanner","case15","Cancel the archive pop up",""
"passed","Sat Dec 06 22:06:41 UTC 2025","Sat Dec 06 22:06:51 UTC 2025","9837","HabitNuCoachPortalSuite","DifferentTypeOfDashboards","CoachesPortal.CohortLevelDashboard.OnsiteCohortDashboard","CoachesPortal.CohortLevelDashboard.OnsiteCohortDashboard","fivePercentWeightLossCard","test1 > Given I am logged in as customer admin, I am validating onsite cohort 'dashboard-card=fivePercentWeightLossCardCount","test1 > Given I am logged in as customer admin, I am validating onsite cohort 'dashboard-card=fivePercentWeightLossCardCount"
"passed","Sat Dec 06 22:00:54 UTC 2025","Sat Dec 06 22:00:54 UTC 2025","367","HabitNuCoachPortalSuite","ParticipationsTable","CoachesPortal.participations","CoachesPortal.participations","test10_Validating_viewhistory_with_cohort","And user is validating view history with cohort",""
"broken","Sat Dec 06 21:46:47 UTC 2025","Sat Dec 06 21:46:47 UTC 2025","268","HabitNuCoachPortalSuite","GroupDPPClassPlanner","CoachesPortal.ClassPlanner","CoachesPortal.ClassPlanner","case30","Login to coach portal -> select the cohort -> Class planner -> Click on Edit (pencil) button -> remove the participant -> Done",""
"skipped","Sat Dec 06 21:09:07 UTC 2025","Sat Dec 06 21:09:07 UTC 2025","0","HabitNuCoachPortalSuite","HabitNuCoachesPortalRegression-PartB","CoachesPortal.OnsiteUsersListDashboard","CoachesPortal.OnsiteUsersListDashboard","case33","test1 > Given I am logged in as customerAdmin, validate userList as customerAdmin-Move a user from one cohort to another- cancel scenario.","test1 > Given I am logged in as customerAdmin, validate userList as customerAdmin-Move a user from one cohort to another- cancel scenario."
"skipped","Sat Dec 06 21:09:07 UTC 2025","Sat Dec 06 21:09:07 UTC 2025","0","HabitNuCoachPortalSuite","HabitNuCoachesPortalRegression-PartB","CoachesPortal.OnsiteUsersListDashboard","CoachesPortal.OnsiteUsersListDashboard","case57","test1 > Given I am logged in as customerAdmin, verify milestonecolor==green when user completes registration banner","test1 > Given I am logged in as customerAdmin, verify milestonecolor==green when user completes registration banner"
"skipped","Sat Dec 06 21:09:07 UTC 2025","Sat Dec 06 21:09:07 UTC 2025","1","HabitNuCoachPortalSuite","HabitNuCoachesPortalRegression-PartB","CoachesPortal.OnsiteUsersListDashboard","CoachesPortal.OnsiteUsersListDashboard","case49","test1 > Given I am logged in as customerAdmin, enroll user but click - YES","test1 > Given I am logged in as customerAdmin, enroll user but click - YES"
"passed","Sat Dec 06 21:11:52 UTC 2025","Sat Dec 06 21:12:00 UTC 2025","8543","HabitNuCoachPortalSuite","HabitNuCoachesPortalRegression-PartB","CoachesPortal.PatientDetails.PatientProfileDemographic","CoachesPortal.PatientDetails.PatientProfileDemographic","updateDisenrollmentDetails_with_onlyDisenrolledDateData","test1 > Given I am logged in as customer admin, try updating DisenrollmentDetails with only diseenrolledDate data","test1 > Given I am logged in as customer admin, try updating DisenrollmentDetails with only diseenrolledDate data"
"passed","Sat Dec 06 21:45:43 UTC 2025","Sat Dec 06 21:45:44 UTC 2025","847","HabitNuCoachPortalSuite","GroupDPPClassPlanner","CoachesPortal.ClassPlanner","CoachesPortal.ClassPlanner","case5","Edit the list to class planner",""
"passed","Sat Dec 06 21:39:37 UTC 2025","Sat Dec 06 21:39:37 UTC 2025","109","HabitNuCoachPortalSuite","ProjectPowerDashboard","CoachesPortal.ProjectPowerDashboard","CoachesPortal.ProjectPowerDashboard","verifyOutcomesDashboard","It should display the total number of participants who have achieved 5% weight loss",""
"passed","Sat Dec 06 21:01:12 UTC 2025","Sat Dec 06 21:01:28 UTC 2025","15701","HabitNuCoachPortalSuite","HabitNuCoachesPortalRegression-PartA","CoachesPortal.DirectMessage","CoachesPortal.DirectMessage","sendMessageToCoach","Verify message sent from Web app on Coaches",""
"passed","Sat Dec 06 20:46:55 UTC 2025","Sat Dec 06 20:47:04 UTC 2025","9214","HabitNuCoachPortalSuite","HabitNuCoachesPortalRegression-PartA","CoachesPortal.DiscussionForumPage","CoachesPortal.DiscussionForumPage","case11","test1 > Given I am logged in as coach, I am validating File upload- error","test1 > Given I am logged in as coach, I am validating File upload- error"
"failed","Sat Dec 06 22:08:20 UTC 2025","Sat Dec 06 22:08:22 UTC 2025","2165","HabitNuCoachPortalSuite","DifferentTypeOfDashboards","CoachesPortal.CohortLevelDashboard.OnsiteCohortDashboard","CoachesPortal.CohortLevelDashboard.OnsiteCohortDashboard","foodCategory_carb_contentValidation","test1 > Given I am logged in as customer admin, I am validating onsite cohort 'foodCategoryGraph - foodCategory_carb_contentValidation","test1 > Given I am logged in as customer admin, I am validating onsite cohort 'foodCategoryGraph - foodCategory_carb_contentValidation"
"passed","Sat Dec 06 21:48:55 UTC 2025","Sat Dec 06 21:49:14 UTC 2025","18854","HabitNuCoachPortalSuite","Milestones","CoachesPortal.BPSMMilestone","CoachesPortal.BPSMMilestone","test10_groupinteraction","And user is able to add group interaction with seminar name",""
"failed","Sat Dec 06 22:11:20 UTC 2025","Sat Dec 06 22:15:16 UTC 2025","236001","HabitNuCoachPortalSuite","DifferentTypeOfDashboards","CoachesPortal.CohortLevelDashboard.DSMEDashboardCoachesPortal","CoachesPortal.CohortLevelDashboard.DSMEDashboardCoachesPortal","test3_pending","And user is validating pending",""
"passed","Sat Dec 06 20:44:55 UTC 2025","Sat Dec 06 20:44:55 UTC 2025","39","HabitNuCoachPortalSuite","HabitNuCoachesPortalRegression-PartA","CoachesPortal.LearnModule.CustomerAdminCourseDocument","CoachesPortal.LearnModule.CustomerAdminCourseDocument","verifyAllElementsInCourseDocuments_","Verify all Elements In CourseDocument",""
"passed","Sat Dec 06 20:55:45 UTC 2025","Sat Dec 06 20:55:54 UTC 2025","9350","HabitNuCoachPortalSuite","HabitNuCoachesPortalRegression-PartA","CoachesPortal.DiscussionForumPage","CoachesPortal.DiscussionForumPage","case12","test1 > Given I am logged in as customerAdmin, I am validating File upload- subject only- error.","test1 > Given I am logged in as customerAdmin, I am validating File upload- subject only- error."
"passed","Sat Dec 06 20:44:47 UTC 2025","Sat Dec 06 20:44:54 UTC 2025","6612","HabitNuCoachPortalSuite","HabitNuCoachesPortalRegression-PartA","CoachesPortal.LearnModule.Learn","CoachesPortal.LearnModule.Learn","pushNotifications","verify push  notification settings",""
"passed","Sat Dec 06 20:39:34 UTC 2025","Sat Dec 06 20:39:34 UTC 2025","88","HabitNuCoachPortalSuite","HabitNuCoachesPortalRegression-PartA","CoachesPortal.CohortLevelDashboard.CohortLevelDashboardPage","CoachesPortal.CohortLevelDashboard.CohortLevelDashboardPage","case34","Extracting values of Registered, In cohort, pending users,active users,disenrolled,male/felmale.",""
"passed","Sat Dec 06 21:54:20 UTC 2025","Sat Dec 06 21:54:21 UTC 2025","857","HabitNuCoachPortalSuite","UserDashboard","CoachesPortal.PatientDashboard","CoachesPortal.PatientDashboard","videoActivity","test13 > Given I am logged in as admin, when I am on watching a video by logging into user app, Then I should be able to see watched Video progress data on VideoActivity graph","admin login - user/patient/partcipant dashboard validation"
"passed","Sat Dec 06 21:09:17 UTC 2025","Sat Dec 06 21:09:18 UTC 2025","1054","HabitNuCoachPortalSuite","HabitNuCoachesPortalRegression-PartB","CoachesPortal.PatientDetails.CommunicationLogsCoachesPortal","CoachesPortal.PatientDetails.CommunicationLogsCoachesPortal","verifyCommunicationLogsWithPush","verifyCommunicationLogsWithPush",""
"passed","Sat Dec 06 20:40:25 UTC 2025","Sat Dec 06 20:40:31 UTC 2025","5700","HabitNuCoachPortalSuite","HabitNuCoachesPortalRegression-PartA","CoachesPortal.LearnModule.Learn","CoachesPortal.LearnModule.Learn","accessCourseContentFromCoachesPortal","access the course content to verify",""
"passed","Sat Dec 06 21:57:39 UTC 2025","Sat Dec 06 21:57:46 UTC 2025","6866","HabitNuCoachPortalSuite","UserDashboard","CoachesPortal.PatientDashboard","CoachesPortal.PatientDashboard","bloodPressureHistory","test8 > Given I am logged in as coach, wehn I am on adding bloodpressure from user Dashboard, Then I should be able to see added bloodpressure on bloodpressureHistory graph","coach login - user/patient/partcipant dashboard validation"
"passed","Sat Dec 06 21:46:22 UTC 2025","Sat Dec 06 21:46:24 UTC 2025","2324","HabitNuCoachPortalSuite","GroupDPPClassPlanner","CoachesPortal.ClassPlanner","CoachesPortal.ClassPlanner","case23","Login to coach portal -> select the cohort -> Class planner -> Activate class planner ",""
"passed","Sat Dec 06 20:41:56 UTC 2025","Sat Dec 06 20:42:05 UTC 2025","8617","HabitNuCoachPortalSuite","HabitNuCoachesPortalRegression-PartA","CoachesPortal.LearnModule.Learn","CoachesPortal.LearnModule.Learn","select_content_from_list","filter down course content by Video and assert Pagination",""
"passed","Sat Dec 06 20:51:35 UTC 2025","Sat Dec 06 20:51:39 UTC 2025","4158","HabitNuCoachPortalSuite","HabitNuCoachesPortalRegression-PartA","CoachesPortal.DiscussionForumPage","CoachesPortal.DiscussionForumPage","case14","test1 > Given I am logged in as admin, I am validating File upload-error ","test1 > Given I am logged in as admin, I am validating File upload-error "
"failed","Sat Dec 06 21:09:51 UTC 2025","Sat Dec 06 21:09:52 UTC 2025","757","HabitNuCoachPortalSuite","HabitNuCoachesPortalRegression-PartB","CoachesPortal.PatientDetails.PatientProfileDemographic","CoachesPortal.PatientDetails.PatientProfileDemographic","verifyProgramDetails","test1 > Given I am logged in as coach, Verify user as Ethelyn in demographic with Program Details","test1 > Given I am logged in as coach, Verify user as Ethelyn in demographic with Program Details"
"broken","Sat Dec 06 20:37:23 UTC 2025","Sat Dec 06 20:37:39 UTC 2025","15913","HabitNuCoachPortalSuite","HabitNuCoachesPortalRegression-PartA","CoachesPortal.CohortLevelDashboard.CohortLevelDashboardPage","CoachesPortal.CohortLevelDashboard.CohortLevelDashboardPage","case16","Nutrition Details Displayed Successfully Test Case.",""
"passed","Sat Dec 06 21:42:32 UTC 2025","Sat Dec 06 21:42:32 UTC 2025","18","HabitNuCoachPortalSuite","ProjectPowerDashboard","CoachesPortal.ProjectPowerDashboard","CoachesPortal.ProjectPowerDashboard","verifyDemographicsReferralSource","Demographics page - Referral Source",""
"passed","Sat Dec 06 21:43:29 UTC 2025","Sat Dec 06 21:43:30 UTC 2025","1149","HabitNuCoachPortalSuite","LogClassSession","CoachesPortal.LogClassSection","CoachesPortal.LogClassSection","verifyDashboardClickParticipant","Click On Search Participant",""
"passed","Sat Dec 06 20:46:28 UTC 2025","Sat Dec 06 20:46:30 UTC 2025","1919","HabitNuCoachPortalSuite","HabitNuCoachesPortalRegression-PartA","CoachesPortal.LearnModule.CustomerAdminCourseDocument","CoachesPortal.LearnModule.CustomerAdminCourseDocument","verifyVideoEditAndClose","Video Edit and Close",""
"passed","Sat Dec 06 22:02:50 UTC 2025","Sat Dec 06 22:02:51 UTC 2025","979","HabitNuCoachPortalSuite","DifferentTypeOfDashboards","CoachesPortal.CohortLevelDashboard.OnlineCohortDashboard","CoachesPortal.CohortLevelDashboard.OnlineCohortDashboard","case5","test1 > Given I am logged in as coach, I am validating online cohort 'Weight Loss By Participants validation on graph with 'Added by coach' option","test1 > Given I am logged in as coach, I am validating online cohort 'Weight Loss By Participants validation on graph with 'Added by coach' option"
"passed","Sat Dec 06 21:57:26 UTC 2025","Sat Dec 06 21:57:31 UTC 2025","4932","HabitNuCoachPortalSuite","UserDashboard","CoachesPortal.PatientDashboard","CoachesPortal.PatientDashboard","patientWeeklyStatus_STEPS","test4 > Given I am logged in as coach, wehn I am on adding steps from user Dashboard, Then I should be able to see added exercise steps count==1 under patientWeeklyStatus_STEPS","coach login - user/patient/partcipant dashboard validation"
"broken","Sat Dec 06 22:10:50 UTC 2025","Sat Dec 06 22:10:50 UTC 2025","215","HabitNuCoachPortalSuite","DifferentTypeOfDashboards","CoachesPortal.CohortLevelDashboard.OnsiteCohortDashboard","CoachesPortal.CohortLevelDashboard.OnsiteCohortDashboard","foodCategory_check_with_pastWeek","test1 > Given I am logged in as coach,  I am validating onsite cohort 'foodCategoryGraph - foodCategory_check_with_pastWeek","test1 > Given I am logged in as coach,  I am validating onsite cohort 'foodCategoryGraph - foodCategory_check_with_pastWeek"
"passed","Sat Dec 06 20:44:44 UTC 2025","Sat Dec 06 20:44:47 UTC 2025","2759","HabitNuCoachPortalSuite","HabitNuCoachesPortalRegression-PartA","CoachesPortal.LearnModule.Learn","CoachesPortal.LearnModule.Learn","editByDisablingNotifications","verify inactive notifications",""
"passed","Sat Dec 06 20:45:40 UTC 2025","Sat Dec 06 20:45:48 UTC 2025","8193","HabitNuCoachPortalSuite","HabitNuCoachesPortalRegression-PartA","CoachesPortal.LearnModule.CustomerAdminCourseDocument","CoachesPortal.LearnModule.CustomerAdminCourseDocument","verifyDocumentArchiveCancelAndConfirm","Document Archive Cancel And Confirm",""
"passed","Sat Dec 06 21:47:18 UTC 2025","Sat Dec 06 21:47:41 UTC 2025","22403","HabitNuCoachPortalSuite","GeneralContent","CoachesPortal.generalContent_WEb_Coaches","CoachesPortal.generalContent_WEb_Coaches","case6","Creating tags for Groups",""
"passed","Sat Dec 06 21:57:13 UTC 2025","Sat Dec 06 21:57:19 UTC 2025","5908","HabitNuCoachPortalSuite","UserDashboard","CoachesPortal.PatientDashboard","CoachesPortal.PatientDashboard","bloodSugarHistory","test6 > Given I am logged in as coach, wehn I am on adding bloodsugar from user Dashboard, Then I should be able to see added bloodsugar on bloodSugarHistory graph","coach login - user/patient/partcipant dashboard validation"
"passed","Sat Dec 06 21:46:06 UTC 2025","Sat Dec 06 21:46:07 UTC 2025","128","HabitNuCoachPortalSuite","GroupDPPClassPlanner","CoachesPortal.ClassPlanner","CoachesPortal.ClassPlanner","case19","Click on Unlock button",""
"passed","Sat Dec 06 21:58:21 UTC 2025","Sat Dec 06 21:58:23 UTC 2025","2338","HabitNuCoachPortalSuite","FeatureFlags","CoachesPortal.FeatureFlags","CoachesPortal.FeatureFlags","test9_disableglobally","And user is able to disable the flag globally",""
"passed","Sat Dec 06 21:42:32 UTC 2025","Sat Dec 06 21:42:32 UTC 2025","19","HabitNuCoachPortalSuite","ProjectPowerDashboard","CoachesPortal.ProjectPowerDashboard","CoachesPortal.ProjectPowerDashboard","verifyDemographicsIPAS","Demographics page - Initial Physical Activity Status",""
"passed","Sat Dec 06 21:11:12 UTC 2025","Sat Dec 06 21:11:13 UTC 2025","535","HabitNuCoachPortalSuite","HabitNuCoachesPortalRegression-PartB","CoachesPortal.PatientDetails.PatientProfileDemographic","CoachesPortal.PatientDetails.PatientProfileDemographic","verifyConfirmed_By_CoachYes","test1 > Given I am logged in as coach, verifyConfirmed_By_Coach by clicking on Yes","test1 > Given I am logged in as coach, verifyConfirmed_By_Coach by clicking on Yes"
"broken","Sat Dec 06 21:46:48 UTC 2025","Sat Dec 06 21:46:49 UTC 2025","1244","HabitNuCoachPortalSuite","GroupDPPClassPlanner","CoachesPortal.ClassPlanner","CoachesPortal.ClassPlanner","case32","validate user is able to add notes",""
"passed","Sat Dec 06 21:10:11 UTC 2025","Sat Dec 06 21:10:11 UTC 2025","31","HabitNuCoachPortalSuite","HabitNuCoachesPortalRegression-PartB","CoachesPortal.PatientDetails.PatientProfileDemographic","CoachesPortal.PatientDetails.PatientProfileDemographic","verifyDisenrollmentDetails","test1 > Given I am logged in as coach, verifyDisenrollmentDetails","test1 > Given I am logged in as coach, verifyDisenrollmentDetails"
"passed","Sat Dec 06 20:39:28 UTC 2025","Sat Dec 06 20:39:30 UTC 2025","2210","HabitNuCoachPortalSuite","HabitNuCoachesPortalRegression-PartA","CoachesPortal.CohortLevelDashboard.CohortLevelDashboardPage","CoachesPortal.CohortLevelDashboard.CohortLevelDashboardPage","case32","Racial Breakdown graph- tooltip extraction.",""
"passed","Sat Dec 06 21:42:32 UTC 2025","Sat Dec 06 21:42:32 UTC 2025","129","HabitNuCoachPortalSuite","ProjectPowerDashboard","CoachesPortal.ProjectPowerDashboard","CoachesPortal.ProjectPowerDashboard","verifyDemographicsRacialDistribution","Demographics page - RacialDistribution",""
"passed","Sat Dec 06 21:39:30 UTC 2025","Sat Dec 06 21:39:30 UTC 2025","216","HabitNuCoachPortalSuite","HabitNuCoachesPortalRegression-PartC","CoachesPortal.PatientDetails.PatientProfileHealthProviders","CoachesPortal.PatientDetails.PatientProfileHealthProviders","verifyHealthProvider","verify HealthProvider for Ethylen",""
"passed","Sat Dec 06 22:09:55 UTC 2025","Sat Dec 06 22:09:56 UTC 2025","142","HabitNuCoachPortalSuite","DifferentTypeOfDashboards","CoachesPortal.CohortLevelDashboard.OnsiteCohortDashboard","CoachesPortal.CohortLevelDashboard.OnsiteCohortDashboard","sessionAttendanceGraph","test1 > Given I am logged in as coach, I am validating onsite cohort 'sessionAttendanceGraph","test1 > Given I am logged in as coach, I am validating onsite cohort 'sessionAttendanceGraph"
"passed","Sat Dec 06 20:51:34 UTC 2025","Sat Dec 06 20:51:35 UTC 2025","862","HabitNuCoachPortalSuite","HabitNuCoachesPortalRegression-PartA","CoachesPortal.DiscussionForumPage","CoachesPortal.DiscussionForumPage","verifyFileIsOpenedOnClickingViewButton","test1 > Given I am logged in as admin, I am validating verify file opened on clicking view button","test1 > Given I am logged in as admin, I am validating verify file opened on clicking view button"
"broken","Sat Dec 06 21:47:55 UTC 2025","Sat Dec 06 21:48:05 UTC 2025","10300","HabitNuCoachPortalSuite","GeneralContent","CoachesPortal.generalContent_WEb_Coaches","CoachesPortal.generalContent_WEb_Coaches","case12","Verify Fitness Videos Details Consistency",""
"passed","Sat Dec 06 22:00:18 UTC 2025","Sat Dec 06 22:00:22 UTC 2025","4151","HabitNuCoachPortalSuite","ParticipationsTable","CoachesPortal.participations","CoachesPortal.participations","test1_navigatingcoach","Given user is navigating to coaches portal",""
"passed","Sat Dec 06 22:17:19 UTC 2025","Sat Dec 06 22:17:19 UTC 2025","154","HabitNuCoachPortalSuite","DifferentTypeOfDashboards","CoachesPortal.CohortLevelDashboard.DSMEDashboardCoachesPortal","CoachesPortal.CohortLevelDashboard.DSMEDashboardCoachesPortal","test19_verifyWeightByPatientsWithallPosibleActionsSelection","Verify Weight Loss by Patients dropdown card with possible options selected and verify it's selection",""
"passed","Sat Dec 06 21:11:12 UTC 2025","Sat Dec 06 21:11:12 UTC 2025","6","HabitNuCoachPortalSuite","HabitNuCoachesPortalRegression-PartB","CoachesPortal.PatientDetails.PatientProfileDemographic","CoachesPortal.PatientDetails.PatientProfileDemographic","updateMaritalStatus","test1 > Given I am logged in as coach, Marital Status","test1 > Given I am logged in as coach, Marital Status"
"passed","Sat Dec 06 21:45:12 UTC 2025","Sat Dec 06 21:45:14 UTC 2025","1918","HabitNuCoachPortalSuite","LogClassSession","CoachesPortal.LogClassSection","CoachesPortal.LogClassSection","verifyAddWeightAttendanceDateAndPAAndLFAndMUPOnline","Add weight,attendance date and PA And LF And MUP Online Mode",""
"passed","Sat Dec 06 21:11:05 UTC 2025","Sat Dec 06 21:11:09 UTC 2025","3964","HabitNuCoachPortalSuite","HabitNuCoachesPortalRegression-PartB","CoachesPortal.PatientDetails.PatientProfileDemographic","CoachesPortal.PatientDetails.PatientProfileDemographic","updateAndVerifyCDCDetails","test1 > Given I am logged in as coach, updateAndVerifyCDCDetails","test1 > Given I am logged in as coach, updateAndVerifyCDCDetails"
"passed","Sat Dec 06 22:04:50 UTC 2025","Sat Dec 06 22:04:51 UTC 2025","775","HabitNuCoachPortalSuite","DifferentTypeOfDashboards","CoachesPortal.CohortLevelDashboard.OnlineCohortDashboard","CoachesPortal.CohortLevelDashboard.OnlineCohortDashboard","case6","test1 > Given I am logged in as customer admin, I am validating online cohort 'Weight Loss By Participants validation on graph with 'Added by user' option","test1 > Given I am logged in as customer admin, I am validating online cohort 'Weight Loss By Participants validation on graph with 'Added by user' option"
"passed","Sat Dec 06 21:11:12 UTC 2025","Sat Dec 06 21:11:12 UTC 2025","6","HabitNuCoachPortalSuite","HabitNuCoachesPortalRegression-PartB","CoachesPortal.PatientDetails.PatientProfileDemographic","CoachesPortal.PatientDetails.PatientProfileDemographic","updateethnicity_race_info","test1 > Given I am logged in as coach, ethnicity_race_info","test1 > Given I am logged in as coach, ethnicity_race_info"
"passed","Sat Dec 06 21:58:19 UTC 2025","Sat Dec 06 21:58:19 UTC 2025","120","HabitNuCoachPortalSuite","FeatureFlags","CoachesPortal.FeatureFlags","CoachesPortal.FeatureFlags","test4_validatingadmin_defaultpage","When user is validating to Admin default section ",""
"passed","Sat Dec 06 21:47:49 UTC 2025","Sat Dec 06 21:47:52 UTC 2025","3684","HabitNuCoachPortalSuite","GeneralContent","CoachesPortal.generalContent_WEb_Coaches","CoachesPortal.generalContent_WEb_Coaches","case10","Main Page",""
"broken","Sat Dec 06 21:03:05 UTC 2025","Sat Dec 06 21:03:26 UTC 2025","20769","HabitNuCoachPortalSuite","HabitNuCoachesPortalRegression-PartB","CoachesPortal.OnsiteUsersListDashboard","CoachesPortal.OnsiteUsersListDashboard","case11","test1 > Given I am logged in as coach, Choose Cohort- Form survey- SDOH- No form configured. Please contact admin.","test1 > Given I am logged in as coach, Choose Cohort- Form survey- SDOH- No form configured. Please contact admin."
"passed","Sat Dec 06 21:38:56 UTC 2025","Sat Dec 06 21:38:57 UTC 2025","649","HabitNuCoachPortalSuite","HabitNuCoachesPortalRegression-PartC","CoachesPortal.PatientDetails.PatientProfilePayerType","CoachesPortal.PatientDetails.PatientProfilePayerType","deletePayertype","delete Payertype for Ethylen",""
"passed","Sat Dec 06 21:26:58 UTC 2025","Sat Dec 06 21:26:58 UTC 2025","0","HabitNuCoachPortalSuite","Scheduler","CoachesPortal.Schedular","CoachesPortal.Schedular","validateInteractionEntries_Duration","test1 > Given I am logged in as admin, verify group interaction entries are made automatically when meet is attended for min of 1min > Validating field==Duration","test1 > Given I am logged in as admin, verify group interaction entries are made automatically when meet is attended for min of 1min > Validating field==Duration"
"broken","Sat Dec 06 21:02:34 UTC 2025","Sat Dec 06 21:02:55 UTC 2025","20576","HabitNuCoachPortalSuite","HabitNuCoachesPortalRegression-PartB","CoachesPortal.OnsiteUsersListDashboard","CoachesPortal.OnsiteUsersListDashboard","case9","test1 > Given I am logged in as coach, Form Survey for cohort- Disability.","test1 > Given I am logged in as coach, Form Survey for cohort- Disability."
"failed","Sat Dec 06 22:17:27 UTC 2025","Sat Dec 06 22:21:23 UTC 2025","235896","HabitNuCoachPortalSuite","DifferentTypeOfDashboards","CoachesPortal.CohortLevelDashboard.ParticipantsProgressTracker","CoachesPortal.CohortLevelDashboard.ParticipantsProgressTracker","test2_participants","And user is navigating to participants",""
"passed","Sat Dec 06 20:57:03 UTC 2025","Sat Dec 06 20:57:06 UTC 2025","2137","HabitNuCoachPortalSuite","HabitNuCoachesPortalRegression-PartA","CoachesPortal.DiscussionForumPage","CoachesPortal.DiscussionForumPage","case23","test1 > Given I am logged in as customerAdmin, I am validating Click Delete - Cancel","test1 > Given I am logged in as customerAdmin, I am validating Click Delete - Cancel"
"passed","Sat Dec 06 20:55:54 UTC 2025","Sat Dec 06 20:56:03 UTC 2025","9417","HabitNuCoachPortalSuite","HabitNuCoachesPortalRegression-PartA","CoachesPortal.DiscussionForumPage","CoachesPortal.DiscussionForumPage","case13","test1 > Given I am logged in as customerAdmin, I am validating File upload- description only- success.","test1 > Given I am logged in as customerAdmin, I am validating File upload- description only- success."
"passed","Sat Dec 06 20:44:54 UTC 2025","Sat Dec 06 20:44:54 UTC 2025","847","HabitNuCoachPortalSuite","HabitNuCoachesPortalRegression-PartA","CoachesPortal.LearnModule.CustomerAdminCourseDocument","CoachesPortal.LearnModule.CustomerAdminCourseDocument","verifyCustAdminCourseDocument","Verify Customer Admin Should have CourseDocument",""
"passed","Sat Dec 06 21:54:32 UTC 2025","Sat Dec 06 21:54:38 UTC 2025","6209","HabitNuCoachPortalSuite","UserDashboard","CoachesPortal.PatientDashboard","CoachesPortal.PatientDashboard","Last_AFterMeal_Blood_Sugar","test21 > Given I am logged in as admin, wehn I am on Participants dashboard page, when I add bloodsugar AFTER-MEAL type, Then I should be able to see the added data on dashboard card==Last_AfterMeal_Blood_Sugar","admin login - clicking on scheduler should open the scheduler page in coaches portal"
"passed","Sat Dec 06 21:48:18 UTC 2025","Sat Dec 06 21:48:19 UTC 2025","400","HabitNuCoachPortalSuite","GeneralContent","CoachesPortal.generalContent_WEb_Coaches","CoachesPortal.generalContent_WEb_Coaches","RedirectToWebForDelete","Redirecting To Web page for delete validation",""
"passed","Sat Dec 06 21:11:12 UTC 2025","Sat Dec 06 21:11:12 UTC 2025","6","HabitNuCoachPortalSuite","HabitNuCoachesPortalRegression-PartB","CoachesPortal.PatientDetails.PatientProfileDemographic","CoachesPortal.PatientDetails.PatientProfileDemographic","updatelastName","test1 > Given I am logged in as coach, Last Name","test1 > Given I am logged in as coach, Last Name"
"passed","Sat Dec 06 22:05:25 UTC 2025","Sat Dec 06 22:05:25 UTC 2025","73","HabitNuCoachPortalSuite","DifferentTypeOfDashboards","CoachesPortal.CohortLevelDashboard.OnlineCohortDashboard","CoachesPortal.CohortLevelDashboard.OnlineCohortDashboard","coachName","test1 > Given I am logged in as customer admin, I am validating online cohort 'dashboard-card=coachName","test1 > Given I am logged in as customer admin, I am validating online cohort 'dashboard-card=coachName"
"passed","Sat Dec 06 22:07:05 UTC 2025","Sat Dec 06 22:07:12 UTC 2025","7218","HabitNuCoachPortalSuite","DifferentTypeOfDashboards","CoachesPortal.CohortLevelDashboard.OnsiteCohortDashboard","CoachesPortal.CohortLevelDashboard.OnsiteCohortDashboard","case7","test1 > Given I am logged in as customer admin, I am validating onsite cohort 'Weight Loss By Participants validation on graph with ALL option, when user adds weightt","test1 > Given I am logged in as customer admin, I am validating onsite cohort 'Weight Loss By Participants validation on graph with ALL option, when user adds weightt"
"passed","Sat Dec 06 21:48:48 UTC 2025","Sat Dec 06 21:48:49 UTC 2025","1168","HabitNuCoachPortalSuite","Milestones","CoachesPortal.BPSMMilestone","CoachesPortal.BPSMMilestone","test5_validating_Headers","And user is validating headers",""
"passed","Sat Dec 06 20:51:05 UTC 2025","Sat Dec 06 20:51:06 UTC 2025","787","HabitNuCoachPortalSuite","HabitNuCoachesPortalRegression-PartA","CoachesPortal.DiscussionForumPage","CoachesPortal.DiscussionForumPage","case10","test1 > Given I am logged in as admin, I am validating post comment-success.","test1 > Given I am logged in as admin, I am validating post comment-success."
"passed","Sat Dec 06 21:43:00 UTC 2025","Sat Dec 06 21:43:00 UTC 2025","254","HabitNuCoachPortalSuite","LoginPageCases","CoachesPortal.LoginPageCases","CoachesPortal.LoginPageCases","case13","Coaches Portal Feedback URL -> Add valid email address -> Keep other fields empty -> Click on submit feedback",""
"passed","Sat Dec 06 21:11:12 UTC 2025","Sat Dec 06 21:11:12 UTC 2025","120","HabitNuCoachPortalSuite","HabitNuCoachesPortalRegression-PartB","CoachesPortal.PatientDetails.PatientProfileDemographic","CoachesPortal.PatientDetails.PatientProfileDemographic","testDropdownOptions","test1 > Given I am logged in as coach, testDropdownOptions","test1 > Given I am logged in as coach, testDropdownOptions"
"passed","Sat Dec 06 21:54:21 UTC 2025","Sat Dec 06 21:54:26 UTC 2025","4422","HabitNuCoachPortalSuite","UserDashboard","CoachesPortal.PatientDashboard","CoachesPortal.PatientDashboard","patientVWeeklyStatusVideo_when_100_percentWatched","test15 > Given I am logged in as admin, when I am on watching a video completely by logging into user app, Then I should be able to see watched Video count==1 under patientVWeeklyStatusVideo","admin login - user/patient/partcipant dashboard validation"
"passed","Sat Dec 06 21:48:50 UTC 2025","Sat Dec 06 21:48:53 UTC 2025","2072","HabitNuCoachPortalSuite","Milestones","CoachesPortal.BPSMMilestone","CoachesPortal.BPSMMilestone","test7_validating_BPSMHeaders_data","And user is validating to BPSmHeaders data by clicking arrow button",""
"broken","Sat Dec 06 21:03:26 UTC 2025","Sat Dec 06 21:03:27 UTC 2025","1293","HabitNuCoachPortalSuite","HabitNuCoachesPortalRegression-PartB","CoachesPortal.OnsiteUsersListDashboard","CoachesPortal.OnsiteUsersListDashboard","case13","test1 > Given I am logged in as coach, Click on +, wait till all elements are displayed and then validate.","test1 > Given I am logged in as coach, Click on +, wait till all elements are displayed and then validate."
"passed","Sat Dec 06 20:39:34 UTC 2025","Sat Dec 06 20:39:34 UTC 2025","255","HabitNuCoachPortalSuite","HabitNuCoachesPortalRegression-PartA","CoachesPortal.LearnModule.Learn","CoachesPortal.LearnModule.Learn","verifyAdminModuleIsAvailable","Verify CustomerAdmin can click on admin option from profile Icon",""
"passed","Sat Dec 06 20:52:33 UTC 2025","Sat Dec 06 20:52:34 UTC 2025","888","HabitNuCoachPortalSuite","HabitNuCoachesPortalRegression-PartA","CoachesPortal.DiscussionForumPage","CoachesPortal.DiscussionForumPage","case21","test1 > Given I am logged in as admin, I am validating Edit Post-Remove File.","test1 > Given I am logged in as admin, I am validating Edit Post-Remove File."
"passed","Sat Dec 06 20:59:54 UTC 2025","Sat Dec 06 20:59:55 UTC 2025","1171","HabitNuCoachPortalSuite","HabitNuCoachesPortalRegression-PartA","CoachesPortal.DirectMessage","CoachesPortal.DirectMessage","searchParticipantByFirstName_who_is_notPartOfthisCohort","Search participant by firstName who is not part of this cohort",""
"failed","Sat Dec 06 22:03:04 UTC 2025","Sat Dec 06 22:03:04 UTC 2025","229","HabitNuCoachPortalSuite","DifferentTypeOfDashboards","CoachesPortal.CohortLevelDashboard.OnlineCohortDashboard","CoachesPortal.CohortLevelDashboard.OnlineCohortDashboard","male_female_card_withUdate_to_male","test1 > Given I am logged in as coach, I am validating online cohort 'dashboard-card=male_female_card_withUdate_to_male","test1 > Given I am logged in as coach, I am validating online cohort 'dashboard-card=male_female_card_withUdate_to_male"
"broken","Sat Dec 06 22:04:25 UTC 2025","Sat Dec 06 22:04:26 UTC 2025","256","HabitNuCoachPortalSuite","DifferentTypeOfDashboards","CoachesPortal.CohortLevelDashboard.OnlineCohortDashboard","CoachesPortal.CohortLevelDashboard.OnlineCohortDashboard","foodCategory_check_with_pastWeek","test1 > Given I am logged in as coach, I am validating online cohort 'foodCategoryGraph - foodCategory_check_with_pastWeek","test1 > Given I am logged in as coach, I am validating online cohort 'foodCategoryGraph - foodCategory_check_with_pastWeek"
"passed","Sat Dec 06 21:54:20 UTC 2025","Sat Dec 06 21:54:20 UTC 2025","75","HabitNuCoachPortalSuite","UserDashboard","CoachesPortal.PatientDashboard","CoachesPortal.PatientDashboard","patientWeeklyStatus_Meals","test11 > Given I am logged in as admin, when I am on adding Meal by logging into user app, Then I should be able to see added Meal count==1 under patientWeeklyStatus_Meals","admin login - user/patient/partcipant dashboard validation"
"failed","Sat Dec 06 22:07:14 UTC 2025","Sat Dec 06 22:07:14 UTC 2025","246","HabitNuCoachPortalSuite","DifferentTypeOfDashboards","CoachesPortal.CohortLevelDashboard.OnsiteCohortDashboard","CoachesPortal.CohortLevelDashboard.OnsiteCohortDashboard","male_female_card_withUdate_to_male","test1 > Given I am logged in as customer admin, I am validating onsite cohort 'dashboard-card=male_female_card_withUdate_to_male","test1 > Given I am logged in as customer admin, I am validating onsite cohort 'dashboard-card=male_female_card_withUdate_to_male"
"broken","Sat Dec 06 21:04:15 UTC 2025","Sat Dec 06 21:04:35 UTC 2025","20565","HabitNuCoachPortalSuite","HabitNuCoachesPortalRegression-PartB","CoachesPortal.OnsiteUsersListDashboard","CoachesPortal.OnsiteUsersListDashboard","case17","test1 > Given I am logged in as coach, Enter call details from list section using headset button","test1 > Given I am logged in as coach, Enter call details from list section using headset button"
"passed","Sat Dec 06 20:45:35 UTC 2025","Sat Dec 06 20:45:36 UTC 2025","493","HabitNuCoachPortalSuite","HabitNuCoachesPortalRegression-PartA","CoachesPortal.LearnModule.CustomerAdminCourseDocument","CoachesPortal.LearnModule.CustomerAdminCourseDocument","verifyDocumentEditAndClose","Document Edit and Close",""
"passed","Sat Dec 06 22:02:34 UTC 2025","Sat Dec 06 22:02:41 UTC 2025","7047","HabitNuCoachPortalSuite","DifferentTypeOfDashboards","CoachesPortal.CohortLevelDashboard.OnlineCohortDashboard","CoachesPortal.CohortLevelDashboard.OnlineCohortDashboard","disenrolledCard","test1 > Given I am logged in as coach, I am validating online cohort 'dashboard-card=DisenrolledCount","test1 > Given I am logged in as coach, I am validating online cohort 'dashboard-card=DisenrolledCount"
"passed","Sat Dec 06 21:12:21 UTC 2025","Sat Dec 06 21:12:21 UTC 2025","24","HabitNuCoachPortalSuite","HabitNuCoachesPortalRegression-PartB","CoachesPortal.PatientDetails.PatientProfileDemographic","CoachesPortal.PatientDetails.PatientProfileDemographic","verifyScaleOrderDetails","test1 > Given I am logged in as customer admin, verifyScaleOrderDetails","test1 > Given I am logged in as customer admin, verifyScaleOrderDetails"
"passed","Sat Dec 06 20:40:19 UTC 2025","Sat Dec 06 20:40:20 UTC 2025","1355","HabitNuCoachPortalSuite","HabitNuCoachesPortalRegression-PartA","CoachesPortal.LearnModule.Learn","CoachesPortal.LearnModule.Learn","verifyContentAdded","verifying add content to the course",""
"passed","Sat Dec 06 20:39:02 UTC 2025","Sat Dec 06 20:39:04 UTC 2025","2106","HabitNuCoachPortalSuite","HabitNuCoachesPortalRegression-PartA","CoachesPortal.CohortLevelDashboard.CohortLevelDashboardPage","CoachesPortal.CohortLevelDashboard.CohortLevelDashboardPage","case24","Click on participant in the attendance graph- should navigate to dashboard.",""
"passed","Sat Dec 06 22:25:25 UTC 2025","Sat Dec 06 22:25:30 UTC 2025","5145","HabitNuCoachPortalSuite","DifferentTypeOfCohorts","CoachesPortal.connectCohorts","CoachesPortal.connectCohorts","case1","test1 > Given I am logged in as admin, I am validating connect cohorts modules","test1 > Given I am logged in as admin, I am validating connect cohorts modules"
"passed","Sat Dec 06 21:27:37 UTC 2025","Sat Dec 06 21:27:42 UTC 2025","4186","HabitNuCoachPortalSuite","Paywal","CoachesPortal.payWall","CoachesPortal.payWall","testPublishAnnualPaymentPlan","COP-T390B: Publish the Annual Payment Plan",""
"passed","Sat Dec 06 22:00:14 UTC 2025","Sat Dec 06 22:00:14 UTC 2025","81","HabitNuCoachPortalSuite","FeatureFlags","CoachesPortal.FeatureFlags","CoachesPortal.FeatureFlags","test22_deleteuser","delete rule",""
"broken","Sat Dec 06 21:21:24 UTC 2025","Sat Dec 06 21:21:45 UTC 2025","20580","HabitNuCoachPortalSuite","Scheduler","CoachesPortal.Schedular","CoachesPortal.Schedular","viewAppointment","test5 >  Given I am logged in as coach, and on time slot page, When I click on created appointment, Then I should be able to view the appointment","coach login - User should be able to view appointment"
"passed","Sat Dec 06 21:47:48 UTC 2025","Sat Dec 06 21:47:49 UTC 2025","1048","HabitNuCoachPortalSuite","GeneralContent","CoachesPortal.generalContent_WEb_Coaches","CoachesPortal.generalContent_WEb_Coaches","RedirectToWeb","Redirecting To Web page",""
"passed","Sat Dec 06 21:42:55 UTC 2025","Sat Dec 06 21:42:58 UTC 2025","2767","HabitNuCoachPortalSuite","LoginPageCases","CoachesPortal.LoginPageCases","CoachesPortal.LoginPageCases","testLoginWithInvalidEmailAndValidPassword","try login with invalid email and valid password",""
"passed","Sat Dec 06 22:09:19 UTC 2025","Sat Dec 06 22:09:19 UTC 2025","756","HabitNuCoachPortalSuite","DifferentTypeOfDashboards","CoachesPortal.CohortLevelDashboard.OnsiteCohortDashboard","CoachesPortal.CohortLevelDashboard.OnsiteCohortDashboard","case9","test1 > Given I am logged in as coach, I am validating onsite cohort 'Weight Loss By Participants validation on graph with 'Added by coach' option, when user adds weight","test1 > Given I am logged in as coach, I am validating onsite cohort 'Weight Loss By Participants validation on graph with 'Added by coach' option, when user adds weight"
"passed","Sat Dec 06 21:53:32 UTC 2025","Sat Dec 06 21:53:41 UTC 2025","8775","HabitNuCoachPortalSuite","UserDashboard","CoachesPortal.PatientDashboard","CoachesPortal.PatientDashboard","goToUserDashboard","test1 > Given I am logged in as admin, wehn I click on Participants module, Then I should be taken to users/participants list page, when I click on a user, Then I should be taken to user dashboard","admin login - clicking on scheduler should open the scheduler page in coaches portal"
"passed","Sat Dec 06 21:43:17 UTC 2025","Sat Dec 06 21:43:18 UTC 2025","1012","HabitNuCoachPortalSuite","LogClassSession","CoachesPortal.LogClassSection","CoachesPortal.LogClassSection","verifyLogClassSectionWithPatient","Verify Log Class Section With Patient",""
"passed","Sat Dec 06 21:48:31 UTC 2025","Sat Dec 06 21:48:36 UTC 2025","4636","HabitNuCoachPortalSuite","Milestones","CoachesPortal.MilestoneModule.SoleraIBCorNDPP","CoachesPortal.MilestoneModule.SoleraIBCorNDPP","test1","Given I am logged into the coaches portal as an admin, When I select a non-DSME cohort, Then I should see the milestone module, And when I click on it, I should be navigated to the IBC/NDPP milestone section",""
"skipped","Sat Dec 06 21:09:07 UTC 2025","Sat Dec 06 21:09:07 UTC 2025","0","HabitNuCoachPortalSuite","HabitNuCoachesPortalRegression-PartB","CoachesPortal.OnsiteUsersListDashboard","CoachesPortal.OnsiteUsersListDashboard","case54","test1 > Given I am logged in as customerAdmin, verify milestone tooltiptext after participant just register and login to app and do not fill the banner","test1 > Given I am logged in as customerAdmin, verify milestone tooltiptext after participant just register and login to app and do not fill the banner"
"passed","Sat Dec 06 21:32:26 UTC 2025","Sat Dec 06 21:32:26 UTC 2025","50","HabitNuCoachPortalSuite","Paywal","CoachesPortal.payWall","CoachesPortal.payWall","testPlanConsistencyAcrossSystems","COP-T419: Validate plan details consistency across systems",""
"passed","Sat Dec 06 21:45:14 UTC 2025","Sat Dec 06 21:45:16 UTC 2025","1841","HabitNuCoachPortalSuite","LogClassSession","CoachesPortal.LogClassSection","CoachesPortal.LogClassSection","verifyAddWeightAttendanceDateAndPAAndLFAndMUPIn_Person","Add weight,attendance date and PA And LF And MUP In Person Mode",""
"passed","Sat Dec 06 21:43:18 UTC 2025","Sat Dec 06 21:43:19 UTC 2025","793","HabitNuCoachPortalSuite","LogClassSession","CoachesPortal.LogClassSection","CoachesPortal.LogClassSection","addDataLogClassSectionWithPatient","Add data in Log Class Section With Patient",""
"passed","Sat Dec 06 21:26:58 UTC 2025","Sat Dec 06 21:26:58 UTC 2025","0","HabitNuCoachPortalSuite","Scheduler","CoachesPortal.Schedular","CoachesPortal.Schedular","validateInteractionEntries_SessionName","test1 > Given I am logged in as admin, verify group interaction entries are made automatically when meet is attended for min of 1min > Validating field==SessionName","test1 > Given I am logged in as admin, verify group interaction entries are made automatically when meet is attended for min of 1min > Validating field==SessionName"
"passed","Sat Dec 06 21:54:43 UTC 2025","Sat Dec 06 21:54:48 UTC 2025","5226","HabitNuCoachPortalSuite","UserDashboard","CoachesPortal.PatientDashboard","CoachesPortal.PatientDashboard","Last_Fasting_Blood_Sugar","test19 > Given I am logged in as admin, wehn I am on Participants dashboard page, when I add bloodsugar FASTING type, Then I should be able to see the added data on dashboard card==Last_Fasting_Blood_Sugar","admin login - clicking on scheduler should open the scheduler page in coaches portal"
"passed","Sat Dec 06 21:11:17 UTC 2025","Sat Dec 06 21:11:23 UTC 2025","5272","HabitNuCoachPortalSuite","HabitNuCoachesPortalRegression-PartB","CoachesPortal.PatientDetails.PatientProfileDemographic","CoachesPortal.PatientDetails.PatientProfileDemographic","verifyPersonalDetails","test1 > Given I am logged in as customer admin, Verify user as Ethelyn in demographic with Personal Details","test1 > Given I am logged in as customer admin, Verify user as Ethelyn in demographic with Personal Details"
"passed","Sat Dec 06 21:46:29 UTC 2025","Sat Dec 06 21:46:33 UTC 2025","3777","HabitNuCoachPortalSuite","GroupDPPClassPlanner","CoachesPortal.ClassPlanner","CoachesPortal.ClassPlanner","case25","Edit (lock)button of class planner in cohort by adding new card",""
"passed","Sat Dec 06 20:59:48 UTC 2025","Sat Dec 06 20:59:49 UTC 2025","185","HabitNuCoachPortalSuite","HabitNuCoachesPortalRegression-PartA","CoachesPortal.DirectMessage","CoachesPortal.DirectMessage","it_should_open_the_pop_up_Private_Post","It should open the pop up Private Post",""
"passed","Sat Dec 06 20:56:04 UTC 2025","Sat Dec 06 20:56:09 UTC 2025","4154","HabitNuCoachPortalSuite","HabitNuCoachesPortalRegression-PartA","CoachesPortal.DiscussionForumPage","CoachesPortal.DiscussionForumPage","case14","test1 > Given I am logged in as customerAdmin, I am validating File upload-error ","test1 > Given I am logged in as customerAdmin, I am validating File upload-error "
"passed","Sat Dec 06 21:39:37 UTC 2025","Sat Dec 06 21:39:37 UTC 2025","132","HabitNuCoachPortalSuite","ProjectPowerDashboard","CoachesPortal.ProjectPowerDashboard","CoachesPortal.ProjectPowerDashboard","verifyCumulative_EnrollmentGraphPresence","It should display the graph of enrollment of participants on monthly basis",""
"passed","Sat Dec 06 21:43:11 UTC 2025","Sat Dec 06 21:43:15 UTC 2025","4244","HabitNuCoachPortalSuite","LogClassSession","CoachesPortal.LogClassSection","CoachesPortal.LogClassSection","validateLogClassSessionAvailibility","Verify Log Class Section is available only for programDeliveryType==Onsite",""
"passed","Sat Dec 06 21:39:09 UTC 2025","Sat Dec 06 21:39:28 UTC 2025","19175","HabitNuCoachPortalSuite","HabitNuCoachesPortalRegression-PartC","CoachesPortal.PatientDetails.PatientProfileHealthProviders","CoachesPortal.PatientDetails.PatientProfileHealthProviders","verifyAddHealthProviderDetails","Add HealthProvider of Ethlen",""
"passed","Sat Dec 06 21:39:36 UTC 2025","Sat Dec 06 21:39:36 UTC 2025","18","HabitNuCoachPortalSuite","ProjectPowerDashboard","CoachesPortal.ProjectPowerDashboard","CoachesPortal.ProjectPowerDashboard","verifyLEADS","go to coaches portal - Project Power-verify Leads",""
"passed","Sat Dec 06 21:54:26 UTC 2025","Sat Dec 06 21:54:31 UTC 2025","5250","HabitNuCoachPortalSuite","UserDashboard","CoachesPortal.PatientDashboard","CoachesPortal.PatientDashboard","habitCard_Done","test17 > Given I am logged in as admin, when I am on updating with a habit for the user to DONE, Then I should be able to see updated habit as 'DONE' on Habits graph","admin login - user/patient/partcipant dashboard validation"
"passed","Sat Dec 06 21:48:19 UTC 2025","Sat Dec 06 21:48:21 UTC 2025","2200","HabitNuCoachPortalSuite","GeneralContent","CoachesPortal.generalContent_WEb_Coaches","CoachesPortal.generalContent_WEb_Coaches","validateDeleteinWeb","Validate Delete in Web Main Page",""
"passed","Sat Dec 06 21:12:25 UTC 2025","Sat Dec 06 21:12:29 UTC 2025","3988","HabitNuCoachPortalSuite","HabitNuCoachesPortalRegression-PartB","CoachesPortal.PatientDetails.PatientProfileDemographic","CoachesPortal.PatientDetails.PatientProfileDemographic","updateAndVerifyCDCDetails","test1 > Given I am logged in as customer admin, updateAndVerifyCDCDetails","test1 > Given I am logged in as customer admin, updateAndVerifyCDCDetails"
"passed","Sat Dec 06 20:40:31 UTC 2025","Sat Dec 06 20:40:32 UTC 2025","1646","HabitNuCoachPortalSuite","HabitNuCoachesPortalRegression-PartA","CoachesPortal.LearnModule.Learn","CoachesPortal.LearnModule.Learn","addCourseToTheProgram","adding  the course to the program",""
"failed","Sat Dec 06 20:41:04 UTC 2025","Sat Dec 06 20:41:05 UTC 2025","513","HabitNuCoachPortalSuite","HabitNuCoachesPortalRegression-PartA","CoachesPortal.LearnModule.Learn","CoachesPortal.LearnModule.Learn","courseProgressUnderUserTab","check course tab from main dashboard",""
"passed","Sat Dec 06 22:04:42 UTC 2025","Sat Dec 06 22:04:49 UTC 2025","6981","HabitNuCoachPortalSuite","DifferentTypeOfDashboards","CoachesPortal.CohortLevelDashboard.OnlineCohortDashboard","CoachesPortal.CohortLevelDashboard.OnlineCohortDashboard","fivePercentWeightLossCard","test1 > Given I am logged in as customer admin, I am validating online cohort 'dashboard-card=fivePercentWeightLossCardCount","test1 > Given I am logged in as customer admin, I am validating online cohort 'dashboard-card=fivePercentWeightLossCardCount"
"skipped","Sat Dec 06 21:09:07 UTC 2025","Sat Dec 06 21:09:07 UTC 2025","0","HabitNuCoachPortalSuite","HabitNuCoachesPortalRegression-PartB","CoachesPortal.OnsiteUsersListDashboard","CoachesPortal.OnsiteUsersListDashboard","case58","test1 > Given I am logged in as customerAdmin, verify milestonecolor==green when user completes registration banner and verifies address","test1 > Given I am logged in as customerAdmin, verify milestonecolor==green when user completes registration banner and verifies address"
"passed","Sat Dec 06 21:42:30 UTC 2025","Sat Dec 06 21:42:32 UTC 2025","1136","HabitNuCoachPortalSuite","ProjectPowerDashboard","CoachesPortal.ProjectPowerDashboard","CoachesPortal.ProjectPowerDashboard","verifySDOHPage_Referral_code","SDOH page - It should display the count of participants of Education",""
"failed","Sat Dec 06 20:59:45 UTC 2025","Sat Dec 06 20:59:45 UTC 2025","394","HabitNuCoachPortalSuite","HabitNuCoachesPortalRegression-PartA","CoachesPortal.DirectMessage","CoachesPortal.DirectMessage","verify_emptyChatlist_state","No messages are sent or received",""
"passed","Sat Dec 06 21:15:26 UTC 2025","Sat Dec 06 21:15:37 UTC 2025","10972","HabitNuCoachPortalSuite","HabitNuCoachesPortalRegression-PartB","CoachesPortal.PatientDetails.UserActivitiesBloodSugar","CoachesPortal.PatientDetails.UserActivitiesBloodSugar","verifyandAddCurrentDateBloodSugar","Verify user as Ethelyn in useractivities tab and add current date blood sugar",""
"passed","Sat Dec 06 22:21:23 UTC 2025","Sat Dec 06 22:22:24 UTC 2025","60390","HabitNuCoachPortalSuite","DifferentTypeOfDashboards","CoachesPortal.CohortLevelDashboard.ParticipantsProgressTracker","CoachesPortal.CohortLevelDashboard.ParticipantsProgressTracker","test3_participants_filter_actions_options","And user is navigating to participants",""
"passed","Sat Dec 06 20:52:27 UTC 2025","Sat Dec 06 20:52:33 UTC 2025","5856","HabitNuCoachPortalSuite","HabitNuCoachesPortalRegression-PartA","CoachesPortal.DiscussionForumPage","CoachesPortal.DiscussionForumPage","case20","test1 > Given I am logged in as admin, I am validating Edit Post- Upload File","test1 > Given I am logged in as admin, I am validating Edit Post- Upload File"
"passed","Sat Dec 06 20:41:19 UTC 2025","Sat Dec 06 20:41:36 UTC 2025","16872","HabitNuCoachPortalSuite","HabitNuCoachesPortalRegression-PartA","CoachesPortal.LearnModule.Learn","CoachesPortal.LearnModule.Learn","verifyFromCoachesEndAfterCourseisRemoved","verify from coaches portal after course has been removed",""
"skipped","Sat Dec 06 21:09:07 UTC 2025","Sat Dec 06 21:09:07 UTC 2025","2","HabitNuCoachPortalSuite","HabitNuCoachesPortalRegression-PartB","CoachesPortal.OnsiteUsersListDashboard","CoachesPortal.OnsiteUsersListDashboard","case55","test1 > Given I am logged in as customerAdmin, verify milestonecolor==green when coach updates 'confirm By participant' to true","test1 > Given I am logged in as customerAdmin, verify milestonecolor==green when coach updates 'confirm By participant' to true"
"passed","Sat Dec 06 21:01:28 UTC 2025","Sat Dec 06 21:01:31 UTC 2025","3065","HabitNuCoachPortalSuite","HabitNuCoachesPortalRegression-PartA","CoachesPortal.DirectMessage","CoachesPortal.DirectMessage","message_div_colorCode_afterMessageSent","Verify deleting message box",""
"passed","Sat Dec 06 20:44:23 UTC 2025","Sat Dec 06 20:44:32 UTC 2025","8367","HabitNuCoachPortalSuite","HabitNuCoachesPortalRegression-PartA","CoachesPortal.LearnModule.Learn","CoachesPortal.LearnModule.Learn","configNofifications","verify list of default list notifications",""
"passed","Sat Dec 06 21:46:33 UTC 2025","Sat Dec 06 21:46:43 UTC 2025","9855","HabitNuCoachPortalSuite","GroupDPPClassPlanner","CoachesPortal.ClassPlanner","CoachesPortal.ClassPlanner","case26","Edit (lock)button of class planner in cohort by editing card from user dashboard",""
"passed","Sat Dec 06 22:00:24 UTC 2025","Sat Dec 06 22:00:38 UTC 2025","13981","HabitNuCoachPortalSuite","ParticipationsTable","CoachesPortal.participations","CoachesPortal.participations","test6_validatingparticipations","And user is validating paricipations section",""
"passed","Sat Dec 06 21:31:59 UTC 2025","Sat Dec 06 21:32:26 UTC 2025","26645","HabitNuCoachPortalSuite","Paywal","CoachesPortal.payWall","CoachesPortal.payWall","testMultiplePlansLinkedToProgram","COP-T412: Validate multiple plans linked to a program",""
"passed","Sat Dec 06 21:45:45 UTC 2025","Sat Dec 06 21:45:46 UTC 2025","1210","HabitNuCoachPortalSuite","GroupDPPClassPlanner","CoachesPortal.ClassPlanner","CoachesPortal.ClassPlanner","case8","Create the DOCUMENT cards under the list",""
"failed","Sat Dec 06 22:24:45 UTC 2025","Sat Dec 06 22:25:15 UTC 2025","30442","HabitNuCoachPortalSuite","DifferentTypeOfDashboards","CoachesPortal.CohortLevelDashboard.ParticipantsProgressTracker","CoachesPortal.CohortLevelDashboard.ParticipantsProgressTracker","test7_Session","And user is able to search the users",""
"broken","Sat Dec 06 21:17:24 UTC 2025","Sat Dec 06 21:17:46 UTC 2025","22565","HabitNuCoachPortalSuite","HabitNuCoachesPortalRegression-PartB","CoachesPortal.PatientDetails.UserActivitiesTobacco","CoachesPortal.PatientDetails.UserActivitiesTobacco","verifyYesterdayBPDataInCoachesPortal","Add yesterday date tobacoo",""
"passed","Sat Dec 06 20:45:20 UTC 2025","Sat Dec 06 20:45:24 UTC 2025","3794","HabitNuCoachPortalSuite","HabitNuCoachesPortalRegression-PartA","CoachesPortal.LearnModule.CustomerAdminCourseDocument","CoachesPortal.LearnModule.CustomerAdminCourseDocument","verifyAddDocumentTitleRequired","Add Title Required",""
"passed","Sat Dec 06 21:43:04 UTC 2025","Sat Dec 06 21:43:04 UTC 2025","225","HabitNuCoachPortalSuite","LoginPageCases","CoachesPortal.LoginPageCases","CoachesPortal.LoginPageCases","case17","Coaches Portal Login URL -> Click on terms of use",""
"passed","Sat Dec 06 21:28:59 UTC 2025","Sat Dec 06 21:29:01 UTC 2025","1777","HabitNuCoachPortalSuite","Paywal","CoachesPortal.payWall","CoachesPortal.payWall","testFilterTransactions","COP-T400: Validate all transaction filters",""
"failed","Sat Dec 06 22:05:04 UTC 2025","Sat Dec 06 22:05:04 UTC 2025","228","HabitNuCoachPortalSuite","DifferentTypeOfDashboards","CoachesPortal.CohortLevelDashboard.OnlineCohortDashboard","CoachesPortal.CohortLevelDashboard.OnlineCohortDashboard","male_female_card_withUdate_to_male","test1 > Given I am logged in as customer admin, I am validating online cohort 'dashboard-card=male_female_card_withUdate_to_male","test1 > Given I am logged in as customer admin, I am validating online cohort 'dashboard-card=male_female_card_withUdate_to_male"
"passed","Sat Dec 06 21:43:16 UTC 2025","Sat Dec 06 21:43:17 UTC 2025","823","HabitNuCoachPortalSuite","LogClassSession","CoachesPortal.LogClassSection","CoachesPortal.LogClassSection","validateLogClassSession_Non_Availibility_forDSME","Verify Log Class Section is unavailable for programDeliveryType==Onsite and programType == DSME ",""
"passed","Sat Dec 06 22:16:17 UTC 2025","Sat Dec 06 22:16:37 UTC 2025","20661","HabitNuCoachPortalSuite","DifferentTypeOfDashboards","CoachesPortal.CohortLevelDashboard.DSMEDashboardCoachesPortal","CoachesPortal.CohortLevelDashboard.DSMEDashboardCoachesPortal","test7_Active","And user is validating Nurture",""
"broken","Sat Dec 06 20:36:52 UTC 2025","Sat Dec 06 20:37:07 UTC 2025","15273","HabitNuCoachPortalSuite","HabitNuCoachesPortalRegression-PartA","CoachesPortal.CohortLevelDashboard.CohortLevelDashboardPage","CoachesPortal.CohortLevelDashboard.CohortLevelDashboardPage","case12","Food category - Displayed/Not Displayed.",""
"passed","Sat Dec 06 22:17:19 UTC 2025","Sat Dec 06 22:17:19 UTC 2025","98","HabitNuCoachPortalSuite","DifferentTypeOfDashboards","CoachesPortal.CohortLevelDashboard.DSMEDashboardCoachesPortal","CoachesPortal.CohortLevelDashboard.DSMEDashboardCoachesPortal","test17_verifyWeightLossByPatientsWithAllDefaultOption","Verify Weight Loss by Patients Should be selected by dropdownCard with all as default option",""
"passed","Sat Dec 06 20:36:49 UTC 2025","Sat Dec 06 20:36:50 UTC 2025","131","HabitNuCoachPortalSuite","HabitNuCoachesPortalRegression-PartA","CoachesPortal.CohortLevelDashboard.CohortLevelDashboardPage","CoachesPortal.CohortLevelDashboard.CohortLevelDashboardPage","case10","Coach Interactions by Participants.",""
"skipped","Sat Dec 06 21:09:07 UTC 2025","Sat Dec 06 21:09:07 UTC 2025","609","HabitNuCoachPortalSuite","HabitNuCoachesPortalRegression-PartB","CoachesPortal.OnsiteUsersListDashboard","CoachesPortal.OnsiteUsersListDashboard","case29","test1 > Given I am logged in as customerAdmin, Given I am logged in as customerAdmin, validate userList as customerAdmin","test1 > Given I am logged in as customerAdmin, Given I am logged in as customerAdmin, validate userList as customerAdmin"
"passed","Sat Dec 06 21:27:30 UTC 2025","Sat Dec 06 21:27:33 UTC 2025","2962","HabitNuCoachPortalSuite","Paywal","CoachesPortal.payWall","CoachesPortal.payWall","testEditDraftPaymentPlan","COP-T389: Edit the Monthly Draft Payment Plan",""
"skipped","Sat Dec 06 21:31:59 UTC 2025","Sat Dec 06 21:31:59 UTC 2025","0","HabitNuCoachPortalSuite","Paywal","CoachesPortal.payWall","CoachesPortal.payWall","testValidateTransactionEntryAfterSubscription","COP-T411: Validate transaction entry after user subscription",""
"passed","Sat Dec 06 21:06:55 UTC 2025","Sat Dec 06 21:06:55 UTC 2025","170","HabitNuCoachPortalSuite","HabitNuCoachesPortalRegression-PartB","CoachesPortal.OnsiteUsersListDashboard","CoachesPortal.OnsiteUsersListDashboard","case7","test1 > Given I am logged in as admin, Form Survey for cohort- Check for options displayed.","test1 > Given I am logged in as admin, Form Survey for cohort- Check for options displayed."
"passed","Sat Dec 06 20:57:02 UTC 2025","Sat Dec 06 20:57:03 UTC 2025","898","HabitNuCoachPortalSuite","HabitNuCoachesPortalRegression-PartA","CoachesPortal.DiscussionForumPage","CoachesPortal.DiscussionForumPage","case21","test1 > Given I am logged in as customerAdmin, I am validating Edit Post-Remove File.","test1 > Given I am logged in as customerAdmin, I am validating Edit Post-Remove File."
"failed","Sat Dec 06 22:10:40 UTC 2025","Sat Dec 06 22:10:42 UTC 2025","2163","HabitNuCoachPortalSuite","DifferentTypeOfDashboards","CoachesPortal.CohortLevelDashboard.OnsiteCohortDashboard","CoachesPortal.CohortLevelDashboard.OnsiteCohortDashboard","foodCategory_carb_contentValidation","test1 > Given I am logged in as coach, I am validating onsite cohort 'foodCategoryGraph - foodCategory_carb_contentValidation","test1 > Given I am logged in as coach, I am validating onsite cohort 'foodCategoryGraph - foodCategory_carb_contentValidation"
"passed","Sat Dec 06 20:36:47 UTC 2025","Sat Dec 06 20:36:49 UTC 2025","2751","HabitNuCoachPortalSuite","HabitNuCoachesPortalRegression-PartA","CoachesPortal.CohortLevelDashboard.CohortLevelDashboardPage","CoachesPortal.CohortLevelDashboard.CohortLevelDashboardPage","case9","Weekly Engagement- 12 week, year and custom date test case.",""
"broken","Sat Dec 06 22:15:37 UTC 2025","Sat Dec 06 22:15:52 UTC 2025","14780","HabitNuCoachPortalSuite","DifferentTypeOfDashboards","CoachesPortal.CohortLevelDashboard.DSMEDashboardCoachesPortal","CoachesPortal.CohortLevelDashboard.DSMEDashboardCoachesPortal","test5_Enrolled","And user is validating Enrolled",""
"passed","Sat Dec 06 21:44:17 UTC 2025","Sat Dec 06 21:44:22 UTC 2025","5660","HabitNuCoachPortalSuite","LogClassSession","CoachesPortal.LogClassSection","CoachesPortal.LogClassSection","verifyMaxValueinWeightNotAllowed","entering 1000 Value in weight should limit to 3 chars which is 100",""
"passed","Sat Dec 06 21:39:28 UTC 2025","Sat Dec 06 21:39:29 UTC 2025","665","HabitNuCoachPortalSuite","HabitNuCoachesPortalRegression-PartC","CoachesPortal.PatientDetails.PatientProfileHealthProviders","CoachesPortal.PatientDetails.PatientProfileHealthProviders","deleteHealthProvider","delete HealthProvider for Ethylen",""
"passed","Sat Dec 06 21:40:56 UTC 2025","Sat Dec 06 21:41:06 UTC 2025","10129","HabitNuCoachPortalSuite","ProjectPowerDashboard","CoachesPortal.ProjectPowerDashboard","CoachesPortal.ProjectPowerDashboard","verifyADAMilestoneFor3Months","All cohort dashboard for project power - ADA milestone trend - 3months",""
"broken","Sat Dec 06 21:59:13 UTC 2025","Sat Dec 06 21:59:36 UTC 2025","23112","HabitNuCoachPortalSuite","FeatureFlags","CoachesPortal.FeatureFlags","CoachesPortal.FeatureFlags","test14_addrulesforpartner","And user is able to add the rule for partner level",""
"passed","Sat Dec 06 22:24:35 UTC 2025","Sat Dec 06 22:24:45 UTC 2025","9602","HabitNuCoachPortalSuite","DifferentTypeOfDashboards","CoachesPortal.CohortLevelDashboard.ParticipantsProgressTracker","CoachesPortal.CohortLevelDashboard.ParticipantsProgressTracker","test6_Search_Users","And user is able to search the users",""
"passed","Sat Dec 06 20:46:53 UTC 2025","Sat Dec 06 20:46:54 UTC 2025","1186","HabitNuCoachPortalSuite","HabitNuCoachesPortalRegression-PartA","CoachesPortal.DiscussionForumPage","CoachesPortal.DiscussionForumPage","case9","test1 > Given I am logged in as coach, I am validating Post empty comment- error message.","test1 > Given I am logged in as coach, I am validating Post empty comment- error message."
"passed","Sat Dec 06 20:47:14 UTC 2025","Sat Dec 06 20:47:23 UTC 2025","9403","HabitNuCoachPortalSuite","HabitNuCoachesPortalRegression-PartA","CoachesPortal.DiscussionForumPage","CoachesPortal.DiscussionForumPage","case13","test1 > Given I am logged in as coach, I am validating File upload- description only- success.","test1 > Given I am logged in as coach, I am validating File upload- description only- success."
"broken","Sat Dec 06 21:19:29 UTC 2025","Sat Dec 06 21:19:49 UTC 2025","20547","HabitNuCoachPortalSuite","HabitNuCoachesPortalRegression-PartB","CoachesPortal.PatientDetails.PatientsProfileAllergies","CoachesPortal.PatientDetails.PatientsProfileAllergies","deleteMedication","delete allergy for Ethylen",""
"passed","Sat Dec 06 22:00:38 UTC 2025","Sat Dec 06 22:00:39 UTC 2025","1195","HabitNuCoachPortalSuite","ParticipationsTable","CoachesPortal.participations","CoachesPortal.participations","tes7_validatingparticipations_columns","And user is validating paricipations columns section",""
"passed","Sat Dec 06 21:06:51 UTC 2025","Sat Dec 06 21:06:54 UTC 2025","2186","HabitNuCoachPortalSuite","HabitNuCoachesPortalRegression-PartB","CoachesPortal.OnsiteUsersListDashboard","CoachesPortal.OnsiteUsersListDashboard","case1","test1 > Given I am logged in as admin, Search for 'automationForLogclass' and click on users.","test1 > Given I am logged in as admin, Search for 'automationForLogclass' and click on users."
"passed","Sat Dec 06 21:13:53 UTC 2025","Sat Dec 06 21:14:03 UTC 2025","9918","HabitNuCoachPortalSuite","HabitNuCoachesPortalRegression-PartB","CoachesPortal.PatientDetails.PatientProfileDemographic","CoachesPortal.PatientDetails.PatientProfileDemographic","deleteEthnicityAndRace","test1 > Given I am logged in as customer admin, Ethnicity and Race","test1 > Given I am logged in as customer admin, Ethnicity and Race"
"passed","Sat Dec 06 20:59:31 UTC 2025","Sat Dec 06 20:59:34 UTC 2025","2659","HabitNuCoachPortalSuite","HabitNuCoachesPortalRegression-PartA","CoachesPortal.DiscussionForumPage","CoachesPortal.DiscussionForumPage","case28","test1 > Given I am logged in as customerAdmin, I am validating Delete all posts","test1 > Given I am logged in as customerAdmin, I am validating Delete all posts"
"passed","Sat Dec 06 20:36:39 UTC 2025","Sat Dec 06 20:36:39 UTC 2025","604","HabitNuCoachPortalSuite","HabitNuCoachesPortalRegression-PartA","CoachesPortal.CohortLevelDashboard.CohortLevelDashboardPage","CoachesPortal.CohortLevelDashboard.CohortLevelDashboardPage","case4","Habitnu716 - weight loss-user- tooltip",""
"passed","Sat Dec 06 20:40:20 UTC 2025","Sat Dec 06 20:40:25 UTC 2025","4615","HabitNuCoachPortalSuite","HabitNuCoachesPortalRegression-PartA","CoachesPortal.LearnModule.Learn","CoachesPortal.LearnModule.Learn","letsPublishCourseNow","publish the course",""
"broken","Sat Dec 06 21:22:29 UTC 2025","Sat Dec 06 21:22:50 UTC 2025","20548","HabitNuCoachPortalSuite","Scheduler","CoachesPortal.Schedular","CoachesPortal.Schedular","cancelMeeting","test8 >  Given I am logged in as coach, and on time slot page, When I click on created appointment, Then I should see Cancel meeting button, When I click on it, Then Should be able to cancel it","coach login - User should be able to cancel appointment"
"passed","Sat Dec 06 20:51:00 UTC 2025","Sat Dec 06 20:51:01 UTC 2025","318","HabitNuCoachPortalSuite","HabitNuCoachesPortalRegression-PartA","CoachesPortal.DiscussionForumPage","CoachesPortal.DiscussionForumPage","case3","test1 > Given I am logged in as admin, I am validating Discussions- All elements check2","test1 > Given I am logged in as admin, I am validating Discussions- All elements check2"
"passed","Sat Dec 06 20:44:44 UTC 2025","Sat Dec 06 20:44:44 UTC 2025","110","HabitNuCoachPortalSuite","HabitNuCoachesPortalRegression-PartA","CoachesPortal.LearnModule.Learn","CoachesPortal.LearnModule.Learn","activeConfiguredNotificationsCheck","verify active is displayed against course notifications configured",""
"passed","Sat Dec 06 20:39:04 UTC 2025","Sat Dec 06 20:39:07 UTC 2025","2752","HabitNuCoachPortalSuite","HabitNuCoachesPortalRegression-PartA","CoachesPortal.CohortLevelDashboard.CohortLevelDashboardPage","CoachesPortal.CohortLevelDashboard.CohortLevelDashboardPage","case25","Average BP of Participants graph navigation and extraction of tooltips.",""
"passed","Sat Dec 06 20:51:01 UTC 2025","Sat Dec 06 20:51:03 UTC 2025","2197","HabitNuCoachPortalSuite","HabitNuCoachesPortalRegression-PartA","CoachesPortal.DiscussionForumPage","CoachesPortal.DiscussionForumPage","case7","test1 > Given I am logged in as admin, I am validating Add subject and describe- success post.","test1 > Given I am logged in as admin, I am validating Add subject and describe- success post."
"passed","Sat Dec 06 21:43:49 UTC 2025","Sat Dec 06 21:43:55 UTC 2025","6166","HabitNuCoachPortalSuite","LogClassSession","CoachesPortal.LogClassSection","CoachesPortal.LogClassSection","verifyAddOnlyminsofactivity","Add Only mins of activity",""
"passed","Sat Dec 06 21:53:47 UTC 2025","Sat Dec 06 21:53:52 UTC 2025","5073","HabitNuCoachPortalSuite","UserDashboard","CoachesPortal.PatientDashboard","CoachesPortal.PatientDashboard","bloodSugarHistory","test6 > Given I am logged in as admin, wehn I am on adding bloodsugar from user Dashboard, Then I should be able to see added bloodsugar on bloodSugarHistory graph","admin login - user/patient/partcipant dashboard validation"
"passed","Sat Dec 06 20:38:58 UTC 2025","Sat Dec 06 20:39:02 UTC 2025","4334","HabitNuCoachPortalSuite","HabitNuCoachesPortalRegression-PartA","CoachesPortal.CohortLevelDashboard.CohortLevelDashboardPage","CoachesPortal.CohortLevelDashboard.CohortLevelDashboardPage","case23","Attendance By participants.",""
"passed","Sat Dec 06 20:41:40 UTC 2025","Sat Dec 06 20:41:56 UTC 2025","16460","HabitNuCoachPortalSuite","HabitNuCoachesPortalRegression-PartA","CoachesPortal.LearnModule.Learn","CoachesPortal.LearnModule.Learn","loginAsAdmin","No course configured for the program.",""
"passed","Sat Dec 06 21:06:55 UTC 2025","Sat Dec 06 21:06:55 UTC 2025","276","HabitNuCoachPortalSuite","HabitNuCoachesPortalRegression-PartB","CoachesPortal.OnsiteUsersListDashboard","CoachesPortal.OnsiteUsersListDashboard","case5","test1 > Given I am logged in as admin, Seach user by email.","test1 > Given I am logged in as admin, Seach user by email."
"failed","Sat Dec 06 21:28:34 UTC 2025","Sat Dec 06 21:28:36 UTC 2025","1916","HabitNuCoachPortalSuite","Paywal","CoachesPortal.payWall","CoachesPortal.payWall","testViewSubscriptionDetails","COP-T396: View subscription details",""
"passed","Sat Dec 06 20:48:16 UTC 2025","Sat Dec 06 20:48:22 UTC 2025","5855","HabitNuCoachPortalSuite","HabitNuCoachesPortalRegression-PartA","CoachesPortal.DiscussionForumPage","CoachesPortal.DiscussionForumPage","case20","test1 > Given I am logged in as coach, I am validating Edit Post- Upload File","test1 > Given I am logged in as coach, I am validating Edit Post- Upload File"
"broken","Sat Dec 06 21:18:07 UTC 2025","Sat Dec 06 21:18:43 UTC 2025","36158","HabitNuCoachPortalSuite","HabitNuCoachesPortalRegression-PartB","CoachesPortal.PatientDetails.UserActivitiesTobacco","CoachesPortal.PatientDetails.UserActivitiesTobacco","verifyUserData_on_coachesPortal","Verify user data added on web on coaches portal",""
"passed","Sat Dec 06 21:44:55 UTC 2025","Sat Dec 06 21:45:12 UTC 2025","16831","HabitNuCoachPortalSuite","LogClassSession","CoachesPortal.LogClassSection","CoachesPortal.LogClassSection","verifyAddWeightAttendanceDateAndPAAndLF","Add weight,attendance date and PA And LF",""
"broken","Sat Dec 06 22:09:56 UTC 2025","Sat Dec 06 22:10:40 UTC 2025","43896","HabitNuCoachPortalSuite","DifferentTypeOfDashboards","CoachesPortal.CohortLevelDashboard.OnsiteCohortDashboard","CoachesPortal.CohortLevelDashboard.OnsiteCohortDashboard","latestHba1cGraph","test1 > Given I am logged in as coach, I am validating onsite cohort 'latestHba1cGraph","test1 > Given I am logged in as coach, I am validating onsite cohort 'latestHba1cGraph"
"passed","Sat Dec 06 21:44:01 UTC 2025","Sat Dec 06 21:44:07 UTC 2025","5859","HabitNuCoachPortalSuite","LogClassSession","CoachesPortal.LogClassSection","CoachesPortal.LogClassSection","verifyAddOnlyMUP","Add Only MUP",""
"passed","Sat Dec 06 21:41:41 UTC 2025","Sat Dec 06 21:41:42 UTC 2025","620","HabitNuCoachPortalSuite","ProjectPowerDashboard","CoachesPortal.ProjectPowerDashboard","CoachesPortal.ProjectPowerDashboard","verifyCohortWeightLossTrendForALLTIME","All cohort dashboard for project power - Cohort Weight Loss trend - All Time",""
"broken","Sat Dec 06 21:47:52 UTC 2025","Sat Dec 06 21:47:55 UTC 2025","2313","HabitNuCoachPortalSuite","GeneralContent","CoachesPortal.generalContent_WEb_Coaches","CoachesPortal.generalContent_WEb_Coaches","case11","Fitness Videos Details",""
"passed","Sat Dec 06 21:28:49 UTC 2025","Sat Dec 06 21:28:51 UTC 2025","2203","HabitNuCoachPortalSuite","Paywal","CoachesPortal.payWall","CoachesPortal.payWall","testFilterSubscriptions","COP-T397–399: Validate subscription filters",""
"passed","Sat Dec 06 20:44:32 UTC 2025","Sat Dec 06 20:44:34 UTC 2025","2495","HabitNuCoachPortalSuite","HabitNuCoachesPortalRegression-PartA","CoachesPortal.LearnModule.Learn","CoachesPortal.LearnModule.Learn","editByErasingMessageContent","verify, Please enter message content for email",""
"passed","Sat Dec 06 20:45:19 UTC 2025","Sat Dec 06 20:45:20 UTC 2025","854","HabitNuCoachPortalSuite","HabitNuCoachesPortalRegression-PartA","CoachesPortal.LearnModule.CustomerAdminCourseDocument","CoachesPortal.LearnModule.CustomerAdminCourseDocument","verifyAddOnlyDiscriptionDocument","Add Only Discription And verify documentupload and title Required",""
"broken","Sat Dec 06 20:38:25 UTC 2025","Sat Dec 06 20:38:41 UTC 2025","15512","HabitNuCoachPortalSuite","HabitNuCoachesPortalRegression-PartA","CoachesPortal.CohortLevelDashboard.CohortLevelDashboardPage","CoachesPortal.CohortLevelDashboard.CohortLevelDashboardPage","case20","Navigating to user dashboard through HbA1c user graph.",""
"passed","Sat Dec 06 22:01:40 UTC 2025","Sat Dec 06 22:02:02 UTC 2025","21784","HabitNuCoachPortalSuite","ParticipationsTable","CoachesPortal.participations","CoachesPortal.participations","test13_searchprogram","And user is able to search the user with program name",""
"passed","Sat Dec 06 22:07:37 UTC 2025","Sat Dec 06 22:07:37 UTC 2025","71","HabitNuCoachPortalSuite","DifferentTypeOfDashboards","CoachesPortal.CohortLevelDashboard.OnsiteCohortDashboard","CoachesPortal.CohortLevelDashboard.OnsiteCohortDashboard","coachName","test1 > Given I am logged in as customer admin, I am validating onsite cohort 'dashboard-card=coachName","test1 > Given I am logged in as customer admin, I am validating onsite cohort 'dashboard-card=coachName"
"passed","Sat Dec 06 21:40:51 UTC 2025","Sat Dec 06 21:40:56 UTC 2025","5163","HabitNuCoachPortalSuite","ProjectPowerDashboard","CoachesPortal.ProjectPowerDashboard","CoachesPortal.ProjectPowerDashboard","verifyADAMilestone","All cohort dashboard for project power - ADA milestone trend",""
"skipped","Sat Dec 06 21:09:07 UTC 2025","Sat Dec 06 21:09:07 UTC 2025","0","HabitNuCoachPortalSuite","HabitNuCoachesPortalRegression-PartB","CoachesPortal.OnsiteUsersListDashboard","CoachesPortal.OnsiteUsersListDashboard","case56","test1 > Given I am logged in as customerAdmin, verify Mail hasn't sent & unverified address.","test1 > Given I am logged in as customerAdmin, verify Mail hasn't sent & unverified address."
"passed","Sat Dec 06 21:41:44 UTC 2025","Sat Dec 06 21:41:44 UTC 2025","181","HabitNuCoachPortalSuite","ProjectPowerDashboard","CoachesPortal.ProjectPowerDashboard","CoachesPortal.ProjectPowerDashboard","verifySDOHPage","Verify SDOH page legends",""
"passed","Sat Dec 06 20:46:00 UTC 2025","Sat Dec 06 20:46:03 UTC 2025","3011","HabitNuCoachPortalSuite","HabitNuCoachesPortalRegression-PartA","CoachesPortal.LearnModule.CustomerAdminCourseDocument","CoachesPortal.LearnModule.CustomerAdminCourseDocument","verifyAddVideoUploadRequired","Add Video upload Required",""
"broken","Sat Dec 06 21:20:10 UTC 2025","Sat Dec 06 21:20:33 UTC 2025","23549","HabitNuCoachPortalSuite","HabitNuCoachesPortalRegression-PartB","CoachesPortal.PatientDetails.PatientsProfileAllergies","CoachesPortal.PatientDetails.PatientsProfileAllergies","verifyMedication","verify allergy for Ethylen",""
"broken","Sat Dec 06 21:21:04 UTC 2025","Sat Dec 06 21:21:24 UTC 2025","20595","HabitNuCoachPortalSuite","Scheduler","CoachesPortal.Schedular","CoachesPortal.Schedular","editAppointment","test4 >  Given I am logged in as coach, and on time slot page, When I click on created appointment, Then I should be able to see edit appointment page with edit button, When I click on it and edit details, Then I should be able to save it","coach login - User should be able to edit and save appointment"
"passed","Sat Dec 06 21:57:56 UTC 2025","Sat Dec 06 21:57:56 UTC 2025","236","HabitNuCoachPortalSuite","UserDashboard","CoachesPortal.PatientDashboard","CoachesPortal.PatientDashboard","Profile_in_Green","test18 > Given I am logged in as coach, wehn I am on Participants dashboard page, Then I should be able to see all particiapnt data on the photocard","coach login - clicking on scheduler should open the scheduler page in coaches portal"
"passed","Sat Dec 06 22:08:57 UTC 2025","Sat Dec 06 22:09:10 UTC 2025","13047","HabitNuCoachPortalSuite","DifferentTypeOfDashboards","CoachesPortal.CohortLevelDashboard.OnsiteCohortDashboard","CoachesPortal.CohortLevelDashboard.OnsiteCohortDashboard","fivePercentWeightLossCard_forUserWeight","test1 > Given I am logged in as coach, I am validating onsite cohort 'dashboard-card=fivePercentWeightLossCardCount, when user adds weight","test1 > Given I am logged in as coach, I am validating onsite cohort 'dashboard-card=fivePercentWeightLossCardCount, when user adds weight"
"skipped","Sat Dec 06 21:09:07 UTC 2025","Sat Dec 06 21:09:07 UTC 2025","0","HabitNuCoachPortalSuite","HabitNuCoachesPortalRegression-PartB","CoachesPortal.OnsiteUsersListDashboard","CoachesPortal.OnsiteUsersListDashboard","case47","test1 > Given I am logged in as customerAdmin, sorting users table with 'cohort' in asc order","test1 > Given I am logged in as customerAdmin, sorting users table with 'cohort' in asc order"
"passed","Sat Dec 06 20:45:36 UTC 2025","Sat Dec 06 20:45:40 UTC 2025","3920","HabitNuCoachPortalSuite","HabitNuCoachesPortalRegression-PartA","CoachesPortal.LearnModule.CustomerAdminCourseDocument","CoachesPortal.LearnModule.CustomerAdminCourseDocument","verifyDocumentPublishCancelAndConfirm","Document Publish Cancel And Confirm",""
"passed","Sat Dec 06 20:45:01 UTC 2025","Sat Dec 06 20:45:03 UTC 2025","1962","HabitNuCoachPortalSuite","HabitNuCoachesPortalRegression-PartA","CoachesPortal.LearnModule.CustomerAdminCourseDocument","CoachesPortal.LearnModule.CustomerAdminCourseDocument","verifyLinkEditAndSave","Link Edit and Save",""
"passed","Sat Dec 06 21:11:25 UTC 2025","Sat Dec 06 21:11:31 UTC 2025","6654","HabitNuCoachPortalSuite","HabitNuCoachesPortalRegression-PartB","CoachesPortal.PatientDetails.PatientProfileDemographic","CoachesPortal.PatientDetails.PatientProfileDemographic","updateverifyProgramDetailsWithIsActive","test1 > Given I am logged in as customer admin, update patientId and payertype","test1 > Given I am logged in as customer admin, update patientId and payertype"
"passed","Sat Dec 06 20:44:15 UTC 2025","Sat Dec 06 20:44:23 UTC 2025","8588","HabitNuCoachPortalSuite","HabitNuCoachesPortalRegression-PartA","CoachesPortal.LearnModule.Learn","CoachesPortal.LearnModule.Learn","verifyCourseHistory","verify chapter timeline history",""
"passed","Sat Dec 06 22:05:04 UTC 2025","Sat Dec 06 22:05:14 UTC 2025","10300","HabitNuCoachPortalSuite","DifferentTypeOfDashboards","CoachesPortal.CohortLevelDashboard.OnlineCohortDashboard","CoachesPortal.CohortLevelDashboard.OnlineCohortDashboard","male_female_card_with_update_to_female","test1 > Given I am logged in as customer admin, I am validating online cohort 'dashboard-card=male_female_card_with_update_to_female","test1 > Given I am logged in as customer admin, I am validating online cohort 'dashboard-card=male_female_card_with_update_to_female"
"passed","Sat Dec 06 20:56:09 UTC 2025","Sat Dec 06 20:56:34 UTC 2025","25288","HabitNuCoachPortalSuite","HabitNuCoachesPortalRegression-PartA","CoachesPortal.DiscussionForumPage","CoachesPortal.DiscussionForumPage","case15","test1 > Given I am logged in as customerAdmin, I am validating upload upto 5 files.","test1 > Given I am logged in as customerAdmin, I am validating upload upto 5 files. "
"passed","Sat Dec 06 21:38:24 UTC 2025","Sat Dec 06 21:38:24 UTC 2025","386","HabitNuCoachPortalSuite","HabitNuCoachesPortalRegression-PartC","CoachesPortal.PatientDetails.PatientProfileImmunizations","CoachesPortal.PatientDetails.PatientProfileImmunizations","verifyImmunication","verify immunization for Ethylen",""
"passed","Sat Dec 06 21:45:47 UTC 2025","Sat Dec 06 21:45:47 UTC 2025","9","HabitNuCoachPortalSuite","GroupDPPClassPlanner","CoachesPortal.ClassPlanner","CoachesPortal.ClassPlanner","case11","Create multiple cards under List",""
"passed","Sat Dec 06 21:39:36 UTC 2025","Sat Dec 06 21:39:36 UTC 2025","12","HabitNuCoachPortalSuite","ProjectPowerDashboard","CoachesPortal.ProjectPowerDashboard","CoachesPortal.ProjectPowerDashboard","verifyDISENROLLED","go to coaches portal - Project Power-verify DISENROLLED users",""
"passed","Sat Dec 06 22:06:53 UTC 2025","Sat Dec 06 22:07:05 UTC 2025","12283","HabitNuCoachPortalSuite","DifferentTypeOfDashboards","CoachesPortal.CohortLevelDashboard.OnsiteCohortDashboard","CoachesPortal.CohortLevelDashboard.OnsiteCohortDashboard","fivePercentWeightLossCard_forUserWeight","test1 > Given I am logged in as customer admin, I am validating onsite cohort 'dashboard-card=fivePercentWeightLossCardCount, when user adds weight","test1 > Given I am logged in as customer admin, I am validating onsite cohort 'dashboard-card=fivePercentWeightLossCardCount, when user adds weight"
"passed","Sat Dec 06 20:42:27 UTC 2025","Sat Dec 06 20:42:58 UTC 2025","31076","HabitNuCoachPortalSuite","HabitNuCoachesPortalRegression-PartA","CoachesPortal.LearnModule.Learn","CoachesPortal.LearnModule.Learn","verifycloneCoursePage","verify on clone course page, course created by admin is available",""
"passed","Sat Dec 06 21:45:38 UTC 2025","Sat Dec 06 21:45:41 UTC 2025","2183","HabitNuCoachPortalSuite","GroupDPPClassPlanner","CoachesPortal.ClassPlanner","CoachesPortal.ClassPlanner","case1","It should open the class planner creation page",""
"passed","Sat Dec 06 21:43:19 UTC 2025","Sat Dec 06 21:43:19 UTC 2025","557","HabitNuCoachPortalSuite","LogClassSession","CoachesPortal.LogClassSection","CoachesPortal.LogClassSection","verify10DaysBackDateInLogClassSectionWithPatient","Add data in Log Class Section With Date 10 days back",""
"failed","Sat Dec 06 21:48:36 UTC 2025","Sat Dec 06 21:48:40 UTC 2025","3936","HabitNuCoachPortalSuite","Milestones","CoachesPortal.MilestoneModule.SoleraIBCorNDPP","CoachesPortal.MilestoneModule.SoleraIBCorNDPP","test4","Given I am enrolled in a programId==IBC/NDPP, When I achieve Weekly Meaningful Engagement for week1, Then I should be marked as having achieved milestone M0 and milestone M1",""
"passed","Sat Dec 06 21:09:44 UTC 2025","Sat Dec 06 21:09:51 UTC 2025","7005","HabitNuCoachPortalSuite","HabitNuCoachesPortalRegression-PartB","CoachesPortal.PatientDetails.PatientProfileDemographic","CoachesPortal.PatientDetails.PatientProfileDemographic","verifyPersonalDetails","test1 > Given I am logged in as coach, Verify user as Ethelyn in demographic with Personal Details","test1 > Given I am logged in as coach, Verify user as Ethelyn in demographic with Personal Details"
"broken","Sat Dec 06 21:36:24 UTC 2025","Sat Dec 06 21:36:55 UTC 2025","30333","HabitNuCoachPortalSuite","HabitNuCoachesPortalRegression-PartC","CoachesPortal.PatientDetails.PatientProfilePreAuth","CoachesPortal.PatientDetails.PatientProfilePreAuth","deletePerAuth","delete PreAuth for Ethylen",""
"passed","Sat Dec 06 21:11:12 UTC 2025","Sat Dec 06 21:11:12 UTC 2025","6","HabitNuCoachPortalSuite","HabitNuCoachesPortalRegression-PartB","CoachesPortal.PatientDetails.PatientProfileDemographic","CoachesPortal.PatientDetails.PatientProfileDemographic","deleteEthnicityAndRace","test1 > Given I am logged in as coach, Ethnicity and Race","test1 > Given I am logged in as coach, Ethnicity and Race"
"passed","Sat Dec 06 21:11:12 UTC 2025","Sat Dec 06 21:11:12 UTC 2025","6","HabitNuCoachPortalSuite","HabitNuCoachesPortalRegression-PartB","CoachesPortal.PatientDetails.PatientProfileDemographic","CoachesPortal.PatientDetails.PatientProfileDemographic","updateMiddleName","test1 > Given I am logged in as coach, Middle Name","test1 > Given I am logged in as coach, Middle Name"
"failed","Sat Dec 06 21:11:11 UTC 2025","Sat Dec 06 21:11:12 UTC 2025","334","HabitNuCoachPortalSuite","HabitNuCoachesPortalRegression-PartB","CoachesPortal.PatientDetails.PatientProfileDemographic","CoachesPortal.PatientDetails.PatientProfileDemographic","testSelectRememberingUnknown","test1 > Given I am logged in as coach, testSelectRememberingUnknown","test1 > Given I am logged in as coach, testSelectRememberingUnknown"
"failed","Sat Dec 06 20:40:55 UTC 2025","Sat Dec 06 20:41:04 UTC 2025","9747","HabitNuCoachPortalSuite","HabitNuCoachesPortalRegression-PartA","CoachesPortal.LearnModule.Learn","CoachesPortal.LearnModule.Learn","verifyFromCoachesEndAfterUserWatchesCourse","verify from coaches portal",""
"passed","Sat Dec 06 21:26:58 UTC 2025","Sat Dec 06 21:26:58 UTC 2025","0","HabitNuCoachPortalSuite","Scheduler","CoachesPortal.Schedular","CoachesPortal.Schedular","validateInteractionEntries_InteractionOn","test1 > Given I am logged in as admin, verify group interaction entries are made automatically when meet is attended for min of 1min > Validating field==InteractionOn","test1 > Given I am logged in as admin, verify group interaction entries are made automatically when meet is attended for min of 1min > Validating field==InteractionOn"
"passed","Sat Dec 06 20:39:23 UTC 2025","Sat Dec 06 20:39:28 UTC 2025","5035","HabitNuCoachPortalSuite","HabitNuCoachesPortalRegression-PartA","CoachesPortal.CohortLevelDashboard.CohortLevelDashboardPage","CoachesPortal.CohortLevelDashboard.CohortLevelDashboardPage","case31","Payer Type graph- tooltip extraction.",""
"passed","Sat Dec 06 21:12:32 UTC 2025","Sat Dec 06 21:12:41 UTC 2025","8941","HabitNuCoachPortalSuite","HabitNuCoachesPortalRegression-PartB","CoachesPortal.PatientDetails.PatientProfileDemographic","CoachesPortal.PatientDetails.PatientProfileDemographic","updateFirstName","test1 > Given I am logged in as customer admin, First Name","test1 > Given I am logged in as customer admin, First Name"
"broken","Sat Dec 06 21:21:45 UTC 2025","Sat Dec 06 21:22:09 UTC 2025","23566","HabitNuCoachPortalSuite","Scheduler","CoachesPortal.Schedular","CoachesPortal.Schedular","rescheduleMeeting","test6 >  Given I am logged in as coach, and on time slot page, When I click on created appointment, Then I should see Reschedule button, When I click on it and submit details, Then I should be able to save it","coach login - User should be able to reschedule appointment"
"passed","Sat Dec 06 21:48:05 UTC 2025","Sat Dec 06 21:48:07 UTC 2025","2037","HabitNuCoachPortalSuite","GeneralContent","CoachesPortal.generalContent_WEb_Coaches","CoachesPortal.generalContent_WEb_Coaches","CoachesPortalGroup","delecting created Group",""
"passed","Sat Dec 06 21:54:20 UTC 2025","Sat Dec 06 21:54:20 UTC 2025","16","HabitNuCoachPortalSuite","UserDashboard","CoachesPortal.PatientDashboard","CoachesPortal.PatientDashboard","patientWeeklyStatus_CoachInteractions","test9 > Given I am logged in as admin, wehn I am on adding coachInteraction from user Interaction tab, Then I should be able to see added interaction count==1 under patientWeeklyStatus_CoachInteractions","admin login - user/patient/partcipant dashboard validation"
"passed","Sat Dec 06 21:38:57 UTC 2025","Sat Dec 06 21:39:03 UTC 2025","5496","HabitNuCoachPortalSuite","HabitNuCoachesPortalRegression-PartC","CoachesPortal.PatientDetails.PatientProfilePayerType","CoachesPortal.PatientDetails.PatientProfilePayerType","editPayerType_click_Cancel","edit PayerType for Ethylen, but click on cancel button rather update button",""
"passed","Sat Dec 06 21:42:58 UTC 2025","Sat Dec 06 21:43:00 UTC 2025","2036","HabitNuCoachPortalSuite","LoginPageCases","CoachesPortal.LoginPageCases","CoachesPortal.LoginPageCases","testLoginWithValidEmailAndInvalidPassword","try login with valid email and invalid password",""
"passed","Sat Dec 06 22:07:25 UTC 2025","Sat Dec 06 22:07:30 UTC 2025","5078","HabitNuCoachPortalSuite","DifferentTypeOfDashboards","CoachesPortal.CohortLevelDashboard.OnsiteCohortDashboard","CoachesPortal.CohortLevelDashboard.OnsiteCohortDashboard","activeParticipants","test1 > Given I am logged in as customer admin, I am validating onsite cohort 'dashboard-card=activeParticipants","test1 > Given I am logged in as customer admin, I am validating onsite cohort 'dashboard-card=activeParticipants"
"passed","Sat Dec 06 20:46:03 UTC 2025","Sat Dec 06 20:46:06 UTC 2025","2968","HabitNuCoachPortalSuite","HabitNuCoachesPortalRegression-PartA","CoachesPortal.LearnModule.CustomerAdminCourseDocument","CoachesPortal.LearnModule.CustomerAdminCourseDocument","verifyAddOnlyDiscriptionVideo","Add Only Discription And verify videoupload and title Required",""
"passed","Sat Dec 06 21:48:53 UTC 2025","Sat Dec 06 21:48:55 UTC 2025","1411","HabitNuCoachPortalSuite","Milestones","CoachesPortal.BPSMMilestone","CoachesPortal.BPSMMilestone","test9_validating_BPSMHeaders_data","And user is validating to BPSmHeaders data by clicking arrow button",""
"passed","Sat Dec 06 21:29:05 UTC 2025","Sat Dec 06 21:29:07 UTC 2025","1422","HabitNuCoachPortalSuite","Paywal","CoachesPortal.payWall","CoachesPortal.payWall","testFilterTransactions","COP-T400: Validate all transaction filters",""
"broken","Sat Dec 06 21:07:12 UTC 2025","Sat Dec 06 21:07:33 UTC 2025","20717","HabitNuCoachPortalSuite","HabitNuCoachesPortalRegression-PartB","CoachesPortal.OnsiteUsersListDashboard","CoachesPortal.OnsiteUsersListDashboard","case11","test1 > Given I am logged in as admin, Choose Cohort- Form survey- SDOH- No form configured. Please contact admin.","test1 > Given I am logged in as admin, Choose Cohort- Form survey- SDOH- No form configured. Please contact admin."
"passed","Sat Dec 06 20:46:54 UTC 2025","Sat Dec 06 20:46:55 UTC 2025","771","HabitNuCoachPortalSuite","HabitNuCoachesPortalRegression-PartA","CoachesPortal.DiscussionForumPage","CoachesPortal.DiscussionForumPage","case10","test1 > Given I am logged in as coach, I am validating post comment-success.","test1 > Given I am logged in as coach, I am validating post comment-success."
"passed","Sat Dec 06 21:24:32 UTC 2025","Sat Dec 06 21:24:32 UTC 2025","50","HabitNuCoachPortalSuite","Scheduler","CoachesPortal.Schedular","CoachesPortal.Schedular","validateInteractionEntries_UpdatedBy","test1 > Given I am logged in as coach, verify group interaction entries are made automatically when meet is attended for min of 1min > Validating field==UpdatedBy","test1 > Given I am logged in as coach, verify group interaction entries are made automatically when meet is attended for min of 1min > Validating field==UpdatedBy"
"passed","Sat Dec 06 22:01:18 UTC 2025","Sat Dec 06 22:01:40 UTC 2025","22343","HabitNuCoachPortalSuite","ParticipationsTable","CoachesPortal.participations","CoachesPortal.participations","test12_searchpartner","And user is able to search the user with partner name",""
"passed","Sat Dec 06 21:47:05 UTC 2025","Sat Dec 06 21:47:18 UTC 2025","13491","HabitNuCoachPortalSuite","GeneralContent","CoachesPortal.generalContent_WEb_Coaches","CoachesPortal.generalContent_WEb_Coaches","Case5_selectRandomVideoTags","Selecting Random Video Tags for Video",""
"passed","Sat Dec 06 22:05:20 UTC 2025","Sat Dec 06 22:05:25 UTC 2025","5493","HabitNuCoachPortalSuite","DifferentTypeOfDashboards","CoachesPortal.CohortLevelDashboard.OnlineCohortDashboard","CoachesPortal.CohortLevelDashboard.OnlineCohortDashboard","weeksCompleted","test1 > Given I am logged in as customer admin, I am validating online cohort 'dashboard-card=weeksCompleted","test1 > Given I am logged in as customer admin, I am validating online cohort 'dashboard-card=weeksCompleted"
"passed","Sat Dec 06 20:36:46 UTC 2025","Sat Dec 06 20:36:46 UTC 2025","246","HabitNuCoachPortalSuite","HabitNuCoachesPortalRegression-PartA","CoachesPortal.CohortLevelDashboard.CohortLevelDashboardPage","CoachesPortal.CohortLevelDashboard.CohortLevelDashboardPage","case7","participant activity- All options in the graph.",""
"passed","Sat Dec 06 21:51:03 UTC 2025","Sat Dec 06 21:51:14 UTC 2025","10638","HabitNuCoachPortalSuite","Milestones","CoachesPortal.VAMilestone","CoachesPortal.VAMilestone","test20_validating_VAHeaders_data","And user is validating to VAHeaders data by clicking arrow button",""
"passed","Sat Dec 06 22:00:39 UTC 2025","Sat Dec 06 22:00:53 UTC 2025","14204","HabitNuCoachPortalSuite","ParticipationsTable","CoachesPortal.participations","CoachesPortal.participations","test8_navigatingnextpage","And user is navigating to second page and user can come back to previous page",""
"passed","Sat Dec 06 22:22:24 UTC 2025","Sat Dec 06 22:23:55 UTC 2025","91010","HabitNuCoachPortalSuite","DifferentTypeOfDashboards","CoachesPortal.CohortLevelDashboard.ParticipantsProgressTracker","CoachesPortal.CohortLevelDashboard.ParticipantsProgressTracker","test4_Change_Filter_Status","And user is able to change the participants status",""
"broken","Sat Dec 06 21:01:31 UTC 2025","Sat Dec 06 21:02:01 UTC 2025","30321","HabitNuCoachPortalSuite","HabitNuCoachesPortalRegression-PartA","CoachesPortal.DirectMessage","CoachesPortal.DirectMessage","click_on_delete_icon_of_message","Verify message sent from Coach in chatbox",""
"broken","Sat Dec 06 21:14:55 UTC 2025","Sat Dec 06 21:15:26 UTC 2025","30331","HabitNuCoachPortalSuite","HabitNuCoachesPortalRegression-PartB","CoachesPortal.PatientDetails.UserActivitiesBloodPressure","CoachesPortal.PatientDetails.UserActivitiesBloodPressure","verifyEditCurrentAndYesterdayBPDataInCoachesPortal","Verify current and yesterday edit BPdata in coaches portal and reflect in web portal",""
"passed","Sat Dec 06 21:53:59 UTC 2025","Sat Dec 06 21:54:07 UTC 2025","7466","HabitNuCoachPortalSuite","UserDashboard","CoachesPortal.PatientDashboard","CoachesPortal.PatientDashboard","patientWeeklyStatus_STEPS","test4 > Given I am logged in as admin, wehn I am on adding steps from user Dashboard, Then I should be able to see added exercise steps count==1 under patientWeeklyStatus_STEPS","admin login - user/patient/partcipant dashboard validation"
"passed","Sat Dec 06 20:46:15 UTC 2025","Sat Dec 06 20:46:24 UTC 2025","9521","HabitNuCoachPortalSuite","HabitNuCoachesPortalRegression-PartA","CoachesPortal.LearnModule.CustomerAdminCourseDocument","CoachesPortal.LearnModule.CustomerAdminCourseDocument","verifyAddValidUploadVideoRequired","Add Valid upload Video Required",""
"passed","Sat Dec 06 20:45:03 UTC 2025","Sat Dec 06 20:45:04 UTC 2025","1772","HabitNuCoachPortalSuite","HabitNuCoachesPortalRegression-PartA","CoachesPortal.LearnModule.CustomerAdminCourseDocument","CoachesPortal.LearnModule.CustomerAdminCourseDocument","verifyLinkEditAndClose","Link Edit and Close",""
"broken","Sat Dec 06 21:03:48 UTC 2025","Sat Dec 06 21:03:49 UTC 2025","1283","HabitNuCoachPortalSuite","HabitNuCoachesPortalRegression-PartB","CoachesPortal.OnsiteUsersListDashboard","CoachesPortal.OnsiteUsersListDashboard","case15","test1 > Given I am logged in as coach, Click on a user and check whether its navigating to the dashboard.","test1 > Given I am logged in as coach, Click on a user and check whether its navigating to the dashboard."
"passed","Sat Dec 06 21:39:37 UTC 2025","Sat Dec 06 21:39:37 UTC 2025","10","HabitNuCoachPortalSuite","ProjectPowerDashboard","CoachesPortal.ProjectPowerDashboard","CoachesPortal.ProjectPowerDashboard","verifyM2","It should display the total number of participants who have completed atleast 4 sessions",""
"passed","Sat Dec 06 20:39:42 UTC 2025","Sat Dec 06 20:39:42 UTC 2025","583","HabitNuCoachPortalSuite","HabitNuCoachesPortalRegression-PartA","CoachesPortal.LearnModule.Learn","CoachesPortal.LearnModule.Learn","publishCourse","Verify CustomerAdmin can publish the course",""
"passed","Sat Dec 06 21:49:14 UTC 2025","Sat Dec 06 21:49:32 UTC 2025","18330","HabitNuCoachPortalSuite","Milestones","CoachesPortal.BPSMMilestone","CoachesPortal.BPSMMilestone","test11_groupinteraction","And user is able to add group interaction without seminar name",""
"broken","Sat Dec 06 21:16:53 UTC 2025","Sat Dec 06 21:17:24 UTC 2025","30625","HabitNuCoachPortalSuite","HabitNuCoachesPortalRegression-PartB","CoachesPortal.PatientDetails.UserActivitiesTobacco","CoachesPortal.PatientDetails.UserActivitiesTobacco","verifyAddCurrentDateBloodPressure","Verify user as Ethelyn in useractivities tab and add current date tobacco",""
"passed","Sat Dec 06 21:12:00 UTC 2025","Sat Dec 06 21:12:10 UTC 2025","9423","HabitNuCoachPortalSuite","HabitNuCoachesPortalRegression-PartB","CoachesPortal.PatientDetails.PatientProfileDemographic","CoachesPortal.PatientDetails.PatientProfileDemographic","updateDisenrollmentDetails_with_onlyDisenrolledReason","test1 > Given I am logged in as customer admin, try updating DisenrollmentDetails with only diseenrolledReason data","test1 > Given I am logged in as customer admin, try updating DisenrollmentDetails with only diseenrolledReason data"
"failed","Sat Dec 06 21:16:47 UTC 2025","Sat Dec 06 21:16:53 UTC 2025","6262","HabitNuCoachPortalSuite","HabitNuCoachesPortalRegression-PartB","CoachesPortal.PatientDetails.UserActivitiesBloodSugar","CoachesPortal.PatientDetails.UserActivitiesBloodSugar","verifyUserData_on_coachesPortal","Verify user data added on web on coaches portal",""
"passed","Sat Dec 06 21:11:12 UTC 2025","Sat Dec 06 21:11:12 UTC 2025","6","HabitNuCoachPortalSuite","HabitNuCoachesPortalRegression-PartB","CoachesPortal.PatientDetails.PatientProfileDemographic","CoachesPortal.PatientDetails.PatientProfileDemographic","updatepreferred_name","test1 > Given I am logged in as coach, preferred_name","test1 > Given I am logged in as coach, preferred_name"
"passed","Sat Dec 06 20:45:18 UTC 2025","Sat Dec 06 20:45:18 UTC 2025","705","HabitNuCoachPortalSuite","HabitNuCoachesPortalRegression-PartA","CoachesPortal.LearnModule.CustomerAdminCourseDocument","CoachesPortal.LearnModule.CustomerAdminCourseDocument","verifyAddUrlTitleDocumentRequired","Add Documentupload And Title Required",""
"skipped","Sat Dec 06 21:09:07 UTC 2025","Sat Dec 06 21:09:07 UTC 2025","0","HabitNuCoachPortalSuite","HabitNuCoachesPortalRegression-PartB","CoachesPortal.OnsiteUsersListDashboard","CoachesPortal.OnsiteUsersListDashboard","case41","test1 > Given I am logged in as customerAdmin, sorting users table with 'Name' in desc order","test1 > Given I am logged in as customerAdmin, sorting users table with 'Name' in desc order"
"passed","Sat Dec 06 21:45:46 UTC 2025","Sat Dec 06 21:45:47 UTC 2025","1311","HabitNuCoachPortalSuite","GroupDPPClassPlanner","CoachesPortal.ClassPlanner","CoachesPortal.ClassPlanner","case9","Create the APP LINK cards under the list",""
"passed","Sat Dec 06 21:44:39 UTC 2025","Sat Dec 06 21:44:55 UTC 2025","16613","HabitNuCoachPortalSuite","LogClassSession","CoachesPortal.LogClassSection","CoachesPortal.LogClassSection","verifyAddWeightAttendanceDateAndPA","Add weight,attendance date and PA",""
"passed","Sat Dec 06 21:41:40 UTC 2025","Sat Dec 06 21:41:41 UTC 2025","647","HabitNuCoachPortalSuite","ProjectPowerDashboard","CoachesPortal.ProjectPowerDashboard","CoachesPortal.ProjectPowerDashboard","verifyCohortWeightLossTrend","All cohort dashboard for project power - Cohort Weight Loss trend",""
"passed","Sat Dec 06 21:18:07 UTC 2025","Sat Dec 06 21:18:07 UTC 2025","271","HabitNuCoachPortalSuite","HabitNuCoachesPortalRegression-PartB","CoachesPortal.PatientDetails.UserActivitiesTobacco","CoachesPortal.PatientDetails.UserActivitiesTobacco","verifyUser_isNot_allowed_edit_coachAddedData","Verify user is not allowed to edit data added by coaches",""
"passed","Sat Dec 06 22:17:19 UTC 2025","Sat Dec 06 22:17:19 UTC 2025","187","HabitNuCoachPortalSuite","DifferentTypeOfDashboards","CoachesPortal.CohortLevelDashboard.DSMEDashboardCoachesPortal","CoachesPortal.CohortLevelDashboard.DSMEDashboardCoachesPortal","test15_verifyBloodSugarByPatientsWithCalender","Verify Blood Sugar by Patients with Calender as default date today selected",""
"broken","Sat Dec 06 21:58:23 UTC 2025","Sat Dec 06 21:58:28 UTC 2025","5023","HabitNuCoachPortalSuite","FeatureFlags","CoachesPortal.FeatureFlags","CoachesPortal.FeatureFlags","test11_addrulesforuser","And user is able to add the rule for user level",""
"passed","Sat Dec 06 21:09:06 UTC 2025","Sat Dec 06 21:09:07 UTC 2025","683","HabitNuCoachPortalSuite","HabitNuCoachesPortalRegression-PartB","CoachesPortal.OnsiteUsersListDashboard","CoachesPortal.OnsiteUsersListDashboard","case23","test1 > Given I am logged in as admin, Action- Request Form Survey.","test1 > Given I am logged in as admin, Action- Request Form Survey."
"passed","Sat Dec 06 21:07:02 UTC 2025","Sat Dec 06 21:07:12 UTC 2025","10046","HabitNuCoachPortalSuite","HabitNuCoachesPortalRegression-PartB","CoachesPortal.OnsiteUsersListDashboard","CoachesPortal.OnsiteUsersListDashboard","case10","test1 > Given I am logged in as admin, Choose Cohort which does not have form- multiple_classes_ofChild.","test1 > Given I am logged in as admin, Choose Cohort which does not have form- multiple_classes_ofChild."
"passed","Sat Dec 06 21:26:58 UTC 2025","Sat Dec 06 21:26:58 UTC 2025","0","HabitNuCoachPortalSuite","Scheduler","CoachesPortal.Schedular","CoachesPortal.Schedular","validateInteractionEntries_Interaction_Type","test1 > Given I am logged in as admin, verify group interaction entries are made automatically when meet is attended for min of 1min > Validating field==Interaction_Typ","test1 > Given I am logged in as admin, verify group interaction entries are made automatically when meet is attended for min of 1min > Validating field==Interaction_Typ"
"passed","Sat Dec 06 21:48:53 UTC 2025","Sat Dec 06 21:48:53 UTC 2025","961","HabitNuCoachPortalSuite","Milestones","CoachesPortal.BPSMMilestone","CoachesPortal.BPSMMilestone","test8_validating_BPSMHeaders_data","And user is validating to BPSmHeaders data by clicking arrow button",""
"passed","Sat Dec 06 22:02:02 UTC 2025","Sat Dec 06 22:02:24 UTC 2025","21728","HabitNuCoachPortalSuite","ParticipationsTable","CoachesPortal.participations","CoachesPortal.participations","test14_searchcohort","And user is able to search the user with cohort name",""
"passed","Sat Dec 06 21:13:17 UTC 2025","Sat Dec 06 21:13:27 UTC 2025","9394","HabitNuCoachPortalSuite","HabitNuCoachesPortalRegression-PartB","CoachesPortal.PatientDetails.PatientProfileDemographic","CoachesPortal.PatientDetails.PatientProfileDemographic","updateSexAtbirth","test1 > Given I am logged in as customer admin, Sex at Birth","test1 > Given I am logged in as customer admin, Sex at Birth"
"skipped","Sat Dec 06 21:09:07 UTC 2025","Sat Dec 06 21:09:07 UTC 2025","0","HabitNuCoachPortalSuite","HabitNuCoachesPortalRegression-PartB","CoachesPortal.OnsiteUsersListDashboard","CoachesPortal.OnsiteUsersListDashboard","case35","test1 > Given I am logged in as customerAdmin, Remove Cohort for a user.","test1 > Given I am logged in as customerAdmin, Remove Cohort for a user."
"passed","Sat Dec 06 21:49:53 UTC 2025","Sat Dec 06 21:49:55 UTC 2025","1953","HabitNuCoachPortalSuite","Milestones","CoachesPortal.VAMilestone","CoachesPortal.VAMilestone","test9_validating_VAHeaders_data","And user is validating to VAHeaders data by clicking arrow button",""
"passed","Sat Dec 06 21:48:07 UTC 2025","Sat Dec 06 21:48:18 UTC 2025","11352","HabitNuCoachPortalSuite","GeneralContent","CoachesPortal.generalContent_WEb_Coaches","CoachesPortal.generalContent_WEb_Coaches","deleteGroup","Deleting Groups",""
"passed","Sat Dec 06 21:11:12 UTC 2025","Sat Dec 06 21:11:12 UTC 2025","67","HabitNuCoachPortalSuite","HabitNuCoachesPortalRegression-PartB","CoachesPortal.PatientDetails.PatientProfileDemographic","CoachesPortal.PatientDetails.PatientProfileDemographic","testSelectDressingNo","test1 > Given I am logged in as coach, testSelectDressingNo","test1 > Given I am logged in as coach, testSelectDressingNo"
"passed","Sat Dec 06 21:50:19 UTC 2025","Sat Dec 06 21:50:29 UTC 2025","10632","HabitNuCoachPortalSuite","Milestones","CoachesPortal.VAMilestone","CoachesPortal.VAMilestone","test13_validating_VAHeaders_data","And user is validating to VAHeaders data by clicking arrow button",""
"passed","Sat Dec 06 22:05:25 UTC 2025","Sat Dec 06 22:05:32 UTC 2025","6407","HabitNuCoachPortalSuite","DifferentTypeOfDashboards","CoachesPortal.CohortLevelDashboard.OnlineCohortDashboard","CoachesPortal.CohortLevelDashboard.OnlineCohortDashboard","coachInteractionGraph","test1 > Given I am logged in as customer admin, I am validating online cohort 'coachInteractionGraph","test1 > Given I am logged in as customer admin, I am validating online cohort 'coachInteractionGraph"
"passed","Sat Dec 06 22:25:22 UTC 2025","Sat Dec 06 22:25:25 UTC 2025","2464","HabitNuCoachPortalSuite","DifferentTypeOfCohorts","CoachesPortal.liteCohorts","CoachesPortal.liteCohorts","case3","test1 > Given I am logged in as admin, I am validating Lite cohorts modules","test1 > Given I am logged in as admin, I am validating Lite cohorts modules, where cohort's Program type=DSME, Delivery type=Onsite"
"broken","Sat Dec 06 21:26:36 UTC 2025","Sat Dec 06 21:26:56 UTC 2025","20566","HabitNuCoachPortalSuite","Scheduler","CoachesPortal.Schedular","CoachesPortal.Schedular","cancelMeeting","test8 >  Given I am logged in as admin, and on time slot page, When I click on created appointment, Then I should see Cancel meeting button, When I click on it, Then Should be able to cancel it","admin login - User should be able to cancel appointment"
"broken","Sat Dec 06 21:20:43 UTC 2025","Sat Dec 06 21:20:43 UTC 2025","372","HabitNuCoachPortalSuite","Scheduler","CoachesPortal.Schedular","CoachesPortal.Schedular","openAppoitmentCreateForm","test2 > Given I am logged in as coach, When I click on time slot, Then I should be able to see the create appointment form","coach login - It should open meeting form"
"broken","Sat Dec 06 22:10:50 UTC 2025","Sat Dec 06 22:10:50 UTC 2025","216","HabitNuCoachPortalSuite","DifferentTypeOfDashboards","CoachesPortal.CohortLevelDashboard.OnsiteCohortDashboard","CoachesPortal.CohortLevelDashboard.OnsiteCohortDashboard","foodCategory_check_with_pastMonth","test1 > Given I am logged in as coach, I am validating onsite cohort 'foodCategoryGraph - foodCategory_check_with_pastMonth","test1 > Given I am logged in as coach, I am validating onsite cohort 'foodCategoryGraph - foodCategory_check_with_pastMonth"
"passed","Sat Dec 06 22:09:36 UTC 2025","Sat Dec 06 22:09:55 UTC 2025","19516","HabitNuCoachPortalSuite","DifferentTypeOfDashboards","CoachesPortal.CohortLevelDashboard.OnsiteCohortDashboard","CoachesPortal.CohortLevelDashboard.OnsiteCohortDashboard","totalNoOfClasses","test1 > Given I am logged in as coach,  I am validating onsite cohort 'dashboard-card=totalNoOfClasses","test1 > Given I am logged in as coach,  I am validating onsite cohort 'dashboard-card=totalNoOfClasses"
"passed","Sat Dec 06 21:39:42 UTC 2025","Sat Dec 06 21:39:43 UTC 2025","1057","HabitNuCoachPortalSuite","ProjectPowerDashboard","CoachesPortal.ProjectPowerDashboard","CoachesPortal.ProjectPowerDashboard","verifyM1GraphwithfilterAs3months","verifyM1GraphwithfilterAs3months",""
"passed","Sat Dec 06 21:11:11 UTC 2025","Sat Dec 06 21:11:11 UTC 2025","77","HabitNuCoachPortalSuite","HabitNuCoachesPortalRegression-PartB","CoachesPortal.PatientDetails.PatientProfileDemographic","CoachesPortal.PatientDetails.PatientProfileDemographic","testSelectBlindNo","test1 > Given I am logged in as coach, testSelectBlindNo","test1 > Given I am logged in as coach, testSelectBlindNo"
"passed","Sat Dec 06 21:47:01 UTC 2025","Sat Dec 06 21:47:03 UTC 2025","1918","HabitNuCoachPortalSuite","GeneralContent","CoachesPortal.generalContent_WEb_Coaches","CoachesPortal.generalContent_WEb_Coaches","case3","Creating tags for Food",""
"skipped","Sat Dec 06 21:09:07 UTC 2025","Sat Dec 06 21:09:07 UTC 2025","0","HabitNuCoachPortalSuite","HabitNuCoachesPortalRegression-PartB","CoachesPortal.OnsiteUsersListDashboard","CoachesPortal.OnsiteUsersListDashboard","case45","test1 > Given I am logged in as customerAdmin, validate disenrolled status under Milestone column - colorcode","test1 > Given I am logged in as customerAdmin, validate disenrolled status under Milestone column - colorcode"
"passed","Sat Dec 06 21:01:07 UTC 2025","Sat Dec 06 21:01:12 UTC 2025","5241","HabitNuCoachPortalSuite","HabitNuCoachesPortalRegression-PartA","CoachesPortal.DirectMessage","CoachesPortal.DirectMessage","verifyMessageFromChatBox","Verify message sent from Coach in chatbox",""
"passed","Sat Dec 06 21:15:53 UTC 2025","Sat Dec 06 21:15:57 UTC 2025","3990","HabitNuCoachPortalSuite","HabitNuCoachesPortalRegression-PartB","CoachesPortal.PatientDetails.UserActivitiesBloodSugar","CoachesPortal.PatientDetails.UserActivitiesBloodSugar","verifyBloodSugarInCoachPortal","Verify user as Ethelyn in useractivities tab added current date blood sugar fasting ,before meal and after meal",""
"passed","Sat Dec 06 21:47:03 UTC 2025","Sat Dec 06 21:47:05 UTC 2025","1839","HabitNuCoachPortalSuite","GeneralContent","CoachesPortal.generalContent_WEb_Coaches","CoachesPortal.generalContent_WEb_Coaches","case4","Creating tags for Sleep",""
"passed","Sat Dec 06 20:55:01 UTC 2025","Sat Dec 06 20:55:04 UTC 2025","2606","HabitNuCoachPortalSuite","HabitNuCoachesPortalRegression-PartA","CoachesPortal.DiscussionForumPage","CoachesPortal.DiscussionForumPage","case28","test1 > Given I am logged in as admin, I am validating Delete all posts","test1 > Given I am logged in as admin, I am validating Delete all posts"
"passed","Sat Dec 06 21:50:29 UTC 2025","Sat Dec 06 21:50:40 UTC 2025","10635","HabitNuCoachPortalSuite","Milestones","CoachesPortal.VAMilestone","CoachesPortal.VAMilestone","test14_validating_VAHeaders_data","And user is validating to VAHeaders data by clicking arrow button",""
"passed","Sat Dec 06 20:50:51 UTC 2025","Sat Dec 06 20:50:53 UTC 2025","2632","HabitNuCoachPortalSuite","HabitNuCoachesPortalRegression-PartA","CoachesPortal.DiscussionForumPage","CoachesPortal.DiscussionForumPage","case28","test1 > Given I am logged in as coach, I am validating Delete all posts","test1 > Given I am logged in as coach, I am validating Delete all posts"
"passed","Sat Dec 06 20:51:03 UTC 2025","Sat Dec 06 20:51:04 UTC 2025","838","HabitNuCoachPortalSuite","HabitNuCoachesPortalRegression-PartA","CoachesPortal.DiscussionForumPage","CoachesPortal.DiscussionForumPage","case8","test1 > Given I am logged in as admin, I am validating Add describe only- success post.","test1 > Given I am logged in as admin, I am validating Add describe only- success post."
"passed","Sat Dec 06 21:11:09 UTC 2025","Sat Dec 06 21:11:09 UTC 2025","48","HabitNuCoachPortalSuite","HabitNuCoachesPortalRegression-PartB","CoachesPortal.PatientDetails.PatientProfileDemographic","CoachesPortal.PatientDetails.PatientProfileDemographic","verifyOtherdetails","test1 > Given I am logged in as coach, verifyOtherdetails","test1 > Given I am logged in as coach, verifyOtherdetails"
"passed","Sat Dec 06 22:03:29 UTC 2025","Sat Dec 06 22:03:29 UTC 2025","75","HabitNuCoachPortalSuite","DifferentTypeOfDashboards","CoachesPortal.CohortLevelDashboard.OnlineCohortDashboard","CoachesPortal.CohortLevelDashboard.OnlineCohortDashboard","coachName","test1 > Given I am logged in as coach, I am validating online cohort 'dashboard-card=coachName","test1 > Given I am logged in as coach, I am validating online cohort 'dashboard-card=coachName"
"passed","Sat Dec 06 21:29:11 UTC 2025","Sat Dec 06 21:29:12 UTC 2025","1389","HabitNuCoachPortalSuite","Paywal","CoachesPortal.payWall","CoachesPortal.payWall","testFilterTransactions","COP-T400: Validate all transaction filters",""
"passed","Sat Dec 06 20:59:57 UTC 2025","Sat Dec 06 20:59:57 UTC 2025","181","HabitNuCoachPortalSuite","HabitNuCoachesPortalRegression-PartA","CoachesPortal.DirectMessage","CoachesPortal.DirectMessage","sendMessageToPatient_1","send a message to participant",""
"passed","Sat Dec 06 21:57:46 UTC 2025","Sat Dec 06 21:57:46 UTC 2025","76","HabitNuCoachPortalSuite","UserDashboard","CoachesPortal.PatientDashboard","CoachesPortal.PatientDashboard","patientWeeklyStatus_Meals","test11 > Given I am logged in as coach, when I am on adding Meal by logging into user app, Then I should be able to see added Meal count==1 under patientWeeklyStatus_Meals","coach login - user/patient/partcipant dashboard validation"
"passed","Sat Dec 06 22:06:32 UTC 2025","Sat Dec 06 22:06:35 UTC 2025","3130","HabitNuCoachPortalSuite","DifferentTypeOfDashboards","CoachesPortal.CohortLevelDashboard.OnsiteCohortDashboard","CoachesPortal.CohortLevelDashboard.OnsiteCohortDashboard","case1","test1 > Given I am logged in as customer admin, I am validating onsite cohort 'dashboard-cards","test1 > Given I am logged in as customer admin, I am validating onsite cohort 'dashboard-cards"
"broken","Sat Dec 06 20:37:39 UTC 2025","Sat Dec 06 20:37:54 UTC 2025","15512","HabitNuCoachPortalSuite","HabitNuCoachesPortalRegression-PartA","CoachesPortal.CohortLevelDashboard.CohortLevelDashboardPage","CoachesPortal.CohortLevelDashboard.CohortLevelDashboardPage","case17","Food Category Previous Week Data.",""
"failed","Sat Dec 06 22:10:45 UTC 2025","Sat Dec 06 22:10:47 UTC 2025","2167","HabitNuCoachPortalSuite","DifferentTypeOfDashboards","CoachesPortal.CohortLevelDashboard.OnsiteCohortDashboard","CoachesPortal.CohortLevelDashboard.OnsiteCohortDashboard","foodCategory_fat_contentValidation","test1 > Given I am logged in as coach, I am validating onsite cohort 'foodCategoryGraph - foodCategory_fat_contentValidation","test1 > Given I am logged in as coach, I am validating onsite cohort 'foodCategoryGraph - foodCategory_fat_contentValidation"
"failed","Sat Dec 06 22:09:19 UTC 2025","Sat Dec 06 22:09:20 UTC 2025","238","HabitNuCoachPortalSuite","DifferentTypeOfDashboards","CoachesPortal.CohortLevelDashboard.OnsiteCohortDashboard","CoachesPortal.CohortLevelDashboard.OnsiteCohortDashboard","male_female_card_withUdate_to_male","test1 > Given I am logged in as coach, I am validating onsite cohort 'dashboard-card=male_female_card_withUdate_to_male","test1 > Given I am logged in as coach, I am validating onsite cohort 'dashboard-card=male_female_card_withUdate_to_male"
"passed","Sat Dec 06 21:42:49 UTC 2025","Sat Dec 06 21:42:51 UTC 2025","1415","HabitNuCoachPortalSuite","LoginPageCases","CoachesPortal.LoginPageCases","CoachesPortal.LoginPageCases","testRestpasswordCase3","validate users be able to reset password, while doing so entering passwords that do not match with previous ones",""
"passed","Sat Dec 06 21:38:57 UTC 2025","Sat Dec 06 21:38:57 UTC 2025","146","HabitNuCoachPortalSuite","HabitNuCoachesPortalRegression-PartC","CoachesPortal.PatientDetails.PatientProfilePayerType","CoachesPortal.PatientDetails.PatientProfilePayerType","verifyPayerType","verify PayerType for Ethylen",""
"passed","Sat Dec 06 22:17:18 UTC 2025","Sat Dec 06 22:17:19 UTC 2025","102","HabitNuCoachPortalSuite","DifferentTypeOfDashboards","CoachesPortal.CohortLevelDashboard.DSMEDashboardCoachesPortal","CoachesPortal.CohortLevelDashboard.DSMEDashboardCoachesPortal","test13_verifyBloodSugarByPatientsWithAllDefaultOption","Verify Blood Sugar by Patients Should be selected by dropdownCard with all as default option",""
"passed","Sat Dec 06 21:11:42 UTC 2025","Sat Dec 06 21:11:42 UTC 2025","31","HabitNuCoachPortalSuite","HabitNuCoachesPortalRegression-PartB","CoachesPortal.PatientDetails.PatientProfileDemographic","CoachesPortal.PatientDetails.PatientProfileDemographic","verifyDisenrollmentDetails","test1 > Given I am logged in as customer admin, verifyDisenrollmentDetails","test1 > Given I am logged in as customer admin, verifyDisenrollmentDetails"
"skipped","Sat Dec 06 21:09:07 UTC 2025","Sat Dec 06 21:09:07 UTC 2025","1","HabitNuCoachPortalSuite","HabitNuCoachesPortalRegression-PartB","CoachesPortal.OnsiteUsersListDashboard","CoachesPortal.OnsiteUsersListDashboard","case46","test1 > Given I am logged in as customerAdmin, hover over milestone dot to validate disenrolled state text","test1 > Given I am logged in as customerAdmin, hover over milestone dot to validate disenrolled state text"
"passed","Sat Dec 06 22:07:36 UTC 2025","Sat Dec 06 22:07:37 UTC 2025","265","HabitNuCoachPortalSuite","DifferentTypeOfDashboards","CoachesPortal.CohortLevelDashboard.OnsiteCohortDashboard","CoachesPortal.CohortLevelDashboard.OnsiteCohortDashboard","AttendanceByparticipantsGraph","test1 > Given I am logged in as customer admin, I am validating onsite cohort 'AttendanceByparticipantsGraph","test1 > Given I am logged in as customer admin, I am validating onsite cohort 'AttendanceByparticipantsGraph"
"passed","Sat Dec 06 21:28:51 UTC 2025","Sat Dec 06 21:28:53 UTC 2025","2160","HabitNuCoachPortalSuite","Paywal","CoachesPortal.payWall","CoachesPortal.payWall","testFilterSubscriptions","COP-T397–399: Validate subscription filters",""
"passed","Sat Dec 06 21:26:58 UTC 2025","Sat Dec 06 21:26:58 UTC 2025","0","HabitNuCoachPortalSuite","Scheduler","CoachesPortal.Schedular","CoachesPortal.Schedular","validateInteractionEntries_Claimed","test1 > Given I am logged in as admin, verify group interaction entries are made automatically when meet is attended for min of 1min > Validating field==Claimed","test1 > Given I am logged in as admin, verify group interaction entries are made automatically when meet is attended for min of 1min > Validating field==Claimed"
"passed","Sat Dec 06 21:11:23 UTC 2025","Sat Dec 06 21:11:24 UTC 2025","228","HabitNuCoachPortalSuite","HabitNuCoachesPortalRegression-PartB","CoachesPortal.PatientDetails.PatientProfileDemographic","CoachesPortal.PatientDetails.PatientProfileDemographic","verifyConfirmed_By_CoachNo","test1 > Given I am logged in as customer admin, verifyConfirmed_By_Coach by clicking on No","test1 > Given I am logged in as customer admin, verifyConfirmed_By_Coach by clicking on No"
"passed","Sat Dec 06 20:39:07 UTC 2025","Sat Dec 06 20:39:09 UTC 2025","1750","HabitNuCoachPortalSuite","HabitNuCoachesPortalRegression-PartA","CoachesPortal.CohortLevelDashboard.CohortLevelDashboardPage","CoachesPortal.CohortLevelDashboard.CohortLevelDashboardPage","case26","Click on Participant in average BP- should navigate to user dashboard.",""
"skipped","Sat Dec 06 21:09:07 UTC 2025","Sat Dec 06 21:09:07 UTC 2025","1","HabitNuCoachPortalSuite","HabitNuCoachesPortalRegression-PartB","CoachesPortal.OnsiteUsersListDashboard","CoachesPortal.OnsiteUsersListDashboard","verifyConfirmed_By_CoachNo","test1 > Given I am logged in as customerAdmin, verifyConfirmed_By_Coach is updated to TRUE when coach update to No from user profile","test1 > Given I am logged in as customerAdmin, verifyConfirmed_By_Coach is updated to TRUE when coach update to No from user profile"
"passed","Sat Dec 06 20:56:34 UTC 2025","Sat Dec 06 20:56:39 UTC 2025","5225","HabitNuCoachPortalSuite","HabitNuCoachesPortalRegression-PartA","CoachesPortal.DiscussionForumPage","CoachesPortal.DiscussionForumPage","case16","test1 > Given I am logged in as customerAdmin, I am validating upload upto 5 files with Description- Success.","test1 > Given I am logged in as customerAdmin, I am validating upload upto 5 files with Description- Success."
"passed","Sat Dec 06 20:59:50 UTC 2025","Sat Dec 06 20:59:51 UTC 2025","1251","HabitNuCoachPortalSuite","HabitNuCoachesPortalRegression-PartA","CoachesPortal.DirectMessage","CoachesPortal.DirectMessage","searchParticipantByLastName","Search by lastname > It should display the participant by lastname",""
"passed","Sat Dec 06 20:51:39 UTC 2025","Sat Dec 06 20:52:05 UTC 2025","25293","HabitNuCoachPortalSuite","HabitNuCoachesPortalRegression-PartA","CoachesPortal.DiscussionForumPage","CoachesPortal.DiscussionForumPage","case15","test1 > Given I am logged in as admin, I am validating upload upto 5 files.","test1 > Given I am logged in as admin, I am validating upload upto 5 files. "
"failed","Sat Dec 06 22:04:19 UTC 2025","Sat Dec 06 22:04:21 UTC 2025","2166","HabitNuCoachPortalSuite","DifferentTypeOfDashboards","CoachesPortal.CohortLevelDashboard.OnlineCohortDashboard","CoachesPortal.CohortLevelDashboard.OnlineCohortDashboard","foodCategory_protein_contentValidation","test1 > Given I am logged in as coach, I am validating online cohort 'foodCategoryGraph - foodCategory_protein_contentValidation","test1 > Given I am logged in as coach, I am validating online cohort 'foodCategoryGraph - foodCategory_protein_contentValidation"
"skipped","Sat Dec 06 21:09:07 UTC 2025","Sat Dec 06 21:09:07 UTC 2025","0","HabitNuCoachPortalSuite","HabitNuCoachesPortalRegression-PartB","CoachesPortal.OnsiteUsersListDashboard","CoachesPortal.OnsiteUsersListDashboard","case36","test1 > Given I am logged in as customerAdmin, sorting users table with Join Date in asc order","test1 > Given I am logged in as customerAdmin, sorting users table with Join Date in asc order"
"passed","Sat Dec 06 22:03:29 UTC 2025","Sat Dec 06 22:03:34 UTC 2025","4452","HabitNuCoachPortalSuite","DifferentTypeOfDashboards","CoachesPortal.CohortLevelDashboard.OnlineCohortDashboard","CoachesPortal.CohortLevelDashboard.OnlineCohortDashboard","coachInteractionGraph","test1 > Given I am logged in as coach, I am validating online cohort 'coachInteractionGraph","test1 > Given I am logged in as coach, I am validating online cohort 'coachInteractionGraph"
"failed","Sat Dec 06 22:04:16 UTC 2025","Sat Dec 06 22:04:19 UTC 2025","2167","HabitNuCoachPortalSuite","DifferentTypeOfDashboards","CoachesPortal.CohortLevelDashboard.OnlineCohortDashboard","CoachesPortal.CohortLevelDashboard.OnlineCohortDashboard","foodCategory_carb_contentValidation","test1 > Given I am logged in as coach, I am validating online cohort 'foodCategoryGraph - foodCategory_carb_contentValidation","test1 > Given I am logged in as coach, I am validating online cohort 'foodCategoryGraph - foodCategory_carb_contentValidation"
"passed","Sat Dec 06 22:17:21 UTC 2025","Sat Dec 06 22:17:27 UTC 2025","6454","HabitNuCoachPortalSuite","DifferentTypeOfDashboards","CoachesPortal.CohortLevelDashboard.ParticipantsProgressTracker","CoachesPortal.CohortLevelDashboard.ParticipantsProgressTracker","test1_navigating","Given user is navigating to coaches portal",""
"passed","Sat Dec 06 20:47:59 UTC 2025","Sat Dec 06 20:48:14 UTC 2025","15291","HabitNuCoachPortalSuite","HabitNuCoachesPortalRegression-PartA","CoachesPortal.DiscussionForumPage","CoachesPortal.DiscussionForumPage","case17","test1 > Given I am logged in as coach, I am validating Upload more than 5 files.- Error.","test1 > Given I am logged in as coach, I am validating Upload more than 5 files.- Error"
"passed","Sat Dec 06 21:09:16 UTC 2025","Sat Dec 06 21:09:17 UTC 2025","1744","HabitNuCoachPortalSuite","HabitNuCoachesPortalRegression-PartB","CoachesPortal.PatientDetails.CommunicationLogsCoachesPortal","CoachesPortal.PatientDetails.CommunicationLogsCoachesPortal","verifyCommunicationLogsWithEmail","verifyCommunicationLogsWithEmail",""
"passed","Sat Dec 06 20:41:05 UTC 2025","Sat Dec 06 20:41:07 UTC 2025","1910","HabitNuCoachPortalSuite","HabitNuCoachesPortalRegression-PartA","CoachesPortal.LearnModule.Learn","CoachesPortal.LearnModule.Learn","checkLearnTabOnCoachesWhenCourseIsPublished","check learn tab on coaches portal when course is published",""
"passed","Sat Dec 06 21:43:19 UTC 2025","Sat Dec 06 21:43:25 UTC 2025","5476","HabitNuCoachPortalSuite","LogClassSession","CoachesPortal.LogClassSection","CoachesPortal.LogClassSection","verifySearchPatientByName","Search Participant By Name",""
"passed","Sat Dec 06 21:11:43 UTC 2025","Sat Dec 06 21:11:52 UTC 2025","8654","HabitNuCoachPortalSuite","HabitNuCoachesPortalRegression-PartB","CoachesPortal.PatientDetails.PatientProfileDemographic","CoachesPortal.PatientDetails.PatientProfileDemographic","updateDisenrollmentDetails_with_onlyDisenrolledCodeData","test1 > Given I am logged in as customer admin, Disenrolled Reason Code","test1 > Given I am logged in as customer admin, Disenrolled Reason Code"
"passed","Sat Dec 06 20:40:40 UTC 2025","Sat Dec 06 20:40:43 UTC 2025","3128","HabitNuCoachPortalSuite","HabitNuCoachesPortalRegression-PartA","CoachesPortal.LearnModule.Learn","CoachesPortal.LearnModule.Learn","checkDefaultCourseInfoMessage","add course to the cohort",""
"passed","Sat Dec 06 22:04:49 UTC 2025","Sat Dec 06 22:04:50 UTC 2025","990","HabitNuCoachPortalSuite","DifferentTypeOfDashboards","CoachesPortal.CohortLevelDashboard.OnlineCohortDashboard","CoachesPortal.CohortLevelDashboard.OnlineCohortDashboard","case5","test1 > Given I am logged in as customer admin, I am validating online cohort 'Weight Loss By Participants validation on graph with 'Added by coach' option","test1 > Given I am logged in as customer admin, I am validating online cohort 'Weight Loss By Participants validation on graph with 'Added by coach' option"
"passed","Sat Dec 06 21:11:12 UTC 2025","Sat Dec 06 21:11:12 UTC 2025","6","HabitNuCoachPortalSuite","HabitNuCoachesPortalRegression-PartB","CoachesPortal.PatientDetails.PatientProfileDemographic","CoachesPortal.PatientDetails.PatientProfileDemographic","updateCurrentGender","test1 > Given I am logged in as coach, Current Gender","test1 > Given I am logged in as coach, Current Gender"
"passed","Sat Dec 06 21:04:56 UTC 2025","Sat Dec 06 21:04:57 UTC 2025","1627","HabitNuCoachPortalSuite","HabitNuCoachesPortalRegression-PartB","CoachesPortal.OnsiteUsersListDashboard","CoachesPortal.OnsiteUsersListDashboard","case19","test1 > Given I am logged in as coach, Cancel Scenarios- Call","test1 > Given I am logged in as coach, Cancel Scenarios- Call"
"passed","Sat Dec 06 21:57:34 UTC 2025","Sat Dec 06 21:57:39 UTC 2025","5538","HabitNuCoachPortalSuite","UserDashboard","CoachesPortal.PatientDashboard","CoachesPortal.PatientDashboard","hbA1cHistory","test7 > Given I am logged in as coach, wehn I am on adding hba1c from user Dashboard, Then I should be able to see added hba1c on Hba1c graph","coach login - user/patient/partcipant dashboard validation"
"passed","Sat Dec 06 20:59:55 UTC 2025","Sat Dec 06 20:59:56 UTC 2025","1226","HabitNuCoachPortalSuite","HabitNuCoachesPortalRegression-PartA","CoachesPortal.DirectMessage","CoachesPortal.DirectMessage","searchParticipantByLastName_who_is_notPartOfthisCohort","Search participant by LastName who is not part of this cohort",""
"broken","Sat Dec 06 21:46:53 UTC 2025","Sat Dec 06 21:46:55 UTC 2025","1232","HabitNuCoachPortalSuite","GroupDPPClassPlanner","CoachesPortal.ClassPlanner","CoachesPortal.ClassPlanner","case36","validate user is able to view classPlanner item==app-link",""
"broken","Sat Dec 06 21:07:56 UTC 2025","Sat Dec 06 21:08:21 UTC 2025","25640","HabitNuCoachPortalSuite","HabitNuCoachesPortalRegression-PartB","CoachesPortal.OnsiteUsersListDashboard","CoachesPortal.OnsiteUsersListDashboard","case16","test1 > Given I am logged in as admin, Click on headphone icon- check for Pop up.","test1 > Given I am logged in as admin, Click on headphone icon- check for Pop up."
"failed","Sat Dec 06 22:06:19 UTC 2025","Sat Dec 06 22:06:21 UTC 2025","2166","HabitNuCoachPortalSuite","DifferentTypeOfDashboards","CoachesPortal.CohortLevelDashboard.OnlineCohortDashboard","CoachesPortal.CohortLevelDashboard.OnlineCohortDashboard","foodCategory_fat_contentValidation","test1 > Given I am logged in as customer admin, I am validating online cohort 'foodCategoryGraph - foodCategory_fat_contentValidation","test1 > Given I am logged in as customer admin, I am validating online cohort 'foodCategoryGraph - foodCategory_fat_contentValidation"
"passed","Sat Dec 06 21:45:50 UTC 2025","Sat Dec 06 21:46:00 UTC 2025","10221","HabitNuCoachPortalSuite","GroupDPPClassPlanner","CoachesPortal.ClassPlanner","CoachesPortal.ClassPlanner","case16","Cancel Unarchive card",""
"passed","Sat Dec 06 20:56:54 UTC 2025","Sat Dec 06 20:56:55 UTC 2025","1063","HabitNuCoachPortalSuite","HabitNuCoachesPortalRegression-PartA","CoachesPortal.DiscussionForumPage","CoachesPortal.DiscussionForumPage","case18","test1 > Given I am logged in as customerAdmin, I am validating Edit Post- Subject only- Update- Success","test1 > Given I am logged in as customerAdmin, I am validating Edit Post- Subject only- Update- Success"
"skipped","Sat Dec 06 21:09:07 UTC 2025","Sat Dec 06 21:09:07 UTC 2025","0","HabitNuCoachPortalSuite","HabitNuCoachesPortalRegression-PartB","CoachesPortal.OnsiteUsersListDashboard","CoachesPortal.OnsiteUsersListDashboard","case48","test1 > Given I am logged in as customerAdmin, enroll user but click - N0","test1 > Given I am logged in as customerAdmin, enroll user but click - N0"
"passed","Sat Dec 06 21:43:01 UTC 2025","Sat Dec 06 21:43:03 UTC 2025","2550","HabitNuCoachPortalSuite","LoginPageCases","CoachesPortal.LoginPageCases","CoachesPortal.LoginPageCases","case15","Coaches Portal Feedback URL -> Add Feedback-> Keep other fields empty -> Click on submit feedback",""
"passed","Sat Dec 06 21:58:20 UTC 2025","Sat Dec 06 21:58:20 UTC 2025","122","HabitNuCoachPortalSuite","FeatureFlags","CoachesPortal.FeatureFlags","CoachesPortal.FeatureFlags","test7_navigatingflag","And user is able to navigating the flag details section",""
"passed","Sat Dec 06 21:48:44 UTC 2025","Sat Dec 06 21:48:46 UTC 2025","1440","HabitNuCoachPortalSuite","Milestones","CoachesPortal.BPSMMilestone","CoachesPortal.BPSMMilestone","test2_changecohort","When user is able to change the cohort",""
"passed","Sat Dec 06 21:57:47 UTC 2025","Sat Dec 06 21:57:51 UTC 2025","3992","HabitNuCoachPortalSuite","UserDashboard","CoachesPortal.PatientDashboard","CoachesPortal.PatientDashboard","patientVWeeklyStatusVideo_when_100_percentWatched","test15 > Given I am logged in as coach, when I am on watching a video completely by logging into user app, Then I should be able to see watched Video count==1 under patientVWeeklyStatusVideo","coach login - user/patient/partcipant dashboard validation"
"passed","Sat Dec 06 20:40:32 UTC 2025","Sat Dec 06 20:40:40 UTC 2025","8019","HabitNuCoachPortalSuite","HabitNuCoachesPortalRegression-PartA","CoachesPortal.LearnModule.Learn","CoachesPortal.LearnModule.Learn","addCourseToTheCohort","add course to the cohort",""
"passed","Sat Dec 06 21:06:54 UTC 2025","Sat Dec 06 21:06:55 UTC 2025","282","HabitNuCoachPortalSuite","HabitNuCoachesPortalRegression-PartB","CoachesPortal.OnsiteUsersListDashboard","CoachesPortal.OnsiteUsersListDashboard","case4","test1 > Given I am logged in as admin, Seach user by name.","test1 > Given I am logged in as admin, Seach user by name."
"passed","Sat Dec 06 21:42:55 UTC 2025","Sat Dec 06 21:42:55 UTC 2025","124","HabitNuCoachPortalSuite","LoginPageCases","CoachesPortal.LoginPageCases","CoachesPortal.LoginPageCases","testLoginWithValidEmailAndEmptyPassword","try login with valid email and empty password",""
"passed","Sat Dec 06 22:02:51 UTC 2025","Sat Dec 06 22:02:51 UTC 2025","790","HabitNuCoachPortalSuite","DifferentTypeOfDashboards","CoachesPortal.CohortLevelDashboard.OnlineCohortDashboard","CoachesPortal.CohortLevelDashboard.OnlineCohortDashboard","case6","test1 > Given I am logged in as coach, I am validating online cohort 'Weight Loss By Participants validation on graph with 'Added by user' option","test1 > Given I am logged in as coach, I am validating online cohort 'Weight Loss By Participants validation on graph with 'Added by user' option"
"passed","Sat Dec 06 20:36:50 UTC 2025","Sat Dec 06 20:36:52 UTC 2025","2337","HabitNuCoachPortalSuite","HabitNuCoachesPortalRegression-PartA","CoachesPortal.CohortLevelDashboard.CohortLevelDashboardPage","CoachesPortal.CohortLevelDashboard.CohortLevelDashboardPage","case11","Coach Interactions by Participants- click on participant and navigate to dashboard.",""
"passed","Sat Dec 06 21:27:01 UTC 2025","Sat Dec 06 21:27:27 UTC 2025","26026","HabitNuCoachPortalSuite","Paywal","CoachesPortal.payWall","CoachesPortal.payWall","validatePaywallPage","Navigate to Paywall and validate header tabs",""
"passed","Sat Dec 06 21:11:31 UTC 2025","Sat Dec 06 21:11:31 UTC 2025","41","HabitNuCoachPortalSuite","HabitNuCoachesPortalRegression-PartB","CoachesPortal.PatientDetails.PatientProfileDemographic","CoachesPortal.PatientDetails.PatientProfileDemographic","verifyContactDetails","test1 > Given I am logged in as customer admin, verifyContactDetails","test1 > Given I am logged in as customer admin, verifyContactDetails"
"passed","Sat Dec 06 21:02:30 UTC 2025","Sat Dec 06 21:02:31 UTC 2025","305","HabitNuCoachPortalSuite","HabitNuCoachesPortalRegression-PartB","CoachesPortal.OnsiteUsersListDashboard","CoachesPortal.OnsiteUsersListDashboard","case5","test1 > Given I am logged in as coach, Seach user by email.","test1 > Given I am logged in as coach, Seach user by email."
"passed","Sat Dec 06 21:06:58 UTC 2025","Sat Dec 06 21:07:02 UTC 2025","3351","HabitNuCoachPortalSuite","HabitNuCoachesPortalRegression-PartB","CoachesPortal.OnsiteUsersListDashboard","CoachesPortal.OnsiteUsersListDashboard","case9","test1 > Given I am logged in as admin, Form Survey for cohort- Disability.","test1 > Given I am logged in as admin, Form Survey for cohort- Disability."
"broken","Sat Dec 06 21:38:57 UTC 2025","Sat Dec 06 21:38:57 UTC 2025","459","HabitNuCoachPortalSuite","HabitNuCoachesPortalRegression-PartC","CoachesPortal.PatientDetails.PatientProfilePayerType","CoachesPortal.PatientDetails.PatientProfilePayerType","editPayerType","edit PayerType for Ethylen",""
"skipped","Sat Dec 06 21:09:07 UTC 2025","Sat Dec 06 21:09:07 UTC 2025","0","HabitNuCoachPortalSuite","HabitNuCoachesPortalRegression-PartB","CoachesPortal.OnsiteUsersListDashboard","CoachesPortal.OnsiteUsersListDashboard","verifyConfirmed_By_CoachYes","test1 > Given I am logged in as customerAdmin, verifyConfirmed_By_Coach is updated to TRUE when coach update to Yes from user profile","test1 > Given I am logged in as customerAdmin, verifyConfirmed_By_Coach is updated to TRUE when coach update to Yes from user profile"
"passed","Sat Dec 06 22:03:04 UTC 2025","Sat Dec 06 22:03:17 UTC 2025","12694","HabitNuCoachPortalSuite","DifferentTypeOfDashboards","CoachesPortal.CohortLevelDashboard.OnlineCohortDashboard","CoachesPortal.CohortLevelDashboard.OnlineCohortDashboard","male_female_card_with_update_to_female","test1 > Given I am logged in as coach, I am validating online cohort 'dashboard-card=male_female_card_with_update_to_female","test1 > Given I am logged in as coach, I am validating online cohort 'dashboard-card=male_female_card_with_update_to_female"
"passed","Sat Dec 06 20:44:54 UTC 2025","Sat Dec 06 20:44:55 UTC 2025","303","HabitNuCoachPortalSuite","HabitNuCoachesPortalRegression-PartA","CoachesPortal.LearnModule.CustomerAdminCourseDocument","CoachesPortal.LearnModule.CustomerAdminCourseDocument","verifyOpeningCustAdminCourseDocument","Verify Opening Customer Admin Should have CourseDocument",""
"passed","Sat Dec 06 20:55:30 UTC 2025","Sat Dec 06 20:55:33 UTC 2025","2176","HabitNuCoachPortalSuite","HabitNuCoachesPortalRegression-PartA","CoachesPortal.DiscussionForumPage","CoachesPortal.DiscussionForumPage","case7","test1 > Given I am logged in as customerAdmin, I am validating Add subject and describe- success post.","test1 > Given I am logged in as customerAdmin, I am validating Add subject and describe- success post."
"passed","Sat Dec 06 21:38:23 UTC 2025","Sat Dec 06 21:38:24 UTC 2025","406","HabitNuCoachPortalSuite","HabitNuCoachesPortalRegression-PartC","CoachesPortal.PatientDetails.PatientProfileImmunizations","CoachesPortal.PatientDetails.PatientProfileImmunizations","editImmunication","edit immunization for Ethylen",""
"passed","Sat Dec 06 21:14:08 UTC 2025","Sat Dec 06 21:14:13 UTC 2025","4788","HabitNuCoachPortalSuite","HabitNuCoachesPortalRegression-PartB","CoachesPortal.PatientDetails.UserActivitiesBloodPressure","CoachesPortal.PatientDetails.UserActivitiesBloodPressure","verifyYesterdayBPDataInCoachesPortal","Add yesterday date blood pressure",""
"passed","Sat Dec 06 21:58:17 UTC 2025","Sat Dec 06 21:58:19 UTC 2025","1655","HabitNuCoachPortalSuite","FeatureFlags","CoachesPortal.FeatureFlags","CoachesPortal.FeatureFlags","test3_validatingadmin","When user is validating to Admin section ",""
"passed","Sat Dec 06 21:10:07 UTC 2025","Sat Dec 06 21:10:07 UTC 2025","41","HabitNuCoachPortalSuite","HabitNuCoachesPortalRegression-PartB","CoachesPortal.PatientDetails.PatientProfileDemographic","CoachesPortal.PatientDetails.PatientProfileDemographic","verifyAddressDetails","test1 > Given I am logged in as coach, verifyAddressDetails","test1 > Given I am logged in as coach, verifyAddressDetails"
"passed","Sat Dec 06 21:42:32 UTC 2025","Sat Dec 06 21:42:32 UTC 2025","18","HabitNuCoachPortalSuite","ProjectPowerDashboard","CoachesPortal.ProjectPowerDashboard","CoachesPortal.ProjectPowerDashboard","verifyDemographicsIRW","Demographics page - Initial Reported Weight",""
"passed","Sat Dec 06 21:29:12 UTC 2025","Sat Dec 06 21:29:13 UTC 2025","1220","HabitNuCoachPortalSuite","Paywal","CoachesPortal.payWall","CoachesPortal.payWall","testFilterTransactions","COP-T400: Validate all transaction filters",""
"passed","Sat Dec 06 22:06:51 UTC 2025","Sat Dec 06 22:06:52 UTC 2025","1010","HabitNuCoachPortalSuite","DifferentTypeOfDashboards","CoachesPortal.CohortLevelDashboard.OnsiteCohortDashboard","CoachesPortal.CohortLevelDashboard.OnsiteCohortDashboard","case5","test1 > Given I am logged in as customer admin, I am validating onsite cohort 'Weight Loss By Participants validation on graph with 'Added by coach' option","test1 > Given I am logged in as customer admin, I am validating onsite cohort 'Weight Loss By Participants validation on graph with 'Added by coach' option"
"passed","Sat Dec 06 21:24:32 UTC 2025","Sat Dec 06 21:24:33 UTC 2025","71","HabitNuCoachPortalSuite","Scheduler","CoachesPortal.Schedular","CoachesPortal.Schedular","validateInteractionEntries_Claimed","test1 > Given I am logged in as coach, verify group interaction entries are made automatically when meet is attended for min of 1min > Validating field==Claimed","test1 > Given I am logged in as coach, verify group interaction entries are made automatically when meet is attended for min of 1min > Validating field==Claimed"
"passed","Sat Dec 06 21:09:04 UTC 2025","Sat Dec 06 21:09:04 UTC 2025","221","HabitNuCoachPortalSuite","HabitNuCoachesPortalRegression-PartB","CoachesPortal.OnsiteUsersListDashboard","CoachesPortal.OnsiteUsersListDashboard","case20","test1 > Given I am logged in as admin, Clicking on Cohort should navigate to Dashboard.","test1 > Given I am logged in as admin, Clicking on Cohort should navigate to Dashboard."
"passed","Sat Dec 06 20:41:07 UTC 2025","Sat Dec 06 20:41:10 UTC 2025","2891","HabitNuCoachPortalSuite","HabitNuCoachesPortalRegression-PartA","CoachesPortal.LearnModule.Learn","CoachesPortal.LearnModule.Learn","removeCourseFromTheCohort","remove course from the cohort",""
"broken","Sat Dec 06 21:07:55 UTC 2025","Sat Dec 06 21:07:56 UTC 2025","1280","HabitNuCoachPortalSuite","HabitNuCoachesPortalRegression-PartB","CoachesPortal.OnsiteUsersListDashboard","CoachesPortal.OnsiteUsersListDashboard","case15","test1 > Given I am logged in as admin, Click on a user and check whether its navigating to the dashboard.","test1 > Given I am logged in as admin, Click on a user and check whether its navigating to the dashboard."
"passed","Sat Dec 06 21:45:42 UTC 2025","Sat Dec 06 21:45:43 UTC 2025","776","HabitNuCoachPortalSuite","GroupDPPClassPlanner","CoachesPortal.ClassPlanner","CoachesPortal.ClassPlanner","case4","create multiple lists",""
"passed","Sat Dec 06 20:48:26 UTC 2025","Sat Dec 06 20:48:32 UTC 2025","5836","HabitNuCoachPortalSuite","HabitNuCoachesPortalRegression-PartA","CoachesPortal.DiscussionForumPage","CoachesPortal.DiscussionForumPage","case25","test1 > Given I am logged in as coach, I am validating Comment on pinned post.","test1 > Given I am logged in as coach, I am validating Comment on pinned post."
"passed","Sat Dec 06 21:54:38 UTC 2025","Sat Dec 06 21:54:43 UTC 2025","5401","HabitNuCoachPortalSuite","UserDashboard","CoachesPortal.PatientDashboard","CoachesPortal.PatientDashboard","Last_BeforeMeal_Blood_Sugar","test20 > Given I am logged in as admin, wehn I am on Participants dashboard page, when I add bloodsugar BEFORE-MEAL type, Then I should be able to see the added data on dashboard card==Last_BeforeMeal_Blood_Sugar","admin login - clicking on scheduler should open the scheduler page in coaches portal"
"passed","Sat Dec 06 21:16:23 UTC 2025","Sat Dec 06 21:16:29 UTC 2025","6441","HabitNuCoachPortalSuite","HabitNuCoachesPortalRegression-PartB","CoachesPortal.PatientDetails.UserActivitiesBloodSugar","CoachesPortal.PatientDetails.UserActivitiesBloodSugar","verifyBloodSugarInWebPortal","Verify login to webapp and data reflected in bloodsugar section",""
"broken","Sat Dec 06 21:36:55 UTC 2025","Sat Dec 06 21:37:25 UTC 2025","30300","HabitNuCoachPortalSuite","HabitNuCoachesPortalRegression-PartC","CoachesPortal.PatientDetails.PatientProfilePreAuth","CoachesPortal.PatientDetails.PatientProfilePreAuth","editPreAuth","edit PreAuth for Ethylen",""
"passed","Sat Dec 06 20:44:00 UTC 2025","Sat Dec 06 20:44:15 UTC 2025","14075","HabitNuCoachPortalSuite","HabitNuCoachesPortalRegression-PartA","CoachesPortal.LearnModule.Learn","CoachesPortal.LearnModule.Learn","deleteCourseContent","delete course content",""
"passed","Sat Dec 06 21:42:32 UTC 2025","Sat Dec 06 21:42:32 UTC 2025","10","HabitNuCoachPortalSuite","ProjectPowerDashboard","CoachesPortal.ProjectPowerDashboard","CoachesPortal.ProjectPowerDashboard","verifyDemographicsParticipantCountByMarket","Demographics page - Participant Count by Market",""
"passed","Sat Dec 06 21:48:48 UTC 2025","Sat Dec 06 21:48:48 UTC 2025","126","HabitNuCoachPortalSuite","Milestones","CoachesPortal.BPSMMilestone","CoachesPortal.BPSMMilestone","test4_navigating_milestone","And user is navigating to milestone",""
"broken","Sat Dec 06 22:08:27 UTC 2025","Sat Dec 06 22:08:27 UTC 2025","176","HabitNuCoachPortalSuite","DifferentTypeOfDashboards","CoachesPortal.CohortLevelDashboard.OnsiteCohortDashboard","CoachesPortal.CohortLevelDashboard.OnsiteCohortDashboard","foodCategory_actions_dropdown","test1 > Given I am logged in as customer admin, I am validating onsite cohort 'foodCategoryGraph - foodCategory_actions_dropdown","test1 > Given I am logged in as customer admin, I am validating onsite cohort 'foodCategoryGraph - foodCategory_actions_dropdown"
"passed","Sat Dec 06 20:36:46 UTC 2025","Sat Dec 06 20:36:46 UTC 2025","310","HabitNuCoachPortalSuite","HabitNuCoachesPortalRegression-PartA","CoachesPortal.CohortLevelDashboard.CohortLevelDashboardPage","CoachesPortal.CohortLevelDashboard.CohortLevelDashboardPage","case6","Weekly Engagement Should be displayed.",""
"passed","Sat Dec 06 21:43:15 UTC 2025","Sat Dec 06 21:43:16 UTC 2025","817","HabitNuCoachPortalSuite","LogClassSession","CoachesPortal.LogClassSection","CoachesPortal.LogClassSection","validateLogClassSession_Non_Availibility","Verify Log Class Section is unavailable for programDeliveryType!=Onsite",""
"failed","Sat Dec 06 22:08:22 UTC 2025","Sat Dec 06 22:08:25 UTC 2025","2167","HabitNuCoachPortalSuite","DifferentTypeOfDashboards","CoachesPortal.CohortLevelDashboard.OnsiteCohortDashboard","CoachesPortal.CohortLevelDashboard.OnsiteCohortDashboard","foodCategory_protein_contentValidation","test1 > Given I am logged in as customer admin, I am validating onsite cohort 'foodCategoryGraph - foodCategory_protein_contentValidation","test1 > Given I am logged in as customer admin, I am validating onsite cohort 'foodCategoryGraph - foodCategory_protein_contentValidation"
"passed","Sat Dec 06 21:04:59 UTC 2025","Sat Dec 06 21:04:59 UTC 2025","309","HabitNuCoachPortalSuite","HabitNuCoachesPortalRegression-PartB","CoachesPortal.OnsiteUsersListDashboard","CoachesPortal.OnsiteUsersListDashboard","case22","test1 > Given I am logged in as coach, Actions- Request form survey and Reset password should be displayed.","test1 > Given I am logged in as coach, Actions- Request form survey and Reset password should be displayed."
"passed","Sat Dec 06 21:13:08 UTC 2025","Sat Dec 06 21:13:17 UTC 2025","8884","HabitNuCoachPortalSuite","HabitNuCoachesPortalRegression-PartB","CoachesPortal.PatientDetails.PatientProfileDemographic","CoachesPortal.PatientDetails.PatientProfileDemographic","updatepreferred_name","test1 > Given I am logged in as customer admin, preferred_name","test1 > Given I am logged in as customer admin, preferred_name"
"passed","Sat Dec 06 20:56:55 UTC 2025","Sat Dec 06 20:56:56 UTC 2025","970","HabitNuCoachPortalSuite","HabitNuCoachesPortalRegression-PartA","CoachesPortal.DiscussionForumPage","CoachesPortal.DiscussionForumPage","case19","test1 > Given I am logged in as customerAdmin, I am validating Edit Post- Description only- Success","test1 > Given I am logged in as customerAdmin, I am validating Edit Post- Description only- Success"
"broken","Sat Dec 06 22:07:37 UTC 2025","Sat Dec 06 22:08:20 UTC 2025","43233","HabitNuCoachPortalSuite","DifferentTypeOfDashboards","CoachesPortal.CohortLevelDashboard.OnsiteCohortDashboard","CoachesPortal.CohortLevelDashboard.OnsiteCohortDashboard","latestHba1cGraph","test1 > Given I am logged in as customer admin, I am validating onsite cohort 'latestHba1cGraph","test1 > Given I am logged in as customer admin, I am validating onsite cohort 'latestHba1cGraph"
"passed","Sat Dec 06 21:58:14 UTC 2025","Sat Dec 06 21:58:17 UTC 2025","2631","HabitNuCoachPortalSuite","FeatureFlags","CoachesPortal.FeatureFlags","CoachesPortal.FeatureFlags","test1_navigatingcoach","Given user is navigating to coaches portal",""
"passed","Sat Dec 06 20:45:00 UTC 2025","Sat Dec 06 20:45:01 UTC 2025","945","HabitNuCoachPortalSuite","HabitNuCoachesPortalRegression-PartA","CoachesPortal.LearnModule.CustomerAdminCourseDocument","CoachesPortal.LearnModule.CustomerAdminCourseDocument","verifyAddValidUrlRequired","Add Valid Url Required",""
"broken","Sat Dec 06 21:24:50 UTC 2025","Sat Dec 06 21:24:50 UTC 2025","418","HabitNuCoachPortalSuite","Scheduler","CoachesPortal.Schedular","CoachesPortal.Schedular","openAppoitmentCreateForm","test2 > Given I am logged in as admin, When I click on time slot, Then I should be able to see the create appointment form","admin login - It should open meeting form"
"passed","Sat Dec 06 20:44:55 UTC 2025","Sat Dec 06 20:44:55 UTC 2025","73","HabitNuCoachPortalSuite","HabitNuCoachesPortalRegression-PartA","CoachesPortal.LearnModule.CustomerAdminCourseDocument","CoachesPortal.LearnModule.CustomerAdminCourseDocument","verifyNoOfElementsInCourseDocuments","Verify No of Elements In CourseDocument",""
"passed","Sat Dec 06 22:25:15 UTC 2025","Sat Dec 06 22:25:21 UTC 2025","5281","HabitNuCoachPortalSuite","DifferentTypeOfCohorts","CoachesPortal.liteCohorts","CoachesPortal.liteCohorts","case1","test1 > Given I am logged in as admin, I am validating Lite cohorts modules","test1 > Given I am logged in as admin, I am validating Lite cohorts modules, where cohort's Program type=NDPP, Delivery type=Online"
"passed","Sat Dec 06 21:29:03 UTC 2025","Sat Dec 06 21:29:04 UTC 2025","1189","HabitNuCoachPortalSuite","Paywal","CoachesPortal.payWall","CoachesPortal.payWall","testFilterTransactions","COP-T400: Validate all transaction filters",""
"skipped","Sat Dec 06 21:09:07 UTC 2025","Sat Dec 06 21:09:07 UTC 2025","0","HabitNuCoachPortalSuite","HabitNuCoachesPortalRegression-PartB","CoachesPortal.OnsiteUsersListDashboard","CoachesPortal.OnsiteUsersListDashboard","case42","test1 > Given I am logged in as customerAdmin, disenroll user validation - on CANCEL check","test1 > Given I am logged in as customerAdmin, disenroll user validation - on CANCEL check"
"passed","Sat Dec 06 21:42:32 UTC 2025","Sat Dec 06 21:42:39 UTC 2025","7514","HabitNuCoachPortalSuite","ProjectPowerDashboard","CoachesPortal.ProjectPowerDashboard","CoachesPortal.ProjectPowerDashboard","verifyDemographicsParticipantCountByState","Demographics page - Participant Count by State",""
"passed","Sat Dec 06 20:40:14 UTC 2025","Sat Dec 06 20:40:19 UTC 2025","5029","HabitNuCoachPortalSuite","HabitNuCoachesPortalRegression-PartA","CoachesPortal.LearnModule.Learn","CoachesPortal.LearnModule.Learn","addContentToTheCourse","add content to the course",""
"passed","Sat Dec 06 21:02:31 UTC 2025","Sat Dec 06 21:02:31 UTC 2025","275","HabitNuCoachPortalSuite","HabitNuCoachesPortalRegression-PartB","CoachesPortal.OnsiteUsersListDashboard","CoachesPortal.OnsiteUsersListDashboard","case6","test1 > Given I am logged in as coach, Seach user by ID.","test1 > Given I am logged in as coach, Seach user by ID."
"passed","Sat Dec 06 21:29:20 UTC 2025","Sat Dec 06 21:29:25 UTC 2025","4874","HabitNuCoachPortalSuite","Paywal","CoachesPortal.payWall","CoachesPortal.payWall","testSubscriptionFailureScenario","COP-T415: Validate subscription failure scenario",""
"passed","Sat Dec 06 20:45:29 UTC 2025","Sat Dec 06 20:45:35 UTC 2025","6346","HabitNuCoachPortalSuite","HabitNuCoachesPortalRegression-PartA","CoachesPortal.LearnModule.CustomerAdminCourseDocument","CoachesPortal.LearnModule.CustomerAdminCourseDocument","verifyDocuentEditAndSave","Document Edit and Save",""
"passed","Sat Dec 06 21:45:18 UTC 2025","Sat Dec 06 21:45:33 UTC 2025","15804","HabitNuCoachPortalSuite","LogClassSession","CoachesPortal.LogClassSection","CoachesPortal.LogClassSection","verifylogClassDataonDashboard_WeightHistory","Add weight,attendance date and PA And LF And MUP In Distance Learning",""
"passed","Sat Dec 06 21:02:28 UTC 2025","Sat Dec 06 21:02:30 UTC 2025","1725","HabitNuCoachPortalSuite","HabitNuCoachesPortalRegression-PartB","CoachesPortal.OnsiteUsersListDashboard","CoachesPortal.OnsiteUsersListDashboard","case1","test1 > Given I am logged in as coach, Search for 'automationForLogclass' and click on users.","test1 > Given I am logged in as coach, Search for 'automationForLogclass' and click on users."
"passed","Sat Dec 06 20:57:12 UTC 2025","Sat Dec 06 20:57:14 UTC 2025","2133","HabitNuCoachPortalSuite","HabitNuCoachesPortalRegression-PartA","CoachesPortal.DiscussionForumPage","CoachesPortal.DiscussionForumPage","case26","test1 > Given I am logged in as customerAdmin, I am validating UnPin The post","test1 > Given I am logged in as customerAdmin, I am validating UnPin The post"
"broken","Sat Dec 06 22:06:21 UTC 2025","Sat Dec 06 22:06:21 UTC 2025","182","HabitNuCoachPortalSuite","DifferentTypeOfDashboards","CoachesPortal.CohortLevelDashboard.OnlineCohortDashboard","CoachesPortal.CohortLevelDashboard.OnlineCohortDashboard","foodCategory_actions_dropdown","test1 > Given I am logged in as customer admin, I am validating online cohort 'foodCategoryGraph - foodCategory_actions_dropdown","test1 > Given I am logged in as customer admin, I am validating online cohort 'foodCategoryGraph - foodCategory_actions_dropdown"
"passed","Sat Dec 06 21:12:29 UTC 2025","Sat Dec 06 21:12:29 UTC 2025","46","HabitNuCoachPortalSuite","HabitNuCoachesPortalRegression-PartB","CoachesPortal.PatientDetails.PatientProfileDemographic","CoachesPortal.PatientDetails.PatientProfileDemographic","verifyOtherdetails","test1 > Given I am logged in as customer admin, verifyOtherdetails","test1 > Given I am logged in as customer admin, verifyOtherdetails"
"passed","Sat Dec 06 20:44:55 UTC 2025","Sat Dec 06 20:44:55 UTC 2025","476","HabitNuCoachPortalSuite","HabitNuCoachesPortalRegression-PartA","CoachesPortal.LearnModule.CustomerAdminCourseDocument","CoachesPortal.LearnModule.CustomerAdminCourseDocument","verifyopenAndCloseDocument","Verify open and close new document",""
"passed","Sat Dec 06 21:39:33 UTC 2025","Sat Dec 06 21:39:36 UTC 2025","3932","HabitNuCoachPortalSuite","ProjectPowerDashboard","CoachesPortal.ProjectPowerDashboard","CoachesPortal.ProjectPowerDashboard","accessDirectMessageModule","go to coaches portal - Project Power",""
"broken","Sat Dec 06 21:19:49 UTC 2025","Sat Dec 06 21:20:10 UTC 2025","20547","HabitNuCoachPortalSuite","HabitNuCoachesPortalRegression-PartB","CoachesPortal.PatientDetails.PatientsProfileAllergies","CoachesPortal.PatientDetails.PatientsProfileAllergies","editMedication","edit allergy for Ethylen",""
"passed","Sat Dec 06 21:10:07 UTC 2025","Sat Dec 06 21:10:11 UTC 2025","3859","HabitNuCoachPortalSuite","HabitNuCoachesPortalRegression-PartB","CoachesPortal.PatientDetails.PatientProfileDemographic","CoachesPortal.PatientDetails.PatientProfileDemographic","updateAndVerifyAddressDetails","test1 > Given I am logged in as coach, updateAndVerifyAddressDetails","test1 > Given I am logged in as coach, updateAndVerifyAddressDetails"
"passed","Sat Dec 06 22:08:39 UTC 2025","Sat Dec 06 22:08:42 UTC 2025","3087","HabitNuCoachPortalSuite","DifferentTypeOfDashboards","CoachesPortal.CohortLevelDashboard.OnsiteCohortDashboard","CoachesPortal.CohortLevelDashboard.OnsiteCohortDashboard","case1","test1 > Given I am logged in as coach, I am validating onsite cohort 'dashboard-cards","test1 > Given I am logged in as coach, I am validating onsite cohort 'dashboard-cards"
"passed","Sat Dec 06 21:12:23 UTC 2025","Sat Dec 06 21:12:23 UTC 2025","37","HabitNuCoachPortalSuite","HabitNuCoachesPortalRegression-PartB","CoachesPortal.PatientDetails.PatientProfileDemographic","CoachesPortal.PatientDetails.PatientProfileDemographic","verifyBaselineHealthData","test1 > Given I am logged in as customer admin, verifyBaselineHealthData","test1 > Given I am logged in as customer admin, verifyBaselineHealthData"
"passed","Sat Dec 06 20:38:51 UTC 2025","Sat Dec 06 20:38:58 UTC 2025","6616","HabitNuCoachPortalSuite","HabitNuCoachesPortalRegression-PartA","CoachesPortal.CohortLevelDashboard.CohortLevelDashboardPage","CoachesPortal.CohortLevelDashboard.CohortLevelDashboardPage","case22","Session Attendance.",""
"passed","Sat Dec 06 20:51:06 UTC 2025","Sat Dec 06 20:51:15 UTC 2025","9248","HabitNuCoachPortalSuite","HabitNuCoachesPortalRegression-PartA","CoachesPortal.DiscussionForumPage","CoachesPortal.DiscussionForumPage","case11","test1 > Given I am logged in as admin, I am validating File upload- error","test1 > Given I am logged in as admin, I am validating File upload- error"
"passed","Sat Dec 06 21:16:45 UTC 2025","Sat Dec 06 21:16:47 UTC 2025","1895","HabitNuCoachPortalSuite","HabitNuCoachesPortalRegression-PartB","CoachesPortal.PatientDetails.UserActivitiesBloodSugar","CoachesPortal.PatientDetails.UserActivitiesBloodSugar","verifyUser_isNot_allowed_edit_coachAddedData","Verify user is not allowed to edit data added by coaches",""
"skipped","Sat Dec 06 21:09:07 UTC 2025","Sat Dec 06 21:09:07 UTC 2025","0","HabitNuCoachPortalSuite","HabitNuCoachesPortalRegression-PartB","CoachesPortal.OnsiteUsersListDashboard","CoachesPortal.OnsiteUsersListDashboard","case50","test1 > Given I am logged in as customerAdmin, hover over milestone dot to validate enrolled state text","test1 > Given I am logged in as customerAdmin, hover over milestone dot to validate enrolled state text"
"passed","Sat Dec 06 21:41:18 UTC 2025","Sat Dec 06 21:41:28 UTC 2025","10673","HabitNuCoachPortalSuite","ProjectPowerDashboard","CoachesPortal.ProjectPowerDashboard","CoachesPortal.ProjectPowerDashboard","verifyADAMilestoneFor12Months","All cohort dashboard for project power - ADA milestone trend - 12months",""
"broken","Sat Dec 06 21:36:05 UTC 2025","Sat Dec 06 21:36:24 UTC 2025","19447","HabitNuCoachPortalSuite","HabitNuCoachesPortalRegression-PartC","CoachesPortal.PatientDetails.PatientProfilePreAuth","CoachesPortal.PatientDetails.PatientProfilePreAuth","verifyAddPreAuthDetails","Add PreAuth of Ethlen",""
"passed","Sat Dec 06 20:44:57 UTC 2025","Sat Dec 06 20:44:57 UTC 2025","594","HabitNuCoachPortalSuite","HabitNuCoachesPortalRegression-PartA","CoachesPortal.LearnModule.CustomerAdminCourseDocument","CoachesPortal.LearnModule.CustomerAdminCourseDocument","verifyAddUrlTitleLinkRequired","Add Url And Title Required",""
"passed","Sat Dec 06 21:11:42 UTC 2025","Sat Dec 06 21:11:43 UTC 2025","804","HabitNuCoachPortalSuite","HabitNuCoachesPortalRegression-PartB","CoachesPortal.PatientDetails.PatientProfileDemographic","CoachesPortal.PatientDetails.PatientProfileDemographic","updateDisenrollmentDetails_with_emptyData","test1 > Given I am logged in as customer admin, try updating DisenrollmentDetails with empty data","test1 > Given I am logged in as customer admin, try updating DisenrollmentDetails with empty data"
"passed","Sat Dec 06 21:29:15 UTC 2025","Sat Dec 06 21:29:16 UTC 2025","1380","HabitNuCoachPortalSuite","Paywal","CoachesPortal.payWall","CoachesPortal.payWall","testFilterTransactions","COP-T400: Validate all transaction filters",""
"broken","Sat Dec 06 22:04:23 UTC 2025","Sat Dec 06 22:04:25 UTC 2025","2169","HabitNuCoachPortalSuite","DifferentTypeOfDashboards","CoachesPortal.CohortLevelDashboard.OnlineCohortDashboard","CoachesPortal.CohortLevelDashboard.OnlineCohortDashboard","foodCategory_check_with_pastday","test1 > Given I am logged in as coach, I am validating online cohort 'foodCategoryGraph - foodCategory_check_with_pastday","test1 > Given I am logged in as coach, I am validating online cohort 'foodCategoryGraph - foodCategory_check_with_pastday"
"passed","Sat Dec 06 22:17:19 UTC 2025","Sat Dec 06 22:17:19 UTC 2025","98","HabitNuCoachPortalSuite","DifferentTypeOfDashboards","CoachesPortal.CohortLevelDashboard.DSMEDashboardCoachesPortal","CoachesPortal.CohortLevelDashboard.DSMEDashboardCoachesPortal","test18_verifyWeightLossByPatientsWithallPosibleActions","Verify Weight Loss by Patients dropdown card with possible options listed",""
"failed","Sat Dec 06 21:32:26 UTC 2025","Sat Dec 06 21:32:57 UTC 2025","30713","HabitNuCoachPortalSuite","Paywal","CoachesPortal.payWall","CoachesPortal.payWall","testProgramPlanReordering","COP-T420-T423: Verify reordering plans and validate persistence",""
"passed","Sat Dec 06 20:46:50 UTC 2025","Sat Dec 06 20:46:52 UTC 2025","2176","HabitNuCoachPortalSuite","HabitNuCoachesPortalRegression-PartA","CoachesPortal.DiscussionForumPage","CoachesPortal.DiscussionForumPage","case7","test1 > Given I am logged in as coach, I am validating Add subject and describe- success post.","test1 > Given I am logged in as coach, I am validating Add subject and describe- success post."
"passed","Sat Dec 06 21:28:53 UTC 2025","Sat Dec 06 21:28:56 UTC 2025","2807","HabitNuCoachPortalSuite","Paywal","CoachesPortal.payWall","CoachesPortal.payWall","testFilterSubscriptions","COP-T397–399: Validate subscription filters",""
"passed","Sat Dec 06 22:07:14 UTC 2025","Sat Dec 06 22:07:25 UTC 2025","10865","HabitNuCoachPortalSuite","DifferentTypeOfDashboards","CoachesPortal.CohortLevelDashboard.OnsiteCohortDashboard","CoachesPortal.CohortLevelDashboard.OnsiteCohortDashboard","male_female_card_with_update_to_female","test1 > Given I am logged in as customer admin, I am validating onsite cohort 'dashboard-card=male_female_card_with_update_to_female","test1 > Given I am logged in as customer admin, I am validating onsite cohort 'dashboard-card=male_female_card_with_update_to_female"
"passed","Sat Dec 06 21:54:31 UTC 2025","Sat Dec 06 21:54:32 UTC 2025","155","HabitNuCoachPortalSuite","UserDashboard","CoachesPortal.PatientDashboard","CoachesPortal.PatientDashboard","Profile_in_Green","test18 > Given I am logged in as admin, wehn I am on Participants dashboard page, Then I should be able to see all particiapnt data on the photocard","admin login - clicking on scheduler should open the scheduler page in coaches portal"
"passed","Sat Dec 06 21:46:59 UTC 2025","Sat Dec 06 21:47:01 UTC 2025","1819","HabitNuCoachPortalSuite","GeneralContent","CoachesPortal.generalContent_WEb_Coaches","CoachesPortal.generalContent_WEb_Coaches","case2","Creating tags for Exercise",""
"passed","Sat Dec 06 21:12:32 UTC 2025","Sat Dec 06 21:12:32 UTC 2025","67","HabitNuCoachPortalSuite","HabitNuCoachesPortalRegression-PartB","CoachesPortal.PatientDetails.PatientProfileDemographic","CoachesPortal.PatientDetails.PatientProfileDemographic","testSelectWalkingYes","test1 > Given I am logged in as customer admin, testSelectWalkingYes","test1 > Given I am logged in as customer admin, testSelectWalkingYes"
"passed","Sat Dec 06 21:26:58 UTC 2025","Sat Dec 06 21:26:58 UTC 2025","0","HabitNuCoachPortalSuite","Scheduler","CoachesPortal.Schedular","CoachesPortal.Schedular","validateUserNoInSchedular","test1 > Given I am logged in as admin, verify when user responds to meet with NO, same can be validated by coach in coaches portal in Attended dropdown","test1 > Given I am logged in as admin, verify when user responds to meet with NO, same can be validated by coach in coaches portal in Attended dropdown"
"passed","Sat Dec 06 21:46:24 UTC 2025","Sat Dec 06 21:46:29 UTC 2025","4695","HabitNuCoachPortalSuite","GroupDPPClassPlanner","CoachesPortal.ClassPlanner","CoachesPortal.ClassPlanner","case24","Verify the elements of Group class planner in cohort",""
"failed","Sat Dec 06 21:27:43 UTC 2025","Sat Dec 06 21:28:30 UTC 2025","47007","HabitNuCoachPortalSuite","Paywal","CoachesPortal.payWall","CoachesPortal.payWall","testEditSyncedPlanAndManualSync","COP-T393 & T394: Edit a synced plan and verify manual sync",""
"skipped","Sat Dec 06 21:09:07 UTC 2025","Sat Dec 06 21:09:07 UTC 2025","0","HabitNuCoachPortalSuite","HabitNuCoachesPortalRegression-PartB","CoachesPortal.OnsiteUsersListDashboard","CoachesPortal.OnsiteUsersListDashboard","case52","test1 > Given I am logged in as customerAdmin, validate 'Show unassigned users' checkbox","test1 > Given I am logged in as customerAdmin, validate 'Show unassigned users' checkbox"
"passed","Sat Dec 06 21:28:56 UTC 2025","Sat Dec 06 21:28:58 UTC 2025","2277","HabitNuCoachPortalSuite","Paywal","CoachesPortal.payWall","CoachesPortal.payWall","testViewAllTransactionsPage","COP-T400: View all transactions and validate page layout",""
"passed","Sat Dec 06 21:12:41 UTC 2025","Sat Dec 06 21:12:50 UTC 2025","8852","HabitNuCoachPortalSuite","HabitNuCoachesPortalRegression-PartB","CoachesPortal.PatientDetails.PatientProfileDemographic","CoachesPortal.PatientDetails.PatientProfileDemographic","updateMiddleName","test1 > Given I am logged in as customer admin, Middle Name","test1 > Given I am logged in as customer admin, Middle Name"
"broken","Sat Dec 06 20:36:46 UTC 2025","Sat Dec 06 20:36:47 UTC 2025","447","HabitNuCoachPortalSuite","HabitNuCoachesPortalRegression-PartA","CoachesPortal.CohortLevelDashboard.CohortLevelDashboardPage","CoachesPortal.CohortLevelDashboard.CohortLevelDashboardPage","case8","participant activity- Select previous week.",""
"broken","Sat Dec 06 22:06:21 UTC 2025","Sat Dec 06 22:06:24 UTC 2025","2235","HabitNuCoachPortalSuite","DifferentTypeOfDashboards","CoachesPortal.CohortLevelDashboard.OnlineCohortDashboard","CoachesPortal.CohortLevelDashboard.OnlineCohortDashboard","foodCategory_check_with_pastday","test1 > Given I am logged in as customer admin, I am validating online cohort 'foodCategoryGraph - foodCategory_check_with_pastday","test1 > Given I am logged in as customer admin, I am validating online cohort 'foodCategoryGraph - foodCategory_check_with_pastday"
"passed","Sat Dec 06 21:11:12 UTC 2025","Sat Dec 06 21:11:12 UTC 2025","65","HabitNuCoachPortalSuite","HabitNuCoachesPortalRegression-PartB","CoachesPortal.PatientDetails.PatientProfileDemographic","CoachesPortal.PatientDetails.PatientProfileDemographic","testSelectWalkingYes","test1 > Given I am logged in as coach, testSelectWalkingYes","test1 > Given I am logged in as coach, testSelectWalkingYes"
"broken","Sat Dec 06 21:37:25 UTC 2025","Sat Dec 06 21:37:55 UTC 2025","30291","HabitNuCoachPortalSuite","HabitNuCoachesPortalRegression-PartC","CoachesPortal.PatientDetails.PatientProfilePreAuth","CoachesPortal.PatientDetails.PatientProfilePreAuth","verifyPreAuth","verify PreAuth for Ethylen",""
"passed","Sat Dec 06 22:02:24 UTC 2025","Sat Dec 06 22:02:25 UTC 2025","1661","HabitNuCoachPortalSuite","ParticipationsTable","CoachesPortal.participations","CoachesPortal.participations","test15_exitadmin","And user is able to exit from admin section",""
"passed","Sat Dec 06 22:06:35 UTC 2025","Sat Dec 06 22:06:41 UTC 2025","5482","HabitNuCoachPortalSuite","DifferentTypeOfDashboards","CoachesPortal.CohortLevelDashboard.OnsiteCohortDashboard","CoachesPortal.CohortLevelDashboard.OnsiteCohortDashboard","disenrolledCard","test1 > Given I am logged in as customer admin, I am validating onsite cohort 'dashboard-card=DisenrolledCount","test1 > Given I am logged in as customer admin, I am validating onsite cohort 'dashboard-card=DisenrolledCount"
"passed","Sat Dec 06 21:13:36 UTC 2025","Sat Dec 06 21:13:44 UTC 2025","8821","HabitNuCoachPortalSuite","HabitNuCoachesPortalRegression-PartB","CoachesPortal.PatientDetails.PatientProfileDemographic","CoachesPortal.PatientDetails.PatientProfileDemographic","updateMaritalStatus","test1 > Given I am logged in as customer admin, Marital Status","test1 > Given I am logged in as customer admin, Marital Status"
"failed","Sat Dec 06 22:10:42 UTC 2025","Sat Dec 06 22:10:45 UTC 2025","2165","HabitNuCoachPortalSuite","DifferentTypeOfDashboards","CoachesPortal.CohortLevelDashboard.OnsiteCohortDashboard","CoachesPortal.CohortLevelDashboard.OnsiteCohortDashboard","foodCategory_protein_contentValidation","test1 > Given I am logged in as coach, I am validating onsite cohort 'foodCategoryGraph - foodCategory_protein_contentValidation","test1 > Given I am logged in as coach, I am validating onsite cohort 'foodCategoryGraph - foodCategory_protein_contentValidation"
"passed","Sat Dec 06 21:53:52 UTC 2025","Sat Dec 06 21:53:58 UTC 2025","5568","HabitNuCoachPortalSuite","UserDashboard","CoachesPortal.PatientDashboard","CoachesPortal.PatientDashboard","patientWeeklyStatus_WEIGHTS","test2 > Given I am logged in as admin, wehn I am on adding weight from user Dashboard, Then I should be able to see added weight count==1 under patientWeeklyStatus_WEIGHTS","admin login - user/patient/partcipant dashboard validation"
"skipped","Sat Dec 06 21:09:07 UTC 2025","Sat Dec 06 21:09:07 UTC 2025","0","HabitNuCoachPortalSuite","HabitNuCoachesPortalRegression-PartB","CoachesPortal.OnsiteUsersListDashboard","CoachesPortal.OnsiteUsersListDashboard","case39","test1 > Given I am logged in as customerAdmin, sorting users table with 'cohort' in desc order","test1 > Given I am logged in as customerAdmin, sorting users table with 'cohort' in desc order"
"passed","Sat Dec 06 22:07:30 UTC 2025","Sat Dec 06 22:07:36 UTC 2025","6121","HabitNuCoachPortalSuite","DifferentTypeOfDashboards","CoachesPortal.CohortLevelDashboard.OnsiteCohortDashboard","CoachesPortal.CohortLevelDashboard.OnsiteCohortDashboard","totalNoOfClasses","test1 > Given I am logged in as customer admin,  I am validating onsite cohort 'dashboard-card=totalNoOfClasses","test1 > Given I am logged in as customer admin,  I am validating onsite cohort 'dashboard-card=totalNoOfClasses"
"passed","Sat Dec 06 21:39:43 UTC 2025","Sat Dec 06 21:39:48 UTC 2025","5190","HabitNuCoachPortalSuite","ProjectPowerDashboard","CoachesPortal.ProjectPowerDashboard","CoachesPortal.ProjectPowerDashboard","verifyM1GraphwithfilterAs6months","verifyM1GraphwithfilterAs6months",""
"passed","Sat Dec 06 21:32:57 UTC 2025","Sat Dec 06 21:33:21 UTC 2025","24587","HabitNuCoachPortalSuite","Paywal","CoachesPortal.payWall","CoachesPortal.payWall","testUnlinkPlanFromProgram","COP-T413: Validate unlinking a plan from a program",""
"passed","Sat Dec 06 20:39:42 UTC 2025","Sat Dec 06 20:39:43 UTC 2025","590","HabitNuCoachPortalSuite","HabitNuCoachesPortalRegression-PartA","CoachesPortal.LearnModule.Learn","CoachesPortal.LearnModule.Learn","checkToastMessage","to verify toast message when no content is added to the course",""
"passed","Sat Dec 06 21:33:21 UTC 2025","Sat Dec 06 21:34:25 UTC 2025","63490","HabitNuCoachPortalSuite","Paywal","CoachesPortal.payWall","CoachesPortal.payWall","testUnpublishedPlanIsHiddenFromUser","COP-T414: Validate user cannot see unpublished plans",""
"passed","Sat Dec 06 22:04:33 UTC 2025","Sat Dec 06 22:04:36 UTC 2025","3009","HabitNuCoachPortalSuite","DifferentTypeOfDashboards","CoachesPortal.CohortLevelDashboard.OnlineCohortDashboard","CoachesPortal.CohortLevelDashboard.OnlineCohortDashboard","case1","test1 > Given I am logged in as customer admin, I am validating online cohort 'dashboard-cards","test1 > Given I am logged in as customer admin, I am validating online cohort 'dashboard-cards"
"passed","Sat Dec 06 20:44:59 UTC 2025","Sat Dec 06 20:45:00 UTC 2025","822","HabitNuCoachPortalSuite","HabitNuCoachesPortalRegression-PartA","CoachesPortal.LearnModule.CustomerAdminCourseDocument","CoachesPortal.LearnModule.CustomerAdminCourseDocument","verifyAddTitleLinkRequired","Add Title Required",""
"passed","Sat Dec 06 21:41:42 UTC 2025","Sat Dec 06 21:41:44 UTC 2025","2099","HabitNuCoachPortalSuite","ProjectPowerDashboard","CoachesPortal.ProjectPowerDashboard","CoachesPortal.ProjectPowerDashboard","verifyCohortWeightLossTrendForCustomTIME","All cohort dashboard for project power - Cohort Weight Loss trend - Custom Time",""
"passed","Sat Dec 06 21:27:27 UTC 2025","Sat Dec 06 21:27:29 UTC 2025","1748","HabitNuCoachPortalSuite","Paywal","CoachesPortal.payWall","CoachesPortal.payWall","testCreateMonthlyPaymentPlan","COP-T388: Create Monthly Payment Plan",""
"broken","Sat Dec 06 22:10:40 UTC 2025","Sat Dec 06 22:10:40 UTC 2025","165","HabitNuCoachPortalSuite","DifferentTypeOfDashboards","CoachesPortal.CohortLevelDashboard.OnsiteCohortDashboard","CoachesPortal.CohortLevelDashboard.OnsiteCohortDashboard","foodCategory","test1 > Given I am logged in as coach, I am validating onsite cohort 'foodCategoryGraph","test1 > Given I am logged in as coach, I am validating onsite cohort 'foodCategoryGraph"
"broken","Sat Dec 06 22:04:16 UTC 2025","Sat Dec 06 22:04:16 UTC 2025","166","HabitNuCoachPortalSuite","DifferentTypeOfDashboards","CoachesPortal.CohortLevelDashboard.OnlineCohortDashboard","CoachesPortal.CohortLevelDashboard.OnlineCohortDashboard","foodCategory","test1 > Given I am logged in as coach, I am validating online cohort 'foodCategoryGraph","test1 > Given I am logged in as coach, I am validating online cohort 'foodCategoryGraph"
"passed","Sat Dec 06 20:55:35 UTC 2025","Sat Dec 06 20:55:45 UTC 2025","9216","HabitNuCoachPortalSuite","HabitNuCoachesPortalRegression-PartA","CoachesPortal.DiscussionForumPage","CoachesPortal.DiscussionForumPage","case11","test1 > Given I am logged in as customerAdmin, I am validating File upload- error","test1 > Given I am logged in as customerAdmin, I am validating File upload- error"
"failed","Sat Dec 06 21:11:00 UTC 2025","Sat Dec 06 21:11:02 UTC 2025","2948","HabitNuCoachPortalSuite","HabitNuCoachesPortalRegression-PartB","CoachesPortal.PatientDetails.PatientProfileDemographic","CoachesPortal.PatientDetails.PatientProfileDemographic","updateAndVerifyCallDetails","test1 > Given I am logged in as coach, updateAndVerifyCallDetails","test1 > Given I am logged in as coach, updateAndVerifyCallDetails"
"passed","Sat Dec 06 20:43:40 UTC 2025","Sat Dec 06 20:43:54 UTC 2025","14324","HabitNuCoachPortalSuite","HabitNuCoachesPortalRegression-PartA","CoachesPortal.LearnModule.Learn","CoachesPortal.LearnModule.Learn","replaceCourseContent","replace course content",""
"passed","Sat Dec 06 21:49:40 UTC 2025","Sat Dec 06 21:49:41 UTC 2025","200","HabitNuCoachPortalSuite","Milestones","CoachesPortal.VAMilestone","CoachesPortal.VAMilestone","test6_validating_Headers","And user is validating headers",""
"passed","Sat Dec 06 21:58:08 UTC 2025","Sat Dec 06 21:58:13 UTC 2025","4734","HabitNuCoachPortalSuite","UserDashboard","CoachesPortal.PatientDashboard","CoachesPortal.PatientDashboard","Last_Fasting_Blood_Sugar","test19 > Given I am logged in as coach, wehn I am on Participants dashboard page, when I add bloodsugar FASTING type, Then I should be able to see the added data on dashboard card==Last_Fasting_Blood_Sugar","coach login - clicking on scheduler should open the scheduler page in coaches portal"
"passed","Sat Dec 06 20:44:34 UTC 2025","Sat Dec 06 20:44:44 UTC 2025","9744","HabitNuCoachPortalSuite","HabitNuCoachesPortalRegression-PartA","CoachesPortal.LearnModule.Learn","CoachesPortal.LearnModule.Learn","selectNotificationsAndConfigure","Send a notification before a chapter getting released",""
"passed","Sat Dec 06 21:44:07 UTC 2025","Sat Dec 06 21:44:17 UTC 2025","9741","HabitNuCoachPortalSuite","LogClassSession","CoachesPortal.LogClassSection","CoachesPortal.LogClassSection","verifyNegativeValueinWeightNotAllowed","Negative Value in weight not allowed",""
"broken","Sat Dec 06 22:08:20 UTC 2025","Sat Dec 06 22:08:20 UTC 2025","165","HabitNuCoachPortalSuite","DifferentTypeOfDashboards","CoachesPortal.CohortLevelDashboard.OnsiteCohortDashboard","CoachesPortal.CohortLevelDashboard.OnsiteCohortDashboard","foodCategory","test1 > Given I am logged in as customer admin, I am validating onsite cohort 'foodCategoryGraph","test1 > Given I am logged in as customer admin, I am validating onsite cohort 'foodCategoryGraph"
"passed","Sat Dec 06 20:59:34 UTC 2025","Sat Dec 06 20:59:45 UTC 2025","11340","HabitNuCoachPortalSuite","HabitNuCoachesPortalRegression-PartA","CoachesPortal.DirectMessage","CoachesPortal.DirectMessage","accessDirectMessageModule","go to DM on coaches portal",""
"passed","Sat Dec 06 21:27:33 UTC 2025","Sat Dec 06 21:27:37 UTC 2025","4219","HabitNuCoachPortalSuite","Paywal","CoachesPortal.payWall","CoachesPortal.payWall","testPublishPaymentPlan","COP-T390: Publish the monthly Payment Plan",""
"passed","Sat Dec 06 21:42:55 UTC 2025","Sat Dec 06 21:42:55 UTC 2025","206","HabitNuCoachPortalSuite","LoginPageCases","CoachesPortal.LoginPageCases","CoachesPortal.LoginPageCases","testLoginWithoutEmailAndPassword","try login without email and password",""
"passed","Sat Dec 06 22:25:21 UTC 2025","Sat Dec 06 22:25:22 UTC 2025","1765","HabitNuCoachPortalSuite","DifferentTypeOfCohorts","CoachesPortal.liteCohorts","CoachesPortal.liteCohorts","case2","test1 > Given I am logged in as admin, I am validating Lite cohorts modules","test1 > Given I am logged in as admin, I am validating Lite cohorts modules, where cohort's Program type=NDPP, Delivery type=Onsite"
"passed","Sat Dec 06 21:41:39 UTC 2025","Sat Dec 06 21:41:40 UTC 2025","586","HabitNuCoachPortalSuite","ProjectPowerDashboard","CoachesPortal.ProjectPowerDashboard","CoachesPortal.ProjectPowerDashboard","verifyADAMilestoneForCUSTOMTIME","All cohort dashboard for project power - ADA milestone trend - CUSTOM TIME",""
"passed","Sat Dec 06 20:48:15 UTC 2025","Sat Dec 06 20:48:16 UTC 2025","965","HabitNuCoachPortalSuite","HabitNuCoachesPortalRegression-PartA","CoachesPortal.DiscussionForumPage","CoachesPortal.DiscussionForumPage","case19","test1 > Given I am logged in as coach, I am validating Edit Post- Description only- Success","test1 > Given I am logged in as coach, I am validating Edit Post- Description only- Success"
"passed","Sat Dec 06 21:11:24 UTC 2025","Sat Dec 06 21:11:25 UTC 2025","953","HabitNuCoachPortalSuite","HabitNuCoachesPortalRegression-PartB","CoachesPortal.PatientDetails.PatientProfileDemographic","CoachesPortal.PatientDetails.PatientProfileDemographic","editverifyProgramDetailsWithIsActive","test1 > Given I am logged in as customer admin, verify cancel and update buttons are present for program details","test1 > Given I am logged in as customer admin, verify cancel and update buttons are present for program details"
"passed","Sat Dec 06 22:00:54 UTC 2025","Sat Dec 06 22:01:18 UTC 2025","23323","HabitNuCoachPortalSuite","ParticipationsTable","CoachesPortal.participations","CoachesPortal.participations","test11_searchuser","And user is able to search the user with user name",""
"passed","Sat Dec 06 21:00:00 UTC 2025","Sat Dec 06 21:00:16 UTC 2025","16208","HabitNuCoachPortalSuite","HabitNuCoachesPortalRegression-PartA","CoachesPortal.DirectMessage","CoachesPortal.DirectMessage","validateSentMessageAcrossAllUsers","send a message to second participant in the list, and click on submit button for message submission and validate message!=null and validate across all users in cohort",""
"passed","Sat Dec 06 22:09:56 UTC 2025","Sat Dec 06 22:09:56 UTC 2025","73","HabitNuCoachPortalSuite","DifferentTypeOfDashboards","CoachesPortal.CohortLevelDashboard.OnsiteCohortDashboard","CoachesPortal.CohortLevelDashboard.OnsiteCohortDashboard","coachName","test1 > Given I am logged in as coach, I am validating onsite cohort 'dashboard-card=coachName","test1 > Given I am logged in as coach, I am validating onsite cohort 'dashboard-card=coachName"
"passed","Sat Dec 06 21:14:22 UTC 2025","Sat Dec 06 21:14:22 UTC 2025","437","HabitNuCoachPortalSuite","HabitNuCoachesPortalRegression-PartB","CoachesPortal.PatientDetails.UserActivitiesBloodPressure","CoachesPortal.PatientDetails.UserActivitiesBloodPressure","verifyUser_isNot_allowed_edit_coachAddedData","Verify user is not allowed to edit data added by coaches",""
"broken","Sat Dec 06 22:04:16 UTC 2025","Sat Dec 06 22:04:16 UTC 2025","166","HabitNuCoachPortalSuite","DifferentTypeOfDashboards","CoachesPortal.CohortLevelDashboard.OnlineCohortDashboard","CoachesPortal.CohortLevelDashboard.OnlineCohortDashboard","foodCategory_chart_validation","test1 > Given I am logged in as coach, I am validating online cohort 'foodCategoryGraph - validation2","test1 > Given I am logged in as coach, I am validating online cohort 'foodCategoryGraph - validation2"
"passed","Sat Dec 06 22:04:49 UTC 2025","Sat Dec 06 22:04:49 UTC 2025","281","HabitNuCoachPortalSuite","DifferentTypeOfDashboards","CoachesPortal.CohortLevelDashboard.OnlineCohortDashboard","CoachesPortal.CohortLevelDashboard.OnlineCohortDashboard","case4","test1 > Given I am logged in as customer admin, I am validating online cohort 'Weight Loss By Participants validation on graph with ALL option","test1 > Given I am logged in as customer admin, I am validating online cohort 'Weight Loss By Participants validation on graph with ALL option"
"passed","Sat Dec 06 21:57:46 UTC 2025","Sat Dec 06 21:57:47 UTC 2025","113","HabitNuCoachPortalSuite","UserDashboard","CoachesPortal.PatientDashboard","CoachesPortal.PatientDashboard","patientVWeeklyStatusVideo_when_partiallyWatched","test14 > Given I am logged in as coach, when I am on watching a video partally by logging into user app, Then I should be able to see watched Video count==0 under patientVWeeklyStatusVideo","coach login - user/patient/partcipant dashboard validation"
"passed","Sat Dec 06 21:29:09 UTC 2025","Sat Dec 06 21:29:11 UTC 2025","1396","HabitNuCoachPortalSuite","Paywal","CoachesPortal.payWall","CoachesPortal.payWall","testFilterTransactions","COP-T400: Validate all transaction filters",""
"passed","Sat Dec 06 21:53:58 UTC 2025","Sat Dec 06 21:53:59 UTC 2025","1335","HabitNuCoachPortalSuite","UserDashboard","CoachesPortal.PatientDashboard","CoachesPortal.PatientDashboard","Weight_History","test3 > Given I am logged in as admin, wehn I am on adding weight from user Dashboard, Then I should be able to see added weight on the weight history graph","admin login - user/patient/partcipant dashboard validation"
"passed","Sat Dec 06 21:24:26 UTC 2025","Sat Dec 06 21:24:32 UTC 2025","6177","HabitNuCoachPortalSuite","Scheduler","CoachesPortal.Schedular","CoachesPortal.Schedular","validateInteractionEntries_InteractionOn","test1 > Given I am logged in as coach, verify group interaction entries are made automatically when meet is attended for min of 1min > Validating field==InteractionOn","test1 > Given I am logged in as coach, verify group interaction entries are made automatically when meet is attended for min of 1min > Validating field==InteractionOn"
"passed","Sat Dec 06 20:39:36 UTC 2025","Sat Dec 06 20:39:36 UTC 2025","560","HabitNuCoachPortalSuite","HabitNuCoachesPortalRegression-PartA","CoachesPortal.LearnModule.Learn","CoachesPortal.LearnModule.Learn","createCourse","Verify CustomerAdmin can create course",""
"passed","Sat Dec 06 20:39:22 UTC 2025","Sat Dec 06 20:39:23 UTC 2025","1566","HabitNuCoachPortalSuite","HabitNuCoachesPortalRegression-PartA","CoachesPortal.CohortLevelDashboard.CohortLevelDashboardPage","CoachesPortal.CohortLevelDashboard.CohortLevelDashboardPage","case29","Office Hours Participant click- dashboard navigation.",""
"skipped","Sat Dec 06 21:09:07 UTC 2025","Sat Dec 06 21:09:07 UTC 2025","0","HabitNuCoachPortalSuite","HabitNuCoachesPortalRegression-PartB","CoachesPortal.OnsiteUsersListDashboard","CoachesPortal.OnsiteUsersListDashboard","case40","test1 > Given I am logged in as customerAdmin, sorting users table with 'Name' in asc order","test1 > Given I am logged in as customerAdmin, sorting users table with 'Name' in asc order"
"passed","Sat Dec 06 21:28:38 UTC 2025","Sat Dec 06 21:28:41 UTC 2025","2851","HabitNuCoachPortalSuite","Paywal","CoachesPortal.payWall","CoachesPortal.payWall","testFilterSubscriptions","COP-T397–399: Validate subscription filters",""
"passed","Sat Dec 06 21:10:00 UTC 2025","Sat Dec 06 21:10:07 UTC 2025","6917","HabitNuCoachPortalSuite","HabitNuCoachesPortalRegression-PartB","CoachesPortal.PatientDetails.PatientProfileDemographic","CoachesPortal.PatientDetails.PatientProfileDemographic","updateAndVerifyContactDetails","test1 > Given I am logged in as coach, updateAndVerifyContactDetails","test1 > Given I am logged in as coach, updateAndVerifyContactDetails"
"broken","Sat Dec 06 21:20:43 UTC 2025","Sat Dec 06 21:21:04 UTC 2025","20603","HabitNuCoachPortalSuite","Scheduler","CoachesPortal.Schedular","CoachesPortal.Schedular","createAppointment","test3 >  Given I am logged in as coach, and on create appointment page, When I fill in all the required details, Then I should be able to save the appointment","coach login - User should be able to create and save appointment"
"passed","Sat Dec 06 20:52:05 UTC 2025","Sat Dec 06 20:52:10 UTC 2025","5222","HabitNuCoachPortalSuite","HabitNuCoachesPortalRegression-PartA","CoachesPortal.DiscussionForumPage","CoachesPortal.DiscussionForumPage","case16","test1 > Given I am logged in as admin, I am validating upload upto 5 files with Description- Success.","test1 > Given I am logged in as admin, I am validating upload upto 5 files with Description- Success."
"passed","Sat Dec 06 22:09:20 UTC 2025","Sat Dec 06 22:09:30 UTC 2025","10828","HabitNuCoachPortalSuite","DifferentTypeOfDashboards","CoachesPortal.CohortLevelDashboard.OnsiteCohortDashboard","CoachesPortal.CohortLevelDashboard.OnsiteCohortDashboard","male_female_card_with_update_to_female","test1 > Given I am logged in as coach, I am validating onsite cohort 'dashboard-card=male_female_card_with_update_to_female","test1 > Given I am logged in as coach, I am validating onsite cohort 'dashboard-card=male_female_card_with_update_to_female"
"passed","Sat Dec 06 20:59:57 UTC 2025","Sat Dec 06 21:00:00 UTC 2025","2722","HabitNuCoachPortalSuite","HabitNuCoachesPortalRegression-PartA","CoachesPortal.DirectMessage","CoachesPortal.DirectMessage","sendMessageToPatient_2","send a message to second participant in the list, and use ENTER button from keyboard to simulate message submission and validate message==null. ",""
"passed","Sat Dec 06 22:02:30 UTC 2025","Sat Dec 06 22:02:34 UTC 2025","3737","HabitNuCoachPortalSuite","DifferentTypeOfDashboards","CoachesPortal.CohortLevelDashboard.OnlineCohortDashboard","CoachesPortal.CohortLevelDashboard.OnlineCohortDashboard","case1","test1 > Given I am logged in as coach, I am validating online cohort 'dashboard-cards","test1 > Given I am logged in as coach, I am validating online cohort 'dashboard-cards"
"passed","Sat Dec 06 20:39:47 UTC 2025","Sat Dec 06 20:39:49 UTC 2025","2078","HabitNuCoachPortalSuite","HabitNuCoachesPortalRegression-PartA","CoachesPortal.LearnModule.Learn","CoachesPortal.LearnModule.Learn","checkChapterAddition","verify course addition",""
"passed","Sat Dec 06 21:54:21 UTC 2025","Sat Dec 06 21:54:21 UTC 2025","97","HabitNuCoachPortalSuite","UserDashboard","CoachesPortal.PatientDashboard","CoachesPortal.PatientDashboard","patientVWeeklyStatusVideo_when_partiallyWatched","test14 > Given I am logged in as admin, when I am on watching a video partally by logging into user app, Then I should be able to see watched Video count==0 under patientVWeeklyStatusVideo","admin login - user/patient/partcipant dashboard validation"
"passed","Sat Dec 06 20:46:35 UTC 2025","Sat Dec 06 20:46:44 UTC 2025","9300","HabitNuCoachPortalSuite","HabitNuCoachesPortalRegression-PartA","CoachesPortal.LearnModule.CustomerAdminCourseDocument","CoachesPortal.LearnModule.CustomerAdminCourseDocument","verifyVideoArchiveCancelAndConfirm","Video Archive Cancel And Confirm",""
"passed","Sat Dec 06 21:29:01 UTC 2025","Sat Dec 06 21:29:03 UTC 2025","2440","HabitNuCoachPortalSuite","Paywal","CoachesPortal.payWall","CoachesPortal.payWall","testFilterTransactions","COP-T400: Validate all transaction filters",""
"passed","Sat Dec 06 22:08:48 UTC 2025","Sat Dec 06 22:08:55 UTC 2025","7306","HabitNuCoachPortalSuite","DifferentTypeOfDashboards","CoachesPortal.CohortLevelDashboard.OnsiteCohortDashboard","CoachesPortal.CohortLevelDashboard.OnsiteCohortDashboard","fivePercentWeightLossCard","test1 > Given I am logged in as coach, I am validating onsite cohort 'dashboard-card=fivePercentWeightLossCardCount","test1 > Given I am logged in as coach, I am validating onsite cohort 'dashboard-card=fivePercentWeightLossCardCount"
"passed","Sat Dec 06 21:58:19 UTC 2025","Sat Dec 06 21:58:19 UTC 2025","118","HabitNuCoachPortalSuite","FeatureFlags","CoachesPortal.FeatureFlags","CoachesPortal.FeatureFlags","test5_navigatingfeatureflags","And user is navigating to Feature Flags section ",""
"passed","Sat Dec 06 22:23:55 UTC 2025","Sat Dec 06 22:24:35 UTC 2025","40333","HabitNuCoachPortalSuite","DifferentTypeOfDashboards","CoachesPortal.CohortLevelDashboard.ParticipantsProgressTracker","CoachesPortal.CohortLevelDashboard.ParticipantsProgressTracker","test5_Actions_Options","And user is able to select the Actions options.",""
"passed","Sat Dec 06 21:02:30 UTC 2025","Sat Dec 06 21:02:30 UTC 2025","674","HabitNuCoachPortalSuite","HabitNuCoachesPortalRegression-PartB","CoachesPortal.OnsiteUsersListDashboard","CoachesPortal.OnsiteUsersListDashboard","case2","test1 > Given I am logged in as coach, Users- All expected elements is displayed.","test1 > Given I am logged in as coach, Users- All expected elements is displayed."
"passed","Sat Dec 06 21:49:36 UTC 2025","Sat Dec 06 21:49:37 UTC 2025","879","HabitNuCoachPortalSuite","Milestones","CoachesPortal.VAMilestone","CoachesPortal.VAMilestone","test2_changecohort","When user is able to change the cohort",""
"broken","Sat Dec 06 20:37:07 UTC 2025","Sat Dec 06 20:37:23 UTC 2025","15544","HabitNuCoachPortalSuite","HabitNuCoachesPortalRegression-PartA","CoachesPortal.CohortLevelDashboard.CohortLevelDashboardPage","CoachesPortal.CohortLevelDashboard.CohortLevelDashboardPage","case13","Food category - 0 Kcal test case.",""
"passed","Sat Dec 06 21:42:51 UTC 2025","Sat Dec 06 21:42:55 UTC 2025","4057","HabitNuCoachPortalSuite","LoginPageCases","CoachesPortal.LoginPageCases","CoachesPortal.LoginPageCases","testRestpasswordAuthentication","validate user is able to login with the reset password",""
"passed","Sat Dec 06 21:57:31 UTC 2025","Sat Dec 06 21:57:34 UTC 2025","2300","HabitNuCoachPortalSuite","UserDashboard","CoachesPortal.PatientDashboard","CoachesPortal.PatientDashboard","physicalActivityHistory","test5 > Given I am logged in as coach, wehn I am on adding steps from user Dashboard, Then I should be able to see added Steps on physicalActivityHistory graph","coach login - user/patient/partcipant dashboard validation"
"passed","Sat Dec 06 21:00:17 UTC 2025","Sat Dec 06 21:01:07 UTC 2025","50210","HabitNuCoachPortalSuite","HabitNuCoachesPortalRegression-PartA","CoachesPortal.DirectMessage","CoachesPortal.DirectMessage","verifyDMonWebApp","Verify message on web app by Patient",""
"passed","Sat Dec 06 21:40:36 UTC 2025","Sat Dec 06 21:40:51 UTC 2025","14831","HabitNuCoachPortalSuite","ProjectPowerDashboard","CoachesPortal.ProjectPowerDashboard","CoachesPortal.ProjectPowerDashboard","verifyM1GraphwithfilterAsCustom","verifyM1GraphwithfilterAsCustom",""
"passed","Sat Dec 06 21:43:00 UTC 2025","Sat Dec 06 21:43:00 UTC 2025","138","HabitNuCoachPortalSuite","LoginPageCases","CoachesPortal.LoginPageCases","CoachesPortal.LoginPageCases","case11","TC11- Click on Ask us",""
"passed","Sat Dec 06 21:11:12 UTC 2025","Sat Dec 06 21:11:12 UTC 2025","67","HabitNuCoachPortalSuite","HabitNuCoachesPortalRegression-PartB","CoachesPortal.PatientDetails.PatientProfileDemographic","CoachesPortal.PatientDetails.PatientProfileDemographic","testSelectEmotionalYes","test1 > Given I am logged in as coach, testSelectEmotionalYes","test1 > Given I am logged in as coach, testSelectEmotionalYes"
"passed","Sat Dec 06 21:46:14 UTC 2025","Sat Dec 06 21:46:22 UTC 2025","8078","HabitNuCoachPortalSuite","GroupDPPClassPlanner","CoachesPortal.ClassPlanner","CoachesPortal.ClassPlanner","case22","Activate the class planner - It should activate the class planner",""
"passed","Sat Dec 06 21:12:59 UTC 2025","Sat Dec 06 21:13:08 UTC 2025","9351","HabitNuCoachPortalSuite","HabitNuCoachesPortalRegression-PartB","CoachesPortal.PatientDetails.PatientProfileDemographic","CoachesPortal.PatientDetails.PatientProfileDemographic","updateethnicity_race_info","test1 > Given I am logged in as customer admin, ethnicity_race_info","test1 > Given I am logged in as customer admin, ethnicity_race_info"
"passed","Sat Dec 06 20:47:04 UTC 2025","Sat Dec 06 20:47:14 UTC 2025","9370","HabitNuCoachPortalSuite","HabitNuCoachesPortalRegression-PartA","CoachesPortal.DiscussionForumPage","CoachesPortal.DiscussionForumPage","case12","test1 > Given I am logged in as coach, I am validating File upload- subject only- error.","test1 > Given I am logged in as coach, I am validating File upload- subject only- error."
"passed","Sat Dec 06 20:46:06 UTC 2025","Sat Dec 06 20:46:15 UTC 2025","8933","HabitNuCoachPortalSuite","HabitNuCoachesPortalRegression-PartA","CoachesPortal.LearnModule.CustomerAdminCourseDocument","CoachesPortal.LearnModule.CustomerAdminCourseDocument","verifyAddVideoTitleRequired","Add Title Required",""
"passed","Sat Dec 06 21:46:07 UTC 2025","Sat Dec 06 21:46:14 UTC 2025","7443","HabitNuCoachPortalSuite","GroupDPPClassPlanner","CoachesPortal.ClassPlanner","CoachesPortal.ClassPlanner","case21","There is no Class Planner for this Cohort - before activating class planner",""
"passed","Sat Dec 06 21:24:20 UTC 2025","Sat Dec 06 21:24:26 UTC 2025","5956","HabitNuCoachPortalSuite","Scheduler","CoachesPortal.Schedular","CoachesPortal.Schedular","userNoToTheMeet","test1 > Given I am logged in as coach, verify user response to meet attendance - NO","test1 > Given I am logged in as coach, verify user response to meet attendance - NO"
"passed","Sat Dec 06 21:09:52 UTC 2025","Sat Dec 06 21:09:53 UTC 2025","931","HabitNuCoachPortalSuite","HabitNuCoachesPortalRegression-PartB","CoachesPortal.PatientDetails.PatientProfileDemographic","CoachesPortal.PatientDetails.PatientProfileDemographic","editverifyProgramDetailsWithIsActive","test1 > Given I am logged in as coach, verify cancel and update buttons are present for program details","test1 > Given I am logged in as coach, verify cancel and update buttons are present for program details"
"passed","Sat Dec 06 21:15:42 UTC 2025","Sat Dec 06 21:15:47 UTC 2025","5130","HabitNuCoachPortalSuite","HabitNuCoachesPortalRegression-PartB","CoachesPortal.PatientDetails.UserActivitiesBloodSugar","CoachesPortal.PatientDetails.UserActivitiesBloodSugar","verifyBloodSugareRequired","Verify bloodsugar required",""
"passed","Sat Dec 06 21:57:08 UTC 2025","Sat Dec 06 21:57:13 UTC 2025","5683","HabitNuCoachPortalSuite","UserDashboard","CoachesPortal.PatientDashboard","CoachesPortal.PatientDashboard","foodLog","test12 > Given I am logged in as coach, when I am on adding Meal by logging into user app, Then I should be able to see added Meal data on FoodLog graph","coach login - user/patient/partcipant dashboard validation"
"passed","Sat Dec 06 22:04:51 UTC 2025","Sat Dec 06 22:05:04 UTC 2025","12417","HabitNuCoachPortalSuite","DifferentTypeOfDashboards","CoachesPortal.CohortLevelDashboard.OnlineCohortDashboard","CoachesPortal.CohortLevelDashboard.OnlineCohortDashboard","fivePercentWeightLossCard_forUserWeight","test1 > Given I am logged in as customer admin, I am validating online cohort 'dashboard-card=fivePercentWeightLossCardCount, when user adds weight","test1 > Given I am logged in as customer admin, I am validating online cohort 'dashboard-card=fivePercentWeightLossCardCount, when user adds weight"
"broken","Sat Dec 06 21:24:50 UTC 2025","Sat Dec 06 21:25:11 UTC 2025","20594","HabitNuCoachPortalSuite","Scheduler","CoachesPortal.Schedular","CoachesPortal.Schedular","createAppointment","test3 >  Given I am logged in as admin, and on create appointment page, When I fill in all the required details, Then I should be able to save the appointment","admin login - User should be able to create and save appointment"
"passed","Sat Dec 06 21:26:58 UTC 2025","Sat Dec 06 21:26:58 UTC 2025","0","HabitNuCoachPortalSuite","Scheduler","CoachesPortal.Schedular","CoachesPortal.Schedular","userNoToTheMeet","test1 > Given I am logged in as admin, verify user response to meet attendance - NO","test1 > Given I am logged in as admin, verify user response to meet attendance - NO"
"passed","Sat Dec 06 21:15:57 UTC 2025","Sat Dec 06 21:16:13 UTC 2025","16125","HabitNuCoachPortalSuite","HabitNuCoachesPortalRegression-PartB","CoachesPortal.PatientDetails.UserActivitiesBloodSugar","CoachesPortal.PatientDetails.UserActivitiesBloodSugar","verifyAndAddYesterdayBloodSugar","Verify user as Ethelyn in useractivities tab and add past date blood sugar",""
"passed","Sat Dec 06 21:58:17 UTC 2025","Sat Dec 06 21:58:17 UTC 2025","239","HabitNuCoachPortalSuite","FeatureFlags","CoachesPortal.FeatureFlags","CoachesPortal.FeatureFlags","test2_navigatingadmin","When user is navigating to Admin section ",""
"passed","Sat Dec 06 21:58:19 UTC 2025","Sat Dec 06 21:58:20 UTC 2025","834","HabitNuCoachPortalSuite","FeatureFlags","CoachesPortal.FeatureFlags","CoachesPortal.FeatureFlags","test6_validatingfeatureflags","And user is validating the Feature Flags section ",""
"passed","Sat Dec 06 21:04:59 UTC 2025","Sat Dec 06 21:05:00 UTC 2025","997","HabitNuCoachPortalSuite","HabitNuCoachesPortalRegression-PartB","CoachesPortal.OnsiteUsersListDashboard","CoachesPortal.OnsiteUsersListDashboard","case23","test1 > Given I am logged in as coach, Action- Request Form Survey.","test1 > Given I am logged in as coach, Action- Request Form Survey."
"passed","Sat Dec 06 21:49:39 UTC 2025","Sat Dec 06 21:49:40 UTC 2025","1767","HabitNuCoachPortalSuite","Milestones","CoachesPortal.VAMilestone","CoachesPortal.VAMilestone","test5_navigating_VAmilestone","And user is navigating to VA_Milestone",""
"passed","Sat Dec 06 22:02:49 UTC 2025","Sat Dec 06 22:02:50 UTC 2025","282","HabitNuCoachPortalSuite","DifferentTypeOfDashboards","CoachesPortal.CohortLevelDashboard.OnlineCohortDashboard","CoachesPortal.CohortLevelDashboard.OnlineCohortDashboard","case4","test1 > Given I am logged in as coach, I am validating online cohort 'Weight Loss By Participants validation on graph with ALL option","test1 > Given I am logged in as coach, I am validating online cohort 'Weight Loss By Participants validation on graph with ALL option"
"broken","Sat Dec 06 21:14:22 UTC 2025","Sat Dec 06 21:14:55 UTC 2025","32931","HabitNuCoachPortalSuite","HabitNuCoachesPortalRegression-PartB","CoachesPortal.PatientDetails.UserActivitiesBloodPressure","CoachesPortal.PatientDetails.UserActivitiesBloodPressure","verifyUserData_on_coachesPortal","Verify user data added on web on coaches portal",""
"passed","Sat Dec 06 21:43:18 UTC 2025","Sat Dec 06 21:43:18 UTC 2025","101","HabitNuCoachPortalSuite","LogClassSession","CoachesPortal.LogClassSection","CoachesPortal.LogClassSection","verifyLogClassSectionWithPatientFields","Verify Log Class Section With Patient all fields",""
"broken","Sat Dec 06 22:06:24 UTC 2025","Sat Dec 06 22:06:24 UTC 2025","263","HabitNuCoachPortalSuite","DifferentTypeOfDashboards","CoachesPortal.CohortLevelDashboard.OnlineCohortDashboard","CoachesPortal.CohortLevelDashboard.OnlineCohortDashboard","foodCategory_check_with_pastWeek","test1 > Given I am logged in as customer admin, I am validating online cohort 'foodCategoryGraph - foodCategory_check_with_pastWeek","test1 > Given I am logged in as customer admin, I am validating online cohort 'foodCategoryGraph - foodCategory_check_with_pastWeek"
"passed","Sat Dec 06 20:41:10 UTC 2025","Sat Dec 06 20:41:19 UTC 2025","9261","HabitNuCoachPortalSuite","HabitNuCoachesPortalRegression-PartA","CoachesPortal.LearnModule.Learn","CoachesPortal.LearnModule.Learn","checkLearnTabOnWebWhenCourseIsPublished","check learn tab visibilty on web app when no course is published from coaches portal",""
"passed","Sat Dec 06 22:07:36 UTC 2025","Sat Dec 06 22:07:36 UTC 2025","158","HabitNuCoachPortalSuite","DifferentTypeOfDashboards","CoachesPortal.CohortLevelDashboard.OnsiteCohortDashboard","CoachesPortal.CohortLevelDashboard.OnsiteCohortDashboard","sessionAttendanceGraph","test1 > Given I am logged in as customer admin, I am validating onsite cohort 'sessionAttendanceGraph","test1 > Given I am logged in as customer admin, I am validating onsite cohort 'sessionAttendanceGraph"
"passed","Sat Dec 06 21:39:37 UTC 2025","Sat Dec 06 21:39:37 UTC 2025","12","HabitNuCoachPortalSuite","ProjectPowerDashboard","CoachesPortal.ProjectPowerDashboard","CoachesPortal.ProjectPowerDashboard","verifyM3","It should display the total number of participants who have completed atleast 8 sessions",""
"skipped","Sat Dec 06 21:09:07 UTC 2025","Sat Dec 06 21:09:07 UTC 2025","0","HabitNuCoachPortalSuite","HabitNuCoachesPortalRegression-PartB","CoachesPortal.OnsiteUsersListDashboard","CoachesPortal.OnsiteUsersListDashboard","case51","test1 > Given I am logged in as customerAdmin, validate enrolled status under Milestone column - colorcode","test1 > Given I am logged in as customerAdmin, validate enrolled status under Milestone column - colorcode"
"passed","Sat Dec 06 21:48:41 UTC 2025","Sat Dec 06 21:48:44 UTC 2025","2628","HabitNuCoachPortalSuite","Milestones","CoachesPortal.BPSMMilestone","CoachesPortal.BPSMMilestone","test1_navigatingcoach","Given user is navigating to coaches portal",""
"passed","Sat Dec 06 20:42:05 UTC 2025","Sat Dec 06 20:42:27 UTC 2025","22270","HabitNuCoachPortalSuite","HabitNuCoachesPortalRegression-PartA","CoachesPortal.LearnModule.Learn","CoachesPortal.LearnModule.Learn","addVideoToTheContent","filter down course content by Video and assert Pagination",""
"passed","Sat Dec 06 21:24:32 UTC 2025","Sat Dec 06 21:24:32 UTC 2025","49","HabitNuCoachPortalSuite","Scheduler","CoachesPortal.Schedular","CoachesPortal.Schedular","validateInteractionEntries_Interaction_Type","test1 > Given I am logged in as coach, verify group interaction entries are made automatically when meet is attended for min of 1min > Validating field==Interaction_Typ","test1 > Given I am logged in as coach, verify group interaction entries are made automatically when meet is attended for min of 1min > Validating field==Interaction_Typ"
"passed","Sat Dec 06 20:56:39 UTC 2025","Sat Dec 06 20:56:54 UTC 2025","15269","HabitNuCoachPortalSuite","HabitNuCoachesPortalRegression-PartA","CoachesPortal.DiscussionForumPage","CoachesPortal.DiscussionForumPage","case17","test1 > Given I am logged in as customerAdmin, I am validating Upload more than 5 files.- Error.","test1 > Given I am logged in as customerAdmin, I am validating Upload more than 5 files.- Error"
"passed","Sat Dec 06 21:43:04 UTC 2025","Sat Dec 06 21:43:07 UTC 2025","3604","HabitNuCoachPortalSuite","LoginPageCases","CoachesPortal.LoginPageCases","CoachesPortal.LoginPageCases","testClickOnForgetPasswordLink","validate forget-password link button",""
"skipped","Sat Dec 06 21:09:07 UTC 2025","Sat Dec 06 21:09:07 UTC 2025","0","HabitNuCoachPortalSuite","HabitNuCoachesPortalRegression-PartB","CoachesPortal.OnsiteUsersListDashboard","CoachesPortal.OnsiteUsersListDashboard","case34","test1 > Given I am logged in as customerAdmin, validate userList as customerAdmin-Move a user from one cohort to another","test1 > Given I am logged in as customerAdmin, validate userList as customerAdmin-Move a user from one cohort to another"
"broken","Sat Dec 06 21:17:46 UTC 2025","Sat Dec 06 21:18:07 UTC 2025","20565","HabitNuCoachPortalSuite","HabitNuCoachesPortalRegression-PartB","CoachesPortal.PatientDetails.UserActivitiesTobacco","CoachesPortal.PatientDetails.UserActivitiesTobacco","verifyCurrentAndYesterdayBPDataInCoachesPortal","Verify current and yesterday tobacco in coaches and webportal",""
"broken","Sat Dec 06 22:05:32 UTC 2025","Sat Dec 06 22:06:14 UTC 2025","42587","HabitNuCoachPortalSuite","DifferentTypeOfDashboards","CoachesPortal.CohortLevelDashboard.OnlineCohortDashboard","CoachesPortal.CohortLevelDashboard.OnlineCohortDashboard","latestHba1cGraph","test1 > Given I am logged in as customer admin, I am validating online cohort 'latestHba1cGraph","test1 > Given I am logged in as customer admin, I am validating online cohort 'latestHba1cGraph"
"broken","Sat Dec 06 21:10:12 UTC 2025","Sat Dec 06 21:10:28 UTC 2025","15804","HabitNuCoachPortalSuite","HabitNuCoachesPortalRegression-PartB","CoachesPortal.PatientDetails.PatientProfileDemographic","CoachesPortal.PatientDetails.PatientProfileDemographic","updateDisenrollmentDetails_with_onlyDisenrolledDateData","test1 > Given I am logged in as coach, try updating DisenrollmentDetails with only diseenrolledDate data","test1 > Given I am logged in as coach, try updating DisenrollmentDetails with only diseenrolledDate data"
"failed","Sat Dec 06 22:10:59 UTC 2025","Sat Dec 06 22:11:20 UTC 2025","20894","HabitNuCoachPortalSuite","DifferentTypeOfDashboards","CoachesPortal.CohortLevelDashboard.DSMEDashboardCoachesPortal","CoachesPortal.CohortLevelDashboard.DSMEDashboardCoachesPortal","test2_Flagged","And user is navigated to Flagged",""
"passed","Sat Dec 06 20:44:57 UTC 2025","Sat Dec 06 20:44:58 UTC 2025","714","HabitNuCoachPortalSuite","HabitNuCoachesPortalRegression-PartA","CoachesPortal.LearnModule.CustomerAdminCourseDocument","CoachesPortal.LearnModule.CustomerAdminCourseDocument","verifyAddUrlLinkRequired","Add Url Required",""
"passed","Sat Dec 06 20:59:52 UTC 2025","Sat Dec 06 20:59:54 UTC 2025","1249","HabitNuCoachPortalSuite","HabitNuCoachesPortalRegression-PartA","CoachesPortal.DirectMessage","CoachesPortal.DirectMessage","searchParticipantByEmail_who_is_notPartOfthisCohort","Search participant by email who is not part of this cohort",""
"passed","Sat Dec 06 20:55:33 UTC 2025","Sat Dec 06 20:55:35 UTC 2025","1182","HabitNuCoachPortalSuite","HabitNuCoachesPortalRegression-PartA","CoachesPortal.DiscussionForumPage","CoachesPortal.DiscussionForumPage","case9","test1 > Given I am logged in as customerAdmin, I am validating Post empty comment- error message.","test1 > Given I am logged in as customerAdmin, I am validating Post empty comment- error message."
"passed","Sat Dec 06 22:05:14 UTC 2025","Sat Dec 06 22:05:20 UTC 2025","5601","HabitNuCoachPortalSuite","DifferentTypeOfDashboards","CoachesPortal.CohortLevelDashboard.OnlineCohortDashboard","CoachesPortal.CohortLevelDashboard.OnlineCohortDashboard","activeParticipants","test1 > Given I am logged in as customer admin, I am validating online cohort 'dashboard-card=activeParticipants","test1 > Given I am logged in as customer admin, I am validating online cohort 'dashboard-card=activeParticipants"
"passed","Sat Dec 06 22:06:52 UTC 2025","Sat Dec 06 22:06:53 UTC 2025","764","HabitNuCoachPortalSuite","DifferentTypeOfDashboards","CoachesPortal.CohortLevelDashboard.OnsiteCohortDashboard","CoachesPortal.CohortLevelDashboard.OnsiteCohortDashboard","case6","test1 > Given I am logged in as customer admin, I am validating onsite cohort 'Weight Loss By Participants validation on graph with 'Added by user' option","test1 > Given I am logged in as customer admin, I am validating onsite cohort 'Weight Loss By Participants validation on graph with 'Added by user' option"
"passed","Sat Dec 06 21:42:55 UTC 2025","Sat Dec 06 21:42:55 UTC 2025","141","HabitNuCoachPortalSuite","LoginPageCases","CoachesPortal.LoginPageCases","CoachesPortal.LoginPageCases","testLoginWithEmptyEmailAndValidPassword","try login with empty email and valid password",""
"passed","Sat Dec 06 20:45:58 UTC 2025","Sat Dec 06 20:46:00 UTC 2025","1888","HabitNuCoachPortalSuite","HabitNuCoachesPortalRegression-PartA","CoachesPortal.LearnModule.CustomerAdminCourseDocument","CoachesPortal.LearnModule.CustomerAdminCourseDocument","verifyAddUrlTitleVideoRequired","Add Video upload And Title Required",""
"passed","Sat Dec 06 22:00:01 UTC 2025","Sat Dec 06 22:00:04 UTC 2025","3236","HabitNuCoachPortalSuite","FeatureFlags","CoachesPortal.FeatureFlags","CoachesPortal.FeatureFlags","test17_addrulesforcohort_multipletimes","And user is able to add the rule for cohort level multiple times",""
"passed","Sat Dec 06 21:12:10 UTC 2025","Sat Dec 06 21:12:21 UTC 2025","10781","HabitNuCoachPortalSuite","HabitNuCoachesPortalRegression-PartB","CoachesPortal.PatientDetails.PatientProfileDemographic","CoachesPortal.PatientDetails.PatientProfileDemographic","updateDisenrollmentDetails_with_DisenrolledCode_and_date","test1 > Given I am logged in as customer admin, try updating DisenrollmentDetails with only diseenrolledCode & Date","test1 > Given I am logged in as customer admin, try updating DisenrollmentDetails with only diseenrolledCode & Date"
"passed","Sat Dec 06 21:10:59 UTC 2025","Sat Dec 06 21:11:00 UTC 2025","50","HabitNuCoachPortalSuite","HabitNuCoachesPortalRegression-PartB","CoachesPortal.PatientDetails.PatientProfileDemographic","CoachesPortal.PatientDetails.PatientProfileDemographic","verifyCallDetails","test1 > Given I am logged in as coach, verifyCallDetails","test1 > Given I am logged in as coach, verifyCallDetails"
"passed","Sat Dec 06 20:39:34 UTC 2025","Sat Dec 06 20:39:35 UTC 2025","1185","HabitNuCoachPortalSuite","HabitNuCoachesPortalRegression-PartA","CoachesPortal.LearnModule.Learn","CoachesPortal.LearnModule.Learn","verifyLandingPageWhichIsProgramsHeadlined","Verify CustomerAdmin now lands on Course configuration page (Programs)",""
"passed","Sat Dec 06 21:02:55 UTC 2025","Sat Dec 06 21:03:05 UTC 2025","10061","HabitNuCoachPortalSuite","HabitNuCoachesPortalRegression-PartB","CoachesPortal.OnsiteUsersListDashboard","CoachesPortal.OnsiteUsersListDashboard","case10","test1 > Given I am logged in as coach, Choose Cohort which does not have form- multiple_classes_ofChild.","test1 > Given I am logged in as coach, Choose Cohort which does not have form- multiple_classes_ofChild."
"passed","Sat Dec 06 21:38:24 UTC 2025","Sat Dec 06 21:38:56 UTC 2025","32120","HabitNuCoachPortalSuite","HabitNuCoachesPortalRegression-PartC","CoachesPortal.PatientDetails.PatientProfilePayerType","CoachesPortal.PatientDetails.PatientProfilePayerType","verifyAddPayerTypeDetails","Add PayerType of Ethlen",""
"passed","Sat Dec 06 21:26:58 UTC 2025","Sat Dec 06 21:26:58 UTC 2025","0","HabitNuCoachPortalSuite","Scheduler","CoachesPortal.Schedular","CoachesPortal.Schedular","validateInteractionEntries_UpdatedBy","test1 > Given I am logged in as admin, verify group interaction entries are made automatically when meet is attended for min of 1min > Validating field==UpdatedBy","test1 > Given I am logged in as admin, verify group interaction entries are made automatically when meet is attended for min of 1min > Validating field==UpdatedBy"
"broken","Sat Dec 06 20:38:41 UTC 2025","Sat Dec 06 20:38:51 UTC 2025","10659","HabitNuCoachPortalSuite","HabitNuCoachesPortalRegression-PartA","CoachesPortal.CohortLevelDashboard.CohortLevelDashboardPage","CoachesPortal.CohortLevelDashboard.CohortLevelDashboardPage","case21","Demographics page- Ethinicity, Payer type and Racial Breakdown should be displayed.",""
"passed","Sat Dec 06 21:12:21 UTC 2025","Sat Dec 06 21:12:23 UTC 2025","2666","HabitNuCoachPortalSuite","HabitNuCoachesPortalRegression-PartB","CoachesPortal.PatientDetails.PatientProfileDemographic","CoachesPortal.PatientDetails.PatientProfileDemographic","updateAndVerifyCallDetails","test1 > Given I am logged in as customer admin, updateAndVerifyCallDetails","test1 > Given I am logged in as customer admin, updateAndVerifyCallDetails"
"broken","Sat Dec 06 20:40:50 UTC 2025","Sat Dec 06 20:40:55 UTC 2025","4235","HabitNuCoachPortalSuite","HabitNuCoachesPortalRegression-PartA","CoachesPortal.LearnModule.Learn","CoachesPortal.LearnModule.Learn","accessCourseFromWebApp","accessCourseFromWebApp",""
"passed","Sat Dec 06 22:17:01 UTC 2025","Sat Dec 06 22:17:12 UTC 2025","11512","HabitNuCoachPortalSuite","DifferentTypeOfDashboards","CoachesPortal.CohortLevelDashboard.DSMEDashboardCoachesPortal","CoachesPortal.CohortLevelDashboard.DSMEDashboardCoachesPortal","test11_ReferralManager_addparticipantsreferral_addnotes","And user is able to add notes in referral manager",""
"passed","Sat Dec 06 22:17:12 UTC 2025","Sat Dec 06 22:17:18 UTC 2025","6270","HabitNuCoachPortalSuite","DifferentTypeOfDashboards","CoachesPortal.CohortLevelDashboard.DSMEDashboardCoachesPortal","CoachesPortal.CohortLevelDashboard.DSMEDashboardCoachesPortal","test12_verifyBloodSugarByPatientsInOutcomesTab","Verify Blood Sugar by Patients Should be displayed under outcomes tab",""
"passed","Sat Dec 06 20:47:54 UTC 2025","Sat Dec 06 20:47:59 UTC 2025","5205","HabitNuCoachPortalSuite","HabitNuCoachesPortalRegression-PartA","CoachesPortal.DiscussionForumPage","CoachesPortal.DiscussionForumPage","case16","test1 > Given I am logged in as coach, I am validating upload upto 5 files with Description- Success.","test1 > Given I am logged in as coach, I am validating upload upto 5 files with Description- Success."
"passed","Sat Dec 06 21:39:57 UTC 2025","Sat Dec 06 21:40:36 UTC 2025","39150","HabitNuCoachPortalSuite","ProjectPowerDashboard","CoachesPortal.ProjectPowerDashboard","CoachesPortal.ProjectPowerDashboard","verifyM1GraphwithfilterAsAllTime","verifyM1GraphwithfilterAsAllTime",""
"passed","Sat Dec 06 21:26:58 UTC 2025","Sat Dec 06 21:26:58 UTC 2025","0","HabitNuCoachPortalSuite","Scheduler","CoachesPortal.Schedular","CoachesPortal.Schedular","userYesToTheMeet","test1 > Given I am logged in as admin, verify user response to meet attendance - YES","test1 > Given I am logged in as admin, verify user response to meet attendance - YES"
"passed","Sat Dec 06 20:57:06 UTC 2025","Sat Dec 06 20:57:12 UTC 2025","5828","HabitNuCoachPortalSuite","HabitNuCoachesPortalRegression-PartA","CoachesPortal.DiscussionForumPage","CoachesPortal.DiscussionForumPage","case25","test1 > Given I am logged in as customerAdmin, I am validating Comment on pinned post.","test1 > Given I am logged in as customerAdmin, I am validating Comment on pinned post."
"passed","Sat Dec 06 21:45:16 UTC 2025","Sat Dec 06 21:45:18 UTC 2025","1871","HabitNuCoachPortalSuite","LogClassSession","CoachesPortal.LogClassSection","CoachesPortal.LogClassSection","verifyAddWeightAttendanceDateAndPAAndLFAndMUPDistanceLearning","Add weight,attendance date and PA And LF And MUP In Distance Learning",""
"passed","Sat Dec 06 21:09:07 UTC 2025","Sat Dec 06 21:09:16 UTC 2025","8244","HabitNuCoachPortalSuite","HabitNuCoachesPortalRegression-PartB","CoachesPortal.PatientDetails.CommunicationLogsCoachesPortal","CoachesPortal.PatientDetails.CommunicationLogsCoachesPortal","verifyCommunicationLogsWithSMS","verifyCommunicationLogsWithSMS",""
"passed","Sat Dec 06 22:16:55 UTC 2025","Sat Dec 06 22:17:01 UTC 2025","5481","HabitNuCoachPortalSuite","DifferentTypeOfDashboards","CoachesPortal.CohortLevelDashboard.DSMEDashboardCoachesPortal","CoachesPortal.CohortLevelDashboard.DSMEDashboardCoachesPortal","test10_AddParticipants_danger_text_validations","And user is validating Add participants danger text validations",""
"passed","Sat Dec 06 20:41:36 UTC 2025","Sat Dec 06 20:41:40 UTC 2025","4095","HabitNuCoachPortalSuite","HabitNuCoachesPortalRegression-PartA","CoachesPortal.LearnModule.Learn","CoachesPortal.LearnModule.Learn","nocourseconfiguredfortheprogram","No course configured for the program.",""
"passed","Sat Dec 06 21:41:41 UTC 2025","Sat Dec 06 21:41:41 UTC 2025","618","HabitNuCoachPortalSuite","ProjectPowerDashboard","CoachesPortal.ProjectPowerDashboard","CoachesPortal.ProjectPowerDashboard","verifyCohortWeightLossTrendFor12months","All cohort dashboard for project power - Cohort Weight Loss trend - 12months",""
"passed","Sat Dec 06 20:39:43 UTC 2025","Sat Dec 06 20:39:47 UTC 2025","4358","HabitNuCoachPortalSuite","HabitNuCoachesPortalRegression-PartA","CoachesPortal.LearnModule.Learn","CoachesPortal.LearnModule.Learn","addChapterToTheCourse","adding a chapter to the course",""
"passed","Sat Dec 06 20:39:35 UTC 2025","Sat Dec 06 20:39:36 UTC 2025","730","HabitNuCoachPortalSuite","HabitNuCoachesPortalRegression-PartA","CoachesPortal.LearnModule.Learn","CoachesPortal.LearnModule.Learn","clickOnCourseModule","Verify CustomerAdmin can click on course",""
"passed","Sat Dec 06 20:51:04 UTC 2025","Sat Dec 06 20:51:05 UTC 2025","1197","HabitNuCoachPortalSuite","HabitNuCoachesPortalRegression-PartA","CoachesPortal.DiscussionForumPage","CoachesPortal.DiscussionForumPage","case9","test1 > Given I am logged in as admin, I am validating Post empty comment- error message.","test1 > Given I am logged in as admin, I am validating Post empty comment- error message."
"passed","Sat Dec 06 21:12:29 UTC 2025","Sat Dec 06 21:12:32 UTC 2025","2184","HabitNuCoachPortalSuite","HabitNuCoachesPortalRegression-PartB","CoachesPortal.PatientDetails.PatientProfileDemographic","CoachesPortal.PatientDetails.PatientProfileDemographic","updateAndVerifyOtherDetails","test1 > Given I am logged in as customer admin, updateAndVerifyOtherDetails","test1 > Given I am logged in as customer admin, updateAndVerifyOtherDetails"
"passed","Sat Dec 06 21:42:49 UTC 2025","Sat Dec 06 21:42:49 UTC 2025","252","HabitNuCoachPortalSuite","LoginPageCases","CoachesPortal.LoginPageCases","CoachesPortal.LoginPageCases","testRestpasswordCase2","validate users be able to reset password, while doing so entering new password, but entering different one in confirm password",""
"broken","Sat Dec 06 21:54:14 UTC 2025","Sat Dec 06 21:54:20 UTC 2025","6491","HabitNuCoachPortalSuite","UserDashboard","CoachesPortal.PatientDashboard","CoachesPortal.PatientDashboard","bloodPressureHistory","test8 > Given I am logged in as admin, wehn I am on adding bloodpressure from user Dashboard, Then I should be able to see added bloodpressure on bloodpressureHistory graph","admin login - user/patient/partcipant dashboard validation"
"passed","Sat Dec 06 21:39:37 UTC 2025","Sat Dec 06 21:39:37 UTC 2025","11","HabitNuCoachPortalSuite","ProjectPowerDashboard","CoachesPortal.ProjectPowerDashboard","CoachesPortal.ProjectPowerDashboard","verify5percentWeightLoss","It should display the total number of participants who have achieved 5% weight loss",""
"passed","Sat Dec 06 21:47:41 UTC 2025","Sat Dec 06 21:47:41 UTC 2025","166","HabitNuCoachPortalSuite","GeneralContent","CoachesPortal.generalContent_WEb_Coaches","CoachesPortal.generalContent_WEb_Coaches","printGroupDetails","Printing Group Details",""
"skipped","Sat Dec 06 21:09:07 UTC 2025","Sat Dec 06 21:09:07 UTC 2025","1","HabitNuCoachPortalSuite","HabitNuCoachesPortalRegression-PartB","CoachesPortal.OnsiteUsersListDashboard","CoachesPortal.OnsiteUsersListDashboard","case53","test1 > Given I am logged in as customerAdmin, verify milestonecolor==yellow after participant just register and login to app and do not fill the banner","test1 > Given I am logged in as customerAdmin, verify milestonecolor==yellow after participant just register and login to app and do not fill the banner"
"passed","Sat Dec 06 21:41:44 UTC 2025","Sat Dec 06 21:41:44 UTC 2025","10","HabitNuCoachPortalSuite","ProjectPowerDashboard","CoachesPortal.ProjectPowerDashboard","CoachesPortal.ProjectPowerDashboard","verifySDOHPage_challenging_resources","Verify SDOH - Challenges Accessing Resources chart",""
"failed","Sat Dec 06 21:41:44 UTC 2025","Sat Dec 06 21:42:08 UTC 2025","24072","HabitNuCoachPortalSuite","ProjectPowerDashboard","CoachesPortal.ProjectPowerDashboard","CoachesPortal.ProjectPowerDashboard","verifySDOHPage_HouseHold_Income","Verify SDOH - Household Income chart tooltips",""
"passed","Sat Dec 06 21:38:23 UTC 2025","Sat Dec 06 21:38:23 UTC 2025","655","HabitNuCoachPortalSuite","HabitNuCoachesPortalRegression-PartC","CoachesPortal.PatientDetails.PatientProfileImmunizations","CoachesPortal.PatientDetails.PatientProfileImmunizations","deleteImmunization","delete immunization for Ethylen",""
"passed","Sat Dec 06 21:42:47 UTC 2025","Sat Dec 06 21:42:49 UTC 2025","1893","HabitNuCoachPortalSuite","LoginPageCases","CoachesPortal.LoginPageCases","CoachesPortal.LoginPageCases","testRestpasswordCase1","validate users be able to reset password, while doing so entering passwords that matches with previous ones ",""
"passed","Sat Dec 06 21:43:25 UTC 2025","Sat Dec 06 21:43:29 UTC 2025","4490","HabitNuCoachPortalSuite","LogClassSession","CoachesPortal.LogClassSection","CoachesPortal.LogClassSection","verifySearchPatientById","Search Participant By ID",""
"passed","Sat Dec 06 22:09:18 UTC 2025","Sat Dec 06 22:09:19 UTC 2025","946","HabitNuCoachPortalSuite","DifferentTypeOfDashboards","CoachesPortal.CohortLevelDashboard.OnsiteCohortDashboard","CoachesPortal.CohortLevelDashboard.OnsiteCohortDashboard","case8","test1 > Given I am logged in as coach,  I am validating onsite cohort 'Weight Loss By Participants validation on graph with 'Added by user' option, when user adds weight","test1 > Given I am logged in as coach,  I am validating onsite cohort 'Weight Loss By Participants validation on graph with 'Added by user' option, when user adds weight"
"broken","Sat Dec 06 21:07:33 UTC 2025","Sat Dec 06 21:07:34 UTC 2025","1292","HabitNuCoachPortalSuite","HabitNuCoachesPortalRegression-PartB","CoachesPortal.OnsiteUsersListDashboard","CoachesPortal.OnsiteUsersListDashboard","case13","test1 > Given I am logged in as admin, Click on +, wait till all elements are displayed and then validate.","test1 > Given I am logged in as admin, Click on +, wait till all elements are displayed and then validate."
"passed","Sat Dec 06 20:39:09 UTC 2025","Sat Dec 06 20:39:11 UTC 2025","2090","HabitNuCoachPortalSuite","HabitNuCoachesPortalRegression-PartA","CoachesPortal.CohortLevelDashboard.CohortLevelDashboardPage","CoachesPortal.CohortLevelDashboard.CohortLevelDashboardPage","case27","Outcomes- Adherance,SBP reductions, DBP Reductions,Achieving Targets.",""
"passed","Sat Dec 06 20:59:56 UTC 2025","Sat Dec 06 20:59:57 UTC 2025","1208","HabitNuCoachPortalSuite","HabitNuCoachesPortalRegression-PartA","CoachesPortal.DirectMessage","CoachesPortal.DirectMessage","selectPatientToSendMessage","select participants to send a message",""
"passed","Sat Dec 06 20:47:23 UTC 2025","Sat Dec 06 20:47:24 UTC 2025","833","HabitNuCoachPortalSuite","HabitNuCoachesPortalRegression-PartA","CoachesPortal.DiscussionForumPage","CoachesPortal.DiscussionForumPage","verifyFileIsOpenedOnClickingViewButton","test1 > Given I am logged in as coach, I am validating verify file opened on clicking view button","test1 > Given I am logged in as coach, I am validating verify file opened on clicking view button"
"passed","Sat Dec 06 21:57:01 UTC 2025","Sat Dec 06 21:57:08 UTC 2025","6583","HabitNuCoachPortalSuite","UserDashboard","CoachesPortal.PatientDashboard","CoachesPortal.PatientDashboard","goToUserDashboard","test1 > Given I am logged in as coach, wehn I click on Participants module, Then I should be taken to users/participants list page, when I click on a user, Then I should be taken to user dashboard","coach login - clicking on scheduler should open the scheduler page in coaches portal"
"passed","Sat Dec 06 21:39:37 UTC 2025","Sat Dec 06 21:39:37 UTC 2025","11","HabitNuCoachPortalSuite","ProjectPowerDashboard","CoachesPortal.ProjectPowerDashboard","CoachesPortal.ProjectPowerDashboard","verifyACTIVE_IN_PHASE_2","go to coaches portal - Project Power-verify ACTIVE IN PHASE 2 users",""
"passed","Sat Dec 06 21:39:37 UTC 2025","Sat Dec 06 21:39:37 UTC 2025","13","HabitNuCoachPortalSuite","ProjectPowerDashboard","CoachesPortal.ProjectPowerDashboard","CoachesPortal.ProjectPowerDashboard","verifyM1","It should display total number of participants who are confirmed by Coach",""
"passed","Sat Dec 06 21:41:41 UTC 2025","Sat Dec 06 21:41:41 UTC 2025","65","HabitNuCoachPortalSuite","ProjectPowerDashboard","CoachesPortal.ProjectPowerDashboard","CoachesPortal.ProjectPowerDashboard","verifyCohortWeightLossTrendFor3months","All cohort dashboard for project power - Cohort Weight Loss trend - 3months",""
"broken","Sat Dec 06 21:26:15 UTC 2025","Sat Dec 06 21:26:36 UTC 2025","20563","HabitNuCoachPortalSuite","Scheduler","CoachesPortal.Schedular","CoachesPortal.Schedular","joinTheMeeting","test7 >  Given I am logged in as admin, and on time slot page, When I click on created appointment, Then I should see the Join the meet button, When I click on it, Then I should be taken to joinmeeting page in new tab","admin login - User should be able to join the meet"
"passed","Sat Dec 06 21:12:32 UTC 2025","Sat Dec 06 21:12:32 UTC 2025","69","HabitNuCoachPortalSuite","HabitNuCoachesPortalRegression-PartB","CoachesPortal.PatientDetails.PatientProfileDemographic","CoachesPortal.PatientDetails.PatientProfileDemographic","testSelectDressingNo","test1 > Given I am logged in as customer admin, testSelectDressingNo","test1 > Given I am logged in as customer admin, testSelectDressingNo"
"broken","Sat Dec 06 22:10:40 UTC 2025","Sat Dec 06 22:10:40 UTC 2025","151","HabitNuCoachPortalSuite","DifferentTypeOfDashboards","CoachesPortal.CohortLevelDashboard.OnsiteCohortDashboard","CoachesPortal.CohortLevelDashboard.OnsiteCohortDashboard","foodCategory_chart_validation","test1 > Given I am logged in as coach, I am validating onsite cohort 'foodCategoryGraph - validation2","test1 > Given I am logged in as coach, I am validating onsite cohort 'foodCategoryGraph - validation2"
"passed","Sat Dec 06 20:39:30 UTC 2025","Sat Dec 06 20:39:34 UTC 2025","3062","HabitNuCoachPortalSuite","HabitNuCoachesPortalRegression-PartA","CoachesPortal.CohortLevelDashboard.CohortLevelDashboardPage","CoachesPortal.CohortLevelDashboard.CohortLevelDashboardPage","case33","Logout and Login again as customer admin- all cohort dashboard displayed/not",""
"passed","Sat Dec 06 21:12:21 UTC 2025","Sat Dec 06 21:12:21 UTC 2025","51","HabitNuCoachPortalSuite","HabitNuCoachesPortalRegression-PartB","CoachesPortal.PatientDetails.PatientProfileDemographic","CoachesPortal.PatientDetails.PatientProfileDemographic","verifyCallDetails","test1 > Given I am logged in as customer admin, verifyCallDetails","test1 > Given I am logged in as customer admin, verifyCallDetails"
"passed","Sat Dec 06 21:43:55 UTC 2025","Sat Dec 06 21:44:01 UTC 2025","5864","HabitNuCoachPortalSuite","LogClassSession","CoachesPortal.LogClassSection","CoachesPortal.LogClassSection","verifyAddOnlyLF","Add Only LF",""
"passed","Sat Dec 06 21:02:31 UTC 2025","Sat Dec 06 21:02:31 UTC 2025","169","HabitNuCoachPortalSuite","HabitNuCoachesPortalRegression-PartB","CoachesPortal.OnsiteUsersListDashboard","CoachesPortal.OnsiteUsersListDashboard","case7","test1 > Given I am logged in as coach, Form Survey for cohort- Check for options displayed.","test1 > Given I am logged in as coach, Form Survey for cohort- Check for options displayed."
"passed","Sat Dec 06 22:08:56 UTC 2025","Sat Dec 06 22:08:57 UTC 2025","967","HabitNuCoachPortalSuite","DifferentTypeOfDashboards","CoachesPortal.CohortLevelDashboard.OnsiteCohortDashboard","CoachesPortal.CohortLevelDashboard.OnsiteCohortDashboard","case5","test1 > Given I am logged in as coach, I am validating onsite cohort 'Weight Loss By Participants validation on graph with 'Added by coach' option","test1 > Given I am logged in as coach, I am validating onsite cohort 'Weight Loss By Participants validation on graph with 'Added by coach' option"
"passed","Sat Dec 06 22:00:01 UTC 2025","Sat Dec 06 22:00:01 UTC 2025","603","HabitNuCoachPortalSuite","FeatureFlags","CoachesPortal.FeatureFlags","CoachesPortal.FeatureFlags","test16_deleteuser","delete rule",""
"passed","Sat Dec 06 21:49:34 UTC 2025","Sat Dec 06 21:49:36 UTC 2025","2654","HabitNuCoachPortalSuite","Milestones","CoachesPortal.VAMilestone","CoachesPortal.VAMilestone","test1_navigatingcoach","Given user is navigating to coaches portal",""
"passed","Sat Dec 06 21:29:20 UTC 2025","Sat Dec 06 21:29:20 UTC 2025","457","HabitNuCoachPortalSuite","Paywal","CoachesPortal.payWall","CoachesPortal.payWall","testVerifyLinkedPlanDisplays","COP-T407: Validate linked plan displays in Program details",""
"passed","Sat Dec 06 20:39:55 UTC 2025","Sat Dec 06 20:40:14 UTC 2025","19067","HabitNuCoachPortalSuite","HabitNuCoachesPortalRegression-PartA","CoachesPortal.LearnModule.Learn","CoachesPortal.LearnModule.Learn","createContentToTheCourse","create content to the course",""
"passed","Sat Dec 06 21:43:00 UTC 2025","Sat Dec 06 21:43:00 UTC 2025","236","HabitNuCoachPortalSuite","LoginPageCases","CoachesPortal.LoginPageCases","CoachesPortal.LoginPageCases","case12","Coaches Portal Feedback URL -> Keep the feedback page empty -> Click on submit feedback",""
"passed","Sat Dec 06 21:02:30 UTC 2025","Sat Dec 06 21:02:30 UTC 2025","256","HabitNuCoachPortalSuite","HabitNuCoachesPortalRegression-PartB","CoachesPortal.OnsiteUsersListDashboard","CoachesPortal.OnsiteUsersListDashboard","case4","test1 > Given I am logged in as coach, Seach user by name.","test1 > Given I am logged in as coach, Seach user by name."
"passed","Sat Dec 06 20:59:49 UTC 2025","Sat Dec 06 20:59:50 UTC 2025","1252","HabitNuCoachPortalSuite","HabitNuCoachesPortalRegression-PartA","CoachesPortal.DirectMessage","CoachesPortal.DirectMessage","searchParticipantByFirstName","Search by firstname > It should display the participant by firstname",""
"passed","Sat Dec 06 22:00:24 UTC 2025","Sat Dec 06 22:00:24 UTC 2025","156","HabitNuCoachPortalSuite","ParticipationsTable","CoachesPortal.participations","CoachesPortal.participations","test5_navigatingparticipations","And user is navigating to Participations section ",""
"passed","Sat Dec 06 21:11:05 UTC 2025","Sat Dec 06 21:11:05 UTC 2025","48","HabitNuCoachPortalSuite","HabitNuCoachesPortalRegression-PartB","CoachesPortal.PatientDetails.PatientProfileDemographic","CoachesPortal.PatientDetails.PatientProfileDemographic","verifyCDCdetails","test1 > Given I am logged in as coach, verifyCDCdetails","test1 > Given I am logged in as coach, verifyCDCdetails"
"passed","Sat Dec 06 20:36:26 UTC 2025","Sat Dec 06 20:36:27 UTC 2025","1491","HabitNuCoachPortalSuite","HabitNuCoachesPortalRegression-PartA","CoachesPortal.CohortLevelDashboard.CohortLevelDashboardPage","CoachesPortal.CohortLevelDashboard.CohortLevelDashboardPage","case1","Element Level assertion at the landing page.",""
"passed","Sat Dec 06 21:45:41 UTC 2025","Sat Dec 06 21:45:41 UTC 2025","703","HabitNuCoachPortalSuite","GroupDPPClassPlanner","CoachesPortal.ClassPlanner","CoachesPortal.ClassPlanner","case2","It should have an Activate button, Add List, and Show Archived.",""
"broken","Sat Dec 06 22:06:14 UTC 2025","Sat Dec 06 22:06:15 UTC 2025","177","HabitNuCoachPortalSuite","DifferentTypeOfDashboards","CoachesPortal.CohortLevelDashboard.OnlineCohortDashboard","CoachesPortal.CohortLevelDashboard.OnlineCohortDashboard","foodCategory_chart_validation","test1 > Given I am logged in as customer admin, I am validating online cohort 'foodCategoryGraph - validation2","test1 > Given I am logged in as customer admin, I am validating online cohort 'foodCategoryGraph - validation2"
"passed","Sat Dec 06 22:00:04 UTC 2025","Sat Dec 06 22:00:09 UTC 2025","5027","HabitNuCoachPortalSuite","FeatureFlags","CoachesPortal.FeatureFlags","CoachesPortal.FeatureFlags","test19_addrulesforprogram_multipletimes","And user is able to add the rule for program level multiple times",""
"passed","Sat Dec 06 20:59:45 UTC 2025","Sat Dec 06 20:59:45 UTC 2025","62","HabitNuCoachPortalSuite","HabitNuCoachesPortalRegression-PartA","CoachesPortal.DirectMessage","CoachesPortal.DirectMessage","verify_the_elements_of_direct_message","verify the elements of direct message ",""
"passed","Sat Dec 06 21:43:00 UTC 2025","Sat Dec 06 21:43:01 UTC 2025","178","HabitNuCoachPortalSuite","LoginPageCases","CoachesPortal.LoginPageCases","CoachesPortal.LoginPageCases","case14","Coaches Portal Feedback URL -> Add subject-> Keep other fields empty -> Click on submit feedback",""
"passed","Sat Dec 06 21:10:00 UTC 2025","Sat Dec 06 21:10:00 UTC 2025","77","HabitNuCoachPortalSuite","HabitNuCoachesPortalRegression-PartB","CoachesPortal.PatientDetails.PatientProfileDemographic","CoachesPortal.PatientDetails.PatientProfileDemographic","verifyContactDetails","test1 > Given I am logged in as coach, verifyContactDetails","test1 > Given I am logged in as coach, verifyContactDetails"
"broken","Sat Dec 06 21:10:28 UTC 2025","Sat Dec 06 21:10:44 UTC 2025","15832","HabitNuCoachPortalSuite","HabitNuCoachesPortalRegression-PartB","CoachesPortal.PatientDetails.PatientProfileDemographic","CoachesPortal.PatientDetails.PatientProfileDemographic","updateDisenrollmentDetails_with_onlyDisenrolledReason","test1 > Given I am logged in as coach, try updating DisenrollmentDetails with only diseenrolledReason data","test1 > Given I am logged in as coach, try updating DisenrollmentDetails with only diseenrolledReason data"
"passed","Sat Dec 06 21:43:43 UTC 2025","Sat Dec 06 21:43:49 UTC 2025","6388","HabitNuCoachPortalSuite","LogClassSession","CoachesPortal.LogClassSection","CoachesPortal.LogClassSection","verifyAddOnlyAttendanceDate","Add Only AttendanceDate",""
"passed","Sat Dec 06 22:00:10 UTC 2025","Sat Dec 06 22:00:14 UTC 2025","4544","HabitNuCoachPortalSuite","FeatureFlags","CoachesPortal.FeatureFlags","CoachesPortal.FeatureFlags","test21_addrulesforpartner_multipletimes","And user is able to add the rule for partner level multiple times",""
"passed","Sat Dec 06 21:09:24 UTC 2025","Sat Dec 06 21:09:39 UTC 2025","15064","HabitNuCoachPortalSuite","HabitNuCoachesPortalRegression-PartB","CoachesPortal.PatientDetails.CommunicationLogsCoachesPortal","CoachesPortal.PatientDetails.CommunicationLogsCoachesPortal","verifyDMonWebApp","Verify message on web app by Patient",""
"broken","Sat Dec 06 21:08:42 UTC 2025","Sat Dec 06 21:09:02 UTC 2025","20482","HabitNuCoachPortalSuite","HabitNuCoachesPortalRegression-PartB","CoachesPortal.OnsiteUsersListDashboard","CoachesPortal.OnsiteUsersListDashboard","case18","test1 > Given I am logged in as admin, Enter call details and then to profile section and check for the details saved.","test1 > Given I am logged in as admin, Enter call details and then to profile section and check for the details saved."
"passed","Sat Dec 06 21:11:12 UTC 2025","Sat Dec 06 21:11:12 UTC 2025","9","HabitNuCoachPortalSuite","HabitNuCoachesPortalRegression-PartB","CoachesPortal.PatientDetails.PatientProfileDemographic","CoachesPortal.PatientDetails.PatientProfileDemographic","updateFirstName","test1 > Given I am logged in as coach, First Name","test1 > Given I am logged in as coach, First Name"
"passed","Sat Dec 06 20:46:52 UTC 2025","Sat Dec 06 20:46:53 UTC 2025","845","HabitNuCoachPortalSuite","HabitNuCoachesPortalRegression-PartA","CoachesPortal.DiscussionForumPage","CoachesPortal.DiscussionForumPage","case8","test1 > Given I am logged in as coach, I am validating Add describe only- success post.","test1 > Given I am logged in as coach, I am validating Add describe only- success post."
"passed","Sat Dec 06 21:22:50 UTC 2025","Sat Dec 06 21:24:15 UTC 2025","85270","HabitNuCoachPortalSuite","Scheduler","CoachesPortal.Schedular","CoachesPortal.Schedular","validateCreatedMeetingAvailable_for_user","test1 > Given I am logged in as coach, verify meet created by system user is available for users","test1 > Given I am logged in as coach, verify meet created by system user is available for users"
"failed","Sat Dec 06 21:34:25 UTC 2025","Sat Dec 06 21:35:51 UTC 2025","86475","HabitNuCoachPortalSuite","Paywal","CoachesPortal.payWall","CoachesPortal.payWall","testProgramWithoutPlanHidesSubscription","COP-T416: Validate program without plan shows no subscription option",""
"passed","Sat Dec 06 20:59:51 UTC 2025","Sat Dec 06 20:59:52 UTC 2025","1261","HabitNuCoachPortalSuite","HabitNuCoachesPortalRegression-PartA","CoachesPortal.DirectMessage","CoachesPortal.DirectMessage","searchParticipantByEmail","Search by firstname > It should display the participant by email",""
"passed","Sat Dec 06 22:00:23 UTC 2025","Sat Dec 06 22:00:24 UTC 2025","1148","HabitNuCoachPortalSuite","ParticipationsTable","CoachesPortal.participations","CoachesPortal.participations","test3_validatingadmin","When user is validating to Admin section ",""
"skipped","Sat Dec 06 21:09:07 UTC 2025","Sat Dec 06 21:09:07 UTC 2025","0","HabitNuCoachPortalSuite","HabitNuCoachesPortalRegression-PartB","CoachesPortal.OnsiteUsersListDashboard","CoachesPortal.OnsiteUsersListDashboard","case44","test1 > Given I am logged in as customerAdmin, validate disenrolled date on list page","test1 > Given I am logged in as customerAdmin, validate disenrolled date on list page"
"passed","Sat Dec 06 21:39:36 UTC 2025","Sat Dec 06 21:39:36 UTC 2025","12","HabitNuCoachPortalSuite","ProjectPowerDashboard","CoachesPortal.ProjectPowerDashboard","CoachesPortal.ProjectPowerDashboard","verifyPending","go to coaches portal - Project Power-verify Pending Leads",""
"passed","Sat Dec 06 21:57:46 UTC 2025","Sat Dec 06 21:57:46 UTC 2025","19","HabitNuCoachPortalSuite","UserDashboard","CoachesPortal.PatientDashboard","CoachesPortal.PatientDashboard","patientWeeklyStatus_CoachInteractions","test9 > Given I am logged in as coach, wehn I am on adding coachInteraction from user Interaction tab, Then I should be able to see added interaction count==1 under patientWeeklyStatus_CoachInteractions","coach login - user/patient/partcipant dashboard validation"
"passed","Sat Dec 06 20:52:25 UTC 2025","Sat Dec 06 20:52:26 UTC 2025","1120","HabitNuCoachPortalSuite","HabitNuCoachesPortalRegression-PartA","CoachesPortal.DiscussionForumPage","CoachesPortal.DiscussionForumPage","case18","test1 > Given I am logged in as admin, I am validating Edit Post- Subject only- Update- Success","test1 > Given I am logged in as admin, I am validating Edit Post- Subject only- Update- Success"
"passed","Sat Dec 06 20:52:37 UTC 2025","Sat Dec 06 20:52:43 UTC 2025","5817","HabitNuCoachPortalSuite","HabitNuCoachesPortalRegression-PartA","CoachesPortal.DiscussionForumPage","CoachesPortal.DiscussionForumPage","case25","test1 > Given I am logged in as admin, I am validating Comment on pinned post.","test1 > Given I am logged in as admin, I am validating Comment on pinned post."
"passed","Sat Dec 06 20:52:36 UTC 2025","Sat Dec 06 20:52:37 UTC 2025","292","HabitNuCoachPortalSuite","HabitNuCoachesPortalRegression-PartA","CoachesPortal.DiscussionForumPage","CoachesPortal.DiscussionForumPage","case24","test1 > Given I am logged in as admin, I am validating Pin The post","test1 > Given I am logged in as admin, I am validating Pin The post"
"passed","Sat Dec 06 21:09:06 UTC 2025","Sat Dec 06 21:09:06 UTC 2025","175","HabitNuCoachPortalSuite","HabitNuCoachesPortalRegression-PartB","CoachesPortal.OnsiteUsersListDashboard","CoachesPortal.OnsiteUsersListDashboard","case22","test1 > Given I am logged in as admin, Actions- Request form survey and Reset password should be displayed.","test1 > Given I am logged in as admin, Actions- Request form survey and Reset password should be displayed."
"passed","Sat Dec 06 21:39:37 UTC 2025","Sat Dec 06 21:39:37 UTC 2025","12","HabitNuCoachPortalSuite","ProjectPowerDashboard","CoachesPortal.ProjectPowerDashboard","CoachesPortal.ProjectPowerDashboard","verifyACTIVE_IN_PHASE_1","go to coaches portal - Project Power-verify ACTIVE IN PHASE 1 users",""
"passed","Sat Dec 06 21:09:02 UTC 2025","Sat Dec 06 21:09:04 UTC 2025","1552","HabitNuCoachPortalSuite","HabitNuCoachesPortalRegression-PartB","CoachesPortal.OnsiteUsersListDashboard","CoachesPortal.OnsiteUsersListDashboard","case19","test1 > Given I am logged in as admin, Cancel Scenarios- Call","test1 > Given I am logged in as admin, Cancel Scenarios- Call"
"passed","Sat Dec 06 21:39:29 UTC 2025","Sat Dec 06 21:39:30 UTC 2025","1148","HabitNuCoachPortalSuite","HabitNuCoachesPortalRegression-PartC","CoachesPortal.PatientDetails.PatientProfileHealthProviders","CoachesPortal.PatientDetails.PatientProfileHealthProviders","editHealthProvider","edit HealthProvider for Ethylen",""
"passed","Sat Dec 06 20:46:30 UTC 2025","Sat Dec 06 20:46:35 UTC 2025","4762","HabitNuCoachPortalSuite","HabitNuCoachesPortalRegression-PartA","CoachesPortal.LearnModule.CustomerAdminCourseDocument","CoachesPortal.LearnModule.CustomerAdminCourseDocument","verifyVideoPublishCancelAndConfirm","Video Publish Cancel And Confirm",""
"passed","Sat Dec 06 21:57:46 UTC 2025","Sat Dec 06 21:57:46 UTC 2025","340","HabitNuCoachPortalSuite","UserDashboard","CoachesPortal.PatientDashboard","CoachesPortal.PatientDashboard","videoActivity","test13 > Given I am logged in as coach, when I am on watching a video by logging into user app, Then I should be able to see watched Video progress data on VideoActivity graph","coach login - user/patient/partcipant dashboard validation"
"passed","Sat Dec 06 22:07:13 UTC 2025","Sat Dec 06 22:07:14 UTC 2025","755","HabitNuCoachPortalSuite","DifferentTypeOfDashboards","CoachesPortal.CohortLevelDashboard.OnsiteCohortDashboard","CoachesPortal.CohortLevelDashboard.OnsiteCohortDashboard","case9","test1 > Given I am logged in as customer admin, I am validating onsite cohort 'Weight Loss By Participants validation on graph with 'Added by coach' option, when user adds weight","test1 > Given I am logged in as customer admin, I am validating onsite cohort 'Weight Loss By Participants validation on graph with 'Added by coach' option, when user adds weight"
"passed","Sat Dec 06 21:12:32 UTC 2025","Sat Dec 06 21:12:32 UTC 2025","132","HabitNuCoachPortalSuite","HabitNuCoachesPortalRegression-PartB","CoachesPortal.PatientDetails.PatientProfileDemographic","CoachesPortal.PatientDetails.PatientProfileDemographic","testSelectHearingYes","test1 > Given I am logged in as customer admin, testSelectHearingYes","test1 > Given I am logged in as customer admin, testSelectHearingYes"
"broken","Sat Dec 06 20:38:10 UTC 2025","Sat Dec 06 20:38:25 UTC 2025","15499","HabitNuCoachPortalSuite","HabitNuCoachesPortalRegression-PartA","CoachesPortal.CohortLevelDashboard.CohortLevelDashboardPage","CoachesPortal.CohortLevelDashboard.CohortLevelDashboardPage","case19","Latest HbA1c of participant- graph.",""
"passed","Sat Dec 06 21:06:54 UTC 2025","Sat Dec 06 21:06:54 UTC 2025","663","HabitNuCoachPortalSuite","HabitNuCoachesPortalRegression-PartB","CoachesPortal.OnsiteUsersListDashboard","CoachesPortal.OnsiteUsersListDashboard","case2","test1 > Given I am logged in as admin, Users- All expected elements is displayed.","test1 > Given I am logged in as admin, Users- All expected elements is displayed."
"passed","Sat Dec 06 21:24:33 UTC 2025","Sat Dec 06 21:24:39 UTC 2025","6212","HabitNuCoachPortalSuite","Scheduler","CoachesPortal.Schedular","CoachesPortal.Schedular","validateUserNoInSchedular","test1 > Given I am logged in as coach, verify when user responds to meet with NO, same can be validated by coach in coaches portal in Attended dropdown","test1 > Given I am logged in as coach, verify when user responds to meet with NO, same can be validated by coach in coaches portal in Attended dropdown"
"passed","Sat Dec 06 21:14:04 UTC 2025","Sat Dec 06 21:14:08 UTC 2025","4352","HabitNuCoachPortalSuite","HabitNuCoachesPortalRegression-PartB","CoachesPortal.PatientDetails.UserActivitiesBloodPressure","CoachesPortal.PatientDetails.UserActivitiesBloodPressure","verifyAddCurrentDateBloodPressure","Verify user as Ethelyn in useractivities tab and add current date blood pressure",""
"passed","Sat Dec 06 22:15:52 UTC 2025","Sat Dec 06 22:16:17 UTC 2025","24617","HabitNuCoachPortalSuite","DifferentTypeOfDashboards","CoachesPortal.CohortLevelDashboard.DSMEDashboardCoachesPortal","CoachesPortal.CohortLevelDashboard.DSMEDashboardCoachesPortal","test6_Disenrolled","And user is validating Disenrolled",""
"passed","Sat Dec 06 22:16:37 UTC 2025","Sat Dec 06 22:16:42 UTC 2025","4834","HabitNuCoachPortalSuite","DifferentTypeOfDashboards","CoachesPortal.CohortLevelDashboard.DSMEDashboardCoachesPortal","CoachesPortal.CohortLevelDashboard.DSMEDashboardCoachesPortal","test8_Complete","And user is validating Complete",""
"passed","Sat Dec 06 21:29:08 UTC 2025","Sat Dec 06 21:29:09 UTC 2025","1342","HabitNuCoachPortalSuite","Paywal","CoachesPortal.payWall","CoachesPortal.payWall","testFilterTransactions","COP-T400: Validate all transaction filters",""
"passed","Sat Dec 06 21:14:13 UTC 2025","Sat Dec 06 21:14:22 UTC 2025","9234","HabitNuCoachPortalSuite","HabitNuCoachesPortalRegression-PartB","CoachesPortal.PatientDetails.UserActivitiesBloodPressure","CoachesPortal.PatientDetails.UserActivitiesBloodPressure","verifyCurrentAndYesterdayBPDataInCoachesPortal","Verify current and yesterday BPdata in coaches and webportal",""
"passed","Sat Dec 06 21:48:05 UTC 2025","Sat Dec 06 21:48:05 UTC 2025","67","HabitNuCoachPortalSuite","GeneralContent","CoachesPortal.generalContent_WEb_Coaches","CoachesPortal.generalContent_WEb_Coaches","Case13_verifyGroup","verifyGroup creation",""
"passed","Sat Dec 06 21:39:03 UTC 2025","Sat Dec 06 21:39:09 UTC 2025","6138","HabitNuCoachPortalSuite","HabitNuCoachesPortalRegression-PartC","CoachesPortal.PatientDetails.PatientProfilePayerType","CoachesPortal.PatientDetails.PatientProfilePayerType","deletePayerTypes","verify PayerType can be deleted",""
"passed","Sat Dec 06 22:09:10 UTC 2025","Sat Dec 06 22:09:18 UTC 2025","7160","HabitNuCoachPortalSuite","DifferentTypeOfDashboards","CoachesPortal.CohortLevelDashboard.OnsiteCohortDashboard","CoachesPortal.CohortLevelDashboard.OnsiteCohortDashboard","case7","test1 > Given I am logged in as coach, I am validating onsite cohort 'Weight Loss By Participants validation on graph with ALL option, when user adds weightt","test1 > Given I am logged in as coach, I am validating onsite cohort 'Weight Loss By Participants validation on graph with ALL option, when user adds weightt"
"passed","Sat Dec 06 21:20:41 UTC 2025","Sat Dec 06 21:20:43 UTC 2025","1835","HabitNuCoachPortalSuite","Scheduler","CoachesPortal.Schedular","CoachesPortal.Schedular","clickOnSchedular","test1 > Given I am logged in as coach, wehn I click on Scheduler module, Then I should be taken to meeting time slot pick up page","coach login - clicking on scheduler should open the scheduler page in coaches portal"
"passed","Sat Dec 06 21:49:37 UTC 2025","Sat Dec 06 21:49:38 UTC 2025","1186","HabitNuCoachPortalSuite","Milestones","CoachesPortal.VAMilestone","CoachesPortal.VAMilestone","test3_currentcohort_dashboard","And user is navigated to current cohort dashboard",""
"passed","Sat Dec 06 21:57:51 UTC 2025","Sat Dec 06 21:57:56 UTC 2025","5239","HabitNuCoachPortalSuite","UserDashboard","CoachesPortal.PatientDashboard","CoachesPortal.PatientDashboard","habitCard_Done","test17 > Given I am logged in as coach, when I am on updating with a habit for the user to DONE, Then I should be able to see updated habit as 'DONE' on Habits graph","coach login - user/patient/partcipant dashboard validation"
"broken","Sat Dec 06 21:03:27 UTC 2025","Sat Dec 06 21:03:48 UTC 2025","20576","HabitNuCoachPortalSuite","HabitNuCoachesPortalRegression-PartB","CoachesPortal.OnsiteUsersListDashboard","CoachesPortal.OnsiteUsersListDashboard","case14","test1 > Given I am logged in as coach, SDOH Risk Area flag test case.","test1 > Given I am logged in as coach, SDOH Risk Area flag test case."
"passed","Sat Dec 06 21:42:41 UTC 2025","Sat Dec 06 21:42:47 UTC 2025","6167","HabitNuCoachPortalSuite","LoginPageCases","CoachesPortal.LoginPageCases","CoachesPortal.LoginPageCases","testLockAccount","validate users account gets locked after entering incorrect password for 3 times",""
"passed","Sat Dec 06 21:29:04 UTC 2025","Sat Dec 06 21:29:05 UTC 2025","1127","HabitNuCoachPortalSuite","Paywal","CoachesPortal.payWall","CoachesPortal.payWall","testFilterTransactions","COP-T400: Validate all transaction filters",""
"passed","Sat Dec 06 20:44:55 UTC 2025","Sat Dec 06 20:44:57 UTC 2025","1496","HabitNuCoachPortalSuite","HabitNuCoachesPortalRegression-PartA","CoachesPortal.LearnModule.CustomerAdminCourseDocument","CoachesPortal.LearnModule.CustomerAdminCourseDocument","verifyAddLinkDocument","Add link Document",""
"passed","Sat Dec 06 21:46:00 UTC 2025","Sat Dec 06 21:46:06 UTC 2025","5901","HabitNuCoachPortalSuite","GroupDPPClassPlanner","CoachesPortal.ClassPlanner","CoachesPortal.ClassPlanner","case17","Unarchive the DOC Created card",""
"broken","Sat Dec 06 21:10:44 UTC 2025","Sat Dec 06 21:10:59 UTC 2025","15797","HabitNuCoachPortalSuite","HabitNuCoachesPortalRegression-PartB","CoachesPortal.PatientDetails.PatientProfileDemographic","CoachesPortal.PatientDetails.PatientProfileDemographic","updateDisenrollmentDetails_with_DisenrolledCode_and_date","test1 > Given I am logged in as coach, try updating DisenrollmentDetails with only diseenrolledCode & Date","test1 > Given I am logged in as coach, try updating DisenrollmentDetails with only diseenrolledCode & Date"
"passed","Sat Dec 06 21:06:55 UTC 2025","Sat Dec 06 21:06:55 UTC 2025","258","HabitNuCoachPortalSuite","HabitNuCoachesPortalRegression-PartB","CoachesPortal.OnsiteUsersListDashboard","CoachesPortal.OnsiteUsersListDashboard","case6","test1 > Given I am logged in as admin, Seach user by ID.","test1 > Given I am logged in as admin, Seach user by ID."
"passed","Sat Dec 06 20:43:00 UTC 2025","Sat Dec 06 20:43:14 UTC 2025","14365","HabitNuCoachPortalSuite","HabitNuCoachesPortalRegression-PartA","CoachesPortal.LearnModule.Learn","CoachesPortal.LearnModule.Learn","publishTheClonedCourse","verify on clone course page, course created by admin is available",""
"broken","Sat Dec 06 21:58:28 UTC 2025","Sat Dec 06 21:58:50 UTC 2025","21618","HabitNuCoachPortalSuite","FeatureFlags","CoachesPortal.FeatureFlags","CoachesPortal.FeatureFlags","test12_addrulesforcohort","And user is able to add the rule for cohort level",""
"passed","Sat Dec 06 21:46:43 UTC 2025","Sat Dec 06 21:46:47 UTC 2025","3929","HabitNuCoachPortalSuite","GroupDPPClassPlanner","CoachesPortal.ClassPlanner","CoachesPortal.ClassPlanner","case29","Login to coach portal -> select the cohort -> Class planner -> Click on Edit (pencil) button",""
"passed","Sat Dec 06 21:12:50 UTC 2025","Sat Dec 06 21:12:59 UTC 2025","8868","HabitNuCoachPortalSuite","HabitNuCoachesPortalRegression-PartB","CoachesPortal.PatientDetails.PatientProfileDemographic","CoachesPortal.PatientDetails.PatientProfileDemographic","updatelastName","test1 > Given I am logged in as customer admin, Last Name","test1 > Given I am logged in as customer admin, Last Name"
"passed","Sat Dec 06 20:39:49 UTC 2025","Sat Dec 06 20:39:55 UTC 2025","5497","HabitNuCoachPortalSuite","HabitNuCoachesPortalRegression-PartA","CoachesPortal.LearnModule.Learn","CoachesPortal.LearnModule.Learn","verifyChapterActions","Verify chapter Actions on hovering shows all the buttons",""
"broken","Sat Dec 06 20:36:39 UTC 2025","Sat Dec 06 20:36:46 UTC 2025","6479","HabitNuCoachPortalSuite","HabitNuCoachesPortalRegression-PartA","CoachesPortal.CohortLevelDashboard.CohortLevelDashboardPage","CoachesPortal.CohortLevelDashboard.CohortLevelDashboardPage","case5","Click on graph of a participant- Should open dashboard of that particular participant.",""
"broken","Sat Dec 06 21:19:13 UTC 2025","Sat Dec 06 21:19:29 UTC 2025","15457","HabitNuCoachPortalSuite","HabitNuCoachesPortalRegression-PartB","CoachesPortal.PatientDetails.PatientsProfileAllergies","CoachesPortal.PatientDetails.PatientsProfileAllergies","verifyPersonalDetails","Add Allergy of Ethlen",""
"broken","Sat Dec 06 22:08:30 UTC 2025","Sat Dec 06 22:08:31 UTC 2025","215","HabitNuCoachPortalSuite","DifferentTypeOfDashboards","CoachesPortal.CohortLevelDashboard.OnsiteCohortDashboard","CoachesPortal.CohortLevelDashboard.OnsiteCohortDashboard","foodCategory_check_with_pastMonth","test1 > Given I am logged in as customer admin, I am validating onsite cohort 'foodCategoryGraph - foodCategory_check_with_pastMonth","test1 > Given I am logged in as customer admin, I am validating onsite cohort 'foodCategoryGraph - foodCategory_check_with_pastMonth"
"broken","Sat Dec 06 22:10:47 UTC 2025","Sat Dec 06 22:10:47 UTC 2025","166","HabitNuCoachPortalSuite","DifferentTypeOfDashboards","CoachesPortal.CohortLevelDashboard.OnsiteCohortDashboard","CoachesPortal.CohortLevelDashboard.OnsiteCohortDashboard","foodCategory_actions_dropdown","test1 > Given I am logged in as coach, I am validating onsite cohort 'foodCategoryGraph - foodCategory_actions_dropdown","test1 > Given I am logged in as coach, I am validating onsite cohort 'foodCategoryGraph - foodCategory_actions_dropdown"
"passed","Sat Dec 06 21:39:36 UTC 2025","Sat Dec 06 21:39:36 UTC 2025","11","HabitNuCoachPortalSuite","ProjectPowerDashboard","CoachesPortal.ProjectPowerDashboard","CoachesPortal.ProjectPowerDashboard","verifyYet_to_Confirm","go to coaches portal - Project Power-verify Yet to Confirm users",""
"passed","Sat Dec 06 22:17:19 UTC 2025","Sat Dec 06 22:17:19 UTC 2025","23","HabitNuCoachPortalSuite","DifferentTypeOfDashboards","CoachesPortal.CohortLevelDashboard.DSMEDashboardCoachesPortal","CoachesPortal.CohortLevelDashboard.DSMEDashboardCoachesPortal","test16_verifyBloodSugarByPatientsWithCalenderDefaultWeek","Verify Blood Sugar by Patients with Calender as week selection as current week by default",""
"passed","Sat Dec 06 20:51:25 UTC 2025","Sat Dec 06 20:51:34 UTC 2025","9411","HabitNuCoachPortalSuite","HabitNuCoachesPortalRegression-PartA","CoachesPortal.DiscussionForumPage","CoachesPortal.DiscussionForumPage","case13","test1 > Given I am logged in as admin, I am validating File upload- description only- success.","test1 > Given I am logged in as admin, I am validating File upload- description only- success."
"passed","Sat Dec 06 21:50:40 UTC 2025","Sat Dec 06 21:50:42 UTC 2025","1927","HabitNuCoachPortalSuite","Milestones","CoachesPortal.VAMilestone","CoachesPortal.VAMilestone","test16_validating_VAHeaders_data","And user is validating to VAHeaders data by clicking arrow button",""
"passed","Sat Dec 06 21:49:41 UTC 2025","Sat Dec 06 21:49:42 UTC 2025","1408","HabitNuCoachPortalSuite","Milestones","CoachesPortal.VAMilestone","CoachesPortal.VAMilestone","test7_validating_VAHeaders_data","And user is validating to VAHeaders data by clicking arrow button",""
"failed","Sat Dec 06 22:06:17 UTC 2025","Sat Dec 06 22:06:19 UTC 2025","2166","HabitNuCoachPortalSuite","DifferentTypeOfDashboards","CoachesPortal.CohortLevelDashboard.OnlineCohortDashboard","CoachesPortal.CohortLevelDashboard.OnlineCohortDashboard","foodCategory_protein_contentValidation","test1 > Given I am logged in as customer admin, I am validating online cohort 'foodCategoryGraph - foodCategory_protein_contentValidation","test1 > Given I am logged in as customer admin, I am validating online cohort 'foodCategoryGraph - foodCategory_protein_contentValidation"
"skipped","Sat Dec 06 21:09:07 UTC 2025","Sat Dec 06 21:09:07 UTC 2025","0","HabitNuCoachPortalSuite","HabitNuCoachesPortalRegression-PartB","CoachesPortal.OnsiteUsersListDashboard","CoachesPortal.OnsiteUsersListDashboard","case30","test1 > Given I am logged in as customerAdmin, validate userList as customerAdmin-Verify all elements are present.","test1 > Given I am logged in as customerAdmin, validate userList as customerAdmin-Verify all elements are present."
"failed","Sat Dec 06 21:09:52 UTC 2025","Sat Dec 06 21:09:52 UTC 2025","499","HabitNuCoachPortalSuite","HabitNuCoachesPortalRegression-PartB","CoachesPortal.PatientDetails.PatientProfileDemographic","CoachesPortal.PatientDetails.PatientProfileDemographic","verifyConfirmed_By_CoachNo","test1 > Given I am logged in as coach, verifyConfirmed_By_Coach by clicking on No","test1 > Given I am logged in as coach, verifyConfirmed_By_Coach by clicking on No"
"passed","Sat Dec 06 21:11:31 UTC 2025","Sat Dec 06 21:11:38 UTC 2025","6900","HabitNuCoachPortalSuite","HabitNuCoachesPortalRegression-PartB","CoachesPortal.PatientDetails.PatientProfileDemographic","CoachesPortal.PatientDetails.PatientProfileDemographic","updateAndVerifyContactDetails","test1 > Given I am logged in as customer admin, updateAndVerifyContactDetails","test1 > Given I am logged in as customer admin, updateAndVerifyContactDetails"
"passed","Sat Dec 06 21:48:05 UTC 2025","Sat Dec 06 21:48:05 UTC 2025","129","HabitNuCoachPortalSuite","GeneralContent","CoachesPortal.generalContent_WEb_Coaches","CoachesPortal.generalContent_WEb_Coaches","RedirectToCoaches","Redirecting To Coaches page",""
"passed","Sat Dec 06 21:45:41 UTC 2025","Sat Dec 06 21:45:42 UTC 2025","758","HabitNuCoachPortalSuite","GroupDPPClassPlanner","CoachesPortal.ClassPlanner","CoachesPortal.ClassPlanner","case3","Add the list to class planner",""
"passed","Sat Dec 06 22:03:23 UTC 2025","Sat Dec 06 22:03:29 UTC 2025","6006","HabitNuCoachPortalSuite","DifferentTypeOfDashboards","CoachesPortal.CohortLevelDashboard.OnlineCohortDashboard","CoachesPortal.CohortLevelDashboard.OnlineCohortDashboard","weeksCompleted","test1 > Given I am logged in as coach, I am validating online cohort 'dashboard-card=weeksCompleted","test1 > Given I am logged in as coach, I am validating online cohort 'dashboard-card=weeksCompleted"
"passed","Sat Dec 06 21:12:25 UTC 2025","Sat Dec 06 21:12:25 UTC 2025","52","HabitNuCoachPortalSuite","HabitNuCoachesPortalRegression-PartB","CoachesPortal.PatientDetails.PatientProfileDemographic","CoachesPortal.PatientDetails.PatientProfileDemographic","verifyCDCdetails","test1 > Given I am logged in as customer admin, verifyCDCdetails","test1 > Given I am logged in as customer admin, verifyCDCdetails"
"passed","Sat Dec 06 21:39:37 UTC 2025","Sat Dec 06 21:39:37 UTC 2025","11","HabitNuCoachPortalSuite","ProjectPowerDashboard","CoachesPortal.ProjectPowerDashboard","CoachesPortal.ProjectPowerDashboard","verifyUNCONFIRMED","go to coaches portal - Project Power-verify UNCONFIRMED users",""
"passed","Sat Dec 06 20:43:54 UTC 2025","Sat Dec 06 20:44:00 UTC 2025","6502","HabitNuCoachPortalSuite","HabitNuCoachesPortalRegression-PartA","CoachesPortal.LearnModule.Learn","CoachesPortal.LearnModule.Learn","editCourseContent","edit course content",""
"broken","Sat Dec 06 21:25:31 UTC 2025","Sat Dec 06 21:25:52 UTC 2025","20582","HabitNuCoachPortalSuite","Scheduler","CoachesPortal.Schedular","CoachesPortal.Schedular","viewAppointment","test5 >  Given I am logged in as admin, and on time slot page, When I click on created appointment, Then I should be able to view the appointment","admin login - User should be able to view appointment"
"passed","Sat Dec 06 21:47:41 UTC 2025","Sat Dec 06 21:47:48 UTC 2025","6530","HabitNuCoachPortalSuite","GeneralContent","CoachesPortal.generalContent_WEb_Coaches","CoachesPortal.generalContent_WEb_Coaches","validateAndPublishGroup","Validating Created Group Name, Tag Type, and Video Tags",""
"passed","Sat Dec 06 21:41:06 UTC 2025","Sat Dec 06 21:41:18 UTC 2025","11679","HabitNuCoachPortalSuite","ProjectPowerDashboard","CoachesPortal.ProjectPowerDashboard","CoachesPortal.ProjectPowerDashboard","verifyADAMilestoneFor6Months","All cohort dashboard for project power - ADA milestone trend - 6months",""
"passed","Sat Dec 06 21:54:26 UTC 2025","Sat Dec 06 21:54:26 UTC 2025","488","HabitNuCoachPortalSuite","UserDashboard","CoachesPortal.PatientDashboard","CoachesPortal.PatientDashboard","habitCard_NotDone","test16 > Given I am logged in as admin, when I am on adding a habit for the user, Then I should be able to see added habit and as 'NOT DONE' on Habits graph","admin login - user/patient/partcipant dashboard validation"
"broken","Sat Dec 06 21:46:51 UTC 2025","Sat Dec 06 21:46:52 UTC 2025","1244","HabitNuCoachPortalSuite","GroupDPPClassPlanner","CoachesPortal.ClassPlanner","CoachesPortal.ClassPlanner","case34","validate user is able to view classPlanner item==document",""
"failed","Sat Dec 06 21:11:23 UTC 2025","Sat Dec 06 21:11:23 UTC 2025","788","HabitNuCoachPortalSuite","HabitNuCoachesPortalRegression-PartB","CoachesPortal.PatientDetails.PatientProfileDemographic","CoachesPortal.PatientDetails.PatientProfileDemographic","verifyProgramDetails","test1 > Given I am logged in as customer admin, Verify user as Ethelyn in demographic with Program Details","test1 > Given I am logged in as customer admin, Verify user as Ethelyn in demographic with Program Details"
"passed","Sat Dec 06 21:14:03 UTC 2025","Sat Dec 06 21:14:04 UTC 2025","233","HabitNuCoachPortalSuite","HabitNuCoachesPortalRegression-PartB","CoachesPortal.PatientDetails.PatientProfileDemographic","CoachesPortal.PatientDetails.PatientProfileDemographic","verifyConfirmed_By_CoachYes","test1 > Given I am logged in as customer admin, verifyConfirmed_By_Coach by clicking on Yes","test1 > Given I am logged in as customer admin, verifyConfirmed_By_Coach by clicking on Yes"
"skipped","Sat Dec 06 21:09:07 UTC 2025","Sat Dec 06 21:09:07 UTC 2025","0","HabitNuCoachPortalSuite","HabitNuCoachesPortalRegression-PartB","CoachesPortal.OnsiteUsersListDashboard","CoachesPortal.OnsiteUsersListDashboard","case37","test1 > Given I am logged in as customerAdmin, sorting users table with Join Date in desc order","test1 > Given I am logged in as customerAdmin, sorting users table with Join Date in desc order"
"failed","Sat Dec 06 22:06:15 UTC 2025","Sat Dec 06 22:06:17 UTC 2025","2166","HabitNuCoachPortalSuite","DifferentTypeOfDashboards","CoachesPortal.CohortLevelDashboard.OnlineCohortDashboard","CoachesPortal.CohortLevelDashboard.OnlineCohortDashboard","foodCategory_carb_contentValidation","test1 > Given I am logged in as customer admin, I am validating online cohort 'foodCategoryGraph - foodCategory_carb_contentValidation","test1 > Given I am logged in as customer admin, I am validating online cohort 'foodCategoryGraph - foodCategory_carb_contentValidation"
"passed","Sat Dec 06 20:45:18 UTC 2025","Sat Dec 06 20:45:19 UTC 2025","824","HabitNuCoachPortalSuite","HabitNuCoachesPortalRegression-PartA","CoachesPortal.LearnModule.CustomerAdminCourseDocument","CoachesPortal.LearnModule.CustomerAdminCourseDocument","verifyAddDocumentUploadRequired","Add Document upload Required",""
"passed","Sat Dec 06 22:16:42 UTC 2025","Sat Dec 06 22:16:55 UTC 2025","12934","HabitNuCoachPortalSuite","DifferentTypeOfDashboards","CoachesPortal.CohortLevelDashboard.DSMEDashboardCoachesPortal","CoachesPortal.CohortLevelDashboard.DSMEDashboardCoachesPortal","test9_All","And user is validating All",""
"passed","Sat Dec 06 21:16:29 UTC 2025","Sat Dec 06 21:16:45 UTC 2025","15737","HabitNuCoachPortalSuite","HabitNuCoachesPortalRegression-PartB","CoachesPortal.PatientDetails.UserActivitiesBloodSugar","CoachesPortal.PatientDetails.UserActivitiesBloodSugar","verifyEditBSDataInCoachesPortal","Edit BS data in webapp and verify in webapp as well as in coaches portal",""
"passed","Sat Dec 06 21:50:16 UTC 2025","Sat Dec 06 21:50:19 UTC 2025","2976","HabitNuCoachPortalSuite","Milestones","CoachesPortal.VAMilestone","CoachesPortal.VAMilestone","test12_validating_VAHeaders_data","And user is validating to VAHeaders data by clicking arrow button",""
"passed","Sat Dec 06 20:52:10 UTC 2025","Sat Dec 06 20:52:25 UTC 2025","15285","HabitNuCoachPortalSuite","HabitNuCoachesPortalRegression-PartA","CoachesPortal.DiscussionForumPage","CoachesPortal.DiscussionForumPage","case17","test1 > Given I am logged in as admin, I am validating Upload more than 5 files.- Error.","test1 > Given I am logged in as admin, I am validating Upload more than 5 files.- Error"
"passed","Sat Dec 06 21:09:53 UTC 2025","Sat Dec 06 21:10:00 UTC 2025","6740","HabitNuCoachPortalSuite","HabitNuCoachesPortalRegression-PartB","CoachesPortal.PatientDetails.PatientProfileDemographic","CoachesPortal.PatientDetails.PatientProfileDemographic","updateverifyProgramDetailsWithIsActive","test1 > Given I am logged in as coach, update patientId and payertype","test1 > Given I am logged in as coach, update patientId and payertype"
"broken","Sat Dec 06 22:06:14 UTC 2025","Sat Dec 06 22:06:14 UTC 2025","163","HabitNuCoachPortalSuite","DifferentTypeOfDashboards","CoachesPortal.CohortLevelDashboard.OnlineCohortDashboard","CoachesPortal.CohortLevelDashboard.OnlineCohortDashboard","foodCategory","test1 > Given I am logged in as customer admin, I am validating online cohort 'foodCategoryGraph","test1 > Given I am logged in as customer admin, I am validating online cohort 'foodCategoryGraph"
"passed","Sat Dec 06 20:45:11 UTC 2025","Sat Dec 06 20:45:18 UTC 2025","6535","HabitNuCoachPortalSuite","HabitNuCoachesPortalRegression-PartA","CoachesPortal.LearnModule.CustomerAdminCourseDocument","CoachesPortal.LearnModule.CustomerAdminCourseDocument","verifyAddDocument","Add Document",""
"broken","Sat Dec 06 21:08:21 UTC 2025","Sat Dec 06 21:08:42 UTC 2025","20564","HabitNuCoachPortalSuite","HabitNuCoachesPortalRegression-PartB","CoachesPortal.OnsiteUsersListDashboard","CoachesPortal.OnsiteUsersListDashboard","case17","test1 > Given I am logged in as admin, Enter call details from list section using headset button","test1 > Given I am logged in as admin, Enter call details from list section using headset button"
"passed","Sat Dec 06 20:56:03 UTC 2025","Sat Dec 06 20:56:04 UTC 2025","153","HabitNuCoachPortalSuite","HabitNuCoachesPortalRegression-PartA","CoachesPortal.DiscussionForumPage","CoachesPortal.DiscussionForumPage","verifyFileIsNotBroken","test1 > Given I am logged in as customerAdmin, I am validating verify file is not broken","test1 > Given I am logged in as customerAdmin, I am validating verify file is not broken"
"passed","Sat Dec 06 20:46:49 UTC 2025","Sat Dec 06 20:46:50 UTC 2025","927","HabitNuCoachPortalSuite","HabitNuCoachesPortalRegression-PartA","CoachesPortal.DiscussionForumPage","CoachesPortal.DiscussionForumPage","case2","test1 > Given I am logged in as coach, I am validating Discussions- All elements check","test1 > Given I am logged in as coach, I am validating Discussions- All elements check"
"passed","Sat Dec 06 21:10:11 UTC 2025","Sat Dec 06 21:10:12 UTC 2025","806","HabitNuCoachPortalSuite","HabitNuCoachesPortalRegression-PartB","CoachesPortal.PatientDetails.PatientProfileDemographic","CoachesPortal.PatientDetails.PatientProfileDemographic","updateDisenrollmentDetails_with_emptyData","test1 > Given I am logged in as coach, try updating DisenrollmentDetails with empty data","test1 > Given I am logged in as coach, try updating DisenrollmentDetails with empty data"
"passed","Sat Dec 06 21:11:12 UTC 2025","Sat Dec 06 21:11:12 UTC 2025","6","HabitNuCoachPortalSuite","HabitNuCoachesPortalRegression-PartB","CoachesPortal.PatientDetails.PatientProfileDemographic","CoachesPortal.PatientDetails.PatientProfileDemographic","updateSexAtbirth","test1 > Given I am logged in as coach, Sex at Birth","test1 > Given I am logged in as coach, Sex at Birth"
"passed","Sat Dec 06 21:48:46 UTC 2025","Sat Dec 06 21:48:48 UTC 2025","2157","HabitNuCoachPortalSuite","Milestones","CoachesPortal.BPSMMilestone","CoachesPortal.BPSMMilestone","test3_currentcohort_dashboard","And user is navigated to current cohort dashboard",""
"broken","Sat Dec 06 21:03:49 UTC 2025","Sat Dec 06 21:04:15 UTC 2025","25608","HabitNuCoachPortalSuite","HabitNuCoachesPortalRegression-PartB","CoachesPortal.OnsiteUsersListDashboard","CoachesPortal.OnsiteUsersListDashboard","case16","test1 > Given I am logged in as coach, Click on headphone icon- check for Pop up.","test1 > Given I am logged in as coach, Click on headphone icon- check for Pop up."
"passed","Sat Dec 06 22:03:17 UTC 2025","Sat Dec 06 22:03:23 UTC 2025","6176","HabitNuCoachPortalSuite","DifferentTypeOfDashboards","CoachesPortal.CohortLevelDashboard.OnlineCohortDashboard","CoachesPortal.CohortLevelDashboard.OnlineCohortDashboard","activeParticipants","test1 > Given I am logged in as coach, I am validating online cohort 'dashboard-card=activeParticipants","test1 > Given I am logged in as coach, I am validating online cohort 'dashboard-card=activeParticipants"
"passed","Sat Dec 06 22:00:53 UTC 2025","Sat Dec 06 22:00:54 UTC 2025","452","HabitNuCoachPortalSuite","ParticipationsTable","CoachesPortal.participations","CoachesPortal.participations","test9_Validating_viewhistory_without_cohort","And user is validating view history without cohort",""
"passed","Sat Dec 06 21:09:18 UTC 2025","Sat Dec 06 21:09:24 UTC 2025","5682","HabitNuCoachPortalSuite","HabitNuCoachesPortalRegression-PartB","CoachesPortal.PatientDetails.CommunicationLogsCoachesPortal","CoachesPortal.PatientDetails.CommunicationLogsCoachesPortal","verifyCommunicationLogs_doesnt_GO_on_clicking_cancel","verify messages do not post upon clicking on CANCEL button",""
"passed","Sat Dec 06 20:56:56 UTC 2025","Sat Dec 06 20:57:02 UTC 2025","5881","HabitNuCoachPortalSuite","HabitNuCoachesPortalRegression-PartA","CoachesPortal.DiscussionForumPage","CoachesPortal.DiscussionForumPage","case20","test1 > Given I am logged in as customerAdmin, I am validating Edit Post- Upload File","test1 > Given I am logged in as customerAdmin, I am validating Edit Post- Upload File"
"passed","Sat Dec 06 21:45:44 UTC 2025","Sat Dec 06 21:45:44 UTC 2025","285","HabitNuCoachPortalSuite","GroupDPPClassPlanner","CoachesPortal.ClassPlanner","CoachesPortal.ClassPlanner","case6","Cancel the Edit list",""
"passed","Sat Dec 06 22:08:57 UTC 2025","Sat Dec 06 22:08:57 UTC 2025","795","HabitNuCoachPortalSuite","DifferentTypeOfDashboards","CoachesPortal.CohortLevelDashboard.OnsiteCohortDashboard","CoachesPortal.CohortLevelDashboard.OnsiteCohortDashboard","case6","test1 > Given I am logged in as coach, I am validating onsite cohort 'Weight Loss By Participants validation on graph with 'Added by user' option","test1 > Given I am logged in as coach, I am validating onsite cohort 'Weight Loss By Participants validation on graph with 'Added by user' option"
"passed","Sat Dec 06 20:55:29 UTC 2025","Sat Dec 06 20:55:30 UTC 2025","958","HabitNuCoachPortalSuite","HabitNuCoachesPortalRegression-PartA","CoachesPortal.DiscussionForumPage","CoachesPortal.DiscussionForumPage","case2","test1 > Given I am logged in as customerAdmin, I am validating Discussions- All elements check","test1 > Given I am logged in as customerAdmin, I am validating Discussions- All elements check"
"passed","Sat Dec 06 20:59:45 UTC 2025","Sat Dec 06 20:59:48 UTC 2025","3190","HabitNuCoachPortalSuite","HabitNuCoachesPortalRegression-PartA","CoachesPortal.DirectMessage","CoachesPortal.DirectMessage","verify_Existing_message","It should display the existing message",""
"passed","Sat Dec 06 21:57:56 UTC 2025","Sat Dec 06 21:58:02 UTC 2025","5754","HabitNuCoachPortalSuite","UserDashboard","CoachesPortal.PatientDashboard","CoachesPortal.PatientDashboard","Last_AFterMeal_Blood_Sugar","test21 > Given I am logged in as coach, wehn I am on Participants dashboard page, when I add bloodsugar AFTER-MEAL type, Then I should be able to see the added data on dashboard card==Last_AfterMeal_Blood_Sugar","coach login - clicking on scheduler should open the scheduler page in coaches portal"
"passed","Sat Dec 06 21:39:37 UTC 2025","Sat Dec 06 21:39:37 UTC 2025","11","HabitNuCoachPortalSuite","ProjectPowerDashboard","CoachesPortal.ProjectPowerDashboard","CoachesPortal.ProjectPowerDashboard","verifyM4","It should display total number of participants who have completed the Post survey",""
"broken","Sat Dec 06 22:08:30 UTC 2025","Sat Dec 06 22:08:30 UTC 2025","217","HabitNuCoachPortalSuite","DifferentTypeOfDashboards","CoachesPortal.CohortLevelDashboard.OnsiteCohortDashboard","CoachesPortal.CohortLevelDashboard.OnsiteCohortDashboard","foodCategory_check_with_pastWeek","test1 > Given I am logged in as customer admin,  I am validating onsite cohort 'foodCategoryGraph - foodCategory_check_with_pastWeek","test1 > Given I am logged in as customer admin,  I am validating onsite cohort 'foodCategoryGraph - foodCategory_check_with_pastWeek"
"passed","Sat Dec 06 20:45:04 UTC 2025","Sat Dec 06 20:45:08 UTC 2025","3858","HabitNuCoachPortalSuite","HabitNuCoachesPortalRegression-PartA","CoachesPortal.LearnModule.CustomerAdminCourseDocument","CoachesPortal.LearnModule.CustomerAdminCourseDocument","verifyLinkPublishCancelAndConfirm","Link Publish Cancel And Confirm",""
"failed","Sat Dec 06 22:04:21 UTC 2025","Sat Dec 06 22:04:23 UTC 2025","2168","HabitNuCoachPortalSuite","DifferentTypeOfDashboards","CoachesPortal.CohortLevelDashboard.OnlineCohortDashboard","CoachesPortal.CohortLevelDashboard.OnlineCohortDashboard","foodCategory_fat_contentValidation","test1 > Given I am logged in as coach, I am validating online cohort 'foodCategoryGraph - foodCategory_fat_contentValidation","test1 > Given I am logged in as coach, I am validating online cohort 'foodCategoryGraph - foodCategory_fat_contentValidation"
"broken","Sat Dec 06 21:25:11 UTC 2025","Sat Dec 06 21:25:31 UTC 2025","20565","HabitNuCoachPortalSuite","Scheduler","CoachesPortal.Schedular","CoachesPortal.Schedular","editAppointment","test4 >  Given I am logged in as admin, and on time slot page, When I click on created appointment, Then I should be able to see edit appointment page with edit button, When I click on it and edit details, Then I should be able to save it","admin login - User should be able to edit and save appointment"
"passed","Sat Dec 06 21:45:49 UTC 2025","Sat Dec 06 21:45:49 UTC 2025","561","HabitNuCoachPortalSuite","GroupDPPClassPlanner","CoachesPortal.ClassPlanner","CoachesPortal.ClassPlanner","case13","click on CANCEL while editing the Created card",""
"passed","Sat Dec 06 21:28:58 UTC 2025","Sat Dec 06 21:28:59 UTC 2025","735","HabitNuCoachPortalSuite","Paywal","CoachesPortal.payWall","CoachesPortal.payWall","testViewTransactionDetails","COP-T401: View transaction details",""
"broken","Sat Dec 06 22:06:24 UTC 2025","Sat Dec 06 22:06:24 UTC 2025","216","HabitNuCoachPortalSuite","DifferentTypeOfDashboards","CoachesPortal.CohortLevelDashboard.OnlineCohortDashboard","CoachesPortal.CohortLevelDashboard.OnlineCohortDashboard","foodCategory_check_with_pastMonth","test1 > Given I am logged in as customer admin, I am validating online cohort 'foodCategoryGraph - foodCategory_check_with_pastMonth","test1 > Given I am logged in as customer admin, I am validating online cohort 'foodCategoryGraph - foodCategory_check_with_pastMonth"
"passed","Sat Dec 06 22:00:10 UTC 2025","Sat Dec 06 22:00:10 UTC 2025","82","HabitNuCoachPortalSuite","FeatureFlags","CoachesPortal.FeatureFlags","CoachesPortal.FeatureFlags","test20_deleteuser","delete rule",""
"passed","Sat Dec 06 20:48:32 UTC 2025","Sat Dec 06 20:48:34 UTC 2025","2134","HabitNuCoachPortalSuite","HabitNuCoachesPortalRegression-PartA","CoachesPortal.DiscussionForumPage","CoachesPortal.DiscussionForumPage","case26","test1 > Given I am logged in as coach, I am validating UnPin The post","test1 > Given I am logged in as coach, I am validating UnPin The post"
"broken","Sat Dec 06 21:46:47 UTC 2025","Sat Dec 06 21:46:48 UTC 2025","1302","HabitNuCoachPortalSuite","GroupDPPClassPlanner","CoachesPortal.ClassPlanner","CoachesPortal.ClassPlanner","case31","Login to coach portal -> select the cohort -> Class planner -> Click on Edit (pencil) button -> add the participant -> Done",""
"passed","Sat Dec 06 20:48:25 UTC 2025","Sat Dec 06 20:48:26 UTC 2025","812","HabitNuCoachPortalSuite","HabitNuCoachesPortalRegression-PartA","CoachesPortal.DiscussionForumPage","CoachesPortal.DiscussionForumPage","case24","test1 > Given I am logged in as coach, I am validating Pin The post","test1 > Given I am logged in as coach, I am validating Pin The post"
"passed","Sat Dec 06 21:37:55 UTC 2025","Sat Dec 06 21:38:23 UTC 2025","27359","HabitNuCoachPortalSuite","HabitNuCoachesPortalRegression-PartC","CoachesPortal.PatientDetails.PatientProfileImmunizations","CoachesPortal.PatientDetails.PatientProfileImmunizations","verifyPersonalDetails","Add medication of Ethlen",""
"passed","Sat Dec 06 22:15:16 UTC 2025","Sat Dec 06 22:15:37 UTC 2025","21705","HabitNuCoachPortalSuite","DifferentTypeOfDashboards","CoachesPortal.CohortLevelDashboard.DSMEDashboardCoachesPortal","CoachesPortal.CohortLevelDashboard.DSMEDashboardCoachesPortal","test4_Nurture","And user is validating Nurture",""
"passed","Sat Dec 06 20:47:24 UTC 2025","Sat Dec 06 20:47:28 UTC 2025","4156","HabitNuCoachPortalSuite","HabitNuCoachesPortalRegression-PartA","CoachesPortal.DiscussionForumPage","CoachesPortal.DiscussionForumPage","case14","test1 > Given I am logged in as coach, I am validating File upload-error ","test1 > Given I am logged in as coach, I am validating File upload-error "
"passed","Sat Dec 06 22:02:41 UTC 2025","Sat Dec 06 22:02:49 UTC 2025","8132","HabitNuCoachPortalSuite","DifferentTypeOfDashboards","CoachesPortal.CohortLevelDashboard.OnlineCohortDashboard","CoachesPortal.CohortLevelDashboard.OnlineCohortDashboard","fivePercentWeightLossCard","test1 > Given I am logged in as coach, I am validating online cohort 'dashboard-card=fivePercentWeightLossCardCount","test1 > Given I am logged in as coach, I am validating online cohort 'dashboard-card=fivePercentWeightLossCardCount"
"failed","Sat Dec 06 21:27:42 UTC 2025","Sat Dec 06 21:27:43 UTC 2025","1524","HabitNuCoachPortalSuite","Paywal","CoachesPortal.payWall","CoachesPortal.payWall","testVerifySyncStatusIsDisplayedOnPlanDetails","COP-T391: Verify Sync Status is displayed on the Plan Details page",""
"passed","Sat Dec 06 21:58:20 UTC 2025","Sat Dec 06 21:58:21 UTC 2025","932","HabitNuCoachPortalSuite","FeatureFlags","CoachesPortal.FeatureFlags","CoachesPortal.FeatureFlags","test8_validatingflag","And user is able to view the flag details",""
"passed","Sat Dec 06 21:24:15 UTC 2025","Sat Dec 06 21:24:20 UTC 2025","5144","HabitNuCoachPortalSuite","Scheduler","CoachesPortal.Schedular","CoachesPortal.Schedular","userYesToTheMeet","test1 > Given I am logged in as coach, verify user response to meet attendance - YES","test1 > Given I am logged in as coach, verify user response to meet attendance - YES"
"passed","Sat Dec 06 21:11:02 UTC 2025","Sat Dec 06 21:11:02 UTC 2025","38","HabitNuCoachPortalSuite","HabitNuCoachesPortalRegression-PartB","CoachesPortal.PatientDetails.PatientProfileDemographic","CoachesPortal.PatientDetails.PatientProfileDemographic","verifyBaselineHealthData","test1 > Given I am logged in as coach, verifyBaselineHealthData","test1 > Given I am logged in as coach, verifyBaselineHealthData"
"broken","Sat Dec 06 21:04:35 UTC 2025","Sat Dec 06 21:04:56 UTC 2025","20514","HabitNuCoachPortalSuite","HabitNuCoachesPortalRegression-PartB","CoachesPortal.OnsiteUsersListDashboard","CoachesPortal.OnsiteUsersListDashboard","case18","test1 > Given I am logged in as coach, Enter call details and then to profile section and check for the details saved.","test1 > Given I am logged in as coach, Enter call details and then to profile section and check for the details saved."
"passed","Sat Dec 06 21:54:20 UTC 2025","Sat Dec 06 21:54:20 UTC 2025","14","HabitNuCoachPortalSuite","UserDashboard","CoachesPortal.PatientDashboard","CoachesPortal.PatientDashboard","patientWeeklyStatus_GroupClasses","test10 > Given I am logged in as admin, when I am on adding groupInteraction from user Interaction tab, Then I should be able to see added interaction count==1 under patientWeeklyStatus_GroupClasses","admin login - user/patient/partcipant dashboard validation"
"passed","Sat Dec 06 20:44:44 UTC 2025","Sat Dec 06 20:44:44 UTC 2025","285","HabitNuCoachPortalSuite","HabitNuCoachesPortalRegression-PartA","CoachesPortal.LearnModule.Learn","CoachesPortal.LearnModule.Learn","editByDisablingDeliveryMode","verify 'Please enable atleast one delivery mode.'",""
"broken","Sat Dec 06 22:08:27 UTC 2025","Sat Dec 06 22:08:30 UTC 2025","3089","HabitNuCoachPortalSuite","DifferentTypeOfDashboards","CoachesPortal.CohortLevelDashboard.OnsiteCohortDashboard","CoachesPortal.CohortLevelDashboard.OnsiteCohortDashboard","foodCategory_check_with_pastday","test1 > Given I am logged in as customer admin, I am validating onsite cohort 'foodCategoryGraph - foodCategory_check_with_pastday","test1 > Given I am logged in as customer admin, I am validating onsite cohort 'foodCategoryGraph - foodCategory_check_with_pastday"
"broken","Sat Dec 06 20:37:54 UTC 2025","Sat Dec 06 20:38:10 UTC 2025","15513","HabitNuCoachPortalSuite","HabitNuCoachesPortalRegression-PartA","CoachesPortal.CohortLevelDashboard.CohortLevelDashboardPage","CoachesPortal.CohortLevelDashboard.CohortLevelDashboardPage","case18","Latest HbA1c of participant.",""
"passed","Sat Dec 06 20:46:48 UTC 2025","Sat Dec 06 20:46:49 UTC 2025","223","HabitNuCoachPortalSuite","HabitNuCoachesPortalRegression-PartA","CoachesPortal.DiscussionForumPage","CoachesPortal.DiscussionForumPage","case1","test1 > Given I am logged in as coach, I am validating Coaches - Discussions module","test1 > Given I am logged in as coach, I am validating - Discussions module"
"passed","Sat Dec 06 21:10:59 UTC 2025","Sat Dec 06 21:10:59 UTC 2025","22","HabitNuCoachPortalSuite","HabitNuCoachesPortalRegression-PartB","CoachesPortal.PatientDetails.PatientProfileDemographic","CoachesPortal.PatientDetails.PatientProfileDemographic","verifyScaleOrderDetails","test1 > Given I am logged in as coach, verifyScaleOrderDetails","test1 > Given I am logged in as coach, verifyScaleOrderDetails"
"passed","Sat Dec 06 21:49:55 UTC 2025","Sat Dec 06 21:50:05 UTC 2025","10617","HabitNuCoachPortalSuite","Milestones","CoachesPortal.VAMilestone","CoachesPortal.VAMilestone","test10_validating_VAHeaders_data","And user is validating to VAHeaders data by clicking arrow button",""
"passed","Sat Dec 06 21:46:06 UTC 2025","Sat Dec 06 21:46:06 UTC 2025","144","HabitNuCoachPortalSuite","GroupDPPClassPlanner","CoachesPortal.ClassPlanner","CoachesPortal.ClassPlanner","case18","Click on Lock button",""
"passed","Sat Dec 06 21:49:42 UTC 2025","Sat Dec 06 21:49:53 UTC 2025","10654","HabitNuCoachPortalSuite","Milestones","CoachesPortal.VAMilestone","CoachesPortal.VAMilestone","test8_validating_VAHeaders_data","And user is validating to VAHeaders data by clicking arrow button",""
"passed","Sat Dec 06 21:43:03 UTC 2025","Sat Dec 06 21:43:04 UTC 2025","421","HabitNuCoachPortalSuite","LoginPageCases","CoachesPortal.LoginPageCases","CoachesPortal.LoginPageCases","case16","Coaches Portal Login URL -> Click on Privacy Policy Link",""
"passed","Sat Dec 06 21:39:48 UTC 2025","Sat Dec 06 21:39:57 UTC 2025","8251","HabitNuCoachPortalSuite","ProjectPowerDashboard","CoachesPortal.ProjectPowerDashboard","CoachesPortal.ProjectPowerDashboard","verifyM1GraphwithfilterAs12months","verifyM1GraphwithfilterAs12months",""
"passed","Sat Dec 06 21:58:23 UTC 2025","Sat Dec 06 21:58:23 UTC 2025","128","HabitNuCoachPortalSuite","FeatureFlags","CoachesPortal.FeatureFlags","CoachesPortal.FeatureFlags","test10_clickaddrule","And user is able to click on add rule button",""
"passed","Sat Dec 06 22:00:04 UTC 2025","Sat Dec 06 22:00:04 UTC 2025","84","HabitNuCoachPortalSuite","FeatureFlags","CoachesPortal.FeatureFlags","CoachesPortal.FeatureFlags","test18_deleteuser","delete rule",""
"passed","Sat Dec 06 20:48:34 UTC 2025","Sat Dec 06 20:50:51 UTC 2025","136427","HabitNuCoachPortalSuite","HabitNuCoachesPortalRegression-PartA","CoachesPortal.DiscussionForumPage","CoachesPortal.DiscussionForumPage","case27","test1 > Given I am logged in as coach, I am validating add max number of pinned posts(20).","test1 > Given I am logged in as coach, I am validating add max number of pinned posts(20)."
"broken","Sat Dec 06 20:55:08 UTC 2025","Sat Dec 06 20:55:29 UTC 2025","20605","HabitNuCoachPortalSuite","HabitNuCoachesPortalRegression-PartA","CoachesPortal.DiscussionForumPage","CoachesPortal.DiscussionForumPage","case1","test1 > Given I am logged in as customerAdmin, I am validating Coaches - Discussions module","test1 > Given I am logged in as customerAdmin, I am validating - Discussions module"
"passed","Sat Dec 06 21:11:11 UTC 2025","Sat Dec 06 21:11:11 UTC 2025","135","HabitNuCoachPortalSuite","HabitNuCoachesPortalRegression-PartB","CoachesPortal.PatientDetails.PatientProfileDemographic","CoachesPortal.PatientDetails.PatientProfileDemographic","testSelectHearingYes","test1 > Given I am logged in as coach, testSelectHearingYes","test1 > Given I am logged in as coach, testSelectHearingYes"
"passed","Sat Dec 06 20:57:14 UTC 2025","Sat Dec 06 20:59:31 UTC 2025","136497","HabitNuCoachPortalSuite","HabitNuCoachesPortalRegression-PartA","CoachesPortal.DiscussionForumPage","CoachesPortal.DiscussionForumPage","case27","test1 > Given I am logged in as customerAdmin, I am validating add max number of pinned posts(20).","test1 > Given I am logged in as customerAdmin, I am validating add max number of pinned posts(20)."
"skipped","Sat Dec 06 21:09:07 UTC 2025","Sat Dec 06 21:09:07 UTC 2025","1","HabitNuCoachPortalSuite","HabitNuCoachesPortalRegression-PartB","CoachesPortal.OnsiteUsersListDashboard","CoachesPortal.OnsiteUsersListDashboard","case43","test1 > Given I am logged in as customerAdmin, disenroll user validation - on DISENROLL check","test1 > Given I am logged in as customerAdmin, disenroll user validation - on DISENROLL check"
"passed","Sat Dec 06 21:15:47 UTC 2025","Sat Dec 06 21:15:53 UTC 2025","5624","HabitNuCoachPortalSuite","HabitNuCoachesPortalRegression-PartB","CoachesPortal.PatientDetails.UserActivitiesBloodSugar","CoachesPortal.PatientDetails.UserActivitiesBloodSugar","verifyandCancelCurrentDateBloodSugar","Verify user as Ethelyn in useractivities tab and Cancel filled current date blood sugar",""
"passed","Sat Dec 06 21:26:58 UTC 2025","Sat Dec 06 21:26:58 UTC 2025","0","HabitNuCoachPortalSuite","Scheduler","CoachesPortal.Schedular","CoachesPortal.Schedular","validateInteractionEntries_UpdatedAt","test1 > Given I am logged in as admin, verify group interaction entries are made automatically when meet is attended for min of 1min > Validating field==UpdatedAt","test1 > Given I am logged in as admin, verify group interaction entries are made automatically when meet is attended for min of 1min > Validating field==UpdatedAt"
"passed","Sat Dec 06 21:45:44 UTC 2025","Sat Dec 06 21:45:45 UTC 2025","963","HabitNuCoachPortalSuite","GroupDPPClassPlanner","CoachesPortal.ClassPlanner","CoachesPortal.ClassPlanner","case7","Create the TEXT cards under the list",""
"passed","Sat Dec 06 20:45:24 UTC 2025","Sat Dec 06 20:45:29 UTC 2025","4971","HabitNuCoachPortalSuite","HabitNuCoachesPortalRegression-PartA","CoachesPortal.LearnModule.CustomerAdminCourseDocument","CoachesPortal.LearnModule.CustomerAdminCourseDocument","verifyAddValidUploadRequired","Add Valid upload Required",""
"broken","Sat Dec 06 21:07:34 UTC 2025","Sat Dec 06 21:07:55 UTC 2025","20606","HabitNuCoachPortalSuite","HabitNuCoachesPortalRegression-PartB","CoachesPortal.OnsiteUsersListDashboard","CoachesPortal.OnsiteUsersListDashboard","case14","test1 > Given I am logged in as admin, SDOH Risk Area flag test case.","test1 > Given I am logged in as admin, SDOH Risk Area flag test case."
"passed","Sat Dec 06 21:57:19 UTC 2025","Sat Dec 06 21:57:25 UTC 2025","5940","HabitNuCoachPortalSuite","UserDashboard","CoachesPortal.PatientDashboard","CoachesPortal.PatientDashboard","patientWeeklyStatus_WEIGHTS","test2 > Given I am logged in as coach, wehn I am on adding weight from user Dashboard, Then I should be able to see added weight count==1 under patientWeeklyStatus_WEIGHTS","coach login - user/patient/partcipant dashboard validation"
"broken","Sat Dec 06 21:59:36 UTC 2025","Sat Dec 06 22:00:01 UTC 2025","24902","HabitNuCoachPortalSuite","FeatureFlags","CoachesPortal.FeatureFlags","CoachesPortal.FeatureFlags","test15_addrulesforuser_multipletimes","And user is able to add the rule for user level multiple times",""
"passed","Sat Dec 06 20:48:14 UTC 2025","Sat Dec 06 20:48:15 UTC 2025","1041","HabitNuCoachPortalSuite","HabitNuCoachesPortalRegression-PartA","CoachesPortal.DiscussionForumPage","CoachesPortal.DiscussionForumPage","case18","test1 > Given I am logged in as coach, I am validating Edit Post- Subject only- Update- Success","test1 > Given I am logged in as coach, I am validating Edit Post- Subject only- Update- Success"
"passed","Sat Dec 06 21:13:27 UTC 2025","Sat Dec 06 21:13:36 UTC 2025","8764","HabitNuCoachPortalSuite","HabitNuCoachesPortalRegression-PartB","CoachesPortal.PatientDetails.PatientProfileDemographic","CoachesPortal.PatientDetails.PatientProfileDemographic","updateCurrentGender","test1 > Given I am logged in as customer admin, Current Gender","test1 > Given I am logged in as customer admin, Current Gender"
"passed","Sat Dec 06 21:57:51 UTC 2025","Sat Dec 06 21:57:51 UTC 2025","388","HabitNuCoachPortalSuite","UserDashboard","CoachesPortal.PatientDashboard","CoachesPortal.PatientDashboard","habitCard_NotDone","test16 > Given I am logged in as coach, when I am on adding a habit for the user, Then I should be able to see added habit and as 'NOT DONE' on Habits graph","coach login - user/patient/partcipant dashboard validation"
"passed","Sat Dec 06 20:47:28 UTC 2025","Sat Dec 06 20:47:54 UTC 2025","25293","HabitNuCoachPortalSuite","HabitNuCoachesPortalRegression-PartA","CoachesPortal.DiscussionForumPage","CoachesPortal.DiscussionForumPage","case15","test1 > Given I am logged in as coach, I am validating upload upto 5 files.","test1 > Given I am logged in as coach, I am validating upload upto 5 files. "
"passed","Sat Dec 06 21:42:32 UTC 2025","Sat Dec 06 21:42:32 UTC 2025","9","HabitNuCoachPortalSuite","ProjectPowerDashboard","CoachesPortal.ProjectPowerDashboard","CoachesPortal.ProjectPowerDashboard","verifyDemographicsDiabetesDiagnosis","Demographics page - Diabetes Diagnosis",""
"passed","Sat Dec 06 21:04:58 UTC 2025","Sat Dec 06 21:04:59 UTC 2025","1590","HabitNuCoachPortalSuite","HabitNuCoachesPortalRegression-PartB","CoachesPortal.OnsiteUsersListDashboard","CoachesPortal.OnsiteUsersListDashboard","case21","test1 > Given I am logged in as coach, Disenroll pop up is displayed when tried to disenrol user","test1 > Given I am logged in as coach, Disenroll pop up is displayed when tried to disenrol user"
"passed","Sat Dec 06 21:48:49 UTC 2025","Sat Dec 06 21:48:50 UTC 2025","1458","HabitNuCoachPortalSuite","Milestones","CoachesPortal.BPSMMilestone","CoachesPortal.BPSMMilestone","test6_validating_BPSMHeaders_Name","And user is validating to BPSMHeaders data by clicking arrow button",""
"passed","Sat Dec 06 21:24:47 UTC 2025","Sat Dec 06 21:24:50 UTC 2025","2090","HabitNuCoachPortalSuite","Scheduler","CoachesPortal.Schedular","CoachesPortal.Schedular","clickOnSchedular","test1 > Given I am logged in as admin, wehn I click on Scheduler module, Then I should be taken to meeting time slot pick up page","admin login - clicking on scheduler should open the scheduler page in coaches portal"
"passed","Sat Dec 06 21:26:56 UTC 2025","Sat Dec 06 21:26:58 UTC 2025","1809","HabitNuCoachPortalSuite","Scheduler","CoachesPortal.Schedular","CoachesPortal.Schedular","validateCreatedMeetingAvailable_for_user","test1 > Given I am logged in as admin, verify meet created by system user is available for users","test1 > Given I am logged in as admin, verify meet created by system user is available for users"
"broken","Sat Dec 06 21:46:49 UTC 2025","Sat Dec 06 21:46:51 UTC 2025","1269","HabitNuCoachPortalSuite","GroupDPPClassPlanner","CoachesPortal.ClassPlanner","CoachesPortal.ClassPlanner","case33","validate user is able to view notes",""
"passed","Sat Dec 06 20:39:11 UTC 2025","Sat Dec 06 20:39:22 UTC 2025","10593","HabitNuCoachPortalSuite","HabitNuCoachesPortalRegression-PartA","CoachesPortal.CohortLevelDashboard.CohortLevelDashboardPage","CoachesPortal.CohortLevelDashboard.CohortLevelDashboardPage","case28","office hours attended by participants graph and tooltip extraction.",""
"passed","Sat Dec 06 21:28:36 UTC 2025","Sat Dec 06 21:28:38 UTC 2025","2296","HabitNuCoachPortalSuite","Paywal","CoachesPortal.payWall","CoachesPortal.payWall","testFilterSubscriptions","COP-T397–399: Validate subscription filters",""
"passed","Sat Dec 06 21:39:37 UTC 2025","Sat Dec 06 21:39:42 UTC 2025","5147","HabitNuCoachPortalSuite","ProjectPowerDashboard","CoachesPortal.ProjectPowerDashboard","CoachesPortal.ProjectPowerDashboard","verifyM1completionTrend","All cohort dashboard for project power - M1 completion % Trend",""
"failed","Sat Dec 06 21:11:38 UTC 2025","Sat Dec 06 21:11:42 UTC 2025","4119","HabitNuCoachPortalSuite","HabitNuCoachesPortalRegression-PartB","CoachesPortal.PatientDetails.PatientProfileDemographic","CoachesPortal.PatientDetails.PatientProfileDemographic","updateAndVerifyAddressDetails","test1 > Given I am logged in as customer admin, updateAndVerifyAddressDetails","test1 > Given I am logged in as customer admin, updateAndVerifyAddressDetails"
"passed","Sat Dec 06 22:08:55 UTC 2025","Sat Dec 06 22:08:56 UTC 2025","249","HabitNuCoachPortalSuite","DifferentTypeOfDashboards","CoachesPortal.CohortLevelDashboard.OnsiteCohortDashboard","CoachesPortal.CohortLevelDashboard.OnsiteCohortDashboard","case4","test1 > Given I am logged in as coach, I am validating onsite cohort 'Weight Loss By Participants validation on graph with ALL option","test1 > Given I am logged in as coach, I am validating onsite cohort 'Weight Loss By Participants validation on graph with ALL option"
"passed","Sat Dec 06 20:52:26 UTC 2025","Sat Dec 06 20:52:27 UTC 2025","994","HabitNuCoachPortalSuite","HabitNuCoachesPortalRegression-PartA","CoachesPortal.DiscussionForumPage","CoachesPortal.DiscussionForumPage","case19","test1 > Given I am logged in as admin, I am validating Edit Post- Description only- Success","test1 > Given I am logged in as admin, I am validating Edit Post- Description only- Success"
"passed","Sat Dec 06 21:46:56 UTC 2025","Sat Dec 06 21:46:59 UTC 2025","3550","HabitNuCoachPortalSuite","GeneralContent","CoachesPortal.generalContent_WEb_Coaches","CoachesPortal.generalContent_WEb_Coaches","case1","going to general content throgh Profile.",""
"passed","Sat Dec 06 21:11:38 UTC 2025","Sat Dec 06 21:11:38 UTC 2025","42","HabitNuCoachPortalSuite","HabitNuCoachesPortalRegression-PartB","CoachesPortal.PatientDetails.PatientProfileDemographic","CoachesPortal.PatientDetails.PatientProfileDemographic","verifyAddressDetails","test1 > Given I am logged in as customer admin, verifyAddressDetails","test1 > Given I am logged in as customer admin, verifyAddressDetails"
"passed","Sat Dec 06 21:48:21 UTC 2025","Sat Dec 06 21:48:31 UTC 2025","10137","HabitNuCoachPortalSuite","GeneralContent","CoachesPortal.generalContent_WEb_Coaches","CoachesPortal.generalContent_WEb_Coaches","verifyGroupDeletion","Verify Group Deletion",""
"passed","Sat Dec 06 22:00:22 UTC 2025","Sat Dec 06 22:00:23 UTC 2025","232","HabitNuCoachPortalSuite","ParticipationsTable","CoachesPortal.participations","CoachesPortal.participations","test2_navigatingadmin","When user is navigating to Admin section ",""
"failed","Sat Dec 06 21:29:25 UTC 2025","Sat Dec 06 21:31:59 UTC 2025","154001","HabitNuCoachPortalSuite","Paywal","CoachesPortal.payWall","CoachesPortal.payWall","testUserSeesAndSubscribesToPlan","COP-T408 & T409: Verify user can see and subscribe to a linked plan",""
"broken","Sat Dec 06 21:25:52 UTC 2025","Sat Dec 06 21:26:15 UTC 2025","23615","HabitNuCoachPortalSuite","Scheduler","CoachesPortal.Schedular","CoachesPortal.Schedular","rescheduleMeeting","test6 >  Given I am logged in as admin, and on time slot page, When I click on created appointment, Then I should see Reschedule button, When I click on it and submit details, Then I should be able to save it","admin login - User should be able to reschedule appointment"
"passed","Sat Dec 06 22:07:12 UTC 2025","Sat Dec 06 22:07:13 UTC 2025","945","HabitNuCoachPortalSuite","DifferentTypeOfDashboards","CoachesPortal.CohortLevelDashboard.OnsiteCohortDashboard","CoachesPortal.CohortLevelDashboard.OnsiteCohortDashboard","case8","test1 > Given I am logged in as customer admin,  I am validating onsite cohort 'Weight Loss By Participants validation on graph with 'Added by user' option, when user adds weight","test1 > Given I am logged in as customer admin,  I am validating onsite cohort 'Weight Loss By Participants validation on graph with 'Added by user' option, when user adds weight"
"passed","Sat Dec 06 21:24:33 UTC 2025","Sat Dec 06 21:24:33 UTC 2025","35","HabitNuCoachPortalSuite","Scheduler","CoachesPortal.Schedular","CoachesPortal.Schedular","validateInteractionEntries_UpdatedAt","test1 > Given I am logged in as coach, verify group interaction entries are made automatically when meet is attended for min of 1min > Validating field==UpdatedAt","test1 > Given I am logged in as coach, verify group interaction entries are made automatically when meet is attended for min of 1min > Validating field==UpdatedAt"
"broken","Sat Dec 06 22:10:47 UTC 2025","Sat Dec 06 22:10:50 UTC 2025","3065","HabitNuCoachPortalSuite","DifferentTypeOfDashboards","CoachesPortal.CohortLevelDashboard.OnsiteCohortDashboard","CoachesPortal.CohortLevelDashboard.OnsiteCohortDashboard","foodCategory_check_with_pastday","test1 > Given I am logged in as coach, I am validating onsite cohort 'foodCategoryGraph - foodCategory_check_with_pastday","test1 > Given I am logged in as coach, I am validating onsite cohort 'foodCategoryGraph - foodCategory_check_with_pastday"
"passed","Sat Dec 06 22:00:24 UTC 2025","Sat Dec 06 22:00:24 UTC 2025","121","HabitNuCoachPortalSuite","ParticipationsTable","CoachesPortal.participations","CoachesPortal.participations","test4_validatingadmin_defaultpage","When user is validating to Admin default section ",""
"passed","Sat Dec 06 21:16:13 UTC 2025","Sat Dec 06 21:16:23 UTC 2025","9485","HabitNuCoachPortalSuite","HabitNuCoachesPortalRegression-PartB","CoachesPortal.PatientDetails.UserActivitiesBloodSugar","CoachesPortal.PatientDetails.UserActivitiesBloodSugar","verifyBloodSugarInCoachPortalYesterdaysData","Verify user as Ethelyn in useractivities tab added yesterday date blood sugar fasting ,before meal and after meal",""
"passed","Sat Dec 06 20:42:58 UTC 2025","Sat Dec 06 20:43:00 UTC 2025","1240","HabitNuCoachPortalSuite","HabitNuCoachesPortalRegression-PartA","CoachesPortal.LearnModule.Learn","CoachesPortal.LearnModule.Learn","cloneCourse","verify cloning of course",""
"passed","Sat Dec 06 22:08:42 UTC 2025","Sat Dec 06 22:08:48 UTC 2025","6418","HabitNuCoachPortalSuite","DifferentTypeOfDashboards","CoachesPortal.CohortLevelDashboard.OnsiteCohortDashboard","CoachesPortal.CohortLevelDashboard.OnsiteCohortDashboard","disenrolledCard","test1 > Given I am logged in as coach, I am validating onsite cohort 'dashboard-card=DisenrolledCount","test1 > Given I am logged in as coach, I am validating onsite cohort 'dashboard-card=DisenrolledCount"
"passed","Sat Dec 06 21:27:29 UTC 2025","Sat Dec 06 21:27:30 UTC 2025","1616","HabitNuCoachPortalSuite","Paywal","CoachesPortal.payWall","CoachesPortal.payWall","testCreateAnnualPaymentPlan","COP-T388B: Create Annual Payment Plan",""
"passed","Sat Dec 06 22:06:51 UTC 2025","Sat Dec 06 22:06:51 UTC 2025","250","HabitNuCoachPortalSuite","DifferentTypeOfDashboards","CoachesPortal.CohortLevelDashboard.OnsiteCohortDashboard","CoachesPortal.CohortLevelDashboard.OnsiteCohortDashboard","case4","test1 > Given I am logged in as customer admin, I am validating onsite cohort 'Weight Loss By Participants validation on graph with ALL option","test1 > Given I am logged in as customer admin, I am validating onsite cohort 'Weight Loss By Participants validation on graph with ALL option"
"passed","Sat Dec 06 22:04:36 UTC 2025","Sat Dec 06 22:04:42 UTC 2025","6038","HabitNuCoachPortalSuite","DifferentTypeOfDashboards","CoachesPortal.CohortLevelDashboard.OnlineCohortDashboard","CoachesPortal.CohortLevelDashboard.OnlineCohortDashboard","disenrolledCard","test1 > Given I am logged in as customer admin, I am validating online cohort 'dashboard-card=DisenrolledCount","test1 > Given I am logged in as customer admin, I am validating online cohort 'dashboard-card=DisenrolledCount"
"passed","Sat Dec 06 21:45:49 UTC 2025","Sat Dec 06 21:45:50 UTC 2025","796","HabitNuCoachPortalSuite","GroupDPPClassPlanner","CoachesPortal.ClassPlanner","CoachesPortal.ClassPlanner","case14","Archive the TEXT Created card",""
"broken","Sat Dec 06 20:43:31 UTC 2025","Sat Dec 06 20:43:40 UTC 2025","8658","HabitNuCoachPortalSuite","HabitNuCoachesPortalRegression-PartA","CoachesPortal.LearnModule.Learn","CoachesPortal.LearnModule.Learn","checkWebAPPAfterCourseAddedByAdmin","verify on clone course page, course created by admin is available",""
"passed","Sat Dec 06 20:48:22 UTC 2025","Sat Dec 06 20:48:23 UTC 2025","898","HabitNuCoachPortalSuite","HabitNuCoachesPortalRegression-PartA","CoachesPortal.DiscussionForumPage","CoachesPortal.DiscussionForumPage","case21","test1 > Given I am logged in as coach, I am validating Edit Post-Remove File.","test1 > Given I am logged in as coach, I am validating Edit Post-Remove File."
"passed","Sat Dec 06 20:36:38 UTC 2025","Sat Dec 06 20:36:39 UTC 2025","441","HabitNuCoachPortalSuite","HabitNuCoachesPortalRegression-PartA","CoachesPortal.CohortLevelDashboard.CohortLevelDashboardPage","CoachesPortal.CohortLevelDashboard.CohortLevelDashboardPage","case3","Weight Loss by coach and user graph seletion values test case.",""
"passed","Sat Dec 06 21:54:07 UTC 2025","Sat Dec 06 21:54:08 UTC 2025","1812","HabitNuCoachPortalSuite","UserDashboard","CoachesPortal.PatientDashboard","CoachesPortal.PatientDashboard","physicalActivityHistory","test5 > Given I am logged in as admin, wehn I am on adding steps from user Dashboard, Then I should be able to see added Steps on physicalActivityHistory graph","admin login - user/patient/partcipant dashboard validation"
"passed","Sat Dec 06 22:09:56 UTC 2025","Sat Dec 06 22:09:56 UTC 2025","316","HabitNuCoachPortalSuite","DifferentTypeOfDashboards","CoachesPortal.CohortLevelDashboard.OnsiteCohortDashboard","CoachesPortal.CohortLevelDashboard.OnsiteCohortDashboard","AttendanceByparticipantsGraph","test1 > Given I am logged in as coach, I am validating onsite cohort 'AttendanceByparticipantsGraph","test1 > Given I am logged in as coach, I am validating onsite cohort 'AttendanceByparticipantsGraph"
"failed","Sat Dec 06 21:11:09 UTC 2025","Sat Dec 06 21:11:11 UTC 2025","1928","HabitNuCoachPortalSuite","HabitNuCoachesPortalRegression-PartB","CoachesPortal.PatientDetails.PatientProfileDemographic","CoachesPortal.PatientDetails.PatientProfileDemographic","updateAndVerifyOtherDetails","test1 > Given I am logged in as coach, updateAndVerifyOtherDetails","test1 > Given I am logged in as coach, updateAndVerifyOtherDetails"
"broken","Sat Dec 06 21:54:08 UTC 2025","Sat Dec 06 21:54:14 UTC 2025","5318","HabitNuCoachPortalSuite","UserDashboard","CoachesPortal.PatientDashboard","CoachesPortal.PatientDashboard","hbA1cHistory","test7 > Given I am logged in as admin, wehn I am on adding hba1c from user Dashboard, Then I should be able to see added hba1c on Hba1c graph","admin login - user/patient/partcipant dashboard validation"
"failed","Sat Dec 06 21:12:32 UTC 2025","Sat Dec 06 21:12:32 UTC 2025","335","HabitNuCoachPortalSuite","HabitNuCoachesPortalRegression-PartB","CoachesPortal.PatientDetails.PatientProfileDemographic","CoachesPortal.PatientDetails.PatientProfileDemographic","testSelectRememberingUnknown","test1 > Given I am logged in as customer admin, testSelectRememberingUnknown","test1 > Given I am logged in as customer admin, testSelectRememberingUnknown"
"passed","Sat Dec 06 20:40:43 UTC 2025","Sat Dec 06 20:40:50 UTC 2025","6944","HabitNuCoachPortalSuite","HabitNuCoachesPortalRegression-PartA","CoachesPortal.LearnModule.Learn","CoachesPortal.LearnModule.Learn","checkLearnTabWhenNoCourse","check learn tab visibilty on web app when course is published from coaches portal",""
"passed","Sat Dec 06 21:29:07 UTC 2025","Sat Dec 06 21:29:08 UTC 2025","1349","HabitNuCoachPortalSuite","Paywal","CoachesPortal.payWall","CoachesPortal.payWall","testFilterTransactions","COP-T400: Validate all transaction filters",""
"passed","Sat Dec 06 21:06:55 UTC 2025","Sat Dec 06 21:06:58 UTC 2025","3253","HabitNuCoachPortalSuite","HabitNuCoachesPortalRegression-PartB","CoachesPortal.OnsiteUsersListDashboard","CoachesPortal.OnsiteUsersListDashboard","case8","test1 > Given I am logged in as admin, Form Survey for cohort- validate sdoh tag present against form set.","test1 > Given I am logged in as admin, Form Survey for cohort- validate sdoh tag present against form set."
"passed","Sat Dec 06 21:12:32 UTC 2025","Sat Dec 06 21:12:32 UTC 2025","63","HabitNuCoachPortalSuite","HabitNuCoachesPortalRegression-PartB","CoachesPortal.PatientDetails.PatientProfileDemographic","CoachesPortal.PatientDetails.PatientProfileDemographic","testSelectEmotionalYes","test1 > Given I am logged in as customer admin, testSelectEmotionalYes","test1 > Given I am logged in as customer admin, testSelectEmotionalYes"
"passed","Sat Dec 06 22:09:30 UTC 2025","Sat Dec 06 22:09:36 UTC 2025","5568","HabitNuCoachPortalSuite","DifferentTypeOfDashboards","CoachesPortal.CohortLevelDashboard.OnsiteCohortDashboard","CoachesPortal.CohortLevelDashboard.OnsiteCohortDashboard","activeParticipants","test1 > Given I am logged in as coach, I am validating onsite cohort 'dashboard-card=activeParticipants","test1 > Given I am logged in as coach, I am validating onsite cohort 'dashboard-card=activeParticipants"
"passed","Sat Dec 06 21:58:02 UTC 2025","Sat Dec 06 21:58:08 UTC 2025","5597","HabitNuCoachPortalSuite","UserDashboard","CoachesPortal.PatientDashboard","CoachesPortal.PatientDashboard","Last_BeforeMeal_Blood_Sugar","test20 > Given I am logged in as coach, wehn I am on Participants dashboard page, when I add bloodsugar BEFORE-MEAL type, Then I should be able to see the added data on dashboard card==Last_BeforeMeal_Blood_Sugar","coach login - clicking on scheduler should open the scheduler page in coaches portal"
"passed","Sat Dec 06 22:02:51 UTC 2025","Sat Dec 06 22:03:04 UTC 2025","12569","HabitNuCoachPortalSuite","DifferentTypeOfDashboards","CoachesPortal.CohortLevelDashboard.OnlineCohortDashboard","CoachesPortal.CohortLevelDashboard.OnlineCohortDashboard","fivePercentWeightLossCard_forUserWeight","test1 > Given I am logged in as coach, I am validating online cohort 'dashboard-card=fivePercentWeightLossCardCount, when user adds weight","test1 > Given I am logged in as coach, I am validating online cohort 'dashboard-card=fivePercentWeightLossCardCount, when user adds weight"
"broken","Sat Dec 06 21:18:43 UTC 2025","Sat Dec 06 21:19:13 UTC 2025","30240","HabitNuCoachPortalSuite","HabitNuCoachesPortalRegression-PartB","CoachesPortal.PatientDetails.UserActivitiesTobacco","CoachesPortal.PatientDetails.UserActivitiesTobacco","verifyEditCurrentAndYesterdayBPDataInCoachesPortal","Verify current and yesterday edit tobacco in coaches portal and reflect in web portal",""
"passed","Sat Dec 06 21:09:04 UTC 2025","Sat Dec 06 21:09:06 UTC 2025","1624","HabitNuCoachPortalSuite","HabitNuCoachesPortalRegression-PartB","CoachesPortal.OnsiteUsersListDashboard","CoachesPortal.OnsiteUsersListDashboard","case21","test1 > Given I am logged in as admin, Disenroll pop up is displayed when tried to disenrol user","test1 > Given I am logged in as admin, Disenroll pop up is displayed when tried to disenrol user"
"failed","Sat Dec 06 21:10:12 UTC 2025","Sat Dec 06 21:10:12 UTC 2025","362","HabitNuCoachPortalSuite","HabitNuCoachesPortalRegression-PartB","CoachesPortal.PatientDetails.PatientProfileDemographic","CoachesPortal.PatientDetails.PatientProfileDemographic","updateDisenrollmentDetails_with_onlyDisenrolledCodeData","test1 > Given I am logged in as coach, Disenrolled Reason Code","test1 > Given I am logged in as coach, Disenrolled Reason Code"
"passed","Sat Dec 06 20:46:24 UTC 2025","Sat Dec 06 20:46:28 UTC 2025","3375","HabitNuCoachPortalSuite","HabitNuCoachesPortalRegression-PartA","CoachesPortal.LearnModule.CustomerAdminCourseDocument","CoachesPortal.LearnModule.CustomerAdminCourseDocument","verifyDocuentVideoEditAndSave","Video Edit and Save",""
"passed","Sat Dec 06 21:24:32 UTC 2025","Sat Dec 06 21:24:32 UTC 2025","55","HabitNuCoachPortalSuite","Scheduler","CoachesPortal.Schedular","CoachesPortal.Schedular","validateInteractionEntries_SessionName","test1 > Given I am logged in as coach, verify group interaction entries are made automatically when meet is attended for min of 1min > Validating field==SessionName","test1 > Given I am logged in as coach, verify group interaction entries are made automatically when meet is attended for min of 1min > Validating field==SessionName"
"skipped","Sat Dec 06 21:09:07 UTC 2025","Sat Dec 06 21:09:07 UTC 2025","0","HabitNuCoachPortalSuite","HabitNuCoachesPortalRegression-PartB","CoachesPortal.OnsiteUsersListDashboard","CoachesPortal.OnsiteUsersListDashboard","case31","test1 > Given I am logged in as customerAdmin, validate userList as customerAdmin-Add Cohort for a user- cancel scenario.","test1 > Given I am logged in as customerAdmin, validate userList as customerAdmin-Add Cohort for a user- cancel scenario."
"passed","Sat Dec 06 20:45:08 UTC 2025","Sat Dec 06 20:45:11 UTC 2025","2950","HabitNuCoachPortalSuite","HabitNuCoachesPortalRegression-PartA","CoachesPortal.LearnModule.CustomerAdminCourseDocument","CoachesPortal.LearnModule.CustomerAdminCourseDocument","verifyLinkArchiveCancelAndConfirm","Link Archive Cancel And Confirm",""
"passed","Sat Dec 06 21:12:32 UTC 2025","Sat Dec 06 21:12:32 UTC 2025","143","HabitNuCoachPortalSuite","HabitNuCoachesPortalRegression-PartB","CoachesPortal.PatientDetails.PatientProfileDemographic","CoachesPortal.PatientDetails.PatientProfileDemographic","testDropdownOptions","test1 > Given I am logged in as customer admin, testDropdownOptions","test1 > Given I am logged in as customer admin, testDropdownOptions"
"broken","Sat Dec 06 21:58:50 UTC 2025","Sat Dec 06 21:59:13 UTC 2025","22528","HabitNuCoachPortalSuite","FeatureFlags","CoachesPortal.FeatureFlags","CoachesPortal.FeatureFlags","test13_addrulesforprogram","And user is able to add the rule for program level",""
"passed","Sat Dec 06 20:43:14 UTC 2025","Sat Dec 06 20:43:31 UTC 2025","16996","HabitNuCoachPortalSuite","HabitNuCoachesPortalRegression-PartA","CoachesPortal.LearnModule.Learn","CoachesPortal.LearnModule.Learn","addClonedCourseToCohort","verify on clone course page, course created by admin is available",""
"passed","Sat Dec 06 20:52:43 UTC 2025","Sat Dec 06 20:52:45 UTC 2025","2139","HabitNuCoachPortalSuite","HabitNuCoachesPortalRegression-PartA","CoachesPortal.DiscussionForumPage","CoachesPortal.DiscussionForumPage","case26","test1 > Given I am logged in as admin, I am validating UnPin The post","test1 > Given I am logged in as admin, I am validating UnPin The post"
"passed","Sat Dec 06 20:48:23 UTC 2025","Sat Dec 06 20:48:25 UTC 2025","2152","HabitNuCoachPortalSuite","HabitNuCoachesPortalRegression-PartA","CoachesPortal.DiscussionForumPage","CoachesPortal.DiscussionForumPage","case23","test1 > Given I am logged in as coach, I am validating Click Delete - Cancel","test1 > Given I am logged in as coach, I am validating Click Delete - Cancel"
"failed","Sat Dec 06 22:08:25 UTC 2025","Sat Dec 06 22:08:27 UTC 2025","2165","HabitNuCoachPortalSuite","DifferentTypeOfDashboards","CoachesPortal.CohortLevelDashboard.OnsiteCohortDashboard","CoachesPortal.CohortLevelDashboard.OnsiteCohortDashboard","foodCategory_fat_contentValidation","test1 > Given I am logged in as customer admin, I am validating onsite cohort 'foodCategoryGraph - foodCategory_fat_contentValidation","test1 > Given I am logged in as customer admin, I am validating onsite cohort 'foodCategoryGraph - foodCategory_fat_contentValidation"
"passed","Sat Dec 06 21:02:31 UTC 2025","Sat Dec 06 21:02:34 UTC 2025","3253","HabitNuCoachPortalSuite","HabitNuCoachesPortalRegression-PartB","CoachesPortal.OnsiteUsersListDashboard","CoachesPortal.OnsiteUsersListDashboard","case8","test1 > Given I am logged in as coach, Form Survey for cohort- validate sdoh tag present against form set.","test1 > Given I am logged in as coach, Form Survey for cohort- validate sdoh tag present against form set."
"broken","Sat Dec 06 22:08:20 UTC 2025","Sat Dec 06 22:08:20 UTC 2025","167","HabitNuCoachPortalSuite","DifferentTypeOfDashboards","CoachesPortal.CohortLevelDashboard.OnsiteCohortDashboard","CoachesPortal.CohortLevelDashboard.OnsiteCohortDashboard","foodCategory_chart_validation","test1 > Given I am logged in as customer admin, I am validating onsite cohort 'foodCategoryGraph - validation2","test1 > Given I am logged in as customer admin, I am validating onsite cohort 'foodCategoryGraph - validation2"
"passed","Sat Dec 06 21:12:23 UTC 2025","Sat Dec 06 21:12:25 UTC 2025","2008","HabitNuCoachPortalSuite","HabitNuCoachesPortalRegression-PartB","CoachesPortal.PatientDetails.PatientProfileDemographic","CoachesPortal.PatientDetails.PatientProfileDemographic","updateAndVerifyBaselineHealthData","test1 > Given I am logged in as customer admin, updateAndVerifyBaselineHealthData","test1 > Given I am logged in as customer admin, updateAndVerifyBaselineHealthData"
"passed","Sat Dec 06 21:28:31 UTC 2025","Sat Dec 06 21:28:34 UTC 2025","3189","HabitNuCoachPortalSuite","Paywal","CoachesPortal.payWall","CoachesPortal.payWall","testSubscriptionPageLayoutAndContent","COP-T395: Verify Subscriptions page layout, filters, content, and pagination",""
"passed","Sat Dec 06 21:12:32 UTC 2025","Sat Dec 06 21:12:32 UTC 2025","73","HabitNuCoachPortalSuite","HabitNuCoachesPortalRegression-PartB","CoachesPortal.PatientDetails.PatientProfileDemographic","CoachesPortal.PatientDetails.PatientProfileDemographic","testSelectBlindNo","test1 > Given I am logged in as customer admin, testSelectBlindNo","test1 > Given I am logged in as customer admin, testSelectBlindNo"
"passed","Sat Dec 06 20:39:36 UTC 2025","Sat Dec 06 20:39:42 UTC 2025","5400","HabitNuCoachPortalSuite","HabitNuCoachesPortalRegression-PartA","CoachesPortal.LearnModule.Learn","CoachesPortal.LearnModule.Learn","verifyCourseActions","Verify course Actions on hovering shows all the buttons",""
"passed","Sat Dec 06 21:24:32 UTC 2025","Sat Dec 06 21:24:32 UTC 2025","41","HabitNuCoachPortalSuite","Scheduler","CoachesPortal.Schedular","CoachesPortal.Schedular","validateInteractionEntries_Duration","test1 > Given I am logged in as coach, verify group interaction entries are made automatically when meet is attended for min of 1min > Validating field==Duration","test1 > Given I am logged in as coach, verify group interaction entries are made automatically when meet is attended for min of 1min > Validating field==Duration"
"passed","Sat Dec 06 22:17:19 UTC 2025","Sat Dec 06 22:17:19 UTC 2025","98","HabitNuCoachPortalSuite","DifferentTypeOfDashboards","CoachesPortal.CohortLevelDashboard.DSMEDashboardCoachesPortal","CoachesPortal.CohortLevelDashboard.DSMEDashboardCoachesPortal","test14_verifyBloodSugarByPatientsWithallPosibleActions","Verify Blood Sugar by Patients dropdown card with possible options listed",""
"passed","Sat Dec 06 21:43:30 UTC 2025","Sat Dec 06 21:43:43 UTC 2025","12259","HabitNuCoachPortalSuite","LogClassSession","CoachesPortal.LogClassSection","CoachesPortal.LogClassSection","verifyAddOnlyWeight","Add Only weight",""
"passed","Sat Dec 06 21:44:22 UTC 2025","Sat Dec 06 21:44:39 UTC 2025","16176","HabitNuCoachPortalSuite","LogClassSession","CoachesPortal.LogClassSection","CoachesPortal.LogClassSection","verifyAddWeightAndAttendanceDate","Add weight and attendance date",""
"passed","Sat Dec 06 22:10:52 UTC 2025","Sat Dec 06 22:10:59 UTC 2025","6780","HabitNuCoachPortalSuite","DifferentTypeOfDashboards","CoachesPortal.CohortLevelDashboard.DSMEDashboardCoachesPortal","CoachesPortal.CohortLevelDashboard.DSMEDashboardCoachesPortal","test1_Navigating","Given user is navigating to coaches portal",""
"passed","Sat Dec 06 20:51:15 UTC 2025","Sat Dec 06 20:51:25 UTC 2025","9341","HabitNuCoachPortalSuite","HabitNuCoachesPortalRegression-PartA","CoachesPortal.DiscussionForumPage","CoachesPortal.DiscussionForumPage","case12","test1 > Given I am logged in as admin, I am validating File upload- subject only- error.","test1 > Given I am logged in as admin, I am validating File upload- subject only- error."
"broken","Sat Dec 06 22:04:23 UTC 2025","Sat Dec 06 22:04:23 UTC 2025","182","HabitNuCoachPortalSuite","DifferentTypeOfDashboards","CoachesPortal.CohortLevelDashboard.OnlineCohortDashboard","CoachesPortal.CohortLevelDashboard.OnlineCohortDashboard","foodCategory_actions_dropdown","test1 > Given I am logged in as coach, I am validating online cohort 'foodCategoryGraph - foodCategory_actions_dropdown","test1 > Given I am logged in as coach, I am validating online cohort 'foodCategoryGraph - foodCategory_actions_dropdown"
"passed","Sat Dec 06 21:53:41 UTC 2025","Sat Dec 06 21:53:47 UTC 2025","5898","HabitNuCoachPortalSuite","UserDashboard","CoachesPortal.PatientDashboard","CoachesPortal.PatientDashboard","foodLog","test12 > Given I am logged in as admin, when I am on adding Meal by logging into user app, Then I should be able to see added Meal data on FoodLog graph","admin login - user/patient/partcipant dashboard validation"
"passed","Sat Dec 06 21:04:57 UTC 2025","Sat Dec 06 21:04:58 UTC 2025","225","HabitNuCoachPortalSuite","HabitNuCoachesPortalRegression-PartB","CoachesPortal.OnsiteUsersListDashboard","CoachesPortal.OnsiteUsersListDashboard","case20","test1 > Given I am logged in as coach, Clicking on Cohort should navigate to Dashboard.","test1 > Given I am logged in as coach, Clicking on Cohort should navigate to Dashboard."
"passed","Sat Dec 06 21:28:44 UTC 2025","Sat Dec 06 21:28:46 UTC 2025","2817","HabitNuCoachPortalSuite","Paywal","CoachesPortal.payWall","CoachesPortal.payWall","testFilterSubscriptions","COP-T397–399: Validate subscription filters",""
"passed","Sat Dec 06 21:28:46 UTC 2025","Sat Dec 06 21:28:49 UTC 2025","2149","HabitNuCoachPortalSuite","Paywal","CoachesPortal.payWall","CoachesPortal.payWall","testFilterSubscriptions","COP-T397–399: Validate subscription filters",""
"passed","Sat Dec 06 21:50:53 UTC 2025","Sat Dec 06 21:51:03 UTC 2025","10627","HabitNuCoachPortalSuite","Milestones","CoachesPortal.VAMilestone","CoachesPortal.VAMilestone","test19_validating_VAHeaders_data","And user is validating to VAHeaders data by clicking arrow button",""
"skipped","Sat Dec 06 21:09:07 UTC 2025","Sat Dec 06 21:09:07 UTC 2025","0","HabitNuCoachPortalSuite","HabitNuCoachesPortalRegression-PartB","CoachesPortal.OnsiteUsersListDashboard","CoachesPortal.OnsiteUsersListDashboard","case32","test1 > Given I am logged in as customerAdmin, validate userList as customerAdmin-Add Cohort for a user- Add scenario.","test1 > Given I am logged in as customerAdmin, validate userList as customerAdmin-Add Cohort for a user- Add scenario."
"broken","Sat Dec 06 22:03:34 UTC 2025","Sat Dec 06 22:04:16 UTC 2025","42620","HabitNuCoachPortalSuite","DifferentTypeOfDashboards","CoachesPortal.CohortLevelDashboard.OnlineCohortDashboard","CoachesPortal.CohortLevelDashboard.OnlineCohortDashboard","latestHba1cGraph","test1 > Given I am logged in as coach, I am validating online cohort 'latestHba1cGraph","test1 > Given I am logged in as coach, I am validating online cohort 'latestHba1cGraph"
"passed","Sat Dec 06 21:49:38 UTC 2025","Sat Dec 06 21:49:39 UTC 2025","284","HabitNuCoachPortalSuite","Milestones","CoachesPortal.VAMilestone","CoachesPortal.VAMilestone","test4_navigating_milestone","And user is navigating to milestone",""
"passed","Sat Dec 06 21:45:47 UTC 2025","Sat Dec 06 21:45:49 UTC 2025","1100","HabitNuCoachPortalSuite","GroupDPPClassPlanner","CoachesPortal.ClassPlanner","CoachesPortal.ClassPlanner","case12","Edit the Created card",""
"passed","Sat Dec 06 20:52:45 UTC 2025","Sat Dec 06 20:55:01 UTC 2025","136311","HabitNuCoachPortalSuite","HabitNuCoachesPortalRegression-PartA","CoachesPortal.DiscussionForumPage","CoachesPortal.DiscussionForumPage","case27","test1 > Given I am logged in as admin, I am validating add max number of pinned posts(20).","test1 > Given I am logged in as admin, I am validating add max number of pinned posts(20)."
"passed","Sat Dec 06 20:44:58 UTC 2025","Sat Dec 06 20:44:59 UTC 2025","782","HabitNuCoachPortalSuite","HabitNuCoachesPortalRegression-PartA","CoachesPortal.LearnModule.CustomerAdminCourseDocument","CoachesPortal.LearnModule.CustomerAdminCourseDocument","verifyAddOnlyDiscription","Add Only Discription And verify url and title Required",""
"passed","Sat Dec 06 21:57:46 UTC 2025","Sat Dec 06 21:57:46 UTC 2025","14","HabitNuCoachPortalSuite","UserDashboard","CoachesPortal.PatientDashboard","CoachesPortal.PatientDashboard","patientWeeklyStatus_GroupClasses","test10 > Given I am logged in as coach, when I am on adding groupInteraction from user Interaction tab, Then I should be able to see added interaction count==1 under patientWeeklyStatus_GroupClasses","coach login - user/patient/partcipant dashboard validation"
"broken","Sat Dec 06 21:46:52 UTC 2025","Sat Dec 06 21:46:53 UTC 2025","1299","HabitNuCoachPortalSuite","GroupDPPClassPlanner","CoachesPortal.ClassPlanner","CoachesPortal.ClassPlanner","case35","validate user is able to view classPlanner item==text",""
"passed","Sat Dec 06 21:00:16 UTC 2025","Sat Dec 06 21:00:17 UTC 2025","358","HabitNuCoachPortalSuite","HabitNuCoachesPortalRegression-PartA","CoachesPortal.DirectMessage","CoachesPortal.DirectMessage","verifysentMessageToPatient","send a message to participant",""
"broken","Sat Dec 06 20:36:28 UTC 2025","Sat Dec 06 20:36:38 UTC 2025","10656","HabitNuCoachPortalSuite","HabitNuCoachesPortalRegression-PartA","CoachesPortal.CohortLevelDashboard.CohortLevelDashboardPage","CoachesPortal.CohortLevelDashboard.CohortLevelDashboardPage","case2","Extract all graphs in outcomes page.",""
"passed","Sat Dec 06 20:52:34 UTC 2025","Sat Dec 06 20:52:36 UTC 2025","2133","HabitNuCoachPortalSuite","HabitNuCoachesPortalRegression-PartA","CoachesPortal.DiscussionForumPage","CoachesPortal.DiscussionForumPage","case23","test1 > Given I am logged in as admin, I am validating Click Delete - Cancel","test1 > Given I am logged in as admin, I am validating Click Delete - Cancel"
"passed","Sat Dec 06 21:57:25 UTC 2025","Sat Dec 06 21:57:26 UTC 2025","1330","HabitNuCoachPortalSuite","UserDashboard","CoachesPortal.PatientDashboard","CoachesPortal.PatientDashboard","Weight_History","test3 > Given I am logged in as coach, wehn I am on adding weight from user Dashboard, Then I should be able to see added weight on the weight history graph","coach login - user/patient/partcipant dashboard validation"
"passed","Sat Dec 06 21:41:41 UTC 2025","Sat Dec 06 21:41:41 UTC 2025","111","HabitNuCoachPortalSuite","ProjectPowerDashboard","CoachesPortal.ProjectPowerDashboard","CoachesPortal.ProjectPowerDashboard","verifyCohortWeightLossTrendFor6months","All cohort dashboard for project power - Cohort Weight Loss trend - 6months",""
"passed","Sat Dec 06 20:45:48 UTC 2025","Sat Dec 06 20:45:58 UTC 2025","10258","HabitNuCoachPortalSuite","HabitNuCoachesPortalRegression-PartA","CoachesPortal.LearnModule.CustomerAdminCourseDocument","CoachesPortal.LearnModule.CustomerAdminCourseDocument","verifyAddVideo","Add Video",""
"broken","Sat Dec 06 21:42:09 UTC 2025","Sat Dec 06 21:42:30 UTC 2025","21617","HabitNuCoachPortalSuite","ProjectPowerDashboard","CoachesPortal.ProjectPowerDashboard","CoachesPortal.ProjectPowerDashboard","verifySDOHPage_Education","SDOH page - It should display the count of participants of Education",""
"passed","Sat Dec 06 21:50:42 UTC 2025","Sat Dec 06 21:50:53 UTC 2025","10645","HabitNuCoachPortalSuite","Milestones","CoachesPortal.VAMilestone","CoachesPortal.VAMilestone","test17_validating_VAHeaders_data","And user is validating to VAHeaders data by clicking arrow button",""
"passed","Sat Dec 06 21:15:37 UTC 2025","Sat Dec 06 21:15:42 UTC 2025","5613","HabitNuCoachPortalSuite","HabitNuCoachesPortalRegression-PartB","CoachesPortal.PatientDetails.UserActivitiesBloodSugar","CoachesPortal.PatientDetails.UserActivitiesBloodSugar","verifyreadingTimeRequired","Verify reading time required",""
"passed","Sat Dec 06 21:39:37 UTC 2025","Sat Dec 06 21:39:37 UTC 2025","147","HabitNuCoachPortalSuite","ProjectPowerDashboard","CoachesPortal.ProjectPowerDashboard","CoachesPortal.ProjectPowerDashboard","verifyCumulative_EnrollmentGraphPresence_for3monthsFilter","It should display the enrollment of participants for 3 months",""
"passed","Sat Dec 06 21:29:13 UTC 2025","Sat Dec 06 21:29:15 UTC 2025","1323","HabitNuCoachPortalSuite","Paywal","CoachesPortal.payWall","CoachesPortal.payWall","testFilterTransactions","COP-T400: Validate all transaction filters",""
"passed","Sat Dec 06 21:50:05 UTC 2025","Sat Dec 06 21:50:16 UTC 2025","10629","HabitNuCoachPortalSuite","Milestones","CoachesPortal.VAMilestone","CoachesPortal.VAMilestone","test11_validating_VAHeaders_data","And user is validating to VAHeaders data by clicking arrow button",""
"passed","Sat Dec 06 21:29:16 UTC 2025","Sat Dec 06 21:29:20 UTC 2025","3435","HabitNuCoachPortalSuite","Paywal","CoachesPortal.payWall","CoachesPortal.payWall","testLinkPaymentPlantoProgram","COP-T406: Link Payment Plan to Program",""
"broken","Sat Dec 06 21:22:09 UTC 2025","Sat Dec 06 21:22:29 UTC 2025","20565","HabitNuCoachPortalSuite","Scheduler","CoachesPortal.Schedular","CoachesPortal.Schedular","joinTheMeeting","test7 >  Given I am logged in as coach, and on time slot page, When I click on created appointment, Then I should see the Join the meet button, When I click on it, Then I should be taken to joinmeeting page in new tab","coach login - User should be able to join the meet"
"passed","Sat Dec 06 21:41:28 UTC 2025","Sat Dec 06 21:41:39 UTC 2025","11167","HabitNuCoachPortalSuite","ProjectPowerDashboard","CoachesPortal.ProjectPowerDashboard","CoachesPortal.ProjectPowerDashboard","verifyADAMilestoneForALLTIME","All cohort dashboard for project power - ADA milestone trend - ALL TIME",""
"passed","Sat Dec 06 21:11:02 UTC 2025","Sat Dec 06 21:11:05 UTC 2025","2565","HabitNuCoachPortalSuite","HabitNuCoachesPortalRegression-PartB","CoachesPortal.PatientDetails.PatientProfileDemographic","CoachesPortal.PatientDetails.PatientProfileDemographic","updateAndVerifyBaselineHealthData","test1 > Given I am logged in as coach, updateAndVerifyBaselineHealthData","test1 > Given I am logged in as coach, updateAndVerifyBaselineHealthData"
