"Status","Start Time","Stop Time","Duration in ms","Parent Suite","Suite","Sub Suite","Test Class","Test Method","Name","Description"
"failed","Fri Dec 05 21:36:55 UTC 2025","Fri Dec 05 21:36:59 UTC 2025","3804","HabitNuWebAppSuite","1. Core and Authentication","WebAppSanityPackage.HomePage","WebAppSanityPackage.HomePage","testSetTargetPage","Verify the Meals, Weight, Exercise page layout and functionality",""
"passed","Fri Dec 05 21:42:38 UTC 2025","Fri Dec 05 21:42:39 UTC 2025","354","HabitNuWebAppSuite","2. Health Metrics","WebAppSanityPackage.BloodPressure_Section","WebAppSanityPackage.BloodPressure_Section","case11_editTargetWithNegatives","[MAIN CARD] Verify target edit validation error when entering negative systolic value",""
"passed","Fri Dec 05 21:38:26 UTC 2025","Fri Dec 05 21:38:30 UTC 2025","3412","HabitNuWebAppSuite","1. Core and Authentication","WebAppSanityPackage.ProfileAppClass","WebAppSanityPackage.ProfileAppClass","selectGenderFemaleAndSave","Select Gender as Female and save → Should reflect in profile",""
"passed","Fri Dec 05 21:49:37 UTC 2025","Fri Dec 05 21:49:38 UTC 2025","117","HabitNuWebAppSuite","2. Health Metrics","WebAppSanityPackage.Medication","WebAppSanityPackage.Medication","case22","Creating new Medications details like selecting mg or ml.",""
"passed","Fri Dec 05 21:35:38 UTC 2025","Fri Dec 05 21:35:40 UTC 2025","2042","HabitNuWebAppSuite","1. Core and Authentication","WebAppSanityPackage.Login","WebAppSanityPackage.Login","testPasswordResetPageAccess","Verify password reset link flow and modal confirmation",""
"passed","Fri Dec 05 21:37:34 UTC 2025","Fri Dec 05 21:37:51 UTC 2025","17268","HabitNuWebAppSuite","1. Core and Authentication","WebAppSanityPackage.HomePage","WebAppSanityPackage.HomePage","testExerciseProgressBarByAddingExercise","Verify the Exercise progress bar updates correctly as Exercise logs are added",""
"passed","Fri Dec 05 21:43:15 UTC 2025","Fri Dec 05 21:43:15 UTC 2025","275","HabitNuWebAppSuite","2. Health Metrics","WebAppSanityPackage.Sugar_Section","WebAppSanityPackage.Sugar_Section","highTargetWithBlankValue","edit -  high BS cannot be blank",""
"passed","Fri Dec 05 22:16:37 UTC 2025","Fri Dec 05 22:16:38 UTC 2025","282","HabitNuWebAppSuite","4. Lifestyle and Social","WebAppSanityPackage.DiscussAppClass","WebAppSanityPackage.DiscussAppClass","case2","Post a message with subject only (should show error)",""
"passed","Fri Dec 05 21:43:14 UTC 2025","Fri Dec 05 21:43:15 UTC 2025","334","HabitNuWebAppSuite","2. Health Metrics","WebAppSanityPackage.Sugar_Section","WebAppSanityPackage.Sugar_Section","setLowTargetMoreThan200","enter Low target more than 1000 and assert messages",""
"passed","Fri Dec 05 21:54:13 UTC 2025","Fri Dec 05 21:54:37 UTC 2025","24414","HabitNuWebAppSuite","3. Nutrition and Recipes","WebAppSanityPackage.foodGrouping","WebAppSanityPackage.foodGrouping","case8","add Meal to Dinner",""
"passed","Fri Dec 05 22:00:43 UTC 2025","Fri Dec 05 22:00:49 UTC 2025","6258","HabitNuWebAppSuite","3. Nutrition and Recipes","WebAppSanityPackage.habiRecipe","WebAppSanityPackage.habiRecipe","case10_SetFoodAllergiesPreferences","Food allergies",""
"passed","Fri Dec 05 21:58:35 UTC 2025","Fri Dec 05 21:58:38 UTC 2025","2841","HabitNuWebAppSuite","3. Nutrition and Recipes","WebAppSanityPackage.waterLog","WebAppSanityPackage.waterLog","case9","Custom Water Log by Using + and - Buttons",""
"passed","Fri Dec 05 22:03:46 UTC 2025","Fri Dec 05 22:03:53 UTC 2025","7607","HabitNuWebAppSuite","3. Nutrition and Recipes","WebAppSanityPackage.habiRecipe","WebAppSanityPackage.habiRecipe","case24_LogMicronutrientRecipe","Selecting the  Generated Recipe of Micronutrient considerations and Logging It",""
"passed","Fri Dec 05 21:49:09 UTC 2025","Fri Dec 05 21:49:14 UTC 2025","4725","HabitNuWebAppSuite","2. Health Metrics","WebAppSanityPackage.Medication","WebAppSanityPackage.Medication","Case18addValidMedicationName","TC11: Add valid Medication name and save",""
"passed","Fri Dec 05 21:43:00 UTC 2025","Fri Dec 05 21:43:00 UTC 2025","359","HabitNuWebAppSuite","2. Health Metrics","WebAppSanityPackage.BloodPressure_Section","WebAppSanityPackage.BloodPressure_Section","case26_verifyNegativeSystolicInputValidation","[MODAL] Verify negative systolic input validation in form (other)",""
"passed","Fri Dec 05 21:38:18 UTC 2025","Fri Dec 05 21:38:20 UTC 2025","2001","HabitNuWebAppSuite","1. Core and Authentication","WebAppSanityPackage.ProfileAppClass","WebAppSanityPackage.ProfileAppClass","editLastName","Edit first + last name and save → should reflect",""
"passed","Fri Dec 05 21:46:05 UTC 2025","Fri Dec 05 21:46:05 UTC 2025","183","HabitNuWebAppSuite","2. Health Metrics","WebAppSanityPackage.WebAppHealth_WeightSection","WebAppSanityPackage.WebAppHealth_WeightSection","case9","Add data as negative weight",""
"passed","Fri Dec 05 21:47:59 UTC 2025","Fri Dec 05 21:48:01 UTC 2025","2647","HabitNuWebAppSuite","2. Health Metrics","WebAppSanityPackage.Medication","WebAppSanityPackage.Medication","case2","Navigate to Log page and open Weight Loss Medication form",""
"passed","Fri Dec 05 21:39:31 UTC 2025","Fri Dec 05 21:39:32 UTC 2025","460","HabitNuWebAppSuite","1. Core and Authentication","WebAppSanityPackage.ProfileAppClass","WebAppSanityPackage.ProfileAppClass","case46","Add Waist (in inches) as letters and save",""
"passed","Fri Dec 05 21:51:42 UTC 2025","Fri Dec 05 21:51:46 UTC 2025","4462","HabitNuWebAppSuite","2. Health Metrics","WebAppSanityPackage.TobaccoSection","WebAppSanityPackage.TobaccoSection","case17_graphcase3","Load web app -> Click on Health section -> Weight section -> click on three lines -> Click on graph -> click on filter as last year",""
"passed","Fri Dec 05 22:08:18 UTC 2025","Fri Dec 05 22:08:18 UTC 2025","93","HabitNuWebAppSuite","3. Nutrition and Recipes","WebAppSanityPackage.recipeBuilder","WebAppSanityPackage.recipeBuilder","verifyRemoveFavorites_from_recipeView_page","remove fav recipes from recipe view page",""
"passed","Fri Dec 05 21:35:05 UTC 2025","Fri Dec 05 21:35:06 UTC 2025","454","HabitNuWebAppSuite","1. Core and Authentication","WebAppSanityPackage.Login","WebAppSanityPackage.Login","testLoginWithOnlyEmail","Verify error when only email is provided",""
"passed","Fri Dec 05 21:40:43 UTC 2025","Fri Dec 05 21:40:45 UTC 2025","1759","HabitNuWebAppSuite","1. Core and Authentication","WebAppSanityPackage.ProfileAppClass","WebAppSanityPackage.ProfileAppClass","case87","Switch back to English language and verify UI text",""
"passed","Fri Dec 05 21:43:02 UTC 2025","Fri Dec 05 21:43:03 UTC 2025","929","HabitNuWebAppSuite","2. Health Metrics","WebAppSanityPackage.BloodPressure_Section","WebAppSanityPackage.BloodPressure_Section","case29_verifyDecimalValueValidationAndCleanup","[MODAL] Verify decimal value validation in form fields and cleanup test data using delete action buttons",""
"passed","Fri Dec 05 21:39:50 UTC 2025","Fri Dec 05 21:39:54 UTC 2025","4611","HabitNuWebAppSuite","1. Core and Authentication","WebAppSanityPackage.ProfileAppClass","WebAppSanityPackage.ProfileAppClass","case67","Upload file type only and submit",""
"passed","Fri Dec 05 21:43:16 UTC 2025","Fri Dec 05 21:43:18 UTC 2025","2244","HabitNuWebAppSuite","2. Health Metrics","WebAppSanityPackage.Sugar_Section","WebAppSanityPackage.Sugar_Section","editTargetValid","edit Target - valid",""
"passed","Fri Dec 05 21:48:04 UTC 2025","Fri Dec 05 21:48:05 UTC 2025","1295","HabitNuWebAppSuite","2. Health Metrics","WebAppSanityPackage.Medication","WebAppSanityPackage.Medication","case8","Creating new Medications details like selecting add time (What time(s) do you want to take this medication?",""
"passed","Fri Dec 05 21:58:28 UTC 2025","Fri Dec 05 21:58:29 UTC 2025","1237","HabitNuWebAppSuite","3. Nutrition and Recipes","WebAppSanityPackage.waterLog","WebAppSanityPackage.waterLog","case4","24 oz Water Log",""
"passed","Fri Dec 05 22:13:39 UTC 2025","Fri Dec 05 22:13:39 UTC 2025","14","HabitNuWebAppSuite","4. Lifestyle and Social","WebAppSanityPackage.HabitsAppClass","WebAppSanityPackage.HabitsAppClass","case2","If there are no Habits in the Habits section - it should display There are no Habits to display",""
"passed","Fri Dec 05 21:52:10 UTC 2025","Fri Dec 05 21:52:30 UTC 2025","20791","HabitNuWebAppSuite","2. Health Metrics","WebAppSanityPackage.TobaccoSection","WebAppSanityPackage.TobaccoSection","case23","verify blank data in Tobacco section",""
"passed","Fri Dec 05 21:42:46 UTC 2025","Fri Dec 05 21:42:57 UTC 2025","11256","HabitNuWebAppSuite","2. Health Metrics","WebAppSanityPackage.BloodPressure_Section","WebAppSanityPackage.BloodPressure_Section","case18_addCurrentDayBloodPressureReading","[MODAL] Add current day blood pressure reading via modal form and verify entry appears in history table",""
"broken","Fri Dec 05 21:56:34 UTC 2025","Fri Dec 05 21:56:44 UTC 2025","10264","HabitNuWebAppSuite","3. Nutrition and Recipes","WebAppSanityPackage.foodGrouping","WebAppSanityPackage.foodGrouping","case17","Create 'My Meal' from logged foods in LUNCH sections",""
"passed","Fri Dec 05 21:39:41 UTC 2025","Fri Dec 05 21:39:42 UTC 2025","205","HabitNuWebAppSuite","1. Core and Authentication","WebAppSanityPackage.ProfileAppClass","WebAppSanityPackage.ProfileAppClass","case61","Click on Devices button and it should take to device page",""
"passed","Fri Dec 05 21:39:30 UTC 2025","Fri Dec 05 21:39:31 UTC 2025","1422","HabitNuWebAppSuite","1. Core and Authentication","WebAppSanityPackage.ProfileAppClass","WebAppSanityPackage.ProfileAppClass","case45","Add Waist (in inches) as 0 and save",""
"passed","Fri Dec 05 21:53:44 UTC 2025","Fri Dec 05 21:54:11 UTC 2025","27657","HabitNuWebAppSuite","3. Nutrition and Recipes","WebAppSanityPackage.foodGrouping","WebAppSanityPackage.foodGrouping","case6","add Meal to Lunch",""
"passed","Fri Dec 05 21:51:18 UTC 2025","Fri Dec 05 21:51:21 UTC 2025","3280","HabitNuWebAppSuite","2. Health Metrics","WebAppSanityPackage.TobaccoSection","WebAppSanityPackage.TobaccoSection","case8_editTargetValid","edit Target - valid",""
"passed","Fri Dec 05 21:36:43 UTC 2025","Fri Dec 05 21:36:45 UTC 2025","2097","HabitNuWebAppSuite","1. Core and Authentication","WebAppSanityPackage.HomePage","WebAppSanityPackage.HomePage","testFitnessVideoPage","Verify the Fitness Videos Section content and functionality",""
"passed","Fri Dec 05 21:38:16 UTC 2025","Fri Dec 05 21:38:16 UTC 2025","214","HabitNuWebAppSuite","1. Core and Authentication","WebAppSanityPackage.ProfileAppClass","WebAppSanityPackage.ProfileAppClass","firstNameBlankValidation","Leave first name blank → show error",""
"passed","Fri Dec 05 21:35:03 UTC 2025","Fri Dec 05 21:35:04 UTC 2025","1439","HabitNuWebAppSuite","1. Core and Authentication","WebAppSanityPackage.Login","WebAppSanityPackage.Login","testLoginWithDeactivatedUser","Verify error for a disenrolled (deactivated) user",""
"skipped","Fri Dec 05 21:50:02 UTC 2025","Fri Dec 05 21:50:02 UTC 2025","0","HabitNuWebAppSuite","2. Health Metrics","WebAppSanityPackage.Medication","WebAppSanityPackage.Medication","case33","Weight loss medication Skipped and taken",""
"passed","Fri Dec 05 21:43:01 UTC 2025","Fri Dec 05 21:43:02 UTC 2025","1170","HabitNuWebAppSuite","2. Health Metrics","WebAppSanityPackage.BloodPressure_Section","WebAppSanityPackage.BloodPressure_Section","case28_verifyEditFunctionalityInHistoryTable","[MODAL] Verify edit functionality for blood pressure entries in history table using edit action buttons",""
"passed","Fri Dec 05 21:50:51 UTC 2025","Fri Dec 05 21:50:53 UTC 2025","2708","HabitNuWebAppSuite","2. Health Metrics","WebAppSanityPackage.ExerciseSection","WebAppSanityPackage.ExerciseSection","case12","edit data in exercise section",""
"passed","Fri Dec 05 22:11:54 UTC 2025","Fri Dec 05 22:11:57 UTC 2025","2848","HabitNuWebAppSuite","3. Nutrition and Recipes","WebAppSanityPackage.WebAppClass","WebAppSanityPackage.WebAppClass","case18","Attempt to Edit Food without Mandatory Fields",""
"passed","Fri Dec 05 21:40:41 UTC 2025","Fri Dec 05 21:40:43 UTC 2025","1743","HabitNuWebAppSuite","1. Core and Authentication","WebAppSanityPackage.ProfileAppClass","WebAppSanityPackage.ProfileAppClass","case86","Change language to Spanish and verify UI text",""
"passed","Fri Dec 05 21:45:29 UTC 2025","Fri Dec 05 21:45:29 UTC 2025","688","HabitNuWebAppSuite","2. Health Metrics","WebAppSanityPackage.WebAppHealth_WeightSection","WebAppSanityPackage.WebAppHealth_WeightSection","setNegativeTarget","enter negative target values and assert messages",""
"passed","Fri Dec 05 22:15:07 UTC 2025","Fri Dec 05 22:15:07 UTC 2025","765","HabitNuWebAppSuite","4. Lifestyle and Social","WebAppSanityPackage.HabitsAppClass","WebAppSanityPackage.HabitsAppClass","case22","double click on habit button and it should open the pop up",""
"passed","Fri Dec 05 21:35:00 UTC 2025","Fri Dec 05 21:35:01 UTC 2025","1439","HabitNuWebAppSuite","1. Core and Authentication","WebAppSanityPackage.Login","WebAppSanityPackage.Login","testLoginWithInactiveUser","Verify error for an inactive user account",""
"passed","Fri Dec 05 21:36:40 UTC 2025","Fri Dec 05 21:36:41 UTC 2025","1579","HabitNuWebAppSuite","1. Core and Authentication","WebAppSanityPackage.HomePage","WebAppSanityPackage.HomePage","testDiscussionPage","Verify the Discussion Section content and functionality",""
"passed","Fri Dec 05 21:41:00 UTC 2025","Fri Dec 05 21:41:09 UTC 2025","8090","HabitNuWebAppSuite","1. Core and Authentication","WebAppSanityPackage.GuidedTour","WebAppSanityPackage.GuidedTour","test4_registrationfilling","When user is able to enter the details in registration form",""
"passed","Fri Dec 05 21:58:32 UTC 2025","Fri Dec 05 21:58:34 UTC 2025","2379","HabitNuWebAppSuite","3. Nutrition and Recipes","WebAppSanityPackage.waterLog","WebAppSanityPackage.waterLog","case7","Custom Water Log",""
"passed","Fri Dec 05 21:58:34 UTC 2025","Fri Dec 05 21:58:35 UTC 2025","1174","HabitNuWebAppSuite","3. Nutrition and Recipes","WebAppSanityPackage.waterLog","WebAppSanityPackage.waterLog","case8","Custom again Water Log",""
"passed","Fri Dec 05 22:10:43 UTC 2025","Fri Dec 05 22:10:56 UTC 2025","12711","HabitNuWebAppSuite","3. Nutrition and Recipes","WebAppSanityPackage.WebAppClass","WebAppSanityPackage.WebAppClass","case1","Click on add food and add the food - Breakfast",""
"passed","Fri Dec 05 22:09:13 UTC 2025","Fri Dec 05 22:09:15 UTC 2025","1660","HabitNuWebAppSuite","3. Nutrition and Recipes","WebAppSanityPackage.Myrecipes","WebAppSanityPackage.Myrecipes","test9_addcustomingredient","When user is able to add custom ingredient",""
"passed","Fri Dec 05 21:45:33 UTC 2025","Fri Dec 05 21:45:33 UTC 2025","355","HabitNuWebAppSuite","2. Health Metrics","WebAppSanityPackage.WebAppHealth_WeightSection","WebAppSanityPackage.WebAppHealth_WeightSection","editTargetWithGreaterThan99","edit -  enter target more than 999 and assert messages",""
"passed","Fri Dec 05 21:44:24 UTC 2025","Fri Dec 05 21:44:30 UTC 2025","5921","HabitNuWebAppSuite","2. Health Metrics","WebAppSanityPackage.Sugar_Section","WebAppSanityPackage.Sugar_Section","case10","verify added today data in Blood Sugar section as After Meal",""
"passed","Fri Dec 05 21:39:44 UTC 2025","Fri Dec 05 21:39:44 UTC 2025","214","HabitNuWebAppSuite","1. Core and Authentication","WebAppSanityPackage.ProfileAppClass","WebAppSanityPackage.ProfileAppClass","case64","Upload the file only and submit",""
"passed","Fri Dec 05 22:14:37 UTC 2025","Fri Dec 05 22:14:40 UTC 2025","3309","HabitNuWebAppSuite","4. Lifestyle and Social","WebAppSanityPackage.HabitsAppClass","WebAppSanityPackage.HabitsAppClass","case16","Click on Back button and go back to Habits list",""
"passed","Fri Dec 05 21:45:29 UTC 2025","Fri Dec 05 21:45:30 UTC 2025","528","HabitNuWebAppSuite","2. Health Metrics","WebAppSanityPackage.WebAppHealth_WeightSection","WebAppSanityPackage.WebAppHealth_WeightSection","setTargetMoreThan99","enter target more than 999 and assert messages",""
"passed","Fri Dec 05 22:12:09 UTC 2025","Fri Dec 05 22:12:10 UTC 2025","1808","HabitNuWebAppSuite","3. Nutrition and Recipes","WebAppSanityPackage.WebAppClass","WebAppSanityPackage.WebAppClass","case23","Deleting the Food from Frequent section",""
"passed","Fri Dec 05 21:42:34 UTC 2025","Fri Dec 05 21:42:36 UTC 2025","1356","HabitNuWebAppSuite","2. Health Metrics","WebAppSanityPackage.BloodPressure_Section","WebAppSanityPackage.BloodPressure_Section","case8_setValidTarget","[MAIN CARD] Verify successful setting of valid blood pressure target values via Set Target button",""
"passed","Fri Dec 05 21:45:12 UTC 2025","Fri Dec 05 21:45:13 UTC 2025","277","HabitNuWebAppSuite","2. Health Metrics","WebAppSanityPackage.Sugar_Section","WebAppSanityPackage.Sugar_Section","case17","verify blank data in Blood Sugar section Fasting",""
"passed","Fri Dec 05 21:44:01 UTC 2025","Fri Dec 05 21:44:02 UTC 2025","851","HabitNuWebAppSuite","2. Health Metrics","WebAppSanityPackage.Sugar_Section","WebAppSanityPackage.Sugar_Section","case6","Click on Blood Sugar , click on add new button and add Blood Sugar Before Meal for current  year , current date -1 ",""
"passed","Fri Dec 05 22:07:42 UTC 2025","Fri Dec 05 22:07:44 UTC 2025","1285","HabitNuWebAppSuite","3. Nutrition and Recipes","WebAppSanityPackage.recipeBuilder","WebAppSanityPackage.recipeBuilder","searchForRecipe","Verify recipe loads upon searching and validate them",""
"passed","Fri Dec 05 21:36:19 UTC 2025","Fri Dec 05 21:36:19 UTC 2025","115","HabitNuWebAppSuite","1. Core and Authentication","WebAppSanityPackage.HomePage","WebAppSanityPackage.HomePage","testThisWeekProgressCards","Verify 'This Week' progress cards are displayed with correct data",""
"passed","Fri Dec 05 22:10:27 UTC 2025","Fri Dec 05 22:10:41 UTC 2025","13994","HabitNuWebAppSuite","3. Nutrition and Recipes","WebAppSanityPackage.Myrecipes","WebAppSanityPackage.Myrecipes","test19_deleteallrecipes","Then user is able to delete all the recipes and validate no custom recipes",""
"passed","Fri Dec 05 21:49:38 UTC 2025","Fri Dec 05 21:49:39 UTC 2025","566","HabitNuWebAppSuite","2. Health Metrics","WebAppSanityPackage.Medication","WebAppSanityPackage.Medication","case24","Coach- Users- Medication- Creating new Medications details like selecting Dosage",""
"passed","Fri Dec 05 22:17:27 UTC 2025","Fri Dec 05 22:17:30 UTC 2025","3502","HabitNuWebAppSuite","4. Lifestyle and Social","WebAppSanityPackage.Weights_lbs_Kgs","WebAppSanityPackage.Weights_lbs_Kgs","case3","Health section weights match selected unit",""
"passed","Fri Dec 05 22:17:20 UTC 2025","Fri Dec 05 22:17:25 UTC 2025","4621","HabitNuWebAppSuite","4. Lifestyle and Social","WebAppSanityPackage.Weights_lbs_Kgs","WebAppSanityPackage.Weights_lbs_Kgs","case1","Set Targets with Unit Toggle and store selected unit",""
"passed","Fri Dec 05 22:14:30 UTC 2025","Fri Dec 05 22:14:31 UTC 2025","256","HabitNuWebAppSuite","4. Lifestyle and Social","WebAppSanityPackage.HabitsAppClass","WebAppSanityPackage.HabitsAppClass","case11","Click on Calender and close it without making changes",""
"passed","Fri Dec 05 22:13:50 UTC 2025","Fri Dec 05 22:14:00 UTC 2025","10213","HabitNuWebAppSuite","4. Lifestyle and Social","WebAppSanityPackage.HabitsAppClass","WebAppSanityPackage.HabitsAppClass","case4","click on forward arrowmark it should take you to current week",""
"broken","Fri Dec 05 21:40:31 UTC 2025","Fri Dec 05 21:40:33 UTC 2025","2491","HabitNuWebAppSuite","1. Core and Authentication","WebAppSanityPackage.ProfileAppClass","WebAppSanityPackage.ProfileAppClass","case77","Click on delete file and cancel it",""
"passed","Fri Dec 05 22:08:58 UTC 2025","Fri Dec 05 22:08:59 UTC 2025","999","HabitNuWebAppSuite","3. Nutrition and Recipes","WebAppSanityPackage.Myrecipes","WebAppSanityPackage.Myrecipes","test2_clickonMyRecipes","When user Click on My Recipe",""
"passed","Fri Dec 05 21:58:15 UTC 2025","Fri Dec 05 21:58:23 UTC 2025","7931","HabitNuWebAppSuite","3. Nutrition and Recipes","WebAppSanityPackage.waterLog","WebAppSanityPackage.waterLog","case1","Main Page",""
"broken","Fri Dec 05 22:06:29 UTC 2025","Fri Dec 05 22:07:05 UTC 2025","36084","HabitNuWebAppSuite","3. Nutrition and Recipes","WebAppSanityPackage.habiRecipe","WebAppSanityPackage.habiRecipe","case35_RegenerateSelectedRecipe","Selecting the Generated Recipe and Regenrating it",""
"passed","Fri Dec 05 21:47:14 UTC 2025","Fri Dec 05 21:47:19 UTC 2025","4874","HabitNuWebAppSuite","2. Health Metrics","WebAppSanityPackage.Hba1c","WebAppSanityPackage.Hba1c","case5","add yesterday's hba1c n it should show last added data",""
"passed","Fri Dec 05 21:45:28 UTC 2025","Fri Dec 05 21:45:29 UTC 2025","953","HabitNuWebAppSuite","2. Health Metrics","WebAppSanityPackage.WebAppHealth_WeightSection","WebAppSanityPackage.WebAppHealth_WeightSection","placeHolderOfTobaccoCountValueInputBox","verify placeholder - weight ",""
"passed","Fri Dec 05 21:43:25 UTC 2025","Fri Dec 05 21:43:26 UTC 2025","891","HabitNuWebAppSuite","2. Health Metrics","WebAppSanityPackage.Sugar_Section","WebAppSanityPackage.Sugar_Section","editTargetWithGreaterThan999","edit -  enter High target more than 999 and assert messages",""
"passed","Fri Dec 05 21:47:19 UTC 2025","Fri Dec 05 21:47:19 UTC 2025","218","HabitNuWebAppSuite","2. Health Metrics","WebAppSanityPackage.Hba1c","WebAppSanityPackage.Hba1c","case6","Verify last added monthly and yesterday's data in details page in Hba1c section",""
"passed","Fri Dec 05 21:39:42 UTC 2025","Fri Dec 05 21:39:44 UTC 2025","2248","HabitNuWebAppSuite","1. Core and Authentication","WebAppSanityPackage.ProfileAppClass","WebAppSanityPackage.ProfileAppClass","case62","Click on Upload/View files section",""
"passed","Fri Dec 05 21:52:38 UTC 2025","Fri Dec 05 21:52:38 UTC 2025","142","HabitNuWebAppSuite","2. Health Metrics","WebAppSanityPackage.TobaccoSection","WebAppSanityPackage.TobaccoSection","case27","verify decimal data in Tobacco Count section",""
"passed","Fri Dec 05 22:09:15 UTC 2025","Fri Dec 05 22:09:16 UTC 2025","754","HabitNuWebAppSuite","3. Nutrition and Recipes","WebAppSanityPackage.Myrecipes","WebAppSanityPackage.Myrecipes","test11_removeingredient","And user is able to remove ingredient",""
"passed","Fri Dec 05 21:47:40 UTC 2025","Fri Dec 05 21:47:41 UTC 2025","1360","HabitNuWebAppSuite","2. Health Metrics","WebAppSanityPackage.Hba1c","WebAppSanityPackage.Hba1c","case12","verify deleting of hba1c datas",""
"passed","Fri Dec 05 22:14:52 UTC 2025","Fri Dec 05 22:15:02 UTC 2025","10275","HabitNuWebAppSuite","4. Lifestyle and Social","WebAppSanityPackage.HabitsAppClass","WebAppSanityPackage.HabitsAppClass","case19","Click on Add button it should take to create the habit page and create the habit using flexible days",""
"passed","Fri Dec 05 21:34:57 UTC 2025","Fri Dec 05 21:34:58 UTC 2025","506","HabitNuWebAppSuite","1. Core and Authentication","WebAppSanityPackage.Login","WebAppSanityPackage.Login","testLoginWithInvalidEmailFormat","Verify error for an invalid email format",""
"passed","Fri Dec 05 21:39:41 UTC 2025","Fri Dec 05 21:39:41 UTC 2025","216","HabitNuWebAppSuite","1. Core and Authentication","WebAppSanityPackage.ProfileAppClass","WebAppSanityPackage.ProfileAppClass","case56","Click on close without editting Health parameters",""
"passed","Fri Dec 05 21:39:19 UTC 2025","Fri Dec 05 21:39:19 UTC 2025","488","HabitNuWebAppSuite","1. Core and Authentication","WebAppSanityPackage.ProfileAppClass","WebAppSanityPackage.ProfileAppClass","keepZipcodevalidAndSaveforminus","Keep Zipcode with valid numbers and save → Should show validation error for missing '-' ",""
"passed","Fri Dec 05 21:58:49 UTC 2025","Fri Dec 05 21:59:00 UTC 2025","10930","HabitNuWebAppSuite","3. Nutrition and Recipes","WebAppSanityPackage.waterLog","WebAppSanityPackage.waterLog","case18","Validate setting reminders and verifying active time slots",""
"passed","Fri Dec 05 21:35:35 UTC 2025","Fri Dec 05 21:35:36 UTC 2025","973","HabitNuWebAppSuite","1. Core and Authentication","WebAppSanityPackage.Login","WebAppSanityPackage.Login","testForgotPasswordWithInvalidEmail","Verify forgot password with invalid/unregistered email",""
"broken","Fri Dec 05 21:57:29 UTC 2025","Fri Dec 05 21:57:39 UTC 2025","10233","HabitNuWebAppSuite","3. Nutrition and Recipes","WebAppSanityPackage.foodGrouping","WebAppSanityPackage.foodGrouping","case22","editing 'My Meal' from existing group, delete items, then cancel",""
"passed","Fri Dec 05 22:09:15 UTC 2025","Fri Dec 05 22:09:15 UTC 2025","241","HabitNuWebAppSuite","3. Nutrition and Recipes","WebAppSanityPackage.Myrecipes","WebAppSanityPackage.Myrecipes","test10_validatetotalcalories","And user is able to validate total calories & Detailed nutrients",""
"passed","Fri Dec 05 21:39:14 UTC 2025","Fri Dec 05 21:39:15 UTC 2025","338","HabitNuWebAppSuite","1. Core and Authentication","WebAppSanityPackage.ProfileAppClass","WebAppSanityPackage.ProfileAppClass","keepStateBlankAndSave","Keep State as blank and save → Should show validation error",""
"passed","Fri Dec 05 21:45:31 UTC 2025","Fri Dec 05 21:45:31 UTC 2025","230","HabitNuWebAppSuite","2. Health Metrics","WebAppSanityPackage.WebAppHealth_WeightSection","WebAppSanityPackage.WebAppHealth_WeightSection","editTargetValid","edit Target - valid",""
"skipped","Fri Dec 05 21:50:02 UTC 2025","Fri Dec 05 21:50:02 UTC 2025","1","HabitNuWebAppSuite","2. Health Metrics","WebAppSanityPackage.Medication","WebAppSanityPackage.Medication","case34","Medication Log History ",""
"passed","Fri Dec 05 22:02:50 UTC 2025","Fri Dec 05 22:02:51 UTC 2025","1249","HabitNuWebAppSuite","3. Nutrition and Recipes","WebAppSanityPackage.habiRecipe","WebAppSanityPackage.habiRecipe","case21_SelectMacronutrientRecipeFromList","Selecting the Generated Recipe and Logging It",""
"broken","Fri Dec 05 21:39:28 UTC 2025","Fri Dec 05 21:39:28 UTC 2025","232","HabitNuWebAppSuite","1. Core and Authentication","WebAppSanityPackage.ProfileAppClass","WebAppSanityPackage.ProfileAppClass","addWaistAsLettersAndValidate","Add Waist as letters → Should show validation error",""
"passed","Fri Dec 05 21:42:59 UTC 2025","Fri Dec 05 21:42:59 UTC 2025","217","HabitNuWebAppSuite","2. Health Metrics","WebAppSanityPackage.BloodPressure_Section","WebAppSanityPackage.BloodPressure_Section","case22_verifyNegativeSystolicValidation","[MODAL] Verify form validation when entering negative value in systolic field (min=0 validation) and leaving diastolic field blank",""
"passed","Fri Dec 05 21:40:41 UTC 2025","Fri Dec 05 21:40:41 UTC 2025","300","HabitNuWebAppSuite","1. Core and Authentication","WebAppSanityPackage.ProfileAppClass","WebAppSanityPackage.ProfileAppClass","case85","Click on Language Preferences section",""
"passed","Fri Dec 05 21:41:54 UTC 2025","Fri Dec 05 21:42:04 UTC 2025","10511","HabitNuWebAppSuite","1. Core and Authentication","WebAppSanityPackage.generalContentWEB","WebAppSanityPackage.generalContentWEB","case2","Fitness Videos Details",""
"broken","Fri Dec 05 21:56:56 UTC 2025","Fri Dec 05 21:57:06 UTC 2025","10236","HabitNuWebAppSuite","3. Nutrition and Recipes","WebAppSanityPackage.foodGrouping","WebAppSanityPackage.foodGrouping","case19","Create 'My Meal' from logged foods in SNACKS sections",""
"broken","Fri Dec 05 21:57:51 UTC 2025","Fri Dec 05 21:58:01 UTC 2025","10226","HabitNuWebAppSuite","3. Nutrition and Recipes","WebAppSanityPackage.foodGrouping","WebAppSanityPackage.foodGrouping","case24","Deleting a single item from 'My Meal' group",""
"passed","Fri Dec 05 21:42:44 UTC 2025","Fri Dec 05 21:42:46 UTC 2025","1307","HabitNuWebAppSuite","2. Health Metrics","WebAppSanityPackage.BloodPressure_Section","WebAppSanityPackage.BloodPressure_Section","case16_addHistoricalBloodPressureData","[MODAL] Open Blood Pressure modal and add historical data with date picker and form validation",""
"passed","Fri Dec 05 22:15:30 UTC 2025","Fri Dec 05 22:15:32 UTC 2025","1598","HabitNuWebAppSuite","4. Lifestyle and Social","WebAppSanityPackage.ChatandNotificationsClass","WebAppSanityPackage.ChatandNotificationsClass","case3","Type a message in chatbox and close the chat",""
"passed","Fri Dec 05 21:48:05 UTC 2025","Fri Dec 05 21:48:07 UTC 2025","1448","HabitNuWebAppSuite","2. Health Metrics","WebAppSanityPackage.Medication","WebAppSanityPackage.Medication","case9","Creating new Medications details like selecting add time (What time(s) do you want to take this medication?",""
"passed","Fri Dec 05 22:12:13 UTC 2025","Fri Dec 05 22:12:38 UTC 2025","24877","HabitNuWebAppSuite","3. Nutrition and Recipes","WebAppSanityPackage.WebAppClass","WebAppSanityPackage.WebAppClass","case30","Coach-Users Test Case in meals section",""
"passed","Fri Dec 05 21:40:45 UTC 2025","Fri Dec 05 21:40:47 UTC 2025","2211","HabitNuWebAppSuite","1. Core and Authentication","WebAppSanityPackage.ProfileAppClass","WebAppSanityPackage.ProfileAppClass","case88","Open Notification Preferences from Profile dropdown",""
"passed","Fri Dec 05 21:52:35 UTC 2025","Fri Dec 05 21:52:38 UTC 2025","2721","HabitNuWebAppSuite","2. Health Metrics","WebAppSanityPackage.TobaccoSection","WebAppSanityPackage.TobaccoSection","case26","edit data in tobacco section",""
"broken","Fri Dec 05 21:57:18 UTC 2025","Fri Dec 05 21:57:28 UTC 2025","10255","HabitNuWebAppSuite","3. Nutrition and Recipes","WebAppSanityPackage.foodGrouping","WebAppSanityPackage.foodGrouping","case21","editing 'My Meal' from exsiting group and adding Foods",""
"passed","Fri Dec 05 21:35:27 UTC 2025","Fri Dec 05 21:35:28 UTC 2025","1630","HabitNuWebAppSuite","1. Core and Authentication","WebAppSanityPackage.Login","WebAppSanityPackage.Login","testLoginWithInvalidOTP","Verify error message when using an invalid OTP",""
"passed","Fri Dec 05 21:40:33 UTC 2025","Fri Dec 05 21:40:34 UTC 2025","258","HabitNuWebAppSuite","1. Core and Authentication","WebAppSanityPackage.ProfileAppClass","WebAppSanityPackage.ProfileAppClass","case78","Click On change password section",""
"passed","Fri Dec 05 21:48:02 UTC 2025","Fri Dec 05 21:48:02 UTC 2025","356","HabitNuWebAppSuite","2. Health Metrics","WebAppSanityPackage.Medication","WebAppSanityPackage.Medication","case4","Creating new Medications details like selecting mg or ml.",""
"passed","Fri Dec 05 21:36:18 UTC 2025","Fri Dec 05 21:36:19 UTC 2025","337","HabitNuWebAppSuite","1. Core and Authentication","WebAppSanityPackage.HomePage","WebAppSanityPackage.HomePage","testWeightLossProgressCardData","Verify the Weight Loss Progress card displays correct data",""
"passed","Fri Dec 05 21:36:17 UTC 2025","Fri Dec 05 21:36:17 UTC 2025","305","HabitNuWebAppSuite","1. Core and Authentication","WebAppSanityPackage.HomePage","WebAppSanityPackage.HomePage","testNavigationBarLinksArePresent","Verify all main navigation links are present",""
"passed","Fri Dec 05 21:34:56 UTC 2025","Fri Dec 05 21:34:56 UTC 2025","319","HabitNuWebAppSuite","1. Core and Authentication","WebAppSanityPackage.Login","WebAppSanityPackage.Login","testLoginWithEmptyCredentials","Verify validation errors for empty email and password fields",""
"passed","Fri Dec 05 22:11:26 UTC 2025","Fri Dec 05 22:11:28 UTC 2025","1292","HabitNuWebAppSuite","3. Nutrition and Recipes","WebAppSanityPackage.WebAppClass","WebAppSanityPackage.WebAppClass","case10","Click on View Food Log, and add food - Lunch via frequent section",""
"passed","Fri Dec 05 22:17:12 UTC 2025","Fri Dec 05 22:17:13 UTC 2025","300","HabitNuWebAppSuite","4. Lifestyle and Social","WebAppSanityPackage.DiscussAppClass","WebAppSanityPackage.DiscussAppClass","case22","Post a message in my post",""
"passed","Fri Dec 05 22:11:19 UTC 2025","Fri Dec 05 22:11:19 UTC 2025","0","HabitNuWebAppSuite","3. Nutrition and Recipes","WebAppSanityPackage.WebAppClass","WebAppSanityPackage.WebAppClass","case8","Click on Add Food, go to recipes and search and add it",""
"passed","Fri Dec 05 22:17:11 UTC 2025","Fri Dec 05 22:17:11 UTC 2025","165","HabitNuWebAppSuite","4. Lifestyle and Social","WebAppSanityPackage.DiscussAppClass","WebAppSanityPackage.DiscussAppClass","case16","Add the comment ( It should add the comment)",""
"passed","Fri Dec 05 21:34:36 UTC 2025","Fri Dec 05 21:34:52 UTC 2025","15290","HabitNuWebAppSuite","1. Core and Authentication","WebAppSanityPackage.Login","WebAppSanityPackage.Login","testLogout","Verify error for a valid email with an invalid password",""
"passed","Fri Dec 05 21:50:41 UTC 2025","Fri Dec 05 21:50:44 UTC 2025","2390","HabitNuWebAppSuite","2. Health Metrics","WebAppSanityPackage.ExerciseSection","WebAppSanityPackage.ExerciseSection","case7","verify blank data in exercise section",""
"passed","Fri Dec 05 21:50:28 UTC 2025","Fri Dec 05 21:50:28 UTC 2025","222","HabitNuWebAppSuite","2. Health Metrics","WebAppSanityPackage.ExerciseSection","WebAppSanityPackage.ExerciseSection","case3","Verify No data added for last 30 days",""
"passed","Fri Dec 05 21:43:00 UTC 2025","Fri Dec 05 21:43:01 UTC 2025","295","HabitNuWebAppSuite","2. Health Metrics","WebAppSanityPackage.BloodPressure_Section","WebAppSanityPackage.BloodPressure_Section","case27_verifyNegativeDiastolicInputValidation","[MODAL] Verify negative diastolic input validation in form (alternative test scenario)",""
"passed","Fri Dec 05 22:09:16 UTC 2025","Fri Dec 05 22:09:18 UTC 2025","2007","HabitNuWebAppSuite","3. Nutrition and Recipes","WebAppSanityPackage.Myrecipes","WebAppSanityPackage.Myrecipes","test13_addremovefavorite","And user is able to add &vremove the favorite recipes",""
"passed","Fri Dec 05 22:10:56 UTC 2025","Fri Dec 05 22:11:00 UTC 2025","4797","HabitNuWebAppSuite","3. Nutrition and Recipes","WebAppSanityPackage.WebAppClass","WebAppSanityPackage.WebAppClass","case2","Click on add food and add the food - Lunch",""
"passed","Fri Dec 05 22:08:59 UTC 2025","Fri Dec 05 22:08:59 UTC 2025","234","HabitNuWebAppSuite","3. Nutrition and Recipes","WebAppSanityPackage.Myrecipes","WebAppSanityPackage.Myrecipes","test3_NavigaetoMyRecipes","User is able to navigate to My Recipe page",""
"passed","Fri Dec 05 21:39:19 UTC 2025","Fri Dec 05 21:39:19 UTC 2025","215","HabitNuWebAppSuite","1. Core and Authentication","WebAppSanityPackage.ProfileAppClass","WebAppSanityPackage.ProfileAppClass","keepZipcode4digitsAndSave","Keep Zipcode with 4 numbers and save → Should show validation error",""
"passed","Fri Dec 05 21:42:39 UTC 2025","Fri Dec 05 21:42:39 UTC 2025","350","HabitNuWebAppSuite","2. Health Metrics","WebAppSanityPackage.BloodPressure_Section","WebAppSanityPackage.BloodPressure_Section","case12_editTargetWithGreaterThan250","[MAIN CARD] Verify target edit validation error when entering systolic value greater than 250",""
"passed","Fri Dec 05 21:44:56 UTC 2025","Fri Dec 05 21:45:08 UTC 2025","11421","HabitNuWebAppSuite","2. Health Metrics","WebAppSanityPackage.Sugar_Section","WebAppSanityPackage.Sugar_Section","case15","verify last added monthly and yesterday's data in details page in Blood Sugar section",""
"passed","Fri Dec 05 21:59:22 UTC 2025","Fri Dec 05 21:59:46 UTC 2025","24401","HabitNuWebAppSuite","3. Nutrition and Recipes","WebAppSanityPackage.habiRecipe","WebAppSanityPackage.habiRecipe","case3_GenerateNewRecipe","Generate Recipe",""
"passed","Fri Dec 05 21:39:28 UTC 2025","Fri Dec 05 21:39:30 UTC 2025","1378","HabitNuWebAppSuite","1. Core and Authentication","WebAppSanityPackage.ProfileAppClass","WebAppSanityPackage.ProfileAppClass","case44","Keep Waist (in inches) as blank and save",""
"passed","Fri Dec 05 21:39:47 UTC 2025","Fri Dec 05 21:39:50 UTC 2025","2539","HabitNuWebAppSuite","1. Core and Authentication","WebAppSanityPackage.ProfileAppClass","WebAppSanityPackage.ProfileAppClass","case66","Upload a file more than 15 MB",""
"passed","Fri Dec 05 21:51:37 UTC 2025","Fri Dec 05 21:51:38 UTC 2025","975","HabitNuWebAppSuite","2. Health Metrics","WebAppSanityPackage.TobaccoSection","WebAppSanityPackage.TobaccoSection","case14","verify added today data in tobacco section ",""
"passed","Fri Dec 05 22:12:13 UTC 2025","Fri Dec 05 22:12:13 UTC 2025","9","HabitNuWebAppSuite","3. Nutrition and Recipes","WebAppSanityPackage.WebAppClass","WebAppSanityPackage.WebAppClass","Case_28check_the_link_in_log","Checking the nutritional details pop-up",""
"passed","Fri Dec 05 21:41:30 UTC 2025","Fri Dec 05 21:41:31 UTC 2025","1108","HabitNuWebAppSuite","1. Core and Authentication","WebAppSanityPackage.GuidedTour","WebAppSanityPackage.GuidedTour","test14_navigatingtourpage7","And user is navigating from sixth slide to seventh and validating",""
"passed","Fri Dec 05 22:17:34 UTC 2025","Fri Dec 05 22:17:36 UTC 2025","1475","HabitNuWebAppSuite","4. Lifestyle and Social","WebAppSanityPackage.Weights_lbs_Kgs","WebAppSanityPackage.Weights_lbs_Kgs","case10","Health section weights match selected unit",""
"passed","Fri Dec 05 21:43:13 UTC 2025","Fri Dec 05 21:43:13 UTC 2025","198","HabitNuWebAppSuite","2. Health Metrics","WebAppSanityPackage.Sugar_Section","WebAppSanityPackage.Sugar_Section","placeHolderOfBPCountValueInputBox","verify placeholder - High and Low ",""
"passed","Fri Dec 05 22:16:32 UTC 2025","Fri Dec 05 22:16:37 UTC 2025","5351","HabitNuWebAppSuite","4. Lifestyle and Social","WebAppSanityPackage.DiscussAppClass","WebAppSanityPackage.DiscussAppClass","case1","Post a message with subject and description (should allow posting)",""
"passed","Fri Dec 05 21:51:26 UTC 2025","Fri Dec 05 21:51:32 UTC 2025","5635","HabitNuWebAppSuite","2. Health Metrics","WebAppSanityPackage.TobaccoSection","WebAppSanityPackage.TobaccoSection","case12","Click on Health tab and verify 'No data recorded yet' in Tobacco section",""
"passed","Fri Dec 05 22:17:18 UTC 2025","Fri Dec 05 22:17:18 UTC 2025","392","HabitNuWebAppSuite","4. Lifestyle and Social","WebAppSanityPackage.DiscussAppClass","WebAppSanityPackage.DiscussAppClass","case35","Click on Replay ( It will display all the recorded meetings)",""
"passed","Fri Dec 05 21:51:40 UTC 2025","Fri Dec 05 21:51:42 UTC 2025","2453","HabitNuWebAppSuite","2. Health Metrics","WebAppSanityPackage.TobaccoSection","WebAppSanityPackage.TobaccoSection","case16_graphcase2","Load web app -> Click on Health section -> Weight section -> click on three lines -> Click on graph -> click on filter as last month",""
"passed","Fri Dec 05 22:07:59 UTC 2025","Fri Dec 05 22:08:03 UTC 2025","3697","HabitNuWebAppSuite","3. Nutrition and Recipes","WebAppSanityPackage.recipeBuilder","WebAppSanityPackage.recipeBuilder","verifyFavoriteRecipesByRecipeCal","verify favorite food list under Food > by Recipe Calories",""
"passed","Fri Dec 05 21:47:51 UTC 2025","Fri Dec 05 21:47:52 UTC 2025","355","HabitNuWebAppSuite","2. Health Metrics","WebAppSanityPackage.Hba1c","WebAppSanityPackage.Hba1c","editTargetWithNegatives","edit -  negative target values and assert messages",""
"broken","Fri Dec 05 21:52:05 UTC 2025","Fri Dec 05 21:52:09 UTC 2025","4129","HabitNuWebAppSuite","2. Health Metrics","WebAppSanityPackage.TobaccoSection","WebAppSanityPackage.TobaccoSection","case21","add yesterday's tobacco n it should show last added data",""
"broken","Fri Dec 05 21:57:40 UTC 2025","Fri Dec 05 21:57:50 UTC 2025","10232","HabitNuWebAppSuite","3. Nutrition and Recipes","WebAppSanityPackage.foodGrouping","WebAppSanityPackage.foodGrouping","case23","Editing 'My Meal' from existing group, updating all items' quantity in the group",""
"passed","Fri Dec 05 21:51:17 UTC 2025","Fri Dec 05 21:51:18 UTC 2025","279","HabitNuWebAppSuite","2. Health Metrics","WebAppSanityPackage.TobaccoSection","WebAppSanityPackage.TobaccoSection","case7_setValidTarget","enter valid Target",""
"passed","Fri Dec 05 21:45:08 UTC 2025","Fri Dec 05 21:45:12 UTC 2025","4822","HabitNuWebAppSuite","2. Health Metrics","WebAppSanityPackage.Sugar_Section","WebAppSanityPackage.Sugar_Section","case16","verify blank data in Blood Sugar section before meal",""
"passed","Fri Dec 05 21:36:17 UTC 2025","Fri Dec 05 21:36:17 UTC 2025","80","HabitNuWebAppSuite","1. Core and Authentication","WebAppSanityPackage.HomePage","WebAppSanityPackage.HomePage","testNotificationBadgeCount","Verify the notification badge count if it exists",""
"passed","Fri Dec 05 21:35:18 UTC 2025","Fri Dec 05 21:35:19 UTC 2025","1261","HabitNuWebAppSuite","1. Core and Authentication","WebAppSanityPackage.Login","WebAppSanityPackage.Login","testPasswordVisibilityToggle","Verify password visibility toggle",""
"passed","Fri Dec 05 21:38:03 UTC 2025","Fri Dec 05 21:38:09 UTC 2025","6311","HabitNuWebAppSuite","1. Core and Authentication","WebAppSanityPackage.ProfileAppClass","WebAppSanityPackage.ProfileAppClass","openProfileDropdown","Click profile picture dropdown (should display dropdown options)",""
"passed","Fri Dec 05 21:44:03 UTC 2025","Fri Dec 05 21:44:13 UTC 2025","10766","HabitNuWebAppSuite","2. Health Metrics","WebAppSanityPackage.Sugar_Section","WebAppSanityPackage.Sugar_Section","case8","Verify No data added for last 30 days",""
"passed","Fri Dec 05 21:46:09 UTC 2025","Fri Dec 05 21:46:10 UTC 2025","672","HabitNuWebAppSuite","2. Health Metrics","WebAppSanityPackage.WebAppHealth_WeightSection","WebAppSanityPackage.WebAppHealth_WeightSection","case12","Add data as double weight",""
"passed","Fri Dec 05 22:07:44 UTC 2025","Fri Dec 05 22:07:45 UTC 2025","1427","HabitNuWebAppSuite","3. Nutrition and Recipes","WebAppSanityPackage.recipeBuilder","WebAppSanityPackage.recipeBuilder","validateRecipeCardElements","Verify recipe card elements",""
"passed","Fri Dec 05 22:02:42 UTC 2025","Fri Dec 05 22:02:50 UTC 2025","8027","HabitNuWebAppSuite","3. Nutrition and Recipes","WebAppSanityPackage.habiRecipe","WebAppSanityPackage.habiRecipe","case20_LogMacronutrientRecipe","Selecting the  Generated Recipe of Macronutrient considerations and Logging It",""
"passed","Fri Dec 05 21:43:15 UTC 2025","Fri Dec 05 21:43:16 UTC 2025","274","HabitNuWebAppSuite","2. Health Metrics","WebAppSanityPackage.Sugar_Section","WebAppSanityPackage.Sugar_Section","setValidTarget","enter valid Target",""
"passed","Fri Dec 05 22:11:12 UTC 2025","Fri Dec 05 22:11:13 UTC 2025","972","HabitNuWebAppSuite","3. Nutrition and Recipes","WebAppSanityPackage.WebAppClass","WebAppSanityPackage.WebAppClass","case6","Click on Add food, Go to frequent section check whether the same food is listed",""
"passed","Fri Dec 05 21:40:34 UTC 2025","Fri Dec 05 21:40:34 UTC 2025","220","HabitNuWebAppSuite","1. Core and Authentication","WebAppSanityPackage.ProfileAppClass","WebAppSanityPackage.ProfileAppClass","case79","Click directly on Change Password without entering any data",""
"passed","Fri Dec 05 22:07:42 UTC 2025","Fri Dec 05 22:07:42 UTC 2025","401","HabitNuWebAppSuite","3. Nutrition and Recipes","WebAppSanityPackage.recipeBuilder","WebAppSanityPackage.recipeBuilder","clickOnRecipeAndValidateRecipeFieldPage","Verify recipe page fields",""
"passed","Fri Dec 05 22:11:00 UTC 2025","Fri Dec 05 22:11:07 UTC 2025","6355","HabitNuWebAppSuite","3. Nutrition and Recipes","WebAppSanityPackage.WebAppClass","WebAppSanityPackage.WebAppClass","case3","Click on add food and add the food - Dinner",""
"broken","Fri Dec 05 21:46:11 UTC 2025","Fri Dec 05 21:46:13 UTC 2025","1262","HabitNuWebAppSuite","2. Health Metrics","WebAppSanityPackage.WebAppHealth_WeightSection","WebAppSanityPackage.WebAppHealth_WeightSection","graphcase2","Load web app -> Click on Health section -> Weight section -> click on three lines -> Click on graph -> click on filter as last month",""
"passed","Fri Dec 05 21:39:06 UTC 2025","Fri Dec 05 21:39:06 UTC 2025","185","HabitNuWebAppSuite","1. Core and Authentication","WebAppSanityPackage.ProfileAppClass","WebAppSanityPackage.ProfileAppClass","addInvalidShortPhoneNumber","Add numbers less than 10 digits → Should show error",""
"passed","Fri Dec 05 21:49:37 UTC 2025","Fri Dec 05 21:49:37 UTC 2025","171","HabitNuWebAppSuite","2. Health Metrics","WebAppSanityPackage.Medication","WebAppSanityPackage.Medication","case21","Adding Strength",""
"broken","Fri Dec 05 21:56:45 UTC 2025","Fri Dec 05 21:56:55 UTC 2025","10226","HabitNuWebAppSuite","3. Nutrition and Recipes","WebAppSanityPackage.foodGrouping","WebAppSanityPackage.foodGrouping","case18","Create 'My Meal' from logged foods in DINNER sections",""
"passed","Fri Dec 05 21:51:16 UTC 2025","Fri Dec 05 21:51:17 UTC 2025","329","HabitNuWebAppSuite","2. Health Metrics","WebAppSanityPackage.TobaccoSection","WebAppSanityPackage.TobaccoSection","case3_ditTargetWithBlankValue","edit -  tobacco cannot be blank",""
"passed","Fri Dec 05 22:11:12 UTC 2025","Fri Dec 05 22:11:12 UTC 2025","372","HabitNuWebAppSuite","3. Nutrition and Recipes","WebAppSanityPackage.WebAppClass","WebAppSanityPackage.WebAppClass","case5","Click on Add food, Go to All section and check whether the same food is listed",""
"passed","Fri Dec 05 22:11:07 UTC 2025","Fri Dec 05 22:11:12 UTC 2025","5253","HabitNuWebAppSuite","3. Nutrition and Recipes","WebAppSanityPackage.WebAppClass","WebAppSanityPackage.WebAppClass","case4","Click on add food and add the food - Snacks",""
"passed","Fri Dec 05 21:51:16 UTC 2025","Fri Dec 05 21:51:16 UTC 2025","235","HabitNuWebAppSuite","2. Health Metrics","WebAppSanityPackage.TobaccoSection","WebAppSanityPackage.TobaccoSection","case2_setTarget","enter target values and do click on 'x' mark and do not save",""
"passed","Fri Dec 05 22:11:57 UTC 2025","Fri Dec 05 22:12:00 UTC 2025","2713","HabitNuWebAppSuite","3. Nutrition and Recipes","WebAppSanityPackage.WebAppClass","WebAppSanityPackage.WebAppClass","case19","Add/Edit Food - without optional fields (Should successfully update and show the updated values)",""
"passed","Fri Dec 05 21:46:05 UTC 2025","Fri Dec 05 21:46:05 UTC 2025","175","HabitNuWebAppSuite","2. Health Metrics","WebAppSanityPackage.WebAppHealth_WeightSection","WebAppSanityPackage.WebAppHealth_WeightSection","case10","Add data as 1000 weight",""
"passed","Fri Dec 05 22:17:11 UTC 2025","Fri Dec 05 22:17:11 UTC 2025","323","HabitNuWebAppSuite","4. Lifestyle and Social","WebAppSanityPackage.DiscussAppClass","WebAppSanityPackage.DiscussAppClass","case15","Add the comment ( It should add the comment)",""
"passed","Fri Dec 05 22:12:13 UTC 2025","Fri Dec 05 22:12:13 UTC 2025","141","HabitNuWebAppSuite","3. Nutrition and Recipes","WebAppSanityPackage.WebAppClass","WebAppSanityPackage.WebAppClass","case26","Collecting data from food section-Carbs",""
"passed","Fri Dec 05 21:47:41 UTC 2025","Fri Dec 05 21:47:42 UTC 2025","82","HabitNuWebAppSuite","2. Health Metrics","WebAppSanityPackage.Hba1c","WebAppSanityPackage.Hba1c","noTargetSet","verify no target case",""
"passed","Fri Dec 05 21:58:44 UTC 2025","Fri Dec 05 21:58:44 UTC 2025","738","HabitNuWebAppSuite","3. Nutrition and Recipes","WebAppSanityPackage.waterLog","WebAppSanityPackage.waterLog","case14","473 ml Water Log",""
"passed","Fri Dec 05 22:09:12 UTC 2025","Fri Dec 05 22:09:13 UTC 2025","570","HabitNuWebAppSuite","3. Nutrition and Recipes","WebAppSanityPackage.Myrecipes","WebAppSanityPackage.Myrecipes","test7_toastvalidation","And user is able to validate added ingredient toast message",""
"passed","Fri Dec 05 21:34:53 UTC 2025","Fri Dec 05 21:34:54 UTC 2025","1496","HabitNuWebAppSuite","1. Core and Authentication","WebAppSanityPackage.Login","WebAppSanityPackage.Login","testLoginWithInvalidPassword","Verify error for a valid email with an invalid password",""
"passed","Fri Dec 05 22:04:52 UTC 2025","Fri Dec 05 22:05:00 UTC 2025","8034","HabitNuWebAppSuite","3. Nutrition and Recipes","WebAppSanityPackage.habiRecipe","WebAppSanityPackage.habiRecipe","case28_LogLocalFoodRecipe","Selecting the  Generated Recipe of Local food preferences and Logging It",""
"passed","Fri Dec 05 21:47:44 UTC 2025","Fri Dec 05 21:47:47 UTC 2025","3281","HabitNuWebAppSuite","2. Health Metrics","WebAppSanityPackage.Hba1c","WebAppSanityPackage.Hba1c","editTargetWithBlankValue","edit -  HbA1c cannot be blank",""
"passed","Fri Dec 05 22:07:52 UTC 2025","Fri Dec 05 22:07:53 UTC 2025","628","HabitNuWebAppSuite","3. Nutrition and Recipes","WebAppSanityPackage.recipeBuilder","WebAppSanityPackage.recipeBuilder","ClickViewFullRecipeToViewFullRecipe","verify 'View Full Recipe' recipe button",""
"passed","Fri Dec 05 21:47:47 UTC 2025","Fri Dec 05 21:47:48 UTC 2025","192","HabitNuWebAppSuite","2. Health Metrics","WebAppSanityPackage.Hba1c","WebAppSanityPackage.Hba1c","setValidTarget","enter valid Target",""
"passed","Fri Dec 05 22:02:18 UTC 2025","Fri Dec 05 22:02:42 UTC 2025","23926","HabitNuWebAppSuite","3. Nutrition and Recipes","WebAppSanityPackage.habiRecipe","WebAppSanityPackage.habiRecipe","case19_GenerateRecipeForMacronutrients","Generate New Recipe for Macronutrient considerations",""
"passed","Fri Dec 05 21:47:11 UTC 2025","Fri Dec 05 21:47:14 UTC 2025","2781","HabitNuWebAppSuite","2. Health Metrics","WebAppSanityPackage.Hba1c","WebAppSanityPackage.Hba1c","case4","verify added today data in hba1c section ",""
"passed","Fri Dec 05 21:44:33 UTC 2025","Fri Dec 05 21:44:34 UTC 2025","1382","HabitNuWebAppSuite","2. Health Metrics","WebAppSanityPackage.Sugar_Section","WebAppSanityPackage.Sugar_Section","case12","add yesterday's Blood Sugar n it should show last added data Fasting",""
"passed","Fri Dec 05 21:47:47 UTC 2025","Fri Dec 05 21:47:47 UTC 2025","220","HabitNuWebAppSuite","2. Health Metrics","WebAppSanityPackage.Hba1c","WebAppSanityPackage.Hba1c","setTargetMoreThan99","enter target more than 14 and assert messages",""
"passed","Fri Dec 05 21:39:32 UTC 2025","Fri Dec 05 21:39:33 UTC 2025","1467","HabitNuWebAppSuite","1. Core and Authentication","WebAppSanityPackage.ProfileAppClass","WebAppSanityPackage.ProfileAppClass","case47","Add Waist (in inches) as valid number and save",""
"broken","Fri Dec 05 21:47:43 UTC 2025","Fri Dec 05 21:47:44 UTC 2025","1214","HabitNuWebAppSuite","2. Health Metrics","WebAppSanityPackage.Hba1c","WebAppSanityPackage.Hba1c","setNegativeTarget","enter negative target values and assert messages",""
"passed","Fri Dec 05 22:02:58 UTC 2025","Fri Dec 05 22:03:46 UTC 2025","47340","HabitNuWebAppSuite","3. Nutrition and Recipes","WebAppSanityPackage.habiRecipe","WebAppSanityPackage.habiRecipe","case23_GenerateRecipeForMicronutrients","Generate New Recipe for Micronutrient considerations",""
"passed","Fri Dec 05 21:39:11 UTC 2025","Fri Dec 05 21:39:12 UTC 2025","1407","HabitNuWebAppSuite","1. Core and Authentication","WebAppSanityPackage.ProfileAppClass","WebAppSanityPackage.ProfileAppClass","editAddressLine2AndSave","Edit Address line 2 and save",""
"passed","Fri Dec 05 21:39:44 UTC 2025","Fri Dec 05 21:39:47 UTC 2025","2583","HabitNuWebAppSuite","1. Core and Authentication","WebAppSanityPackage.ProfileAppClass","WebAppSanityPackage.ProfileAppClass","case65","Upload the name only and submit",""
"passed","Fri Dec 05 21:47:54 UTC 2025","Fri Dec 05 21:47:59 UTC 2025","4689","HabitNuWebAppSuite","2. Health Metrics","WebAppSanityPackage.Medication","WebAppSanityPackage.Medication","case1","Main Page - Navigate to Medications Section",""
"passed","Fri Dec 05 21:59:56 UTC 2025","Fri Dec 05 22:00:28 UTC 2025","32173","HabitNuWebAppSuite","3. Nutrition and Recipes","WebAppSanityPackage.habiRecipe","WebAppSanityPackage.habiRecipe","case7_GenerateRecipeForDietaryRestrictions","Generate New Recipe for Dietary restrictions",""
"passed","Fri Dec 05 21:36:17 UTC 2025","Fri Dec 05 21:36:17 UTC 2025","21","HabitNuWebAppSuite","1. Core and Authentication","WebAppSanityPackage.HomePage","WebAppSanityPackage.HomePage","testHomeIsTheActiveNavigationLink","Verify 'Home' is the active navigation link",""
"passed","Fri Dec 05 22:11:30 UTC 2025","Fri Dec 05 22:11:33 UTC 2025","3615","HabitNuWebAppSuite","3. Nutrition and Recipes","WebAppSanityPackage.WebAppClass","WebAppSanityPackage.WebAppClass","case13","Click on View Food Log, Edit a Food Item, Change Date and Save",""
"passed","Fri Dec 05 21:47:52 UTC 2025","Fri Dec 05 21:47:52 UTC 2025","411","HabitNuWebAppSuite","2. Health Metrics","WebAppSanityPackage.Hba1c","WebAppSanityPackage.Hba1c","editTargetWithGreaterThan99","edit -  enter target more than 14 and assert messages",""
"broken","Fri Dec 05 21:40:00 UTC 2025","Fri Dec 05 21:40:02 UTC 2025","2483","HabitNuWebAppSuite","1. Core and Authentication","WebAppSanityPackage.ProfileAppClass","WebAppSanityPackage.ProfileAppClass","case69","Upload file, name, type and cancel",""
"passed","Fri Dec 05 21:35:12 UTC 2025","Fri Dec 05 21:35:14 UTC 2025","1769","HabitNuWebAppSuite","1. Core and Authentication","WebAppSanityPackage.Login","WebAppSanityPackage.Login","testFieldValidationOnBlur","Verify field validations on blur",""
"passed","Fri Dec 05 22:17:25 UTC 2025","Fri Dec 05 22:17:27 UTC 2025","1866","HabitNuWebAppSuite","4. Lifestyle and Social","WebAppSanityPackage.Weights_lbs_Kgs","WebAppSanityPackage.Weights_lbs_Kgs","case2","Dashboard weights match unit selected",""
"passed","Fri Dec 05 21:40:29 UTC 2025","Fri Dec 05 21:40:31 UTC 2025","1951","HabitNuWebAppSuite","1. Core and Authentication","WebAppSanityPackage.ProfileAppClass","WebAppSanityPackage.ProfileAppClass","case76","Click on delete file and accept it",""
"passed","Fri Dec 05 21:39:33 UTC 2025","Fri Dec 05 21:39:34 UTC 2025","1287","HabitNuWebAppSuite","1. Core and Authentication","WebAppSanityPackage.ProfileAppClass","WebAppSanityPackage.ProfileAppClass","case48","Keep Hips (in inches) as blank and save",""
"broken","Fri Dec 05 21:54:44 UTC 2025","Fri Dec 05 21:55:25 UTC 2025","41151","HabitNuWebAppSuite","3. Nutrition and Recipes","WebAppSanityPackage.foodGrouping","WebAppSanityPackage.foodGrouping","case10","add Meal to Snacks",""
"passed","Fri Dec 05 22:14:17 UTC 2025","Fri Dec 05 22:14:19 UTC 2025","2188","HabitNuWebAppSuite","4. Lifestyle and Social","WebAppSanityPackage.HabitsAppClass","WebAppSanityPackage.HabitsAppClass","case6","Single Click on habit button and mark a green",""
"passed","Fri Dec 05 21:39:44 UTC 2025","Fri Dec 05 21:39:44 UTC 2025","268","HabitNuWebAppSuite","1. Core and Authentication","WebAppSanityPackage.ProfileAppClass","WebAppSanityPackage.ProfileAppClass","case63","Click on the Upload button",""
"passed","Fri Dec 05 21:43:00 UTC 2025","Fri Dec 05 21:43:00 UTC 2025","369","HabitNuWebAppSuite","2. Health Metrics","WebAppSanityPackage.BloodPressure_Section","WebAppSanityPackage.BloodPressure_Section","case25_verifyDiastolicMaxValueValidation","[MODAL] Verify diastolic field maximum value validation (max=200) with extremely large input",""
"passed","Fri Dec 05 22:11:29 UTC 2025","Fri Dec 05 22:11:30 UTC 2025","1049","HabitNuWebAppSuite","3. Nutrition and Recipes","WebAppSanityPackage.WebAppClass","WebAppSanityPackage.WebAppClass","case12","Click on View Food Log, and add food - Snacks",""
"passed","Fri Dec 05 21:36:17 UTC 2025","Fri Dec 05 21:36:18 UTC 2025","1097","HabitNuWebAppSuite","1. Core and Authentication","WebAppSanityPackage.HomePage","WebAppSanityPackage.HomePage","testWelcomeMessageIsDisplayed","Verify the personalized welcome message is displayed",""
"passed","Fri Dec 05 21:39:34 UTC 2025","Fri Dec 05 21:39:36 UTC 2025","1370","HabitNuWebAppSuite","1. Core and Authentication","WebAppSanityPackage.ProfileAppClass","WebAppSanityPackage.ProfileAppClass","case49","Add Hips (in inches) as 0 and save",""
"passed","Fri Dec 05 22:15:32 UTC 2025","Fri Dec 05 22:15:34 UTC 2025","2571","HabitNuWebAppSuite","4. Lifestyle and Social","WebAppSanityPackage.ChatandNotificationsClass","WebAppSanityPackage.ChatandNotificationsClass","case4","Without typing the message click on enter",""
"passed","Fri Dec 05 22:17:12 UTC 2025","Fri Dec 05 22:17:12 UTC 2025","153","HabitNuWebAppSuite","4. Lifestyle and Social","WebAppSanityPackage.DiscussAppClass","WebAppSanityPackage.DiscussAppClass","case21","Click on my posts ( it should take to my post section)",""
"broken","Fri Dec 05 21:40:48 UTC 2025","Fri Dec 05 21:40:50 UTC 2025","2188","HabitNuWebAppSuite","1. Core and Authentication","WebAppSanityPackage.ProfileAppClass","WebAppSanityPackage.ProfileAppClass","testToggleNotifications","Toggle notifications On/Off and validate state change",""
"passed","Fri Dec 05 21:51:17 UTC 2025","Fri Dec 05 21:51:17 UTC 2025","331","HabitNuWebAppSuite","2. Health Metrics","WebAppSanityPackage.TobaccoSection","WebAppSanityPackage.TobaccoSection","case5_setNegativeTarget","enter negative target values and assert messages",""
"passed","Fri Dec 05 22:05:19 UTC 2025","Fri Dec 05 22:06:21 UTC 2025","62368","HabitNuWebAppSuite","3. Nutrition and Recipes","WebAppSanityPackage.habiRecipe","WebAppSanityPackage.habiRecipe","case32_GenerateRecipeForAllPreferences","Generate New Recipe for All Recipes",""
"passed","Fri Dec 05 21:35:07 UTC 2025","Fri Dec 05 21:35:07 UTC 2025","426","HabitNuWebAppSuite","1. Core and Authentication","WebAppSanityPackage.Login","WebAppSanityPackage.Login","testLoginWithOnlyPassword","Verify error when only password is provided",""
"passed","Fri Dec 05 22:14:19 UTC 2025","Fri Dec 05 22:14:20 UTC 2025","170","HabitNuWebAppSuite","4. Lifestyle and Social","WebAppSanityPackage.HabitsAppClass","WebAppSanityPackage.HabitsAppClass","case7","Single click on habit button and mark a red",""
"passed","Fri Dec 05 21:53:21 UTC 2025","Fri Dec 05 21:53:28 UTC 2025","7314","HabitNuWebAppSuite","3. Nutrition and Recipes","WebAppSanityPackage.foodGrouping","WebAppSanityPackage.foodGrouping","case2","Create Meal in My Meals Section",""
"passed","Fri Dec 05 21:40:34 UTC 2025","Fri Dec 05 21:40:34 UTC 2025","258","HabitNuWebAppSuite","1. Core and Authentication","WebAppSanityPackage.ProfileAppClass","WebAppSanityPackage.ProfileAppClass","case80","Enter current password only and click Change Password",""
"passed","Fri Dec 05 22:14:00 UTC 2025","Fri Dec 05 22:14:17 UTC 2025","17252","HabitNuWebAppSuite","4. Lifestyle and Social","WebAppSanityPackage.HabitsAppClass","WebAppSanityPackage.HabitsAppClass","case5","Click on Add button it should take to create the habit page and create the habit",""
"passed","Fri Dec 05 22:08:18 UTC 2025","Fri Dec 05 22:08:29 UTC 2025","10747","HabitNuWebAppSuite","3. Nutrition and Recipes","WebAppSanityPackage.recipeBuilder","WebAppSanityPackage.recipeBuilder","addRecipeToFavorites","Add recipe to favorites via three-dot menu",""
"passed","Fri Dec 05 21:38:20 UTC 2025","Fri Dec 05 21:38:25 UTC 2025","5174","HabitNuWebAppSuite","1. Core and Authentication","WebAppSanityPackage.ProfileAppClass","WebAppSanityPackage.ProfileAppClass","lastNameBlankTest","Leave last name as blank → should show default name or fail gracefully",""
"passed","Fri Dec 05 21:42:04 UTC 2025","Fri Dec 05 21:42:18 UTC 2025","14114","HabitNuWebAppSuite","1. Core and Authentication","WebAppSanityPackage.generalContentWEB","WebAppSanityPackage.generalContentWEB","case3","Verify Fitness Videos Details Consistency",""
"passed","Fri Dec 05 21:48:01 UTC 2025","Fri Dec 05 21:48:02 UTC 2025","238","HabitNuWebAppSuite","2. Health Metrics","WebAppSanityPackage.Medication","WebAppSanityPackage.Medication","case3","Adding Strength",""
"passed","Fri Dec 05 22:17:15 UTC 2025","Fri Dec 05 22:17:17 UTC 2025","2377","HabitNuWebAppSuite","4. Lifestyle and Social","WebAppSanityPackage.DiscussAppClass","WebAppSanityPackage.DiscussAppClass","case24","upload a message in my post",""
"passed","Fri Dec 05 21:42:33 UTC 2025","Fri Dec 05 21:42:33 UTC 2025","180","HabitNuWebAppSuite","2. Health Metrics","WebAppSanityPackage.BloodPressure_Section","WebAppSanityPackage.BloodPressure_Section","case3_verifyPlaceholderText","[MAIN CARD] Verify Set Target modal placeholder text displays correctly for systolic and diastolic input fields",""
"broken","Fri Dec 05 21:40:05 UTC 2025","Fri Dec 05 21:40:07 UTC 2025","2468","HabitNuWebAppSuite","1. Core and Authentication","WebAppSanityPackage.ProfileAppClass","WebAppSanityPackage.ProfileAppClass","case72","Upload the file type and upload",""
"passed","Fri Dec 05 21:50:18 UTC 2025","Fri Dec 05 21:50:18 UTC 2025","196","HabitNuWebAppSuite","2. Health Metrics","WebAppSanityPackage.ExerciseSection","WebAppSanityPackage.ExerciseSection","placeHolderOfTobaccoCountValueInputBox","verify placeholder - Exercise ",""
"passed","Fri Dec 05 21:45:13 UTC 2025","Fri Dec 05 21:45:13 UTC 2025","490","HabitNuWebAppSuite","2. Health Metrics","WebAppSanityPackage.Sugar_Section","WebAppSanityPackage.Sugar_Section","case18","verify blank data in Blood Sugar section After Meal",""
"passed","Fri Dec 05 22:15:02 UTC 2025","Fri Dec 05 22:15:06 UTC 2025","3797","HabitNuWebAppSuite","4. Lifestyle and Social","WebAppSanityPackage.HabitsAppClass","WebAppSanityPackage.HabitsAppClass","case20","Single Click on habit button and mark a green",""
"broken","Fri Dec 05 21:40:02 UTC 2025","Fri Dec 05 21:40:05 UTC 2025","2447","HabitNuWebAppSuite","1. Core and Authentication","WebAppSanityPackage.ProfileAppClass","WebAppSanityPackage.ProfileAppClass","case70","Upload the name only and upload",""
"passed","Fri Dec 05 22:08:34 UTC 2025","Fri Dec 05 22:08:50 UTC 2025","15704","HabitNuWebAppSuite","3. Nutrition and Recipes","WebAppSanityPackage.recipeBuilder","WebAppSanityPackage.recipeBuilder","logRecipeFromThreeDotMenu","Log recipe from three-dot menu and then delete logs",""
"passed","Fri Dec 05 21:39:18 UTC 2025","Fri Dec 05 21:39:19 UTC 2025","440","HabitNuWebAppSuite","1. Core and Authentication","WebAppSanityPackage.ProfileAppClass","WebAppSanityPackage.ProfileAppClass","keepZipcodeBlankAndSave","Keep Zipcode blank and save → Should show validation error",""
"passed","Fri Dec 05 21:42:58 UTC 2025","Fri Dec 05 21:42:58 UTC 2025","175","HabitNuWebAppSuite","2. Health Metrics","WebAppSanityPackage.BloodPressure_Section","WebAppSanityPackage.BloodPressure_Section","case20_verifyHistoryTableDateTime","[MODAL] Verify blood pressure history table displays correct date/time entries with proper formatting",""
"passed","Fri Dec 05 21:42:40 UTC 2025","Fri Dec 05 21:42:40 UTC 2025","698","HabitNuWebAppSuite","2. Health Metrics","WebAppSanityPackage.BloodPressure_Section","WebAppSanityPackage.BloodPressure_Section","case14_editdiastolicTargetWithBlankValue","[MAIN CARD] Verify target edit validation error when clearing diastolic field (blank/empty value)",""
"passed","Fri Dec 05 21:47:28 UTC 2025","Fri Dec 05 21:47:31 UTC 2025","2506","HabitNuWebAppSuite","2. Health Metrics","WebAppSanityPackage.Hba1c","WebAppSanityPackage.Hba1c","case9","verify data should not be more than 14 in Hba1c count section",""
"passed","Fri Dec 05 21:36:19 UTC 2025","Fri Dec 05 21:36:19 UTC 2025","212","HabitNuWebAppSuite","1. Core and Authentication","WebAppSanityPackage.HomePage","WebAppSanityPackage.HomePage","testdiscussionHeaderElementsAreClickable","Verify all items in the 'Explore' section are visible and clickable in discussion Dropedown",""
"passed","Fri Dec 05 21:42:58 UTC 2025","Fri Dec 05 21:42:59 UTC 2025","468","HabitNuWebAppSuite","2. Health Metrics","WebAppSanityPackage.BloodPressure_Section","WebAppSanityPackage.BloodPressure_Section","case21_verifyRequiredFieldValidation","[MODAL] Verify required field validation when submitting form with empty systolic and diastolic inputs",""
"passed","Fri Dec 05 22:17:30 UTC 2025","Fri Dec 05 22:17:31 UTC 2025","427","HabitNuWebAppSuite","4. Lifestyle and Social","WebAppSanityPackage.Weights_lbs_Kgs","WebAppSanityPackage.Weights_lbs_Kgs","Case4","verify placeholder - weight ",""
"passed","Fri Dec 05 22:15:35 UTC 2025","Fri Dec 05 22:15:37 UTC 2025","1534","HabitNuWebAppSuite","4. Lifestyle and Social","WebAppSanityPackage.ChatandNotificationsClass","WebAppSanityPackage.ChatandNotificationsClass","case6","Click on notifications section",""
"passed","Fri Dec 05 21:52:35 UTC 2025","Fri Dec 05 21:52:35 UTC 2025","420","HabitNuWebAppSuite","2. Health Metrics","WebAppSanityPackage.TobaccoSection","WebAppSanityPackage.TobaccoSection","case25","verify data should not be more than 100000 in Tobocco count section,Systolic should not be grater than 250",""
"passed","Fri Dec 05 21:44:45 UTC 2025","Fri Dec 05 21:44:56 UTC 2025","11267","HabitNuWebAppSuite","2. Health Metrics","WebAppSanityPackage.Sugar_Section","WebAppSanityPackage.Sugar_Section","case14","add yesterday's Blood Sugar n it should show last added data Before Meal",""
"passed","Fri Dec 05 21:42:36 UTC 2025","Fri Dec 05 21:42:36 UTC 2025","377","HabitNuWebAppSuite","2. Health Metrics","WebAppSanityPackage.BloodPressure_Section","WebAppSanityPackage.BloodPressure_Section","case9_editTargetValid","[MAIN CARD] Verify successful editing of existing blood pressure target with valid values",""
"passed","Fri Dec 05 21:58:46 UTC 2025","Fri Dec 05 21:58:48 UTC 2025","2382","HabitNuWebAppSuite","3. Nutrition and Recipes","WebAppSanityPackage.waterLog","WebAppSanityPackage.waterLog","case16","946 ml Water Log",""
"passed","Fri Dec 05 21:36:19 UTC 2025","Fri Dec 05 21:36:20 UTC 2025","356","HabitNuWebAppSuite","1. Core and Authentication","WebAppSanityPackage.HomePage","WebAppSanityPackage.HomePage","testNotificationPanelContentAndFunctionality","Verify notification panel content and functionality",""
"passed","Fri Dec 05 21:43:49 UTC 2025","Fri Dec 05 21:43:50 UTC 2025","1268","HabitNuWebAppSuite","2. Health Metrics","WebAppSanityPackage.Sugar_Section","WebAppSanityPackage.Sugar_Section","case3","Click on Blood Sugar , click on add new button and add Blood Sugar Before Meal for current year current date ",""
"passed","Fri Dec 05 21:36:26 UTC 2025","Fri Dec 05 21:36:27 UTC 2025","976","HabitNuWebAppSuite","1. Core and Authentication","WebAppSanityPackage.HomePage","WebAppSanityPackage.HomePage","testHealthSection","Verify Health panel content and functionality",""
"failed","Fri Dec 05 21:37:51 UTC 2025","Fri Dec 05 21:38:01 UTC 2025","9946","HabitNuWebAppSuite","1. Core and Authentication","WebAppSanityPackage.HomePage","WebAppSanityPackage.HomePage","testWeightLossProgressCardAndValidation","Verify the progress bar updates correctly as wweights are added",""
"passed","Fri Dec 05 22:01:30 UTC 2025","Fri Dec 05 22:02:04 UTC 2025","34264","HabitNuWebAppSuite","3. Nutrition and Recipes","WebAppSanityPackage.habiRecipe","WebAppSanityPackage.habiRecipe","case15_GenerateRecipeForDietType","Generate New Recipe for diet type",""
"passed","Fri Dec 05 22:16:19 UTC 2025","Fri Dec 05 22:16:29 UTC 2025","10647","HabitNuWebAppSuite","4. Lifestyle and Social","WebAppSanityPackage.ChatandNotificationsClass","WebAppSanityPackage.ChatandNotificationsClass","case12","Click on Reminder : You have an appointment in an hour",""
"passed","Fri Dec 05 22:16:54 UTC 2025","Fri Dec 05 22:16:57 UTC 2025","3463","HabitNuWebAppSuite","4. Lifestyle and Social","WebAppSanityPackage.DiscussAppClass","WebAppSanityPackage.DiscussAppClass","case9","Upload a message with subject, description, and file over 10MB (should not allow)",""
"passed","Fri Dec 05 21:36:45 UTC 2025","Fri Dec 05 21:36:46 UTC 2025","592","HabitNuWebAppSuite","1. Core and Authentication","WebAppSanityPackage.HomePage","WebAppSanityPackage.HomePage","testMedicationPageLayout","Verify the Medication Log page layout and functionality",""
"passed","Fri Dec 05 21:40:34 UTC 2025","Fri Dec 05 21:40:35 UTC 2025","1420","HabitNuWebAppSuite","1. Core and Authentication","WebAppSanityPackage.ProfileAppClass","WebAppSanityPackage.ProfileAppClass","case81","Enter new password only and click Change Password",""
"passed","Fri Dec 05 21:50:17 UTC 2025","Fri Dec 05 21:50:18 UTC 2025","229","HabitNuWebAppSuite","2. Health Metrics","WebAppSanityPackage.ExerciseSection","WebAppSanityPackage.ExerciseSection","AsetTarget","enter target values and do click on 'x' mark and do not save",""
"broken","Fri Dec 05 22:11:43 UTC 2025","Fri Dec 05 22:11:54 UTC 2025","10612","HabitNuWebAppSuite","3. Nutrition and Recipes","WebAppSanityPackage.WebAppClass","WebAppSanityPackage.WebAppClass","case17","Edit Food - Update fields and validate changes",""
"passed","Fri Dec 05 22:14:31 UTC 2025","Fri Dec 05 22:14:33 UTC 2025","2194","HabitNuWebAppSuite","4. Lifestyle and Social","WebAppSanityPackage.HabitsAppClass","WebAppSanityPackage.HabitsAppClass","case12","Click on Archive and do not add the habit to archive",""
"passed","Fri Dec 05 21:39:19 UTC 2025","Fri Dec 05 21:39:21 UTC 2025","1392","HabitNuWebAppSuite","1. Core and Authentication","WebAppSanityPackage.ProfileAppClass","WebAppSanityPackage.ProfileAppClass","keepZipcodevalidAndSave","Keep Zipcode with valid numbers and save → Should not show error",""
"passed","Fri Dec 05 21:49:09 UTC 2025","Fri Dec 05 21:49:09 UTC 2025","264","HabitNuWebAppSuite","2. Health Metrics","WebAppSanityPackage.Medication","WebAppSanityPackage.Medication","Case17validateMedicationFieldRequired","TC: Keep the Medication field empty and save",""
"passed","Fri Dec 05 21:39:36 UTC 2025","Fri Dec 05 21:39:38 UTC 2025","1411","HabitNuWebAppSuite","1. Core and Authentication","WebAppSanityPackage.ProfileAppClass","WebAppSanityPackage.ProfileAppClass","case51","Add Hips (in inches) as valid number and save",""
"passed","Fri Dec 05 22:17:12 UTC 2025","Fri Dec 05 22:17:12 UTC 2025","91","HabitNuWebAppSuite","4. Lifestyle and Social","WebAppSanityPackage.DiscussAppClass","WebAppSanityPackage.DiscussAppClass","case20","Click on - button of members ( it should go back )",""
"passed","Fri Dec 05 22:00:49 UTC 2025","Fri Dec 05 22:01:17 UTC 2025","28245","HabitNuWebAppSuite","3. Nutrition and Recipes","WebAppSanityPackage.habiRecipe","WebAppSanityPackage.habiRecipe","case11_GenerateRecipeForFoodAllergies","Generate New Recipe for Food allergies",""
"passed","Fri Dec 05 21:39:05 UTC 2025","Fri Dec 05 21:39:06 UTC 2025","460","HabitNuWebAppSuite","1. Core and Authentication","WebAppSanityPackage.ProfileAppClass","WebAppSanityPackage.ProfileAppClass","blankContactNumberValidation","Keep contact number blank → Show validation error",""
"passed","Fri Dec 05 21:42:34 UTC 2025","Fri Dec 05 21:42:34 UTC 2025","252","HabitNuWebAppSuite","2. Health Metrics","WebAppSanityPackage.BloodPressure_Section","WebAppSanityPackage.BloodPressure_Section","case7_setDiastolicTargetMoreThan200","[MAIN CARD] Verify Set Target validation error when entering diastolic target value greater than 200",""
"passed","Fri Dec 05 21:42:39 UTC 2025","Fri Dec 05 21:42:40 UTC 2025","383","HabitNuWebAppSuite","2. Health Metrics","WebAppSanityPackage.BloodPressure_Section","WebAppSanityPackage.BloodPressure_Section","case13_editsystolicTargetWithBlankValue","[MAIN CARD] Verify target edit validation error when clearing systolic field (blank/empty value)",""
"passed","Fri Dec 05 21:40:50 UTC 2025","Fri Dec 05 21:40:51 UTC 2025","1319","HabitNuWebAppSuite","1. Core and Authentication","WebAppSanityPackage.ProfileAppClass","WebAppSanityPackage.ProfileAppClass","case90","Click on Manage Devices and validate connected devices",""
"passed","Fri Dec 05 22:12:02 UTC 2025","Fri Dec 05 22:12:05 UTC 2025","3551","HabitNuWebAppSuite","3. Nutrition and Recipes","WebAppSanityPackage.WebAppClass","WebAppSanityPackage.WebAppClass","case21","Add/Edit food with decimal value (Should allow decimals)",""
"broken","Fri Dec 05 21:41:19 UTC 2025","Fri Dec 05 21:41:30 UTC 2025","10807","HabitNuWebAppSuite","1. Core and Authentication","WebAppSanityPackage.GuidedTour","WebAppSanityPackage.GuidedTour","test13_navigatingtourpage6","And user is navigating from fifth slide to sixth and validating",""
"passed","Fri Dec 05 21:49:39 UTC 2025","Fri Dec 05 21:49:40 UTC 2025","1134","HabitNuWebAppSuite","2. Health Metrics","WebAppSanityPackage.Medication","WebAppSanityPackage.Medication","case27","editing the created Medication under the LOG",""
"passed","Fri Dec 05 21:41:32 UTC 2025","Fri Dec 05 21:41:44 UTC 2025","11302","HabitNuWebAppSuite","1. Core and Authentication","WebAppSanityPackage.GuidedTour","WebAppSanityPackage.GuidedTour","test16_finishtour","And user is navigating first to last slide and validating finish button",""
"passed","Fri Dec 05 21:38:25 UTC 2025","Fri Dec 05 21:38:25 UTC 2025","197","HabitNuWebAppSuite","1. Core and Authentication","WebAppSanityPackage.ProfileAppClass","WebAppSanityPackage.ProfileAppClass","clearGenderAndSave","Clear gender and save → should save or skip validation",""
"broken","Fri Dec 05 21:55:49 UTC 2025","Fri Dec 05 21:55:59 UTC 2025","10223","HabitNuWebAppSuite","3. Nutrition and Recipes","WebAppSanityPackage.foodGrouping","WebAppSanityPackage.foodGrouping","case13","Add food item to Lunch section",""
"passed","Fri Dec 05 21:40:21 UTC 2025","Fri Dec 05 21:40:29 UTC 2025","8056","HabitNuWebAppSuite","1. Core and Authentication","WebAppSanityPackage.ProfileAppClass","WebAppSanityPackage.ProfileAppClass","case75","Click on view file",""
"passed","Fri Dec 05 21:41:14 UTC 2025","Fri Dec 05 21:41:16 UTC 2025","1641","HabitNuWebAppSuite","1. Core and Authentication","WebAppSanityPackage.GuidedTour","WebAppSanityPackage.GuidedTour","test8_validatingtourpage1","And user is validating the first slide of the tour page",""
"failed","Fri Dec 05 22:07:55 UTC 2025","Fri Dec 05 22:07:59 UTC 2025","3618","HabitNuWebAppSuite","3. Nutrition and Recipes","WebAppSanityPackage.recipeBuilder","WebAppSanityPackage.recipeBuilder","verifyFavoriteRecipesUnderFood","verify favorite food list under Food>Favorites",""
"passed","Fri Dec 05 21:58:27 UTC 2025","Fri Dec 05 21:58:28 UTC 2025","1167","HabitNuWebAppSuite","3. Nutrition and Recipes","WebAppSanityPackage.waterLog","WebAppSanityPackage.waterLog","case3","16 oz Water Log",""
"passed","Fri Dec 05 22:09:26 UTC 2025","Fri Dec 05 22:09:33 UTC 2025","7040","HabitNuWebAppSuite","3. Nutrition and Recipes","WebAppSanityPackage.Myrecipes","WebAppSanityPackage.Myrecipes","test16_logmeal","And user is able to add Meal which is logged from my recipe",""
"passed","Fri Dec 05 21:50:18 UTC 2025","Fri Dec 05 21:50:19 UTC 2025","412","HabitNuWebAppSuite","2. Health Metrics","WebAppSanityPackage.ExerciseSection","WebAppSanityPackage.ExerciseSection","setTargetMoreThan99","enter target more than 1440 and assert messages",""
"passed","Fri Dec 05 22:16:38 UTC 2025","Fri Dec 05 22:16:38 UTC 2025","685","HabitNuWebAppSuite","4. Lifestyle and Social","WebAppSanityPackage.DiscussAppClass","WebAppSanityPackage.DiscussAppClass","case4","Click on post button without entering message (should not allow posting)",""
"passed","Fri Dec 05 21:39:06 UTC 2025","Fri Dec 05 21:39:06 UTC 2025","206","HabitNuWebAppSuite","1. Core and Authentication","WebAppSanityPackage.ProfileAppClass","WebAppSanityPackage.ProfileAppClass","invalidAlphabetContactNumber","Add alphabets in contact number → Show invalid contact error",""
"passed","Fri Dec 05 21:48:35 UTC 2025","Fri Dec 05 21:48:37 UTC 2025","1971","HabitNuWebAppSuite","2. Health Metrics","WebAppSanityPackage.Medication","WebAppSanityPackage.Medication","case13","Weight loss medication Your Medication Edit detials on Yor Medication",""
"passed","Fri Dec 05 21:43:13 UTC 2025","Fri Dec 05 21:43:14 UTC 2025","431","HabitNuWebAppSuite","2. Health Metrics","WebAppSanityPackage.Sugar_Section","WebAppSanityPackage.Sugar_Section","setNegativeSystolicTarget","enter negative High target values and assert messages",""
"passed","Fri Dec 05 22:15:34 UTC 2025","Fri Dec 05 22:15:35 UTC 2025","563","HabitNuWebAppSuite","4. Lifestyle and Social","WebAppSanityPackage.ChatandNotificationsClass","WebAppSanityPackage.ChatandNotificationsClass","case5","Close the chatbox",""
"passed","Fri Dec 05 21:43:14 UTC 2025","Fri Dec 05 21:43:14 UTC 2025","411","HabitNuWebAppSuite","2. Health Metrics","WebAppSanityPackage.Sugar_Section","WebAppSanityPackage.Sugar_Section","setHighTargetMoreThan250","enter High target more than 1000 and assert messages",""
"passed","Fri Dec 05 21:53:28 UTC 2025","Fri Dec 05 21:53:28 UTC 2025","67","HabitNuWebAppSuite","3. Nutrition and Recipes","WebAppSanityPackage.foodGrouping","WebAppSanityPackage.foodGrouping","case3","Verify the created group name in Food Group section",""
"passed","Fri Dec 05 21:46:00 UTC 2025","Fri Dec 05 21:46:02 UTC 2025","2267","HabitNuWebAppSuite","2. Health Metrics","WebAppSanityPackage.WebAppHealth_WeightSection","WebAppSanityPackage.WebAppHealth_WeightSection","case5","verify added today data",""
"passed","Fri Dec 05 22:02:51 UTC 2025","Fri Dec 05 22:02:58 UTC 2025","7279","HabitNuWebAppSuite","3. Nutrition and Recipes","WebAppSanityPackage.habiRecipe","WebAppSanityPackage.habiRecipe","case22_SetMicronutrientPreferences","Micronutrient considerations",""
"passed","Fri Dec 05 21:49:39 UTC 2025","Fri Dec 05 21:49:39 UTC 2025","224","HabitNuWebAppSuite","2. Health Metrics","WebAppSanityPackage.Medication","WebAppSanityPackage.Medication","case26","Creating new Medications details like selecting Frequency",""
"passed","Fri Dec 05 22:17:07 UTC 2025","Fri Dec 05 22:17:07 UTC 2025","449","HabitNuWebAppSuite","4. Lifestyle and Social","WebAppSanityPackage.DiscussAppClass","WebAppSanityPackage.DiscussAppClass","case11","Edit the post with subject line (should update the post)",""
"passed","Fri Dec 05 21:38:09 UTC 2025","Fri Dec 05 21:38:09 UTC 2025","104","HabitNuWebAppSuite","1. Core and Authentication","WebAppSanityPackage.ProfileAppClass","WebAppSanityPackage.ProfileAppClass","openProfileDetails","Click on 'View profile details' → open profile page",""
"broken","Fri Dec 05 21:46:26 UTC 2025","Fri Dec 05 21:46:37 UTC 2025","10799","HabitNuWebAppSuite","2. Health Metrics","WebAppSanityPackage.WebAppHealth_WeightSection","WebAppSanityPackage.WebAppHealth_WeightSection","graphCase6","Load web app -> Click on Health section -> Weight section -> verify graph values",""
"skipped","Fri Dec 05 21:50:02 UTC 2025","Fri Dec 05 21:50:02 UTC 2025","1","HabitNuWebAppSuite","2. Health Metrics","WebAppSanityPackage.Medication","WebAppSanityPackage.Medication","case31","Weight loss medication Review",""
"passed","Fri Dec 05 21:40:56 UTC 2025","Fri Dec 05 21:40:59 UTC 2025","3292","HabitNuWebAppSuite","1. Core and Authentication","WebAppSanityPackage.GuidedTour","WebAppSanityPackage.GuidedTour","test1_welcomepage","Given user is getting the license agreement",""
"passed","Fri Dec 05 22:12:05 UTC 2025","Fri Dec 05 22:12:09 UTC 2025","3452","HabitNuWebAppSuite","3. Nutrition and Recipes","WebAppSanityPackage.WebAppClass","WebAppSanityPackage.WebAppClass","case22","Custom Food Edit in Dinner",""
"passed","Fri Dec 05 22:09:13 UTC 2025","Fri Dec 05 22:09:13 UTC 2025","64","HabitNuWebAppSuite","3. Nutrition and Recipes","WebAppSanityPackage.Myrecipes","WebAppSanityPackage.Myrecipes","test8_validateingredient","Then user is able to validate added ingredient",""
"passed","Fri Dec 05 21:50:18 UTC 2025","Fri Dec 05 21:50:18 UTC 2025","340","HabitNuWebAppSuite","2. Health Metrics","WebAppSanityPackage.ExerciseSection","WebAppSanityPackage.ExerciseSection","BeditTargetWithBlankValue","edit -  Exercise cannot be blank",""
"passed","Fri Dec 05 21:39:07 UTC 2025","Fri Dec 05 21:39:08 UTC 2025","598","HabitNuWebAppSuite","1. Core and Authentication","WebAppSanityPackage.ProfileAppClass","WebAppSanityPackage.ProfileAppClass","keepAddressLine1Blank","Keep Address Line 1 blank and save → Should throw required field error (if validation present)",""
"passed","Fri Dec 05 21:36:54 UTC 2025","Fri Dec 05 21:36:55 UTC 2025","385","HabitNuWebAppSuite","1. Core and Authentication","WebAppSanityPackage.HomePage","WebAppSanityPackage.HomePage","testDeleteWeights","Verify the Weight progress bar delete weights",""
"passed","Fri Dec 05 21:47:01 UTC 2025","Fri Dec 05 21:47:11 UTC 2025","9926","HabitNuWebAppSuite","2. Health Metrics","WebAppSanityPackage.Hba1c","WebAppSanityPackage.Hba1c","case3","Click on hba1c , click on add new button and add hba1c for last month and and Total count of the day should be 0",""
"passed","Fri Dec 05 21:39:38 UTC 2025","Fri Dec 05 21:39:39 UTC 2025","1463","HabitNuWebAppSuite","1. Core and Authentication","WebAppSanityPackage.ProfileAppClass","WebAppSanityPackage.ProfileAppClass","case53","Select Activity level as valid reason and save",""
"passed","Fri Dec 05 21:41:17 UTC 2025","Fri Dec 05 21:41:18 UTC 2025","728","HabitNuWebAppSuite","1. Core and Authentication","WebAppSanityPackage.GuidedTour","WebAppSanityPackage.GuidedTour","test11_navigatingtourpage4","And user is navigating from third slide to fourth slide and validating",""
"passed","Fri Dec 05 21:36:20 UTC 2025","Fri Dec 05 21:36:20 UTC 2025","531","HabitNuWebAppSuite","1. Core and Authentication","WebAppSanityPackage.HomePage","WebAppSanityPackage.HomePage","testProfileDropdownContents","Verify all options in the profile dropdown menu",""
"broken","Fri Dec 05 21:48:59 UTC 2025","Fri Dec 05 21:49:09 UTC 2025","10375","HabitNuWebAppSuite","2. Health Metrics","WebAppSanityPackage.Medication","WebAppSanityPackage.Medication","Case16verifyAddNewMedicationElements","TC: Verify the elements of Add New Medication popup",""
"passed","Fri Dec 05 21:39:13 UTC 2025","Fri Dec 05 21:39:14 UTC 2025","1312","HabitNuWebAppSuite","1. Core and Authentication","WebAppSanityPackage.ProfileAppClass","WebAppSanityPackage.ProfileAppClass","editCityAndSave","Edit city to 'Los Angeles' and save → Should update successfully",""
"passed","Fri Dec 05 21:38:25 UTC 2025","Fri Dec 05 21:38:26 UTC 2025","1291","HabitNuWebAppSuite","1. Core and Authentication","WebAppSanityPackage.ProfileAppClass","WebAppSanityPackage.ProfileAppClass","selectGenderMaleAndSave","Select Gender as Male and save → should reflect",""
"passed","Fri Dec 05 21:50:40 UTC 2025","Fri Dec 05 21:50:41 UTC 2025","1673","HabitNuWebAppSuite","2. Health Metrics","WebAppSanityPackage.ExerciseSection","WebAppSanityPackage.ExerciseSection","case6","verify last added monthly and yesterday's data in details page in exercise section",""
"passed","Fri Dec 05 22:12:13 UTC 2025","Fri Dec 05 22:12:13 UTC 2025","0","HabitNuWebAppSuite","3. Nutrition and Recipes","WebAppSanityPackage.WebAppClass","WebAppSanityPackage.WebAppClass","case29","Powered by Edaman link test case",""
"passed","Fri Dec 05 22:09:10 UTC 2025","Fri Dec 05 22:09:12 UTC 2025","2799","HabitNuWebAppSuite","3. Nutrition and Recipes","WebAppSanityPackage.Myrecipes","WebAppSanityPackage.Myrecipes","test6_createrecipe","And user is able to create my recipe",""
"passed","Fri Dec 05 21:58:38 UTC 2025","Fri Dec 05 21:58:39 UTC 2025","1108","HabitNuWebAppSuite","3. Nutrition and Recipes","WebAppSanityPackage.waterLog","WebAppSanityPackage.waterLog","case10","Total Water Logged Count",""
"passed","Fri Dec 05 21:42:59 UTC 2025","Fri Dec 05 21:43:00 UTC 2025","378","HabitNuWebAppSuite","2. Health Metrics","WebAppSanityPackage.BloodPressure_Section","WebAppSanityPackage.BloodPressure_Section","case24_verifySystolicMaxValueValidation","[MODAL] Verify systolic field maximum value validation (max=250) with extremely large input",""
"passed","Fri Dec 05 21:58:40 UTC 2025","Fri Dec 05 21:58:44 UTC 2025","3836","HabitNuWebAppSuite","3. Nutrition and Recipes","WebAppSanityPackage.waterLog","WebAppSanityPackage.waterLog","case13","237 ml Water Log",""
"passed","Fri Dec 05 21:46:00 UTC 2025","Fri Dec 05 21:46:00 UTC 2025","188","HabitNuWebAppSuite","2. Health Metrics","WebAppSanityPackage.WebAppHealth_WeightSection","WebAppSanityPackage.WebAppHealth_WeightSection","case4","verify last added monthly and yesterday's data in details page",""
"passed","Fri Dec 05 22:12:38 UTC 2025","Fri Dec 05 22:12:45 UTC 2025","6983","HabitNuWebAppSuite","3. Nutrition and Recipes","WebAppSanityPackage.WebAppClass","WebAppSanityPackage.WebAppClass","Case31_add_food_check_in_coaches","User details in coaches-dashboard",""
"passed","Fri Dec 05 21:45:13 UTC 2025","Fri Dec 05 21:45:15 UTC 2025","1679","HabitNuWebAppSuite","2. Health Metrics","WebAppSanityPackage.Sugar_Section","WebAppSanityPackage.Sugar_Section","case19","verify decimal data in Blood Sugar section After meal",""
"passed","Fri Dec 05 21:39:08 UTC 2025","Fri Dec 05 21:39:10 UTC 2025","1756","HabitNuWebAppSuite","1. Core and Authentication","WebAppSanityPackage.ProfileAppClass","WebAppSanityPackage.ProfileAppClass","editAddressLine1AndSave","Edit Address Line 1 and save → Should save successfully",""
"passed","Fri Dec 05 22:14:36 UTC 2025","Fri Dec 05 22:14:36 UTC 2025","173","HabitNuWebAppSuite","4. Lifestyle and Social","WebAppSanityPackage.HabitsAppClass","WebAppSanityPackage.HabitsAppClass","case14","Click on Activate and do not add the habit back",""
"passed","Fri Dec 05 22:16:57 UTC 2025","Fri Dec 05 22:17:07 UTC 2025","9846","HabitNuWebAppSuite","4. Lifestyle and Social","WebAppSanityPackage.DiscussAppClass","WebAppSanityPackage.DiscussAppClass","case10","Upload more than 5 files (should not allow)",""
"passed","Fri Dec 05 21:36:46 UTC 2025","Fri Dec 05 21:36:54 UTC 2025","8316","HabitNuWebAppSuite","1. Core and Authentication","WebAppSanityPackage.HomePage","WebAppSanityPackage.HomePage","deleteFoodLogsForPreviousDays","Delete all food logs for the current week (Monday-based)",""
"broken","Fri Dec 05 22:07:59 UTC 2025","Fri Dec 05 22:07:59 UTC 2025","28","HabitNuWebAppSuite","3. Nutrition and Recipes","WebAppSanityPackage.recipeBuilder","WebAppSanityPackage.recipeBuilder","verifyFavoriteRecipesByRecipeName","verify favorite food list under Food> by Recipe Name",""
"passed","Fri Dec 05 21:36:38 UTC 2025","Fri Dec 05 21:36:40 UTC 2025","1410","HabitNuWebAppSuite","1. Core and Authentication","WebAppSanityPackage.HomePage","WebAppSanityPackage.HomePage","testSetTargetsSection","Verify 'Set Targets' page content and functionality",""
"passed","Fri Dec 05 21:59:12 UTC 2025","Fri Dec 05 21:59:22 UTC 2025","9940","HabitNuWebAppSuite","3. Nutrition and Recipes","WebAppSanityPackage.habiRecipe","WebAppSanityPackage.habiRecipe","case2_ValidateRecipePageAndGenerationFlows","Case 2 & 3: Validate Recipe Page and Generation Flows",""
"passed","Fri Dec 05 22:08:03 UTC 2025","Fri Dec 05 22:08:18 UTC 2025","14697","HabitNuWebAppSuite","3. Nutrition and Recipes","WebAppSanityPackage.recipeBuilder","WebAppSanityPackage.recipeBuilder","deleteFavRecipesFromFavorites","delete fav recipes from favorite section and validate the same from recipe list page",""
"passed","Fri Dec 05 21:39:25 UTC 2025","Fri Dec 05 21:39:26 UTC 2025","897","HabitNuWebAppSuite","1. Core and Authentication","WebAppSanityPackage.ProfileAppClass","WebAppSanityPackage.ProfileAppClass","validateContactDetailsFields","Validate presence and absence of fields in Contact Details section",""
"passed","Fri Dec 05 21:39:19 UTC 2025","Fri Dec 05 21:39:19 UTC 2025","225","HabitNuWebAppSuite","1. Core and Authentication","WebAppSanityPackage.ProfileAppClass","WebAppSanityPackage.ProfileAppClass","keepZipcode6digitsAndSave","Keep Zipcode with 6 numbers and save → Should show validation error",""
"broken","Fri Dec 05 21:49:25 UTC 2025","Fri Dec 05 21:49:37 UTC 2025","12345","HabitNuWebAppSuite","2. Health Metrics","WebAppSanityPackage.Medication","WebAppSanityPackage.Medication","case20","Creating new Medications details like selecting",""
"passed","Fri Dec 05 22:17:33 UTC 2025","Fri Dec 05 22:17:34 UTC 2025","1022","HabitNuWebAppSuite","4. Lifestyle and Social","WebAppSanityPackage.Weights_lbs_Kgs","WebAppSanityPackage.Weights_lbs_Kgs","case8","Set Targets with Unit Toggle and store selected unit",""
"passed","Fri Dec 05 22:12:12 UTC 2025","Fri Dec 05 22:12:13 UTC 2025","1096","HabitNuWebAppSuite","3. Nutrition and Recipes","WebAppSanityPackage.WebAppClass","WebAppSanityPackage.WebAppClass","case25","Collecting data from food section",""
"passed","Fri Dec 05 21:42:59 UTC 2025","Fri Dec 05 21:42:59 UTC 2025","286","HabitNuWebAppSuite","2. Health Metrics","WebAppSanityPackage.BloodPressure_Section","WebAppSanityPackage.BloodPressure_Section","case23_verifyNegativeDiastolicValidation","[MODAL] Verify form validation when entering negative value in diastolic field (min=0 validation) and leaving systolic field blank",""
"passed","Fri Dec 05 22:01:23 UTC 2025","Fri Dec 05 22:01:30 UTC 2025","7308","HabitNuWebAppSuite","3. Nutrition and Recipes","WebAppSanityPackage.habiRecipe","WebAppSanityPackage.habiRecipe","case14_SetDietTypePreferences","Diet type",""
"passed","Fri Dec 05 21:39:36 UTC 2025","Fri Dec 05 21:39:36 UTC 2025","405","HabitNuWebAppSuite","1. Core and Authentication","WebAppSanityPackage.ProfileAppClass","WebAppSanityPackage.ProfileAppClass","case50","Add Hips (in inches) as letters and save",""
"passed","Fri Dec 05 22:15:37 UTC 2025","Fri Dec 05 22:15:37 UTC 2025","124","HabitNuWebAppSuite","4. Lifestyle and Social","WebAppSanityPackage.ChatandNotificationsClass","WebAppSanityPackage.ChatandNotificationsClass","case7","Click on the Mark All as Read",""
"passed","Fri Dec 05 21:43:18 UTC 2025","Fri Dec 05 21:43:25 UTC 2025","6635","HabitNuWebAppSuite","2. Health Metrics","WebAppSanityPackage.Sugar_Section","WebAppSanityPackage.Sugar_Section","editTargetButDoNotSave","edit target values and do click on 'x' mark and do not save",""
"passed","Fri Dec 05 21:45:19 UTC 2025","Fri Dec 05 21:45:28 UTC 2025","8683","HabitNuWebAppSuite","2. Health Metrics","WebAppSanityPackage.WebAppHealth_WeightSection","WebAppSanityPackage.WebAppHealth_WeightSection","case1","verify - Blank weights",""
"broken","Fri Dec 05 21:55:38 UTC 2025","Fri Dec 05 21:55:48 UTC 2025","10235","HabitNuWebAppSuite","3. Nutrition and Recipes","WebAppSanityPackage.foodGrouping","WebAppSanityPackage.foodGrouping","case12","Add food item to Breakfast section",""
"passed","Fri Dec 05 21:36:41 UTC 2025","Fri Dec 05 21:36:43 UTC 2025","1768","HabitNuWebAppSuite","1. Core and Authentication","WebAppSanityPackage.HomePage","WebAppSanityPackage.HomePage","testRecipeBookPageLayoutAndTabs","Verify the Recipe Book page layout and tabs",""
"broken","Fri Dec 05 21:46:37 UTC 2025","Fri Dec 05 21:46:44 UTC 2025","6531","HabitNuWebAppSuite","2. Health Metrics","WebAppSanityPackage.WebAppHealth_WeightSection","WebAppSanityPackage.WebAppHealth_WeightSection","case13","verify last week , month , year data ",""
"passed","Fri Dec 05 22:03:53 UTC 2025","Fri Dec 05 22:03:55 UTC 2025","1396","HabitNuWebAppSuite","3. Nutrition and Recipes","WebAppSanityPackage.habiRecipe","WebAppSanityPackage.habiRecipe","case25_SelectMicronutrientRecipeFromList","Selecting the Generated Recipe and Logging It",""
"passed","Fri Dec 05 22:14:33 UTC 2025","Fri Dec 05 22:14:36 UTC 2025","2772","HabitNuWebAppSuite","4. Lifestyle and Social","WebAppSanityPackage.HabitsAppClass","WebAppSanityPackage.HabitsAppClass","case13","Click on Archive and add the habit to archive",""
"passed","Fri Dec 05 21:41:44 UTC 2025","Fri Dec 05 21:41:46 UTC 2025","1826","HabitNuWebAppSuite","1. Core and Authentication","WebAppSanityPackage.GuidedTour","WebAppSanityPackage.GuidedTour","test18_skiptour","When User is able to skip the guided tour",""
"passed","Fri Dec 05 22:15:17 UTC 2025","Fri Dec 05 22:15:17 UTC 2025","194","HabitNuWebAppSuite","4. Lifestyle and Social","WebAppSanityPackage.HabitsAppClass","WebAppSanityPackage.HabitsAppClass","case26","Click on Archive and do not add the habit to archive",""
"passed","Fri Dec 05 21:59:50 UTC 2025","Fri Dec 05 21:59:56 UTC 2025","5403","HabitNuWebAppSuite","3. Nutrition and Recipes","WebAppSanityPackage.habiRecipe","WebAppSanityPackage.habiRecipe","case6_SetDietaryRestrictionsPreferences","Dietary restrictions	",""
"passed","Fri Dec 05 21:38:14 UTC 2025","Fri Dec 05 21:38:16 UTC 2025","1635","HabitNuWebAppSuite","1. Core and Authentication","WebAppSanityPackage.ProfileAppClass","WebAppSanityPackage.ProfileAppClass","replaceProfilePicture","Replace profile picture → should update",""
"passed","Fri Dec 05 21:42:46 UTC 2025","Fri Dec 05 21:42:46 UTC 2025","584","HabitNuWebAppSuite","2. Health Metrics","WebAppSanityPackage.BloodPressure_Section","WebAppSanityPackage.BloodPressure_Section","case17_verifyNoDataFor30DaysMessage","[MAIN CARD] Verify 'No data for last 30 days' message displays correctly in widget",""
"passed","Fri Dec 05 21:43:33 UTC 2025","Fri Dec 05 21:43:49 UTC 2025","15252","HabitNuWebAppSuite","2. Health Metrics","WebAppSanityPackage.Sugar_Section","WebAppSanityPackage.Sugar_Section","case2","Click on Blood Sugar , click on add new button and add Blood Sugar fasting for current year current date ",""
"passed","Fri Dec 05 22:11:40 UTC 2025","Fri Dec 05 22:11:43 UTC 2025","3463","HabitNuWebAppSuite","3. Nutrition and Recipes","WebAppSanityPackage.WebAppClass","WebAppSanityPackage.WebAppClass","case16","Click on Date picker and pick any date from calendar and add food",""
"broken","Fri Dec 05 21:52:09 UTC 2025","Fri Dec 05 21:52:10 UTC 2025","613","HabitNuWebAppSuite","2. Health Metrics","WebAppSanityPackage.TobaccoSection","WebAppSanityPackage.TobaccoSection","case22","Click on tobacco , click on add new button and add tobacco for last month and and Total count of the day should be 0",""
"passed","Fri Dec 05 21:42:21 UTC 2025","Fri Dec 05 21:42:28 UTC 2025","6975","HabitNuWebAppSuite","2. Health Metrics","WebAppSanityPackage.BloodPressure_Section","WebAppSanityPackage.BloodPressure_Section","case1_addInitialBloodPressureData","[MAIN CARD] Navigate to Health tab and add initial blood pressure data using the Add New button",""
"passed","Fri Dec 05 21:36:19 UTC 2025","Fri Dec 05 21:36:19 UTC 2025","311","HabitNuWebAppSuite","1. Core and Authentication","WebAppSanityPackage.HomePage","WebAppSanityPackage.HomePage","testExploreSectionItemsAreVisible","Verify all items in the 'Explore' section are visible",""
"passed","Fri Dec 05 22:15:37 UTC 2025","Fri Dec 05 22:15:47 UTC 2025","10504","HabitNuWebAppSuite","4. Lifestyle and Social","WebAppSanityPackage.ChatandNotificationsClass","WebAppSanityPackage.ChatandNotificationsClass","case8","Click on It’s time to update your habit tracker and it will take you to habit tracker",""
"passed","Fri Dec 05 21:51:25 UTC 2025","Fri Dec 05 21:51:25 UTC 2025","261","HabitNuWebAppSuite","2. Health Metrics","WebAppSanityPackage.TobaccoSection","WebAppSanityPackage.TobaccoSection","case10_editTargetWithNegatives","edit -  negative target values and assert messages",""
"passed","Fri Dec 05 21:39:15 UTC 2025","Fri Dec 05 21:39:18 UTC 2025","3350","HabitNuWebAppSuite","1. Core and Authentication","WebAppSanityPackage.ProfileAppClass","WebAppSanityPackage.ProfileAppClass","editStateAndSave","Edit State to 'California' and save",""
"passed","Fri Dec 05 21:38:14 UTC 2025","Fri Dec 05 21:38:14 UTC 2025","673","HabitNuWebAppSuite","1. Core and Authentication","WebAppSanityPackage.ProfileAppClass","WebAppSanityPackage.ProfileAppClass","uploadInvalidProfilePicture","Try adding PDF as profile picture → should NOT allow",""
"passed","Fri Dec 05 22:17:31 UTC 2025","Fri Dec 05 22:17:31 UTC 2025","322","HabitNuWebAppSuite","4. Lifestyle and Social","WebAppSanityPackage.Weights_lbs_Kgs","WebAppSanityPackage.Weights_lbs_Kgs","setTargetMoreThan99","enter target more than 999 and assert messages",""
"passed","Fri Dec 05 22:09:18 UTC 2025","Fri Dec 05 22:09:21 UTC 2025","2361","HabitNuWebAppSuite","3. Nutrition and Recipes","WebAppSanityPackage.Myrecipes","WebAppSanityPackage.Myrecipes","test14_logrecipes","And user is able to log the recipes",""
"passed","Fri Dec 05 21:36:28 UTC 2025","Fri Dec 05 21:36:37 UTC 2025","8767","HabitNuWebAppSuite","1. Core and Authentication","WebAppSanityPackage.HomePage","WebAppSanityPackage.HomePage","testHabitsSection","Verify Habits panel content and functionality",""
"broken","Fri Dec 05 21:55:26 UTC 2025","Fri Dec 05 21:55:37 UTC 2025","11227","HabitNuWebAppSuite","3. Nutrition and Recipes","WebAppSanityPackage.foodGrouping","WebAppSanityPackage.foodGrouping","case11","Verify the created group name in Food Group section and Log it In snacks",""
"passed","Fri Dec 05 22:14:51 UTC 2025","Fri Dec 05 22:14:52 UTC 2025","1639","HabitNuWebAppSuite","4. Lifestyle and Social","WebAppSanityPackage.HabitsAppClass","WebAppSanityPackage.HabitsAppClass","case18","Click on Active Habits dropdown",""
"passed","Fri Dec 05 21:48:13 UTC 2025","Fri Dec 05 21:48:35 UTC 2025","21658","HabitNuWebAppSuite","2. Health Metrics","WebAppSanityPackage.Medication","WebAppSanityPackage.Medication","editWeightLossMedication","Edit details of Weight Loss Medication",""
"passed","Fri Dec 05 22:12:10 UTC 2025","Fri Dec 05 22:12:12 UTC 2025","1439","HabitNuWebAppSuite","3. Nutrition and Recipes","WebAppSanityPackage.WebAppClass","WebAppSanityPackage.WebAppClass","case24","Custom food delete",""
"passed","Fri Dec 05 22:07:55 UTC 2025","Fri Dec 05 22:07:55 UTC 2025","184","HabitNuWebAppSuite","3. Nutrition and Recipes","WebAppSanityPackage.recipeBuilder","WebAppSanityPackage.recipeBuilder","verifyLoggedRecipeUnderFood","verify logged recipe > under view food log",""
"passed","Fri Dec 05 22:07:05 UTC 2025","Fri Dec 05 22:07:35 UTC 2025","29991","HabitNuWebAppSuite","3. Nutrition and Recipes","WebAppSanityPackage.habiRecipe","WebAppSanityPackage.habiRecipe","case36_deletegeneratedRecipe","Selecting the Generated Recipe and delete it",""
"passed","Fri Dec 05 21:40:52 UTC 2025","Fri Dec 05 21:40:53 UTC 2025","697","HabitNuWebAppSuite","1. Core and Authentication","WebAppSanityPackage.ProfileAppClass","WebAppSanityPackage.ProfileAppClass","case92","Sign out and validate Terms of Use link visible",""
"passed","Fri Dec 05 21:49:39 UTC 2025","Fri Dec 05 21:49:39 UTC 2025","277","HabitNuWebAppSuite","2. Health Metrics","WebAppSanityPackage.Medication","WebAppSanityPackage.Medication","case25","Before Food or After Food Selection",""
"passed","Fri Dec 05 21:40:14 UTC 2025","Fri Dec 05 21:40:21 UTC 2025","6590","HabitNuWebAppSuite","1. Core and Authentication","WebAppSanityPackage.ProfileAppClass","WebAppSanityPackage.ProfileAppClass","case74","Upload the file, name and file type and cancel",""
"passed","Fri Dec 05 21:50:23 UTC 2025","Fri Dec 05 21:50:26 UTC 2025","3119","HabitNuWebAppSuite","2. Health Metrics","WebAppSanityPackage.ExerciseSection","WebAppSanityPackage.ExerciseSection","case1","Click on health tab and verify no data recorded yet in Exercise section ",""
"passed","Fri Dec 05 21:39:12 UTC 2025","Fri Dec 05 21:39:13 UTC 2025","571","HabitNuWebAppSuite","1. Core and Authentication","WebAppSanityPackage.ProfileAppClass","WebAppSanityPackage.ProfileAppClass","keepCityBlankAndSave","Keep City as blank and save → Should throw validation error",""
"passed","Fri Dec 05 21:50:22 UTC 2025","Fri Dec 05 21:50:23 UTC 2025","539","HabitNuWebAppSuite","2. Health Metrics","WebAppSanityPackage.ExerciseSection","WebAppSanityPackage.ExerciseSection","editTargetWithGreaterThan99","edit -  enter target more than 1440 and assert messages",""
"passed","Fri Dec 05 22:16:08 UTC 2025","Fri Dec 05 22:16:19 UTC 2025","10310","HabitNuWebAppSuite","4. Lifestyle and Social","WebAppSanityPackage.ChatandNotificationsClass","WebAppSanityPackage.ChatandNotificationsClass","case11","HabitNu: This is a reminder for you to keep stepping on your scale, recording your meals, and logging your activity! Check in on our discussion forum to stay in touch with your coach and other Team members!",""
"passed","Fri Dec 05 21:52:30 UTC 2025","Fri Dec 05 21:52:35 UTC 2025","4372","HabitNuWebAppSuite","2. Health Metrics","WebAppSanityPackage.TobaccoSection","WebAppSanityPackage.TobaccoSection","case24","verify negative data in Tobocco count section",""
"passed","Fri Dec 05 21:40:47 UTC 2025","Fri Dec 05 21:40:48 UTC 2025","402","HabitNuWebAppSuite","1. Core and Authentication","WebAppSanityPackage.ProfileAppClass","WebAppSanityPackage.ProfileAppClass","testToggleNotifications","Toggle notifications On/Off and validate state change",""
"passed","Fri Dec 05 22:09:21 UTC 2025","Fri Dec 05 22:09:26 UTC 2025","5131","HabitNuWebAppSuite","3. Nutrition and Recipes","WebAppSanityPackage.Myrecipes","WebAppSanityPackage.Myrecipes","test15_foodsection","And user is navigating to food section",""
"passed","Fri Dec 05 21:50:04 UTC 2025","Fri Dec 05 21:50:17 UTC 2025","13265","HabitNuWebAppSuite","2. Health Metrics","WebAppSanityPackage.ExerciseSection","WebAppSanityPackage.ExerciseSection","noTargetSet","verify no target case",""
"broken","Fri Dec 05 21:46:13 UTC 2025","Fri Dec 05 21:46:14 UTC 2025","1283","HabitNuWebAppSuite","2. Health Metrics","WebAppSanityPackage.WebAppHealth_WeightSection","WebAppSanityPackage.WebAppHealth_WeightSection","graphcase3","Load web app -> Click on Health section -> Weight section -> click on three lines -> Click on graph -> click on filter as last year",""
"passed","Fri Dec 05 22:17:13 UTC 2025","Fri Dec 05 22:17:15 UTC 2025","2286","HabitNuWebAppSuite","4. Lifestyle and Social","WebAppSanityPackage.DiscussAppClass","WebAppSanityPackage.DiscussAppClass","case23","comment a message in my post",""
"passed","Fri Dec 05 21:50:39 UTC 2025","Fri Dec 05 21:50:40 UTC 2025","758","HabitNuWebAppSuite","2. Health Metrics","WebAppSanityPackage.ExerciseSection","WebAppSanityPackage.ExerciseSection","case5","add yesterday's Exercise n it should show last added data",""
"passed","Fri Dec 05 21:41:31 UTC 2025","Fri Dec 05 21:41:32 UTC 2025","1599","HabitNuWebAppSuite","1. Core and Authentication","WebAppSanityPackage.GuidedTour","WebAppSanityPackage.GuidedTour","test15_backbutton","And User is navigating from last slide to first slide by clicking back button",""
"passed","Fri Dec 05 22:07:37 UTC 2025","Fri Dec 05 22:07:42 UTC 2025","4886","HabitNuWebAppSuite","3. Nutrition and Recipes","WebAppSanityPackage.recipeBuilder","WebAppSanityPackage.recipeBuilder","verifyRecipeSectionOnHomePage","Verify recipe section on Home Page",""
"passed","Fri Dec 05 21:50:28 UTC 2025","Fri Dec 05 21:50:39 UTC 2025","10793","HabitNuWebAppSuite","2. Health Metrics","WebAppSanityPackage.ExerciseSection","WebAppSanityPackage.ExerciseSection","case4","verify added today data in exercise section and verify total exercise per day",""
"passed","Fri Dec 05 21:51:17 UTC 2025","Fri Dec 05 21:51:17 UTC 2025","174","HabitNuWebAppSuite","2. Health Metrics","WebAppSanityPackage.TobaccoSection","WebAppSanityPackage.TobaccoSection","case4_placeHolderOfTobaccoCountValueInputBox","verify placeholder - MAX ",""
"passed","Fri Dec 05 21:41:46 UTC 2025","Fri Dec 05 21:41:47 UTC 2025","1599","HabitNuWebAppSuite","1. Core and Authentication","WebAppSanityPackage.GuidedTour","WebAppSanityPackage.GuidedTour","test19_maybelater","Then User is able to explore the guided tour after sometimes",""
"passed","Fri Dec 05 22:01:21 UTC 2025","Fri Dec 05 22:01:23 UTC 2025","1257","HabitNuWebAppSuite","3. Nutrition and Recipes","WebAppSanityPackage.habiRecipe","WebAppSanityPackage.habiRecipe","case13_SelectRecipeFromDashboardAndLog","Selecting the Generated Recipe and Logging It",""
"passed","Fri Dec 05 22:07:50 UTC 2025","Fri Dec 05 22:07:50 UTC 2025","699","HabitNuWebAppSuite","3. Nutrition and Recipes","WebAppSanityPackage.recipeBuilder","WebAppSanityPackage.recipeBuilder","viewTheFavoritedRecipePage","view fav recipe",""
"passed","Fri Dec 05 21:43:52 UTC 2025","Fri Dec 05 21:44:01 UTC 2025","9392","HabitNuWebAppSuite","2. Health Metrics","WebAppSanityPackage.Sugar_Section","WebAppSanityPackage.Sugar_Section","case5","Click on Blood Sugar , click on add new button and add Blood Sugar fasting for current year current date -1 ",""
"passed","Fri Dec 05 22:03:55 UTC 2025","Fri Dec 05 22:04:02 UTC 2025","7243","HabitNuWebAppSuite","3. Nutrition and Recipes","WebAppSanityPackage.habiRecipe","WebAppSanityPackage.habiRecipe","case26_SetLocalFoodPreferences","Local food preferences",""
"passed","Fri Dec 05 22:15:58 UTC 2025","Fri Dec 05 22:16:08 UTC 2025","10606","HabitNuWebAppSuite","4. Lifestyle and Social","WebAppSanityPackage.ChatandNotificationsClass","WebAppSanityPackage.ChatandNotificationsClass","case10","Click on HabitNu: Welcome to a new week! Please step on your scale to record your weight 3 days this week!",""
"passed","Fri Dec 05 21:48:37 UTC 2025","Fri Dec 05 21:48:48 UTC 2025","11043","HabitNuWebAppSuite","2. Health Metrics","WebAppSanityPackage.Medication","WebAppSanityPackage.Medication","case14","Weight loss medication Edit details on Log",""
"passed","Fri Dec 05 21:42:33 UTC 2025","Fri Dec 05 21:42:34 UTC 2025","330","HabitNuWebAppSuite","2. Health Metrics","WebAppSanityPackage.BloodPressure_Section","WebAppSanityPackage.BloodPressure_Section","case5_setNegativeDiastolicTarget","[MAIN CARD] Verify Set Target validation error when entering negative diastolic target value",""
"passed","Fri Dec 05 21:51:25 UTC 2025","Fri Dec 05 21:51:26 UTC 2025","635","HabitNuWebAppSuite","2. Health Metrics","WebAppSanityPackage.TobaccoSection","WebAppSanityPackage.TobaccoSection","case11_editTargetWithGreaterThan99","edit -  enter target more than 99 and assert messages",""
"passed","Fri Dec 05 22:15:47 UTC 2025","Fri Dec 05 22:15:58 UTC 2025","10431","HabitNuWebAppSuite","4. Lifestyle and Social","WebAppSanityPackage.ChatandNotificationsClass","WebAppSanityPackage.ChatandNotificationsClass","case9","Click on HabitNu: Please step on your scale to achieve your weight tracking goal!",""
"passed","Fri Dec 05 21:59:00 UTC 2025","Fri Dec 05 21:59:04 UTC 2025","3480","HabitNuWebAppSuite","3. Nutrition and Recipes","WebAppSanityPackage.waterLog","WebAppSanityPackage.waterLog","case19","Validate setting reminders and verifying Wrong timings",""
"passed","Fri Dec 05 21:41:00 UTC 2025","Fri Dec 05 21:41:00 UTC 2025","81","HabitNuWebAppSuite","1. Core and Authentication","WebAppSanityPackage.GuidedTour","WebAppSanityPackage.GuidedTour","test3_registration","When user is able to enter the details in registration form",""
"broken","Fri Dec 05 21:38:55 UTC 2025","Fri Dec 05 21:39:05 UTC 2025","10449","HabitNuWebAppSuite","1. Core and Authentication","WebAppSanityPackage.ProfileAppClass","WebAppSanityPackage.ProfileAppClass","case19","Click on Basic information and validate the presence of expected fields and absence of unexpected fields",""
"passed","Fri Dec 05 21:51:46 UTC 2025","Fri Dec 05 21:51:49 UTC 2025","2802","HabitNuWebAppSuite","2. Health Metrics","WebAppSanityPackage.TobaccoSection","WebAppSanityPackage.TobaccoSection","case18_graphCase6","Load web app -> Click on Health section -> Tobacco section ->>It should verify all the values added in graph",""
"passed","Fri Dec 05 21:39:05 UTC 2025","Fri Dec 05 21:39:05 UTC 2025","168","HabitNuWebAppSuite","1. Core and Authentication","WebAppSanityPackage.ProfileAppClass","WebAppSanityPackage.ProfileAppClass","openContactDetailsEdit","Click on Contact Details edit button → Should enter edit mode",""
"passed","Fri Dec 05 21:39:10 UTC 2025","Fri Dec 05 21:39:11 UTC 2025","1404","HabitNuWebAppSuite","1. Core and Authentication","WebAppSanityPackage.ProfileAppClass","WebAppSanityPackage.ProfileAppClass","keepAddressLine2BlankAndSave","Keep Address line 2 as blank and save",""
"passed","Fri Dec 05 22:02:11 UTC 2025","Fri Dec 05 22:02:18 UTC 2025","6913","HabitNuWebAppSuite","3. Nutrition and Recipes","WebAppSanityPackage.habiRecipe","WebAppSanityPackage.habiRecipe","case18_SetMacronutrientPreferences","Macronutrient considerations",""
"passed","Fri Dec 05 21:50:22 UTC 2025","Fri Dec 05 21:50:22 UTC 2025","341","HabitNuWebAppSuite","2. Health Metrics","WebAppSanityPackage.ExerciseSection","WebAppSanityPackage.ExerciseSection","editTargetWithNegatives","edit -  negative target values and assert messages",""
"passed","Fri Dec 05 22:00:41 UTC 2025","Fri Dec 05 22:00:43 UTC 2025","1955","HabitNuWebAppSuite","3. Nutrition and Recipes","WebAppSanityPackage.habiRecipe","WebAppSanityPackage.habiRecipe","case9_SelectExistingRecipeAndLog","Selecting the Generated Recipe and Logging It",""
"passed","Fri Dec 05 22:14:36 UTC 2025","Fri Dec 05 22:14:37 UTC 2025","751","HabitNuWebAppSuite","4. Lifestyle and Social","WebAppSanityPackage.HabitsAppClass","WebAppSanityPackage.HabitsAppClass","case15","Click on Activate and add the habit back",""
"passed","Fri Dec 05 21:46:46 UTC 2025","Fri Dec 05 21:46:53 UTC 2025","7502","HabitNuWebAppSuite","2. Health Metrics","WebAppSanityPackage.Hba1c","WebAppSanityPackage.Hba1c","case1","Click on Health tab and verify 'No data recorded yet' in HbA1c section",""
"passed","Fri Dec 05 22:07:53 UTC 2025","Fri Dec 05 22:07:55 UTC 2025","2299","HabitNuWebAppSuite","3. Nutrition and Recipes","WebAppSanityPackage.recipeBuilder","WebAppSanityPackage.recipeBuilder","logRecipe","verify 'View full' recipe button",""
"passed","Fri Dec 05 21:43:50 UTC 2025","Fri Dec 05 21:43:52 UTC 2025","2027","HabitNuWebAppSuite","2. Health Metrics","WebAppSanityPackage.Sugar_Section","WebAppSanityPackage.Sugar_Section","case4","Click on Blood Sugar , click on add new button and add Blood Sugar After Meal for current year current date ",""
"passed","Fri Dec 05 21:58:31 UTC 2025","Fri Dec 05 21:58:32 UTC 2025","1268","HabitNuWebAppSuite","3. Nutrition and Recipes","WebAppSanityPackage.waterLog","WebAppSanityPackage.waterLog","case6","40 oz Water Log",""
"passed","Fri Dec 05 21:36:07 UTC 2025","Fri Dec 05 21:36:12 UTC 2025","4974","HabitNuWebAppSuite","1. Core and Authentication","WebAppSanityPackage.Login","WebAppSanityPackage.Login","testProjectPowerRegisterNavigation","Verify Register navigation in Project Power",""
"passed","Fri Dec 05 21:48:02 UTC 2025","Fri Dec 05 21:48:02 UTC 2025","227","HabitNuWebAppSuite","2. Health Metrics","WebAppSanityPackage.Medication","WebAppSanityPackage.Medication","case5","Creating new Medications details like selecting Type/Form.",""
"passed","Fri Dec 05 22:16:48 UTC 2025","Fri Dec 05 22:16:51 UTC 2025","3700","HabitNuWebAppSuite","4. Lifestyle and Social","WebAppSanityPackage.DiscussAppClass","WebAppSanityPackage.DiscussAppClass","case7","Upload a message with description and add file (should upload the file)",""
"passed","Fri Dec 05 21:51:38 UTC 2025","Fri Dec 05 21:51:40 UTC 2025","1558","HabitNuWebAppSuite","2. Health Metrics","WebAppSanityPackage.TobaccoSection","WebAppSanityPackage.TobaccoSection","case15_graphcase1","Load web app -> Click on Health section -> Weight section -> click on three lines -> Click on graph -> click on filter as last week",""
"passed","Fri Dec 05 21:36:46 UTC 2025","Fri Dec 05 21:36:46 UTC 2025","336","HabitNuWebAppSuite","1. Core and Authentication","WebAppSanityPackage.HomePage","WebAppSanityPackage.HomePage","testWeeklyProgressBarValidation","Verify the weekly progress bar is displayed and contains valid data",""
"passed","Fri Dec 05 22:17:07 UTC 2025","Fri Dec 05 22:17:09 UTC 2025","1430","HabitNuWebAppSuite","4. Lifestyle and Social","WebAppSanityPackage.DiscussAppClass","WebAppSanityPackage.DiscussAppClass","case12","Edit the post with describe line ( It should edit the post)",""
"passed","Fri Dec 05 21:35:15 UTC 2025","Fri Dec 05 21:35:16 UTC 2025","1460","HabitNuWebAppSuite","1. Core and Authentication","WebAppSanityPackage.Login","WebAppSanityPackage.Login","testLoginWithInvalidEmailValidPassword","Verify login with invalid email and valid password",""
"passed","Fri Dec 05 22:16:38 UTC 2025","Fri Dec 05 22:16:38 UTC 2025","192","HabitNuWebAppSuite","4. Lifestyle and Social","WebAppSanityPackage.DiscussAppClass","WebAppSanityPackage.DiscussAppClass","case3","Post a message with description only (should allow posting)",""
"passed","Fri Dec 05 22:11:28 UTC 2025","Fri Dec 05 22:11:29 UTC 2025","1141","HabitNuWebAppSuite","3. Nutrition and Recipes","WebAppSanityPackage.WebAppClass","WebAppSanityPackage.WebAppClass","case11","Click on View Food Log, and add food - Dinner",""
"passed","Fri Dec 05 21:46:02 UTC 2025","Fri Dec 05 21:46:02 UTC 2025","194","HabitNuWebAppSuite","2. Health Metrics","WebAppSanityPackage.WebAppHealth_WeightSection","WebAppSanityPackage.WebAppHealth_WeightSection","case6","verify multiple added today data with 998",""
"passed","Fri Dec 05 22:14:21 UTC 2025","Fri Dec 05 22:14:30 UTC 2025","9007","HabitNuWebAppSuite","4. Lifestyle and Social","WebAppSanityPackage.HabitsAppClass","WebAppSanityPackage.HabitsAppClass","case10","Click on Calender and edit  and save the details",""
"broken","Fri Dec 05 22:09:16 UTC 2025","Fri Dec 05 22:09:16 UTC 2025","562","HabitNuWebAppSuite","3. Nutrition and Recipes","WebAppSanityPackage.Myrecipes","WebAppSanityPackage.Myrecipes","test12_savedrecipes","And user is able to save created recipes",""
"passed","Fri Dec 05 21:58:29 UTC 2025","Fri Dec 05 21:58:31 UTC 2025","1244","HabitNuWebAppSuite","3. Nutrition and Recipes","WebAppSanityPackage.waterLog","WebAppSanityPackage.waterLog","case5","32 oz Water Log",""
"passed","Fri Dec 05 21:53:42 UTC 2025","Fri Dec 05 21:53:44 UTC 2025","1409","HabitNuWebAppSuite","3. Nutrition and Recipes","WebAppSanityPackage.foodGrouping","WebAppSanityPackage.foodGrouping","case5","Verify the created group name in Food Group section and Log it",""
"passed","Fri Dec 05 22:07:45 UTC 2025","Fri Dec 05 22:07:45 UTC 2025","163","HabitNuWebAppSuite","3. Nutrition and Recipes","WebAppSanityPackage.recipeBuilder","WebAppSanityPackage.recipeBuilder","clearSearchBar","Verify recipe clears up on clearing search bar",""
"passed","Fri Dec 05 21:50:57 UTC 2025","Fri Dec 05 21:51:16 UTC 2025","19343","HabitNuWebAppSuite","2. Health Metrics","WebAppSanityPackage.TobaccoSection","WebAppSanityPackage.TobaccoSection","Case1_noTargetSet","verify no target case",""
"passed","Fri Dec 05 21:41:10 UTC 2025","Fri Dec 05 21:41:13 UTC 2025","3380","HabitNuWebAppSuite","1. Core and Authentication","WebAppSanityPackage.GuidedTour","WebAppSanityPackage.GuidedTour","test6_navigatingtourpage1","And user is navigating to first slide and refresh the tour page",""
"passed","Fri Dec 05 22:12:13 UTC 2025","Fri Dec 05 22:12:13 UTC 2025","264","HabitNuWebAppSuite","3. Nutrition and Recipes","WebAppSanityPackage.WebAppClass","WebAppSanityPackage.WebAppClass","case27","Validating data from View Food Log section",""
"passed","Fri Dec 05 22:14:20 UTC 2025","Fri Dec 05 22:14:20 UTC 2025","686","HabitNuWebAppSuite","4. Lifestyle and Social","WebAppSanityPackage.HabitsAppClass","WebAppSanityPackage.HabitsAppClass","case8","double click on habit button and it should open the pop up",""
"passed","Fri Dec 05 21:43:14 UTC 2025","Fri Dec 05 21:43:14 UTC 2025","340","HabitNuWebAppSuite","2. Health Metrics","WebAppSanityPackage.Sugar_Section","WebAppSanityPackage.Sugar_Section","setNegativeDiastolicTarget","enter negative Low target values and assert messages",""
"passed","Fri Dec 05 21:58:39 UTC 2025","Fri Dec 05 21:58:40 UTC 2025","527","HabitNuWebAppSuite","3. Nutrition and Recipes","WebAppSanityPackage.waterLog","WebAppSanityPackage.waterLog","case12","Validate setting reminders and verifying active time slots",""
"passed","Fri Dec 05 22:13:39 UTC 2025","Fri Dec 05 22:13:50 UTC 2025","10327","HabitNuWebAppSuite","4. Lifestyle and Social","WebAppSanityPackage.HabitsAppClass","WebAppSanityPackage.HabitsAppClass","case3","Click on backward arrowmark it should take to last week",""
"passed","Fri Dec 05 22:11:13 UTC 2025","Fri Dec 05 22:11:19 UTC 2025","6110","HabitNuWebAppSuite","3. Nutrition and Recipes","WebAppSanityPackage.WebAppClass","WebAppSanityPackage.WebAppClass","case7","Click on Add Food, go to Custom and create a customized food",""
"passed","Fri Dec 05 21:48:07 UTC 2025","Fri Dec 05 21:48:13 UTC 2025","6148","HabitNuWebAppSuite","2. Health Metrics","WebAppSanityPackage.Medication","WebAppSanityPackage.Medication","case10","Weight loss medication Edit detials on Yor Medication",""
"passed","Fri Dec 05 21:45:31 UTC 2025","Fri Dec 05 21:45:32 UTC 2025","806","HabitNuWebAppSuite","2. Health Metrics","WebAppSanityPackage.WebAppHealth_WeightSection","WebAppSanityPackage.WebAppHealth_WeightSection","editTargetButDoNotSave","edit target values and do click on 'x' mark and do not save",""
"passed","Fri Dec 05 21:52:04 UTC 2025","Fri Dec 05 21:52:05 UTC 2025","1212","HabitNuWebAppSuite","2. Health Metrics","WebAppSanityPackage.TobaccoSection","WebAppSanityPackage.TobaccoSection","case20_case51e","verify added today data in tobacco section ",""
"passed","Fri Dec 05 21:41:44 UTC 2025","Fri Dec 05 21:41:44 UTC 2025","114","HabitNuWebAppSuite","1. Core and Authentication","WebAppSanityPackage.GuidedTour","WebAppSanityPackage.GuidedTour","test17_homepage","Then user is navigating to home page once the tour is done",""
"passed","Fri Dec 05 22:11:19 UTC 2025","Fri Dec 05 22:11:26 UTC 2025","6844","HabitNuWebAppSuite","3. Nutrition and Recipes","WebAppSanityPackage.WebAppClass","WebAppSanityPackage.WebAppClass","case9","Click on View Food Log, and add food - Breakfast via all section",""
"passed","Fri Dec 05 21:46:05 UTC 2025","Fri Dec 05 21:46:09 UTC 2025","3786","HabitNuWebAppSuite","2. Health Metrics","WebAppSanityPackage.WebAppHealth_WeightSection","WebAppSanityPackage.WebAppHealth_WeightSection","case11","Add data and edit",""
"broken","Fri Dec 05 21:58:02 UTC 2025","Fri Dec 05 21:58:12 UTC 2025","10238","HabitNuWebAppSuite","3. Nutrition and Recipes","WebAppSanityPackage.foodGrouping","WebAppSanityPackage.foodGrouping","case25","Create new 'My Meal' group, add random items, edit group name with edge cases, and validate",""
"passed","Fri Dec 05 21:53:28 UTC 2025","Fri Dec 05 21:53:42 UTC 2025","14101","HabitNuWebAppSuite","3. Nutrition and Recipes","WebAppSanityPackage.foodGrouping","WebAppSanityPackage.foodGrouping","case4","add Meal to Break fast",""
"passed","Fri Dec 05 21:50:44 UTC 2025","Fri Dec 05 21:50:48 UTC 2025","4117","HabitNuWebAppSuite","2. Health Metrics","WebAppSanityPackage.ExerciseSection","WebAppSanityPackage.ExerciseSection","case8","verify negative data in exercise section",""
"passed","Fri Dec 05 21:54:11 UTC 2025","Fri Dec 05 21:54:13 UTC 2025","1419","HabitNuWebAppSuite","3. Nutrition and Recipes","WebAppSanityPackage.foodGrouping","WebAppSanityPackage.foodGrouping","case7","Verify the created group name in Food Group section and Log it In Lunch",""
"passed","Fri Dec 05 22:15:17 UTC 2025","Fri Dec 05 22:15:17 UTC 2025","261","HabitNuWebAppSuite","4. Lifestyle and Social","WebAppSanityPackage.HabitsAppClass","WebAppSanityPackage.HabitsAppClass","case25","Click on Calender and close it without making changes",""
"passed","Fri Dec 05 22:17:11 UTC 2025","Fri Dec 05 22:17:12 UTC 2025","104","HabitNuWebAppSuite","4. Lifestyle and Social","WebAppSanityPackage.DiscussAppClass","WebAppSanityPackage.DiscussAppClass","case18","Click on - button of coaches ( it should go back )",""
"broken","Fri Dec 05 21:56:00 UTC 2025","Fri Dec 05 21:56:10 UTC 2025","10251","HabitNuWebAppSuite","3. Nutrition and Recipes","WebAppSanityPackage.foodGrouping","WebAppSanityPackage.foodGrouping","case14","Add food item to Dinner section",""
"passed","Fri Dec 05 21:50:53 UTC 2025","Fri Dec 05 21:50:54 UTC 2025","963","HabitNuWebAppSuite","2. Health Metrics","WebAppSanityPackage.ExerciseSection","WebAppSanityPackage.ExerciseSection","case13","verify decimal data as others in exercise section",""
"skipped","Fri Dec 05 21:50:02 UTC 2025","Fri Dec 05 21:50:02 UTC 2025","0","HabitNuWebAppSuite","2. Health Metrics","WebAppSanityPackage.Medication","WebAppSanityPackage.Medication","case32","Weight loss medication Review",""
"passed","Fri Dec 05 21:40:59 UTC 2025","Fri Dec 05 21:41:00 UTC 2025","1263","HabitNuWebAppSuite","1. Core and Authentication","WebAppSanityPackage.GuidedTour","WebAppSanityPackage.GuidedTour","test2_userregistration","When user is able to enter the  registration form",""
"passed","Fri Dec 05 22:14:40 UTC 2025","Fri Dec 05 22:14:51 UTC 2025","10662","HabitNuWebAppSuite","4. Lifestyle and Social","WebAppSanityPackage.HabitsAppClass","WebAppSanityPackage.HabitsAppClass","case17","Click on Active Habits dropdown",""
"broken","Fri Dec 05 21:49:14 UTC 2025","Fri Dec 05 21:49:25 UTC 2025","10757","HabitNuWebAppSuite","2. Health Metrics","WebAppSanityPackage.Medication","WebAppSanityPackage.Medication","Case19addValidMedicationName","TC: Add valid Medication name and save",""
"passed","Fri Dec 05 21:54:37 UTC 2025","Fri Dec 05 21:54:44 UTC 2025","6551","HabitNuWebAppSuite","3. Nutrition and Recipes","WebAppSanityPackage.foodGrouping","WebAppSanityPackage.foodGrouping","case9","Verify the created group name in Food Group section and Log it In dinner",""
"passed","Fri Dec 05 21:36:01 UTC 2025","Fri Dec 05 21:36:02 UTC 2025","1279","HabitNuWebAppSuite","1. Core and Authentication","WebAppSanityPackage.Login","WebAppSanityPackage.Login","testLanguageChangeToSpanish","Verify language change to Spanish",""
"passed","Fri Dec 05 21:36:27 UTC 2025","Fri Dec 05 21:36:28 UTC 2025","943","HabitNuWebAppSuite","1. Core and Authentication","WebAppSanityPackage.HomePage","WebAppSanityPackage.HomePage","testLearnOrVideosSection","Verify content of the Learn or Videos page",""
"broken","Fri Dec 05 21:38:31 UTC 2025","Fri Dec 05 21:38:34 UTC 2025","2249","HabitNuWebAppSuite","1. Core and Authentication","WebAppSanityPackage.ProfileAppClass","WebAppSanityPackage.ProfileAppClass","setDOBAndSave","Select DOB and save → Should update successfully",""
"passed","Fri Dec 05 22:08:03 UTC 2025","Fri Dec 05 22:08:03 UTC 2025","146","HabitNuWebAppSuite","3. Nutrition and Recipes","WebAppSanityPackage.recipeBuilder","WebAppSanityPackage.recipeBuilder","verifyFavoriteRecipesByRecipeServings","verify favorite food list under Food> by Recipe servings",""
"passed","Fri Dec 05 21:41:09 UTC 2025","Fri Dec 05 21:41:10 UTC 2025","1156","HabitNuWebAppSuite","1. Core and Authentication","WebAppSanityPackage.GuidedTour","WebAppSanityPackage.GuidedTour","test5_navigatingguidedtour","And user is navigating to Habi page by clicking Finish button",""
"passed","Fri Dec 05 21:36:37 UTC 2025","Fri Dec 05 21:36:38 UTC 2025","1679","HabitNuWebAppSuite","1. Core and Authentication","WebAppSanityPackage.HomePage","WebAppSanityPackage.HomePage","testWeightLossProgressSection","Verify Weight Loss Progress panel content and functionality from arrow",""
"passed","Fri Dec 05 21:50:50 UTC 2025","Fri Dec 05 21:50:51 UTC 2025","178","HabitNuWebAppSuite","2. Health Metrics","WebAppSanityPackage.ExerciseSection","WebAppSanityPackage.ExerciseSection","case11","verify negative data as others in exercise section",""
"broken","Fri Dec 05 21:48:48 UTC 2025","Fri Dec 05 21:48:59 UTC 2025","11202","HabitNuWebAppSuite","2. Health Metrics","WebAppSanityPackage.Medication","WebAppSanityPackage.Medication","case15","Coach- Users- Medication- Creating new Medications.",""
"passed","Fri Dec 05 21:41:13 UTC 2025","Fri Dec 05 21:41:14 UTC 2025","1060","HabitNuWebAppSuite","1. Core and Authentication","WebAppSanityPackage.GuidedTour","WebAppSanityPackage.GuidedTour","test7_skipnewuser","And user is able to skip guide tour for the first time login",""
"passed","Fri Dec 05 21:42:36 UTC 2025","Fri Dec 05 21:42:38 UTC 2025","2315","HabitNuWebAppSuite","2. Health Metrics","WebAppSanityPackage.BloodPressure_Section","WebAppSanityPackage.BloodPressure_Section","case10_editTargetButDoNotSave","[MAIN CARD] Verify edit target functionality - modify values but cancel without saving",""
"passed","Fri Dec 05 22:17:12 UTC 2025","Fri Dec 05 22:17:12 UTC 2025","683","HabitNuWebAppSuite","4. Lifestyle and Social","WebAppSanityPackage.DiscussAppClass","WebAppSanityPackage.DiscussAppClass","case19","Click on + button of memebers ( it should list all memebers)",""
"passed","Fri Dec 05 21:44:02 UTC 2025","Fri Dec 05 21:44:03 UTC 2025","649","HabitNuWebAppSuite","2. Health Metrics","WebAppSanityPackage.Sugar_Section","WebAppSanityPackage.Sugar_Section","case7","Click on Blood Sugar , click on add new button and add Blood Sugar After Meal for current year current date -1",""
"passed","Fri Dec 05 21:36:14 UTC 2025","Fri Dec 05 21:36:17 UTC 2025","2925","HabitNuWebAppSuite","1. Core and Authentication","WebAppSanityPackage.HomePage","WebAppSanityPackage.HomePage","testHeaderElementsAreVisible","Verify all header elements are visible",""
"passed","Fri Dec 05 22:13:37 UTC 2025","Fri Dec 05 22:13:39 UTC 2025","2794","HabitNuWebAppSuite","4. Lifestyle and Social","WebAppSanityPackage.HabitsAppClass","WebAppSanityPackage.HabitsAppClass","case1","Click on Habits section (It should take to Habits section)",""
"passed","Fri Dec 05 22:16:51 UTC 2025","Fri Dec 05 22:16:54 UTC 2025","2135","HabitNuWebAppSuite","4. Lifestyle and Social","WebAppSanityPackage.DiscussAppClass","WebAppSanityPackage.DiscussAppClass","case8","Upload only a file (should not allow)",""
"broken","Fri Dec 05 21:45:48 UTC 2025","Fri Dec 05 21:46:00 UTC 2025","11106","HabitNuWebAppSuite","2. Health Metrics","WebAppSanityPackage.WebAppHealth_WeightSection","WebAppSanityPackage.WebAppHealth_WeightSection","case3","add yesterday's weight n it should show last added data",""
"passed","Fri Dec 05 22:11:33 UTC 2025","Fri Dec 05 22:11:35 UTC 2025","1659","HabitNuWebAppSuite","3. Nutrition and Recipes","WebAppSanityPackage.WebAppClass","WebAppSanityPackage.WebAppClass","case14","Click on View Food Log, Select a Food and Delete it",""
"passed","Fri Dec 05 21:51:32 UTC 2025","Fri Dec 05 21:51:37 UTC 2025","5461","HabitNuWebAppSuite","2. Health Metrics","WebAppSanityPackage.TobaccoSection","WebAppSanityPackage.TobaccoSection","case13","Click on tobacco , click on add new button and add tobacco for last year and and Total count of the day should be 0",""
"passed","Fri Dec 05 22:17:10 UTC 2025","Fri Dec 05 22:17:11 UTC 2025","667","HabitNuWebAppSuite","4. Lifestyle and Social","WebAppSanityPackage.DiscussAppClass","WebAppSanityPackage.DiscussAppClass","case14","Edit the post message and then cancel it ( It should not edit the post)",""
"broken","Fri Dec 05 21:57:07 UTC 2025","Fri Dec 05 21:57:17 UTC 2025","10245","HabitNuWebAppSuite","3. Nutrition and Recipes","WebAppSanityPackage.foodGrouping","WebAppSanityPackage.foodGrouping","case20","Logging 'My Meal' from exsiting group",""
"passed","Fri Dec 05 22:15:24 UTC 2025","Fri Dec 05 22:15:27 UTC 2025","2787","HabitNuWebAppSuite","4. Lifestyle and Social","WebAppSanityPackage.ChatandNotificationsClass","WebAppSanityPackage.ChatandNotificationsClass","case1","Click on chat ( it should open the chat box)",""
"passed","Fri Dec 05 21:35:32 UTC 2025","Fri Dec 05 21:35:33 UTC 2025","1525","HabitNuWebAppSuite","1. Core and Authentication","WebAppSanityPackage.Login","WebAppSanityPackage.Login","testForgotPasswordWithValidEmail","Verify forgot password with valid email shows success message",""
"broken","Fri Dec 05 21:49:40 UTC 2025","Fri Dec 05 21:49:51 UTC 2025","11230","HabitNuWebAppSuite","2. Health Metrics","WebAppSanityPackage.Medication","WebAppSanityPackage.Medication","case28","Creating new Medications details like selecting add time (What time(s) do you want to take this medication?)",""
"passed","Fri Dec 05 21:42:34 UTC 2025","Fri Dec 05 21:42:34 UTC 2025","386","HabitNuWebAppSuite","2. Health Metrics","WebAppSanityPackage.BloodPressure_Section","WebAppSanityPackage.BloodPressure_Section","case6_setSystolicTargetMoreThan250","[MAIN CARD] Verify Set Target validation error when entering systolic target value greater than 250",""
"passed","Fri Dec 05 21:39:39 UTC 2025","Fri Dec 05 21:39:41 UTC 2025","1474","HabitNuWebAppSuite","1. Core and Authentication","WebAppSanityPackage.ProfileAppClass","WebAppSanityPackage.ProfileAppClass","case55","Select My diabetes status as valid reason and save",""
"broken","Fri Dec 05 21:38:34 UTC 2025","Fri Dec 05 21:38:44 UTC 2025","10361","HabitNuWebAppSuite","1. Core and Authentication","WebAppSanityPackage.ProfileAppClass","WebAppSanityPackage.ProfileAppClass","setTimeZoneEasternAndSave","Select Timezone as 'Eastern' and save → should update successfully",""
"broken","Fri Dec 05 21:56:22 UTC 2025","Fri Dec 05 21:56:33 UTC 2025","10239","HabitNuWebAppSuite","3. Nutrition and Recipes","WebAppSanityPackage.foodGrouping","WebAppSanityPackage.foodGrouping","case16","Create 'My Meal' from logged foods in BREAKFAST sections",""
"passed","Fri Dec 05 21:42:33 UTC 2025","Fri Dec 05 21:42:33 UTC 2025","340","HabitNuWebAppSuite","2. Health Metrics","WebAppSanityPackage.BloodPressure_Section","WebAppSanityPackage.BloodPressure_Section","case4_setNegativeSystolicTarget","[MAIN CARD] Verify Set Target validation error when entering negative systolic target value",""
"passed","Fri Dec 05 22:16:38 UTC 2025","Fri Dec 05 22:16:42 UTC 2025","3600","HabitNuWebAppSuite","4. Lifestyle and Social","WebAppSanityPackage.DiscussAppClass","WebAppSanityPackage.DiscussAppClass","case5","Upload a message with subject, description, and file (should allow uploading)",""
"passed","Fri Dec 05 21:41:16 UTC 2025","Fri Dec 05 21:41:17 UTC 2025","769","HabitNuWebAppSuite","1. Core and Authentication","WebAppSanityPackage.GuidedTour","WebAppSanityPackage.GuidedTour","test9_navigatingtourpage2","And user is navigating from first slide to second slide and validating",""
"broken","Fri Dec 05 21:56:11 UTC 2025","Fri Dec 05 21:56:21 UTC 2025","10225","HabitNuWebAppSuite","3. Nutrition and Recipes","WebAppSanityPackage.foodGrouping","WebAppSanityPackage.foodGrouping","case15","Add food item to Snacks section",""
"passed","Fri Dec 05 21:58:44 UTC 2025","Fri Dec 05 21:58:46 UTC 2025","1267","HabitNuWebAppSuite","3. Nutrition and Recipes","WebAppSanityPackage.waterLog","WebAppSanityPackage.waterLog","case15","710 ml Water Log",""
"passed","Fri Dec 05 21:50:20 UTC 2025","Fri Dec 05 21:50:20 UTC 2025","303","HabitNuWebAppSuite","2. Health Metrics","WebAppSanityPackage.ExerciseSection","WebAppSanityPackage.ExerciseSection","editTargetValid","edit Target - valid",""
"passed","Fri Dec 05 22:08:59 UTC 2025","Fri Dec 05 22:08:59 UTC 2025","349","HabitNuWebAppSuite","3. Nutrition and Recipes","WebAppSanityPackage.Myrecipes","WebAppSanityPackage.Myrecipes","test4_fieldsvalidations","Then user is validating the fields in my recipe",""
"passed","Fri Dec 05 21:36:20 UTC 2025","Fri Dec 05 21:36:26 UTC 2025","5663","HabitNuWebAppSuite","1. Core and Authentication","WebAppSanityPackage.HomePage","WebAppSanityPackage.HomePage","testFoodSection","Verify Food panel content and functionality",""
"passed","Fri Dec 05 21:40:39 UTC 2025","Fri Dec 05 21:40:41 UTC 2025","1574","HabitNuWebAppSuite","1. Core and Authentication","WebAppSanityPackage.ProfileAppClass","WebAppSanityPackage.ProfileAppClass","case83","Enter mismatched confirm password and click Change Password",""
"passed","Fri Dec 05 21:51:49 UTC 2025","Fri Dec 05 21:52:04 UTC 2025","14464","HabitNuWebAppSuite","2. Health Metrics","WebAppSanityPackage.TobaccoSection","WebAppSanityPackage.TobaccoSection","case19","Click on tobacco , click on add new button and add tobacco for last month and and Total count of the day should be 0",""
"passed","Fri Dec 05 22:05:01 UTC 2025","Fri Dec 05 22:05:04 UTC 2025","2827","HabitNuWebAppSuite","3. Nutrition and Recipes","WebAppSanityPackage.habiRecipe","WebAppSanityPackage.habiRecipe","case30_DeleteRecentlyGeneratedRecipes","Delete Recently Generated Recipes",""
"passed","Fri Dec 05 22:06:21 UTC 2025","Fri Dec 05 22:06:27 UTC 2025","5761","HabitNuWebAppSuite","3. Nutrition and Recipes","WebAppSanityPackage.habiRecipe","WebAppSanityPackage.habiRecipe","case33_LogAllPreferencesRecipe","Selecting the  Generated Recipe of All recipes and Logging It",""
"passed","Fri Dec 05 21:43:15 UTC 2025","Fri Dec 05 21:43:15 UTC 2025","484","HabitNuWebAppSuite","2. Health Metrics","WebAppSanityPackage.Sugar_Section","WebAppSanityPackage.Sugar_Section","lowTargetWithBlankValue","edit -  low BS cannot be blank",""
"passed","Fri Dec 05 21:43:25 UTC 2025","Fri Dec 05 21:43:25 UTC 2025","395","HabitNuWebAppSuite","2. Health Metrics","WebAppSanityPackage.Sugar_Section","WebAppSanityPackage.Sugar_Section","editTargetWithNegatives","edit -  negative target values and assert messages",""
"passed","Fri Dec 05 21:40:07 UTC 2025","Fri Dec 05 21:40:14 UTC 2025","7103","HabitNuWebAppSuite","1. Core and Authentication","WebAppSanityPackage.ProfileAppClass","WebAppSanityPackage.ProfileAppClass","case73","Upload the file, name and file type and upload",""
"passed","Fri Dec 05 21:47:31 UTC 2025","Fri Dec 05 21:47:40 UTC 2025","9447","HabitNuWebAppSuite","2. Health Metrics","WebAppSanityPackage.Hba1c","WebAppSanityPackage.Hba1c","case10","edit data in Hba1c section",""
"passed","Fri Dec 05 21:39:06 UTC 2025","Fri Dec 05 21:39:07 UTC 2025","1239","HabitNuWebAppSuite","1. Core and Authentication","WebAppSanityPackage.ProfileAppClass","WebAppSanityPackage.ProfileAppClass","addValidPhoneNumber","Add valid phone number and save → Should save successfully",""
"passed","Fri Dec 05 21:59:46 UTC 2025","Fri Dec 05 21:59:49 UTC 2025","2313","HabitNuWebAppSuite","3. Nutrition and Recipes","WebAppSanityPackage.habiRecipe","WebAppSanityPackage.habiRecipe","case4_SelectGeneratedRecipeAndLog","Selecting the Generated Recipe and Logging It",""
"passed","Fri Dec 05 21:45:34 UTC 2025","Fri Dec 05 21:45:48 UTC 2025","14342","HabitNuWebAppSuite","2. Health Metrics","WebAppSanityPackage.WebAppHealth_WeightSection","WebAppSanityPackage.WebAppHealth_WeightSection","case2","Click on weight , click on add new button and add weight for last month",""
"passed","Fri Dec 05 22:09:33 UTC 2025","Fri Dec 05 22:10:27 UTC 2025","53278","HabitNuWebAppSuite","3. Nutrition and Recipes","WebAppSanityPackage.Myrecipes","WebAppSanityPackage.Myrecipes","test18_searchrecipe","And user is able to search the recipe",""
"passed","Fri Dec 05 21:45:30 UTC 2025","Fri Dec 05 21:45:31 UTC 2025","1351","HabitNuWebAppSuite","2. Health Metrics","WebAppSanityPackage.WebAppHealth_WeightSection","WebAppSanityPackage.WebAppHealth_WeightSection","setValidTarget","enter valid Target",""
"broken","Fri Dec 05 22:00:28 UTC 2025","Fri Dec 05 22:00:40 UTC 2025","12534","HabitNuWebAppSuite","3. Nutrition and Recipes","WebAppSanityPackage.habiRecipe","WebAppSanityPackage.habiRecipe","case8_LogDietaryRestrictionsRecipe","Selecting the  Generated Recipe of Dietary restrictions and Logging It",""
"passed","Fri Dec 05 21:35:30 UTC 2025","Fri Dec 05 21:35:31 UTC 2025","987","HabitNuWebAppSuite","1. Core and Authentication","WebAppSanityPackage.Login","WebAppSanityPackage.Login","testForgotPasswordFlow","Verify the 'Forgot Password' flow sends a reset link",""
"passed","Fri Dec 05 21:41:49 UTC 2025","Fri Dec 05 21:41:54 UTC 2025","4266","HabitNuWebAppSuite","1. Core and Authentication","WebAppSanityPackage.generalContentWEB","WebAppSanityPackage.generalContentWEB","case1","Main Page",""
"passed","Fri Dec 05 21:59:49 UTC 2025","Fri Dec 05 21:59:50 UTC 2025","1532","HabitNuWebAppSuite","3. Nutrition and Recipes","WebAppSanityPackage.habiRecipe","WebAppSanityPackage.habiRecipe","case5_SelectRecipeFromListAndLog","Selecting the Generated Recipe and Logging It",""
"passed","Fri Dec 05 21:38:30 UTC 2025","Fri Dec 05 21:38:31 UTC 2025","1610","HabitNuWebAppSuite","1. Core and Authentication","WebAppSanityPackage.ProfileAppClass","WebAppSanityPackage.ProfileAppClass","clearDOBAndSave","Clear DOB field and save → should save or ignore gracefully",""
"passed","Fri Dec 05 22:02:09 UTC 2025","Fri Dec 05 22:02:11 UTC 2025","1457","HabitNuWebAppSuite","3. Nutrition and Recipes","WebAppSanityPackage.habiRecipe","WebAppSanityPackage.habiRecipe","case17_SelectDietTypeRecipeFromList","Selecting the Generated Recipe and Logging It",""
"passed","Fri Dec 05 21:51:17 UTC 2025","Fri Dec 05 21:51:17 UTC 2025","335","HabitNuWebAppSuite","2. Health Metrics","WebAppSanityPackage.TobaccoSection","WebAppSanityPackage.TobaccoSection","case6_setTargetMoreThan99","enter target more than 99 and assert messages",""
"passed","Fri Dec 05 21:38:16 UTC 2025","Fri Dec 05 21:38:18 UTC 2025","1404","HabitNuWebAppSuite","1. Core and Authentication","WebAppSanityPackage.ProfileAppClass","WebAppSanityPackage.ProfileAppClass","editFirstName","Edit first name and save → should reflect",""
"passed","Fri Dec 05 21:35:21 UTC 2025","Fri Dec 05 21:35:25 UTC 2025","4852","HabitNuWebAppSuite","1. Core and Authentication","WebAppSanityPackage.Login","WebAppSanityPackage.Login","testLoginWithValidOTP","Verify successful login using a valid OTP from email",""
"passed","Fri Dec 05 21:44:34 UTC 2025","Fri Dec 05 21:44:45 UTC 2025","10917","HabitNuWebAppSuite","2. Health Metrics","WebAppSanityPackage.Sugar_Section","WebAppSanityPackage.Sugar_Section","case13","add yesterday's Blood Sugar n it should show last added data After Meal",""
"passed","Fri Dec 05 21:38:09 UTC 2025","Fri Dec 05 21:38:14 UTC 2025","4160","HabitNuWebAppSuite","1. Core and Authentication","WebAppSanityPackage.ProfileAppClass","WebAppSanityPackage.ProfileAppClass","uploadProfilePicture","Add profile picture → should upload",""
"passed","Fri Dec 05 21:42:28 UTC 2025","Fri Dec 05 21:42:33 UTC 2025","4686","HabitNuWebAppSuite","2. Health Metrics","WebAppSanityPackage.BloodPressure_Section","WebAppSanityPackage.BloodPressure_Section","case2_setTargetButCancel","[MAIN CARD] Verify Set Target button functionality - enter values and cancel without saving",""
"passed","Fri Dec 05 22:17:34 UTC 2025","Fri Dec 05 22:17:34 UTC 2025","825","HabitNuWebAppSuite","4. Lifestyle and Social","WebAppSanityPackage.Weights_lbs_Kgs","WebAppSanityPackage.Weights_lbs_Kgs","case9","Dashboard weights match unit selected",""
"passed","Fri Dec 05 22:15:17 UTC 2025","Fri Dec 05 22:15:18 UTC 2025","823","HabitNuWebAppSuite","4. Lifestyle and Social","WebAppSanityPackage.HabitsAppClass","WebAppSanityPackage.HabitsAppClass","case27","Click on Archive and add the habit to archive",""
"passed","Fri Dec 05 21:49:38 UTC 2025","Fri Dec 05 21:49:38 UTC 2025","335","HabitNuWebAppSuite","2. Health Metrics","WebAppSanityPackage.Medication","WebAppSanityPackage.Medication","case23","Creating new Medications details like selecting Type/Form.",""
"passed","Fri Dec 05 21:36:04 UTC 2025","Fri Dec 05 21:36:05 UTC 2025","1044","HabitNuWebAppSuite","1. Core and Authentication","WebAppSanityPackage.Login","WebAppSanityPackage.Login","testHabitNuRegisterNavigation","Verify Register navigation in HabitNu",""
"passed","Fri Dec 05 21:38:16 UTC 2025","Fri Dec 05 21:38:16 UTC 2025","129","HabitNuWebAppSuite","1. Core and Authentication","WebAppSanityPackage.ProfileAppClass","WebAppSanityPackage.ProfileAppClass","editBasicInfo","Click 'Edit' on Basic information → enter edit mode",""
"passed","Fri Dec 05 21:39:41 UTC 2025","Fri Dec 05 21:39:41 UTC 2025","695","HabitNuWebAppSuite","1. Core and Authentication","WebAppSanityPackage.ProfileAppClass","WebAppSanityPackage.ProfileAppClass","validateHealthParametersFields","Validate presence and absence of fields in Health Parameters section",""
"passed","Fri Dec 05 21:49:51 UTC 2025","Fri Dec 05 21:50:02 UTC 2025","10217","HabitNuWebAppSuite","2. Health Metrics","WebAppSanityPackage.Medication","WebAppSanityPackage.Medication","case29_NavigateToLogAndCheckData","Weight loss medication Edit details on Log - Check for available medications",""
"passed","Fri Dec 05 21:35:41 UTC 2025","Fri Dec 05 21:35:57 UTC 2025","15984","HabitNuWebAppSuite","1. Core and Authentication","WebAppSanityPackage.Login","WebAppSanityPackage.Login","testFullPasswordResetFlow","E2E Password Reset Flow (T-17, T-20, T-21, T-22, T-23)",""
"passed","Fri Dec 05 21:59:06 UTC 2025","Fri Dec 05 21:59:12 UTC 2025","5710","HabitNuWebAppSuite","3. Nutrition and Recipes","WebAppSanityPackage.habiRecipe","WebAppSanityPackage.habiRecipe","case1_NavigateToRecipesPage","Main Page",""
"passed","Fri Dec 05 22:15:18 UTC 2025","Fri Dec 05 22:15:18 UTC 2025","251","HabitNuWebAppSuite","4. Lifestyle and Social","WebAppSanityPackage.HabitsAppClass","WebAppSanityPackage.HabitsAppClass","case28","Click on Activate and do not add the habit back",""
"passed","Fri Dec 05 22:17:17 UTC 2025","Fri Dec 05 22:17:18 UTC 2025","409","HabitNuWebAppSuite","4. Lifestyle and Social","WebAppSanityPackage.DiscussAppClass","WebAppSanityPackage.DiscussAppClass","case25","edit a message in my post",""
"passed","Fri Dec 05 21:51:21 UTC 2025","Fri Dec 05 21:51:25 UTC 2025","4062","HabitNuWebAppSuite","2. Health Metrics","WebAppSanityPackage.TobaccoSection","WebAppSanityPackage.TobaccoSection","case9_editTargetButDoNotSave","edit target values and do click on 'x' mark and do not save",""
"passed","Fri Dec 05 21:47:19 UTC 2025","Fri Dec 05 21:47:24 UTC 2025","4494","HabitNuWebAppSuite","2. Health Metrics","WebAppSanityPackage.Hba1c","WebAppSanityPackage.Hba1c","case7","verify blank data in Hba1c section",""
"broken","Fri Dec 05 21:47:42 UTC 2025","Fri Dec 05 21:47:43 UTC 2025","1208","HabitNuWebAppSuite","2. Health Metrics","WebAppSanityPackage.Hba1c","WebAppSanityPackage.Hba1c","setTarget","enter target values and do click on 'x' mark and do not save",""
"passed","Fri Dec 05 21:43:13 UTC 2025","Fri Dec 05 21:43:13 UTC 2025","353","HabitNuWebAppSuite","2. Health Metrics","WebAppSanityPackage.Sugar_Section","WebAppSanityPackage.Sugar_Section","setTarget","enter target values and do click on 'x' mark and do not save",""
"passed","Fri Dec 05 21:39:21 UTC 2025","Fri Dec 05 21:39:25 UTC 2025","3934","HabitNuWebAppSuite","1. Core and Authentication","WebAppSanityPackage.ProfileAppClass","WebAppSanityPackage.ProfileAppClass","validateAddressConfirmationSection","Keep Zipcode with valid numbers and save → Should not show error",""
"passed","Fri Dec 05 22:11:35 UTC 2025","Fri Dec 05 22:11:40 UTC 2025","4925","HabitNuWebAppSuite","3. Nutrition and Recipes","WebAppSanityPackage.WebAppClass","WebAppSanityPackage.WebAppClass","case15","Click on Date Picker, Select Previous Date, and Add Food",""
"passed","Fri Dec 05 21:44:30 UTC 2025","Fri Dec 05 21:44:33 UTC 2025","2314","HabitNuWebAppSuite","2. Health Metrics","WebAppSanityPackage.Sugar_Section","WebAppSanityPackage.Sugar_Section","case11","verify added today data in Blood Sugar section as Before Meal",""
"passed","Fri Dec 05 22:17:11 UTC 2025","Fri Dec 05 22:17:11 UTC 2025","132","HabitNuWebAppSuite","4. Lifestyle and Social","WebAppSanityPackage.DiscussAppClass","WebAppSanityPackage.DiscussAppClass","case17","Click on + button of coaches ( it should list all coaches)",""
"passed","Fri Dec 05 21:46:53 UTC 2025","Fri Dec 05 21:47:01 UTC 2025","7960","HabitNuWebAppSuite","2. Health Metrics","WebAppSanityPackage.Hba1c","WebAppSanityPackage.Hba1c","case2","Click on HbA1c , click on add new button and add hba1c for last year",""
"passed","Fri Dec 05 21:45:33 UTC 2025","Fri Dec 05 21:45:34 UTC 2025","1085","HabitNuWebAppSuite","2. Health Metrics","WebAppSanityPackage.WebAppHealth_WeightSection","WebAppSanityPackage.WebAppHealth_WeightSection","editTargetWithBlankValue","edit -  Weight cannot be blank",""
"passed","Fri Dec 05 21:45:32 UTC 2025","Fri Dec 05 21:45:33 UTC 2025","368","HabitNuWebAppSuite","2. Health Metrics","WebAppSanityPackage.WebAppHealth_WeightSection","WebAppSanityPackage.WebAppHealth_WeightSection","editTargetWithNegatives","edit -  negative target values and assert messages",""
"passed","Fri Dec 05 21:48:02 UTC 2025","Fri Dec 05 21:48:03 UTC 2025","1158","HabitNuWebAppSuite","2. Health Metrics","WebAppSanityPackage.Medication","WebAppSanityPackage.Medication","case6","Coach- Users- Medication- Creating new Medications details like selecting Dosage",""
"failed","Fri Dec 05 21:39:26 UTC 2025","Fri Dec 05 21:39:28 UTC 2025","2188","HabitNuWebAppSuite","1. Core and Authentication","WebAppSanityPackage.ProfileAppClass","WebAppSanityPackage.ProfileAppClass","addValidHeightAndSave","Add valid Height and save",""
"passed","Fri Dec 05 22:16:42 UTC 2025","Fri Dec 05 22:16:48 UTC 2025","5763","HabitNuWebAppSuite","4. Lifestyle and Social","WebAppSanityPackage.DiscussAppClass","WebAppSanityPackage.DiscussAppClass","case6","Upload only a file (should not allow)",""
"passed","Fri Dec 05 21:47:24 UTC 2025","Fri Dec 05 21:47:28 UTC 2025","4468","HabitNuWebAppSuite","2. Health Metrics","WebAppSanityPackage.Hba1c","WebAppSanityPackage.Hba1c","case8","verify negative data in Hba1c count section",""
"passed","Fri Dec 05 21:35:59 UTC 2025","Fri Dec 05 21:35:59 UTC 2025","897","HabitNuWebAppSuite","1. Core and Authentication","WebAppSanityPackage.Login","WebAppSanityPackage.Login","testReusePasswordResetLink","Verify reusing same password reset link shows error (T-24)",""
"passed","Fri Dec 05 21:35:09 UTC 2025","Fri Dec 05 21:35:11 UTC 2025","1947","HabitNuWebAppSuite","1. Core and Authentication","WebAppSanityPackage.Login","WebAppSanityPackage.Login","testEmailCaseInsensitive","Verify email input is case-insensitive",""
"passed","Fri Dec 05 21:50:19 UTC 2025","Fri Dec 05 21:50:20 UTC 2025","1283","HabitNuWebAppSuite","2. Health Metrics","WebAppSanityPackage.ExerciseSection","WebAppSanityPackage.ExerciseSection","setValidTarget","enter valid Target",""
"passed","Fri Dec 05 21:47:48 UTC 2025","Fri Dec 05 21:47:51 UTC 2025","3212","HabitNuWebAppSuite","2. Health Metrics","WebAppSanityPackage.Hba1c","WebAppSanityPackage.Hba1c","editTargetButDoNotSave","edit target values and do click on 'x' mark and do not save",""
"passed","Fri Dec 05 21:39:54 UTC 2025","Fri Dec 05 21:40:00 UTC 2025","5600","HabitNuWebAppSuite","1. Core and Authentication","WebAppSanityPackage.ProfileAppClass","WebAppSanityPackage.ProfileAppClass","case68","Upload file, name, and type and submit",""
"passed","Fri Dec 05 21:50:18 UTC 2025","Fri Dec 05 21:50:18 UTC 2025","353","HabitNuWebAppSuite","2. Health Metrics","WebAppSanityPackage.ExerciseSection","WebAppSanityPackage.ExerciseSection","setNegativeTarget","enter negative target values and assert messages",""
"passed","Fri Dec 05 22:08:18 UTC 2025","Fri Dec 05 22:08:18 UTC 2025","99","HabitNuWebAppSuite","3. Nutrition and Recipes","WebAppSanityPackage.recipeBuilder","WebAppSanityPackage.recipeBuilder","verifyRemoveFavorites_from_recipeList_page","remove fav recipes from recipe list page",""
"passed","Fri Dec 05 22:08:29 UTC 2025","Fri Dec 05 22:08:34 UTC 2025","5186","HabitNuWebAppSuite","3. Nutrition and Recipes","WebAppSanityPackage.recipeBuilder","WebAppSanityPackage.recipeBuilder","removeRecipeFromFavorites","Remove recipe from favorites via three-dot menu",""
"passed","Fri Dec 05 22:15:27 UTC 2025","Fri Dec 05 22:15:30 UTC 2025","3205","HabitNuWebAppSuite","4. Lifestyle and Social","WebAppSanityPackage.ChatandNotificationsClass","WebAppSanityPackage.ChatandNotificationsClass","case2","Send a message in chatbox and click enter",""
"passed","Fri Dec 05 21:42:57 UTC 2025","Fri Dec 05 21:42:58 UTC 2025","499","HabitNuWebAppSuite","2. Health Metrics","WebAppSanityPackage.BloodPressure_Section","WebAppSanityPackage.BloodPressure_Section","case19_addPreviousDayBloodPressureReading","[MODAL] Add previous day blood pressure reading and verify it updates the main card display",""
"passed","Fri Dec 05 22:12:45 UTC 2025","Fri Dec 05 22:13:34 UTC 2025","48404","HabitNuWebAppSuite","3. Nutrition and Recipes","WebAppSanityPackage.WebAppClass","WebAppSanityPackage.WebAppClass","delete_from_all_food_sections","Deleting all data starting from breakfast to snacks",""
"passed","Fri Dec 05 22:01:17 UTC 2025","Fri Dec 05 22:01:21 UTC 2025","4269","HabitNuWebAppSuite","3. Nutrition and Recipes","WebAppSanityPackage.habiRecipe","WebAppSanityPackage.habiRecipe","case12_LogFoodAllergiesRecipe","Selecting the  Generated Recipe of Food allergies and Logging It",""
"passed","Fri Dec 05 22:07:45 UTC 2025","Fri Dec 05 22:07:50 UTC 2025","4394","HabitNuWebAppSuite","3. Nutrition and Recipes","WebAppSanityPackage.recipeBuilder","WebAppSanityPackage.recipeBuilder","favoriteTheRecipe","verify recipe favorite",""
"passed","Fri Dec 05 21:47:48 UTC 2025","Fri Dec 05 21:47:48 UTC 2025","322","HabitNuWebAppSuite","2. Health Metrics","WebAppSanityPackage.Hba1c","WebAppSanityPackage.Hba1c","editTargetValid","edit Target - valid",""
"passed","Fri Dec 05 22:15:08 UTC 2025","Fri Dec 05 22:15:17 UTC 2025","8489","HabitNuWebAppSuite","4. Lifestyle and Social","WebAppSanityPackage.HabitsAppClass","WebAppSanityPackage.HabitsAppClass","case24","Click on Calender and edit  and save the details",""
"failed","Fri Dec 05 21:40:51 UTC 2025","Fri Dec 05 21:40:52 UTC 2025","1360","HabitNuWebAppSuite","1. Core and Authentication","WebAppSanityPackage.ProfileAppClass","WebAppSanityPackage.ProfileAppClass","case91","Click on Profile Dropdown and validate List of options",""
"passed","Fri Dec 05 22:15:06 UTC 2025","Fri Dec 05 22:15:06 UTC 2025","209","HabitNuWebAppSuite","4. Lifestyle and Social","WebAppSanityPackage.HabitsAppClass","WebAppSanityPackage.HabitsAppClass","case21","Single click on habit button and mark a red",""
"passed","Fri Dec 05 21:41:17 UTC 2025","Fri Dec 05 21:41:17 UTC 2025","740","HabitNuWebAppSuite","1. Core and Authentication","WebAppSanityPackage.GuidedTour","WebAppSanityPackage.GuidedTour","test10_navigatingtourpage3","And user is navigating from second slide to third slide and validating",""
"passed","Fri Dec 05 22:07:50 UTC 2025","Fri Dec 05 22:07:52 UTC 2025","1810","HabitNuWebAppSuite","3. Nutrition and Recipes","WebAppSanityPackage.recipeBuilder","WebAppSanityPackage.recipeBuilder","clickHereToViewFullRecipe","verify 'View full' recipe button",""
"passed","Fri Dec 05 22:08:52 UTC 2025","Fri Dec 05 22:08:58 UTC 2025","5350","HabitNuWebAppSuite","3. Nutrition and Recipes","WebAppSanityPackage.Myrecipes","WebAppSanityPackage.Myrecipes","test1_clickrecipes","Given user click on Recipe",""
"passed","Fri Dec 05 21:48:03 UTC 2025","Fri Dec 05 21:48:04 UTC 2025","606","HabitNuWebAppSuite","2. Health Metrics","WebAppSanityPackage.Medication","WebAppSanityPackage.Medication","case7","Creating new Medications details like selecting Frequency ",""
"passed","Fri Dec 05 22:09:33 UTC 2025","Fri Dec 05 22:09:33 UTC 2025","508","HabitNuWebAppSuite","3. Nutrition and Recipes","WebAppSanityPackage.Myrecipes","WebAppSanityPackage.Myrecipes","test17_navigatingrecipe","And User is able to delete the recipe",""
"passed","Fri Dec 05 22:04:02 UTC 2025","Fri Dec 05 22:04:52 UTC 2025","50334","HabitNuWebAppSuite","3. Nutrition and Recipes","WebAppSanityPackage.habiRecipe","WebAppSanityPackage.habiRecipe","case27_GenerateRecipeForLocalFood","Generate New Recipe for Local food preferences",""
"broken","Fri Dec 05 21:37:18 UTC 2025","Fri Dec 05 21:37:34 UTC 2025","15494","HabitNuWebAppSuite","1. Core and Authentication","WebAppSanityPackage.HomePage","WebAppSanityPackage.HomePage","testWeightProgressBarByAddingWeight","Verify the Weight progress bar updates correctly as Weight logs are added",""
"passed","Fri Dec 05 21:39:26 UTC 2025","Fri Dec 05 21:39:26 UTC 2025","278","HabitNuWebAppSuite","1. Core and Authentication","WebAppSanityPackage.ProfileAppClass","WebAppSanityPackage.ProfileAppClass","clickOnEditHealthParameters","Click on Health parameters edit → Should open edit mode",""
"broken","Fri Dec 05 21:46:10 UTC 2025","Fri Dec 05 21:46:11 UTC 2025","1946","HabitNuWebAppSuite","2. Health Metrics","WebAppSanityPackage.WebAppHealth_WeightSection","WebAppSanityPackage.WebAppHealth_WeightSection","graphcase1","Load web app -> Click on Health section -> Weight section -> click on three lines -> Click on graph -> click on filter as last week",""
"passed","Fri Dec 05 22:12:00 UTC 2025","Fri Dec 05 22:12:02 UTC 2025","1838","HabitNuWebAppSuite","3. Nutrition and Recipes","WebAppSanityPackage.WebAppClass","WebAppSanityPackage.WebAppClass","case20","Add food quantity as 0",""
"passed","Fri Dec 05 21:40:47 UTC 2025","Fri Dec 05 21:40:47 UTC 2025","411","HabitNuWebAppSuite","1. Core and Authentication","WebAppSanityPackage.ProfileAppClass","WebAppSanityPackage.ProfileAppClass","testToggleNotifications","Toggle notifications On/Off and validate state change",""
"broken","Fri Dec 05 21:38:44 UTC 2025","Fri Dec 05 21:38:55 UTC 2025","10582","HabitNuWebAppSuite","1. Core and Authentication","WebAppSanityPackage.ProfileAppClass","WebAppSanityPackage.ProfileAppClass","closeBasicInfoWithoutSaving","Click close without saving Basic information → No change expected",""
"passed","Fri Dec 05 21:58:48 UTC 2025","Fri Dec 05 21:58:49 UTC 2025","1293","HabitNuWebAppSuite","3. Nutrition and Recipes","WebAppSanityPackage.waterLog","WebAppSanityPackage.waterLog","case17","1183 ml Water Log",""
"passed","Fri Dec 05 22:05:00 UTC 2025","Fri Dec 05 22:05:01 UTC 2025","1234","HabitNuWebAppSuite","3. Nutrition and Recipes","WebAppSanityPackage.habiRecipe","WebAppSanityPackage.habiRecipe","case29_SelectLocalFoodRecipeFromList","Selecting the Generated Recipe and Logging It",""
"passed","Fri Dec 05 21:58:23 UTC 2025","Fri Dec 05 21:58:27 UTC 2025","3806","HabitNuWebAppSuite","3. Nutrition and Recipes","WebAppSanityPackage.waterLog","WebAppSanityPackage.waterLog","case2","8 oz Water Log",""
"passed","Fri Dec 05 21:40:35 UTC 2025","Fri Dec 05 21:40:39 UTC 2025","3704","HabitNuWebAppSuite","1. Core and Authentication","WebAppSanityPackage.ProfileAppClass","WebAppSanityPackage.ProfileAppClass","case82","Enter wrong current password and new password, click Change Password",""
"passed","Fri Dec 05 21:43:26 UTC 2025","Fri Dec 05 21:43:33 UTC 2025","7458","HabitNuWebAppSuite","2. Health Metrics","WebAppSanityPackage.Sugar_Section","WebAppSanityPackage.Sugar_Section","case1","Click on health tab and verify no data recorded yet in Blood Sugar section",""
"passed","Fri Dec 05 21:43:05 UTC 2025","Fri Dec 05 21:43:13 UTC 2025","7323","HabitNuWebAppSuite","2. Health Metrics","WebAppSanityPackage.Sugar_Section","WebAppSanityPackage.Sugar_Section","noTargetSet","verify no target case",""
"passed","Fri Dec 05 21:50:26 UTC 2025","Fri Dec 05 21:50:28 UTC 2025","2091","HabitNuWebAppSuite","2. Health Metrics","WebAppSanityPackage.ExerciseSection","WebAppSanityPackage.ExerciseSection","case2","Click on Exercise , click on add new button and add exercise for last year and and Total minutes of the day should be 0",""
"passed","Fri Dec 05 22:17:31 UTC 2025","Fri Dec 05 22:17:31 UTC 2025","416","HabitNuWebAppSuite","4. Lifestyle and Social","WebAppSanityPackage.Weights_lbs_Kgs","WebAppSanityPackage.Weights_lbs_Kgs","setNegativeTarget","enter negative target values and assert messages",""
"passed","Fri Dec 05 21:44:13 UTC 2025","Fri Dec 05 21:44:24 UTC 2025","10931","HabitNuWebAppSuite","2. Health Metrics","WebAppSanityPackage.Sugar_Section","WebAppSanityPackage.Sugar_Section","case9","verify added today data in Blood Sugar section as Fasting",""
"passed","Fri Dec 05 22:06:27 UTC 2025","Fri Dec 05 22:06:29 UTC 2025","1591","HabitNuWebAppSuite","3. Nutrition and Recipes","WebAppSanityPackage.habiRecipe","WebAppSanityPackage.habiRecipe","case34_SelectAllPreferencesRecipeFromList","Selecting the Generated Recipe and Logging It",""
"passed","Fri Dec 05 21:52:41 UTC 2025","Fri Dec 05 21:53:21 UTC 2025","39922","HabitNuWebAppSuite","3. Nutrition and Recipes","WebAppSanityPackage.foodGrouping","WebAppSanityPackage.foodGrouping","case1","Main Page Navigation",""
"passed","Fri Dec 05 21:41:18 UTC 2025","Fri Dec 05 21:41:19 UTC 2025","758","HabitNuWebAppSuite","1. Core and Authentication","WebAppSanityPackage.GuidedTour","WebAppSanityPackage.GuidedTour","test12_navigatingtourpage5","And user is navigating from fourth slide to fifth and validating",""
"passed","Fri Dec 05 21:50:48 UTC 2025","Fri Dec 05 21:50:50 UTC 2025","2508","HabitNuWebAppSuite","2. Health Metrics","WebAppSanityPackage.ExerciseSection","WebAppSanityPackage.ExerciseSection","case9","verify data should not be more than 100000 in exercise section",""
"passed","Fri Dec 05 21:36:55 UTC 2025","Fri Dec 05 21:36:55 UTC 2025","308","HabitNuWebAppSuite","1. Core and Authentication","WebAppSanityPackage.HomePage","WebAppSanityPackage.HomePage","testDeleteExercise","Verify the Exercise progress bar delete Exercise",""
"broken","Fri Dec 05 21:36:59 UTC 2025","Fri Dec 05 21:37:18 UTC 2025","19372","HabitNuWebAppSuite","1. Core and Authentication","WebAppSanityPackage.HomePage","WebAppSanityPackage.HomePage","testMealsProgressBarByAddingFood","Verify the Meals progress bar updates correctly as meals are added",""
"failed","Fri Dec 05 22:17:31 UTC 2025","Fri Dec 05 22:17:32 UTC 2025","943","HabitNuWebAppSuite","4. Lifestyle and Social","WebAppSanityPackage.Weights_lbs_Kgs","WebAppSanityPackage.Weights_lbs_Kgs","setValidTarget","enter valid Target",""
"passed","Fri Dec 05 22:15:07 UTC 2025","Fri Dec 05 22:15:08 UTC 2025","932","HabitNuWebAppSuite","4. Lifestyle and Social","WebAppSanityPackage.HabitsAppClass","WebAppSanityPackage.HabitsAppClass","case23","Click on Edit and edit the habit",""
"passed","Fri Dec 05 22:05:04 UTC 2025","Fri Dec 05 22:05:19 UTC 2025","14525","HabitNuWebAppSuite","3. Nutrition and Recipes","WebAppSanityPackage.habiRecipe","WebAppSanityPackage.habiRecipe","case31_SetAllPreferences"," All the Preferences",""
"broken","Fri Dec 05 21:46:14 UTC 2025","Fri Dec 05 21:46:26 UTC 2025","12232","HabitNuWebAppSuite","2. Health Metrics","WebAppSanityPackage.WebAppHealth_WeightSection","WebAppSanityPackage.WebAppHealth_WeightSection","graphcase5","Load web app -> Click on Health section -> Weight section -> click on ""i"" symbol",""
"passed","Fri Dec 05 21:42:40 UTC 2025","Fri Dec 05 21:42:44 UTC 2025","4063","HabitNuWebAppSuite","2. Health Metrics","WebAppSanityPackage.BloodPressure_Section","WebAppSanityPackage.BloodPressure_Section","case15_verifyNoDataMessageAndAddButton","[MAIN CARD] Verify Blood Pressure widget displays 'No data recorded yet' message and Add New button",""
"passed","Fri Dec 05 22:15:18 UTC 2025","Fri Dec 05 22:15:22 UTC 2025","3917","HabitNuWebAppSuite","4. Lifestyle and Social","WebAppSanityPackage.HabitsAppClass","WebAppSanityPackage.HabitsAppClass","case29","Click on Activate and add the habit back",""
"passed","Fri Dec 05 21:50:20 UTC 2025","Fri Dec 05 21:50:22 UTC 2025","1297","HabitNuWebAppSuite","2. Health Metrics","WebAppSanityPackage.ExerciseSection","WebAppSanityPackage.ExerciseSection","editTargetButDoNotSave","edit target values and do click on 'x' mark and do not save",""
"broken","Fri Dec 05 22:17:09 UTC 2025","Fri Dec 05 22:17:10 UTC 2025","1124","HabitNuWebAppSuite","4. Lifestyle and Social","WebAppSanityPackage.DiscussAppClass","WebAppSanityPackage.DiscussAppClass","Case13","Edit the post by adding a file (It should edit the post)",""
"passed","Fri Dec 05 22:02:04 UTC 2025","Fri Dec 05 22:02:09 UTC 2025","5249","HabitNuWebAppSuite","3. Nutrition and Recipes","WebAppSanityPackage.habiRecipe","WebAppSanityPackage.habiRecipe","case16_LogDietTypeRecipe","Selecting the  Generated Recipe of diet type and Logging It",""
"passed","Fri Dec 05 21:50:50 UTC 2025","Fri Dec 05 21:50:50 UTC 2025","195","HabitNuWebAppSuite","2. Health Metrics","WebAppSanityPackage.ExerciseSection","WebAppSanityPackage.ExerciseSection","case10","verify others data",""
"passed","Fri Dec 05 21:46:02 UTC 2025","Fri Dec 05 21:46:05 UTC 2025","2514","HabitNuWebAppSuite","2. Health Metrics","WebAppSanityPackage.WebAppHealth_WeightSection","WebAppSanityPackage.WebAppHealth_WeightSection","case8","Add data as blank",""
"passed","Fri Dec 05 22:14:20 UTC 2025","Fri Dec 05 22:14:21 UTC 2025","1236","HabitNuWebAppSuite","4. Lifestyle and Social","WebAppSanityPackage.HabitsAppClass","WebAppSanityPackage.HabitsAppClass","case9","Click on Edit and edit the habit",""
"passed","Fri Dec 05 22:08:59 UTC 2025","Fri Dec 05 22:09:10 UTC 2025","10401","HabitNuWebAppSuite","3. Nutrition and Recipes","WebAppSanityPackage.Myrecipes","WebAppSanityPackage.Myrecipes","test5_enterrecipe","When user is able to enter the fields",""
