"Status","Start Time","Stop Time","Duration in ms","Parent Suite","Suite","Sub Suite","Test Class","Test Method","Name","Description"
"passed","Thu Jul 30 04:21:26 UTC 2026","Thu Jul 30 04:21:29 UTC 2026","2940","tests.PlayWrightTests.CoachFacingPortal","test_Appointment_on_board","","","","test_TC013_copy_link_functionality[chromium]","Clipboard must contain a URL after clicking Copy Link in the modal."
"passed","Thu Jul 30 04:28:21 UTC 2026","Thu Jul 30 04:28:31 UTC 2026","9540","tests.PlayWrightTests.CoachFacingPortal","test_coaches_curated","TestUserPlaywright","","","test_navigate_chef_curated[chromium]",""
"failed","Thu Jul 30 04:24:35 UTC 2026","Thu Jul 30 04:24:40 UTC 2026","5002","tests.PlayWrightTests.CoachFacingPortal","test_Group_Interaction_Community","TestGroupInteractionCommunity","","","Verify Group Interaction Table Headers"," Verify all table headers are present: Interaction On, Update At, Duration (Mins), Interaction Type, Updated By, Session Name, Claimed and Actions. Also check for any unexpected extra headers."
"passed","Thu Jul 30 04:14:55 UTC 2026","Thu Jul 30 04:14:55 UTC 2026","8","tests.PlayWrightTests.CoachFacingPortal.UserData","test_patient_profile_demographic","TestPatientProfileDemographic","","","[coach] Demographic Profile - Validate Other Details labels",""
"passed","Thu Jul 30 04:12:03 UTC 2026","Thu Jul 30 04:12:06 UTC 2026","3122","tests.PlayWrightTests.CoachFacingPortal.UserData","test_allActivities","TestUserPlaywright","","","p49: Blood sugar list view — Validate GET /blood_sugars API entries fall within the filtered date range — Expected: All returned entries have dates within current month range",""
"passed","Thu Jul 30 03:41:49 UTC 2026","Thu Jul 30 03:41:50 UTC 2026","1067","tests.PlayWrightTests.CoachFacingPortal.DiscussionForum","test_discussion_CA_role","TestDiscussionForumPage","","","Given I am logged in, I am validating Post empty comment - error message",""
"passed","Thu Jul 30 04:12:52 UTC 2026","Thu Jul 30 04:12:52 UTC 2026","130","tests.PlayWrightTests.CoachFacingPortal.UserData","test_disenrollment","TestDisenrollment_demographicPage","","","Update Disenrollment Details With Empty Data",""
"passed","Thu Jul 30 04:19:25 UTC 2026","Thu Jul 30 04:19:31 UTC 2026","6650","tests.PlayWrightTests.CoachFacingPortal.UserData","test_patient_profile_demographic","TestPatientProfileDemographic","","","[coach] Program Details - Toggle Confirmed By Coach to True and verify refreshed recent timestamp",""
"broken","Thu Jul 30 04:33:27 UTC 2026","Thu Jul 30 04:33:27 UTC 2026","0","tests.PlayWrightTests.CoachFacingPortal","test_direct_message","TestAdminCoachDMBadge","","","TC03-TC04 – Admin DM: badge pill visible before open, clears after opening conversation","TC03: Admin nav badge must NOT be present on dashboard.
        TC04: DM badge pill appears briefly on entering DM section,
              then disappears once the conversation is opened.
        "
"passed","Thu Jul 30 03:47:22 UTC 2026","Thu Jul 30 03:48:05 UTC 2026","43096","tests.PlayWrightTests.CoachFacingPortal.DiscussionForum","test_discussion_coachRole","TestDiscussionForumPage","","","Given I am logged in, I am validating upload up to 5 files",""
"passed","Thu Jul 30 04:11:44 UTC 2026","Thu Jul 30 04:11:47 UTC 2026","2361","tests.PlayWrightTests.CoachFacingPortal.UserData","test_allActivities","TestUserPlaywright","","","p41: Tobacco count list view — Add new entry tobacco_count=3 via list form (cancel → close → save flow) — Expected: Entry saved successfully via list view add form",""
"passed","Thu Jul 30 03:42:19 UTC 2026","Thu Jul 30 03:42:23 UTC 2026","4033","tests.PlayWrightTests.CoachFacingPortal.DiscussionForum","test_discussion_CA_role","TestDiscussionForumPage","","","Given I am logged in, I am validating File upload - error (invalid type)",""
"passed","Thu Jul 30 04:25:38 UTC 2026","Thu Jul 30 04:25:49 UTC 2026","11007","tests.PlayWrightTests.CoachFacingPortal","test_coach_direct_message","TestUserPlaywright","","","p10: Switch to new tab, login to web app, and send a message to coach via Talk to My Coach",""
"passed","Thu Jul 30 04:14:47 UTC 2026","Thu Jul 30 04:14:47 UTC 2026","6","tests.PlayWrightTests.CoachFacingPortal.UserData","test_patient_profile_demographic","TestPatientProfileDemographic","","","[coach] Demographic Profile - Validate Scale Order Details section shows shipping status field",""
"passed","Thu Jul 30 04:14:29 UTC 2026","Thu Jul 30 04:14:39 UTC 2026","9681","tests.PlayWrightTests.CoachFacingPortal.UserData","test_patient_profile_demographic","TestPatientProfileDemographic","","","[coach] Demographic Profile - Validate Personal Details section renders all expected labels in correct order",""
"passed","Thu Jul 30 04:14:47 UTC 2026","Thu Jul 30 04:14:47 UTC 2026","6","tests.PlayWrightTests.CoachFacingPortal.UserData","test_patient_profile_demographic","TestPatientProfileDemographic","","","[customer admin] Demographic Profile - Validate Scale Order Details section shows shipping status field",""
"passed","Thu Jul 30 04:05:53 UTC 2026","Thu Jul 30 04:06:27 UTC 2026","34139","tests.PlayWrightTests.CoachFacingPortal.UserData","test_PatientProfileHealthProviders","TestPatientProfileHealthProviders","","","Verify adding new health providers to patient profile, validating required field errors and successful save",""
"passed","Thu Jul 30 04:25:56 UTC 2026","Thu Jul 30 04:25:57 UTC 2026","936","tests.PlayWrightTests.CoachFacingPortal","test_coach_direct_message","TestUserPlaywright","","","p12: Open the user conversation, send a chat message, and validate the unread badge near the user is no longer visible",""
"passed","Thu Jul 30 04:12:24 UTC 2026","Thu Jul 30 04:12:26 UTC 2026","2241","tests.PlayWrightTests.CoachFacingPortal.UserData","test_allActivities","TestUserPlaywright","","","p58: Body Composition list view — Apply date filter from 1st of current month to today — Expected: start_date <= end_date and filtered entries are shown",""
"passed","Thu Jul 30 03:51:41 UTC 2026","Thu Jul 30 03:51:43 UTC 2026","2124","tests.PlayWrightTests.CoachFacingPortal.Hub.Scheduler","test_scheduler","TestScheduler","","","validate coach can navigate to the Scheduler page",""
"passed","Thu Jul 30 04:26:29 UTC 2026","Thu Jul 30 04:26:35 UTC 2026","5500","tests.PlayWrightTests.CoachFacingPortal","test_coach_payer_type","TestPayerType","","","test_demographictab_and_payertypetab_payertype_options_matches[chromium]",""
"passed","Thu Jul 30 04:11:39 UTC 2026","Thu Jul 30 04:11:40 UTC 2026","1127","tests.PlayWrightTests.CoachFacingPortal.UserData","test_allActivities","TestUserPlaywright","","","p38: HbA1c list view — Click Export and verify CSV file is downloaded and non-empty — Expected: CSV file downloaded successfully with file size > 0",""
"broken","Thu Jul 30 04:36:49 UTC 2026","Thu Jul 30 04:37:19 UTC 2026","30000","tests.PlayWrightTests.CoachFacingPortal","test_plan_names","TestUserPlaywright","","","test_enable_globally[chromium]",""
"passed","Thu Jul 30 04:11:24 UTC 2026","Thu Jul 30 04:11:26 UTC 2026","1625","tests.PlayWrightTests.CoachFacingPortal.UserData","test_allActivities","TestUserPlaywright","","","p33: HbA1c — Open list view from activity card — Expected: HbA1c history table is displayed in list view",""
"passed","Thu Jul 30 03:46:37 UTC 2026","Thu Jul 30 03:46:43 UTC 2026","6118","tests.PlayWrightTests.CoachFacingPortal.DiscussionForum","test_discussion_coachRole","TestDiscussionForumPage","","","Given I am logged in, I am validating - Discussions module",""
"passed","Thu Jul 30 04:22:09 UTC 2026","Thu Jul 30 04:22:11 UTC 2026","2046","tests.PlayWrightTests.CoachFacingPortal","test_Appointment_on_board","","","","test_TC015_card_display_correctness[chromium]","TC015: No Today card is a past meeting. TC021: Times are in 12-hour AM/PM format."
"passed","Thu Jul 30 04:19:48 UTC 2026","Thu Jul 30 04:19:48 UTC 2026","425","tests.PlayWrightTests.CoachFacingPortal.UserData","test_water","TestUserPlaywright","","","p4: Check if the water table has data or shows 'NO DATA..'. If data exists: click the first row's action cell, validate modal opens, validate first two columns of modal table are visible, then close modal. Returns True if data exists, False if 'NO DATA..' is shown",""
"passed","Thu Jul 30 04:31:17 UTC 2026","Thu Jul 30 04:31:18 UTC 2026","1740","tests.PlayWrightTests.CoachFacingPortal","test_communication_logs","TestUserPlaywright","","","p1: Login to coach portal with valid credentials",""
"passed","Thu Jul 30 04:14:57 UTC 2026","Thu Jul 30 04:14:57 UTC 2026","176","tests.PlayWrightTests.CoachFacingPortal.UserData","test_patient_profile_demographic","TestPatientProfileDemographic","","","[coach] Other Details - Update language/transportation/smoking/billing fields and verify success toast",""
"passed","Thu Jul 30 04:12:18 UTC 2026","Thu Jul 30 04:12:21 UTC 2026","2807","tests.PlayWrightTests.CoachFacingPortal.UserData","test_allActivities","TestUserPlaywright","","","p55: Exercise list view — Validate GET /exercises API entries fall within the filtered date range — Expected: All returned entries have dates within current month range",""
"passed","Thu Jul 30 03:55:35 UTC 2026","Thu Jul 30 03:55:35 UTC 2026","85","tests.PlayWrightTests.CoachFacingPortal.LogClassSession","test_logClass","TestLogClassSession","","","Given coach is on logclass session page, when 'weight-date==10days back, -PA-delivery Mode' is added, then coach should be able to save log class session for a date which is 10 days old",""
"broken","Thu Jul 30 04:30:11 UTC 2026","Thu Jul 30 04:30:41 UTC 2026","30002","tests.PlayWrightTests.CoachFacingPortal","test_coaches_discussion","TestCoachesDiscussionEmoji","","","test_coachdiscuss_onhover_allemoji[chromium]",""
"passed","Thu Jul 30 04:11:11 UTC 2026","Thu Jul 30 04:11:15 UTC 2026","3324","tests.PlayWrightTests.CoachFacingPortal.UserData","test_allActivities","TestUserPlaywright","","","p28: Blood pressure list view — Edit today's entry and update systolic=130 diastolic=85 — Expected: Entry updated and saved successfully in list view",""
"passed","Thu Jul 30 04:14:40 UTC 2026","Thu Jul 30 04:14:41 UTC 2026","995","tests.PlayWrightTests.CoachFacingPortal.UserData","test_patient_profile_demographic","TestPatientProfileDemographic","","","[customer admin] Program Details - Enter edit mode and verify Cancel/Update controls are visible and cancellable",""
"failed","Thu Jul 30 03:36:51 UTC 2026","Thu Jul 30 03:37:03 UTC 2026","12346","tests.PlayWrightTests.CoachFacingPortal.AllCohortDashboardGraphs","test_additionalSummaryGraph","TestGraphAdditionalSummary","","","To ensure average weight loss data is displayed correctly",""
"passed","Thu Jul 30 04:26:35 UTC 2026","Thu Jul 30 04:26:43 UTC 2026","7756","tests.PlayWrightTests.CoachFacingPortal","test_coach_payer_type","TestPayerType","","","test_demographictab_and_payertypetab_edit_payertype_options_matches[chromium]",""
"passed","Thu Jul 30 04:11:33 UTC 2026","Thu Jul 30 04:11:36 UTC 2026","2969","tests.PlayWrightTests.CoachFacingPortal.UserData","test_allActivities","TestUserPlaywright","","","p36: HbA1c list view — Apply date filter from 1st of current month to today — Expected: start_date <= end_date and filtered entries are shown",""
"passed","Thu Jul 30 03:44:22 UTC 2026","Thu Jul 30 03:44:23 UTC 2026","397","tests.PlayWrightTests.CoachFacingPortal.DiscussionForum","test_discussion_CA_role","TestDiscussionForumPage","","","Given I am logged in, I am validating Edit Post - Close button",""
"broken","Thu Jul 30 03:51:45 UTC 2026","Thu Jul 30 03:52:15 UTC 2026","30173","tests.PlayWrightTests.CoachFacingPortal.Hub.Scheduler","test_scheduler","TestScheduler","","","validate all fields and controls are present on the Add Event form",""
"passed","Thu Jul 30 04:26:43 UTC 2026","Thu Jul 30 04:27:09 UTC 2026","26072","tests.PlayWrightTests.CoachFacingPortal","test_coach_payer_type","TestPayerType","","","test_payertype_reflected_in_profile[chromium]",""
"passed","Thu Jul 30 04:08:27 UTC 2026","Thu Jul 30 04:08:30 UTC 2026","3591","tests.PlayWrightTests.CoachFacingPortal.UserData","test_PatientProfilePayerType","TestPatientProfilePayerType","","","Verify editing group number of NDPP Commercial Insurance details",""
"passed","Thu Jul 30 03:35:46 UTC 2026","Thu Jul 30 03:35:52 UTC 2026","6484","tests.PlayWrightTests.CoachFacingPortal.AllCohortDashboardGraphs","test_additionalSummaryGraph","TestGraphAdditionalSummary","","","To ensure the user can scroll to the cohort name when it's not in view",""
"passed","Thu Jul 30 03:38:17 UTC 2026","Thu Jul 30 03:38:23 UTC 2026","5610","tests.PlayWrightTests.CoachFacingPortal.DSMEPARTICIPANT","test_dsme_participant_users","TestUserPlaywright","","","test_coach_login_dsme_cohort[chromium]",""
"failed","Thu Jul 30 04:24:52 UTC 2026","Thu Jul 30 04:24:52 UTC 2026","1","tests.PlayWrightTests.CoachFacingPortal","test_Group_Interaction_Community","TestGroupInteractionCommunity","","","AC7: Validate Community Interaction After Deleting Emoji Reaction","Delete an emoji reaction via API and verify Group Interaction table is updated accordingly"
"passed","Thu Jul 30 03:37:14 UTC 2026","Thu Jul 30 03:37:22 UTC 2026","8175","tests.PlayWrightTests.CoachFacingPortal.AllCohortDashboardGraphs","test_average_weightLossGraph","TestGraph_AverageWeightLossByCohort","","","To ensure the Avg weight loss for a cohort is zero when no weight data is present for that cohort",""
"passed","Thu Jul 30 04:14:43 UTC 2026","Thu Jul 30 04:14:43 UTC 2026","15","tests.PlayWrightTests.CoachFacingPortal.UserData","test_patient_profile_demographic","TestPatientProfileDemographic","","","[coach] Demographic Profile - Validate Contact Details section label set",""
"passed","Thu Jul 30 04:35:38 UTC 2026","Thu Jul 30 04:35:39 UTC 2026","1104","tests.PlayWrightTests.CoachFacingPortal","test_dsme_claims","TestDSMEClaims","","","test_ar_report_lists_insurance_claim[chromium]","Navigate to AR Report and verify the recently submitted Medicare claim
        is reflected in the Insurance row with a non-zero amount."
"passed","Thu Jul 30 04:11:08 UTC 2026","Thu Jul 30 04:11:10 UTC 2026","1607","tests.PlayWrightTests.CoachFacingPortal.UserData","test_allActivities","TestUserPlaywright","","","p26: Weight list view — Click Export and verify CSV file is downloaded and non-empty — Expected: CSV file downloaded successfully with file size > 0",""
"broken","Thu Jul 30 04:02:20 UTC 2026","Thu Jul 30 04:02:50 UTC 2026","30002","tests.PlayWrightTests.CoachFacingPortal.Milestones","test_ibc_milestone","TestIBC_Milestone","","","validate Week1 partially achieved should have Weight Loss : false",""
"passed","Thu Jul 30 04:15:08 UTC 2026","Thu Jul 30 04:15:08 UTC 2026","17","tests.PlayWrightTests.CoachFacingPortal.UserData","test_patient_profile_demographic","TestPatientProfileDemographic","","","[customer admin] Disability Details - Select Walking=Yes and verify selected value persists",""
"passed","Thu Jul 30 04:14:53 UTC 2026","Thu Jul 30 04:14:53 UTC 2026","3","tests.PlayWrightTests.CoachFacingPortal.UserData","test_patient_profile_demographic","TestPatientProfileDemographic","","","[coach] Baseline Health Data - Update BP/weight/HbA1c/height and verify successful update toast",""
"broken","Thu Jul 30 04:24:41 UTC 2026","Thu Jul 30 04:24:51 UTC 2026","10848","tests.PlayWrightTests.CoachFacingPortal","test_Group_Interaction_Community","TestGroupInteractionCommunity","","","AC5: Validate Community Interaction After Posting Message","Add a discussion post via API and verify it appears in the Group Interaction table using 'Today's Count' to bypass pagination limits"
"passed","Thu Jul 30 03:56:28 UTC 2026","Thu Jul 30 03:56:40 UTC 2026","12463","tests.PlayWrightTests.CoachFacingPortal.LogClassSession","test_logClass","TestLogClassSession","","","Verify coach can save log class session by adding weight, attendance date and PA",""
"passed","Thu Jul 30 03:52:48 UTC 2026","Thu Jul 30 03:52:48 UTC 2026","822","tests.PlayWrightTests.CoachFacingPortal.Learn","test_user_assignment","TestLearn","","","validate as admin, program assigned course should be displayed on clicking 'Manage Courses' button",""
"passed","Thu Jul 30 04:15:57 UTC 2026","Thu Jul 30 04:15:57 UTC 2026","3","tests.PlayWrightTests.CoachFacingPortal.UserData","test_patient_profile_demographic","TestPatientProfileDemographic","","","[coach] Personal Details - Update Middle Name scenario and verify persisted value or coach edit restriction",""
"passed","Thu Jul 30 04:11:26 UTC 2026","Thu Jul 30 04:11:30 UTC 2026","4293","tests.PlayWrightTests.CoachFacingPortal.UserData","test_allActivities","TestUserPlaywright","","","p34: HbA1c list view — Edit today's entry and update hba1c=12 — Expected: Entry updated and saved successfully in list view",""
"passed","Thu Jul 30 04:12:06 UTC 2026","Thu Jul 30 04:12:08 UTC 2026","1133","tests.PlayWrightTests.CoachFacingPortal.UserData","test_allActivities","TestUserPlaywright","","","p50: Blood sugar list view — Click Export and verify CSV file is downloaded and non-empty — Expected: CSV file downloaded successfully with file size > 0",""
"passed","Thu Jul 30 04:09:32 UTC 2026","Thu Jul 30 04:09:34 UTC 2026","2029","tests.PlayWrightTests.CoachFacingPortal.UserData","test_PatientProfilePreAuth","TestPatientProfilePreAuth","","","Verify successfully deleting the first Medicare - test1234 prior authorization record",""
"broken","Thu Jul 30 04:35:49 UTC 2026","Thu Jul 30 04:36:19 UTC 2026","30047","tests.PlayWrightTests.CoachFacingPortal","test_plan_names","TestUserPlaywright","","","test_navigating_feature_flags[chromium]",""
"passed","Thu Jul 30 03:35:32 UTC 2026","Thu Jul 30 03:35:46 UTC 2026","13619","tests.PlayWrightTests.CoachFacingPortal.AllCohortDashboardGraphs","test_additionalSummaryGraph","TestGraphAdditionalSummary","","","To ensure the summary table is visible only to Customer Admin users",""
"passed","Thu Jul 30 03:46:45 UTC 2026","Thu Jul 30 03:46:47 UTC 2026","2053","tests.PlayWrightTests.CoachFacingPortal.DiscussionForum","test_discussion_coachRole","TestDiscussionForumPage","","","Given I am logged in, I am validating Add subject and describe - success post",""
"passed","Thu Jul 30 04:25:22 UTC 2026","Thu Jul 30 04:25:23 UTC 2026","614","tests.PlayWrightTests.CoachFacingPortal","test_coach_direct_message","TestUserPlaywright","","","p6: Send a message from the chat textbox and validate sender, content, and timestamp",""
"passed","Thu Jul 30 04:31:34 UTC 2026","Thu Jul 30 04:32:03 UTC 2026","29360","tests.PlayWrightTests.CoachFacingPortal","test_communication_logs","TestUserPlaywright","","","p4: Send an email and verify that the status changes from 'Pending' to 'Completed'. Also validate the date and time format and verify the content and status color.","p4: Send a message and verify status changes from Pending to Complete within 1 minute"
"passed","Thu Jul 30 03:43:06 UTC 2026","Thu Jul 30 03:43:11 UTC 2026","5060","tests.PlayWrightTests.CoachFacingPortal.DiscussionForum","test_discussion_CA_role","TestDiscussionForumPage","","","Given I am logged in, I am validating upload up to 5 files with Description - Success",""
"broken","Thu Jul 30 04:05:22 UTC 2026","Thu Jul 30 04:05:52 UTC 2026","30001","tests.PlayWrightTests.CoachFacingPortal.Milestones","test_ibc_milestone","TestIBC_Milestone","","","validate when user add C1==1, meal==1, PA==1, weight==1, then week1 circle should turn green indicating success state",""
"passed","Thu Jul 30 04:10:51 UTC 2026","Thu Jul 30 04:10:56 UTC 2026","4865","tests.PlayWrightTests.CoachFacingPortal.UserData","test_allActivities","TestUserPlaywright","","","p20: Activities — Click Export and verify CSV file is downloaded and non-empty — Expected: CSV file downloaded successfully with file size > 0",""
"passed","Thu Jul 30 04:15:08 UTC 2026","Thu Jul 30 04:15:08 UTC 2026","24","tests.PlayWrightTests.CoachFacingPortal.UserData","test_patient_profile_demographic","TestPatientProfileDemographic","","","[customer admin] Disability Details - Validate each disability dropdown exposes exactly four options",""
"passed","Thu Jul 30 04:14:50 UTC 2026","Thu Jul 30 04:14:50 UTC 2026","8","tests.PlayWrightTests.CoachFacingPortal.UserData","test_patient_profile_demographic","TestPatientProfileDemographic","","","[coach] Demographic Profile - Validate Baseline Health Data labels",""
"passed","Thu Jul 30 03:53:08 UTC 2026","Thu Jul 30 03:53:16 UTC 2026","7261","tests.PlayWrightTests.CoachFacingPortal.Learn","test_user_assignment","TestLearn","","","validate user should see Learn courses/learn tab when course is assigned on user level but not on cohort level",""
"passed","Thu Jul 30 03:41:28 UTC 2026","Thu Jul 30 03:41:30 UTC 2026","2131","tests.PlayWrightTests.CoachFacingPortal.DSMEPARTICIPANT","test_sessiontab_users","TestUserPlaywright","","","test_03_verify_patient_classplanner_page[chromium]","Verify class planner page and navigation list"
"passed","Thu Jul 30 04:10:31 UTC 2026","Thu Jul 30 04:10:33 UTC 2026","1891","tests.PlayWrightTests.CoachFacingPortal.UserData","test_allActivities","TestUserPlaywright","","","p11: Blood Sugar entry — cancel, close and save blood_sugar=111 with readingTime=Fasting — Expected: Entry saved successfully; graph and table visible",""
"passed","Thu Jul 30 04:21:07 UTC 2026","Thu Jul 30 04:21:12 UTC 2026","4906","tests.PlayWrightTests.CoachFacingPortal","test_Appointment_on_board","","","","test_TC008_join_card_workflow[chromium]","Join button count==card count, clicking opens modal, modal content matches card."
"passed","Thu Jul 30 03:41:46 UTC 2026","Thu Jul 30 03:41:48 UTC 2026","2059","tests.PlayWrightTests.CoachFacingPortal.DiscussionForum","test_discussion_CA_role","TestDiscussionForumPage","","","Given I am logged in, I am validating Add subject and describe - success post",""
"broken","Thu Jul 30 04:34:10 UTC 2026","Thu Jul 30 04:34:10 UTC 2026","0","tests.PlayWrightTests.CoachFacingPortal","test_direct_message","TestHeadCoachDMBadge","","","TC13 – Head Coach: count decrements when an individual message is read","Badge count must decrease after opening one conversation."
"passed","Thu Jul 30 04:16:22 UTC 2026","Thu Jul 30 04:16:22 UTC 2026","3","tests.PlayWrightTests.CoachFacingPortal.UserData","test_patient_profile_demographic","TestPatientProfileDemographic","","","[coach] Personal Details - Update Last Name and verify persisted value or coach edit restriction",""
"passed","Thu Jul 30 04:12:29 UTC 2026","Thu Jul 30 04:12:30 UTC 2026","1534","tests.PlayWrightTests.CoachFacingPortal.UserData","test_allActivities","TestUserPlaywright","","","p60: Body Composition list view — Click Export and verify CSV file is downloaded and non-empty — Expected: CSV file downloaded successfully with file size > 0",""
"broken","Thu Jul 30 04:32:04 UTC 2026","Thu Jul 30 04:32:34 UTC 2026","30007","tests.PlayWrightTests.CoachFacingPortal","test_communication_logs","TestUserPlaywright","","","p6: Send a Push Notification message and verify that the status changes from 'Pending' to 'Completed'. Also validate the date and time format and verify the content and status color.","p6: Send a Push Notification message and verify status changes from Pending to Complete within 1 minute"
"broken","Thu Jul 30 04:03:51 UTC 2026","Thu Jul 30 04:04:21 UTC 2026","30001","tests.PlayWrightTests.CoachFacingPortal.Milestones","test_ibc_milestone","TestIBC_Milestone","","","validate Week1 partially achieved should have Approved: false",""
"passed","Thu Jul 30 04:08:23 UTC 2026","Thu Jul 30 04:08:27 UTC 2026","3320","tests.PlayWrightTests.CoachFacingPortal.UserData","test_PatientProfilePayerType","TestPatientProfilePayerType","","","Verify deleting the Medicare payer type record",""
"passed","Thu Jul 30 03:51:43 UTC 2026","Thu Jul 30 03:51:45 UTC 2026","1689","tests.PlayWrightTests.CoachFacingPortal.Hub.Scheduler","test_scheduler","TestScheduler","","","validate the dashboard's Upcoming Appointments widget shows 'No appointments found.' when there are none",""
"failed","Thu Jul 30 04:32:03 UTC 2026","Thu Jul 30 04:32:04 UTC 2026","1382","tests.PlayWrightTests.CoachFacingPortal","test_communication_logs","TestUserPlaywright","","","p5: Send an SMS message and verify that the status changes from 'Pending' to 'Completed'. Also validate the date and time format and verify the content and status color.","p5: Send an SMS message and verify status changes from Pending to Complete within 1 minute"
"passed","Thu Jul 30 04:12:21 UTC 2026","Thu Jul 30 04:12:22 UTC 2026","1653","tests.PlayWrightTests.CoachFacingPortal.UserData","test_allActivities","TestUserPlaywright","","","p56: Exercise list view — Click Export and verify CSV file is downloaded and non-empty — Expected: CSV file downloaded successfully with file size > 0",""
"passed","Thu Jul 30 04:31:32 UTC 2026","Thu Jul 30 04:31:34 UTC 2026","1262","tests.PlayWrightTests.CoachFacingPortal","test_communication_logs","TestUserPlaywright","","","p3: Validate error messages appear when trying to send message without channel type","p3: Validate error messages appear when trying to send message without channel type"
"passed","Thu Jul 30 04:25:03 UTC 2026","Thu Jul 30 04:25:17 UTC 2026","13983","tests.PlayWrightTests.CoachFacingPortal","test_coach_direct_message","TestUserPlaywright","","","p4: Send a new direct message to a user",""
"broken","Thu Jul 30 03:54:20 UTC 2026","Thu Jul 30 03:54:50 UTC 2026","30009","tests.PlayWrightTests.CoachFacingPortal.Learn","test_user_assignment","TestLearn","","","validate click through multiple courses and verify breadcrumb of course 1",""
"passed","Thu Jul 30 03:56:00 UTC 2026","Thu Jul 30 03:56:03 UTC 2026","2292","tests.PlayWrightTests.CoachFacingPortal.LogClassSession","test_logClass","TestLogClassSession","","","Verify error message == 'Weight is required' & 'Date is required' are displayed, when coach tries to save logclass session with only 'mins of activity'",""
"passed","Thu Jul 30 03:46:47 UTC 2026","Thu Jul 30 03:46:48 UTC 2026","834","tests.PlayWrightTests.CoachFacingPortal.DiscussionForum","test_discussion_coachRole","TestDiscussionForumPage","","","Given I am logged in, I am validating Add description only - success post",""
"passed","Thu Jul 30 04:10:56 UTC 2026","Thu Jul 30 04:10:56 UTC 2026","44","tests.PlayWrightTests.CoachFacingPortal.UserData","test_allActivities","TestUserPlaywright","","","p21: Weight — Open list view from activity card — Expected: Weight history table is displayed in list view",""
"passed","Thu Jul 30 04:24:52 UTC 2026","Thu Jul 30 04:24:53 UTC 2026","1110","tests.PlayWrightTests.CoachFacingPortal","test_coach_direct_message","TestUserPlaywright","","","p1: Login to coach portal with valid credentials",""
"broken","Thu Jul 30 04:34:10 UTC 2026","Thu Jul 30 04:34:10 UTC 2026","0","tests.PlayWrightTests.CoachFacingPortal","test_direct_message","TestHeadCoachDMBadge","","","TC12 – Head Coach: notification count resets when DM menu is clicked","Badge must drop to 0 after opening the first DM conversation."
"failed","Thu Jul 30 04:17:12 UTC 2026","Thu Jul 30 04:17:37 UTC 2026","24928","tests.PlayWrightTests.CoachFacingPortal.UserData","test_patient_profile_demographic","TestPatientProfileDemographic","","","[customer admin] Personal Details - Update Sex at Birth dropdown and verify stored value or coach restriction",""
"passed","Thu Jul 30 03:38:38 UTC 2026","Thu Jul 30 03:38:48 UTC 2026","10428","tests.PlayWrightTests.CoachFacingPortal.DSMEPARTICIPANT","test_dsme_participant_users","TestUserPlaywright","","","test_update_dsme_participant_status[chromium]",""
"passed","Thu Jul 30 04:09:40 UTC 2026","Thu Jul 30 04:09:53 UTC 2026","13449","tests.PlayWrightTests.CoachFacingPortal.UserData","test_PatientProfilePreAuth","TestPatientProfilePreAuth","","","Remove the added Medicare Payer Type from patient profile as final cleanup",""
"broken","Thu Jul 30 04:34:11 UTC 2026","Thu Jul 30 04:34:11 UTC 2026","0","tests.PlayWrightTests.CoachFacingPortal","test_direct_message","TestHeadCoachDMBadge","","","TC20 – Head Coach: badge and tooltip are accessible to screen readers","Badge should carry aria-label; xfail if missing (logged, not failed)."
"broken","Thu Jul 30 03:40:00 UTC 2026","Thu Jul 30 03:40:36 UTC 2026","36096","tests.PlayWrightTests.CoachFacingPortal.DSMEPARTICIPANT","test_dsme_participant_users","TestUserPlaywright","","","test_verify_coach_interaction_after_session_completion[chromium]",""
"passed","Thu Jul 30 04:14:50 UTC 2026","Thu Jul 30 04:14:53 UTC 2026","2472","tests.PlayWrightTests.CoachFacingPortal.UserData","test_patient_profile_demographic","TestPatientProfileDemographic","","","[customer admin] Baseline Health Data - Update BP/weight/HbA1c/height and verify successful update toast",""
"passed","Thu Jul 30 04:10:24 UTC 2026","Thu Jul 30 04:10:25 UTC 2026","972","tests.PlayWrightTests.CoachFacingPortal.UserData","test_allActivities","TestUserPlaywright","","","p5: Blood pressure API — Verify systolic=120 diastolic=80 saved in p4 is the latest entry — Expected: GET /blood_pressures latest entry has systolic=120 and diastolic=80",""
"passed","Thu Jul 30 04:12:09 UTC 2026","Thu Jul 30 04:12:12 UTC 2026","3257","tests.PlayWrightTests.CoachFacingPortal.UserData","test_allActivities","TestUserPlaywright","","","p52: Exercise list view — Edit today's entry and update steps=150 — Expected: Entry updated and saved successfully in list view",""
"passed","Thu Jul 30 04:13:32 UTC 2026","Thu Jul 30 04:13:37 UTC 2026","5464","tests.PlayWrightTests.CoachFacingPortal.UserData","test_disenrollment","TestDisenrollment_demographicPage","","","Update Disenrollment Details with Date and Reason",""
"failed","Thu Jul 30 04:04:21 UTC 2026","Thu Jul 30 04:04:21 UTC 2026","254","tests.PlayWrightTests.CoachFacingPortal.Milestones","test_ibc_milestone","TestIBC_Milestone","","","validate when user add meal let's say 5meals now to partially achieved week1, then week1 still should be partially achieved state and meal count in modal should update to 5",""
"broken","Thu Jul 30 04:00:50 UTC 2026","Thu Jul 30 04:01:20 UTC 2026","30002","tests.PlayWrightTests.CoachFacingPortal.Milestones","test_ibc_milestone","TestIBC_Milestone","","","validate user weight is displayed correctly",""
"passed","Thu Jul 30 04:11:20 UTC 2026","Thu Jul 30 04:11:23 UTC 2026","3089","tests.PlayWrightTests.CoachFacingPortal.UserData","test_allActivities","TestUserPlaywright","","","p31: Blood pressure list view — Validate GET /blood_pressures API entries fall within the filtered date range — Expected: All returned entries have dates within current month range",""
"passed","Thu Jul 30 04:13:37 UTC 2026","Thu Jul 30 04:13:43 UTC 2026","5465","tests.PlayWrightTests.CoachFacingPortal.UserData","test_disenrollment","TestDisenrollment_demographicPage","","","Update Disenrollment Details with Date and Reason",""
"passed","Thu Jul 30 03:42:00 UTC 2026","Thu Jul 30 03:42:09 UTC 2026","9079","tests.PlayWrightTests.CoachFacingPortal.DiscussionForum","test_discussion_CA_role","TestDiscussionForumPage","","","Given I am logged in, I am validating File upload - subject only - error",""
"passed","Thu Jul 30 03:55:28 UTC 2026","Thu Jul 30 03:55:29 UTC 2026","1377","tests.PlayWrightTests.CoachFacingPortal.LogClassSession","test_logClass","TestLogClassSession","","","Given I am logged in as coach to coach portal, when cohort's programDeliveryType!=Onsite, then Log class session module should not be available",""
"passed","Thu Jul 30 03:49:23 UTC 2026","Thu Jul 30 03:49:24 UTC 2026","868","tests.PlayWrightTests.CoachFacingPortal.DiscussionForum","test_discussion_coachRole","TestDiscussionForumPage","","","Given I am logged in, I am validating Pin The post",""
"passed","Thu Jul 30 03:44:15 UTC 2026","Thu Jul 30 03:44:21 UTC 2026","6214","tests.PlayWrightTests.CoachFacingPortal.DiscussionForum","test_discussion_CA_role","TestDiscussionForumPage","","","Given I am logged in, I am validating Edit Post - Upload File",""
"broken","Thu Jul 30 04:24:03 UTC 2026","Thu Jul 30 04:24:35 UTC 2026","31121","tests.PlayWrightTests.CoachFacingPortal","test_Group_Interaction_Community","TestGroupInteractionCommunity","","","Navigate to Group Interaction for Specific User","Navigate through the Coach Portal to reach the Group Interaction page for a specific user in the DailyStandUp_Cohort cohort."
"failed","Thu Jul 30 04:28:31 UTC 2026","Thu Jul 30 04:28:39 UTC 2026","8542","tests.PlayWrightTests.CoachFacingPortal","test_coaches_curated","TestUserPlaywright","","","test_add_curated[chromium]",""
"passed","Thu Jul 30 04:14:47 UTC 2026","Thu Jul 30 04:14:47 UTC 2026","6","tests.PlayWrightTests.CoachFacingPortal.UserData","test_patient_profile_demographic","TestPatientProfileDemographic","","","[customer admin] Demographic Profile - Validate Call Details labels for Call 1-6 and tracking notes",""
"passed","Thu Jul 30 04:14:47 UTC 2026","Thu Jul 30 04:14:47 UTC 2026","25","tests.PlayWrightTests.CoachFacingPortal.UserData","test_patient_profile_demographic","TestPatientProfileDemographic","","","[customer admin] Demographic Profile - Validate Disenrollment Details labels including Solera status",""
"passed","Thu Jul 30 03:47:17 UTC 2026","Thu Jul 30 03:47:18 UTC 2026","940","tests.PlayWrightTests.CoachFacingPortal.DiscussionForum","test_discussion_coachRole","TestDiscussionForumPage","","","Given I am logged in, I am validating verify file opened on clicking view button",""
"passed","Thu Jul 30 03:42:18 UTC 2026","Thu Jul 30 03:42:19 UTC 2026","854","tests.PlayWrightTests.CoachFacingPortal.DiscussionForum","test_discussion_CA_role","TestDiscussionForumPage","","","Given I am logged in, I am validating verify file opened on clicking view button",""
"passed","Thu Jul 30 03:41:30 UTC 2026","Thu Jul 30 03:41:36 UTC 2026","6216","tests.PlayWrightTests.CoachFacingPortal.DSMEPARTICIPANT","test_sessiontab_users","TestUserPlaywright","","","test_04_check_session_notes_management[chromium]","Delete existing session notes and add new ones"
"broken","Thu Jul 30 03:59:19 UTC 2026","Thu Jul 30 03:59:49 UTC 2026","30002","tests.PlayWrightTests.CoachFacingPortal.Milestones","test_ibc_milestone","TestIBC_Milestone","","","validate M0 milestone is achieved as a result of user filling banner and M0 should be in Blue color",""
"passed","Thu Jul 30 04:14:50 UTC 2026","Thu Jul 30 04:14:50 UTC 2026","568","tests.PlayWrightTests.CoachFacingPortal.UserData","test_patient_profile_demographic","TestPatientProfileDemographic","","","[coach] Call Details - Update call timestamps/track notes and verify successful update toast",""
"passed","Thu Jul 30 03:42:23 UTC 2026","Thu Jul 30 03:43:06 UTC 2026","43113","tests.PlayWrightTests.CoachFacingPortal.DiscussionForum","test_discussion_CA_role","TestDiscussionForumPage","","","Given I am logged in, I am validating upload up to 5 files",""
"passed","Thu Jul 30 03:49:21 UTC 2026","Thu Jul 30 03:49:21 UTC 2026","414","tests.PlayWrightTests.CoachFacingPortal.DiscussionForum","test_discussion_coachRole","TestDiscussionForumPage","","","Given I am logged in, I am validating Edit Post - Close button",""
"passed","Thu Jul 30 03:46:45 UTC 2026","Thu Jul 30 03:46:45 UTC 2026","26","tests.PlayWrightTests.CoachFacingPortal.DiscussionForum","test_discussion_coachRole","TestDiscussionForumPage","","","Given I am logged in, I am validating Mandatory fields input test case",""
"passed","Thu Jul 30 04:14:47 UTC 2026","Thu Jul 30 04:14:47 UTC 2026","212","tests.PlayWrightTests.CoachFacingPortal.UserData","test_patient_profile_demographic","TestPatientProfileDemographic","","","[coach] Address Details - Update address fields/state and verify successful update toast",""
"passed","Thu Jul 30 03:46:45 UTC 2026","Thu Jul 30 03:46:45 UTC 2026","63","tests.PlayWrightTests.CoachFacingPortal.DiscussionForum","test_discussion_coachRole","TestDiscussionForumPage","","","Given I am logged in, I am validating Mandatory fields - Subject only",""
"passed","Thu Jul 30 04:10:39 UTC 2026","Thu Jul 30 04:10:40 UTC 2026","861","tests.PlayWrightTests.CoachFacingPortal.UserData","test_allActivities","TestUserPlaywright","","","p17: Exercise API — Verify Other category entry nonsteps_mins=12 saved in p16 exists in GET /exercises — Expected: Entry found with nonsteps_mins=12 and steps=null",""
"passed","Thu Jul 30 03:46:32 UTC 2026","Thu Jul 30 03:46:37 UTC 2026","5065","tests.PlayWrightTests.CoachFacingPortal.DiscussionForum","test_discussion_CA_role","TestDiscussionForumPage","","","Given I am logged in, I am validating the file upload with .txt file",""
"failed","Thu Jul 30 04:18:03 UTC 2026","Thu Jul 30 04:18:27 UTC 2026","24915","tests.PlayWrightTests.CoachFacingPortal.UserData","test_patient_profile_demographic","TestPatientProfileDemographic","","","[customer admin] Personal Details - Update Marital Status dropdown and verify stored value or coach restriction",""
"passed","Thu Jul 30 04:13:13 UTC 2026","Thu Jul 30 04:13:20 UTC 2026","6998","tests.PlayWrightTests.CoachFacingPortal.UserData","test_disenrollment","TestDisenrollment_demographicPage","","","Update Disenrollment Details With Only Date",""
"passed","Thu Jul 30 03:46:45 UTC 2026","Thu Jul 30 03:46:45 UTC 2026","12","tests.PlayWrightTests.CoachFacingPortal.DiscussionForum","test_discussion_coachRole","TestDiscussionForumPage","","","Given I am logged in, I am validating Discussions - All elements check2",""
"passed","Thu Jul 30 03:46:43 UTC 2026","Thu Jul 30 03:46:45 UTC 2026","1481","tests.PlayWrightTests.CoachFacingPortal.DiscussionForum","test_discussion_coachRole","TestDiscussionForumPage","","","Given I am logged in, I am validating Discussions - All elements check",""
"passed","Thu Jul 30 04:11:30 UTC 2026","Thu Jul 30 04:11:33 UTC 2026","2363","tests.PlayWrightTests.CoachFacingPortal.UserData","test_allActivities","TestUserPlaywright","","","p35: HbA1c list view — Add new entry hba1c=6.5 via list form (cancel → close → save flow) — Expected: Entry saved successfully via list view add form",""
"passed","Thu Jul 30 03:41:36 UTC 2026","Thu Jul 30 03:41:39 UTC 2026","2309","tests.PlayWrightTests.CoachFacingPortal.DSMEPARTICIPANT","test_sessiontab_users","TestUserPlaywright","","","test_05_verify_session_notes_in_second_planner[chromium]","Verify notes in second class planner"
"passed","Thu Jul 30 03:55:46 UTC 2026","Thu Jul 30 03:55:49 UTC 2026","3360","tests.PlayWrightTests.CoachFacingPortal.LogClassSession","test_logClass","TestLogClassSession","","","Verify on clicking a searched participant, it should take to that participant's dashboard",""
"passed","Thu Jul 30 04:06:27 UTC 2026","Thu Jul 30 04:06:29 UTC 2026","1560","tests.PlayWrightTests.CoachFacingPortal.UserData","test_PatientProfileHealthProviders","TestPatientProfileHealthProviders","","","Verify successfully deleting a health provider from patient profile listing",""
"passed","Thu Jul 30 04:11:50 UTC 2026","Thu Jul 30 04:11:52 UTC 2026","2987","tests.PlayWrightTests.CoachFacingPortal.UserData","test_allActivities","TestUserPlaywright","","","p43: Tobacco count list view — Validate GET /tobacco_counts API entries fall within the filtered date range — Expected: All returned entries have dates within current month range",""
"passed","Thu Jul 30 03:51:31 UTC 2026","Thu Jul 30 03:51:31 UTC 2026","47","tests.PlayWrightTests.CoachFacingPortal.DiscussionForum","test_discussion_coachRole","TestDiscussionForumPage","","","Given I am logged in, I am validating the file upload with max size>10mb",""
"passed","Thu Jul 30 04:11:01 UTC 2026","Thu Jul 30 04:11:04 UTC 2026","2970","tests.PlayWrightTests.CoachFacingPortal.UserData","test_allActivities","TestUserPlaywright","","","p24: Weight list view — Apply date filter from 1st of current month to today — Expected: start_date <= end_date and filtered entries are shown",""
"broken","Thu Jul 30 04:34:11 UTC 2026","Thu Jul 30 04:34:11 UTC 2026","0","tests.PlayWrightTests.CoachFacingPortal","test_direct_message","TestHeadCoachDMBadge","","","TC17 – Head Coach: badge is properly aligned on the DM nav item","Badge must be adjacent to the nav item (within 50 px)."
"passed","Thu Jul 30 04:25:58 UTC 2026","Thu Jul 30 04:26:17 UTC 2026","19056","tests.PlayWrightTests.CoachFacingPortal","test_coach_payer_type","TestPayerType","","","test_edit_disabled[chromium]",""
"passed","Thu Jul 30 03:56:03 UTC 2026","Thu Jul 30 03:56:05 UTC 2026","2232","tests.PlayWrightTests.CoachFacingPortal.LogClassSession","test_logClass","TestLogClassSession","","","Verify error message == 'Weight is required' & 'Date is required' are displayed, when coach tries to save logclass session with only LF",""
"passed","Thu Jul 30 04:06:29 UTC 2026","Thu Jul 30 04:06:32 UTC 2026","3092","tests.PlayWrightTests.CoachFacingPortal.UserData","test_PatientProfileHealthProviders","TestPatientProfileHealthProviders","","","Verify editing a health provider's Practice Name details and checking updates reflect in the table",""
"passed","Thu Jul 30 04:06:32 UTC 2026","Thu Jul 30 04:06:32 UTC 2026","30","tests.PlayWrightTests.CoachFacingPortal.UserData","test_PatientProfileHealthProviders","TestPatientProfileHealthProviders","","","Verify persistent storage of edited health provider details",""
"broken","Thu Jul 30 04:04:51 UTC 2026","Thu Jul 30 04:05:21 UTC 2026","30002","tests.PlayWrightTests.CoachFacingPortal.Milestones","test_ibc_milestone","TestIBC_Milestone","","","validate when user add coach_interaction now to partially achieved week1, then week1 still should be partially achieved state and exercise count in modal should update to 1",""
"passed","Thu Jul 30 03:52:59 UTC 2026","Thu Jul 30 03:53:06 UTC 2026","7738","tests.PlayWrightTests.CoachFacingPortal.Learn","test_user_assignment","TestLearn","","","validate Admin should be able to assign courses on user level",""
"passed","Thu Jul 30 04:14:42 UTC 2026","Thu Jul 30 04:14:43 UTC 2026","996","tests.PlayWrightTests.CoachFacingPortal.UserData","test_patient_profile_demographic","TestPatientProfileDemographic","","","[coach] Program Details - Update Partner User Id and assert Payer Type remains non-editable/disabled",""
"passed","Thu Jul 30 04:19:48 UTC 2026","Thu Jul 30 04:19:49 UTC 2026","888","tests.PlayWrightTests.CoachFacingPortal.UserData","test_water","TestUserPlaywright","","","p5: Set Start Date to 14 days ago, check if data exists, and validate first row date falls within the start-end date range",""
"passed","Thu Jul 30 03:46:32 UTC 2026","Thu Jul 30 03:46:32 UTC 2026","45","tests.PlayWrightTests.CoachFacingPortal.DiscussionForum","test_discussion_CA_role","TestDiscussionForumPage","","","Given I am logged in, I am validating the file upload with max size>10mb",""
"passed","Thu Jul 30 04:34:14 UTC 2026","Thu Jul 30 04:34:34 UTC 2026","20223","tests.PlayWrightTests.CoachFacingPortal","test_dsme_claims","TestDSMEClaims","","","test_navigate_to_interaction_and_group_interaction[chromium]","Coach can navigate to the user's Interaction tab and see the Group Interaction section."
"passed","Thu Jul 30 03:41:50 UTC 2026","Thu Jul 30 03:41:51 UTC 2026","841","tests.PlayWrightTests.CoachFacingPortal.DiscussionForum","test_discussion_CA_role","TestDiscussionForumPage","","","Given I am logged in, I am validating post comment - success",""
"passed","Thu Jul 30 04:09:34 UTC 2026","Thu Jul 30 04:09:38 UTC 2026","3588","tests.PlayWrightTests.CoachFacingPortal.UserData","test_PatientProfilePreAuth","TestPatientProfilePreAuth","","","Verify editing prior authorization notes for Ethelyn",""
"passed","Thu Jul 30 04:15:08 UTC 2026","Thu Jul 30 04:15:08 UTC 2026","15","tests.PlayWrightTests.CoachFacingPortal.UserData","test_patient_profile_demographic","TestPatientProfileDemographic","","","[coach] Disability Details - Select Blind=No and verify selected value persists",""
"passed","Thu Jul 30 04:11:41 UTC 2026","Thu Jul 30 04:11:44 UTC 2026","3293","tests.PlayWrightTests.CoachFacingPortal.UserData","test_allActivities","TestUserPlaywright","","","p40: Tobacco count list view — Edit today's entry and update tobacco_count=6 — Expected: Entry updated and saved successfully in list view",""
"broken","Thu Jul 30 04:34:10 UTC 2026","Thu Jul 30 04:34:10 UTC 2026","0","tests.PlayWrightTests.CoachFacingPortal","test_direct_message","TestHeadCoachDMBadge","","","TC14 – Head Coach: notification count remains correct after page refresh","Badge count must survive a page refresh."
"passed","Thu Jul 30 03:44:12 UTC 2026","Thu Jul 30 03:44:14 UTC 2026","1233","tests.PlayWrightTests.CoachFacingPortal.DiscussionForum","test_discussion_CA_role","TestDiscussionForumPage","","","Given I am logged in, I am validating Edit Post - Subject only - Update - Success",""
"passed","Thu Jul 30 04:27:46 UTC 2026","Thu Jul 30 04:28:04 UTC 2026","18324","tests.PlayWrightTests.CoachFacingPortal","test_coaches_blood_sugar_notes","TestCoachesActivityBloodSugar","","","test_navigate_to_user_activities_and_blood_sugar_visible[chromium]","Coach can navigate to the user's Activities tab and see the Blood Sugar section."
"passed","Thu Jul 30 03:36:25 UTC 2026","Thu Jul 30 03:36:31 UTC 2026","6043","tests.PlayWrightTests.CoachFacingPortal.AllCohortDashboardGraphs","test_additionalSummaryGraph","TestGraphAdditionalSummary","","","To ensure attendance date updates after coach logs session",""
"failed","Thu Jul 30 04:24:52 UTC 2026","Thu Jul 30 04:24:52 UTC 2026","0","tests.PlayWrightTests.CoachFacingPortal","test_Group_Interaction_Community","TestGroupInteractionCommunity","","","AC6: Validate Community Interaction After Updating Emoji Reaction","Update an existing emoji reaction via API and verify Group Interaction table reflects the change"
"broken","Thu Jul 30 04:34:09 UTC 2026","Thu Jul 30 04:34:09 UTC 2026","0","tests.PlayWrightTests.CoachFacingPortal","test_direct_message","TestHeadCoachDMBadge","","","TC07 – Head Coach: badge count increments when a new DM arrives","Badge must show ≥1 after a new DM is received."
"passed","Thu Jul 30 04:15:08 UTC 2026","Thu Jul 30 04:15:08 UTC 2026","15","tests.PlayWrightTests.CoachFacingPortal.UserData","test_patient_profile_demographic","TestPatientProfileDemographic","","","[coach] Disability Details - Select Emotional=Yes and verify selected value persists",""
"passed","Thu Jul 30 04:11:04 UTC 2026","Thu Jul 30 04:11:08 UTC 2026","4354","tests.PlayWrightTests.CoachFacingPortal.UserData","test_allActivities","TestUserPlaywright","","","p25: Weight list view — Validate GET /weights API entries fall within the filtered date range — Expected: All returned entries have dates between start and end of current month",""
"broken","Thu Jul 30 04:34:09 UTC 2026","Thu Jul 30 04:34:09 UTC 2026","0","tests.PlayWrightTests.CoachFacingPortal","test_direct_message","TestHeadCoachDMBadge","","","TC09 – Head Coach: tooltip is displayed on badge hover","Tooltip must appear when hovering the DM badge."
"passed","Thu Jul 30 04:12:30 UTC 2026","Thu Jul 30 04:12:42 UTC 2026","11304","tests.PlayWrightTests.CoachFacingPortal.UserData","test_disenrollment","TestDisenrollment_demographicPage","","","To ensure Disenrollment Details are visible on profile page under Demographic Information for a user",""
"broken","Thu Jul 30 04:32:46 UTC 2026","Thu Jul 30 04:32:46 UTC 2026","0","tests.PlayWrightTests.CoachFacingPortal","test_direct_message","TestAdminCoachDMBadge","","","TC01 – TC02 Admin Role: DM badge visibility follows role permissions; Admin Hover State: no tooltip/count shown on hover","DM nav link must be visible/enabled; Admin must NOT show badge or tooltip on hover."
"passed","Thu Jul 30 04:15:08 UTC 2026","Thu Jul 30 04:15:08 UTC 2026","16","tests.PlayWrightTests.CoachFacingPortal.UserData","test_patient_profile_demographic","TestPatientProfileDemographic","","","[coach] Disability Details - Validate each disability dropdown exposes exactly four options",""
"passed","Thu Jul 30 03:55:42 UTC 2026","Thu Jul 30 03:55:46 UTC 2026","4047","tests.PlayWrightTests.CoachFacingPortal.LogClassSession","test_logClass","TestLogClassSession","","","Verify coach can Search Participant By ID in log class session page",""
"passed","Thu Jul 30 04:08:30 UTC 2026","Thu Jul 30 04:08:30 UTC 2026","7","tests.PlayWrightTests.CoachFacingPortal.UserData","test_PatientProfilePayerType","TestPatientProfilePayerType","","","Verify status is primary for NDPP Commercial Insurance",""
"passed","Thu Jul 30 03:56:05 UTC 2026","Thu Jul 30 03:56:07 UTC 2026","2247","tests.PlayWrightTests.CoachFacingPortal.LogClassSession","test_logClass","TestLogClassSession","","","Verify error message == 'Weight is required' & 'Date is required' are displayed, when coach tries to save logclass session with only MUP",""
"broken","Thu Jul 30 04:33:27 UTC 2026","Thu Jul 30 04:33:27 UTC 2026","0","tests.PlayWrightTests.CoachFacingPortal","test_direct_message","TestHeadCoachDMBadge","","","TC06 – Head Coach: notification badge displays unread count","Badge must be visible with count > 0 when unread DMs exist."
"passed","Thu Jul 30 03:41:16 UTC 2026","Thu Jul 30 03:41:23 UTC 2026","6314","tests.PlayWrightTests.CoachFacingPortal.DSMEPARTICIPANT","test_sessiontab_users","TestUserPlaywright","","","test_coach_login_dsme_cohort[chromium]",""
"passed","Thu Jul 30 03:42:18 UTC 2026","Thu Jul 30 03:42:18 UTC 2026","387","tests.PlayWrightTests.CoachFacingPortal.DiscussionForum","test_discussion_CA_role","TestDiscussionForumPage","","","Given I am logged in, I am validating verify file is not broken",""
"passed","Thu Jul 30 04:10:34 UTC 2026","Thu Jul 30 04:10:35 UTC 2026","479","tests.PlayWrightTests.CoachFacingPortal.UserData","test_allActivities","TestUserPlaywright","","","p13: Blood Sugar — Validate required field errors: value-only shows reading-time error; reading-time-only shows value error — Expected: Correct validation messages shown for each missing field",""
"passed","Thu Jul 30 03:41:51 UTC 2026","Thu Jul 30 03:42:00 UTC 2026","9050","tests.PlayWrightTests.CoachFacingPortal.DiscussionForum","test_discussion_CA_role","TestDiscussionForumPage","","","Given I am logged in, I am validating File upload - error",""
"skipped","Thu Jul 30 04:14:18 UTC 2026","Thu Jul 30 04:14:18 UTC 2026","0","tests.PlayWrightTests.CoachFacingPortal.UserData","test_disenrollment","TestDisenrollment_demographicPage","","","Update Disenrollment Details with Date, Reason code and reason",""
"passed","Thu Jul 30 04:26:17 UTC 2026","Thu Jul 30 04:26:22 UTC 2026","4111","tests.PlayWrightTests.CoachFacingPortal","test_coach_payer_type","TestPayerType","","","test_limited_payer_charge_entry_form[chromium]",""
"passed","Thu Jul 30 04:12:00 UTC 2026","Thu Jul 30 04:12:03 UTC 2026","2968","tests.PlayWrightTests.CoachFacingPortal.UserData","test_allActivities","TestUserPlaywright","","","p48: Blood sugar list view — Apply date filter from 1st of current month to today — Expected: start_date <= end_date and filtered entries are shown",""
"passed","Thu Jul 30 04:14:55 UTC 2026","Thu Jul 30 04:14:55 UTC 2026","2","tests.PlayWrightTests.CoachFacingPortal.UserData","test_patient_profile_demographic","TestPatientProfileDemographic","","","[coach] CDC Details - Update enrollment/risk/education fields and verify successful update toast",""
"passed","Thu Jul 30 03:47:18 UTC 2026","Thu Jul 30 03:47:22 UTC 2026","4032","tests.PlayWrightTests.CoachFacingPortal.DiscussionForum","test_discussion_coachRole","TestDiscussionForumPage","","","Given I am logged in, I am validating File upload - error (invalid type)",""
"passed","Thu Jul 30 03:52:17 UTC 2026","Thu Jul 30 03:52:19 UTC 2026","1945","tests.PlayWrightTests.CoachFacingPortal.Hub.Scheduler","test_scheduler","TestScheduler","","","validate deleting the event removes it from both the Scheduler List view and the dashboard's Upcoming Appointments widget",""
"passed","Thu Jul 30 03:52:16 UTC 2026","Thu Jul 30 03:52:16 UTC 2026","485","tests.PlayWrightTests.CoachFacingPortal.Hub.Scheduler","test_scheduler","TestScheduler","","","validate the newly created event is listed on the Scheduler List view",""
"passed","Thu Jul 30 04:16:47 UTC 2026","Thu Jul 30 04:16:47 UTC 2026","2","tests.PlayWrightTests.CoachFacingPortal.UserData","test_patient_profile_demographic","TestPatientProfileDemographic","","","[coach] Personal Details - Update Race/Ethnicity Additional Info and verify persistence or coach restriction",""
"passed","Thu Jul 30 03:42:09 UTC 2026","Thu Jul 30 03:42:18 UTC 2026","9072","tests.PlayWrightTests.CoachFacingPortal.DiscussionForum","test_discussion_CA_role","TestDiscussionForumPage","","","Given I am logged in, I am validating File upload - description only - success",""
"passed","Thu Jul 30 03:51:30 UTC 2026","Thu Jul 30 03:51:31 UTC 2026","41","tests.PlayWrightTests.CoachFacingPortal.DiscussionForum","test_discussion_coachRole","TestDiscussionForumPage","","","Given I am logged in, I am validating the file upload tooltip",""
"passed","Thu Jul 30 03:41:46 UTC 2026","Thu Jul 30 03:41:46 UTC 2026","40","tests.PlayWrightTests.CoachFacingPortal.DiscussionForum","test_discussion_CA_role","TestDiscussionForumPage","","","Given I am logged in, I am validating Mandatory fields input test case",""
"passed","Thu Jul 30 04:19:33 UTC 2026","Thu Jul 30 04:19:48 UTC 2026","14221","tests.PlayWrightTests.CoachFacingPortal.UserData","test_water","TestUserPlaywright","","","p2: Access water section for a specific user in a cohort",""
"passed","Thu Jul 30 04:23:12 UTC 2026","Thu Jul 30 04:23:16 UTC 2026","4071","tests.PlayWrightTests.CoachFacingPortal","test_Appointment_on_board","","","","test_overnight_meeting_in_today[chromium]","An 11:30 PM cross-midnight session must appear in the Today view. (covers TC019 + TC022)

    A meeting seeded at 11:30 PM tonight (60-min, ending 12:30 AM) is created at setup.
    The Today filter must include it because the session starts today.
    Falls back to scanning live 11:xx PM cards if the suite ran after 11:00 PM CDT.
    "
"passed","Thu Jul 30 03:44:23 UTC 2026","Thu Jul 30 03:44:25 UTC 2026","2043","tests.PlayWrightTests.CoachFacingPortal.DiscussionForum","test_discussion_CA_role","TestDiscussionForumPage","","","Given I am logged in, I am validating Click Delete - Cancel",""
"failed","Thu Jul 30 04:24:52 UTC 2026","Thu Jul 30 04:24:52 UTC 2026","1","tests.PlayWrightTests.CoachFacingPortal","test_Group_Interaction_Community","TestGroupInteractionCommunity","","","AC5: Validate Community Interaction After Adding Emoji Reaction","Test that adding an emoji reaction creates/updates a Community Interaction entry"
"broken","Thu Jul 30 04:34:09 UTC 2026","Thu Jul 30 04:34:09 UTC 2026","0","tests.PlayWrightTests.CoachFacingPortal","test_direct_message","TestHeadCoachDMBadge","","","TC11 – Head Coach: badge count and tooltip count match exactly","Badge count and tooltip numeric value must match."
"failed","Thu Jul 30 04:15:32 UTC 2026","Thu Jul 30 04:15:57 UTC 2026","24923","tests.PlayWrightTests.CoachFacingPortal.UserData","test_patient_profile_demographic","TestPatientProfileDemographic","","","[customer admin] Personal Details - Update Middle Name scenario and verify persisted value or coach edit restriction",""
"failed","Thu Jul 30 04:34:34 UTC 2026","Thu Jul 30 04:34:57 UTC 2026","22810","tests.PlayWrightTests.CoachFacingPortal","test_dsme_claims","TestDSMEClaims","","","test_create_group_session_and_generate_claim[chromium]","Create a 30-min group session via dropdown with a unique date, check item, generate claim,
        and verify the circle status changes from red to green."
"passed","Thu Jul 30 03:49:13 UTC 2026","Thu Jul 30 03:49:14 UTC 2026","1196","tests.PlayWrightTests.CoachFacingPortal.DiscussionForum","test_discussion_coachRole","TestDiscussionForumPage","","","Given I am logged in, I am validating Edit Post - Description only - Success",""
"passed","Thu Jul 30 03:49:14 UTC 2026","Thu Jul 30 03:49:19 UTC 2026","5695","tests.PlayWrightTests.CoachFacingPortal.DiscussionForum","test_discussion_coachRole","TestDiscussionForumPage","","","Given I am logged in, I am validating Edit Post - Upload File",""
"passed","Thu Jul 30 04:10:33 UTC 2026","Thu Jul 30 04:10:34 UTC 2026","1021","tests.PlayWrightTests.CoachFacingPortal.UserData","test_allActivities","TestUserPlaywright","","","p12: Blood Sugar API — Verify blood_sugar=111 with Fasting saved in p11 exists in GET /blood_sugars — Expected: API returns at least one entry with value=111 and readingTime=Fasting",""
"failed","Thu Jul 30 04:25:27 UTC 2026","Thu Jul 30 04:25:33 UTC 2026","6054","tests.PlayWrightTests.CoachFacingPortal","test_coach_direct_message","TestUserPlaywright","","","p8: Navigate to a cohort with no users (Abd_17) and validate Direct Message empty state",""
"passed","Thu Jul 30 04:19:31 UTC 2026","Thu Jul 30 04:19:33 UTC 2026","1955","tests.PlayWrightTests.CoachFacingPortal.UserData","test_water","TestUserPlaywright","","","p1: Login to coach portal with valid credentials",""
"passed","Thu Jul 30 04:15:08 UTC 2026","Thu Jul 30 04:15:08 UTC 2026","15","tests.PlayWrightTests.CoachFacingPortal.UserData","test_patient_profile_demographic","TestPatientProfileDemographic","","","[coach] Disability Details - Select Walking=Yes and verify selected value persists",""
"passed","Thu Jul 30 04:20:36 UTC 2026","Thu Jul 30 04:20:40 UTC 2026","3946","tests.PlayWrightTests.CoachFacingPortal","test_Appointment_on_board","","","","test_TC003_badge_count_matches_today_cards[chromium]","<span class='count'> must equal the number of visible appointment cards."
"passed","Thu Jul 30 03:56:07 UTC 2026","Thu Jul 30 03:56:13 UTC 2026","6199","tests.PlayWrightTests.CoachFacingPortal.LogClassSession","test_logClass","TestLogClassSession","","","Verify error message == 'Weight is required' is displayed, when coach tries to save logclass session with a negative value",""
"passed","Thu Jul 30 04:09:38 UTC 2026","Thu Jul 30 04:09:40 UTC 2026","2039","tests.PlayWrightTests.CoachFacingPortal.UserData","test_PatientProfilePreAuth","TestPatientProfilePreAuth","","","Verify persistent storage of edited prior authorization and cleanup removal",""
"passed","Thu Jul 30 04:14:50 UTC 2026","Thu Jul 30 04:14:50 UTC 2026","9","tests.PlayWrightTests.CoachFacingPortal.UserData","test_patient_profile_demographic","TestPatientProfileDemographic","","","[customer admin] Demographic Profile - Validate Baseline Health Data labels",""
"passed","Thu Jul 30 04:14:43 UTC 2026","Thu Jul 30 04:14:43 UTC 2026","16","tests.PlayWrightTests.CoachFacingPortal.UserData","test_patient_profile_demographic","TestPatientProfileDemographic","","","[customer admin] Demographic Profile - Validate Contact Details section label set",""
"passed","Thu Jul 30 04:19:48 UTC 2026","Thu Jul 30 04:19:48 UTC 2026","5","tests.PlayWrightTests.CoachFacingPortal.UserData","test_water","TestUserPlaywright","","","p3: Validate Start Date default value is last week from today and End Date default value is today",""
"passed","Thu Jul 30 04:11:10 UTC 2026","Thu Jul 30 04:11:11 UTC 2026","1648","tests.PlayWrightTests.CoachFacingPortal.UserData","test_allActivities","TestUserPlaywright","","","p27: Blood pressure — Open list view from activity card — Expected: Blood pressure history table is displayed in list view",""
"broken","Thu Jul 30 04:29:41 UTC 2026","Thu Jul 30 04:30:11 UTC 2026","30002","tests.PlayWrightTests.CoachFacingPortal","test_coaches_discussion","TestCoachesDiscussionEmoji","","","test_coachdiscuss_emoji[chromium]",""
"passed","Thu Jul 30 04:14:53 UTC 2026","Thu Jul 30 04:14:53 UTC 2026","9","tests.PlayWrightTests.CoachFacingPortal.UserData","test_patient_profile_demographic","TestPatientProfileDemographic","","","[coach] Demographic Profile - Validate CDC Details labels and control visibility",""
"passed","Thu Jul 30 03:55:21 UTC 2026","Thu Jul 30 03:55:28 UTC 2026","6889","tests.PlayWrightTests.CoachFacingPortal.LogClassSession","test_logClass","TestLogClassSession","","","Given I am logged in as coach to coach portal, when cohort's programDeliveryType==Onsite, then Log class session module should be available",""
"broken","Thu Jul 30 03:58:17 UTC 2026","Thu Jul 30 03:58:47 UTC 2026","30002","tests.PlayWrightTests.CoachFacingPortal.Milestones","test_cdc_milestone","TestCDCMilestone","","","Functionality: log 20 core sessions and verify milestone",""
"broken","Thu Jul 30 04:21:33 UTC 2026","Thu Jul 30 04:22:05 UTC 2026","32068","tests.PlayWrightTests.CoachFacingPortal","test_Appointment_on_board","","","","test_TC014_cohort_dropdown_refreshes_list[chromium]","Switching the cohort dropdown refreshes the appointment list."
"passed","Thu Jul 30 04:07:34 UTC 2026","Thu Jul 30 04:08:23 UTC 2026","49362","tests.PlayWrightTests.CoachFacingPortal.UserData","test_PatientProfilePayerType","TestPatientProfilePayerType","","","Verify adding NDPP and Medicare payer types, validating selection error and successful save",""
"passed","Thu Jul 30 03:41:46 UTC 2026","Thu Jul 30 03:41:46 UTC 2026","59","tests.PlayWrightTests.CoachFacingPortal.DiscussionForum","test_discussion_CA_role","TestDiscussionForumPage","","","Given I am logged in, I am validating Mandatory fields - Subject only",""
"passed","Thu Jul 30 04:11:17 UTC 2026","Thu Jul 30 04:11:20 UTC 2026","2967","tests.PlayWrightTests.CoachFacingPortal.UserData","test_allActivities","TestUserPlaywright","","","p30: Blood pressure list view — Apply date filter from 1st of current month to today — Expected: start_date <= end_date and filtered entries are shown",""
"passed","Thu Jul 30 03:36:31 UTC 2026","Thu Jul 30 03:36:51 UTC 2026","19839","tests.PlayWrightTests.CoachFacingPortal.AllCohortDashboardGraphs","test_additionalSummaryGraph","TestGraphAdditionalSummary","","","To ensure attendance date updates when session is present for onlineCohorts",""
"passed","Thu Jul 30 03:41:23 UTC 2026","Thu Jul 30 03:41:28 UTC 2026","5285","tests.PlayWrightTests.CoachFacingPortal.DSMEPARTICIPANT","test_sessiontab_users","TestUserPlaywright","","","test_02_navigate_to_dsme_classplanner_tab[chromium]","Navigate to Class Planner and select patient"
"broken","Thu Jul 30 04:34:09 UTC 2026","Thu Jul 30 04:34:09 UTC 2026","0","tests.PlayWrightTests.CoachFacingPortal","test_direct_message","TestHeadCoachDMBadge","","","TC10 – Head Coach: tooltip shows correct participant count text","Tooltip must contain a digit or the word 'participant'."
"passed","Thu Jul 30 04:10:31 UTC 2026","Thu Jul 30 04:10:31 UTC 2026","772","tests.PlayWrightTests.CoachFacingPortal.UserData","test_allActivities","TestUserPlaywright","","","p10: Tobacco API — Verify tobacco_count=5 saved in p9 is the latest entry — Expected: GET /tobacco_counts latest entry has value=5",""
"broken","Thu Jul 30 04:02:50 UTC 2026","Thu Jul 30 04:03:20 UTC 2026","30000","tests.PlayWrightTests.CoachFacingPortal.Milestones","test_ibc_milestone","TestIBC_Milestone","","","validate Week1 partially achieved should have Minimum Weight in week : <value>",""
"passed","Thu Jul 30 04:19:18 UTC 2026","Thu Jul 30 04:19:18 UTC 2026","4","tests.PlayWrightTests.CoachFacingPortal.UserData","test_patient_profile_demographic","TestPatientProfileDemographic","","","[coach] Personal Details - Remove Ethnicity and Race value and verify reset state or coach restriction",""
"passed","Thu Jul 30 04:13:05 UTC 2026","Thu Jul 30 04:13:13 UTC 2026","7563","tests.PlayWrightTests.CoachFacingPortal.UserData","test_disenrollment","TestDisenrollment_demographicPage","","","Update Disenrollment Details With Only Date",""
"passed","Thu Jul 30 04:14:55 UTC 2026","Thu Jul 30 04:14:55 UTC 2026","12","tests.PlayWrightTests.CoachFacingPortal.UserData","test_patient_profile_demographic","TestPatientProfileDemographic","","","[customer admin] Demographic Profile - Validate Other Details labels",""
"passed","Thu Jul 30 04:07:31 UTC 2026","Thu Jul 30 04:07:33 UTC 2026","2034","tests.PlayWrightTests.CoachFacingPortal.UserData","test_PatientProfileImmunizations","TestPatientProfileImmunizations","","","Remove the parainfluenza-3 immunization as final cleanup and verify list is empty",""
"broken","Thu Jul 30 03:37:32 UTC 2026","Thu Jul 30 03:38:17 UTC 2026","44265","tests.PlayWrightTests.CoachFacingPortal.AllCohortDashboardGraphs","test_average_weightLossGraph","TestGraph_AverageWeightLossByCohort","","","To ensure the average weight loss graph data is correct which is validate via UI",""
"passed","Thu Jul 30 04:12:51 UTC 2026","Thu Jul 30 04:12:51 UTC 2026","14","tests.PlayWrightTests.CoachFacingPortal.UserData","test_disenrollment","TestDisenrollment_demographicPage","","","Verify Disenrollment Details labels",""
"passed","Thu Jul 30 04:15:08 UTC 2026","Thu Jul 30 04:15:08 UTC 2026","16","tests.PlayWrightTests.CoachFacingPortal.UserData","test_patient_profile_demographic","TestPatientProfileDemographic","","","[coach] Disability Details - Select Remembering=Unknown and verify selected value persists",""
"failed","Thu Jul 30 04:15:57 UTC 2026","Thu Jul 30 04:16:22 UTC 2026","24960","tests.PlayWrightTests.CoachFacingPortal.UserData","test_patient_profile_demographic","TestPatientProfileDemographic","","","[customer admin] Personal Details - Update Last Name and verify persisted value or coach edit restriction",""
"broken","Thu Jul 30 03:59:50 UTC 2026","Thu Jul 30 04:00:20 UTC 2026","30001","tests.PlayWrightTests.CoachFacingPortal.Milestones","test_ibc_milestone","TestIBC_Milestone","","","validate M1 milestone is achieved as a result of user filling banner and M1 should be in Blue color",""
"passed","Thu Jul 30 03:46:59 UTC 2026","Thu Jul 30 03:47:08 UTC 2026","9063","tests.PlayWrightTests.CoachFacingPortal.DiscussionForum","test_discussion_coachRole","TestDiscussionForumPage","","","Given I am logged in, I am validating File upload - subject only - error",""
"broken","Thu Jul 30 03:40:36 UTC 2026","Thu Jul 30 03:41:12 UTC 2026","35417","tests.PlayWrightTests.CoachFacingPortal.DSMEPARTICIPANT","test_dsme_participant_users","TestUserPlaywright","","","test_delete_coach_interaction_and_verify_status[chromium]",""
"passed","Thu Jul 30 03:36:14 UTC 2026","Thu Jul 30 03:36:21 UTC 2026","6388","tests.PlayWrightTests.CoachFacingPortal.AllCohortDashboardGraphs","test_additionalSummaryGraph","TestGraphAdditionalSummary","","","To ensure the empty state is displayed correctly for cohorts whose DPP date is one year older",""
"broken","Thu Jul 30 04:35:23 UTC 2026","Thu Jul 30 04:35:38 UTC 2026","15003","tests.PlayWrightTests.CoachFacingPortal","test_dsme_claims","TestDSMEClaims","","","test_submit_claim_and_view_history[chromium]","Submit the recently saved claim and verify claim history contains entries."
"passed","Thu Jul 30 04:14:39 UTC 2026","Thu Jul 30 04:14:39 UTC 2026","95","tests.PlayWrightTests.CoachFacingPortal.UserData","test_patient_profile_demographic","TestPatientProfileDemographic","","","[coach] Demographic Profile - Validate Program Details labels and presence of Confirmed By Coach/Participant controls",""
"passed","Thu Jul 30 03:37:22 UTC 2026","Thu Jul 30 03:37:32 UTC 2026","10202","tests.PlayWrightTests.CoachFacingPortal.AllCohortDashboardGraphs","test_average_weightLossGraph","TestGraph_AverageWeightLossByCohort","","","To ensure the Avg weight loss for a cohort is calculated correctly",""
"passed","Thu Jul 30 04:11:55 UTC 2026","Thu Jul 30 04:11:58 UTC 2026","3275","tests.PlayWrightTests.CoachFacingPortal.UserData","test_allActivities","TestUserPlaywright","","","p46: Blood sugar list view — Edit today's entry and update blood_sugar=115 with readingTime=After Meal — Expected: Entry updated and saved successfully in list view",""
"passed","Thu Jul 30 04:11:47 UTC 2026","Thu Jul 30 04:11:50 UTC 2026","2950","tests.PlayWrightTests.CoachFacingPortal.UserData","test_allActivities","TestUserPlaywright","","","p42: Tobacco count list view — Apply date filter from 1st of current month to today — Expected: start_date <= end_date and filtered entries are shown",""
"passed","Thu Jul 30 03:56:53 UTC 2026","Thu Jul 30 03:56:54 UTC 2026","480","tests.PlayWrightTests.CoachFacingPortal.LogClassSession","test_logClass","TestLogClassSession","","","Verify coach can save log class session by adding weight, attendance date, PA, LF and MUP - In Person Mode",""
"passed","Thu Jul 30 04:14:45 UTC 2026","Thu Jul 30 04:14:45 UTC 2026","176","tests.PlayWrightTests.CoachFacingPortal.UserData","test_patient_profile_demographic","TestPatientProfileDemographic","","","[coach] Contact Details - Update phone fields and verify successful update toast",""
"broken","Thu Jul 30 04:29:09 UTC 2026","Thu Jul 30 04:29:39 UTC 2026","30011","tests.PlayWrightTests.CoachFacingPortal","test_coaches_curated","TestUserPlaywright","","","test_archive_curated[chromium]",""
"passed","Thu Jul 30 04:17:12 UTC 2026","Thu Jul 30 04:17:12 UTC 2026","2","tests.PlayWrightTests.CoachFacingPortal.UserData","test_patient_profile_demographic","TestPatientProfileDemographic","","","[coach] Personal Details - Update Preferred Name and verify persisted value or coach edit restriction",""
"passed","Thu Jul 30 04:15:08 UTC 2026","Thu Jul 30 04:15:08 UTC 2026","55","tests.PlayWrightTests.CoachFacingPortal.UserData","test_patient_profile_demographic","TestPatientProfileDemographic","","","[customer admin] Disability Details - Select Emotional=Yes and verify selected value persists",""
"passed","Thu Jul 30 04:10:19 UTC 2026","Thu Jul 30 04:10:22 UTC 2026","2496","tests.PlayWrightTests.CoachFacingPortal.UserData","test_allActivities","TestUserPlaywright","","","p3: Weight API — Verify weight=77 saved in p2 exists in GET /weights response — Expected: API returns at least one entry with weight=77",""
"passed","Thu Jul 30 04:18:03 UTC 2026","Thu Jul 30 04:18:03 UTC 2026","3","tests.PlayWrightTests.CoachFacingPortal.UserData","test_patient_profile_demographic","TestPatientProfileDemographic","","","[coach] Personal Details - Update Current Gender dropdown and verify stored value or coach restriction",""
"passed","Thu Jul 30 03:51:36 UTC 2026","Thu Jul 30 03:51:41 UTC 2026","5320","tests.PlayWrightTests.CoachFacingPortal.Hub.Scheduler","test_scheduler","TestScheduler","","","validate coach can log in to the Hub portal",""
"passed","Thu Jul 30 04:35:39 UTC 2026","Thu Jul 30 04:35:40 UTC 2026","1197","tests.PlayWrightTests.CoachFacingPortal","test_plan_names","TestUserPlaywright","","","test_valid_login_on_userPortal[chromium]",""
"broken","Thu Jul 30 04:30:41 UTC 2026","Thu Jul 30 04:31:11 UTC 2026","30001","tests.PlayWrightTests.CoachFacingPortal","test_coaches_discussion","TestCoachesDiscussionEmoji","","","test_coachdiscuss_emoji_buttons_visible[chromium]",""
"passed","Thu Jul 30 03:56:13 UTC 2026","Thu Jul 30 03:56:15 UTC 2026","2160","tests.PlayWrightTests.CoachFacingPortal.LogClassSession","test_logClass","TestLogClassSession","","","Verify entering 1000 in weight should limit to 3 chars, i.e. 100",""
"passed","Thu Jul 30 03:56:54 UTC 2026","Thu Jul 30 03:57:16 UTC 2026","21897","tests.PlayWrightTests.CoachFacingPortal.LogClassSession","test_logClass","TestLogClassSession","","","Given coach adds weight for user ABC via log class session, when this user's dashboard is opened, then this weight data should be plotted on the weight history graph",""
"passed","Thu Jul 30 03:36:21 UTC 2026","Thu Jul 30 03:36:25 UTC 2026","4519","tests.PlayWrightTests.CoachFacingPortal.AllCohortDashboardGraphs","test_additionalSummaryGraph","TestGraphAdditionalSummary","","","To ensure the assigned coach is shown correctly",""
"passed","Thu Jul 30 03:48:10 UTC 2026","Thu Jul 30 03:49:11 UTC 2026","61108","tests.PlayWrightTests.CoachFacingPortal.DiscussionForum","test_discussion_coachRole","TestDiscussionForumPage","","","Given I am logged in, I am validating Upload more than 5 files - Error",""
"passed","Thu Jul 30 04:10:40 UTC 2026","Thu Jul 30 04:10:41 UTC 2026","610","tests.PlayWrightTests.CoachFacingPortal.UserData","test_allActivities","TestUserPlaywright","","","p18: Exercise — Validate Other category shows 'minutes required' error when saving empty form — Expected: Validation error 'Not steps minutes are required' is displayed",""
"passed","Thu Jul 30 04:14:41 UTC 2026","Thu Jul 30 04:14:42 UTC 2026","141","tests.PlayWrightTests.CoachFacingPortal.UserData","test_patient_profile_demographic","TestPatientProfileDemographic","","","[customer admin] Program Details - Update Partner User Id and assert Payer Type remains non-editable/disabled",""
"broken","Thu Jul 30 04:33:27 UTC 2026","Thu Jul 30 04:33:27 UTC 2026","0","tests.PlayWrightTests.CoachFacingPortal","test_direct_message","TestAdminCoachDMBadge","","","TC05 – Admin Send Message: Admin can send a reply in a DM conversation","Admin must be able to type and send a reply in a DM conversation."
"passed","Thu Jul 30 03:46:48 UTC 2026","Thu Jul 30 03:46:49 UTC 2026","1064","tests.PlayWrightTests.CoachFacingPortal.DiscussionForum","test_discussion_coachRole","TestDiscussionForumPage","","","Given I am logged in, I am validating Post empty comment - error message",""
"passed","Thu Jul 30 03:44:14 UTC 2026","Thu Jul 30 03:44:15 UTC 2026","1211","tests.PlayWrightTests.CoachFacingPortal.DiscussionForum","test_discussion_CA_role","TestDiscussionForumPage","","","Given I am logged in, I am validating Edit Post - Description only - Success",""
"broken","Thu Jul 30 04:34:09 UTC 2026","Thu Jul 30 04:34:09 UTC 2026","0","tests.PlayWrightTests.CoachFacingPortal","test_direct_message","TestHeadCoachDMBadge","","","TC08 – Head Coach: badge hidden or zero when all messages are read","Badge must be hidden or zero after all conversations are opened."
"passed","Thu Jul 30 04:12:51 UTC 2026","Thu Jul 30 04:12:51 UTC 2026","11","tests.PlayWrightTests.CoachFacingPortal.UserData","test_disenrollment","TestDisenrollment_demographicPage","","","Verify Disenrollment Details labels",""
"passed","Thu Jul 30 04:15:08 UTC 2026","Thu Jul 30 04:15:08 UTC 2026","17","tests.PlayWrightTests.CoachFacingPortal.UserData","test_patient_profile_demographic","TestPatientProfileDemographic","","","[customer admin] Disability Details - Select Remembering=Unknown and verify selected value persists",""
"passed","Thu Jul 30 04:11:58 UTC 2026","Thu Jul 30 04:12:00 UTC 2026","2379","tests.PlayWrightTests.CoachFacingPortal.UserData","test_allActivities","TestUserPlaywright","","","p47: Blood sugar list view — Add new entry blood_sugar=110 with readingTime=Fasting via list form (cancel → close → save flow) — Expected: Entry saved successfully via list view add form",""
"passed","Thu Jul 30 03:36:05 UTC 2026","Thu Jul 30 03:36:14 UTC 2026","8935","tests.PlayWrightTests.CoachFacingPortal.AllCohortDashboardGraphs","test_additionalSummaryGraph","TestGraphAdditionalSummary","","","To ensure the summary table is not visible to other than Customer Admin users",""
"failed","Thu Jul 30 03:59:18 UTC 2026","Thu Jul 30 03:59:19 UTC 2026","1298","tests.PlayWrightTests.CoachFacingPortal.Milestones","test_ibc_milestone","TestIBC_Milestone","","","validate partially achieved state i.e, user fills the banner and a weight added leads to this state where milestone color code is orange",""
"passed","Thu Jul 30 04:12:15 UTC 2026","Thu Jul 30 04:12:18 UTC 2026","2968","tests.PlayWrightTests.CoachFacingPortal.UserData","test_allActivities","TestUserPlaywright","","","p54: Exercise list view — Apply date filter from 1st of current month to today — Expected: start_date <= end_date and filtered entries are shown",""
"passed","Thu Jul 30 04:14:45 UTC 2026","Thu Jul 30 04:14:45 UTC 2026","14","tests.PlayWrightTests.CoachFacingPortal.UserData","test_patient_profile_demographic","TestPatientProfileDemographic","","","[coach] Demographic Profile - Validate Address Details section label set",""
"broken","Thu Jul 30 03:57:47 UTC 2026","Thu Jul 30 03:58:17 UTC 2026","30001","tests.PlayWrightTests.CoachFacingPortal.Milestones","test_cdc_milestone","TestCDCMilestone","","","Validate sessions are extended to 26 for Inperson modality",""
"passed","Thu Jul 30 03:52:15 UTC 2026","Thu Jul 30 03:52:16 UTC 2026","648","tests.PlayWrightTests.CoachFacingPortal.Hub.Scheduler","test_scheduler","TestScheduler","","","validate coach can create a new event from the Scheduler",""
"passed","Thu Jul 30 04:14:09 UTC 2026","Thu Jul 30 04:14:18 UTC 2026","9028","tests.PlayWrightTests.CoachFacingPortal.UserData","test_disenrollment","TestDisenrollment_demographicPage","","","Update Disenrollment Details with Date, Reason code and reason",""
"passed","Thu Jul 30 03:46:50 UTC 2026","Thu Jul 30 03:46:59 UTC 2026","9051","tests.PlayWrightTests.CoachFacingPortal.DiscussionForum","test_discussion_coachRole","TestDiscussionForumPage","","","Given I am logged in, I am validating File upload - error",""
"passed","Thu Jul 30 04:12:12 UTC 2026","Thu Jul 30 04:12:15 UTC 2026","2897","tests.PlayWrightTests.CoachFacingPortal.UserData","test_allActivities","TestUserPlaywright","","","p53: Exercise list view — Add new entry steps=30 via list form (cancel → close → save flow) — Expected: Entry saved successfully via list view add form",""
"passed","Thu Jul 30 03:35:55 UTC 2026","Thu Jul 30 03:35:55 UTC 2026","17","tests.PlayWrightTests.CoachFacingPortal.AllCohortDashboardGraphs","test_additionalSummaryGraph","TestGraphAdditionalSummary","","","To ensure the summary table is ordered by latest created cohorts",""
"passed","Thu Jul 30 03:38:48 UTC 2026","Thu Jul 30 03:39:02 UTC 2026","13829","tests.PlayWrightTests.CoachFacingPortal.DSMEPARTICIPANT","test_dsme_participant_users","TestUserPlaywright","","","test_dsme_add_user_for_pending_to_active[chromium]",""
"passed","Thu Jul 30 04:06:32 UTC 2026","Thu Jul 30 04:06:34 UTC 2026","1540","tests.PlayWrightTests.CoachFacingPortal.UserData","test_PatientProfileHealthProviders","TestPatientProfileHealthProviders","","","Remove the health provider as final cleanup and verify it is deleted",""
"broken","Thu Jul 30 04:03:21 UTC 2026","Thu Jul 30 04:03:51 UTC 2026","30000","tests.PlayWrightTests.CoachFacingPortal.Milestones","test_ibc_milestone","TestIBC_Milestone","","","validate Week1 partially achieved should have Week Completed : false",""
"passed","Thu Jul 30 03:53:06 UTC 2026","Thu Jul 30 03:53:08 UTC 2026","1808","tests.PlayWrightTests.CoachFacingPortal.Learn","test_user_assignment","TestLearn","","","validate Admin should be able to assign only program assigned courses to user and validate same program assigned course",""
"passed","Thu Jul 30 04:10:37 UTC 2026","Thu Jul 30 04:10:37 UTC 2026","795","tests.PlayWrightTests.CoachFacingPortal.UserData","test_allActivities","TestUserPlaywright","","","p15: Exercise API — Verify steps=123 or nonsteps_mins=123 saved in p14 exists in GET /exercises — Expected: API returns at least one exercise entry with value=123",""
"failed","Thu Jul 30 04:18:53 UTC 2026","Thu Jul 30 04:19:17 UTC 2026","24903","tests.PlayWrightTests.CoachFacingPortal.UserData","test_patient_profile_demographic","TestPatientProfileDemographic","","","[customer admin] Personal Details - Remove Ethnicity and Race value and verify reset state or coach restriction",""
"broken","Thu Jul 30 04:35:07 UTC 2026","Thu Jul 30 04:35:22 UTC 2026","15002","tests.PlayWrightTests.CoachFacingPortal","test_dsme_claims","TestDSMEClaims","","","test_edit_claim_insured_information[chromium]","Edit the recently generated claim: set Type=Medicare, Plan=IL Medicare Part B,
        Member ID=2H04N77CF73, save, close, and verify payer is updated in the claims list."
"passed","Thu Jul 30 03:55:35 UTC 2026","Thu Jul 30 03:55:35 UTC 2026","183","tests.PlayWrightTests.CoachFacingPortal.LogClassSession","test_logClass","TestLogClassSession","","","Given coach is on logclass session page, when 'weight-date-PA-delivery Mode' is added, then coach should be able to save log class session",""
"passed","Thu Jul 30 03:49:19 UTC 2026","Thu Jul 30 03:49:21 UTC 2026","1230","tests.PlayWrightTests.CoachFacingPortal.DiscussionForum","test_discussion_coachRole","TestDiscussionForumPage","","","Given I am logged in, I am validating Edit Post - Remove File",""
"broken","Thu Jul 30 04:34:12 UTC 2026","Thu Jul 30 04:34:12 UTC 2026","0","tests.PlayWrightTests.CoachFacingPortal","test_direct_message","TestHeadCoachDMBadge","","","TC22 – Head Coach: multiple DMs from same participant counted only once","Sending 3 DMs from the same user must increment badge by exactly 1."
"passed","Thu Jul 30 04:13:20 UTC 2026","Thu Jul 30 04:13:26 UTC 2026","6463","tests.PlayWrightTests.CoachFacingPortal.UserData","test_disenrollment","TestDisenrollment_demographicPage","","","Update Disenrollment Details With Only Reason",""
"passed","Thu Jul 30 04:23:52 UTC 2026","Thu Jul 30 04:23:56 UTC 2026","3999","tests.PlayWrightTests.CoachFacingPortal","test_Appointment_on_board","","","","test_TC025_badge_counts_overnight_sessions[chromium]","Badge count must equal the number of visible cards (including overnight sessions)."
"passed","Thu Jul 30 04:11:53 UTC 2026","Thu Jul 30 04:11:54 UTC 2026","1071","tests.PlayWrightTests.CoachFacingPortal.UserData","test_allActivities","TestUserPlaywright","","","p44: Tobacco count list view — Click Export and verify CSV file is downloaded and non-empty — Expected: CSV file downloaded successfully with file size > 0",""
"passed","Thu Jul 30 03:55:35 UTC 2026","Thu Jul 30 03:55:42 UTC 2026","7051","tests.PlayWrightTests.CoachFacingPortal.LogClassSession","test_logClass","TestLogClassSession","","","Verify coach can Search Participant By Name in log class session page",""
"passed","Thu Jul 30 04:35:40 UTC 2026","Thu Jul 30 04:35:49 UTC 2026","8778","tests.PlayWrightTests.CoachFacingPortal","test_plan_names","TestUserPlaywright","","","test_navigating_admin[chromium]",""
"passed","Thu Jul 30 04:12:26 UTC 2026","Thu Jul 30 04:12:29 UTC 2026","2600","tests.PlayWrightTests.CoachFacingPortal.UserData","test_allActivities","TestUserPlaywright","","","p59: Body Composition list view — Validate GET /body_compositions API entries fall within the filtered date range — Expected: All returned entries have dates within current month range",""
"passed","Thu Jul 30 03:56:54 UTC 2026","Thu Jul 30 03:56:54 UTC 2026","465","tests.PlayWrightTests.CoachFacingPortal.LogClassSession","test_logClass","TestLogClassSession","","","Verify coach can save log class session by adding weight, attendance date, PA, LF and MUP - Distance Learning",""
"passed","Thu Jul 30 03:41:46 UTC 2026","Thu Jul 30 03:41:46 UTC 2026","18","tests.PlayWrightTests.CoachFacingPortal.DiscussionForum","test_discussion_CA_role","TestDiscussionForumPage","","","Given I am logged in, I am validating Discussions - All elements check2",""
"broken","Thu Jul 30 04:34:11 UTC 2026","Thu Jul 30 04:34:11 UTC 2026","0","tests.PlayWrightTests.CoachFacingPortal","test_direct_message","TestHeadCoachDMBadge","","","TC18 – Head Coach: badge renders double-digit counts without truncation","Badge width must be ≥18 px when count ≥10."
"passed","Thu Jul 30 03:55:29 UTC 2026","Thu Jul 30 03:55:31 UTC 2026","1880","tests.PlayWrightTests.CoachFacingPortal.LogClassSession","test_logClass","TestLogClassSession","","","Verify Log Class session is unavailable for programDeliveryType==Onsite and programType == DSME",""
"passed","Thu Jul 30 04:11:36 UTC 2026","Thu Jul 30 04:11:39 UTC 2026","2887","tests.PlayWrightTests.CoachFacingPortal.UserData","test_allActivities","TestUserPlaywright","","","p37: HbA1c list view — Validate GET /hba1cs API entries fall within the filtered date range — Expected: All returned entries have dates within current month range",""
"passed","Thu Jul 30 04:10:28 UTC 2026","Thu Jul 30 04:10:28 UTC 2026","732","tests.PlayWrightTests.CoachFacingPortal.UserData","test_allActivities","TestUserPlaywright","","","p8: HbA1c API — Verify hba1c=11 saved in p7 exists in GET /hba1cs response — Expected: API returns at least one entry with hba1c=11",""
"passed","Thu Jul 30 03:54:20 UTC 2026","Thu Jul 30 03:54:20 UTC 2026","5","tests.PlayWrightTests.CoachFacingPortal.Learn","test_user_assignment","TestLearn","","","validate course names for multiple courses published/assigned",""
"failed","Thu Jul 30 04:16:22 UTC 2026","Thu Jul 30 04:16:47 UTC 2026","24938","tests.PlayWrightTests.CoachFacingPortal.UserData","test_patient_profile_demographic","TestPatientProfileDemographic","","","[customer admin] Personal Details - Update Race/Ethnicity Additional Info and verify persistence or coach restriction",""
"passed","Thu Jul 30 03:53:16 UTC 2026","Thu Jul 30 03:54:00 UTC 2026","44528","tests.PlayWrightTests.CoachFacingPortal.Learn","test_user_assignment","TestLearn","","","validate user assigned course takes precedence over cohort assigned course",""
"passed","Thu Jul 30 04:21:17 UTC 2026","Thu Jul 30 04:21:21 UTC 2026","4543","tests.PlayWrightTests.CoachFacingPortal","test_Appointment_on_board","","","","test_TC011_join_by_habitnu_meet[chromium]","Join Now opens the meeting URL in a new tab."
"passed","Thu Jul 30 03:47:08 UTC 2026","Thu Jul 30 03:47:17 UTC 2026","9073","tests.PlayWrightTests.CoachFacingPortal.DiscussionForum","test_discussion_coachRole","TestDiscussionForumPage","","","Given I am logged in, I am validating File upload - description only - success",""
"passed","Thu Jul 30 04:25:00 UTC 2026","Thu Jul 30 04:25:03 UTC 2026","3334","tests.PlayWrightTests.CoachFacingPortal","test_coach_direct_message","TestUserPlaywright","","","p3: Navigate to Direct Message section",""
"passed","Thu Jul 30 04:10:58 UTC 2026","Thu Jul 30 04:11:01 UTC 2026","2480","tests.PlayWrightTests.CoachFacingPortal.UserData","test_allActivities","TestUserPlaywright","","","p23: Weight list view — Add new entry weight=77 via list form (cancel → close → save flow) — Expected: Entry saved successfully via list view add form",""
"passed","Thu Jul 30 03:49:11 UTC 2026","Thu Jul 30 03:49:13 UTC 2026","1233","tests.PlayWrightTests.CoachFacingPortal.DiscussionForum","test_discussion_coachRole","TestDiscussionForumPage","","","Given I am logged in, I am validating Edit Post - Subject only - Update - Success",""
"failed","Thu Jul 30 04:34:57 UTC 2026","Thu Jul 30 04:35:07 UTC 2026","10051","tests.PlayWrightTests.CoachFacingPortal","test_dsme_claims","TestDSMEClaims","","","test_recently_generated_claim_visible_in_claims[chromium]","Navigate to Claims and verify the recently generated claim appears with 'Draft' status."
"failed","Thu Jul 30 04:24:52 UTC 2026","Thu Jul 30 04:24:52 UTC 2026","0","tests.PlayWrightTests.CoachFacingPortal","test_Group_Interaction_Community","TestGroupInteractionCommunity","","","AC5: Validate Community Interaction After Adding Comment","Add a comment to a discussion post via API and verify it updates the Group Interaction table using 'Today's Count'"
"passed","Thu Jul 30 03:35:52 UTC 2026","Thu Jul 30 03:35:55 UTC 2026","2907","tests.PlayWrightTests.CoachFacingPortal.AllCohortDashboardGraphs","test_additionalSummaryGraph","TestGraphAdditionalSummary","","","To ensure the summary table is visible only on All Cohort Dashboard",""
"failed","Thu Jul 30 03:37:12 UTC 2026","Thu Jul 30 03:37:13 UTC 2026","811","tests.PlayWrightTests.CoachFacingPortal.AllCohortDashboardGraphs","test_average_weightLossGraph","TestGraph_AverageWeightLossByCohort","","","To ensure the Avg weight loss graph lists all cohorts on Y-Axis when ACTIVE filtered",""
"broken","Thu Jul 30 04:34:12 UTC 2026","Thu Jul 30 04:34:12 UTC 2026","0","tests.PlayWrightTests.CoachFacingPortal","test_direct_message","TestHeadCoachDMBadge","","","TC24 – Head Coach: badge count is consistent across two browser tabs","Both tabs must show the same badge count when loaded from the server."
"passed","Thu Jul 30 04:14:39 UTC 2026","Thu Jul 30 04:14:39 UTC 2026","189","tests.PlayWrightTests.CoachFacingPortal.UserData","test_patient_profile_demographic","TestPatientProfileDemographic","","","[customer admin] Program Details - Toggle Confirmed By Coach to False and verify timestamp is generated/recent",""
"failed","Thu Jul 30 04:18:28 UTC 2026","Thu Jul 30 04:18:52 UTC 2026","24919","tests.PlayWrightTests.CoachFacingPortal.UserData","test_patient_profile_demographic","TestPatientProfileDemographic","","","[customer admin] Personal Details - Add Ethnicity and Race multi-select value and verify persistence or coach restriction",""
"passed","Thu Jul 30 04:10:41 UTC 2026","Thu Jul 30 04:10:51 UTC 2026","10269","tests.PlayWrightTests.CoachFacingPortal.UserData","test_allActivities","TestUserPlaywright","","","p19: Activities — Apply date filter for current month across all 6 activities and validate API entries — Expected: All returned API entries have dates within the selected month range",""
"passed","Thu Jul 30 04:15:02 UTC 2026","Thu Jul 30 04:15:08 UTC 2026","5109","tests.PlayWrightTests.CoachFacingPortal.UserData","test_patient_profile_demographic","TestPatientProfileDemographic","","","[coach] Disability Details - Select Hearing=Yes and verify selected value persists",""
"passed","Thu Jul 30 04:23:43 UTC 2026","Thu Jul 30 04:23:47 UTC 2026","4302","tests.PlayWrightTests.CoachFacingPortal","test_Appointment_on_board","","","","test_TC024_exact_midnight_boundary[chromium]","A 12:00 AM meeting seeded for tomorrow must appear in the This Week list."
"broken","Thu Jul 30 04:36:19 UTC 2026","Thu Jul 30 04:36:49 UTC 2026","30080","tests.PlayWrightTests.CoachFacingPortal","test_plan_names","TestUserPlaywright","","","test_without_enable_globally[chromium]",""
"passed","Thu Jul 30 03:56:40 UTC 2026","Thu Jul 30 03:56:53 UTC 2026","12497","tests.PlayWrightTests.CoachFacingPortal.LogClassSession","test_logClass","TestLogClassSession","","","Verify coach can save log class session by adding weight, attendance date, PA and LF",""
"passed","Thu Jul 30 03:39:02 UTC 2026","Thu Jul 30 03:39:07 UTC 2026","5210","tests.PlayWrightTests.CoachFacingPortal.DSMEPARTICIPANT","test_dsme_participant_users","TestUserPlaywright","","","test_search_dsme_participant_user_after_logout_login[chromium]",""
"passed","Thu Jul 30 04:17:38 UTC 2026","Thu Jul 30 04:17:38 UTC 2026","3","tests.PlayWrightTests.CoachFacingPortal.UserData","test_patient_profile_demographic","TestPatientProfileDemographic","","","[coach] Personal Details - Update Sex at Birth dropdown and verify stored value or coach restriction",""
"passed","Thu Jul 30 04:32:35 UTC 2026","Thu Jul 30 04:32:46 UTC 2026","11290","tests.PlayWrightTests.CoachFacingPortal","test_communication_logs","TestUserPlaywright","","","p7: Login to web app with chef user credentials in a new tab and validate push notifications","p7: Login to web app with chef user credentials in a new tab and validate push notifications"
"broken","Thu Jul 30 04:34:10 UTC 2026","Thu Jul 30 04:34:10 UTC 2026","0","tests.PlayWrightTests.CoachFacingPortal","test_direct_message","TestHeadCoachDMBadge","","","TC15 – Head Coach: unread DM count is restored correctly after re-login","Badge count must be the same after logout + login."
"passed","Thu Jul 30 04:25:23 UTC 2026","Thu Jul 30 04:25:27 UTC 2026","4128","tests.PlayWrightTests.CoachFacingPortal","test_coach_direct_message","TestUserPlaywright","","","p7: Upload a file from Upload_img directory via chat",""
"passed","Thu Jul 30 04:12:08 UTC 2026","Thu Jul 30 04:12:09 UTC 2026","1110","tests.PlayWrightTests.CoachFacingPortal.UserData","test_allActivities","TestUserPlaywright","","","p51: Exercise — Open list view from activity card — Expected: Exercise history table is displayed in list view",""
"passed","Thu Jul 30 04:19:49 UTC 2026","Thu Jul 30 04:20:16 UTC 2026","27464","tests.PlayWrightTests.CoachFacingPortal.UserData","test_water","TestUserPlaywright","","","p6: Login to web app in new tab, navigate to Food > Add Water and get water value, then match with coach portal achieved value",""
"passed","Thu Jul 30 04:07:27 UTC 2026","Thu Jul 30 04:07:31 UTC 2026","3623","tests.PlayWrightTests.CoachFacingPortal.UserData","test_PatientProfileImmunizations","TestPatientProfileImmunizations","","","Verify editing parainfluenza-3 dosage details and verifying changes reflect",""
"passed","Thu Jul 30 03:36:25 UTC 2026","Thu Jul 30 03:36:25 UTC 2026","6","tests.PlayWrightTests.CoachFacingPortal.AllCohortDashboardGraphs","test_additionalSummaryGraph","TestGraphAdditionalSummary","","","To ensure the last attendance logged is displayed correctly",""
"broken","Thu Jul 30 04:27:11 UTC 2026","Thu Jul 30 04:27:41 UTC 2026","30000","tests.PlayWrightTests.CoachFacingPortal","test_coaches_activity_body_composition","TestCoachesActivityBodyComposition","","","test_body_composition_menu_click[chromium]","Navigate to user's Activities, click Body Composition menu icon, assert table is visible."
"passed","Thu Jul 30 03:41:44 UTC 2026","Thu Jul 30 03:41:46 UTC 2026","1487","tests.PlayWrightTests.CoachFacingPortal.DiscussionForum","test_discussion_CA_role","TestDiscussionForumPage","","","Given I am logged in, I am validating Discussions - All elements check",""
"passed","Thu Jul 30 04:14:47 UTC 2026","Thu Jul 30 04:14:47 UTC 2026","6","tests.PlayWrightTests.CoachFacingPortal.UserData","test_patient_profile_demographic","TestPatientProfileDemographic","","","[coach] Demographic Profile - Validate Call Details labels for Call 1-6 and tracking notes",""
"passed","Thu Jul 30 04:14:39 UTC 2026","Thu Jul 30 04:14:39 UTC 2026","111","tests.PlayWrightTests.CoachFacingPortal.UserData","test_patient_profile_demographic","TestPatientProfileDemographic","","","[customer admin] Demographic Profile - Validate Program Details labels and presence of Confirmed By Coach/Participant controls",""
"passed","Thu Jul 30 03:46:29 UTC 2026","Thu Jul 30 03:46:32 UTC 2026","2829","tests.PlayWrightTests.CoachFacingPortal.DiscussionForum","test_discussion_CA_role","TestDiscussionForumPage","","","Given I am logged in, I am validating Delete all posts",""
"passed","Thu Jul 30 04:15:08 UTC 2026","Thu Jul 30 04:15:08 UTC 2026","41","tests.PlayWrightTests.CoachFacingPortal.UserData","test_patient_profile_demographic","TestPatientProfileDemographic","","","[customer admin] Disability Details - Select Blind=No and verify selected value persists",""
"passed","Thu Jul 30 03:38:23 UTC 2026","Thu Jul 30 03:38:32 UTC 2026","9536","tests.PlayWrightTests.CoachFacingPortal.DSMEPARTICIPANT","test_dsme_participant_users","TestUserPlaywright","","","test_add_dsme_participant_user[chromium]",""
"passed","Thu Jul 30 04:28:04 UTC 2026","Thu Jul 30 04:28:07 UTC 2026","3095","tests.PlayWrightTests.CoachFacingPortal","test_coaches_blood_sugar_notes","TestCoachesActivityBloodSugar","","","test_blood_sugar_list_shows_entries_with_notes[chromium]","Clicking the fa-bars list button on the Blood Sugar card shows entries with notes."
"passed","Thu Jul 30 03:52:25 UTC 2026","Thu Jul 30 03:52:42 UTC 2026","16959","tests.PlayWrightTests.CoachFacingPortal.Learn","test_user_assignment","TestLearn","","","validate customer admin should not see 'Manage Courses' button option is displayed under https://coaches-develop.habitnu.com/app/cohort/automationForLearn/users/6628aedb2c6bf00001e7738b/course",""
"passed","Thu Jul 30 04:10:37 UTC 2026","Thu Jul 30 04:10:39 UTC 2026","1835","tests.PlayWrightTests.CoachFacingPortal.UserData","test_allActivities","TestUserPlaywright","","","p16: Exercise — cancel, close and save Other category nonsteps_mins=12 — Expected: Entry saved; steps field is null for Other category",""
"passed","Thu Jul 30 03:51:31 UTC 2026","Thu Jul 30 03:51:36 UTC 2026","5064","tests.PlayWrightTests.CoachFacingPortal.DiscussionForum","test_discussion_coachRole","TestDiscussionForumPage","","","Given I am logged in, I am validating the file upload with .txt file",""
"passed","Thu Jul 30 03:46:49 UTC 2026","Thu Jul 30 03:46:50 UTC 2026","841","tests.PlayWrightTests.CoachFacingPortal.DiscussionForum","test_discussion_coachRole","TestDiscussionForumPage","","","Given I am logged in, I am validating post comment - success",""
"passed","Thu Jul 30 04:25:57 UTC 2026","Thu Jul 30 04:25:57 UTC 2026","92","tests.PlayWrightTests.CoachFacingPortal","test_coach_direct_message","TestUserPlaywright","","","p13: Validate the last two date separators in the open chat carry different dates",""
"passed","Thu Jul 30 03:44:25 UTC 2026","Thu Jul 30 03:44:26 UTC 2026","863","tests.PlayWrightTests.CoachFacingPortal.DiscussionForum","test_discussion_CA_role","TestDiscussionForumPage","","","Given I am logged in, I am validating Pin The post",""
"passed","Thu Jul 30 04:08:30 UTC 2026","Thu Jul 30 04:08:33 UTC 2026","3089","tests.PlayWrightTests.CoachFacingPortal.UserData","test_PatientProfilePayerType","TestPatientProfilePayerType","","","Verify editing details and clicking cancel does not apply modifications",""
"passed","Thu Jul 30 04:14:55 UTC 2026","Thu Jul 30 04:14:57 UTC 2026","1956","tests.PlayWrightTests.CoachFacingPortal.UserData","test_patient_profile_demographic","TestPatientProfileDemographic","","","[customer admin] Other Details - Update language/transportation/smoking/billing fields and verify success toast",""
"passed","Thu Jul 30 04:11:15 UTC 2026","Thu Jul 30 04:11:17 UTC 2026","2413","tests.PlayWrightTests.CoachFacingPortal.UserData","test_allActivities","TestUserPlaywright","","","p29: Blood pressure list view — Add new entry systolic=120 diastolic=80 via list form (cancel → close → save flow) — Expected: Entry saved successfully via list view add form",""
"passed","Thu Jul 30 03:51:28 UTC 2026","Thu Jul 30 03:51:30 UTC 2026","2922","tests.PlayWrightTests.CoachFacingPortal.DiscussionForum","test_discussion_coachRole","TestDiscussionForumPage","","","Given I am logged in, I am validating Delete all posts",""
"failed","Thu Jul 30 04:16:47 UTC 2026","Thu Jul 30 04:17:12 UTC 2026","24935","tests.PlayWrightTests.CoachFacingPortal.UserData","test_patient_profile_demographic","TestPatientProfileDemographic","","","[customer admin] Personal Details - Update Preferred Name and verify persisted value or coach edit restriction",""
"passed","Thu Jul 30 04:22:53 UTC 2026","Thu Jul 30 04:22:58 UTC 2026","5525","tests.PlayWrightTests.CoachFacingPortal","test_Appointment_on_board","","","","test_TC017_loading_state_on_slow_network[chromium]","Verifies 'Loading appointments...' appears then disappears under throttled network.

    If the loading state resolves before Playwright can observe it (e.g. warm cache),
    the test still passes — we only require the final state shows no spinner.
    "
"passed","Thu Jul 30 04:31:18 UTC 2026","Thu Jul 30 04:31:32 UTC 2026","14077","tests.PlayWrightTests.CoachFacingPortal","test_communication_logs","TestUserPlaywright","","","p2: Access communication logs for a specific user in a cohort and validate table headers","p2: Access communication logs for a specific user in a cohort and validate table headers"
"passed","Thu Jul 30 04:10:56 UTC 2026","Thu Jul 30 04:10:58 UTC 2026","2286","tests.PlayWrightTests.CoachFacingPortal.UserData","test_allActivities","TestUserPlaywright","","","p22: Weight list view — Edit today's entry and update weight to 80 — Expected: Entry updated and saved successfully in list view",""
"passed","Thu Jul 30 03:35:55 UTC 2026","Thu Jul 30 03:35:55 UTC 2026","9","tests.PlayWrightTests.CoachFacingPortal.AllCohortDashboardGraphs","test_additionalSummaryGraph","TestGraphAdditionalSummary","","","To ensure the summary table headers are correct",""
"passed","Thu Jul 30 03:36:25 UTC 2026","Thu Jul 30 03:36:25 UTC 2026","6","tests.PlayWrightTests.CoachFacingPortal.AllCohortDashboardGraphs","test_additionalSummaryGraph","TestGraphAdditionalSummary","","","To ensure start date matches cohort configuration",""
"passed","Thu Jul 30 04:23:03 UTC 2026","Thu Jul 30 04:23:07 UTC 2026","3975","tests.PlayWrightTests.CoachFacingPortal","test_Appointment_on_board","","","","test_TC018_long_title_truncation[chromium]","A card with a title >80 chars must not overflow its container.

    A long-title meeting is seeded in create_auth_state so this test always runs.
    We search for the seeded title by scanning each card's full text content,
    which avoids being brittle about which child element carries the title.
    "
"broken","Thu Jul 30 04:22:18 UTC 2026","Thu Jul 30 04:22:48 UTC 2026","30210","tests.PlayWrightTests.CoachFacingPortal","test_Appointment_on_board","","","","test_TC016_empty_state_display[chromium]","When badge==0 the section stays visible with no card elements in DOM.
    
    Uses ALT_COHORT (DailyStandUp_Cohort) which has 0 Today appointments,
    so this test always runs regardless of DEFAULT_COHORT seeded meetings.
    "
"passed","Thu Jul 30 04:10:01 UTC 2026","Thu Jul 30 04:10:02 UTC 2026","1123","tests.PlayWrightTests.CoachFacingPortal.UserData","test_allActivities","TestUserPlaywright","","","p1: Login to coach portal with valid credentials — Expected: Coach dashboard is displayed after successful login",""
"broken","Thu Jul 30 04:34:12 UTC 2026","Thu Jul 30 04:34:12 UTC 2026","0","tests.PlayWrightTests.CoachFacingPortal","test_direct_message","TestHeadCoachDMBadge","","","TC23 – Head Coach: badge reflects correct total from multiple different participants","Badge increment must equal the number of new unique participants."
"passed","Thu Jul 30 04:08:38 UTC 2026","Thu Jul 30 04:09:32 UTC 2026","54355","tests.PlayWrightTests.CoachFacingPortal.UserData","test_PatientProfilePreAuth","TestPatientProfilePreAuth","","","Verify adding two prior authorizations (Medicare - test1234) to patient profile and checking status save",""
"passed","Thu Jul 30 03:55:31 UTC 2026","Thu Jul 30 03:55:35 UTC 2026","3551","tests.PlayWrightTests.CoachFacingPortal.LogClassSession","test_logClass","TestLogClassSession","","","Verify coach can search for participant in log class session search box",""
"passed","Thu Jul 30 04:14:45 UTC 2026","Thu Jul 30 04:14:45 UTC 2026","15","tests.PlayWrightTests.CoachFacingPortal.UserData","test_patient_profile_demographic","TestPatientProfileDemographic","","","[customer admin] Demographic Profile - Validate Address Details section label set",""
"failed","Thu Jul 30 04:25:49 UTC 2026","Thu Jul 30 04:25:56 UTC 2026","7180","tests.PlayWrightTests.CoachFacingPortal","test_coach_direct_message","TestUserPlaywright","","","p11: Navigate to DailyStandUp_Cohort, open Direct Message, hover user and validate email tooltip",""
"passed","Thu Jul 30 04:14:47 UTC 2026","Thu Jul 30 04:14:47 UTC 2026","20","tests.PlayWrightTests.CoachFacingPortal.UserData","test_patient_profile_demographic","TestPatientProfileDemographic","","","[coach] Demographic Profile - Validate Disenrollment Details labels including Solera status",""
"passed","Thu Jul 30 03:54:15 UTC 2026","Thu Jul 30 03:54:20 UTC 2026","5020","tests.PlayWrightTests.CoachFacingPortal.Learn","test_user_assignment","TestLearn","","","validate default course image is displayed for courses poster if not uploaded",""
"broken","Thu Jul 30 03:54:51 UTC 2026","Thu Jul 30 03:55:21 UTC 2026","30002","tests.PlayWrightTests.CoachFacingPortal.Learn","test_user_assignment","TestLearn","","","validate click through multiple courses and verify breadcrumb of course 2",""
"passed","Thu Jul 30 04:13:26 UTC 2026","Thu Jul 30 04:13:32 UTC 2026","5429","tests.PlayWrightTests.CoachFacingPortal.UserData","test_disenrollment","TestDisenrollment_demographicPage","","","Update Disenrollment Details With Only Reason",""
"passed","Thu Jul 30 04:19:18 UTC 2026","Thu Jul 30 04:19:25 UTC 2026","7089","tests.PlayWrightTests.CoachFacingPortal.UserData","test_patient_profile_demographic","TestPatientProfileDemographic","","","[customer admin] Program Details - Toggle Confirmed By Coach to True and verify refreshed recent timestamp",""
"passed","Thu Jul 30 04:15:32 UTC 2026","Thu Jul 30 04:15:32 UTC 2026","2","tests.PlayWrightTests.CoachFacingPortal.UserData","test_patient_profile_demographic","TestPatientProfileDemographic","","","[coach] Personal Details - Update First Name and verify persisted value or coach edit restriction",""
"broken","Thu Jul 30 04:00:20 UTC 2026","Thu Jul 30 04:00:50 UTC 2026","30002","tests.PlayWrightTests.CoachFacingPortal.Milestones","test_ibc_milestone","TestIBC_Milestone","","","validate other milestones other than M0 & M1 should be in default color which is grey",""
"passed","Thu Jul 30 03:35:55 UTC 2026","Thu Jul 30 03:35:56 UTC 2026","1029","tests.PlayWrightTests.CoachFacingPortal.AllCohortDashboardGraphs","test_additionalSummaryGraph","TestGraphAdditionalSummary","","","To ensure the Program Week is calculated correctly",""
"passed","Thu Jul 30 04:14:18 UTC 2026","Thu Jul 30 04:14:29 UTC 2026","11383","tests.PlayWrightTests.CoachFacingPortal.UserData","test_patient_profile_demographic","TestPatientProfileDemographic","","","[customer admin] Demographic Profile - Validate Personal Details section renders all expected labels in correct order",""
"passed","Thu Jul 30 03:52:42 UTC 2026","Thu Jul 30 03:52:48 UTC 2026","5796","tests.PlayWrightTests.CoachFacingPortal.Learn","test_user_assignment","TestLearn","","","validate admin should see 'Manage Courses' button option is displayed under https://coaches-develop.habitnu.com/app/cohort/automationForLearn/users/6628aedb2c6bf00001e7738b/course",""
"passed","Thu Jul 30 04:24:53 UTC 2026","Thu Jul 30 04:25:00 UTC 2026","6972","tests.PlayWrightTests.CoachFacingPortal","test_coach_direct_message","TestUserPlaywright","","","p2: Select DailyStandUp_Cohort from the cohort dropdown",""
"broken","Thu Jul 30 03:57:17 UTC 2026","Thu Jul 30 03:57:47 UTC 2026","30001","tests.PlayWrightTests.CoachFacingPortal.Milestones","test_cdc_milestone","TestCDCMilestone","","","Validate sessions are extended to 26 for Online modality",""
"passed","Thu Jul 30 03:56:15 UTC 2026","Thu Jul 30 03:56:28 UTC 2026","12233","tests.PlayWrightTests.CoachFacingPortal.LogClassSession","test_logClass","TestLogClassSession","","","Verify coach can save log class session by adding only weight and attendance date",""
"passed","Thu Jul 30 03:54:00 UTC 2026","Thu Jul 30 03:54:15 UTC 2026","15262","tests.PlayWrightTests.CoachFacingPortal.Learn","test_user_assignment","TestLearn","","","validate multiple courses can be assigned to a user",""
"passed","Thu Jul 30 04:18:28 UTC 2026","Thu Jul 30 04:18:28 UTC 2026","2","tests.PlayWrightTests.CoachFacingPortal.UserData","test_patient_profile_demographic","TestPatientProfileDemographic","","","[coach] Personal Details - Update Marital Status dropdown and verify stored value or coach restriction",""
"passed","Thu Jul 30 03:44:33 UTC 2026","Thu Jul 30 03:46:29 UTC 2026","116055","tests.PlayWrightTests.CoachFacingPortal.DiscussionForum","test_discussion_CA_role","TestDiscussionForumPage","","","Given I am logged in, I am validating add max number of pinned posts (20)",""
"passed","Thu Jul 30 04:14:41 UTC 2026","Thu Jul 30 04:14:41 UTC 2026","165","tests.PlayWrightTests.CoachFacingPortal.UserData","test_patient_profile_demographic","TestPatientProfileDemographic","","","[coach] Program Details - Enter edit mode and verify Cancel/Update controls are visible and cancellable",""
"passed","Thu Jul 30 04:25:33 UTC 2026","Thu Jul 30 04:25:38 UTC 2026","4724","tests.PlayWrightTests.CoachFacingPortal","test_coach_direct_message","TestUserPlaywright","","","p9: Navigate to Abdul_DM cohort, open new message, and validate only one user is available",""
"broken","Thu Jul 30 04:34:11 UTC 2026","Thu Jul 30 04:34:11 UTC 2026","0","tests.PlayWrightTests.CoachFacingPortal","test_direct_message","TestHeadCoachDMBadge","","","TC19 – Head Coach: badge color follows design visibility standards","Badge background must not be transparent or white."
"passed","Thu Jul 30 03:36:25 UTC 2026","Thu Jul 30 03:36:25 UTC 2026","6","tests.PlayWrightTests.CoachFacingPortal.AllCohortDashboardGraphs","test_additionalSummaryGraph","TestGraphAdditionalSummary","","","To ensure the zero average weight loss is displayed correctly",""
"passed","Thu Jul 30 04:11:54 UTC 2026","Thu Jul 30 04:11:55 UTC 2026","1089","tests.PlayWrightTests.CoachFacingPortal.UserData","test_allActivities","TestUserPlaywright","","","p45: Blood sugar — Open list view from activity card — Expected: Blood sugar history table is displayed in list view",""
"broken","Thu Jul 30 04:31:11 UTC 2026","Thu Jul 30 04:31:16 UTC 2026","5002","tests.PlayWrightTests.CoachFacingPortal","test_coaches_discussion","TestCoachesDiscussionEmoji","","","test_coachdiscuss_reaction_dashboard[chromium]",""
"broken","Thu Jul 30 04:01:50 UTC 2026","Thu Jul 30 04:02:20 UTC 2026","30002","tests.PlayWrightTests.CoachFacingPortal.Milestones","test_ibc_milestone","TestIBC_Milestone","","","validate Week1 partially achieved circle Modal content",""
"passed","Thu Jul 30 03:41:39 UTC 2026","Thu Jul 30 03:41:44 UTC 2026","5509","tests.PlayWrightTests.CoachFacingPortal.DiscussionForum","test_discussion_CA_role","TestDiscussionForumPage","","","Given I am logged in, I am validating - Discussions module",""
"passed","Thu Jul 30 04:10:25 UTC 2026","Thu Jul 30 04:10:28 UTC 2026","2267","tests.PlayWrightTests.CoachFacingPortal.UserData","test_allActivities","TestUserPlaywright","","","p7: HbA1c — Validate boundary errors (value<2 and value>19), then save valid entry=11 — Expected: Boundary errors displayed; entry saved successfully",""
"passed","Thu Jul 30 04:11:23 UTC 2026","Thu Jul 30 04:11:24 UTC 2026","1481","tests.PlayWrightTests.CoachFacingPortal.UserData","test_allActivities","TestUserPlaywright","","","p32: Blood pressure list view — Click Export and verify CSV file is downloaded and non-empty — Expected: CSV file downloaded successfully with file size > 0",""
"passed","Thu Jul 30 03:44:21 UTC 2026","Thu Jul 30 03:44:22 UTC 2026","1246","tests.PlayWrightTests.CoachFacingPortal.DiscussionForum","test_discussion_CA_role","TestDiscussionForumPage","","","Given I am logged in, I am validating Edit Post - Remove File",""
"passed","Thu Jul 30 04:18:53 UTC 2026","Thu Jul 30 04:18:53 UTC 2026","3","tests.PlayWrightTests.CoachFacingPortal.UserData","test_patient_profile_demographic","TestPatientProfileDemographic","","","[coach] Personal Details - Add Ethnicity and Race multi-select value and verify persistence or coach restriction",""
"passed","Thu Jul 30 03:36:31 UTC 2026","Thu Jul 30 03:36:31 UTC 2026","6","tests.PlayWrightTests.CoachFacingPortal.AllCohortDashboardGraphs","test_additionalSummaryGraph","TestGraphAdditionalSummary","","","To ensure attendance date format is correct",""
"failed","Thu Jul 30 04:15:08 UTC 2026","Thu Jul 30 04:15:32 UTC 2026","24480","tests.PlayWrightTests.CoachFacingPortal.UserData","test_patient_profile_demographic","TestPatientProfileDemographic","","","[customer admin] Personal Details - Update First Name and verify persisted value or coach edit restriction",""
"failed","Thu Jul 30 04:27:42 UTC 2026","Thu Jul 30 04:27:42 UTC 2026","2","tests.PlayWrightTests.CoachFacingPortal","test_coaches_activity_body_composition","TestCoachesActivityBodyComposition","","","test_first_row_mass_percentages_add_up_to_weight[chromium]","Assert that Muscle Mass + Fat Mass + Bone Mass (lbs) from the first row sum to the total Weight."
"passed","Thu Jul 30 04:14:39 UTC 2026","Thu Jul 30 04:14:40 UTC 2026","1066","tests.PlayWrightTests.CoachFacingPortal.UserData","test_patient_profile_demographic","TestPatientProfileDemographic","","","[coach] Program Details - Toggle Confirmed By Coach to False and verify timestamp is generated/recent",""
"passed","Thu Jul 30 04:12:51 UTC 2026","Thu Jul 30 04:12:52 UTC 2026","882","tests.PlayWrightTests.CoachFacingPortal.UserData","test_disenrollment","TestDisenrollment_demographicPage","","","Update Disenrollment Details With Empty Data",""
"passed","Thu Jul 30 04:12:52 UTC 2026","Thu Jul 30 04:12:59 UTC 2026","6531","tests.PlayWrightTests.CoachFacingPortal.UserData","test_disenrollment","TestDisenrollment_demographicPage","","","Update Disenrollment Details With Only Reason Code",""
"passed","Thu Jul 30 04:23:20 UTC 2026","Thu Jul 30 04:23:24 UTC 2026","3948","tests.PlayWrightTests.CoachFacingPortal","test_Appointment_on_board","","","","test_TC020_scrollable_month_list[chromium]","Page body must not stretch infinitely when many appointments are shown."
"passed","Thu Jul 30 04:23:33 UTC 2026","Thu Jul 30 04:23:38 UTC 2026","5214","tests.PlayWrightTests.CoachFacingPortal","test_Appointment_on_board","","","","test_TC023_post_midnight_early_morning_indexing[chromium]","12:xx AM cards must appear at the top of their day's appointment list.

    A 12:00 AM meeting is seeded for tomorrow. This Week always includes tomorrow,
    so the midnight card appears. We verify it exists and is not the last item.
    "
"passed","Thu Jul 30 03:44:26 UTC 2026","Thu Jul 30 03:44:31 UTC 2026","5258","tests.PlayWrightTests.CoachFacingPortal.DiscussionForum","test_discussion_CA_role","TestDiscussionForumPage","","","Given I am logged in, I am validating Comment on pinned post",""
"passed","Thu Jul 30 03:48:05 UTC 2026","Thu Jul 30 03:48:10 UTC 2026","5060","tests.PlayWrightTests.CoachFacingPortal.DiscussionForum","test_discussion_coachRole","TestDiscussionForumPage","","","Given I am logged in, I am validating upload up to 5 files with Description - Success",""
"failed","Thu Jul 30 03:37:13 UTC 2026","Thu Jul 30 03:37:14 UTC 2026","647","tests.PlayWrightTests.CoachFacingPortal.AllCohortDashboardGraphs","test_average_weightLossGraph","TestGraph_AverageWeightLossByCohort","","","To ensure the Avg weight loss graph lists all cohorts on Y-Axis when ALL filtered",""
"passed","Thu Jul 30 04:14:45 UTC 2026","Thu Jul 30 04:14:47 UTC 2026","1944","tests.PlayWrightTests.CoachFacingPortal.UserData","test_patient_profile_demographic","TestPatientProfileDemographic","","","[customer admin] Address Details - Update address fields/state and verify successful update toast",""
"passed","Thu Jul 30 04:20:32 UTC 2026","Thu Jul 30 04:20:32 UTC 2026","19","tests.PlayWrightTests.CoachFacingPortal","test_Appointment_on_board","","","","test_TC001_dashboard_renders_correctly[chromium]","Section visible, badge visible, all 3 filters visible, Today filter active by default."
"passed","Thu Jul 30 03:49:29 UTC 2026","Thu Jul 30 03:49:31 UTC 2026","2019","tests.PlayWrightTests.CoachFacingPortal.DiscussionForum","test_discussion_coachRole","TestDiscussionForumPage","","","Given I am logged in, I am validating UnPin The post",""
"passed","Thu Jul 30 04:26:22 UTC 2026","Thu Jul 30 04:26:29 UTC 2026","7919","tests.PlayWrightTests.CoachFacingPortal","test_coach_payer_type","TestPayerType","","","test_limited_payer_participant_edit_in_claim_menu[chromium]",""
"passed","Thu Jul 30 04:12:59 UTC 2026","Thu Jul 30 04:13:05 UTC 2026","6513","tests.PlayWrightTests.CoachFacingPortal.UserData","test_disenrollment","TestDisenrollment_demographicPage","","","Update Disenrollment Details With Only Reason Code",""
"passed","Thu Jul 30 04:10:35 UTC 2026","Thu Jul 30 04:10:37 UTC 2026","1843","tests.PlayWrightTests.CoachFacingPortal.UserData","test_allActivities","TestUserPlaywright","","","p14: Exercise — cancel, close and save default category steps=123 — Expected: Entry saved successfully; graph and table visible",""
"passed","Thu Jul 30 04:14:47 UTC 2026","Thu Jul 30 04:14:50 UTC 2026","2453","tests.PlayWrightTests.CoachFacingPortal.UserData","test_patient_profile_demographic","TestPatientProfileDemographic","","","[customer admin] Call Details - Update call timestamps/track notes and verify successful update toast",""
"passed","Thu Jul 30 03:41:48 UTC 2026","Thu Jul 30 03:41:49 UTC 2026","833","tests.PlayWrightTests.CoachFacingPortal.DiscussionForum","test_discussion_CA_role","TestDiscussionForumPage","","","Given I am logged in, I am validating Add description only - success post",""
"passed","Thu Jul 30 04:13:43 UTC 2026","Thu Jul 30 04:13:55 UTC 2026","12056","tests.PlayWrightTests.CoachFacingPortal.UserData","test_disenrollment","TestDisenrollment_demographicPage","","","Update Disenrollment Details with Date and Reason code",""
"passed","Thu Jul 30 03:55:35 UTC 2026","Thu Jul 30 03:55:35 UTC 2026","20","tests.PlayWrightTests.CoachFacingPortal.LogClassSession","test_logClass","TestLogClassSession","","","Verify Log Class Session page fields",""
"broken","Thu Jul 30 04:04:21 UTC 2026","Thu Jul 30 04:04:51 UTC 2026","30002","tests.PlayWrightTests.CoachFacingPortal.Milestones","test_ibc_milestone","TestIBC_Milestone","","","validate when user add Exercise now to partially achieved week1, then week1 still should be partially achieved state and exercise count in modal should update to 1",""
"passed","Thu Jul 30 03:41:12 UTC 2026","Thu Jul 30 03:41:16 UTC 2026","4170","tests.PlayWrightTests.CoachFacingPortal.DSMEPARTICIPANT","test_dsme_participant_users","TestUserPlaywright","","","test_verify_program_start_date_in_billing_tracker[chromium]",""
"broken","Thu Jul 30 04:34:11 UTC 2026","Thu Jul 30 04:34:11 UTC 2026","0","tests.PlayWrightTests.CoachFacingPortal","test_direct_message","TestHeadCoachDMBadge","","","TC21 – Head Coach: notification count loads correctly after hard reload","Badge count must survive a hard (cache-bypassing) reload."
"broken","Thu Jul 30 03:58:48 UTC 2026","Thu Jul 30 03:59:18 UTC 2026","30001","tests.PlayWrightTests.CoachFacingPortal.Milestones","test_cdc_milestone","TestCDCMilestone","","","Functionality: log sessions 21-26 and verify core + maintenance split",""
"passed","Thu Jul 30 03:49:24 UTC 2026","Thu Jul 30 03:49:29 UTC 2026","5303","tests.PlayWrightTests.CoachFacingPortal.DiscussionForum","test_discussion_coachRole","TestDiscussionForumPage","","","Given I am logged in, I am validating Comment on pinned post",""
"passed","Thu Jul 30 03:55:49 UTC 2026","Thu Jul 30 03:55:58 UTC 2026","8420","tests.PlayWrightTests.CoachFacingPortal.LogClassSession","test_logClass","TestLogClassSession","","","Verify error message == 'Date is required' is displayed, when coach tries to save logclass session with only weight",""
"broken","Thu Jul 30 04:34:10 UTC 2026","Thu Jul 30 04:34:10 UTC 2026","0","tests.PlayWrightTests.CoachFacingPortal","test_direct_message","TestHeadCoachDMBadge","","","TC16 – Head Coach: no tooltip shown when unread count is zero","No tooltip must appear when badge count is zero."
"passed","Thu Jul 30 04:15:08 UTC 2026","Thu Jul 30 04:15:08 UTC 2026","17","tests.PlayWrightTests.CoachFacingPortal.UserData","test_patient_profile_demographic","TestPatientProfileDemographic","","","[coach] Disability Details - Select Dressing=No and verify selected value persists",""
"passed","Thu Jul 30 03:47:17 UTC 2026","Thu Jul 30 03:47:17 UTC 2026","383","tests.PlayWrightTests.CoachFacingPortal.DiscussionForum","test_discussion_coachRole","TestDiscussionForumPage","","","Given I am logged in, I am validating verify file is not broken",""
"passed","Thu Jul 30 03:56:53 UTC 2026","Thu Jul 30 03:56:53 UTC 2026","465","tests.PlayWrightTests.CoachFacingPortal.LogClassSession","test_logClass","TestLogClassSession","","","Verify coach can save log class session by adding weight, attendance date, PA, LF and MUP - Online Mode",""
"passed","Thu Jul 30 04:15:08 UTC 2026","Thu Jul 30 04:15:08 UTC 2026","16","tests.PlayWrightTests.CoachFacingPortal.UserData","test_patient_profile_demographic","TestPatientProfileDemographic","","","[customer admin] Disability Details - Select Dressing=No and verify selected value persists",""
"broken","Thu Jul 30 03:39:07 UTC 2026","Thu Jul 30 03:40:00 UTC 2026","52507","tests.PlayWrightTests.CoachFacingPortal.DSMEPARTICIPANT","test_dsme_participant_users","TestUserPlaywright","","","test_update_dsme_participant_status_by_running_session_timer[chromium]",""
"passed","Thu Jul 30 04:06:35 UTC 2026","Thu Jul 30 04:07:25 UTC 2026","50381","tests.PlayWrightTests.CoachFacingPortal.UserData","test_PatientProfileImmunizations","TestPatientProfileImmunizations","","","Verify adding two new immunizations (parainfluenza-3 and yellow fever) to patient profile and checking status save",""
"passed","Thu Jul 30 04:10:02 UTC 2026","Thu Jul 30 04:10:19 UTC 2026","16919","tests.PlayWrightTests.CoachFacingPortal.UserData","test_allActivities","TestUserPlaywright","","","p2: Weight entry — cancel, close and save weight=77 for user in DailyStandUp_Cohort — Expected: Entry saved successfully; graph and table visible on Activities page",""
"failed","Thu Jul 30 04:17:38 UTC 2026","Thu Jul 30 04:18:03 UTC 2026","24986","tests.PlayWrightTests.CoachFacingPortal.UserData","test_patient_profile_demographic","TestPatientProfileDemographic","","","[customer admin] Personal Details - Update Current Gender dropdown and verify stored value or coach restriction",""
"passed","Thu Jul 30 04:14:53 UTC 2026","Thu Jul 30 04:14:55 UTC 2026","2072","tests.PlayWrightTests.CoachFacingPortal.UserData","test_patient_profile_demographic","TestPatientProfileDemographic","","","[customer admin] CDC Details - Update enrollment/risk/education fields and verify successful update toast",""
"passed","Thu Jul 30 04:20:45 UTC 2026","Thu Jul 30 04:20:58 UTC 2026","13127","tests.PlayWrightTests.CoachFacingPortal","test_Appointment_on_board","","","","test_TC004_filter_tabs_and_badge[chromium]","Badge==cards for all 3 filters; Week and Month mark active; Week>=Today."
"broken","Thu Jul 30 04:28:39 UTC 2026","Thu Jul 30 04:29:09 UTC 2026","30016","tests.PlayWrightTests.CoachFacingPortal","test_coaches_curated","TestUserPlaywright","","","test_search_curated[chromium]",""
"passed","Thu Jul 30 04:14:53 UTC 2026","Thu Jul 30 04:14:53 UTC 2026","7","tests.PlayWrightTests.CoachFacingPortal.UserData","test_patient_profile_demographic","TestPatientProfileDemographic","","","[customer admin] Demographic Profile - Validate CDC Details labels and control visibility",""
"passed","Thu Jul 30 04:12:42 UTC 2026","Thu Jul 30 04:12:51 UTC 2026","9379","tests.PlayWrightTests.CoachFacingPortal.UserData","test_disenrollment","TestDisenrollment_demographicPage","","","To ensure Disenrollment Details are visible on profile page under Demographic Information for a user",""
"passed","Thu Jul 30 04:13:55 UTC 2026","Thu Jul 30 04:14:09 UTC 2026","13966","tests.PlayWrightTests.CoachFacingPortal.UserData","test_disenrollment","TestDisenrollment_demographicPage","","","Update Disenrollment Details with Date and Reason code",""
"passed","Thu Jul 30 03:38:32 UTC 2026","Thu Jul 30 03:38:38 UTC 2026","5907","tests.PlayWrightTests.CoachFacingPortal.DSMEPARTICIPANT","test_dsme_participant_users","TestUserPlaywright","","","test_search_dsme_participant_user[chromium]",""
"passed","Thu Jul 30 04:28:07 UTC 2026","Thu Jul 30 04:28:15 UTC 2026","7322","tests.PlayWrightTests.CoachFacingPortal","test_coaches_blood_sugar_notes","TestCoachesActivityBloodSugar","","","test_add_blood_sugar_notes_for_all_reading_types[chromium]","Coach adds blood sugar entries for Fasting, Before Meal, After Meal with notes and validates in table."
"passed","Thu Jul 30 04:12:22 UTC 2026","Thu Jul 30 04:12:24 UTC 2026","1699","tests.PlayWrightTests.CoachFacingPortal.UserData","test_allActivities","TestUserPlaywright","","","p57: Body Composition — Open list view from activity card — Expected: Body Composition history table is displayed in list view",""
"passed","Thu Jul 30 04:27:09 UTC 2026","Thu Jul 30 04:27:10 UTC 2026","1350","tests.PlayWrightTests.CoachFacingPortal","test_coach_payer_type","TestPayerType","","","test_payertype_reflected_in_user_menu[chromium]",""
"passed","Thu Jul 30 04:10:28 UTC 2026","Thu Jul 30 04:10:31 UTC 2026","2231","tests.PlayWrightTests.CoachFacingPortal.UserData","test_allActivities","TestUserPlaywright","","","p9: Tobacco Count — cancel, close and save tobacco_count=5 — Expected: Entry saved successfully; graph and table visible",""
"skipped","Thu Jul 30 03:52:16 UTC 2026","Thu Jul 30 03:52:17 UTC 2026","936","tests.PlayWrightTests.CoachFacingPortal.Hub.Scheduler","test_scheduler","TestScheduler","","","validate the newly created event appears with correct details in the dashboard's Upcoming Appointments widget",""
"broken","Thu Jul 30 04:01:20 UTC 2026","Thu Jul 30 04:01:50 UTC 2026","30002","tests.PlayWrightTests.CoachFacingPortal.Milestones","test_ibc_milestone","TestIBC_Milestone","","","validate clicking on partially achieved week1 circle should open a modal and header==Week 1",""
"passed","Thu Jul 30 04:28:15 UTC 2026","Thu Jul 30 04:28:21 UTC 2026","6298","tests.PlayWrightTests.CoachFacingPortal","test_coaches_blood_sugar_notes","TestCoachesActivityBloodSugar","","","test_edit_blood_sugar_notes_for_all_reading_types[chromium]","Coach edits blood sugar notes for Fasting, Before Meal, After Meal and validates updated notes in table."
"passed","Thu Jul 30 04:10:22 UTC 2026","Thu Jul 30 04:10:24 UTC 2026","2553","tests.PlayWrightTests.CoachFacingPortal.UserData","test_allActivities","TestUserPlaywright","","","p4: Blood pressure entry — cancel, close and save systolic=120 diastolic=80 — Expected: Entry saved; boundary errors shown when only one field filled",""
"passed","Thu Jul 30 03:49:21 UTC 2026","Thu Jul 30 03:49:23 UTC 2026","2042","tests.PlayWrightTests.CoachFacingPortal.DiscussionForum","test_discussion_coachRole","TestDiscussionForumPage","","","Given I am logged in, I am validating Click Delete - Cancel",""
"passed","Thu Jul 30 04:14:57 UTC 2026","Thu Jul 30 04:15:02 UTC 2026","5521","tests.PlayWrightTests.CoachFacingPortal.UserData","test_patient_profile_demographic","TestPatientProfileDemographic","","","[customer admin] Disability Details - Select Hearing=Yes and verify selected value persists",""
"failed","Thu Jul 30 04:25:17 UTC 2026","Thu Jul 30 04:25:22 UTC 2026","5002","tests.PlayWrightTests.CoachFacingPortal","test_coach_direct_message","TestUserPlaywright","","","p5: Validate sent message - sender, content matches what was sent, and timestamp matches system timezone",""
"passed","Thu Jul 30 03:35:56 UTC 2026","Thu Jul 30 03:36:05 UTC 2026","9039","tests.PlayWrightTests.CoachFacingPortal.AllCohortDashboardGraphs","test_additionalSummaryGraph","TestGraphAdditionalSummary","","","To ensure the summary table is not visible to other than Customer Admin users",""
"passed","Thu Jul 30 04:10:25 UTC 2026","Thu Jul 30 04:10:25 UTC 2026","51","tests.PlayWrightTests.CoachFacingPortal.UserData","test_allActivities","TestUserPlaywright","","","p6: HbA1c — Navigate to HbA1c card and verify graph is visible — Expected: HbA1c activity card and graph are rendered on the Activities page",""
"passed","Thu Jul 30 03:46:32 UTC 2026","Thu Jul 30 03:46:32 UTC 2026","54","tests.PlayWrightTests.CoachFacingPortal.DiscussionForum","test_discussion_CA_role","TestDiscussionForumPage","","","Given I am logged in, I am validating the file upload tooltip",""
"passed","Thu Jul 30 04:08:33 UTC 2026","Thu Jul 30 04:08:37 UTC 2026","3022","tests.PlayWrightTests.CoachFacingPortal.UserData","test_PatientProfilePayerType","TestPatientProfilePayerType","","","Final cleanup: remove all remaining payer types from patient profile",""
"passed","Thu Jul 30 03:52:48 UTC 2026","Thu Jul 30 03:52:59 UTC 2026","10281","tests.PlayWrightTests.CoachFacingPortal.Learn","test_user_assignment","TestLearn","","","validate user shouldn't see Learn courses/learn tab until course is assigned on user level or on cohort level",""
"passed","Thu Jul 30 04:11:40 UTC 2026","Thu Jul 30 04:11:41 UTC 2026","1133","tests.PlayWrightTests.CoachFacingPortal.UserData","test_allActivities","TestUserPlaywright","","","p39: Tobacco count — Open list view from activity card — Expected: Tobacco count history table is displayed in list view",""
"failed","Thu Jul 30 04:24:40 UTC 2026","Thu Jul 30 04:24:40 UTC 2026","661","tests.PlayWrightTests.CoachFacingPortal","test_Group_Interaction_Community","TestGroupInteractionCommunity","","","AC4: Verify No Manual Add Option for Community Interaction"," Verify that there is NO option to manually add a Community Interaction"
"passed","Thu Jul 30 03:49:31 UTC 2026","Thu Jul 30 03:51:28 UTC 2026","116157","tests.PlayWrightTests.CoachFacingPortal.DiscussionForum","test_discussion_coachRole","TestDiscussionForumPage","","","Given I am logged in, I am validating add max number of pinned posts (20)",""
"passed","Thu Jul 30 03:43:11 UTC 2026","Thu Jul 30 03:44:12 UTC 2026","61107","tests.PlayWrightTests.CoachFacingPortal.DiscussionForum","test_discussion_CA_role","TestDiscussionForumPage","","","Given I am logged in, I am validating Upload more than 5 files - Error",""
"passed","Thu Jul 30 04:07:25 UTC 2026","Thu Jul 30 04:07:27 UTC 2026","2038","tests.PlayWrightTests.CoachFacingPortal.UserData","test_PatientProfileImmunizations","TestPatientProfileImmunizations","","","Verify successfully deleting the yellow fever immunization from patient listing",""
"passed","Thu Jul 30 03:55:58 UTC 2026","Thu Jul 30 03:56:00 UTC 2026","2532","tests.PlayWrightTests.CoachFacingPortal.LogClassSession","test_logClass","TestLogClassSession","","","Verify error message == 'Weight is required' is displayed, when coach tries to save logclass session with only AttendanceDate",""
"passed","Thu Jul 30 04:21:02 UTC 2026","Thu Jul 30 04:21:03 UTC 2026","674","tests.PlayWrightTests.CoachFacingPortal","test_Appointment_on_board","","","","test_TC007_accordion_collapse_expand[chromium]","Chevron toggle collapses then re-expands. Section must stay visible throughout."
"passed","Thu Jul 30 04:14:43 UTC 2026","Thu Jul 30 04:14:45 UTC 2026","1955","tests.PlayWrightTests.CoachFacingPortal.UserData","test_patient_profile_demographic","TestPatientProfileDemographic","","","[customer admin] Contact Details - Update phone fields and verify successful update toast",""
"passed","Thu Jul 30 03:44:31 UTC 2026","Thu Jul 30 03:44:33 UTC 2026","2019","tests.PlayWrightTests.CoachFacingPortal.DiscussionForum","test_discussion_CA_role","TestDiscussionForumPage","","","Given I am logged in, I am validating UnPin The post",""
"passed","Thu Jul 30 04:07:31 UTC 2026","Thu Jul 30 04:07:31 UTC 2026","8","tests.PlayWrightTests.CoachFacingPortal.UserData","test_PatientProfileImmunizations","TestPatientProfileImmunizations","","","Verify persistent storage of edited parainfluenza-3 immunization",""
