"Status","Start Time","Stop Time","Duration in ms","Parent Suite","Suite","Sub Suite","Test Class","Test Method","Name","Description"
"passed","Tue Jun 30 20:52:17 UTC 2026","Tue Jun 30 20:52:19 UTC 2026","1988","HabitNuWebAppSuite","3. Nutrition and Recipes","WebAppSanityPackage.Myrecipes","WebAppSanityPackage.Myrecipes","test9_addcustomingredient","Verify User Can Add an Ingredient to Recipe",""
"passed","Tue Jun 30 20:32:35 UTC 2026","Tue Jun 30 20:32:38 UTC 2026","3329","HabitNuWebAppSuite","2. Health Metrics","WebAppSanityPackage.Hba1c","WebAppSanityPackage.Hba1c","editTargetWithBlankValue","edit -  HbA1c cannot be blank",""
"passed","Tue Jun 30 20:23:56 UTC 2026","Tue Jun 30 20:24:15 UTC 2026","18826","HabitNuWebAppSuite","2. Health Metrics","WebAppSanityPackage.BloodPressure_Section","WebAppSanityPackage.BloodPressure_Section","case1_addInitialBloodPressureData","[MAIN CARD] Navigate to Health tab and add initial blood pressure data using the Add New button",""
"passed","Tue Jun 30 20:53:37 UTC 2026","Tue Jun 30 20:53:47 UTC 2026","10222","HabitNuWebAppSuite","3. Nutrition and Recipes","WebAppSanityPackage.Myrecipes","WebAppSanityPackage.Myrecipes","test19_deleteallrecipes","Verify Empty State Is Displayed After Deleting All Custom Recipes",""
"passed","Tue Jun 30 20:36:36 UTC 2026","Tue Jun 30 20:36:38 UTC 2026","2452","HabitNuWebAppSuite","2. Health Metrics","WebAppSanityPackage.TobaccoSection","WebAppSanityPackage.TobaccoSection","case16_graphcase2","Load web app -> Click on Health section -> Weight section -> click on three lines -> Click on graph -> click on filter as last month",""
"passed","Tue Jun 30 20:58:52 UTC 2026","Tue Jun 30 20:58:52 UTC 2026","163","HabitNuWebAppSuite","4. Lifestyle and Social","WebAppSanityPackage.HabitsAppClass","WebAppSanityPackage.HabitsAppClass","case26","Click on Archive and do not add the habit to archive",""
"passed","Tue Jun 30 20:30:07 UTC 2026","Tue Jun 30 20:30:09 UTC 2026","1082","HabitNuWebAppSuite","2. Health Metrics","WebAppSanityPackage.WebAppHealth_WeightSection","WebAppSanityPackage.WebAppHealth_WeightSection","editTargetWithBlankValue","edit -  Weight cannot be blank",""
"passed","Tue Jun 30 20:33:52 UTC 2026","Tue Jun 30 20:34:02 UTC 2026","10170","HabitNuWebAppSuite","2. Health Metrics","WebAppSanityPackage.Medication","WebAppSanityPackage.Medication","case29_NavigateToLogAndCheckData","Weight loss medication Edit details on Log - Check for available medications",""
"passed","Tue Jun 30 20:16:33 UTC 2026","Tue Jun 30 20:16:33 UTC 2026","125","HabitNuWebAppSuite","1. Core and Authentication","WebAppSanityPackage.HomePage","WebAppSanityPackage.HomePage","testdiscussionHeaderElementsAreClickable","Verify that the discussion dropdown shows Talk to My Coach, Talk to My Team, and View My Meetings.",""
"passed","Tue Jun 30 20:20:14 UTC 2026","Tue Jun 30 20:20:15 UTC 2026","183","HabitNuWebAppSuite","1. Core and Authentication","WebAppSanityPackage.ProfileAppClass","WebAppSanityPackage.ProfileAppClass","invalidAlphabetContactNumber","Add alphabets in contact number → Show invalid contact error",""
"passed","Tue Jun 30 20:32:38 UTC 2026","Tue Jun 30 20:32:38 UTC 2026","256","HabitNuWebAppSuite","2. Health Metrics","WebAppSanityPackage.Hba1c","WebAppSanityPackage.Hba1c","setTargetMoreThan99","enter target more than 14 and assert messages",""
"passed","Tue Jun 30 20:41:24 UTC 2026","Tue Jun 30 20:41:48 UTC 2026","24110","HabitNuWebAppSuite","3. Nutrition and Recipes","WebAppSanityPackage.foodGrouping","WebAppSanityPackage.foodGrouping","case18","Create My Meal from Logged Dinner Foods",""
"failed","Tue Jun 30 20:15:55 UTC 2026","Tue Jun 30 20:16:02 UTC 2026","7073","HabitNuWebAppSuite","1. Core and Authentication","WebAppSanityPackage.Login","WebAppSanityPackage.Login","testFullPasswordResetFlow","Validate end-to-end password reset flow and key messages: 'Passwords do not match' and success text 'Password successfuly updated', then store used reset link for reuse validation.",""
"passed","Tue Jun 30 21:00:50 UTC 2026","Tue Jun 30 21:00:50 UTC 2026","62","HabitNuWebAppSuite","4. Lifestyle and Social","WebAppSanityPackage.DiscussAppClass","WebAppSanityPackage.DiscussAppClass","case18","Click on - button of coaches ( it should go back )",""
"passed","Tue Jun 30 20:29:14 UTC 2026","Tue Jun 30 20:29:26 UTC 2026","11361","HabitNuWebAppSuite","2. Health Metrics","WebAppSanityPackage.Sugar_Section","WebAppSanityPackage.Sugar_Section","case14","add yesterday's Blood Sugar n it should show last added data Before Meal",""
"passed","Tue Jun 30 20:47:11 UTC 2026","Tue Jun 30 20:47:12 UTC 2026","1954","HabitNuWebAppSuite","3. Nutrition and Recipes","WebAppSanityPackage.habiRecipe","WebAppSanityPackage.habiRecipe","case21_SelectMacronutrientRecipeFromList","Log Generated Recipe",""
"passed","Tue Jun 30 20:35:22 UTC 2026","Tue Jun 30 20:35:23 UTC 2026","442","HabitNuWebAppSuite","2. Health Metrics","WebAppSanityPackage.ExerciseSection","WebAppSanityPackage.ExerciseSection","case7","verify blank data in exercise section",""
"passed","Tue Jun 30 20:52:17 UTC 2026","Tue Jun 30 20:52:17 UTC 2026","15","HabitNuWebAppSuite","3. Nutrition and Recipes","WebAppSanityPackage.Myrecipes","WebAppSanityPackage.Myrecipes","test8_validateingredient","Verify Added Ingredient Appears in Ingredient List",""
"passed","Tue Jun 30 20:27:56 UTC 2026","Tue Jun 30 20:27:57 UTC 2026","1474","HabitNuWebAppSuite","2. Health Metrics","WebAppSanityPackage.Sugar_Section","WebAppSanityPackage.Sugar_Section","editTargetWithGreaterThan999","edit -  enter High target more than 999 and assert messages",""
"broken","Tue Jun 30 20:34:46 UTC 2026","Tue Jun 30 20:34:58 UTC 2026","12440","HabitNuWebAppSuite","2. Health Metrics","WebAppSanityPackage.ExerciseSection","WebAppSanityPackage.ExerciseSection","editTargetButDoNotSave","edit target values and do click on 'x' mark and do not save",""
"passed","Tue Jun 30 20:20:35 UTC 2026","Tue Jun 30 20:20:37 UTC 2026","1792","HabitNuWebAppSuite","1. Core and Authentication","WebAppSanityPackage.ProfileAppClass","WebAppSanityPackage.ProfileAppClass","case45","Add Waist (in inches) as 0 and save",""
"passed","Tue Jun 30 20:21:04 UTC 2026","Tue Jun 30 20:21:08 UTC 2026","3945","HabitNuWebAppSuite","1. Core and Authentication","WebAppSanityPackage.ProfileAppClass","WebAppSanityPackage.ProfileAppClass","case69","Upload file, name, type and cancel",""
"passed","Tue Jun 30 21:00:09 UTC 2026","Tue Jun 30 21:00:15 UTC 2026","6572","HabitNuWebAppSuite","4. Lifestyle and Social","WebAppSanityPackage.DiscussAppClass","WebAppSanityPackage.DiscussAppClass","case1","Post a message with subject and description (should allow posting)",""
"passed","Tue Jun 30 20:29:42 UTC 2026","Tue Jun 30 20:29:43 UTC 2026","288","HabitNuWebAppSuite","2. Health Metrics","WebAppSanityPackage.Sugar_Section","WebAppSanityPackage.Sugar_Section","case18","verify blank data in Blood Sugar section After Meal",""
"broken","Tue Jun 30 20:49:36 UTC 2026","Tue Jun 30 20:49:40 UTC 2026","4054","HabitNuWebAppSuite","3. Nutrition and Recipes","WebAppSanityPackage.habiRecipe","WebAppSanityPackage.habiRecipe","case31_SetAllPreferences","Configure All Recipe Preferences",""
"passed","Tue Jun 30 20:32:23 UTC 2026","Tue Jun 30 20:32:25 UTC 2026","2356","HabitNuWebAppSuite","2. Health Metrics","WebAppSanityPackage.Hba1c","WebAppSanityPackage.Hba1c","case9","verify data should not be more than 14 in Hba1c count section",""
"passed","Tue Jun 30 21:00:32 UTC 2026","Tue Jun 30 21:00:35 UTC 2026","3402","HabitNuWebAppSuite","4. Lifestyle and Social","WebAppSanityPackage.DiscussAppClass","WebAppSanityPackage.DiscussAppClass","case9","Upload a message with subject, description, and file over 10MB (should not allow)",""
"passed","Tue Jun 30 20:16:55 UTC 2026","Tue Jun 30 20:16:57 UTC 2026","1742","HabitNuWebAppSuite","1. Core and Authentication","WebAppSanityPackage.HomePage","WebAppSanityPackage.HomePage","testSetTargetsSection","Verify that Set Targets page loads and allows counter changes, unit toggle updates, and save action.",""
"passed","Tue Jun 30 20:34:02 UTC 2026","Tue Jun 30 20:34:03 UTC 2026","289","HabitNuWebAppSuite","2. Health Metrics","WebAppSanityPackage.Medication","WebAppSanityPackage.Medication","case31","Weight loss medication Review",""
"passed","Tue Jun 30 20:20:46 UTC 2026","Tue Jun 30 20:20:50 UTC 2026","3531","HabitNuWebAppSuite","1. Core and Authentication","WebAppSanityPackage.ProfileAppClass","WebAppSanityPackage.ProfileAppClass","case62","Click on Upload/View files section",""
"passed","Tue Jun 30 20:22:18 UTC 2026","Tue Jun 30 20:22:19 UTC 2026","1136","HabitNuWebAppSuite","1. Core and Authentication","WebAppSanityPackage.GuidedTour","WebAppSanityPackage.GuidedTour","test5_navigatingguidedtour","And user is navigating to Habi page by clicking Finish button",""
"passed","Tue Jun 30 20:57:57 UTC 2026","Tue Jun 30 20:57:59 UTC 2026","2171","HabitNuWebAppSuite","4. Lifestyle and Social","WebAppSanityPackage.HabitsAppClass","WebAppSanityPackage.HabitsAppClass","case12","Click on Archive and do not add the habit to archive",""
"passed","Tue Jun 30 20:39:41 UTC 2026","Tue Jun 30 20:39:48 UTC 2026","7399","HabitNuWebAppSuite","3. Nutrition and Recipes","WebAppSanityPackage.foodGrouping","WebAppSanityPackage.foodGrouping","case8","Add My Meal to Dinner",""
"passed","Tue Jun 30 20:20:14 UTC 2026","Tue Jun 30 20:20:14 UTC 2026","157","HabitNuWebAppSuite","1. Core and Authentication","WebAppSanityPackage.ProfileAppClass","WebAppSanityPackage.ProfileAppClass","openContactDetailsEdit","Click on Contact Details edit button → Should enter edit mode",""
"passed","Tue Jun 30 20:16:16 UTC 2026","Tue Jun 30 20:16:18 UTC 2026","2014","HabitNuWebAppSuite","1. Core and Authentication","WebAppSanityPackage.Login","WebAppSanityPackage.Login","testHabitNuRegisterNavigation","Validate Register navigation from login page opens HabitNu signup in a new tab and loads expected signup/login page content.",""
"passed","Tue Jun 30 20:30:04 UTC 2026","Tue Jun 30 20:30:05 UTC 2026","291","HabitNuWebAppSuite","2. Health Metrics","WebAppSanityPackage.WebAppHealth_WeightSection","WebAppSanityPackage.WebAppHealth_WeightSection","setTargetMoreThan99","enter target more than 999 and assert messages",""
"passed","Tue Jun 30 20:33:52 UTC 2026","Tue Jun 30 20:33:52 UTC 2026","535","HabitNuWebAppSuite","2. Health Metrics","WebAppSanityPackage.Medication","WebAppSanityPackage.Medication","case28","Creating new Medications details like selecting add time (What time(s) do you want to take this medication?)",""
"passed","Tue Jun 30 20:17:02 UTC 2026","Tue Jun 30 20:17:03 UTC 2026","163","HabitNuWebAppSuite","1. Core and Authentication","WebAppSanityPackage.HomePage","WebAppSanityPackage.HomePage","testWeeklyProgressBarValidation","Verify that weekly progress title and progress bar are visible and contain valid values.",""
"passed","Tue Jun 30 20:36:14 UTC 2026","Tue Jun 30 20:36:14 UTC 2026","253","HabitNuWebAppSuite","2. Health Metrics","WebAppSanityPackage.TobaccoSection","WebAppSanityPackage.TobaccoSection","case5_setNegativeTarget","enter negative target values and assert messages",""
"passed","Tue Jun 30 20:20:16 UTC 2026","Tue Jun 30 20:20:18 UTC 2026","1194","HabitNuWebAppSuite","1. Core and Authentication","WebAppSanityPackage.ProfileAppClass","WebAppSanityPackage.ProfileAppClass","editAddressLine1AndSave","Edit Address Line 1 and save → Should save successfully",""
"passed","Tue Jun 30 20:28:31 UTC 2026","Tue Jun 30 20:28:32 UTC 2026","807","HabitNuWebAppSuite","2. Health Metrics","WebAppSanityPackage.Sugar_Section","WebAppSanityPackage.Sugar_Section","case6","Click on Blood Sugar , click on add new button and add Blood Sugar Before Meal for current  year , current date -1 ",""
"passed","Tue Jun 30 20:20:15 UTC 2026","Tue Jun 30 20:20:16 UTC 2026","1195","HabitNuWebAppSuite","1. Core and Authentication","WebAppSanityPackage.ProfileAppClass","WebAppSanityPackage.ProfileAppClass","addValidPhoneNumber","Add valid phone number and save → Should save successfully",""
"passed","Tue Jun 30 20:16:31 UTC 2026","Tue Jun 30 20:16:31 UTC 2026","88","HabitNuWebAppSuite","1. Core and Authentication","WebAppSanityPackage.HomePage","WebAppSanityPackage.HomePage","testNavigationBarLinksArePresent","Verify that Home, Food, Health, Learn or Videos, and Habits links are visible in the main navigation.",""
"passed","Tue Jun 30 20:32:42 UTC 2026","Tue Jun 30 20:32:43 UTC 2026","482","HabitNuWebAppSuite","2. Health Metrics","WebAppSanityPackage.Hba1c","WebAppSanityPackage.Hba1c","editTargetWithGreaterThan99","edit -  enter target more than 14 and assert messages",""
"passed","Tue Jun 30 20:36:34 UTC 2026","Tue Jun 30 20:36:36 UTC 2026","1553","HabitNuWebAppSuite","2. Health Metrics","WebAppSanityPackage.TobaccoSection","WebAppSanityPackage.TobaccoSection","case15_graphcase1","Load web app -> Click on Health section -> Weight section -> click on three lines -> Click on graph -> click on filter as last week",""
"passed","Tue Jun 30 20:50:21 UTC 2026","Tue Jun 30 20:50:24 UTC 2026","2577","HabitNuWebAppSuite","3. Nutrition and Recipes","WebAppSanityPackage.recipeBuilder","WebAppSanityPackage.recipeBuilder","logRecipe","verify 'View full' recipe button",""
"passed","Tue Jun 30 20:27:29 UTC 2026","Tue Jun 30 20:27:30 UTC 2026","442","HabitNuWebAppSuite","2. Health Metrics","WebAppSanityPackage.BloodPressure_Section","WebAppSanityPackage.BloodPressure_Section","case25_verifyDiastolicMaxValueValidation","[MODAL] Verify diastolic field maximum value validation (max=200) with extremely large input",""
"passed","Tue Jun 30 20:19:58 UTC 2026","Tue Jun 30 20:20:02 UTC 2026","4600","HabitNuWebAppSuite","1. Core and Authentication","WebAppSanityPackage.ProfileAppClass","WebAppSanityPackage.ProfileAppClass","selectGenderFemaleAndSave","Select Gender as Female and save → Should reflect in profile",""
"passed","Tue Jun 30 20:57:59 UTC 2026","Tue Jun 30 20:58:01 UTC 2026","2497","HabitNuWebAppSuite","4. Lifestyle and Social","WebAppSanityPackage.HabitsAppClass","WebAppSanityPackage.HabitsAppClass","case13","Click on Archive and add the habit to archive",""
"passed","Tue Jun 30 20:49:05 UTC 2026","Tue Jun 30 20:49:36 UTC 2026","30866","HabitNuWebAppSuite","3. Nutrition and Recipes","WebAppSanityPackage.habiRecipe","WebAppSanityPackage.habiRecipe","case30_DeleteRecentlyGeneratedRecipes","Delete Recently Generated Recipe",""
"passed","Tue Jun 30 21:00:30 UTC 2026","Tue Jun 30 21:00:32 UTC 2026","2184","HabitNuWebAppSuite","4. Lifestyle and Social","WebAppSanityPackage.DiscussAppClass","WebAppSanityPackage.DiscussAppClass","case8","Upload only a file (should not allow)",""
"passed","Tue Jun 30 20:55:19 UTC 2026","Tue Jun 30 20:55:19 UTC 2026","87","HabitNuWebAppSuite","3. Nutrition and Recipes","WebAppSanityPackage.WebAppClass","WebAppSanityPackage.WebAppClass","case26","Verify Carbohydrate Data in Nutrition Summary",""
"passed","Tue Jun 30 20:55:19 UTC 2026","Tue Jun 30 20:55:44 UTC 2026","25025","HabitNuWebAppSuite","3. Nutrition and Recipes","WebAppSanityPackage.WebAppClass","WebAppSanityPackage.WebAppClass","case30","Verify Coach User Access in Meals Section",""
"passed","Tue Jun 30 20:27:46 UTC 2026","Tue Jun 30 20:27:46 UTC 2026","271","HabitNuWebAppSuite","2. Health Metrics","WebAppSanityPackage.Sugar_Section","WebAppSanityPackage.Sugar_Section","setLowTargetMoreThan200","enter Low target more than 1000 and assert messages",""
"passed","Tue Jun 30 20:19:51 UTC 2026","Tue Jun 30 20:19:52 UTC 2026","1895","HabitNuWebAppSuite","1. Core and Authentication","WebAppSanityPackage.ProfileAppClass","WebAppSanityPackage.ProfileAppClass","editLastName","Edit first + last name and save → should reflect",""
"passed","Tue Jun 30 20:20:46 UTC 2026","Tue Jun 30 20:20:46 UTC 2026","128","HabitNuWebAppSuite","1. Core and Authentication","WebAppSanityPackage.ProfileAppClass","WebAppSanityPackage.ProfileAppClass","case61","Click on Devices button and it should take to device page",""
"passed","Tue Jun 30 20:42:01 UTC 2026","Tue Jun 30 20:42:03 UTC 2026","1295","HabitNuWebAppSuite","3. Nutrition and Recipes","WebAppSanityPackage.foodGrouping","WebAppSanityPackage.foodGrouping","case20","Log Existing My Meal Group",""
"passed","Tue Jun 30 20:22:55 UTC 2026","Tue Jun 30 20:22:57 UTC 2026","1556","HabitNuWebAppSuite","1. Core and Authentication","WebAppSanityPackage.GuidedTour","WebAppSanityPackage.GuidedTour","test18_skiptour","When User is able to skip the guided tour",""
"passed","Tue Jun 30 20:28:54 UTC 2026","Tue Jun 30 20:29:00 UTC 2026","5907","HabitNuWebAppSuite","2. Health Metrics","WebAppSanityPackage.Sugar_Section","WebAppSanityPackage.Sugar_Section","case10","verify added today data in Blood Sugar section as After Meal",""
"passed","Tue Jun 30 20:50:14 UTC 2026","Tue Jun 30 20:50:19 UTC 2026","4634","HabitNuWebAppSuite","3. Nutrition and Recipes","WebAppSanityPackage.recipeBuilder","WebAppSanityPackage.recipeBuilder","favoriteTheRecipe","Verify User Can Mark a Recipe as Favorite",""
"passed","Tue Jun 30 20:19:49 UTC 2026","Tue Jun 30 20:19:51 UTC 2026","1797","HabitNuWebAppSuite","1. Core and Authentication","WebAppSanityPackage.ProfileAppClass","WebAppSanityPackage.ProfileAppClass","editFirstName","Edit first name and save → should reflect",""
"broken","Tue Jun 30 20:25:06 UTC 2026","Tue Jun 30 20:25:16 UTC 2026","10169","HabitNuWebAppSuite","2. Health Metrics","WebAppSanityPackage.BloodPressure_Section","WebAppSanityPackage.BloodPressure_Section","case5_setNegativeDiastolicTarget","[MAIN CARD] Verify Set Target validation error when entering negative diastolic target value",""
"passed","Tue Jun 30 20:21:08 UTC 2026","Tue Jun 30 20:21:10 UTC 2026","2238","HabitNuWebAppSuite","1. Core and Authentication","WebAppSanityPackage.ProfileAppClass","WebAppSanityPackage.ProfileAppClass","case70","Upload the name only and upload",""
"passed","Tue Jun 30 20:52:22 UTC 2026","Tue Jun 30 20:52:23 UTC 2026","1333","HabitNuWebAppSuite","3. Nutrition and Recipes","WebAppSanityPackage.Myrecipes","WebAppSanityPackage.Myrecipes","test14_logrecipes","Verify User Can Log a Custom Recipe as a Meal",""
"passed","Tue Jun 30 21:00:49 UTC 2026","Tue Jun 30 21:00:49 UTC 2026","498","HabitNuWebAppSuite","4. Lifestyle and Social","WebAppSanityPackage.DiscussAppClass","WebAppSanityPackage.DiscussAppClass","case14","Edit the post message and then cancel it ( It should not edit the post)",""
"passed","Tue Jun 30 20:52:04 UTC 2026","Tue Jun 30 20:52:04 UTC 2026","63","HabitNuWebAppSuite","3. Nutrition and Recipes","WebAppSanityPackage.Myrecipes","WebAppSanityPackage.Myrecipes","test4_fieldsvalidations","Verify Create Recipe Form Fields Are Displayed Correctly",""
"passed","Tue Jun 30 20:29:04 UTC 2026","Tue Jun 30 20:29:14 UTC 2026","10820","HabitNuWebAppSuite","2. Health Metrics","WebAppSanityPackage.Sugar_Section","WebAppSanityPackage.Sugar_Section","case13","add yesterday's Blood Sugar n it should show last added data After Meal",""
"passed","Tue Jun 30 20:57:22 UTC 2026","Tue Jun 30 20:57:40 UTC 2026","17419","HabitNuWebAppSuite","4. Lifestyle and Social","WebAppSanityPackage.HabitsAppClass","WebAppSanityPackage.HabitsAppClass","case5","Click on Add button it should take to create the habit page and create the habit",""
"passed","Tue Jun 30 20:33:50 UTC 2026","Tue Jun 30 20:33:50 UTC 2026","64","HabitNuWebAppSuite","2. Health Metrics","WebAppSanityPackage.Medication","WebAppSanityPackage.Medication","case22","Creating new Medications details like selecting mg or ml.",""
"passed","Tue Jun 30 20:32:54 UTC 2026","Tue Jun 30 20:32:55 UTC 2026","718","HabitNuWebAppSuite","2. Health Metrics","WebAppSanityPackage.Medication","WebAppSanityPackage.Medication","case8","Creating new Medications details like selecting add time (What time(s) do you want to take this medication?",""
"passed","Tue Jun 30 20:15:06 UTC 2026","Tue Jun 30 20:15:06 UTC 2026","254","HabitNuWebAppSuite","1. Core and Authentication","WebAppSanityPackage.Login","WebAppSanityPackage.Login","testLoginWithOnlyPassword","Validate missing-email error when only password is entered and assert message: 'Email is required'.",""
"passed","Tue Jun 30 20:54:28 UTC 2026","Tue Jun 30 20:54:31 UTC 2026","2857","HabitNuWebAppSuite","3. Nutrition and Recipes","WebAppSanityPackage.WebAppClass","WebAppSanityPackage.WebAppClass","case14","Delete Logged Food Item",""
"passed","Tue Jun 30 20:57:40 UTC 2026","Tue Jun 30 20:57:42 UTC 2026","2163","HabitNuWebAppSuite","4. Lifestyle and Social","WebAppSanityPackage.HabitsAppClass","WebAppSanityPackage.HabitsAppClass","case6","Single Click on habit button and mark a green",""
"passed","Tue Jun 30 20:32:38 UTC 2026","Tue Jun 30 20:32:39 UTC 2026","238","HabitNuWebAppSuite","2. Health Metrics","WebAppSanityPackage.Hba1c","WebAppSanityPackage.Hba1c","setValidTarget","enter valid Target",""
"passed","Tue Jun 30 20:34:44 UTC 2026","Tue Jun 30 20:34:45 UTC 2026","339","HabitNuWebAppSuite","2. Health Metrics","WebAppSanityPackage.ExerciseSection","WebAppSanityPackage.ExerciseSection","setNegativeTarget","enter negative target values and assert messages",""
"passed","Tue Jun 30 20:35:10 UTC 2026","Tue Jun 30 20:35:14 UTC 2026","4343","HabitNuWebAppSuite","2. Health Metrics","WebAppSanityPackage.ExerciseSection","WebAppSanityPackage.ExerciseSection","case1","Click on health tab and verify no data recorded yet in Exercise section",""
"passed","Tue Jun 30 20:30:44 UTC 2026","Tue Jun 30 20:30:47 UTC 2026","2790","HabitNuWebAppSuite","2. Health Metrics","WebAppSanityPackage.WebAppHealth_WeightSection","WebAppSanityPackage.WebAppHealth_WeightSection","graphcase1","Load web app -> Click on Health section -> Weight section -> click on three lines -> Click on graph -> click on filter as last week",""
"passed","Tue Jun 30 20:18:59 UTC 2026","Tue Jun 30 20:19:10 UTC 2026","10978","HabitNuWebAppSuite","1. Core and Authentication","WebAppSanityPackage.HomePage","WebAppSanityPackage.HomePage","testWeightProgressBarByAddingWeight","Verify that Weight progress updates correctly when weight logs are added across current-week days.",""
"passed","Tue Jun 30 20:32:39 UTC 2026","Tue Jun 30 20:32:39 UTC 2026","244","HabitNuWebAppSuite","2. Health Metrics","WebAppSanityPackage.Hba1c","WebAppSanityPackage.Hba1c","editTargetValid","edit Target - valid",""
"passed","Tue Jun 30 20:30:05 UTC 2026","Tue Jun 30 20:30:06 UTC 2026","1228","HabitNuWebAppSuite","2. Health Metrics","WebAppSanityPackage.WebAppHealth_WeightSection","WebAppSanityPackage.WebAppHealth_WeightSection","setValidTarget","enter valid Target",""
"passed","Tue Jun 30 20:27:44 UTC 2026","Tue Jun 30 20:27:44 UTC 2026","357","HabitNuWebAppSuite","2. Health Metrics","WebAppSanityPackage.Sugar_Section","WebAppSanityPackage.Sugar_Section","setTarget","enter target values and do click on 'x' mark and do not save",""
"passed","Tue Jun 30 20:52:20 UTC 2026","Tue Jun 30 20:52:20 UTC 2026","362","HabitNuWebAppSuite","3. Nutrition and Recipes","WebAppSanityPackage.Myrecipes","WebAppSanityPackage.Myrecipes","test12_savedrecipes","Verify User Can Save a Custom Recipe",""
"passed","Tue Jun 30 20:52:29 UTC 2026","Tue Jun 30 20:52:36 UTC 2026","7042","HabitNuWebAppSuite","3. Nutrition and Recipes","WebAppSanityPackage.Myrecipes","WebAppSanityPackage.Myrecipes","test16_logmeal","Verify User Can Add a Saved Recipe to Food Log",""
"passed","Tue Jun 30 20:33:51 UTC 2026","Tue Jun 30 20:33:51 UTC 2026","164","HabitNuWebAppSuite","2. Health Metrics","WebAppSanityPackage.Medication","WebAppSanityPackage.Medication","case25","Before Food or After Food Selection",""
"passed","Tue Jun 30 20:33:26 UTC 2026","Tue Jun 30 20:33:38 UTC 2026","11261","HabitNuWebAppSuite","2. Health Metrics","WebAppSanityPackage.Medication","WebAppSanityPackage.Medication","case14","Weight loss medication Edit details on Log",""
"passed","Tue Jun 30 20:43:00 UTC 2026","Tue Jun 30 20:43:07 UTC 2026","7286","HabitNuWebAppSuite","3. Nutrition and Recipes","WebAppSanityPackage.waterLog","WebAppSanityPackage.waterLog","case2","8 oz Water Log",""
"passed","Tue Jun 30 20:22:25 UTC 2026","Tue Jun 30 20:22:26 UTC 2026","700","HabitNuWebAppSuite","1. Core and Authentication","WebAppSanityPackage.GuidedTour","WebAppSanityPackage.GuidedTour","test10_navigatingtourpage3","And user is navigating from second slide to third slide and validating",""
"passed","Tue Jun 30 20:51:28 UTC 2026","Tue Jun 30 20:51:36 UTC 2026","7724","HabitNuWebAppSuite","3. Nutrition and Recipes","WebAppSanityPackage.recipeBuilder","WebAppSanityPackage.recipeBuilder","removeRecipeFromFavorites","Verify User Can Remove Recipe From Favorites Using Three-Dot Menu",""
"passed","Tue Jun 30 20:35:20 UTC 2026","Tue Jun 30 20:35:22 UTC 2026","2207","HabitNuWebAppSuite","2. Health Metrics","WebAppSanityPackage.ExerciseSection","WebAppSanityPackage.ExerciseSection","case6","verify last added monthly and yesterday's data in details page",""
"passed","Tue Jun 30 20:30:07 UTC 2026","Tue Jun 30 20:30:07 UTC 2026","278","HabitNuWebAppSuite","2. Health Metrics","WebAppSanityPackage.WebAppHealth_WeightSection","WebAppSanityPackage.WebAppHealth_WeightSection","editTargetWithNegatives","edit -  negative target values and assert messages",""
"passed","Tue Jun 30 20:33:45 UTC 2026","Tue Jun 30 20:33:48 UTC 2026","2625","HabitNuWebAppSuite","2. Health Metrics","WebAppSanityPackage.Medication","WebAppSanityPackage.Medication","Case19addValidMedicationName","TC: Add valid Medication name and save",""
"passed","Tue Jun 30 20:42:50 UTC 2026","Tue Jun 30 20:43:00 UTC 2026","9778","HabitNuWebAppSuite","3. Nutrition and Recipes","WebAppSanityPackage.waterLog","WebAppSanityPackage.waterLog","case1","Main Page",""
"passed","Tue Jun 30 20:44:20 UTC 2026","Tue Jun 30 20:44:22 UTC 2026","1445","HabitNuWebAppSuite","3. Nutrition and Recipes","WebAppSanityPackage.habiRecipe","WebAppSanityPackage.habiRecipe","case5_SelectRecipeFromListAndLog","Log Generated Recipe",""
"passed","Tue Jun 30 20:37:22 UTC 2026","Tue Jun 30 20:37:34 UTC 2026","12260","HabitNuWebAppSuite","2. Health Metrics","WebAppSanityPackage.TobaccoSection","WebAppSanityPackage.TobaccoSection","case22","Click on tobacco , click on add new button and add tobacco for last month and and Total count of the day should be 0",""
"passed","Tue Jun 30 20:27:31 UTC 2026","Tue Jun 30 20:27:32 UTC 2026","728","HabitNuWebAppSuite","2. Health Metrics","WebAppSanityPackage.BloodPressure_Section","WebAppSanityPackage.BloodPressure_Section","case29_verifyDecimalValueValidationAndCleanup","[MODAL] Verify decimal value validation in form fields and cleanup test data using delete action buttons",""
"passed","Tue Jun 30 20:47:22 UTC 2026","Tue Jun 30 20:47:52 UTC 2026","30169","HabitNuWebAppSuite","3. Nutrition and Recipes","WebAppSanityPackage.habiRecipe","WebAppSanityPackage.habiRecipe","case23_GenerateRecipeForMicronutrients","Generate Recipe Using Micronutrient Preferences",""
"skipped","Tue Jun 30 20:16:03 UTC 2026","Tue Jun 30 20:16:03 UTC 2026","0","HabitNuWebAppSuite","1. Core and Authentication","WebAppSanityPackage.Login","WebAppSanityPackage.Login","testReusePasswordResetLink","Validate one-time reset-link enforcement and assert expired-link message: 'Password url has been expired'.",""
"passed","Tue Jun 30 20:20:22 UTC 2026","Tue Jun 30 20:20:25 UTC 2026","3231","HabitNuWebAppSuite","1. Core and Authentication","WebAppSanityPackage.ProfileAppClass","WebAppSanityPackage.ProfileAppClass","editStateAndSave","Edit State to 'California' and save",""
"passed","Tue Jun 30 20:57:42 UTC 2026","Tue Jun 30 20:57:42 UTC 2026","158","HabitNuWebAppSuite","4. Lifestyle and Social","WebAppSanityPackage.HabitsAppClass","WebAppSanityPackage.HabitsAppClass","case7","Single click on habit button and mark a red",""
"passed","Tue Jun 30 21:01:16 UTC 2026","Tue Jun 30 21:01:16 UTC 2026","187","HabitNuWebAppSuite","4. Lifestyle and Social","WebAppSanityPackage.Weights_lbs_Kgs","WebAppSanityPackage.Weights_lbs_Kgs","Case4","verify placeholder - weight ",""
"passed","Tue Jun 30 20:29:37 UTC 2026","Tue Jun 30 20:29:42 UTC 2026","4827","HabitNuWebAppSuite","2. Health Metrics","WebAppSanityPackage.Sugar_Section","WebAppSanityPackage.Sugar_Section","case16","verify blank data in Blood Sugar section before meal",""
"passed","Tue Jun 30 20:43:11 UTC 2026","Tue Jun 30 20:43:12 UTC 2026","985","HabitNuWebAppSuite","3. Nutrition and Recipes","WebAppSanityPackage.waterLog","WebAppSanityPackage.waterLog","case7","Custom Water Log",""
"passed","Tue Jun 30 20:43:47 UTC 2026","Tue Jun 30 20:43:56 UTC 2026","9637","HabitNuWebAppSuite","3. Nutrition and Recipes","WebAppSanityPackage.habiRecipe","WebAppSanityPackage.habiRecipe","case2_ValidateRecipePageAndGenerationFlows","Verify Recipe Generation Workflow",""
"passed","Tue Jun 30 21:00:56 UTC 2026","Tue Jun 30 21:00:56 UTC 2026","350","HabitNuWebAppSuite","4. Lifestyle and Social","WebAppSanityPackage.DiscussAppClass","WebAppSanityPackage.DiscussAppClass","case35","Click on Replay ( It will display all the recorded meetings)",""
"passed","Tue Jun 30 20:20:28 UTC 2026","Tue Jun 30 20:20:31 UTC 2026","3508","HabitNuWebAppSuite","1. Core and Authentication","WebAppSanityPackage.ProfileAppClass","WebAppSanityPackage.ProfileAppClass","validateAddressConfirmationSection","Keep Zipcode with valid numbers and save → Should not show error",""
"passed","Tue Jun 30 20:22:24 UTC 2026","Tue Jun 30 20:22:25 UTC 2026","1155","HabitNuWebAppSuite","1. Core and Authentication","WebAppSanityPackage.GuidedTour","WebAppSanityPackage.GuidedTour","test8_validatingtourpage1","And user is validating the first slide of the tour page",""
"passed","Tue Jun 30 20:29:26 UTC 2026","Tue Jun 30 20:29:37 UTC 2026","11345","HabitNuWebAppSuite","2. Health Metrics","WebAppSanityPackage.Sugar_Section","WebAppSanityPackage.Sugar_Section","case15","verify last added monthly and yesterday's data in details page in Blood Sugar section",""
"broken","Tue Jun 30 20:31:02 UTC 2026","Tue Jun 30 20:31:15 UTC 2026","13460","HabitNuWebAppSuite","2. Health Metrics","WebAppSanityPackage.WebAppHealth_WeightSection","WebAppSanityPackage.WebAppHealth_WeightSection","graphcase5","Load web app -> Click on Health section -> Weight section -> click on ""i"" symbol",""
"passed","Tue Jun 30 20:46:02 UTC 2026","Tue Jun 30 20:46:31 UTC 2026","28441","HabitNuWebAppSuite","3. Nutrition and Recipes","WebAppSanityPackage.habiRecipe","WebAppSanityPackage.habiRecipe","case15_GenerateRecipeForDietType","Generate Recipe Using Diet Type Preferences",""
"passed","Tue Jun 30 20:20:53 UTC 2026","Tue Jun 30 20:20:55 UTC 2026","2101","HabitNuWebAppSuite","1. Core and Authentication","WebAppSanityPackage.ProfileAppClass","WebAppSanityPackage.ProfileAppClass","case66","Upload a file more than 15 MB",""
"passed","Tue Jun 30 20:30:03 UTC 2026","Tue Jun 30 20:30:04 UTC 2026","431","HabitNuWebAppSuite","2. Health Metrics","WebAppSanityPackage.WebAppHealth_WeightSection","WebAppSanityPackage.WebAppHealth_WeightSection","placeHolderOfWightCountValueInputBox","verify placeholder - weight ",""
"passed","Tue Jun 30 20:36:14 UTC 2026","Tue Jun 30 20:36:18 UTC 2026","3249","HabitNuWebAppSuite","2. Health Metrics","WebAppSanityPackage.TobaccoSection","WebAppSanityPackage.TobaccoSection","case8_editTargetValid","edit Target - valid",""
"passed","Tue Jun 30 20:40:46 UTC 2026","Tue Jun 30 20:40:56 UTC 2026","10085","HabitNuWebAppSuite","3. Nutrition and Recipes","WebAppSanityPackage.foodGrouping","WebAppSanityPackage.foodGrouping","case15","Add Food Item to Snacks Section",""
"passed","Tue Jun 30 20:33:50 UTC 2026","Tue Jun 30 20:33:51 UTC 2026","400","HabitNuWebAppSuite","2. Health Metrics","WebAppSanityPackage.Medication","WebAppSanityPackage.Medication","case24","Coach- Users- Medication- Creating new Medications details like selecting Dosage",""
"passed","Tue Jun 30 20:52:19 UTC 2026","Tue Jun 30 20:52:19 UTC 2026","122","HabitNuWebAppSuite","3. Nutrition and Recipes","WebAppSanityPackage.Myrecipes","WebAppSanityPackage.Myrecipes","test10_validatetotalcalories","Verify Nutrition Facts and Calories Are Calculated Correctly",""
"passed","Tue Jun 30 20:22:26 UTC 2026","Tue Jun 30 20:22:26 UTC 2026","209","HabitNuWebAppSuite","1. Core and Authentication","WebAppSanityPackage.GuidedTour","WebAppSanityPackage.GuidedTour","test11_navigatingtourpage4","And user is navigating from third slide to fourth slide and validating",""
"passed","Tue Jun 30 20:20:12 UTC 2026","Tue Jun 30 20:20:13 UTC 2026","1635","HabitNuWebAppSuite","1. Core and Authentication","WebAppSanityPackage.ProfileAppClass","WebAppSanityPackage.ProfileAppClass","closeBasicInfoWithoutSaving","Click close without saving Basic information → No change expected",""
"passed","Tue Jun 30 20:36:13 UTC 2026","Tue Jun 30 20:36:13 UTC 2026","206","HabitNuWebAppSuite","2. Health Metrics","WebAppSanityPackage.TobaccoSection","WebAppSanityPackage.TobaccoSection","case2_setTarget","enter target values and do click on 'x' mark and do not save",""
"passed","Tue Jun 30 20:33:41 UTC 2026","Tue Jun 30 20:33:41 UTC 2026","157","HabitNuWebAppSuite","2. Health Metrics","WebAppSanityPackage.Medication","WebAppSanityPackage.Medication","Case17validateMedicationFieldRequired","TC: Keep the Medication field empty and save",""
"passed","Tue Jun 30 20:39:48 UTC 2026","Tue Jun 30 20:39:51 UTC 2026","3268","HabitNuWebAppSuite","3. Nutrition and Recipes","WebAppSanityPackage.foodGrouping","WebAppSanityPackage.foodGrouping","case9","Log My Meal Group to Dinner",""
"passed","Tue Jun 30 20:20:55 UTC 2026","Tue Jun 30 20:20:59 UTC 2026","3724","HabitNuWebAppSuite","1. Core and Authentication","WebAppSanityPackage.ProfileAppClass","WebAppSanityPackage.ProfileAppClass","case67","Upload file type only and submit",""
"passed","Tue Jun 30 20:59:12 UTC 2026","Tue Jun 30 20:59:12 UTC 2026","78","HabitNuWebAppSuite","4. Lifestyle and Social","WebAppSanityPackage.ChatandNotificationsClass","WebAppSanityPackage.ChatandNotificationsClass","case7","Click on the Mark All as Read",""
"failed","Tue Jun 30 20:15:23 UTC 2026","Tue Jun 30 20:15:27 UTC 2026","3631","HabitNuWebAppSuite","1. Core and Authentication","WebAppSanityPackage.Login","WebAppSanityPackage.Login","testLoginWithValidOTP","Validate OTP login happy path by requesting an email OTP, fetching the latest code from TestMail, submitting it, and verifying arrival on Home.",""
"broken","Tue Jun 30 20:24:56 UTC 2026","Tue Jun 30 20:25:06 UTC 2026","10176","HabitNuWebAppSuite","2. Health Metrics","WebAppSanityPackage.BloodPressure_Section","WebAppSanityPackage.BloodPressure_Section","case4_setNegativeSystolicTarget","[MAIN CARD] Verify Set Target validation error when entering negative systolic target value",""
"passed","Tue Jun 30 20:27:46 UTC 2026","Tue Jun 30 20:27:47 UTC 2026","248","HabitNuWebAppSuite","2. Health Metrics","WebAppSanityPackage.Sugar_Section","WebAppSanityPackage.Sugar_Section","highTargetWithBlankValue","edit -  high BS cannot be blank",""
"passed","Tue Jun 30 20:16:33 UTC 2026","Tue Jun 30 20:16:33 UTC 2026","137","HabitNuWebAppSuite","1. Core and Authentication","WebAppSanityPackage.HomePage","WebAppSanityPackage.HomePage","testWeightLossProgressCardData","Verify that the Weight Loss Progress card shows correct labels, values, units, percentage, and Set Targets button.",""
"passed","Tue Jun 30 20:20:08 UTC 2026","Tue Jun 30 20:20:12 UTC 2026","3934","HabitNuWebAppSuite","1. Core and Authentication","WebAppSanityPackage.ProfileAppClass","WebAppSanityPackage.ProfileAppClass","setTimeZoneEasternAndSave","Select Timezone as 'Eastern' and save → should update successfully",""
"passed","Tue Jun 30 20:40:56 UTC 2026","Tue Jun 30 20:41:10 UTC 2026","13639","HabitNuWebAppSuite","3. Nutrition and Recipes","WebAppSanityPackage.foodGrouping","WebAppSanityPackage.foodGrouping","case16","Create My Meal from Logged Breakfast Foods",""
"broken","Tue Jun 30 20:26:08 UTC 2026","Tue Jun 30 20:26:18 UTC 2026","10179","HabitNuWebAppSuite","2. Health Metrics","WebAppSanityPackage.BloodPressure_Section","WebAppSanityPackage.BloodPressure_Section","case11_editTargetWithNegatives","[MAIN CARD] Verify target edit validation error when entering negative systolic value",""
"passed","Tue Jun 30 20:32:34 UTC 2026","Tue Jun 30 20:32:34 UTC 2026","206","HabitNuWebAppSuite","2. Health Metrics","WebAppSanityPackage.Hba1c","WebAppSanityPackage.Hba1c","setTarget","enter target values and do click on 'x' mark and do not save",""
"passed","Tue Jun 30 20:16:20 UTC 2026","Tue Jun 30 20:16:25 UTC 2026","5205","HabitNuWebAppSuite","1. Core and Authentication","WebAppSanityPackage.Login","WebAppSanityPackage.Login","testProjectPowerRegisterNavigation","Validate Register navigation on Project Power opens the ADA Project Power page in a new tab and displays expected branding elements.",""
"broken","Tue Jun 30 20:15:29 UTC 2026","Tue Jun 30 20:15:40 UTC 2026","11676","HabitNuWebAppSuite","1. Core and Authentication","WebAppSanityPackage.Login","WebAppSanityPackage.Login","testLoginWithInvalidOTP","Validate invalid OTP handling and assert message: 'Code entered is wrong'.",""
"broken","Tue Jun 30 20:33:48 UTC 2026","Tue Jun 30 20:33:50 UTC 2026","2355","HabitNuWebAppSuite","2. Health Metrics","WebAppSanityPackage.Medication","WebAppSanityPackage.Medication","case20","Creating new Medications details like selecting",""
"passed","Tue Jun 30 20:22:23 UTC 2026","Tue Jun 30 20:22:24 UTC 2026","915","HabitNuWebAppSuite","1. Core and Authentication","WebAppSanityPackage.GuidedTour","WebAppSanityPackage.GuidedTour","test7_skipnewuser","And user is able to skip guide tour for the first time login",""
"passed","Tue Jun 30 20:20:32 UTC 2026","Tue Jun 30 20:20:34 UTC 2026","1769","HabitNuWebAppSuite","1. Core and Authentication","WebAppSanityPackage.ProfileAppClass","WebAppSanityPackage.ProfileAppClass","addValidHeightAndSave","Add valid Height and save",""
"passed","Tue Jun 30 20:23:00 UTC 2026","Tue Jun 30 20:23:06 UTC 2026","5847","HabitNuWebAppSuite","1. Core and Authentication","WebAppSanityPackage.generalContentWEB","WebAppSanityPackage.generalContentWEB","case1","Main Page",""
"passed","Tue Jun 30 20:54:23 UTC 2026","Tue Jun 30 20:54:24 UTC 2026","881","HabitNuWebAppSuite","3. Nutrition and Recipes","WebAppSanityPackage.WebAppClass","WebAppSanityPackage.WebAppClass","case10","Add Food to Lunch from Frequent Foods in Food Log",""
"passed","Tue Jun 30 20:48:00 UTC 2026","Tue Jun 30 20:48:09 UTC 2026","8858","HabitNuWebAppSuite","3. Nutrition and Recipes","WebAppSanityPackage.habiRecipe","WebAppSanityPackage.habiRecipe","case26_SetLocalFoodPreferences","Configure Local Food Preferences",""
"passed","Tue Jun 30 20:14:39 UTC 2026","Tue Jun 30 20:14:45 UTC 2026","6637","HabitNuWebAppSuite","1. Core and Authentication","WebAppSanityPackage.Login","WebAppSanityPackage.Login","testLogout","Validate successful sign-out by logging in, opening the user menu, verifying 'View Profile Details', and clicking 'Sign Out'.",""
"broken","Tue Jun 30 20:24:46 UTC 2026","Tue Jun 30 20:24:56 UTC 2026","10186","HabitNuWebAppSuite","2. Health Metrics","WebAppSanityPackage.BloodPressure_Section","WebAppSanityPackage.BloodPressure_Section","case3_verifyPlaceholderText","[MAIN CARD] Verify Set Target modal placeholder text displays correctly for systolic and diastolic input fields",""
"passed","Tue Jun 30 20:38:21 UTC 2026","Tue Jun 30 20:39:00 UTC 2026","39847","HabitNuWebAppSuite","3. Nutrition and Recipes","WebAppSanityPackage.foodGrouping","WebAppSanityPackage.foodGrouping","case1","Verify My Meals Page Navigation",""
"passed","Tue Jun 30 21:00:55 UTC 2026","Tue Jun 30 21:00:56 UTC 2026","782","HabitNuWebAppSuite","4. Lifestyle and Social","WebAppSanityPackage.DiscussAppClass","WebAppSanityPackage.DiscussAppClass","case25","edit a message in my post",""
"passed","Tue Jun 30 20:45:51 UTC 2026","Tue Jun 30 20:45:52 UTC 2026","1375","HabitNuWebAppSuite","3. Nutrition and Recipes","WebAppSanityPackage.habiRecipe","WebAppSanityPackage.habiRecipe","case13_SelectRecipeFromDashboardAndLog","Log Generated Recipe",""
"passed","Tue Jun 30 20:36:22 UTC 2026","Tue Jun 30 20:36:23 UTC 2026","314","HabitNuWebAppSuite","2. Health Metrics","WebAppSanityPackage.TobaccoSection","WebAppSanityPackage.TobaccoSection","case10_editTargetWithNegatives","edit -  negative target values and assert messages",""
"passed","Tue Jun 30 20:52:20 UTC 2026","Tue Jun 30 20:52:22 UTC 2026","1724","HabitNuWebAppSuite","3. Nutrition and Recipes","WebAppSanityPackage.Myrecipes","WebAppSanityPackage.Myrecipes","test13_addremovefavorite","Verify User Can Mark and Unmark a Recipe as Favorite",""
"passed","Tue Jun 30 20:43:16 UTC 2026","Tue Jun 30 20:43:17 UTC 2026","1133","HabitNuWebAppSuite","3. Nutrition and Recipes","WebAppSanityPackage.waterLog","WebAppSanityPackage.waterLog","case10","Total Water Logged Count",""
"passed","Tue Jun 30 20:50:12 UTC 2026","Tue Jun 30 20:50:14 UTC 2026","1696","HabitNuWebAppSuite","3. Nutrition and Recipes","WebAppSanityPackage.recipeBuilder","WebAppSanityPackage.recipeBuilder","validateRecipeCardElements","Verify Recipe Card Elements Are Displayed Correctly",""
"passed","Tue Jun 30 20:35:34 UTC 2026","Tue Jun 30 20:35:35 UTC 2026","1496","HabitNuWebAppSuite","2. Health Metrics","WebAppSanityPackage.ExerciseSection","WebAppSanityPackage.ExerciseSection","case10","verify others data",""
"passed","Tue Jun 30 20:57:44 UTC 2026","Tue Jun 30 20:57:56 UTC 2026","12682","HabitNuWebAppSuite","4. Lifestyle and Social","WebAppSanityPackage.HabitsAppClass","WebAppSanityPackage.HabitsAppClass","case10","Click on Calender and edit  and save the details",""
"passed","Tue Jun 30 20:15:43 UTC 2026","Tue Jun 30 20:15:45 UTC 2026","1358","HabitNuWebAppSuite","1. Core and Authentication","WebAppSanityPackage.Login","WebAppSanityPackage.Login","testForgotPasswordFlow","Validate Forgot Password with registered email and assert success message: 'Password Reset Link Sent Successfully!'.",""
"passed","Tue Jun 30 20:27:47 UTC 2026","Tue Jun 30 20:27:47 UTC 2026","306","HabitNuWebAppSuite","2. Health Metrics","WebAppSanityPackage.Sugar_Section","WebAppSanityPackage.Sugar_Section","setValidTarget","enter valid Target",""
"passed","Tue Jun 30 20:42:33 UTC 2026","Tue Jun 30 20:42:48 UTC 2026","14597","HabitNuWebAppSuite","3. Nutrition and Recipes","WebAppSanityPackage.foodGrouping","WebAppSanityPackage.foodGrouping","case25","Create My Meal Group, Update Group Name with Edge Cases, and Validate",""
"passed","Tue Jun 30 20:31:51 UTC 2026","Tue Jun 30 20:31:56 UTC 2026","4769","HabitNuWebAppSuite","2. Health Metrics","WebAppSanityPackage.Hba1c","WebAppSanityPackage.Hba1c","case2","Click on HbA1c , click on add new button and add hba1c for last year",""
"passed","Tue Jun 30 20:36:57 UTC 2026","Tue Jun 30 20:36:59 UTC 2026","2076","HabitNuWebAppSuite","2. Health Metrics","WebAppSanityPackage.TobaccoSection","WebAppSanityPackage.TobaccoSection","case20_case51e","verify added today data in tobacco section ",""
"passed","Tue Jun 30 20:43:41 UTC 2026","Tue Jun 30 20:43:47 UTC 2026","6176","HabitNuWebAppSuite","3. Nutrition and Recipes","WebAppSanityPackage.habiRecipe","WebAppSanityPackage.habiRecipe","case1_NavigateToRecipesPage","Verify Recipe Generation Landing Page",""
"passed","Tue Jun 30 20:30:23 UTC 2026","Tue Jun 30 20:30:25 UTC 2026","2134","HabitNuWebAppSuite","2. Health Metrics","WebAppSanityPackage.WebAppHealth_WeightSection","WebAppSanityPackage.WebAppHealth_WeightSection","case4","verify last added monthly and yesterday's data in details page",""
"passed","Tue Jun 30 20:51:56 UTC 2026","Tue Jun 30 20:52:02 UTC 2026","6380","HabitNuWebAppSuite","3. Nutrition and Recipes","WebAppSanityPackage.Myrecipes","WebAppSanityPackage.Myrecipes","test1_clickrecipes","Verify User Can Navigate to Recipe Book Section",""
"passed","Tue Jun 30 20:50:19 UTC 2026","Tue Jun 30 20:50:19 UTC 2026","361","HabitNuWebAppSuite","3. Nutrition and Recipes","WebAppSanityPackage.recipeBuilder","WebAppSanityPackage.recipeBuilder","viewTheFavoritedRecipePage","Verify User Can View Favorite Recipe Details",""
"passed","Tue Jun 30 20:33:38 UTC 2026","Tue Jun 30 20:33:40 UTC 2026","2766","HabitNuWebAppSuite","2. Health Metrics","WebAppSanityPackage.Medication","WebAppSanityPackage.Medication","case15","Coach- Users- Medication- Creating new Medications.",""
"passed","Tue Jun 30 20:20:43 UTC 2026","Tue Jun 30 20:20:44 UTC 2026","1331","HabitNuWebAppSuite","1. Core and Authentication","WebAppSanityPackage.ProfileAppClass","WebAppSanityPackage.ProfileAppClass","case53","Select Activity level as valid reason and save",""
"passed","Tue Jun 30 20:14:56 UTC 2026","Tue Jun 30 20:14:58 UTC 2026","1827","HabitNuWebAppSuite","1. Core and Authentication","WebAppSanityPackage.Login","WebAppSanityPackage.Login","testLoginWithInactiveUser","Validate inactive-user login block and assert message: 'Account is not activated!! Please contact support-stage@habitnu.com for assistance'.",""
"passed","Tue Jun 30 20:36:13 UTC 2026","Tue Jun 30 20:36:14 UTC 2026","267","HabitNuWebAppSuite","2. Health Metrics","WebAppSanityPackage.TobaccoSection","WebAppSanityPackage.TobaccoSection","case3_ditTargetWithBlankValue","edit -  tobacco cannot be blank",""
"passed","Tue Jun 30 20:30:28 UTC 2026","Tue Jun 30 20:30:28 UTC 2026","190","HabitNuWebAppSuite","2. Health Metrics","WebAppSanityPackage.WebAppHealth_WeightSection","WebAppSanityPackage.WebAppHealth_WeightSection","case6","verify multiple added today data with 998",""
"passed","Tue Jun 30 20:30:28 UTC 2026","Tue Jun 30 20:30:32 UTC 2026","3894","HabitNuWebAppSuite","2. Health Metrics","WebAppSanityPackage.WebAppHealth_WeightSection","WebAppSanityPackage.WebAppHealth_WeightSection","case8","Add data as blank",""
"passed","Tue Jun 30 20:15:49 UTC 2026","Tue Jun 30 20:15:51 UTC 2026","1326","HabitNuWebAppSuite","1. Core and Authentication","WebAppSanityPackage.Login","WebAppSanityPackage.Login","testForgotPasswordWithInvalidEmail","Validate Forgot Password with unregistered email and assert one supported error text appears: 'This email is not registered', 'Invalid email', or 'Could not find any users matching email'.",""
"passed","Tue Jun 30 20:50:36 UTC 2026","Tue Jun 30 20:50:45 UTC 2026","8800","HabitNuWebAppSuite","3. Nutrition and Recipes","WebAppSanityPackage.recipeBuilder","WebAppSanityPackage.recipeBuilder","verifyFavoriteRecipesByRecipeCal","Verify Favorite Recipes Display Calories Correctly",""
"passed","Tue Jun 30 20:30:25 UTC 2026","Tue Jun 30 20:30:28 UTC 2026","2153","HabitNuWebAppSuite","2. Health Metrics","WebAppSanityPackage.WebAppHealth_WeightSection","WebAppSanityPackage.WebAppHealth_WeightSection","case5","verify added today data",""
"passed","Tue Jun 30 20:58:35 UTC 2026","Tue Jun 30 20:58:36 UTC 2026","798","HabitNuWebAppSuite","4. Lifestyle and Social","WebAppSanityPackage.HabitsAppClass","WebAppSanityPackage.HabitsAppClass","case22","double click on habit button and it should open the pop up",""
"passed","Tue Jun 30 20:27:57 UTC 2026","Tue Jun 30 20:28:07 UTC 2026","9768","HabitNuWebAppSuite","2. Health Metrics","WebAppSanityPackage.Sugar_Section","WebAppSanityPackage.Sugar_Section","case1","Click on health tab and verify no data recorded yet in Blood Sugar section",""
"passed","Tue Jun 30 20:36:43 UTC 2026","Tue Jun 30 20:36:46 UTC 2026","2810","HabitNuWebAppSuite","2. Health Metrics","WebAppSanityPackage.TobaccoSection","WebAppSanityPackage.TobaccoSection","case18_graphCase6","Load web app -> Click on Health section -> Tobacco section ->>It should verify all the values added in graph",""
"passed","Tue Jun 30 20:19:40 UTC 2026","Tue Jun 30 20:19:46 UTC 2026","5625","HabitNuWebAppSuite","1. Core and Authentication","WebAppSanityPackage.ProfileAppClass","WebAppSanityPackage.ProfileAppClass","uploadProfilePicture","Add profile picture → should upload",""
"passed","Tue Jun 30 20:32:25 UTC 2026","Tue Jun 30 20:32:32 UTC 2026","7101","HabitNuWebAppSuite","2. Health Metrics","WebAppSanityPackage.Hba1c","WebAppSanityPackage.Hba1c","case10","edit data in Hba1c section",""
"passed","Tue Jun 30 20:27:47 UTC 2026","Tue Jun 30 20:27:49 UTC 2026","2278","HabitNuWebAppSuite","2. Health Metrics","WebAppSanityPackage.Sugar_Section","WebAppSanityPackage.Sugar_Section","editTargetValid","edit Target - valid",""
"passed","Tue Jun 30 20:32:42 UTC 2026","Tue Jun 30 20:32:42 UTC 2026","325","HabitNuWebAppSuite","2. Health Metrics","WebAppSanityPackage.Hba1c","WebAppSanityPackage.Hba1c","editTargetWithNegatives","edit -  negative target values and assert messages",""
"passed","Tue Jun 30 20:43:08 UTC 2026","Tue Jun 30 20:43:08 UTC 2026","642","HabitNuWebAppSuite","3. Nutrition and Recipes","WebAppSanityPackage.waterLog","WebAppSanityPackage.waterLog","case4","24 oz Water Log",""
"broken","Tue Jun 30 20:26:28 UTC 2026","Tue Jun 30 20:26:38 UTC 2026","10168","HabitNuWebAppSuite","2. Health Metrics","WebAppSanityPackage.BloodPressure_Section","WebAppSanityPackage.BloodPressure_Section","case13_editsystolicTargetWithBlankValue","[MAIN CARD] Verify target edit validation error when clearing systolic field (blank/empty value)",""
"passed","Tue Jun 30 20:20:04 UTC 2026","Tue Jun 30 20:20:08 UTC 2026","3416","HabitNuWebAppSuite","1. Core and Authentication","WebAppSanityPackage.ProfileAppClass","WebAppSanityPackage.ProfileAppClass","setDOBAndSave","Select DOB and save → Should update successfully",""
"passed","Tue Jun 30 20:50:19 UTC 2026","Tue Jun 30 20:50:21 UTC 2026","1577","HabitNuWebAppSuite","3. Nutrition and Recipes","WebAppSanityPackage.recipeBuilder","WebAppSanityPackage.recipeBuilder","clickHereToViewFullRecipe","Verify View Full Recipe Button Navigates to Recipe Details",""
"broken","Tue Jun 30 20:24:15 UTC 2026","Tue Jun 30 20:24:46 UTC 2026","30499","HabitNuWebAppSuite","2. Health Metrics","WebAppSanityPackage.BloodPressure_Section","WebAppSanityPackage.BloodPressure_Section","case2_setTargetButCancel","[MAIN CARD] Verify Set Target button functionality - enter values and cancel without saving",""
"passed","Tue Jun 30 20:36:46 UTC 2026","Tue Jun 30 20:36:57 UTC 2026","11296","HabitNuWebAppSuite","2. Health Metrics","WebAppSanityPackage.TobaccoSection","WebAppSanityPackage.TobaccoSection","case19","Click on tobacco , click on add new button and add tobacco for last month and and Total count of the day should be 0",""
"passed","Tue Jun 30 20:16:54 UTC 2026","Tue Jun 30 20:16:55 UTC 2026","768","HabitNuWebAppSuite","1. Core and Authentication","WebAppSanityPackage.HomePage","WebAppSanityPackage.HomePage","testWeightLossProgressSection","Verify that clicking the Weight Loss arrow on Home opens the Health page.",""
"passed","Tue Jun 30 20:43:25 UTC 2026","Tue Jun 30 20:43:26 UTC 2026","726","HabitNuWebAppSuite","3. Nutrition and Recipes","WebAppSanityPackage.waterLog","WebAppSanityPackage.waterLog","case15","710 ml Water Log",""
"passed","Tue Jun 30 20:19:46 UTC 2026","Tue Jun 30 20:19:46 UTC 2026","568","HabitNuWebAppSuite","1. Core and Authentication","WebAppSanityPackage.ProfileAppClass","WebAppSanityPackage.ProfileAppClass","uploadInvalidProfilePicture","Try adding PDF as profile picture → should NOT allow",""
"passed","Tue Jun 30 20:32:05 UTC 2026","Tue Jun 30 20:32:08 UTC 2026","2972","HabitNuWebAppSuite","2. Health Metrics","WebAppSanityPackage.Hba1c","WebAppSanityPackage.Hba1c","case4","verify added today data in hba1c section ",""
"passed","Tue Jun 30 20:27:47 UTC 2026","Tue Jun 30 20:27:47 UTC 2026","248","HabitNuWebAppSuite","2. Health Metrics","WebAppSanityPackage.Sugar_Section","WebAppSanityPackage.Sugar_Section","lowTargetWithBlankValue","edit -  low BS cannot be blank",""
"passed","Tue Jun 30 21:00:35 UTC 2026","Tue Jun 30 21:00:45 UTC 2026","9466","HabitNuWebAppSuite","4. Lifestyle and Social","WebAppSanityPackage.DiscussAppClass","WebAppSanityPackage.DiscussAppClass","case10","Upload more than 5 files (should not allow)",""
"passed","Tue Jun 30 20:50:24 UTC 2026","Tue Jun 30 20:50:24 UTC 2026","144","HabitNuWebAppSuite","3. Nutrition and Recipes","WebAppSanityPackage.recipeBuilder","WebAppSanityPackage.recipeBuilder","verifyLoggedRecipeUnderFood","Verify Logged Recipe Appears in Food Log",""
"passed","Tue Jun 30 20:23:06 UTC 2026","Tue Jun 30 20:23:29 UTC 2026","23186","HabitNuWebAppSuite","1. Core and Authentication","WebAppSanityPackage.generalContentWEB","WebAppSanityPackage.generalContentWEB","case2","Fitness Videos Details",""
"passed","Tue Jun 30 20:46:45 UTC 2026","Tue Jun 30 20:46:58 UTC 2026","13332","HabitNuWebAppSuite","3. Nutrition and Recipes","WebAppSanityPackage.habiRecipe","WebAppSanityPackage.habiRecipe","case19_GenerateRecipeForMacronutrients","Generate Recipe Using Macronutrient Preferences",""
"passed","Tue Jun 30 20:40:26 UTC 2026","Tue Jun 30 20:40:36 UTC 2026","10639","HabitNuWebAppSuite","3. Nutrition and Recipes","WebAppSanityPackage.foodGrouping","WebAppSanityPackage.foodGrouping","case13","Add Food Item to Lunch Section",""
"passed","Tue Jun 30 20:52:14 UTC 2026","Tue Jun 30 20:52:17 UTC 2026","2511","HabitNuWebAppSuite","3. Nutrition and Recipes","WebAppSanityPackage.Myrecipes","WebAppSanityPackage.Myrecipes","test6_createrecipe","Verify User Can Create a Custom Recipe",""
"passed","Tue Jun 30 20:19:48 UTC 2026","Tue Jun 30 20:19:49 UTC 2026","123","HabitNuWebAppSuite","1. Core and Authentication","WebAppSanityPackage.ProfileAppClass","WebAppSanityPackage.ProfileAppClass","editBasicInfo","Click 'Edit' on Basic information → enter edit mode",""
"passed","Tue Jun 30 20:16:34 UTC 2026","Tue Jun 30 20:16:39 UTC 2026","4835","HabitNuWebAppSuite","1. Core and Authentication","WebAppSanityPackage.HomePage","WebAppSanityPackage.HomePage","testFoodSection","Verify that the Food page shows date controls, calorie and macro sections, meal cards, and Logs section.",""
"passed","Tue Jun 30 20:52:04 UTC 2026","Tue Jun 30 20:52:14 UTC 2026","10413","HabitNuWebAppSuite","3. Nutrition and Recipes","WebAppSanityPackage.Myrecipes","WebAppSanityPackage.Myrecipes","test5_enterrecipe","Verify User Can Enter Recipe Information",""
"passed","Tue Jun 30 20:54:36 UTC 2026","Tue Jun 30 20:54:39 UTC 2026","2881","HabitNuWebAppSuite","3. Nutrition and Recipes","WebAppSanityPackage.WebAppClass","WebAppSanityPackage.WebAppClass","case16","Add Food for Selected Date",""
"passed","Tue Jun 30 20:20:16 UTC 2026","Tue Jun 30 20:20:16 UTC 2026","549","HabitNuWebAppSuite","1. Core and Authentication","WebAppSanityPackage.ProfileAppClass","WebAppSanityPackage.ProfileAppClass","keepAddressLine1Blank","Keep Address Line 1 blank and save → Should throw required field error (if validation present)",""
"passed","Tue Jun 30 20:28:21 UTC 2026","Tue Jun 30 20:28:22 UTC 2026","1804","HabitNuWebAppSuite","2. Health Metrics","WebAppSanityPackage.Sugar_Section","WebAppSanityPackage.Sugar_Section","case4","Click on Blood Sugar , click on add new button and add Blood Sugar After Meal for current year current date ",""
"passed","Tue Jun 30 20:33:25 UTC 2026","Tue Jun 30 20:33:26 UTC 2026","1598","HabitNuWebAppSuite","2. Health Metrics","WebAppSanityPackage.Medication","WebAppSanityPackage.Medication","case13","Weight loss medication Your Medication Edit detials on Yor Medication",""
"passed","Tue Jun 30 21:00:51 UTC 2026","Tue Jun 30 21:00:51 UTC 2026","229","HabitNuWebAppSuite","4. Lifestyle and Social","WebAppSanityPackage.DiscussAppClass","WebAppSanityPackage.DiscussAppClass","case22","Post a message in my post",""
"passed","Tue Jun 30 20:20:26 UTC 2026","Tue Jun 30 20:20:26 UTC 2026","150","HabitNuWebAppSuite","1. Core and Authentication","WebAppSanityPackage.ProfileAppClass","WebAppSanityPackage.ProfileAppClass","keepZipcode6digitsAndSave","Keep Zipcode with 6 numbers and save → Should show validation error",""
"passed","Tue Jun 30 20:19:10 UTC 2026","Tue Jun 30 20:19:22 UTC 2026","11377","HabitNuWebAppSuite","1. Core and Authentication","WebAppSanityPackage.HomePage","WebAppSanityPackage.HomePage","testExerciseProgressBarByAddingExercise","Verify that Exercise progress updates correctly toward weekly target when exercise entries are added.",""
"passed","Tue Jun 30 20:28:20 UTC 2026","Tue Jun 30 20:28:21 UTC 2026","878","HabitNuWebAppSuite","2. Health Metrics","WebAppSanityPackage.Sugar_Section","WebAppSanityPackage.Sugar_Section","case3","Click on Blood Sugar , click on add new button and add Blood Sugar Before Meal for current year current date ",""
"passed","Tue Jun 30 20:30:43 UTC 2026","Tue Jun 30 20:30:44 UTC 2026","404","HabitNuWebAppSuite","2. Health Metrics","WebAppSanityPackage.WebAppHealth_WeightSection","WebAppSanityPackage.WebAppHealth_WeightSection","case12","Add data as double weight",""
"passed","Tue Jun 30 20:14:54 UTC 2026","Tue Jun 30 20:14:55 UTC 2026","296","HabitNuWebAppSuite","1. Core and Authentication","WebAppSanityPackage.Login","WebAppSanityPackage.Login","testLoginWithInvalidEmailFormat","Validate invalid email format and assert message: 'Please enter a valid email Id'.",""
"failed","Tue Jun 30 20:30:32 UTC 2026","Tue Jun 30 20:30:32 UTC 2026","150","HabitNuWebAppSuite","2. Health Metrics","WebAppSanityPackage.WebAppHealth_WeightSection","WebAppSanityPackage.WebAppHealth_WeightSection","case9","Add data as negative weight",""
"passed","Tue Jun 30 20:22:11 UTC 2026","Tue Jun 30 20:22:18 UTC 2026","7495","HabitNuWebAppSuite","1. Core and Authentication","WebAppSanityPackage.GuidedTour","WebAppSanityPackage.GuidedTour","test4_registrationfilling","When user is able to enter the details in registration form",""
"passed","Tue Jun 30 20:42:24 UTC 2026","Tue Jun 30 20:42:30 UTC 2026","5766","HabitNuWebAppSuite","3. Nutrition and Recipes","WebAppSanityPackage.foodGrouping","WebAppSanityPackage.foodGrouping","case23","Update Quantities of All Food Items in Existing My Meal Group",""
"broken","Tue Jun 30 20:49:42 UTC 2026","Tue Jun 30 20:49:54 UTC 2026","12166","HabitNuWebAppSuite","3. Nutrition and Recipes","WebAppSanityPackage.habiRecipe","WebAppSanityPackage.habiRecipe","case33_LogAllPreferencesRecipe","Log Recipe Generated from All Preferences",""
"passed","Tue Jun 30 20:51:16 UTC 2026","Tue Jun 30 20:51:16 UTC 2026","133","HabitNuWebAppSuite","3. Nutrition and Recipes","WebAppSanityPackage.recipeBuilder","WebAppSanityPackage.recipeBuilder","verifyRemoveFavorites_from_recipeList_page","Verify User Can Remove Favorite From Recipe List Page",""
"passed","Tue Jun 30 20:36:14 UTC 2026","Tue Jun 30 20:36:14 UTC 2026","252","HabitNuWebAppSuite","2. Health Metrics","WebAppSanityPackage.TobaccoSection","WebAppSanityPackage.TobaccoSection","case6_setTargetMoreThan99","enter target more than 99 and assert messages",""
"passed","Tue Jun 30 20:21:29 UTC 2026","Tue Jun 30 20:21:38 UTC 2026","9331","HabitNuWebAppSuite","1. Core and Authentication","WebAppSanityPackage.ProfileAppClass","WebAppSanityPackage.ProfileAppClass","case75","Click on view file",""
"passed","Tue Jun 30 20:32:56 UTC 2026","Tue Jun 30 20:33:03 UTC 2026","7032","HabitNuWebAppSuite","2. Health Metrics","WebAppSanityPackage.Medication","WebAppSanityPackage.Medication","case10","Weight loss medication Edit detials on Yor Medication",""
"passed","Tue Jun 30 20:33:51 UTC 2026","Tue Jun 30 20:33:52 UTC 2026","687","HabitNuWebAppSuite","2. Health Metrics","WebAppSanityPackage.Medication","WebAppSanityPackage.Medication","case27","editing the created Medication under the LOG",""
"passed","Tue Jun 30 21:00:59 UTC 2026","Tue Jun 30 21:01:11 UTC 2026","12110","HabitNuWebAppSuite","4. Lifestyle and Social","WebAppSanityPackage.Weights_lbs_Kgs","WebAppSanityPackage.Weights_lbs_Kgs","case1","Set Targets with Unit Toggle and store selected unit",""
"broken","Tue Jun 30 20:49:54 UTC 2026","Tue Jun 30 20:49:55 UTC 2026","1041","HabitNuWebAppSuite","3. Nutrition and Recipes","WebAppSanityPackage.habiRecipe","WebAppSanityPackage.habiRecipe","case34_SelectAllPreferencesRecipeFromList","Log Generated Recipe",""
"passed","Tue Jun 30 20:22:05 UTC 2026","Tue Jun 30 20:22:09 UTC 2026","4481","HabitNuWebAppSuite","1. Core and Authentication","WebAppSanityPackage.GuidedTour","WebAppSanityPackage.GuidedTour","test1_welcomepage","Given user is getting the license agreement",""
"broken","Tue Jun 30 20:59:05 UTC 2026","Tue Jun 30 20:59:07 UTC 2026","1992","HabitNuWebAppSuite","4. Lifestyle and Social","WebAppSanityPackage.ChatandNotificationsClass","WebAppSanityPackage.ChatandNotificationsClass","case3","Type a message in chatbox and close the chat",""
"passed","Tue Jun 30 20:54:31 UTC 2026","Tue Jun 30 20:54:36 UTC 2026","4705","HabitNuWebAppSuite","3. Nutrition and Recipes","WebAppSanityPackage.WebAppClass","WebAppSanityPackage.WebAppClass","case15","Add Food for Previous Date",""
"passed","Tue Jun 30 20:45:11 UTC 2026","Tue Jun 30 20:45:19 UTC 2026","7964","HabitNuWebAppSuite","3. Nutrition and Recipes","WebAppSanityPackage.habiRecipe","WebAppSanityPackage.habiRecipe","case10_SetFoodAllergiesPreferences","Configure Food Allergy Preference",""
"passed","Tue Jun 30 20:36:59 UTC 2026","Tue Jun 30 20:37:22 UTC 2026","22865","HabitNuWebAppSuite","2. Health Metrics","WebAppSanityPackage.TobaccoSection","WebAppSanityPackage.TobaccoSection","case21","add yesterday's tobacco n it should show last added data",""
"passed","Tue Jun 30 20:22:19 UTC 2026","Tue Jun 30 20:22:23 UTC 2026","3442","HabitNuWebAppSuite","1. Core and Authentication","WebAppSanityPackage.GuidedTour","WebAppSanityPackage.GuidedTour","test6_navigatingtourpage1","And user is navigating to first slide and refresh the tour page",""
"passed","Tue Jun 30 20:31:56 UTC 2026","Tue Jun 30 20:32:05 UTC 2026","9621","HabitNuWebAppSuite","2. Health Metrics","WebAppSanityPackage.Hba1c","WebAppSanityPackage.Hba1c","case3","Click on hba1c , click on add new button and add hba1c for last month and and Total count of the day should be 0",""
"passed","Tue Jun 30 20:34:13 UTC 2026","Tue Jun 30 20:34:23 UTC 2026","10202","HabitNuWebAppSuite","2. Health Metrics","WebAppSanityPackage.Medication","WebAppSanityPackage.Medication","case33","Weight loss medication Skipped and taken",""
"passed","Tue Jun 30 20:21:41 UTC 2026","Tue Jun 30 20:21:44 UTC 2026","2879","HabitNuWebAppSuite","1. Core and Authentication","WebAppSanityPackage.ProfileAppClass","WebAppSanityPackage.ProfileAppClass","case77","Click on delete file and cancel it",""
"passed","Tue Jun 30 20:45:10 UTC 2026","Tue Jun 30 20:45:11 UTC 2026","1973","HabitNuWebAppSuite","3. Nutrition and Recipes","WebAppSanityPackage.habiRecipe","WebAppSanityPackage.habiRecipe","case9_SelectExistingRecipeAndLog","Log Generated Recipe",""
"passed","Tue Jun 30 20:33:40 UTC 2026","Tue Jun 30 20:33:41 UTC 2026","197","HabitNuWebAppSuite","2. Health Metrics","WebAppSanityPackage.Medication","WebAppSanityPackage.Medication","Case16verifyAddNewMedicationElements","TC: Verify the elements of Add New Medication popup",""
"passed","Tue Jun 30 20:27:46 UTC 2026","Tue Jun 30 20:27:46 UTC 2026","355","HabitNuWebAppSuite","2. Health Metrics","WebAppSanityPackage.Sugar_Section","WebAppSanityPackage.Sugar_Section","setHighTargetMoreThan250","enter High target more than 1000 and assert messages",""
"passed","Tue Jun 30 20:32:32 UTC 2026","Tue Jun 30 20:32:34 UTC 2026","1819","HabitNuWebAppSuite","2. Health Metrics","WebAppSanityPackage.Hba1c","WebAppSanityPackage.Hba1c","case12","verify deleting of hba1c datas",""
"passed","Tue Jun 30 21:00:45 UTC 2026","Tue Jun 30 21:00:45 UTC 2026","359","HabitNuWebAppSuite","4. Lifestyle and Social","WebAppSanityPackage.DiscussAppClass","WebAppSanityPackage.DiscussAppClass","case11","Edit the post with subject line (should update the post)",""
"passed","Tue Jun 30 20:54:39 UTC 2026","Tue Jun 30 20:54:41 UTC 2026","2615","HabitNuWebAppSuite","3. Nutrition and Recipes","WebAppSanityPackage.WebAppClass","WebAppSanityPackage.WebAppClass","case17","Edit Food and Validate Updated Details",""
"passed","Tue Jun 30 21:00:53 UTC 2026","Tue Jun 30 21:00:55 UTC 2026","2245","HabitNuWebAppSuite","4. Lifestyle and Social","WebAppSanityPackage.DiscussAppClass","WebAppSanityPackage.DiscussAppClass","case24","upload a message in my post",""
"passed","Tue Jun 30 20:16:33 UTC 2026","Tue Jun 30 20:16:33 UTC 2026","143","HabitNuWebAppSuite","1. Core and Authentication","WebAppSanityPackage.HomePage","WebAppSanityPackage.HomePage","testThisWeekProgressCards","Verify that This Week cards for Meals, Weight, and Exercise show correct titles and progress units.",""
"passed","Tue Jun 30 20:54:09 UTC 2026","Tue Jun 30 20:54:11 UTC 2026","2770","HabitNuWebAppSuite","3. Nutrition and Recipes","WebAppSanityPackage.WebAppClass","WebAppSanityPackage.WebAppClass","case4","Add Food to Snacks Meal",""
"broken","Tue Jun 30 20:44:57 UTC 2026","Tue Jun 30 20:45:09 UTC 2026","12298","HabitNuWebAppSuite","3. Nutrition and Recipes","WebAppSanityPackage.habiRecipe","WebAppSanityPackage.habiRecipe","case8_LogDietaryRestrictionsRecipe","Log Recipe Generated from Dietary Restrictions",""
"passed","Tue Jun 30 20:21:46 UTC 2026","Tue Jun 30 20:21:50 UTC 2026","3773","HabitNuWebAppSuite","1. Core and Authentication","WebAppSanityPackage.ProfileAppClass","WebAppSanityPackage.ProfileAppClass","case82","Enter wrong current password and new password, click Change Password",""
"broken","Tue Jun 30 20:25:57 UTC 2026","Tue Jun 30 20:26:08 UTC 2026","10182","HabitNuWebAppSuite","2. Health Metrics","WebAppSanityPackage.BloodPressure_Section","WebAppSanityPackage.BloodPressure_Section","case10_editTargetButDoNotSave","[MAIN CARD] Verify edit target functionality - modify values but cancel without saving",""
"passed","Tue Jun 30 20:16:42 UTC 2026","Tue Jun 30 20:16:54 UTC 2026","12525","HabitNuWebAppSuite","1. Core and Authentication","WebAppSanityPackage.HomePage","WebAppSanityPackage.HomePage","testHabitsSection","Verify that the Habits page shows Active Habits details, weekly calendar, and Taking Medication card correctly.",""
"passed","Tue Jun 30 20:20:34 UTC 2026","Tue Jun 30 20:20:34 UTC 2026","345","HabitNuWebAppSuite","1. Core and Authentication","WebAppSanityPackage.ProfileAppClass","WebAppSanityPackage.ProfileAppClass","addWaistAsLettersAndValidate","Add Waist as letters → Should show validation error",""
"passed","Tue Jun 30 20:34:03 UTC 2026","Tue Jun 30 20:34:13 UTC 2026","10172","HabitNuWebAppSuite","2. Health Metrics","WebAppSanityPackage.Medication","WebAppSanityPackage.Medication","case32","Weight loss medication Review",""
"passed","Tue Jun 30 20:54:00 UTC 2026","Tue Jun 30 20:54:04 UTC 2026","4654","HabitNuWebAppSuite","3. Nutrition and Recipes","WebAppSanityPackage.WebAppClass","WebAppSanityPackage.WebAppClass","case2","Add Food to Lunch Meal",""
"passed","Tue Jun 30 20:32:34 UTC 2026","Tue Jun 30 20:32:34 UTC 2026","91","HabitNuWebAppSuite","2. Health Metrics","WebAppSanityPackage.Hba1c","WebAppSanityPackage.Hba1c","noTargetSet","verify no target case",""
"broken","Tue Jun 30 20:49:40 UTC 2026","Tue Jun 30 20:49:42 UTC 2026","1226","HabitNuWebAppSuite","3. Nutrition and Recipes","WebAppSanityPackage.habiRecipe","WebAppSanityPackage.habiRecipe","case32_GenerateRecipeForAllPreferences","Generate Recipe Using All Preferences",""
"passed","Tue Jun 30 20:58:01 UTC 2026","Tue Jun 30 20:58:02 UTC 2026","582","HabitNuWebAppSuite","4. Lifestyle and Social","WebAppSanityPackage.HabitsAppClass","WebAppSanityPackage.HabitsAppClass","case15","Click on Activate and add the habit back",""
"passed","Tue Jun 30 20:21:10 UTC 2026","Tue Jun 30 20:21:14 UTC 2026","3660","HabitNuWebAppSuite","1. Core and Authentication","WebAppSanityPackage.ProfileAppClass","WebAppSanityPackage.ProfileAppClass","case72","Upload the file type and upload",""
"broken","Tue Jun 30 20:49:58 UTC 2026","Tue Jun 30 20:49:59 UTC 2026","1105","HabitNuWebAppSuite","3. Nutrition and Recipes","WebAppSanityPackage.habiRecipe","WebAppSanityPackage.habiRecipe","case36_deletegeneratedRecipe","Delete Generated Recipe",""
"passed","Tue Jun 30 20:50:02 UTC 2026","Tue Jun 30 20:50:10 UTC 2026","8267","HabitNuWebAppSuite","3. Nutrition and Recipes","WebAppSanityPackage.recipeBuilder","WebAppSanityPackage.recipeBuilder","verifyRecipeSectionOnHomePage","Verify User Can Navigate to Recipe Builder Section",""
"passed","Tue Jun 30 20:58:52 UTC 2026","Tue Jun 30 20:58:53 UTC 2026","943","HabitNuWebAppSuite","4. Lifestyle and Social","WebAppSanityPackage.HabitsAppClass","WebAppSanityPackage.HabitsAppClass","case27","Click on Archive and add the habit to archive",""
"passed","Tue Jun 30 20:39:07 UTC 2026","Tue Jun 30 20:39:07 UTC 2026","21","HabitNuWebAppSuite","3. Nutrition and Recipes","WebAppSanityPackage.foodGrouping","WebAppSanityPackage.foodGrouping","case3","Verify My Meal Group is Displayed in Food Groups",""
"passed","Tue Jun 30 20:21:52 UTC 2026","Tue Jun 30 20:21:52 UTC 2026","169","HabitNuWebAppSuite","1. Core and Authentication","WebAppSanityPackage.ProfileAppClass","WebAppSanityPackage.ProfileAppClass","case85","Click on Language Preferences section",""
"passed","Tue Jun 30 20:20:41 UTC 2026","Tue Jun 30 20:20:42 UTC 2026","321","HabitNuWebAppSuite","1. Core and Authentication","WebAppSanityPackage.ProfileAppClass","WebAppSanityPackage.ProfileAppClass","case50","Add Hips (in inches) as letters and save",""
"passed","Tue Jun 30 20:20:50 UTC 2026","Tue Jun 30 20:20:53 UTC 2026","2786","HabitNuWebAppSuite","1. Core and Authentication","WebAppSanityPackage.ProfileAppClass","WebAppSanityPackage.ProfileAppClass","case65","Upload the name only and submit",""
"passed","Tue Jun 30 20:55:19 UTC 2026","Tue Jun 30 20:55:19 UTC 2026","0","HabitNuWebAppSuite","3. Nutrition and Recipes","WebAppSanityPackage.WebAppClass","WebAppSanityPackage.WebAppClass","case29","Verify Edamam Attribution Link",""
"passed","Tue Jun 30 21:01:17 UTC 2026","Tue Jun 30 21:01:17 UTC 2026","303","HabitNuWebAppSuite","4. Lifestyle and Social","WebAppSanityPackage.Weights_lbs_Kgs","WebAppSanityPackage.Weights_lbs_Kgs","setTargetMoreThan99","enter target more than 999 and assert messages",""
"passed","Tue Jun 30 20:35:09 UTC 2026","Tue Jun 30 20:35:10 UTC 2026","1291","HabitNuWebAppSuite","2. Health Metrics","WebAppSanityPackage.ExerciseSection","WebAppSanityPackage.ExerciseSection","editTargetWithGreaterThan99","edit - enter target more than 1440 and assert messages",""
"broken","Tue Jun 30 20:25:47 UTC 2026","Tue Jun 30 20:25:57 UTC 2026","10200","HabitNuWebAppSuite","2. Health Metrics","WebAppSanityPackage.BloodPressure_Section","WebAppSanityPackage.BloodPressure_Section","case9_editTargetValid","[MAIN CARD] Verify successful editing of existing blood pressure target with valid values",""
"passed","Tue Jun 30 20:20:50 UTC 2026","Tue Jun 30 20:20:50 UTC 2026","192","HabitNuWebAppSuite","1. Core and Authentication","WebAppSanityPackage.ProfileAppClass","WebAppSanityPackage.ProfileAppClass","case63","Click on the Upload button",""
"passed","Tue Jun 30 20:21:44 UTC 2026","Tue Jun 30 20:21:44 UTC 2026","181","HabitNuWebAppSuite","1. Core and Authentication","WebAppSanityPackage.ProfileAppClass","WebAppSanityPackage.ProfileAppClass","case80","Enter current password only and click Change Password",""
"passed","Tue Jun 30 21:00:20 UTC 2026","Tue Jun 30 21:00:26 UTC 2026","6096","HabitNuWebAppSuite","4. Lifestyle and Social","WebAppSanityPackage.DiscussAppClass","WebAppSanityPackage.DiscussAppClass","case6","Upload only a file (should not allow)",""
"passed","Tue Jun 30 20:15:53 UTC 2026","Tue Jun 30 20:15:54 UTC 2026","1161","HabitNuWebAppSuite","1. Core and Authentication","WebAppSanityPackage.Login","WebAppSanityPackage.Login","testPasswordResetPageAccess","Validate reset confirmation modal content and behavior, asserting texts: 'Password Reset Link Sent Successfully!' and 'Your password can be reset by clicking the link in your email'.",""
"passed","Tue Jun 30 20:50:45 UTC 2026","Tue Jun 30 20:51:16 UTC 2026","31376","HabitNuWebAppSuite","3. Nutrition and Recipes","WebAppSanityPackage.recipeBuilder","WebAppSanityPackage.recipeBuilder","deleteFavRecipesFromFavorites","Verify Removing Favorite From Favorites Section Updates Recipe List",""
"passed","Tue Jun 30 20:27:31 UTC 2026","Tue Jun 30 20:27:31 UTC 2026","924","HabitNuWebAppSuite","2. Health Metrics","WebAppSanityPackage.BloodPressure_Section","WebAppSanityPackage.BloodPressure_Section","case28_verifyEditFunctionalityInHistoryTable","[MODAL] Verify edit functionality for blood pressure entries in history table using edit action buttons",""
"broken","Tue Jun 30 20:59:03 UTC 2026","Tue Jun 30 20:59:05 UTC 2026","2305","HabitNuWebAppSuite","4. Lifestyle and Social","WebAppSanityPackage.ChatandNotificationsClass","WebAppSanityPackage.ChatandNotificationsClass","case2","Send a message in chatbox and click enter",""
"passed","Tue Jun 30 20:54:04 UTC 2026","Tue Jun 30 20:54:09 UTC 2026","4308","HabitNuWebAppSuite","3. Nutrition and Recipes","WebAppSanityPackage.WebAppClass","WebAppSanityPackage.WebAppClass","case3","Add Food to Dinner Meal",""
"broken","Tue Jun 30 20:54:48 UTC 2026","Tue Jun 30 20:54:58 UTC 2026","10747","HabitNuWebAppSuite","3. Nutrition and Recipes","WebAppSanityPackage.WebAppClass","WebAppSanityPackage.WebAppClass","case20","Verify Food Quantity with Zero Value",""
"broken","Tue Jun 30 20:46:58 UTC 2026","Tue Jun 30 20:47:10 UTC 2026","12292","HabitNuWebAppSuite","3. Nutrition and Recipes","WebAppSanityPackage.habiRecipe","WebAppSanityPackage.habiRecipe","case20_LogMacronutrientRecipe","Log Recipe Generated from Macronutrient Preferences",""
"passed","Tue Jun 30 20:32:14 UTC 2026","Tue Jun 30 20:32:14 UTC 2026","624","HabitNuWebAppSuite","2. Health Metrics","WebAppSanityPackage.Hba1c","WebAppSanityPackage.Hba1c","case6","Verify last added monthly and yesterday's data in details page in Hba1c section",""
"passed","Tue Jun 30 20:36:38 UTC 2026","Tue Jun 30 20:36:43 UTC 2026","4496","HabitNuWebAppSuite","2. Health Metrics","WebAppSanityPackage.TobaccoSection","WebAppSanityPackage.TobaccoSection","case17_graphcase3","Load web app -> Click on Health section -> Weight section -> click on three lines -> Click on graph -> click on filter as last year",""
"passed","Tue Jun 30 20:56:49 UTC 2026","Tue Jun 30 20:56:52 UTC 2026","3683","HabitNuWebAppSuite","4. Lifestyle and Social","WebAppSanityPackage.HabitsAppClass","WebAppSanityPackage.HabitsAppClass","case1","Click on Habits section (It should take to Habits section)",""
"passed","Tue Jun 30 20:20:59 UTC 2026","Tue Jun 30 20:21:04 UTC 2026","5717","HabitNuWebAppSuite","1. Core and Authentication","WebAppSanityPackage.ProfileAppClass","WebAppSanityPackage.ProfileAppClass","case68","Upload file, name, and type and submit",""
"passed","Tue Jun 30 20:15:46 UTC 2026","Tue Jun 30 20:15:48 UTC 2026","1837","HabitNuWebAppSuite","1. Core and Authentication","WebAppSanityPackage.Login","WebAppSanityPackage.Login","testForgotPasswordWithValidEmail","Validate Forgot Password success modal and assert exact text: 'Password Reset Link Sent Successfully!'.",""
"passed","Tue Jun 30 20:19:36 UTC 2026","Tue Jun 30 20:19:36 UTC 2026","19","HabitNuWebAppSuite","1. Core and Authentication","WebAppSanityPackage.ProfileAppClass","WebAppSanityPackage.ProfileAppClass","handleSpinner","handleSpinner",""
"passed","Tue Jun 30 21:00:15 UTC 2026","Tue Jun 30 21:00:16 UTC 2026","662","HabitNuWebAppSuite","4. Lifestyle and Social","WebAppSanityPackage.DiscussAppClass","WebAppSanityPackage.DiscussAppClass","case2","Post a message with subject only (should show error)",""
"passed","Tue Jun 30 21:00:51 UTC 2026","Tue Jun 30 21:00:51 UTC 2026","116","HabitNuWebAppSuite","4. Lifestyle and Social","WebAppSanityPackage.DiscussAppClass","WebAppSanityPackage.DiscussAppClass","case21","Click on my posts ( it should take to my post section)",""
"passed","Tue Jun 30 20:52:23 UTC 2026","Tue Jun 30 20:52:29 UTC 2026","5094","HabitNuWebAppSuite","3. Nutrition and Recipes","WebAppSanityPackage.Myrecipes","WebAppSanityPackage.Myrecipes","test15_foodsection","Verify User Can Navigate to Food Logging Section",""
"broken","Tue Jun 30 20:34:58 UTC 2026","Tue Jun 30 20:35:09 UTC 2026","10643","HabitNuWebAppSuite","2. Health Metrics","WebAppSanityPackage.ExerciseSection","WebAppSanityPackage.ExerciseSection","editTargetWithNegatives","edit - negative target values and assert messages",""
"passed","Tue Jun 30 20:51:36 UTC 2026","Tue Jun 30 20:51:54 UTC 2026","17999","HabitNuWebAppSuite","3. Nutrition and Recipes","WebAppSanityPackage.recipeBuilder","WebAppSanityPackage.recipeBuilder","logRecipeFromThreeDotMenu","Verify User Can Log Recipe and Delete Logged Entry Using Three-Dot Menu",""
"passed","Tue Jun 30 20:22:26 UTC 2026","Tue Jun 30 20:22:27 UTC 2026","729","HabitNuWebAppSuite","1. Core and Authentication","WebAppSanityPackage.GuidedTour","WebAppSanityPackage.GuidedTour","test12_navigatingtourpage5","And user is navigating from fourth slide to fifth and validating",""
"passed","Tue Jun 30 20:20:19 UTC 2026","Tue Jun 30 20:20:20 UTC 2026","1285","HabitNuWebAppSuite","1. Core and Authentication","WebAppSanityPackage.ProfileAppClass","WebAppSanityPackage.ProfileAppClass","editAddressLine2AndSave","Edit Address line 2 and save",""
"passed","Tue Jun 30 20:20:13 UTC 2026","Tue Jun 30 20:20:14 UTC 2026","474","HabitNuWebAppSuite","1. Core and Authentication","WebAppSanityPackage.ProfileAppClass","WebAppSanityPackage.ProfileAppClass","case19","Click on Basic information and validate the presence of expected fields and absence of unexpected fields",""
"passed","Tue Jun 30 20:16:31 UTC 2026","Tue Jun 30 20:16:33 UTC 2026","1553","HabitNuWebAppSuite","1. Core and Authentication","WebAppSanityPackage.HomePage","WebAppSanityPackage.HomePage","testWelcomeMessageIsDisplayed","Verify that the personalized welcome message is displayed with the expected text.",""
"passed","Tue Jun 30 20:45:47 UTC 2026","Tue Jun 30 20:45:51 UTC 2026","4269","HabitNuWebAppSuite","3. Nutrition and Recipes","WebAppSanityPackage.habiRecipe","WebAppSanityPackage.habiRecipe","case12_LogFoodAllergiesRecipe","Log Recipe Generated from Food Allergy Preferences",""
"passed","Tue Jun 30 20:50:24 UTC 2026","Tue Jun 30 20:50:36 UTC 2026","11928","HabitNuWebAppSuite","3. Nutrition and Recipes","WebAppSanityPackage.recipeBuilder","WebAppSanityPackage.recipeBuilder","verifyFavoriteRecipesUnderFood","Verify Favorite Recipes Are Displayed Under Food Favorites",""
"passed","Tue Jun 30 20:43:35 UTC 2026","Tue Jun 30 20:43:38 UTC 2026","3231","HabitNuWebAppSuite","3. Nutrition and Recipes","WebAppSanityPackage.waterLog","WebAppSanityPackage.waterLog","case19","Validate setting reminders and verifying Wrong timings",""
"passed","Tue Jun 30 21:00:51 UTC 2026","Tue Jun 30 21:00:53 UTC 2026","2166","HabitNuWebAppSuite","4. Lifestyle and Social","WebAppSanityPackage.DiscussAppClass","WebAppSanityPackage.DiscussAppClass","case23","comment a message in my post",""
"passed","Tue Jun 30 20:45:19 UTC 2026","Tue Jun 30 20:45:47 UTC 2026","27327","HabitNuWebAppSuite","3. Nutrition and Recipes","WebAppSanityPackage.habiRecipe","WebAppSanityPackage.habiRecipe","case11_GenerateRecipeForFoodAllergies","Generate Recipe Using Food Allergy Preferences",""
"passed","Tue Jun 30 20:29:50 UTC 2026","Tue Jun 30 20:30:03 UTC 2026","13293","HabitNuWebAppSuite","2. Health Metrics","WebAppSanityPackage.WebAppHealth_WeightSection","WebAppSanityPackage.WebAppHealth_WeightSection","case1","verify - Blank weights",""
"passed","Tue Jun 30 20:16:33 UTC 2026","Tue Jun 30 20:16:33 UTC 2026","90","HabitNuWebAppSuite","1. Core and Authentication","WebAppSanityPackage.HomePage","WebAppSanityPackage.HomePage","testExploreSectionItemsAreVisible","Verify that Discussion, Recipes, Fitness Videos, and Medications are visible in the Explore section.",""
"passed","Tue Jun 30 20:27:30 UTC 2026","Tue Jun 30 20:27:31 UTC 2026","400","HabitNuWebAppSuite","2. Health Metrics","WebAppSanityPackage.BloodPressure_Section","WebAppSanityPackage.BloodPressure_Section","case27_verifyNegativeDiastolicInputValidation","[MODAL] Verify negative diastolic input validation in form (alternative test scenario)",""
"passed","Tue Jun 30 20:16:39 UTC 2026","Tue Jun 30 20:16:40 UTC 2026","362","HabitNuWebAppSuite","1. Core and Authentication","WebAppSanityPackage.HomePage","WebAppSanityPackage.HomePage","testHealthSection","Verify that the Health page displays Weight, Exercise, Blood Sugar, Blood Pressure, Electrodermal Activity, Tobacco Count, and HbA1c cards.",""
"passed","Tue Jun 30 20:27:49 UTC 2026","Tue Jun 30 20:27:55 UTC 2026","5945","HabitNuWebAppSuite","2. Health Metrics","WebAppSanityPackage.Sugar_Section","WebAppSanityPackage.Sugar_Section","editTargetButDoNotSave","edit target values and do click on 'x' mark and do not save",""
"passed","Tue Jun 30 20:21:44 UTC 2026","Tue Jun 30 20:21:46 UTC 2026","1675","HabitNuWebAppSuite","1. Core and Authentication","WebAppSanityPackage.ProfileAppClass","WebAppSanityPackage.ProfileAppClass","case81","Enter new password only and click Change Password",""
"passed","Tue Jun 30 20:36:28 UTC 2026","Tue Jun 30 20:36:33 UTC 2026","5559","HabitNuWebAppSuite","2. Health Metrics","WebAppSanityPackage.TobaccoSection","WebAppSanityPackage.TobaccoSection","case13","Click on tobacco , click on add new button and add tobacco for last year and and Total count of the day should be 0",""
"passed","Tue Jun 30 20:22:41 UTC 2026","Tue Jun 30 20:22:55 UTC 2026","14156","HabitNuWebAppSuite","1. Core and Authentication","WebAppSanityPackage.GuidedTour","WebAppSanityPackage.GuidedTour","test16_finishtour","And user is navigating first to last slide and validating finish button",""
"passed","Tue Jun 30 20:26:49 UTC 2026","Tue Jun 30 20:26:52 UTC 2026","2962","HabitNuWebAppSuite","2. Health Metrics","WebAppSanityPackage.BloodPressure_Section","WebAppSanityPackage.BloodPressure_Section","case15_verifyNoDataMessageAndAddButton","[MAIN CARD] Verify Blood Pressure widget displays 'No data recorded yet' message and Add New button",""
"passed","Tue Jun 30 20:57:42 UTC 2026","Tue Jun 30 20:57:43 UTC 2026","760","HabitNuWebAppSuite","4. Lifestyle and Social","WebAppSanityPackage.HabitsAppClass","WebAppSanityPackage.HabitsAppClass","case8","double click on habit button and it should open the pop up",""
"passed","Tue Jun 30 20:33:50 UTC 2026","Tue Jun 30 20:33:50 UTC 2026","140","HabitNuWebAppSuite","2. Health Metrics","WebAppSanityPackage.Medication","WebAppSanityPackage.Medication","case23","Creating new Medications details like selecting Type/Form.",""
"passed","Tue Jun 30 20:43:13 UTC 2026","Tue Jun 30 20:43:16 UTC 2026","3255","HabitNuWebAppSuite","3. Nutrition and Recipes","WebAppSanityPackage.waterLog","WebAppSanityPackage.waterLog","case9","Custom Water Log by Using + and - Buttons",""
"passed","Tue Jun 30 20:52:19 UTC 2026","Tue Jun 30 20:52:20 UTC 2026","616","HabitNuWebAppSuite","3. Nutrition and Recipes","WebAppSanityPackage.Myrecipes","WebAppSanityPackage.Myrecipes","test11_removeingredient","Verify User Can Remove an Ingredient from the Recipe",""
"passed","Tue Jun 30 20:30:07 UTC 2026","Tue Jun 30 20:30:07 UTC 2026","279","HabitNuWebAppSuite","2. Health Metrics","WebAppSanityPackage.WebAppHealth_WeightSection","WebAppSanityPackage.WebAppHealth_WeightSection","editTargetWithGreaterThan99","edit -  enter target more than 999 and assert messages",""
"passed","Tue Jun 30 20:52:36 UTC 2026","Tue Jun 30 20:52:36 UTC 2026","399","HabitNuWebAppSuite","3. Nutrition and Recipes","WebAppSanityPackage.Myrecipes","WebAppSanityPackage.Myrecipes","test17_navigatingrecipe","Verify User Can Delete a Saved Recipe",""
"passed","Tue Jun 30 20:34:23 UTC 2026","Tue Jun 30 20:34:33 UTC 2026","10190","HabitNuWebAppSuite","2. Health Metrics","WebAppSanityPackage.Medication","WebAppSanityPackage.Medication","case34","Medication Log History ",""
"passed","Tue Jun 30 20:32:08 UTC 2026","Tue Jun 30 20:32:14 UTC 2026","5108","HabitNuWebAppSuite","2. Health Metrics","WebAppSanityPackage.Hba1c","WebAppSanityPackage.Hba1c","case5","add yesterday's hba1c n it should show last added data",""
"passed","Tue Jun 30 20:55:12 UTC 2026","Tue Jun 30 20:55:15 UTC 2026","3253","HabitNuWebAppSuite","3. Nutrition and Recipes","WebAppSanityPackage.WebAppClass","WebAppSanityPackage.WebAppClass","case22","Edit Custom Food Logged in Dinner",""
"passed","Tue Jun 30 20:43:08 UTC 2026","Tue Jun 30 20:43:10 UTC 2026","1165","HabitNuWebAppSuite","3. Nutrition and Recipes","WebAppSanityPackage.waterLog","WebAppSanityPackage.waterLog","case5","32 oz Water Log",""
"passed","Tue Jun 30 20:38:16 UTC 2026","Tue Jun 30 20:38:17 UTC 2026","952","HabitNuWebAppSuite","2. Health Metrics","WebAppSanityPackage.TobaccoSection","WebAppSanityPackage.TobaccoSection","case26","edit data in tobacco section",""
"passed","Tue Jun 30 20:16:34 UTC 2026","Tue Jun 30 20:16:34 UTC 2026","550","HabitNuWebAppSuite","1. Core and Authentication","WebAppSanityPackage.HomePage","WebAppSanityPackage.HomePage","testProfileDropdownContents","Verify that the profile dropdown contains all expected menu options.",""
"passed","Tue Jun 30 20:29:02 UTC 2026","Tue Jun 30 20:29:04 UTC 2026","1228","HabitNuWebAppSuite","2. Health Metrics","WebAppSanityPackage.Sugar_Section","WebAppSanityPackage.Sugar_Section","case12","add yesterday's Blood Sugar n it should show last added data Fasting",""
"passed","Tue Jun 30 20:50:45 UTC 2026","Tue Jun 30 20:50:45 UTC 2026","128","HabitNuWebAppSuite","3. Nutrition and Recipes","WebAppSanityPackage.recipeBuilder","WebAppSanityPackage.recipeBuilder","verifyFavoriteRecipesByRecipeServings","Verify Favorite Recipes Display Serving Information Correctly",""
"passed","Tue Jun 30 20:22:11 UTC 2026","Tue Jun 30 20:22:11 UTC 2026","14","HabitNuWebAppSuite","1. Core and Authentication","WebAppSanityPackage.GuidedTour","WebAppSanityPackage.GuidedTour","test3_registration","When user is able to enter the details in registration form",""
"passed","Tue Jun 30 20:18:07 UTC 2026","Tue Jun 30 20:18:18 UTC 2026","10359","HabitNuWebAppSuite","1. Core and Authentication","WebAppSanityPackage.HomePage","WebAppSanityPackage.HomePage","testDeleteWeights","Verify that existing Weight logs are listed correctly and can be deleted successfully.",""
"passed","Tue Jun 30 20:20:26 UTC 2026","Tue Jun 30 20:20:28 UTC 2026","1362","HabitNuWebAppSuite","1. Core and Authentication","WebAppSanityPackage.ProfileAppClass","WebAppSanityPackage.ProfileAppClass","keepZipcodevalidAndSave","Keep Zipcode with valid numbers and save → Should not show error",""
"passed","Tue Jun 30 20:50:10 UTC 2026","Tue Jun 30 20:50:11 UTC 2026","731","HabitNuWebAppSuite","3. Nutrition and Recipes","WebAppSanityPackage.recipeBuilder","WebAppSanityPackage.recipeBuilder","clickOnRecipeAndValidateRecipeFieldPage","Verify Recipe Builder Page Fields Are Displayed Correctly",""
"passed","Tue Jun 30 20:59:10 UTC 2026","Tue Jun 30 20:59:12 UTC 2026","2113","HabitNuWebAppSuite","4. Lifestyle and Social","WebAppSanityPackage.ChatandNotificationsClass","WebAppSanityPackage.ChatandNotificationsClass","case6","Click on notifications section",""
"passed","Tue Jun 30 20:59:12 UTC 2026","Tue Jun 30 20:59:23 UTC 2026","10534","HabitNuWebAppSuite","4. Lifestyle and Social","WebAppSanityPackage.ChatandNotificationsClass","WebAppSanityPackage.ChatandNotificationsClass","case8","Click on It’s time to update your habit tracker and it will take you to habit tracker",""
"passed","Tue Jun 30 20:52:36 UTC 2026","Tue Jun 30 20:53:37 UTC 2026","61172","HabitNuWebAppSuite","3. Nutrition and Recipes","WebAppSanityPackage.Myrecipes","WebAppSanityPackage.Myrecipes","test18_searchrecipe","Verify User Can Search Saved Recipes",""
"passed","Tue Jun 30 20:37:34 UTC 2026","Tue Jun 30 20:37:55 UTC 2026","20787","HabitNuWebAppSuite","2. Health Metrics","WebAppSanityPackage.TobaccoSection","WebAppSanityPackage.TobaccoSection","case23","verify blank data in Tobacco section",""
"broken","Tue Jun 30 20:35:35 UTC 2026","Tue Jun 30 20:35:46 UTC 2026","10565","HabitNuWebAppSuite","2. Health Metrics","WebAppSanityPackage.ExerciseSection","WebAppSanityPackage.ExerciseSection","case11","verify negative data as others in exercise section",""
"passed","Tue Jun 30 20:21:58 UTC 2026","Tue Jun 30 20:21:58 UTC 2026","325","HabitNuWebAppSuite","1. Core and Authentication","WebAppSanityPackage.ProfileAppClass","WebAppSanityPackage.ProfileAppClass","testToggleNotifications","Toggle notifications On/Off and validate state change",""
"passed","Tue Jun 30 20:59:10 UTC 2026","Tue Jun 30 20:59:10 UTC 2026","382","HabitNuWebAppSuite","4. Lifestyle and Social","WebAppSanityPackage.ChatandNotificationsClass","WebAppSanityPackage.ChatandNotificationsClass","case5","Close the chatbox",""
"passed","Tue Jun 30 20:52:02 UTC 2026","Tue Jun 30 20:52:04 UTC 2026","1247","HabitNuWebAppSuite","3. Nutrition and Recipes","WebAppSanityPackage.Myrecipes","WebAppSanityPackage.Myrecipes","test2_clickonMyRecipes","Verify User Can Open My Recipes Tab",""
"passed","Tue Jun 30 20:57:06 UTC 2026","Tue Jun 30 20:57:22 UTC 2026","16165","HabitNuWebAppSuite","4. Lifestyle and Social","WebAppSanityPackage.HabitsAppClass","WebAppSanityPackage.HabitsAppClass","case4","click on forward arrowmark it should take you to current week",""
"passed","Tue Jun 30 20:59:55 UTC 2026","Tue Jun 30 21:00:06 UTC 2026","10883","HabitNuWebAppSuite","4. Lifestyle and Social","WebAppSanityPackage.ChatandNotificationsClass","WebAppSanityPackage.ChatandNotificationsClass","case12","Click on Reminder : You have an appointment in an hour",""
"passed","Tue Jun 30 20:20:20 UTC 2026","Tue Jun 30 20:20:21 UTC 2026","445","HabitNuWebAppSuite","1. Core and Authentication","WebAppSanityPackage.ProfileAppClass","WebAppSanityPackage.ProfileAppClass","keepCityBlankAndSave","Keep City as blank and save → Should throw validation error",""
"passed","Tue Jun 30 21:00:46 UTC 2026","Tue Jun 30 21:00:49 UTC 2026","3190","HabitNuWebAppSuite","4. Lifestyle and Social","WebAppSanityPackage.DiscussAppClass","WebAppSanityPackage.DiscussAppClass","Case13","Edit the post by adding a file (It should edit the post)",""
"passed","Tue Jun 30 20:34:44 UTC 2026","Tue Jun 30 20:34:44 UTC 2026","316","HabitNuWebAppSuite","2. Health Metrics","WebAppSanityPackage.ExerciseSection","WebAppSanityPackage.ExerciseSection","BeditTargetWithBlankValue","edit - Exercise cannot be blank",""
"passed","Tue Jun 30 20:54:41 UTC 2026","Tue Jun 30 20:54:45 UTC 2026","3234","HabitNuWebAppSuite","3. Nutrition and Recipes","WebAppSanityPackage.WebAppClass","WebAppSanityPackage.WebAppClass","case18","Verify Validation for Missing Mandatory Fields During Food Edit",""
"passed","Tue Jun 30 20:59:33 UTC 2026","Tue Jun 30 20:59:44 UTC 2026","10501","HabitNuWebAppSuite","4. Lifestyle and Social","WebAppSanityPackage.ChatandNotificationsClass","WebAppSanityPackage.ChatandNotificationsClass","case10","Click on HabitNu: Welcome to a new week! Please step on your scale to record your weight 3 days this week!",""
"passed","Tue Jun 30 20:22:25 UTC 2026","Tue Jun 30 20:22:25 UTC 2026","708","HabitNuWebAppSuite","1. Core and Authentication","WebAppSanityPackage.GuidedTour","WebAppSanityPackage.GuidedTour","test9_navigatingtourpage2","And user is navigating from first slide to second slide and validating",""
"passed","Tue Jun 30 20:20:40 UTC 2026","Tue Jun 30 20:20:41 UTC 2026","1288","HabitNuWebAppSuite","1. Core and Authentication","WebAppSanityPackage.ProfileAppClass","WebAppSanityPackage.ProfileAppClass","case49","Add Hips (in inches) as 0 and save",""
"passed","Tue Jun 30 20:42:30 UTC 2026","Tue Jun 30 20:42:33 UTC 2026","3040","HabitNuWebAppSuite","3. Nutrition and Recipes","WebAppSanityPackage.foodGrouping","WebAppSanityPackage.foodGrouping","case24","Delete a Food Item from Existing My Meal Group",""
"passed","Tue Jun 30 20:52:17 UTC 2026","Tue Jun 30 20:52:17 UTC 2026","524","HabitNuWebAppSuite","3. Nutrition and Recipes","WebAppSanityPackage.Myrecipes","WebAppSanityPackage.Myrecipes","test7_toastvalidation","Verify Ingredient Added Success Message Is Displayed",""
"passed","Tue Jun 30 20:14:52 UTC 2026","Tue Jun 30 20:14:52 UTC 2026","155","HabitNuWebAppSuite","1. Core and Authentication","WebAppSanityPackage.Login","WebAppSanityPackage.Login","testLoginWithEmptyCredentials","Validate empty-credentials errors and assert messages: 'Email is required' and 'Please enter a valid password'.",""
"passed","Tue Jun 30 20:55:18 UTC 2026","Tue Jun 30 20:55:19 UTC 2026","453","HabitNuWebAppSuite","3. Nutrition and Recipes","WebAppSanityPackage.WebAppClass","WebAppSanityPackage.WebAppClass","case25","Verify Nutrition Summary Data",""
"passed","Tue Jun 30 20:27:29 UTC 2026","Tue Jun 30 20:27:29 UTC 2026","439","HabitNuWebAppSuite","2. Health Metrics","WebAppSanityPackage.BloodPressure_Section","WebAppSanityPackage.BloodPressure_Section","case24_verifySystolicMaxValueValidation","[MODAL] Verify systolic field maximum value validation (max=250) with extremely large input",""
"failed","Tue Jun 30 20:55:44 UTC 2026","Tue Jun 30 20:55:44 UTC 2026","177","HabitNuWebAppSuite","3. Nutrition and Recipes","WebAppSanityPackage.WebAppClass","WebAppSanityPackage.WebAppClass","Case31_add_food_check_in_coaches","Verify User Details in Coach Dashboard",""
"passed","Tue Jun 30 20:50:11 UTC 2026","Tue Jun 30 20:50:12 UTC 2026","1658","HabitNuWebAppSuite","3. Nutrition and Recipes","WebAppSanityPackage.recipeBuilder","WebAppSanityPackage.recipeBuilder","searchForRecipe","Verify Search Results Are Displayed Correctly for Recipe Search",""
"passed","Tue Jun 30 20:20:50 UTC 2026","Tue Jun 30 20:20:50 UTC 2026","118","HabitNuWebAppSuite","1. Core and Authentication","WebAppSanityPackage.ProfileAppClass","WebAppSanityPackage.ProfileAppClass","case64","Upload the file only and submit",""
"broken","Tue Jun 30 20:25:37 UTC 2026","Tue Jun 30 20:25:47 UTC 2026","10170","HabitNuWebAppSuite","2. Health Metrics","WebAppSanityPackage.BloodPressure_Section","WebAppSanityPackage.BloodPressure_Section","case8_setValidTarget","[MAIN CARD] Verify successful setting of valid blood pressure target values via Set Target button",""
"passed","Tue Jun 30 20:28:32 UTC 2026","Tue Jun 30 20:28:33 UTC 2026","675","HabitNuWebAppSuite","2. Health Metrics","WebAppSanityPackage.Sugar_Section","WebAppSanityPackage.Sugar_Section","case7","Click on Blood Sugar , click on add new button and add Blood Sugar After Meal for current year current date -1",""
"passed","Tue Jun 30 20:21:59 UTC 2026","Tue Jun 30 20:22:01 UTC 2026","1118","HabitNuWebAppSuite","1. Core and Authentication","WebAppSanityPackage.ProfileAppClass","WebAppSanityPackage.ProfileAppClass","case91","Click on Profile Dropdown and validate List of options",""
"passed","Tue Jun 30 20:17:02 UTC 2026","Tue Jun 30 20:17:02 UTC 2026","281","HabitNuWebAppSuite","1. Core and Authentication","WebAppSanityPackage.HomePage","WebAppSanityPackage.HomePage","testMedicationPageLayout","Verify that the Medication page shows date controls, tabs, Today's Log section, and Add Medication button.",""
"passed","Tue Jun 30 20:35:47 UTC 2026","Tue Jun 30 20:35:56 UTC 2026","9379","HabitNuWebAppSuite","2. Health Metrics","WebAppSanityPackage.ExerciseSection","WebAppSanityPackage.ExerciseSection","case13","verify decimal data and DELETE ALL logs",""
"passed","Tue Jun 30 20:27:28 UTC 2026","Tue Jun 30 20:27:28 UTC 2026","134","HabitNuWebAppSuite","2. Health Metrics","WebAppSanityPackage.BloodPressure_Section","WebAppSanityPackage.BloodPressure_Section","case20_verifyHistoryTableDateTime","[MODAL] Verify blood pressure history table displays correct date/time entries with proper formatting",""
"passed","Tue Jun 30 20:59:23 UTC 2026","Tue Jun 30 20:59:33 UTC 2026","10622","HabitNuWebAppSuite","4. Lifestyle and Social","WebAppSanityPackage.ChatandNotificationsClass","WebAppSanityPackage.ChatandNotificationsClass","case9","Click on HabitNu: Please step on your scale to achieve your weight tracking goal!",""
"passed","Tue Jun 30 20:35:46 UTC 2026","Tue Jun 30 20:35:47 UTC 2026","887","HabitNuWebAppSuite","2. Health Metrics","WebAppSanityPackage.ExerciseSection","WebAppSanityPackage.ExerciseSection","case12","edit data in exercise section",""
"passed","Tue Jun 30 20:46:31 UTC 2026","Tue Jun 30 20:46:34 UTC 2026","3768","HabitNuWebAppSuite","3. Nutrition and Recipes","WebAppSanityPackage.habiRecipe","WebAppSanityPackage.habiRecipe","case16_LogDietTypeRecipe","Log Recipe Generated from Diet Type Preferences",""
"passed","Tue Jun 30 20:30:04 UTC 2026","Tue Jun 30 20:30:04 UTC 2026","558","HabitNuWebAppSuite","2. Health Metrics","WebAppSanityPackage.WebAppHealth_WeightSection","WebAppSanityPackage.WebAppHealth_WeightSection","setNegativeTarget","enter negative target values and assert messages",""
"passed","Tue Jun 30 20:31:26 UTC 2026","Tue Jun 30 20:31:42 UTC 2026","16204","HabitNuWebAppSuite","2. Health Metrics","WebAppSanityPackage.WebAppHealth_WeightSection","WebAppSanityPackage.WebAppHealth_WeightSection","case13","verify last week , month , year data ",""
"passed","Tue Jun 30 20:20:18 UTC 2026","Tue Jun 30 20:20:19 UTC 2026","1293","HabitNuWebAppSuite","1. Core and Authentication","WebAppSanityPackage.ProfileAppClass","WebAppSanityPackage.ProfileAppClass","keepAddressLine2BlankAndSave","Keep Address line 2 as blank and save",""
"passed","Tue Jun 30 20:58:53 UTC 2026","Tue Jun 30 20:58:54 UTC 2026","668","HabitNuWebAppSuite","4. Lifestyle and Social","WebAppSanityPackage.HabitsAppClass","WebAppSanityPackage.HabitsAppClass","case28","Click on Activate and do not add the habit back",""
"passed","Tue Jun 30 20:19:56 UTC 2026","Tue Jun 30 20:19:57 UTC 2026","207","HabitNuWebAppSuite","1. Core and Authentication","WebAppSanityPackage.ProfileAppClass","WebAppSanityPackage.ProfileAppClass","clearGenderAndSave","Clear gender and save → should save or skip validation",""
"passed","Tue Jun 30 20:36:14 UTC 2026","Tue Jun 30 20:36:14 UTC 2026","143","HabitNuWebAppSuite","2. Health Metrics","WebAppSanityPackage.TobaccoSection","WebAppSanityPackage.TobaccoSection","case4_placeHolderOfTobaccoCountValueInputBox","verify placeholder - MAX ",""
"passed","Tue Jun 30 20:16:31 UTC 2026","Tue Jun 30 20:16:31 UTC 2026","14","HabitNuWebAppSuite","1. Core and Authentication","WebAppSanityPackage.HomePage","WebAppSanityPackage.HomePage","testHomeIsTheActiveNavigationLink","Verify that the Home navigation link is marked as active on the dashboard.",""
"passed","Tue Jun 30 20:39:00 UTC 2026","Tue Jun 30 20:39:07 UTC 2026","6924","HabitNuWebAppSuite","3. Nutrition and Recipes","WebAppSanityPackage.foodGrouping","WebAppSanityPackage.foodGrouping","case2","Create New My Meal Group",""
"passed","Tue Jun 30 20:22:27 UTC 2026","Tue Jun 30 20:22:28 UTC 2026","739","HabitNuWebAppSuite","1. Core and Authentication","WebAppSanityPackage.GuidedTour","WebAppSanityPackage.GuidedTour","test13_navigatingtourpage6","And user is navigating from fifth slide to sixth and validating",""
"passed","Tue Jun 30 20:32:14 UTC 2026","Tue Jun 30 20:32:18 UTC 2026","4291","HabitNuWebAppSuite","2. Health Metrics","WebAppSanityPackage.Hba1c","WebAppSanityPackage.Hba1c","case7","verify blank data in Hba1c section",""
"broken","Tue Jun 30 20:25:16 UTC 2026","Tue Jun 30 20:25:27 UTC 2026","10175","HabitNuWebAppSuite","2. Health Metrics","WebAppSanityPackage.BloodPressure_Section","WebAppSanityPackage.BloodPressure_Section","case6_setSystolicTargetMoreThan250","[MAIN CARD] Verify Set Target validation error when entering systolic target value greater than 250",""
"passed","Tue Jun 30 20:21:38 UTC 2026","Tue Jun 30 20:21:41 UTC 2026","2936","HabitNuWebAppSuite","1. Core and Authentication","WebAppSanityPackage.ProfileAppClass","WebAppSanityPackage.ProfileAppClass","case76","Click on delete file and accept it",""
"passed","Tue Jun 30 20:20:26 UTC 2026","Tue Jun 30 20:20:26 UTC 2026","339","HabitNuWebAppSuite","1. Core and Authentication","WebAppSanityPackage.ProfileAppClass","WebAppSanityPackage.ProfileAppClass","keepZipcodevalidAndSaveforminus","Keep Zipcode with valid numbers and save → Should show validation error for missing '-' ",""
"passed","Tue Jun 30 20:29:42 UTC 2026","Tue Jun 30 20:29:42 UTC 2026","380","HabitNuWebAppSuite","2. Health Metrics","WebAppSanityPackage.Sugar_Section","WebAppSanityPackage.Sugar_Section","case17","verify blank data in Blood Sugar section Fasting",""
"passed","Tue Jun 30 20:36:14 UTC 2026","Tue Jun 30 20:36:14 UTC 2026","195","HabitNuWebAppSuite","2. Health Metrics","WebAppSanityPackage.TobaccoSection","WebAppSanityPackage.TobaccoSection","case7_setValidTarget","enter valid Target",""
"passed","Tue Jun 30 20:43:28 UTC 2026","Tue Jun 30 20:43:35 UTC 2026","7523","HabitNuWebAppSuite","3. Nutrition and Recipes","WebAppSanityPackage.waterLog","WebAppSanityPackage.waterLog","case18","Validate setting reminders and verifying active time slots",""
"passed","Tue Jun 30 20:20:32 UTC 2026","Tue Jun 30 20:20:32 UTC 2026","206","HabitNuWebAppSuite","1. Core and Authentication","WebAppSanityPackage.ProfileAppClass","WebAppSanityPackage.ProfileAppClass","clickOnEditHealthParameters","Click on Health parameters edit → Should open edit mode",""
"passed","Tue Jun 30 20:55:19 UTC 2026","Tue Jun 30 20:55:19 UTC 2026","286","HabitNuWebAppSuite","3. Nutrition and Recipes","WebAppSanityPackage.WebAppClass","WebAppSanityPackage.WebAppClass","case27","Validating data from View Food Log section",""
"passed","Tue Jun 30 20:58:58 UTC 2026","Tue Jun 30 20:59:03 UTC 2026","4683","HabitNuWebAppSuite","4. Lifestyle and Social","WebAppSanityPackage.ChatandNotificationsClass","WebAppSanityPackage.ChatandNotificationsClass","case1","Click on chat ( it should open the chat box)",""
"passed","Tue Jun 30 20:32:51 UTC 2026","Tue Jun 30 20:32:53 UTC 2026","2065","HabitNuWebAppSuite","2. Health Metrics","WebAppSanityPackage.Medication","WebAppSanityPackage.Medication","case2","Navigate to Log page and open Weight Loss Medication form",""
"passed","Tue Jun 30 21:01:11 UTC 2026","Tue Jun 30 21:01:13 UTC 2026","2161","HabitNuWebAppSuite","4. Lifestyle and Social","WebAppSanityPackage.Weights_lbs_Kgs","WebAppSanityPackage.Weights_lbs_Kgs","case2","Dashboard weights match unit selected",""
"passed","Tue Jun 30 20:21:44 UTC 2026","Tue Jun 30 20:21:44 UTC 2026","127","HabitNuWebAppSuite","1. Core and Authentication","WebAppSanityPackage.ProfileAppClass","WebAppSanityPackage.ProfileAppClass","case79","Click directly on Change Password without entering any data",""
"passed","Tue Jun 30 20:32:53 UTC 2026","Tue Jun 30 20:32:53 UTC 2026","96","HabitNuWebAppSuite","2. Health Metrics","WebAppSanityPackage.Medication","WebAppSanityPackage.Medication","case4","Creating new Medications details like selecting mg or ml.",""
"passed","Tue Jun 30 20:22:28 UTC 2026","Tue Jun 30 20:22:28 UTC 2026","466","HabitNuWebAppSuite","1. Core and Authentication","WebAppSanityPackage.GuidedTour","WebAppSanityPackage.GuidedTour","test14_navigatingtourpage7","And user is navigating from sixth slide to seventh and validating",""
"passed","Tue Jun 30 20:27:27 UTC 2026","Tue Jun 30 20:27:28 UTC 2026","748","HabitNuWebAppSuite","2. Health Metrics","WebAppSanityPackage.BloodPressure_Section","WebAppSanityPackage.BloodPressure_Section","case19_addPreviousDayBloodPressureReading","[MODAL] Add previous day blood pressure reading and verify it updates the main card display",""
"passed","Tue Jun 30 20:39:37 UTC 2026","Tue Jun 30 20:39:41 UTC 2026","3752","HabitNuWebAppSuite","3. Nutrition and Recipes","WebAppSanityPackage.foodGrouping","WebAppSanityPackage.foodGrouping","case7","Log My Meal Group to Lunch",""
"passed","Tue Jun 30 20:20:37 UTC 2026","Tue Jun 30 20:20:39 UTC 2026","1328","HabitNuWebAppSuite","1. Core and Authentication","WebAppSanityPackage.ProfileAppClass","WebAppSanityPackage.ProfileAppClass","case47","Add Waist (in inches) as valid number and save",""
"passed","Tue Jun 30 20:42:18 UTC 2026","Tue Jun 30 20:42:24 UTC 2026","5744","HabitNuWebAppSuite","3. Nutrition and Recipes","WebAppSanityPackage.foodGrouping","WebAppSanityPackage.foodGrouping","case22","Edit Existing My Meal Group, Remove Items, and Cancel Changes",""
"passed","Tue Jun 30 21:00:50 UTC 2026","Tue Jun 30 21:00:50 UTC 2026","98","HabitNuWebAppSuite","4. Lifestyle and Social","WebAppSanityPackage.DiscussAppClass","WebAppSanityPackage.DiscussAppClass","case17","Click on + button of coaches ( it should list all coaches)",""
"passed","Tue Jun 30 20:35:17 UTC 2026","Tue Jun 30 20:35:18 UTC 2026","1122","HabitNuWebAppSuite","2. Health Metrics","WebAppSanityPackage.ExerciseSection","WebAppSanityPackage.ExerciseSection","case3","Verify No data added for last 30 days",""
"passed","Tue Jun 30 20:20:39 UTC 2026","Tue Jun 30 20:20:40 UTC 2026","1260","HabitNuWebAppSuite","1. Core and Authentication","WebAppSanityPackage.ProfileAppClass","WebAppSanityPackage.ProfileAppClass","case48","Keep Hips (in inches) as blank and save",""
"passed","Tue Jun 30 20:15:00 UTC 2026","Tue Jun 30 20:15:02 UTC 2026","1831","HabitNuWebAppSuite","1. Core and Authentication","WebAppSanityPackage.Login","WebAppSanityPackage.Login","testLoginWithDeactivatedUser","Validate deactivated-user login block and assert message: 'Account is deactivated! Please contact support-stage@habitnu.com for assistance'.",""
"passed","Tue Jun 30 20:34:45 UTC 2026","Tue Jun 30 20:34:45 UTC 2026","248","HabitNuWebAppSuite","2. Health Metrics","WebAppSanityPackage.ExerciseSection","WebAppSanityPackage.ExerciseSection","setValidTarget","enter valid Target",""
"passed","Tue Jun 30 20:48:09 UTC 2026","Tue Jun 30 20:48:57 UTC 2026","48522","HabitNuWebAppSuite","3. Nutrition and Recipes","WebAppSanityPackage.habiRecipe","WebAppSanityPackage.habiRecipe","case27_GenerateRecipeForLocalFood","Generate Recipe Using Local Food Preferences",""
"passed","Tue Jun 30 21:00:16 UTC 2026","Tue Jun 30 21:00:17 UTC 2026","597","HabitNuWebAppSuite","4. Lifestyle and Social","WebAppSanityPackage.DiscussAppClass","WebAppSanityPackage.DiscussAppClass","case4","Click on post button without entering message (should not allow posting)",""
"passed","Tue Jun 30 20:36:23 UTC 2026","Tue Jun 30 20:36:24 UTC 2026","1322","HabitNuWebAppSuite","2. Health Metrics","WebAppSanityPackage.TobaccoSection","WebAppSanityPackage.TobaccoSection","case11_editTargetWithGreaterThan99","edit -  enter target more than 99 and assert messages",""
"passed","Tue Jun 30 20:42:03 UTC 2026","Tue Jun 30 20:42:18 UTC 2026","15744","HabitNuWebAppSuite","3. Nutrition and Recipes","WebAppSanityPackage.foodGrouping","WebAppSanityPackage.foodGrouping","case21","Edit Existing My Meal Group and Add Food Items",""
"passed","Tue Jun 30 20:43:10 UTC 2026","Tue Jun 30 20:43:11 UTC 2026","1743","HabitNuWebAppSuite","3. Nutrition and Recipes","WebAppSanityPackage.waterLog","WebAppSanityPackage.waterLog","case6","40 oz Water Log",""
"passed","Tue Jun 30 20:47:59 UTC 2026","Tue Jun 30 20:48:00 UTC 2026","1393","HabitNuWebAppSuite","3. Nutrition and Recipes","WebAppSanityPackage.habiRecipe","WebAppSanityPackage.habiRecipe","case25_SelectMicronutrientRecipeFromList","Log Generated Recipe",""
"passed","Tue Jun 30 20:54:12 UTC 2026","Tue Jun 30 20:54:13 UTC 2026","1005","HabitNuWebAppSuite","3. Nutrition and Recipes","WebAppSanityPackage.WebAppClass","WebAppSanityPackage.WebAppClass","case6","Verify Added Food Appears in Frequent Foods Section",""
"passed","Tue Jun 30 20:36:24 UTC 2026","Tue Jun 30 20:36:28 UTC 2026","3818","HabitNuWebAppSuite","2. Health Metrics","WebAppSanityPackage.TobaccoSection","WebAppSanityPackage.TobaccoSection","case12","Click on Health tab and verify 'No data recorded yet' in Tobacco section",""
"passed","Tue Jun 30 20:29:43 UTC 2026","Tue Jun 30 20:29:45 UTC 2026","1908","HabitNuWebAppSuite","2. Health Metrics","WebAppSanityPackage.Sugar_Section","WebAppSanityPackage.Sugar_Section","case19","verify decimal data in Blood Sugar section After meal",""
"passed","Tue Jun 30 20:39:17 UTC 2026","Tue Jun 30 20:39:37 UTC 2026","20388","HabitNuWebAppSuite","3. Nutrition and Recipes","WebAppSanityPackage.foodGrouping","WebAppSanityPackage.foodGrouping","case6","Add My Meal to Lunch",""
"passed","Tue Jun 30 20:43:24 UTC 2026","Tue Jun 30 20:43:25 UTC 2026","765","HabitNuWebAppSuite","3. Nutrition and Recipes","WebAppSanityPackage.waterLog","WebAppSanityPackage.waterLog","case14","473 ml Water Log",""
"passed","Tue Jun 30 20:40:14 UTC 2026","Tue Jun 30 20:40:26 UTC 2026","11263","HabitNuWebAppSuite","3. Nutrition and Recipes","WebAppSanityPackage.foodGrouping","WebAppSanityPackage.foodGrouping","case12","Add Food Item to Breakfast Section",""
"passed","Tue Jun 30 20:27:30 UTC 2026","Tue Jun 30 20:27:30 UTC 2026","386","HabitNuWebAppSuite","2. Health Metrics","WebAppSanityPackage.BloodPressure_Section","WebAppSanityPackage.BloodPressure_Section","case26_verifyNegativeSystolicInputValidation","[MODAL] Verify negative systolic input validation in form (other)",""
"passed","Tue Jun 30 20:20:46 UTC 2026","Tue Jun 30 20:20:46 UTC 2026","161","HabitNuWebAppSuite","1. Core and Authentication","WebAppSanityPackage.ProfileAppClass","WebAppSanityPackage.ProfileAppClass","case56","Click on close without editting Health parameters",""
"passed","Tue Jun 30 20:21:52 UTC 2026","Tue Jun 30 20:21:54 UTC 2026","1647","HabitNuWebAppSuite","1. Core and Authentication","WebAppSanityPackage.ProfileAppClass","WebAppSanityPackage.ProfileAppClass","case86","Change language to Spanish and verify UI text",""
"passed","Tue Jun 30 20:55:17 UTC 2026","Tue Jun 30 20:55:18 UTC 2026","1433","HabitNuWebAppSuite","3. Nutrition and Recipes","WebAppSanityPackage.WebAppClass","WebAppSanityPackage.WebAppClass","case24","Delete Custom Food Item",""
"passed","Tue Jun 30 20:54:26 UTC 2026","Tue Jun 30 20:54:28 UTC 2026","2778","HabitNuWebAppSuite","3. Nutrition and Recipes","WebAppSanityPackage.WebAppClass","WebAppSanityPackage.WebAppClass","case13","Edit Logged Food Date and Save",""
"passed","Tue Jun 30 21:01:13 UTC 2026","Tue Jun 30 21:01:16 UTC 2026","3171","HabitNuWebAppSuite","4. Lifestyle and Social","WebAppSanityPackage.Weights_lbs_Kgs","WebAppSanityPackage.Weights_lbs_Kgs","case3","Health section weights match selected unit",""
"passed","Tue Jun 30 20:44:27 UTC 2026","Tue Jun 30 20:44:57 UTC 2026","30108","HabitNuWebAppSuite","3. Nutrition and Recipes","WebAppSanityPackage.habiRecipe","WebAppSanityPackage.habiRecipe","case7_GenerateRecipeForDietaryRestrictions","Generate Recipe Using Dietary Restrictions",""
"passed","Tue Jun 30 20:28:07 UTC 2026","Tue Jun 30 20:28:20 UTC 2026","12726","HabitNuWebAppSuite","2. Health Metrics","WebAppSanityPackage.Sugar_Section","WebAppSanityPackage.Sugar_Section","case2","Click on Blood Sugar , click on add new button and add Blood Sugar fasting for current year current date ",""
"passed","Tue Jun 30 21:01:16 UTC 2026","Tue Jun 30 21:01:17 UTC 2026","309","HabitNuWebAppSuite","4. Lifestyle and Social","WebAppSanityPackage.Weights_lbs_Kgs","WebAppSanityPackage.Weights_lbs_Kgs","setNegativeTarget","enter negative target values and assert messages",""
"broken","Tue Jun 30 20:25:27 UTC 2026","Tue Jun 30 20:25:37 UTC 2026","10170","HabitNuWebAppSuite","2. Health Metrics","WebAppSanityPackage.BloodPressure_Section","WebAppSanityPackage.BloodPressure_Section","case7_setDiastolicTargetMoreThan200","[MAIN CARD] Verify Set Target validation error when entering diastolic target value greater than 200",""
"passed","Tue Jun 30 21:01:24 UTC 2026","Tue Jun 30 21:01:30 UTC 2026","5989","HabitNuWebAppSuite","4. Lifestyle and Social","WebAppSanityPackage.Weights_lbs_Kgs","WebAppSanityPackage.Weights_lbs_Kgs","case10","Health section weights match selected unit",""
"passed","Tue Jun 30 20:58:16 UTC 2026","Tue Jun 30 20:58:18 UTC 2026","1529","HabitNuWebAppSuite","4. Lifestyle and Social","WebAppSanityPackage.HabitsAppClass","WebAppSanityPackage.HabitsAppClass","case18","Click on Active Habits dropdown",""
"passed","Tue Jun 30 21:00:16 UTC 2026","Tue Jun 30 21:00:16 UTC 2026","167","HabitNuWebAppSuite","4. Lifestyle and Social","WebAppSanityPackage.DiscussAppClass","WebAppSanityPackage.DiscussAppClass","case3","Post a message with description only (should allow posting)",""
"passed","Tue Jun 30 20:39:15 UTC 2026","Tue Jun 30 20:39:17 UTC 2026","1212","HabitNuWebAppSuite","3. Nutrition and Recipes","WebAppSanityPackage.foodGrouping","WebAppSanityPackage.foodGrouping","case5","Log My Meal Group to Breakfast",""
"passed","Tue Jun 30 20:58:35 UTC 2026","Tue Jun 30 20:58:35 UTC 2026","228","HabitNuWebAppSuite","4. Lifestyle and Social","WebAppSanityPackage.HabitsAppClass","WebAppSanityPackage.HabitsAppClass","case21","Single click on habit button and mark a red",""
"passed","Tue Jun 30 20:35:14 UTC 2026","Tue Jun 30 20:35:17 UTC 2026","2280","HabitNuWebAppSuite","2. Health Metrics","WebAppSanityPackage.ExerciseSection","WebAppSanityPackage.ExerciseSection","case2","Click on Exercise, add exercise for last year, verify Total minutes is 0",""
"passed","Tue Jun 30 20:20:14 UTC 2026","Tue Jun 30 20:20:14 UTC 2026","375","HabitNuWebAppSuite","1. Core and Authentication","WebAppSanityPackage.ProfileAppClass","WebAppSanityPackage.ProfileAppClass","blankContactNumberValidation","Keep contact number blank → Show validation error",""
"passed","Tue Jun 30 20:46:34 UTC 2026","Tue Jun 30 20:46:36 UTC 2026","1413","HabitNuWebAppSuite","3. Nutrition and Recipes","WebAppSanityPackage.habiRecipe","WebAppSanityPackage.habiRecipe","case17_SelectDietTypeRecipeFromList","Log Generated Recipe",""
"passed","Tue Jun 30 20:43:07 UTC 2026","Tue Jun 30 20:43:08 UTC 2026","621","HabitNuWebAppSuite","3. Nutrition and Recipes","WebAppSanityPackage.waterLog","WebAppSanityPackage.waterLog","case3","16 oz Water Log",""
"passed","Tue Jun 30 20:22:01 UTC 2026","Tue Jun 30 20:22:02 UTC 2026","1275","HabitNuWebAppSuite","1. Core and Authentication","WebAppSanityPackage.ProfileAppClass","WebAppSanityPackage.ProfileAppClass","case92","Sign out and validate Terms of Use link visible",""
"passed","Tue Jun 30 20:19:52 UTC 2026","Tue Jun 30 20:19:56 UTC 2026","3834","HabitNuWebAppSuite","1. Core and Authentication","WebAppSanityPackage.ProfileAppClass","WebAppSanityPackage.ProfileAppClass","lastNameBlankTest","Leave last name as blank → should show default name or fail gracefully",""
"broken","Tue Jun 30 20:30:49 UTC 2026","Tue Jun 30 20:31:02 UTC 2026","12136","HabitNuWebAppSuite","2. Health Metrics","WebAppSanityPackage.WebAppHealth_WeightSection","WebAppSanityPackage.WebAppHealth_WeightSection","graphcase3","Load web app -> Click on Health section -> Weight section -> click on three lines -> Click on graph -> click on filter as last year",""
"passed","Tue Jun 30 20:35:19 UTC 2026","Tue Jun 30 20:35:20 UTC 2026","546","HabitNuWebAppSuite","2. Health Metrics","WebAppSanityPackage.ExerciseSection","WebAppSanityPackage.ExerciseSection","case5","add yesterday's Exercise and verify last added data",""
"passed","Tue Jun 30 21:00:45 UTC 2026","Tue Jun 30 21:00:46 UTC 2026","628","HabitNuWebAppSuite","4. Lifestyle and Social","WebAppSanityPackage.DiscussAppClass","WebAppSanityPackage.DiscussAppClass","case12","Edit the post with describe line ( It should edit the post)",""
"passed","Tue Jun 30 20:30:09 UTC 2026","Tue Jun 30 20:30:23 UTC 2026","14355","HabitNuWebAppSuite","2. Health Metrics","WebAppSanityPackage.WebAppHealth_WeightSection","WebAppSanityPackage.WebAppHealth_WeightSection","case2","Click on weight , click on add new button and add weight for last month",""
"passed","Tue Jun 30 20:36:33 UTC 2026","Tue Jun 30 20:36:34 UTC 2026","953","HabitNuWebAppSuite","2. Health Metrics","WebAppSanityPackage.TobaccoSection","WebAppSanityPackage.TobaccoSection","case14","verify added today data in tobacco section ",""
"passed","Tue Jun 30 20:22:57 UTC 2026","Tue Jun 30 20:22:58 UTC 2026","1323","HabitNuWebAppSuite","1. Core and Authentication","WebAppSanityPackage.GuidedTour","WebAppSanityPackage.GuidedTour","test19_maybelater","Then User is able to explore the guided tour after sometimes",""
"passed","Tue Jun 30 20:35:18 UTC 2026","Tue Jun 30 20:35:19 UTC 2026","1613","HabitNuWebAppSuite","2. Health Metrics","WebAppSanityPackage.ExerciseSection","WebAppSanityPackage.ExerciseSection","case4","verify added today data in exercise section and verify total exercise per day",""
"passed","Tue Jun 30 20:39:51 UTC 2026","Tue Jun 30 20:40:11 UTC 2026","19749","HabitNuWebAppSuite","3. Nutrition and Recipes","WebAppSanityPackage.foodGrouping","WebAppSanityPackage.foodGrouping","case10","Add My Meal to Snacks",""
"passed","Tue Jun 30 20:16:40 UTC 2026","Tue Jun 30 20:16:42 UTC 2026","2282","HabitNuWebAppSuite","1. Core and Authentication","WebAppSanityPackage.HomePage","WebAppSanityPackage.HomePage","testLearnOrVideosSection","Verify that the available Learn or Videos page opens and shows required sections and content.",""
"passed","Tue Jun 30 20:54:18 UTC 2026","Tue Jun 30 20:54:23 UTC 2026","5402","HabitNuWebAppSuite","3. Nutrition and Recipes","WebAppSanityPackage.WebAppClass","WebAppSanityPackage.WebAppClass","case9","Add Food to Breakfast from Food Log",""
"passed","Tue Jun 30 20:30:06 UTC 2026","Tue Jun 30 20:30:07 UTC 2026","747","HabitNuWebAppSuite","2. Health Metrics","WebAppSanityPackage.WebAppHealth_WeightSection","WebAppSanityPackage.WebAppHealth_WeightSection","editTargetButDoNotSave","edit target values and do click on 'x' mark and do not save",""
"broken","Tue Jun 30 20:37:55 UTC 2026","Tue Jun 30 20:38:16 UTC 2026","20722","HabitNuWebAppSuite","2. Health Metrics","WebAppSanityPackage.TobaccoSection","WebAppSanityPackage.TobaccoSection","case24","verify negative data in Tobocco count section",""
"passed","Tue Jun 30 20:54:45 UTC 2026","Tue Jun 30 20:54:48 UTC 2026","2784","HabitNuWebAppSuite","3. Nutrition and Recipes","WebAppSanityPackage.WebAppClass","WebAppSanityPackage.WebAppClass","case19","Add/Edit Food Without Optional Fields",""
"passed","Tue Jun 30 20:52:04 UTC 2026","Tue Jun 30 20:52:04 UTC 2026","49","HabitNuWebAppSuite","3. Nutrition and Recipes","WebAppSanityPackage.Myrecipes","WebAppSanityPackage.Myrecipes","test3_NavigaetoMyRecipes","Verify My Recipes Screen Is Displayed Correctly",""
"passed","Tue Jun 30 20:38:16 UTC 2026","Tue Jun 30 20:38:16 UTC 2026","370","HabitNuWebAppSuite","2. Health Metrics","WebAppSanityPackage.TobaccoSection","WebAppSanityPackage.TobaccoSection","case25","verify data should not be more than 100000 in Tobocco count section,Systolic should not be grater than 250",""
"passed","Tue Jun 30 20:58:52 UTC 2026","Tue Jun 30 20:58:52 UTC 2026","230","HabitNuWebAppSuite","4. Lifestyle and Social","WebAppSanityPackage.HabitsAppClass","WebAppSanityPackage.HabitsAppClass","case25","Click on Calender and close it without making changes",""
"passed","Tue Jun 30 20:18:28 UTC 2026","Tue Jun 30 20:18:34 UTC 2026","6299","HabitNuWebAppSuite","1. Core and Authentication","WebAppSanityPackage.HomePage","WebAppSanityPackage.HomePage","testSetTargetPage","Verify that updated target values are saved and reflected on Home cards after refresh.",""
"passed","Tue Jun 30 20:27:45 UTC 2026","Tue Jun 30 20:27:46 UTC 2026","588","HabitNuWebAppSuite","2. Health Metrics","WebAppSanityPackage.Sugar_Section","WebAppSanityPackage.Sugar_Section","setNegativeDiastolicTarget","enter negative Low target values and assert messages",""
"passed","Tue Jun 30 20:31:45 UTC 2026","Tue Jun 30 20:31:51 UTC 2026","5804","HabitNuWebAppSuite","2. Health Metrics","WebAppSanityPackage.Hba1c","WebAppSanityPackage.Hba1c","case1","Click on Health tab and verify 'No data recorded yet' in HbA1c section",""
"passed","Tue Jun 30 20:55:15 UTC 2026","Tue Jun 30 20:55:17 UTC 2026","1818","HabitNuWebAppSuite","3. Nutrition and Recipes","WebAppSanityPackage.WebAppClass","WebAppSanityPackage.WebAppClass","case23","Delete Food from Frequent Foods Section",""
"passed","Tue Jun 30 20:34:36 UTC 2026","Tue Jun 30 20:34:44 UTC 2026","7089","HabitNuWebAppSuite","2. Health Metrics","WebAppSanityPackage.ExerciseSection","WebAppSanityPackage.ExerciseSection","noTargetSet","verify no target case",""
"passed","Tue Jun 30 20:20:42 UTC 2026","Tue Jun 30 20:20:43 UTC 2026","1277","HabitNuWebAppSuite","1. Core and Authentication","WebAppSanityPackage.ProfileAppClass","WebAppSanityPackage.ProfileAppClass","case51","Add Hips (in inches) as valid number and save",""
"passed","Tue Jun 30 20:45:52 UTC 2026","Tue Jun 30 20:46:02 UTC 2026","9698","HabitNuWebAppSuite","3. Nutrition and Recipes","WebAppSanityPackage.habiRecipe","WebAppSanityPackage.habiRecipe","case14_SetDietTypePreferences","Configure Diet Type Preference",""
"passed","Tue Jun 30 20:19:57 UTC 2026","Tue Jun 30 20:19:58 UTC 2026","1262","HabitNuWebAppSuite","1. Core and Authentication","WebAppSanityPackage.ProfileAppClass","WebAppSanityPackage.ProfileAppClass","selectGenderMaleAndSave","Select Gender as Male and save → should reflect",""
"passed","Tue Jun 30 20:32:53 UTC 2026","Tue Jun 30 20:32:54 UTC 2026","708","HabitNuWebAppSuite","2. Health Metrics","WebAppSanityPackage.Medication","WebAppSanityPackage.Medication","case6","Coach- Users- Medication- Creating new Medications details like selecting Dosage",""
"passed","Tue Jun 30 21:00:49 UTC 2026","Tue Jun 30 21:00:50 UTC 2026","164","HabitNuWebAppSuite","4. Lifestyle and Social","WebAppSanityPackage.DiscussAppClass","WebAppSanityPackage.DiscussAppClass","case15","Add the comment ( It should add the comment)",""
"passed","Tue Jun 30 20:16:28 UTC 2026","Tue Jun 30 20:16:31 UTC 2026","3693","HabitNuWebAppSuite","1. Core and Authentication","WebAppSanityPackage.HomePage","WebAppSanityPackage.HomePage","testHeaderElementsAreVisible","Verify that the dashboard header shows the logo, discussion icon, notification icon, and profile menu.",""
"passed","Tue Jun 30 20:33:50 UTC 2026","Tue Jun 30 20:33:50 UTC 2026","124","HabitNuWebAppSuite","2. Health Metrics","WebAppSanityPackage.Medication","WebAppSanityPackage.Medication","case21","Adding Strength",""
"passed","Tue Jun 30 20:33:51 UTC 2026","Tue Jun 30 20:33:51 UTC 2026","139","HabitNuWebAppSuite","2. Health Metrics","WebAppSanityPackage.Medication","WebAppSanityPackage.Medication","case26","Creating new Medications details like selecting Frequency",""
"passed","Tue Jun 30 20:32:18 UTC 2026","Tue Jun 30 20:32:23 UTC 2026","4344","HabitNuWebAppSuite","2. Health Metrics","WebAppSanityPackage.Hba1c","WebAppSanityPackage.Hba1c","case8","verify negative data in Hba1c count section",""
"passed","Tue Jun 30 20:54:24 UTC 2026","Tue Jun 30 20:54:25 UTC 2026","885","HabitNuWebAppSuite","3. Nutrition and Recipes","WebAppSanityPackage.WebAppClass","WebAppSanityPackage.WebAppClass","case11","Add Food to Dinner from Food Log",""
"passed","Tue Jun 30 20:27:28 UTC 2026","Tue Jun 30 20:27:29 UTC 2026","356","HabitNuWebAppSuite","2. Health Metrics","WebAppSanityPackage.BloodPressure_Section","WebAppSanityPackage.BloodPressure_Section","case23_verifyNegativeDiastolicValidation","[MODAL] Verify form validation when entering negative value in diastolic field (min=0 validation) and leaving systolic field blank",""
"passed","Tue Jun 30 20:44:19 UTC 2026","Tue Jun 30 20:44:20 UTC 2026","1829","HabitNuWebAppSuite","3. Nutrition and Recipes","WebAppSanityPackage.habiRecipe","WebAppSanityPackage.habiRecipe","case4_SelectGeneratedRecipeAndLog","Log Generated Recipe",""
"passed","Tue Jun 30 20:20:44 UTC 2026","Tue Jun 30 20:20:46 UTC 2026","1345","HabitNuWebAppSuite","1. Core and Authentication","WebAppSanityPackage.ProfileAppClass","WebAppSanityPackage.ProfileAppClass","case55","Select My diabetes status as valid reason and save",""
"passed","Tue Jun 30 20:49:04 UTC 2026","Tue Jun 30 20:49:05 UTC 2026","1399","HabitNuWebAppSuite","3. Nutrition and Recipes","WebAppSanityPackage.habiRecipe","WebAppSanityPackage.habiRecipe","case29_SelectLocalFoodRecipeFromList","Log Generated Recipe",""
"passed","Tue Jun 30 20:41:48 UTC 2026","Tue Jun 30 20:42:01 UTC 2026","13559","HabitNuWebAppSuite","3. Nutrition and Recipes","WebAppSanityPackage.foodGrouping","WebAppSanityPackage.foodGrouping","case19","Create My Meal from Logged Snack Foods",""
"passed","Tue Jun 30 20:22:09 UTC 2026","Tue Jun 30 20:22:11 UTC 2026","1143","HabitNuWebAppSuite","1. Core and Authentication","WebAppSanityPackage.GuidedTour","WebAppSanityPackage.GuidedTour","test2_userregistration","When user is able to enter the  registration form",""
"passed","Tue Jun 30 20:19:46 UTC 2026","Tue Jun 30 20:19:48 UTC 2026","2104","HabitNuWebAppSuite","1. Core and Authentication","WebAppSanityPackage.ProfileAppClass","WebAppSanityPackage.ProfileAppClass","replaceProfilePicture","Replace profile picture → should update",""
"passed","Tue Jun 30 20:43:18 UTC 2026","Tue Jun 30 20:43:24 UTC 2026","6294","HabitNuWebAppSuite","3. Nutrition and Recipes","WebAppSanityPackage.waterLog","WebAppSanityPackage.waterLog","case13","237 ml Water Log",""
"passed","Tue Jun 30 20:32:45 UTC 2026","Tue Jun 30 20:32:51 UTC 2026","5777","HabitNuWebAppSuite","2. Health Metrics","WebAppSanityPackage.Medication","WebAppSanityPackage.Medication","case1","Main Page - Navigate to Medications Section",""
"passed","Tue Jun 30 20:21:22 UTC 2026","Tue Jun 30 20:21:29 UTC 2026","6945","HabitNuWebAppSuite","1. Core and Authentication","WebAppSanityPackage.ProfileAppClass","WebAppSanityPackage.ProfileAppClass","case74","Upload the file, name and file type and cancel",""
"passed","Tue Jun 30 20:58:01 UTC 2026","Tue Jun 30 20:58:01 UTC 2026","138","HabitNuWebAppSuite","4. Lifestyle and Social","WebAppSanityPackage.HabitsAppClass","WebAppSanityPackage.HabitsAppClass","case14","Click on Activate and do not add the habit back",""
"passed","Tue Jun 30 20:18:18 UTC 2026","Tue Jun 30 20:18:28 UTC 2026","10311","HabitNuWebAppSuite","1. Core and Authentication","WebAppSanityPackage.HomePage","WebAppSanityPackage.HomePage","testDeleteExercise","Verify that existing Exercise logs are listed correctly and can be deleted successfully.",""
"passed","Tue Jun 30 20:43:27 UTC 2026","Tue Jun 30 20:43:28 UTC 2026","752","HabitNuWebAppSuite","3. Nutrition and Recipes","WebAppSanityPackage.waterLog","WebAppSanityPackage.waterLog","case17","1183 ml Water Log",""
"passed","Tue Jun 30 20:23:29 UTC 2026","Tue Jun 30 20:23:52 UTC 2026","22193","HabitNuWebAppSuite","1. Core and Authentication","WebAppSanityPackage.generalContentWEB","WebAppSanityPackage.generalContentWEB","case3","Verify Fitness Videos Details Consistency",""
"passed","Tue Jun 30 20:15:20 UTC 2026","Tue Jun 30 20:15:21 UTC 2026","1246","HabitNuWebAppSuite","1. Core and Authentication","WebAppSanityPackage.Login","WebAppSanityPackage.Login","testPasswordVisibilityToggle","Validate password visibility toggle behavior by confirming the password input type changes from password to text and back to password.",""
"passed","Tue Jun 30 21:00:51 UTC 2026","Tue Jun 30 21:00:51 UTC 2026","58","HabitNuWebAppSuite","4. Lifestyle and Social","WebAppSanityPackage.DiscussAppClass","WebAppSanityPackage.DiscussAppClass","case20","Click on - button of members ( it should go back )",""
"passed","Tue Jun 30 20:28:33 UTC 2026","Tue Jun 30 20:28:43 UTC 2026","10676","HabitNuWebAppSuite","2. Health Metrics","WebAppSanityPackage.Sugar_Section","WebAppSanityPackage.Sugar_Section","case8","Verify No data added for last 30 days",""
"passed","Tue Jun 30 20:15:03 UTC 2026","Tue Jun 30 20:15:04 UTC 2026","721","HabitNuWebAppSuite","1. Core and Authentication","WebAppSanityPackage.Login","WebAppSanityPackage.Login","testLoginWithOnlyEmail","Validate missing-password error when only email is entered and assert message: 'Please enter a valid password'.",""
"passed","Tue Jun 30 20:54:25 UTC 2026","Tue Jun 30 20:54:26 UTC 2026","900","HabitNuWebAppSuite","3. Nutrition and Recipes","WebAppSanityPackage.WebAppClass","WebAppSanityPackage.WebAppClass","case12","Add Food to Snacks from Food Log",""
"passed","Tue Jun 30 20:20:37 UTC 2026","Tue Jun 30 20:20:37 UTC 2026","339","HabitNuWebAppSuite","1. Core and Authentication","WebAppSanityPackage.ProfileAppClass","WebAppSanityPackage.ProfileAppClass","case46","Add Waist (in inches) as letters and save",""
"passed","Tue Jun 30 20:34:44 UTC 2026","Tue Jun 30 20:34:44 UTC 2026","286","HabitNuWebAppSuite","2. Health Metrics","WebAppSanityPackage.ExerciseSection","WebAppSanityPackage.ExerciseSection","AsetTarget","enter target values and do click on 'x' mark and do not save",""
"passed","Tue Jun 30 20:20:34 UTC 2026","Tue Jun 30 20:20:35 UTC 2026","1276","HabitNuWebAppSuite","1. Core and Authentication","WebAppSanityPackage.ProfileAppClass","WebAppSanityPackage.ProfileAppClass","case44","Keep Waist (in inches) as blank and save",""
"passed","Tue Jun 30 20:27:36 UTC 2026","Tue Jun 30 20:27:44 UTC 2026","8333","HabitNuWebAppSuite","2. Health Metrics","WebAppSanityPackage.Sugar_Section","WebAppSanityPackage.Sugar_Section","noTargetSet","verify no target case",""
"passed","Tue Jun 30 20:47:12 UTC 2026","Tue Jun 30 20:47:22 UTC 2026","9060","HabitNuWebAppSuite","3. Nutrition and Recipes","WebAppSanityPackage.habiRecipe","WebAppSanityPackage.habiRecipe","case22_SetMicronutrientPreferences","Configure Micronutrient Preferences",""
"passed","Tue Jun 30 20:20:15 UTC 2026","Tue Jun 30 20:20:15 UTC 2026","165","HabitNuWebAppSuite","1. Core and Authentication","WebAppSanityPackage.ProfileAppClass","WebAppSanityPackage.ProfileAppClass","addInvalidShortPhoneNumber","Add numbers less than 10 digits → Should show error",""
"passed","Tue Jun 30 20:19:36 UTC 2026","Tue Jun 30 20:19:40 UTC 2026","3727","HabitNuWebAppSuite","1. Core and Authentication","WebAppSanityPackage.ProfileAppClass","WebAppSanityPackage.ProfileAppClass","openProfileDropdown","Click profile picture dropdown (should display dropdown options)",""
"passed","Tue Jun 30 20:27:45 UTC 2026","Tue Jun 30 20:27:45 UTC 2026","562","HabitNuWebAppSuite","2. Health Metrics","WebAppSanityPackage.Sugar_Section","WebAppSanityPackage.Sugar_Section","setNegativeSystolicTarget","enter negative High target values and assert messages",""
"broken","Tue Jun 30 20:54:58 UTC 2026","Tue Jun 30 20:55:12 UTC 2026","13434","HabitNuWebAppSuite","3. Nutrition and Recipes","WebAppSanityPackage.WebAppClass","WebAppSanityPackage.WebAppClass","case21","Verify Food Quantity Supports Decimal Values",""
"passed","Tue Jun 30 20:30:47 UTC 2026","Tue Jun 30 20:30:49 UTC 2026","2722","HabitNuWebAppSuite","2. Health Metrics","WebAppSanityPackage.WebAppHealth_WeightSection","WebAppSanityPackage.WebAppHealth_WeightSection","graphcase2","Load web app -> Click on Health section -> Weight section -> click on three lines -> Click on graph -> click on filter as last month",""
"passed","Tue Jun 30 20:58:54 UTC 2026","Tue Jun 30 20:58:56 UTC 2026","1590","HabitNuWebAppSuite","4. Lifestyle and Social","WebAppSanityPackage.HabitsAppClass","WebAppSanityPackage.HabitsAppClass","case29","Click on Activate and add the habit back",""
"passed","Tue Jun 30 20:16:58 UTC 2026","Tue Jun 30 20:16:59 UTC 2026","1476","HabitNuWebAppSuite","1. Core and Authentication","WebAppSanityPackage.HomePage","WebAppSanityPackage.HomePage","testRecipeBookPageLayoutAndTabs","Verify that the Recipe Book page shows header, tabs, and enabled Generate New Recipe button.",""
"passed","Tue Jun 30 20:22:28 UTC 2026","Tue Jun 30 20:22:41 UTC 2026","12925","HabitNuWebAppSuite","1. Core and Authentication","WebAppSanityPackage.GuidedTour","WebAppSanityPackage.GuidedTour","test15_backbutton","And User is navigating from last slide to first slide by clicking back button",""
"passed","Tue Jun 30 21:00:50 UTC 2026","Tue Jun 30 21:00:51 UTC 2026","610","HabitNuWebAppSuite","4. Lifestyle and Social","WebAppSanityPackage.DiscussAppClass","WebAppSanityPackage.DiscussAppClass","case19","Click on + button of memebers ( it should list all memebers)",""
"passed","Tue Jun 30 20:57:43 UTC 2026","Tue Jun 30 20:57:44 UTC 2026","727","HabitNuWebAppSuite","4. Lifestyle and Social","WebAppSanityPackage.HabitsAppClass","WebAppSanityPackage.HabitsAppClass","case9","Click on Edit and edit the habit",""
"passed","Tue Jun 30 20:27:06 UTC 2026","Tue Jun 30 20:27:16 UTC 2026","10187","HabitNuWebAppSuite","2. Health Metrics","WebAppSanityPackage.BloodPressure_Section","WebAppSanityPackage.BloodPressure_Section","case17_verifyNoDataFor30DaysMessage","[MAIN CARD] Verify 'No data for last 30 days' message displays correctly in widget",""
"broken","Tue Jun 30 20:59:07 UTC 2026","Tue Jun 30 20:59:09 UTC 2026","2007","HabitNuWebAppSuite","4. Lifestyle and Social","WebAppSanityPackage.ChatandNotificationsClass","WebAppSanityPackage.ChatandNotificationsClass","case4","Without typing the message click on enter",""
"passed","Tue Jun 30 20:32:34 UTC 2026","Tue Jun 30 20:32:35 UTC 2026","350","HabitNuWebAppSuite","2. Health Metrics","WebAppSanityPackage.Hba1c","WebAppSanityPackage.Hba1c","setNegativeTarget","enter negative target values and assert messages",""
"passed","Tue Jun 30 20:14:47 UTC 2026","Tue Jun 30 20:14:50 UTC 2026","2869","HabitNuWebAppSuite","1. Core and Authentication","WebAppSanityPackage.Login","WebAppSanityPackage.Login","testLoginWithInvalidPassword","Validate login failure with invalid password and assert message: 'Login Information is Incorrect, 3 wrong attempts will lock your Account'.",""
"passed","Tue Jun 30 20:41:10 UTC 2026","Tue Jun 30 20:41:24 UTC 2026","13609","HabitNuWebAppSuite","3. Nutrition and Recipes","WebAppSanityPackage.foodGrouping","WebAppSanityPackage.foodGrouping","case17","Create My Meal from Logged Lunch Foods",""
"passed","Tue Jun 30 20:19:40 UTC 2026","Tue Jun 30 20:19:40 UTC 2026","115","HabitNuWebAppSuite","1. Core and Authentication","WebAppSanityPackage.ProfileAppClass","WebAppSanityPackage.ProfileAppClass","openProfileDetails","Click on 'View profile details' → open profile page",""
"passed","Tue Jun 30 21:01:17 UTC 2026","Tue Jun 30 21:01:23 UTC 2026","5733","HabitNuWebAppSuite","4. Lifestyle and Social","WebAppSanityPackage.Weights_lbs_Kgs","WebAppSanityPackage.Weights_lbs_Kgs","setValidTarget","enter valid Target",""
"passed","Tue Jun 30 20:21:58 UTC 2026","Tue Jun 30 20:21:59 UTC 2026","1190","HabitNuWebAppSuite","1. Core and Authentication","WebAppSanityPackage.ProfileAppClass","WebAppSanityPackage.ProfileAppClass","case90","Click on Manage Devices and validate connected devices",""
"broken","Tue Jun 30 20:26:38 UTC 2026","Tue Jun 30 20:26:49 UTC 2026","10174","HabitNuWebAppSuite","2. Health Metrics","WebAppSanityPackage.BloodPressure_Section","WebAppSanityPackage.BloodPressure_Section","case14_editdiastolicTargetWithBlankValue","[MAIN CARD] Verify target edit validation error when clearing diastolic field (blank/empty value)",""
"passed","Tue Jun 30 20:30:32 UTC 2026","Tue Jun 30 20:30:32 UTC 2026","257","HabitNuWebAppSuite","2. Health Metrics","WebAppSanityPackage.WebAppHealth_WeightSection","WebAppSanityPackage.WebAppHealth_WeightSection","case10","Add data as 1000 weight",""
"passed","Tue Jun 30 20:18:34 UTC 2026","Tue Jun 30 20:18:59 UTC 2026","25101","HabitNuWebAppSuite","1. Core and Authentication","WebAppSanityPackage.HomePage","WebAppSanityPackage.HomePage","testMealsProgressBarByAddingFood","Verify that Meals progress updates correctly when food is added across current-week days.",""
"passed","Tue Jun 30 20:22:55 UTC 2026","Tue Jun 30 20:22:55 UTC 2026","26","HabitNuWebAppSuite","1. Core and Authentication","WebAppSanityPackage.GuidedTour","WebAppSanityPackage.GuidedTour","test17_homepage","Then user is navigating to home page once the tour is done",""
"passed","Tue Jun 30 20:50:21 UTC 2026","Tue Jun 30 20:50:21 UTC 2026","483","HabitNuWebAppSuite","3. Nutrition and Recipes","WebAppSanityPackage.recipeBuilder","WebAppSanityPackage.recipeBuilder","ClickViewFullRecipeToViewFullRecipe","Verify View Full Recipe Action Displays Complete Recipe Information",""
"passed","Tue Jun 30 20:15:17 UTC 2026","Tue Jun 30 20:15:18 UTC 2026","1316","HabitNuWebAppSuite","1. Core and Authentication","WebAppSanityPackage.Login","WebAppSanityPackage.Login","testLoginWithInvalidEmailValidPassword","Validate unregistered-email login attempt and assert generic error contains: 'Login Information is Incorrect'.",""
"passed","Tue Jun 30 20:35:33 UTC 2026","Tue Jun 30 20:35:34 UTC 2026","653","HabitNuWebAppSuite","2. Health Metrics","WebAppSanityPackage.ExerciseSection","WebAppSanityPackage.ExerciseSection","case9","verify data should not be more than 100000 in exercise section",""
"passed","Tue Jun 30 20:58:02 UTC 2026","Tue Jun 30 20:58:04 UTC 2026","1643","HabitNuWebAppSuite","4. Lifestyle and Social","WebAppSanityPackage.HabitsAppClass","WebAppSanityPackage.HabitsAppClass","case16","Click on Back button and go back to Habits list",""
"passed","Tue Jun 30 20:21:14 UTC 2026","Tue Jun 30 20:21:22 UTC 2026","7685","HabitNuWebAppSuite","1. Core and Authentication","WebAppSanityPackage.ProfileAppClass","WebAppSanityPackage.ProfileAppClass","case73","Upload the file, name and file type and upload",""
"passed","Tue Jun 30 20:16:04 UTC 2026","Tue Jun 30 20:16:14 UTC 2026","10214","HabitNuWebAppSuite","1. Core and Authentication","WebAppSanityPackage.Login","WebAppSanityPackage.Login","testLanguageChangeToSpanish","Validate localization switch to Spanish by selecting ES and verifying login UI text reflects Spanish language content.",""
"passed","Tue Jun 30 20:34:44 UTC 2026","Tue Jun 30 20:34:44 UTC 2026","183","HabitNuWebAppSuite","2. Health Metrics","WebAppSanityPackage.ExerciseSection","WebAppSanityPackage.ExerciseSection","placeHolderOfTobaccoCountValueInputBox","verify placeholder - Exercise",""
"broken","Tue Jun 30 20:49:55 UTC 2026","Tue Jun 30 20:49:58 UTC 2026","3038","HabitNuWebAppSuite","3. Nutrition and Recipes","WebAppSanityPackage.habiRecipe","WebAppSanityPackage.habiRecipe","case35_RegenerateSelectedRecipe","Regenerate Generated Recipe",""
"passed","Tue Jun 30 20:30:06 UTC 2026","Tue Jun 30 20:30:06 UTC 2026","192","HabitNuWebAppSuite","2. Health Metrics","WebAppSanityPackage.WebAppHealth_WeightSection","WebAppSanityPackage.WebAppHealth_WeightSection","editTargetValid","edit Target - valid",""
"passed","Tue Jun 30 20:54:18 UTC 2026","Tue Jun 30 20:54:18 UTC 2026","1","HabitNuWebAppSuite","3. Nutrition and Recipes","WebAppSanityPackage.WebAppClass","WebAppSanityPackage.WebAppClass","case8","Search and Add Recipe Food",""
"passed","Tue Jun 30 20:33:03 UTC 2026","Tue Jun 30 20:33:25 UTC 2026","21706","HabitNuWebAppSuite","2. Health Metrics","WebAppSanityPackage.Medication","WebAppSanityPackage.Medication","editWeightLossMedication","Edit details of Weight Loss Medication",""
"passed","Tue Jun 30 20:20:21 UTC 2026","Tue Jun 30 20:20:22 UTC 2026","1202","HabitNuWebAppSuite","1. Core and Authentication","WebAppSanityPackage.ProfileAppClass","WebAppSanityPackage.ProfileAppClass","editCityAndSave","Edit city to 'Los Angeles' and save → Should update successfully",""
"passed","Tue Jun 30 20:21:56 UTC 2026","Tue Jun 30 20:21:58 UTC 2026","2127","HabitNuWebAppSuite","1. Core and Authentication","WebAppSanityPackage.ProfileAppClass","WebAppSanityPackage.ProfileAppClass","case88","Open Notification Preferences from Profile dropdown",""
"passed","Tue Jun 30 20:27:55 UTC 2026","Tue Jun 30 20:27:56 UTC 2026","334","HabitNuWebAppSuite","2. Health Metrics","WebAppSanityPackage.Sugar_Section","WebAppSanityPackage.Sugar_Section","editTargetWithNegatives","edit -  negative target values and assert messages",""
"passed","Tue Jun 30 20:58:36 UTC 2026","Tue Jun 30 20:58:37 UTC 2026","743","HabitNuWebAppSuite","4. Lifestyle and Social","WebAppSanityPackage.HabitsAppClass","WebAppSanityPackage.HabitsAppClass","case23","Click on Edit and edit the habit",""
"passed","Tue Jun 30 20:27:28 UTC 2026","Tue Jun 30 20:27:28 UTC 2026","155","HabitNuWebAppSuite","2. Health Metrics","WebAppSanityPackage.BloodPressure_Section","WebAppSanityPackage.BloodPressure_Section","case22_verifyNegativeSystolicValidation","[MODAL] Verify form validation when entering negative value in systolic field (min=0 validation) and leaving diastolic field blank",""
"passed","Tue Jun 30 20:58:33 UTC 2026","Tue Jun 30 20:58:35 UTC 2026","2387","HabitNuWebAppSuite","4. Lifestyle and Social","WebAppSanityPackage.HabitsAppClass","WebAppSanityPackage.HabitsAppClass","case20","Single Click on habit button and mark a green",""
"passed","Tue Jun 30 20:58:18 UTC 2026","Tue Jun 30 20:58:33 UTC 2026","14629","HabitNuWebAppSuite","4. Lifestyle and Social","WebAppSanityPackage.HabitsAppClass","WebAppSanityPackage.HabitsAppClass","case19","Click on Add button it should take to create the habit page and create the habit using flexible days",""
"passed","Tue Jun 30 20:34:45 UTC 2026","Tue Jun 30 20:34:46 UTC 2026","295","HabitNuWebAppSuite","2. Health Metrics","WebAppSanityPackage.ExerciseSection","WebAppSanityPackage.ExerciseSection","editTargetValid","edit Target - valid",""
"passed","Tue Jun 30 20:16:31 UTC 2026","Tue Jun 30 20:16:31 UTC 2026","41","HabitNuWebAppSuite","1. Core and Authentication","WebAppSanityPackage.HomePage","WebAppSanityPackage.HomePage","testNotificationBadgeCount","Verify that the notification badge is either not shown or shows a valid non-negative count.",""
"passed","Tue Jun 30 20:54:11 UTC 2026","Tue Jun 30 20:54:12 UTC 2026","358","HabitNuWebAppSuite","3. Nutrition and Recipes","WebAppSanityPackage.WebAppClass","WebAppSanityPackage.WebAppClass","case5","Verify Added Food Appears in All Foods Section",""
"passed","Tue Jun 30 21:01:24 UTC 2026","Tue Jun 30 21:01:24 UTC 2026","638","HabitNuWebAppSuite","4. Lifestyle and Social","WebAppSanityPackage.Weights_lbs_Kgs","WebAppSanityPackage.Weights_lbs_Kgs","case9","Dashboard weights match unit selected",""
"passed","Tue Jun 30 20:28:43 UTC 2026","Tue Jun 30 20:28:54 UTC 2026","10880","HabitNuWebAppSuite","2. Health Metrics","WebAppSanityPackage.Sugar_Section","WebAppSanityPackage.Sugar_Section","case9","verify added today data in Blood Sugar section as Fasting",""
"passed","Tue Jun 30 20:53:50 UTC 2026","Tue Jun 30 20:54:00 UTC 2026","9881","HabitNuWebAppSuite","3. Nutrition and Recipes","WebAppSanityPackage.WebAppClass","WebAppSanityPackage.WebAppClass","case1","Add Food to Breakfast Meal",""
"passed","Tue Jun 30 20:30:23 UTC 2026","Tue Jun 30 20:30:23 UTC 2026","464","HabitNuWebAppSuite","2. Health Metrics","WebAppSanityPackage.WebAppHealth_WeightSection","WebAppSanityPackage.WebAppHealth_WeightSection","case3","add yesterday's weight n it should show last added data",""
"passed","Tue Jun 30 20:20:22 UTC 2026","Tue Jun 30 20:20:22 UTC 2026","250","HabitNuWebAppSuite","1. Core and Authentication","WebAppSanityPackage.ProfileAppClass","WebAppSanityPackage.ProfileAppClass","keepStateBlankAndSave","Keep State as blank and save → Should show validation error",""
"broken","Tue Jun 30 20:55:45 UTC 2026","Tue Jun 30 20:56:46 UTC 2026","61007","HabitNuWebAppSuite","3. Nutrition and Recipes","WebAppSanityPackage.WebAppClass","WebAppSanityPackage.WebAppClass","delete_from_all_food_sections","Delete All Logged Foods Across Meal Sections",""
"passed","Tue Jun 30 20:43:56 UTC 2026","Tue Jun 30 20:44:19 UTC 2026","22185","HabitNuWebAppSuite","3. Nutrition and Recipes","WebAppSanityPackage.habiRecipe","WebAppSanityPackage.habiRecipe","case3_GenerateNewRecipe","Generate Recipe with Default Preferences",""
"passed","Tue Jun 30 20:16:57 UTC 2026","Tue Jun 30 20:16:58 UTC 2026","934","HabitNuWebAppSuite","1. Core and Authentication","WebAppSanityPackage.HomePage","WebAppSanityPackage.HomePage","testDiscussionPage","Verify that the Discussion page shows tabs, post composer controls, and feed item details.",""
"passed","Tue Jun 30 20:21:58 UTC 2026","Tue Jun 30 20:21:58 UTC 2026","189","HabitNuWebAppSuite","1. Core and Authentication","WebAppSanityPackage.ProfileAppClass","WebAppSanityPackage.ProfileAppClass","testToggleNotifications","Toggle notifications On/Off and validate state change",""
"passed","Tue Jun 30 20:43:26 UTC 2026","Tue Jun 30 20:43:27 UTC 2026","1342","HabitNuWebAppSuite","3. Nutrition and Recipes","WebAppSanityPackage.waterLog","WebAppSanityPackage.waterLog","case16","946 ml Water Log",""
"passed","Tue Jun 30 20:15:13 UTC 2026","Tue Jun 30 20:15:15 UTC 2026","2222","HabitNuWebAppSuite","1. Core and Authentication","WebAppSanityPackage.Login","WebAppSanityPackage.Login","testFieldValidationOnBlur","Validate blur-triggered field validations and check messages: 'Email is required' and 'Please enter a valid password'.",""
"passed","Tue Jun 30 20:57:56 UTC 2026","Tue Jun 30 20:57:57 UTC 2026","236","HabitNuWebAppSuite","4. Lifestyle and Social","WebAppSanityPackage.HabitsAppClass","WebAppSanityPackage.HabitsAppClass","case11","Click on Calender and close it without making changes",""
"broken","Tue Jun 30 20:31:15 UTC 2026","Tue Jun 30 20:31:26 UTC 2026","10593","HabitNuWebAppSuite","2. Health Metrics","WebAppSanityPackage.WebAppHealth_WeightSection","WebAppSanityPackage.WebAppHealth_WeightSection","graphCase6","Load web app -> Click on Health section -> Weight section -> verify graph values",""
"passed","Tue Jun 30 20:40:11 UTC 2026","Tue Jun 30 20:40:14 UTC 2026","3272","HabitNuWebAppSuite","3. Nutrition and Recipes","WebAppSanityPackage.foodGrouping","WebAppSanityPackage.foodGrouping","case11","Log My Meal Group to Snacks",""
"passed","Tue Jun 30 20:58:37 UTC 2026","Tue Jun 30 20:58:52 UTC 2026","15289","HabitNuWebAppSuite","4. Lifestyle and Social","WebAppSanityPackage.HabitsAppClass","WebAppSanityPackage.HabitsAppClass","case24","Click on Calender and edit  and save the details",""
"passed","Tue Jun 30 20:38:17 UTC 2026","Tue Jun 30 20:38:17 UTC 2026","266","HabitNuWebAppSuite","2. Health Metrics","WebAppSanityPackage.TobaccoSection","WebAppSanityPackage.TobaccoSection","case27","verify decimal data in Tobacco Count section",""
"passed","Tue Jun 30 20:59:44 UTC 2026","Tue Jun 30 20:59:55 UTC 2026","10768","HabitNuWebAppSuite","4. Lifestyle and Social","WebAppSanityPackage.ChatandNotificationsClass","WebAppSanityPackage.ChatandNotificationsClass","case11","HabitNu: This is a reminder for you to keep stepping on your scale, recording your meals, and logging your activity! Check in on our discussion forum to stay in touch with your coach and other Team members!",""
"passed","Tue Jun 30 20:21:54 UTC 2026","Tue Jun 30 20:21:56 UTC 2026","2124","HabitNuWebAppSuite","1. Core and Authentication","WebAppSanityPackage.ProfileAppClass","WebAppSanityPackage.ProfileAppClass","case87","Switch back to English language and verify UI text",""
"passed","Tue Jun 30 20:21:50 UTC 2026","Tue Jun 30 20:21:52 UTC 2026","1777","HabitNuWebAppSuite","1. Core and Authentication","WebAppSanityPackage.ProfileAppClass","WebAppSanityPackage.ProfileAppClass","case83","Enter mismatched confirm password and click Change Password",""
"passed","Tue Jun 30 20:56:52 UTC 2026","Tue Jun 30 20:56:52 UTC 2026","14","HabitNuWebAppSuite","4. Lifestyle and Social","WebAppSanityPackage.HabitsAppClass","WebAppSanityPackage.HabitsAppClass","case2","If there are no Habits in the Habits section - it should display There are no Habits to display",""
"passed","Tue Jun 30 20:27:44 UTC 2026","Tue Jun 30 20:27:45 UTC 2026","210","HabitNuWebAppSuite","2. Health Metrics","WebAppSanityPackage.Sugar_Section","WebAppSanityPackage.Sugar_Section","placeHolderOfBPCountValueInputBox","verify placeholder - High and Low ",""
"passed","Tue Jun 30 21:00:50 UTC 2026","Tue Jun 30 21:00:50 UTC 2026","114","HabitNuWebAppSuite","4. Lifestyle and Social","WebAppSanityPackage.DiscussAppClass","WebAppSanityPackage.DiscussAppClass","case16","Add the comment ( It should add the comment)",""
"passed","Tue Jun 30 20:27:16 UTC 2026","Tue Jun 30 20:27:27 UTC 2026","11220","HabitNuWebAppSuite","2. Health Metrics","WebAppSanityPackage.BloodPressure_Section","WebAppSanityPackage.BloodPressure_Section","case18_addCurrentDayBloodPressureReading","[MODAL] Add current day blood pressure reading via modal form and verify entry appears in history table",""
"passed","Tue Jun 30 20:43:17 UTC 2026","Tue Jun 30 20:43:18 UTC 2026","598","HabitNuWebAppSuite","3. Nutrition and Recipes","WebAppSanityPackage.waterLog","WebAppSanityPackage.waterLog","case12","Validate setting reminders and verifying active time slots",""
"passed","Tue Jun 30 20:20:25 UTC 2026","Tue Jun 30 20:20:26 UTC 2026","414","HabitNuWebAppSuite","1. Core and Authentication","WebAppSanityPackage.ProfileAppClass","WebAppSanityPackage.ProfileAppClass","keepZipcodeBlankAndSave","Keep Zipcode blank and save → Should show validation error",""
"passed","Tue Jun 30 20:54:13 UTC 2026","Tue Jun 30 20:54:18 UTC 2026","4931","HabitNuWebAppSuite","3. Nutrition and Recipes","WebAppSanityPackage.WebAppClass","WebAppSanityPackage.WebAppClass","case7","Create Custom Food Item",""
"passed","Tue Jun 30 20:20:26 UTC 2026","Tue Jun 30 20:20:26 UTC 2026","136","HabitNuWebAppSuite","1. Core and Authentication","WebAppSanityPackage.ProfileAppClass","WebAppSanityPackage.ProfileAppClass","keepZipcode4digitsAndSave","Keep Zipcode with 4 numbers and save → Should show validation error",""
"passed","Tue Jun 30 20:16:33 UTC 2026","Tue Jun 30 20:16:34 UTC 2026","315","HabitNuWebAppSuite","1. Core and Authentication","WebAppSanityPackage.HomePage","WebAppSanityPackage.HomePage","testNotificationPanelContentAndFunctionality","Verify that the notification panel opens, shows Mark All as Read, and contains notifications with message text.",""
"passed","Tue Jun 30 20:46:36 UTC 2026","Tue Jun 30 20:46:45 UTC 2026","9011","HabitNuWebAppSuite","3. Nutrition and Recipes","WebAppSanityPackage.habiRecipe","WebAppSanityPackage.habiRecipe","case18_SetMacronutrientPreferences","Configure Macronutrient Preferences",""
"passed","Tue Jun 30 21:00:17 UTC 2026","Tue Jun 30 21:00:20 UTC 2026","3403","HabitNuWebAppSuite","4. Lifestyle and Social","WebAppSanityPackage.DiscussAppClass","WebAppSanityPackage.DiscussAppClass","case5","Upload a message with subject, description, and file (should allow uploading)",""
"passed","Tue Jun 30 20:43:12 UTC 2026","Tue Jun 30 20:43:13 UTC 2026","522","HabitNuWebAppSuite","3. Nutrition and Recipes","WebAppSanityPackage.waterLog","WebAppSanityPackage.waterLog","case8","Custom again Water Log",""
"passed","Tue Jun 30 20:32:39 UTC 2026","Tue Jun 30 20:32:42 UTC 2026","3262","HabitNuWebAppSuite","2. Health Metrics","WebAppSanityPackage.Hba1c","WebAppSanityPackage.Hba1c","editTargetButDoNotSave","edit target values and do click on 'x' mark and do not save",""
"passed","Tue Jun 30 20:20:46 UTC 2026","Tue Jun 30 20:20:46 UTC 2026","257","HabitNuWebAppSuite","1. Core and Authentication","WebAppSanityPackage.ProfileAppClass","WebAppSanityPackage.ProfileAppClass","validateHealthParametersFields","Validate presence and absence of fields in Health Parameters section",""
"passed","Tue Jun 30 20:58:04 UTC 2026","Tue Jun 30 20:58:16 UTC 2026","12756","HabitNuWebAppSuite","4. Lifestyle and Social","WebAppSanityPackage.HabitsAppClass","WebAppSanityPackage.HabitsAppClass","case17","Click on Active Habits dropdown",""
"broken","Tue Jun 30 20:26:52 UTC 2026","Tue Jun 30 20:27:05 UTC 2026","13856","HabitNuWebAppSuite","2. Health Metrics","WebAppSanityPackage.BloodPressure_Section","WebAppSanityPackage.BloodPressure_Section","case16_addHistoricalBloodPressureData","[MODAL] Open Blood Pressure modal and add historical data with date picker and form validation",""
"passed","Tue Jun 30 21:00:26 UTC 2026","Tue Jun 30 21:00:30 UTC 2026","3349","HabitNuWebAppSuite","4. Lifestyle and Social","WebAppSanityPackage.DiscussAppClass","WebAppSanityPackage.DiscussAppClass","case7","Upload a message with description and add file (should upload the file)",""
"passed","Tue Jun 30 20:50:14 UTC 2026","Tue Jun 30 20:50:14 UTC 2026","154","HabitNuWebAppSuite","3. Nutrition and Recipes","WebAppSanityPackage.recipeBuilder","WebAppSanityPackage.recipeBuilder","clearSearchBar","Verify Search Results Are Cleared When Search Text Is Removed",""
"passed","Tue Jun 30 20:32:53 UTC 2026","Tue Jun 30 20:32:53 UTC 2026","149","HabitNuWebAppSuite","2. Health Metrics","WebAppSanityPackage.Medication","WebAppSanityPackage.Medication","case5","Creating new Medications details like selecting Type/Form.",""
"passed","Tue Jun 30 20:20:02 UTC 2026","Tue Jun 30 20:20:04 UTC 2026","1963","HabitNuWebAppSuite","1. Core and Authentication","WebAppSanityPackage.ProfileAppClass","WebAppSanityPackage.ProfileAppClass","clearDOBAndSave","Clear DOB field and save → should save or ignore gracefully",""
"passed","Tue Jun 30 20:33:41 UTC 2026","Tue Jun 30 20:33:45 UTC 2026","4143","HabitNuWebAppSuite","2. Health Metrics","WebAppSanityPackage.Medication","WebAppSanityPackage.Medication","Case18addValidMedicationName","TC11: Add valid Medication name and save",""
"passed","Tue Jun 30 20:47:52 UTC 2026","Tue Jun 30 20:47:59 UTC 2026","6959","HabitNuWebAppSuite","3. Nutrition and Recipes","WebAppSanityPackage.habiRecipe","WebAppSanityPackage.habiRecipe","case24_LogMicronutrientRecipe","Log Recipe Generated from Micronutrient Preferences",""
"passed","Tue Jun 30 20:32:53 UTC 2026","Tue Jun 30 20:32:53 UTC 2026","128","HabitNuWebAppSuite","2. Health Metrics","WebAppSanityPackage.Medication","WebAppSanityPackage.Medication","case3","Adding Strength",""
"passed","Tue Jun 30 20:32:55 UTC 2026","Tue Jun 30 20:32:56 UTC 2026","913","HabitNuWebAppSuite","2. Health Metrics","WebAppSanityPackage.Medication","WebAppSanityPackage.Medication","case9","Creating new Medications details like selecting add time (What time(s) do you want to take this medication?",""
"passed","Tue Jun 30 21:01:23 UTC 2026","Tue Jun 30 21:01:24 UTC 2026","852","HabitNuWebAppSuite","4. Lifestyle and Social","WebAppSanityPackage.Weights_lbs_Kgs","WebAppSanityPackage.Weights_lbs_Kgs","case8","Set Targets with Unit Toggle and store selected unit",""
"broken","Tue Jun 30 20:30:32 UTC 2026","Tue Jun 30 20:30:43 UTC 2026","11157","HabitNuWebAppSuite","2. Health Metrics","WebAppSanityPackage.WebAppHealth_WeightSection","WebAppSanityPackage.WebAppHealth_WeightSection","case11","Add data and edit",""
"passed","Tue Jun 30 20:40:36 UTC 2026","Tue Jun 30 20:40:46 UTC 2026","10068","HabitNuWebAppSuite","3. Nutrition and Recipes","WebAppSanityPackage.foodGrouping","WebAppSanityPackage.foodGrouping","case14","Add Food Item to Dinner Section",""
"passed","Tue Jun 30 20:21:44 UTC 2026","Tue Jun 30 20:21:44 UTC 2026","249","HabitNuWebAppSuite","1. Core and Authentication","WebAppSanityPackage.ProfileAppClass","WebAppSanityPackage.ProfileAppClass","case78","Click On change password section",""
"passed","Tue Jun 30 20:17:03 UTC 2026","Tue Jun 30 20:18:07 UTC 2026","64673","HabitNuWebAppSuite","1. Core and Authentication","WebAppSanityPackage.HomePage","WebAppSanityPackage.HomePage","deleteFoodLogsForPreviousDays","Verify that food logs can be deleted for current week dates across all meal sections.",""
"broken","Tue Jun 30 20:35:23 UTC 2026","Tue Jun 30 20:35:33 UTC 2026","10447","HabitNuWebAppSuite","2. Health Metrics","WebAppSanityPackage.ExerciseSection","WebAppSanityPackage.ExerciseSection","case8","verify negative data in exercise section",""
"failed","Tue Jun 30 20:16:59 UTC 2026","Tue Jun 30 20:17:02 UTC 2026","2772","HabitNuWebAppSuite","1. Core and Authentication","WebAppSanityPackage.HomePage","WebAppSanityPackage.HomePage","testFitnessVideoPage","Verify that the Fitness Videos page shows header, categories, and video items with required details.",""
"passed","Tue Jun 30 20:50:36 UTC 2026","Tue Jun 30 20:50:36 UTC 2026","15","HabitNuWebAppSuite","3. Nutrition and Recipes","WebAppSanityPackage.recipeBuilder","WebAppSanityPackage.recipeBuilder","verifyFavoriteRecipesByRecipeName","Verify Favorite Recipes Display Recipe Name Correctly",""
"passed","Tue Jun 30 20:51:16 UTC 2026","Tue Jun 30 20:51:16 UTC 2026","129","HabitNuWebAppSuite","3. Nutrition and Recipes","WebAppSanityPackage.recipeBuilder","WebAppSanityPackage.recipeBuilder","verifyRemoveFavorites_from_recipeView_page","Verify User Can Remove Favorite From Recipe Detail Page",""
"passed","Tue Jun 30 20:51:16 UTC 2026","Tue Jun 30 20:51:28 UTC 2026","11747","HabitNuWebAppSuite","3. Nutrition and Recipes","WebAppSanityPackage.recipeBuilder","WebAppSanityPackage.recipeBuilder","addRecipeToFavorites","Verify User Can Add Recipe to Favorites Using Three-Dot Menu",""
"passed","Tue Jun 30 20:36:18 UTC 2026","Tue Jun 30 20:36:22 UTC 2026","4639","HabitNuWebAppSuite","2. Health Metrics","WebAppSanityPackage.TobaccoSection","WebAppSanityPackage.TobaccoSection","case9_editTargetButDoNotSave","edit target values and do click on 'x' mark and do not save",""
"passed","Tue Jun 30 20:55:19 UTC 2026","Tue Jun 30 20:55:19 UTC 2026","8","HabitNuWebAppSuite","3. Nutrition and Recipes","WebAppSanityPackage.WebAppClass","WebAppSanityPackage.WebAppClass","Case_28check_the_link_in_log","Verify Nutritional Details Pop-up",""
"passed","Tue Jun 30 20:44:22 UTC 2026","Tue Jun 30 20:44:27 UTC 2026","5020","HabitNuWebAppSuite","3. Nutrition and Recipes","WebAppSanityPackage.habiRecipe","WebAppSanityPackage.habiRecipe","case6_SetDietaryRestrictionsPreferences","Configure Dietary Restrictions Preference",""
"passed","Tue Jun 30 20:20:31 UTC 2026","Tue Jun 30 20:20:32 UTC 2026","358","HabitNuWebAppSuite","1. Core and Authentication","WebAppSanityPackage.ProfileAppClass","WebAppSanityPackage.ProfileAppClass","validateContactDetailsFields","Validate presence and absence of fields in Contact Details section",""
"passed","Tue Jun 30 20:34:45 UTC 2026","Tue Jun 30 20:34:45 UTC 2026","341","HabitNuWebAppSuite","2. Health Metrics","WebAppSanityPackage.ExerciseSection","WebAppSanityPackage.ExerciseSection","setTargetMoreThan99","enter target more than 1440 and assert messages",""
"passed","Tue Jun 30 20:56:52 UTC 2026","Tue Jun 30 20:57:06 UTC 2026","13864","HabitNuWebAppSuite","4. Lifestyle and Social","WebAppSanityPackage.HabitsAppClass","WebAppSanityPackage.HabitsAppClass","case3","Click on backward arrowmark",""
"passed","Tue Jun 30 20:15:08 UTC 2026","Tue Jun 30 20:15:11 UTC 2026","3328","HabitNuWebAppSuite","1. Core and Authentication","WebAppSanityPackage.Login","WebAppSanityPackage.Login","testEmailCaseInsensitive","Validate case-insensitive email handling and assert auth error message contains: 'Login Information is Incorrect'.",""
"passed","Tue Jun 30 20:28:22 UTC 2026","Tue Jun 30 20:28:31 UTC 2026","8956","HabitNuWebAppSuite","2. Health Metrics","WebAppSanityPackage.Sugar_Section","WebAppSanityPackage.Sugar_Section","case5","Click on Blood Sugar , click on add new button and add Blood Sugar fasting for current year current date -1 ",""
"passed","Tue Jun 30 20:39:07 UTC 2026","Tue Jun 30 20:39:15 UTC 2026","8022","HabitNuWebAppSuite","3. Nutrition and Recipes","WebAppSanityPackage.foodGrouping","WebAppSanityPackage.foodGrouping","case4","Add My Meal to Breakfast",""
"passed","Tue Jun 30 20:48:57 UTC 2026","Tue Jun 30 20:49:04 UTC 2026","6546","HabitNuWebAppSuite","3. Nutrition and Recipes","WebAppSanityPackage.habiRecipe","WebAppSanityPackage.habiRecipe","case28_LogLocalFoodRecipe","Log Recipe Generated from Local Food Preferences",""
"passed","Tue Jun 30 20:32:54 UTC 2026","Tue Jun 30 20:32:54 UTC 2026","250","HabitNuWebAppSuite","2. Health Metrics","WebAppSanityPackage.Medication","WebAppSanityPackage.Medication","case7","Creating new Medications details like selecting Frequency ",""
"passed","Tue Jun 30 20:27:28 UTC 2026","Tue Jun 30 20:27:28 UTC 2026","481","HabitNuWebAppSuite","2. Health Metrics","WebAppSanityPackage.BloodPressure_Section","WebAppSanityPackage.BloodPressure_Section","case21_verifyRequiredFieldValidation","[MODAL] Verify required field validation when submitting form with empty systolic and diastolic inputs",""
"passed","Tue Jun 30 20:19:22 UTC 2026","Tue Jun 30 20:19:34 UTC 2026","12296","HabitNuWebAppSuite","1. Core and Authentication","WebAppSanityPackage.HomePage","WebAppSanityPackage.HomePage","testWeightLossProgressCardAndValidation","Verify that Weight Loss Progress card and related values update after adding a new weight entry.",""
"broken","Tue Jun 30 20:26:18 UTC 2026","Tue Jun 30 20:26:28 UTC 2026","10175","HabitNuWebAppSuite","2. Health Metrics","WebAppSanityPackage.BloodPressure_Section","WebAppSanityPackage.BloodPressure_Section","case12_editTargetWithGreaterThan250","[MAIN CARD] Verify target edit validation error when entering systolic value greater than 250",""
"passed","Tue Jun 30 20:29:00 UTC 2026","Tue Jun 30 20:29:02 UTC 2026","2107","HabitNuWebAppSuite","2. Health Metrics","WebAppSanityPackage.Sugar_Section","WebAppSanityPackage.Sugar_Section","case11","verify added today data in Blood Sugar section as Before Meal",""
"passed","Tue Jun 30 20:35:59 UTC 2026","Tue Jun 30 20:36:13 UTC 2026","13730","HabitNuWebAppSuite","2. Health Metrics","WebAppSanityPackage.TobaccoSection","WebAppSanityPackage.TobaccoSection","Case1_noTargetSet","verify no target case",""
"passed","Tue Jun 30 20:19:49 UTC 2026","Tue Jun 30 20:19:49 UTC 2026","178","HabitNuWebAppSuite","1. Core and Authentication","WebAppSanityPackage.ProfileAppClass","WebAppSanityPackage.ProfileAppClass","firstNameBlankValidation","Leave first name blank → show error",""
