"Status","Start Time","Stop Time","Duration in ms","Parent Suite","Suite","Sub Suite","Test Class","Test Method","Name","Description"
"passed","Wed Mar 25 22:06:15 UTC 2026","Wed Mar 25 22:06:18 UTC 2026","2152","HabitNuCoachPortalSuite","Paywal","CoachesPortal.payWall","CoachesPortal.payWall","testFilterTransactions","COP-T400: Validate all transaction filters",""
"broken","Wed Mar 25 21:41:18 UTC 2026","Wed Mar 25 21:41:19 UTC 2026","440","HabitNuCoachPortalSuite","HabitNuCoachesPortalRegression-PartB","CoachesPortal.PatientDetails.PatientProfileDemographic","CoachesPortal.PatientDetails.PatientProfileDemographic","updateverifyProgramDetailsWithIsActive","test1 > Given I am logged in as coach, update patientId and payertype","test1 > Given I am logged in as coach, update patientId and payertype"
"failed","Wed Mar 25 22:54:38 UTC 2026","Wed Mar 25 22:54:38 UTC 2026","231","HabitNuCoachPortalSuite","DifferentTypeOfDashboards","CoachesPortal.CohortLevelDashboard.OnsiteCohortDashboard","CoachesPortal.CohortLevelDashboard.OnsiteCohortDashboard","sessionAttendanceGraph","test1 > Given I am logged in as coach, I am validating onsite cohort 'sessionAttendanceGraph","test1 > Given I am logged in as coach, I am validating onsite cohort 'sessionAttendanceGraph"
"passed","Wed Mar 25 20:49:37 UTC 2026","Wed Mar 25 20:49:44 UTC 2026","6973","HabitNuCoachPortalSuite","HabitNuCoachesPortalRegression-PartA","CoachesPortal.CohortLevelDashboard.CohortLevelDashboardPage","CoachesPortal.CohortLevelDashboard.CohortLevelDashboardPage","case31","Payer Type graph- tooltip extraction.",""
"passed","Wed Mar 25 22:47:52 UTC 2026","Wed Mar 25 22:47:52 UTC 2026","82","HabitNuCoachPortalSuite","FeatureFlags","CoachesPortal.FeatureFlags","CoachesPortal.FeatureFlags","test7_navigatingflag","And user is able to navigating the flag details section",""
"skipped","Wed Mar 25 22:07:21 UTC 2026","Wed Mar 25 22:07:21 UTC 2026","1","HabitNuCoachPortalSuite","Paywal","CoachesPortal.payWall","CoachesPortal.payWall","testVerifyLinkedPlanDisplays","COP-T407: Validate linked plan displays in Program details",""
"skipped","Wed Mar 25 22:35:53 UTC 2026","Wed Mar 25 22:35:53 UTC 2026","1","HabitNuCoachPortalSuite","Milestones","CoachesPortal.MilestoneModule.SoleraIBCorNDPP","CoachesPortal.MilestoneModule.SoleraIBCorNDPP","test5","Given I have achieved M0 & M1 now, When I achieve Weekly Meaningful Engagement for week2, Then I should be marked as having achieved milestone M2",""
"broken","Wed Mar 25 20:57:49 UTC 2026","Wed Mar 25 20:58:52 UTC 2026","63428","HabitNuCoachPortalSuite","HabitNuCoachesPortalRegression-PartA","CoachesPortal.LearnModule.Learn","CoachesPortal.LearnModule.Learn","editCourseContent","edit course content",""
"passed","Wed Mar 25 21:15:05 UTC 2026","Wed Mar 25 21:15:06 UTC 2026","1251","HabitNuCoachPortalSuite","HabitNuCoachesPortalRegression-PartA","CoachesPortal.DiscussionForumPage","CoachesPortal.DiscussionForumPage","case21","test1 > Given I am logged in as admin, I am validating Edit Post-Remove File.","test1 > Given I am logged in as admin, I am validating Edit Post-Remove File."
"broken","Wed Mar 25 22:20:42 UTC 2026","Wed Mar 25 22:20:43 UTC 2026","201","HabitNuCoachPortalSuite","LoginPageCases","CoachesPortal.LoginPageCases","CoachesPortal.LoginPageCases","case13","Coaches Portal Feedback URL -> Add valid email address -> Keep other fields empty -> Click on submit feedback",""
"passed","Wed Mar 25 21:14:06 UTC 2026","Wed Mar 25 21:14:07 UTC 2026","1248","HabitNuCoachPortalSuite","HabitNuCoachesPortalRegression-PartA","CoachesPortal.DiscussionForumPage","CoachesPortal.DiscussionForumPage","verifyFileIsOpenedOnClickingViewButton","test1 > Given I am logged in as admin, I am validating verify file opened on clicking view button","test1 > Given I am logged in as admin, I am validating verify file opened on clicking view button"
"passed","Wed Mar 25 22:37:58 UTC 2026","Wed Mar 25 22:37:59 UTC 2026","1555","HabitNuCoachPortalSuite","Milestones","CoachesPortal.VAMilestone","CoachesPortal.VAMilestone","test3_currentcohort_dashboard","And user is navigated to current cohort dashboard",""
"failed","Wed Mar 25 22:51:23 UTC 2026","Wed Mar 25 22:51:34 UTC 2026","10647","HabitNuCoachPortalSuite","DifferentTypeOfDashboards","CoachesPortal.CohortLevelDashboard.OnlineCohortDashboard","CoachesPortal.CohortLevelDashboard.OnlineCohortDashboard","male_female_card_with_update_to_female","test1 > Given I am logged in as coach, I am validating online cohort 'dashboard-card=male_female_card_with_update_to_female","test1 > Given I am logged in as coach, I am validating online cohort 'dashboard-card=male_female_card_with_update_to_female"
"failed","Wed Mar 25 21:33:07 UTC 2026","Wed Mar 25 21:33:10 UTC 2026","3094","HabitNuCoachPortalSuite","HabitNuCoachesPortalRegression-PartB","CoachesPortal.OnsiteUsersListDashboard","CoachesPortal.OnsiteUsersListDashboard","case44","test1 > Given I am logged in as customerAdmin, validate disenrolled date on list page","test1 > Given I am logged in as customerAdmin, validate disenrolled date on list page"
"passed","Wed Mar 25 22:03:04 UTC 2026","Wed Mar 25 22:03:08 UTC 2026","4530","HabitNuCoachPortalSuite","Scheduler","CoachesPortal.Schedular","CoachesPortal.Schedular","clickOnSchedular","test1 > Given I am logged in as admin, wehn I click on Scheduler module, Then I should be taken to meeting time slot pick up page","admin login - clicking on scheduler should open the scheduler page in coaches portal"
"broken","Wed Mar 25 21:22:11 UTC 2026","Wed Mar 25 21:22:31 UTC 2026","20178","HabitNuCoachPortalSuite","HabitNuCoachesPortalRegression-PartA","CoachesPortal.DiscussionForumPage","CoachesPortal.DiscussionForumPage","case1","test1 > Given I am logged in as customerAdmin, I am validating Coaches - Discussions module","test1 > Given I am logged in as customerAdmin, I am validating - Discussions module"
"broken","Wed Mar 25 21:54:10 UTC 2026","Wed Mar 25 21:54:49 UTC 2026","38653","HabitNuCoachPortalSuite","UserActivities","CoachesPortal.PatientDetails.UserActivitiesBloodSugar","CoachesPortal.PatientDetails.UserActivitiesBloodSugar","verifyBloodSugarInCoachPortal","Verify user as Ethelyn in useractivities tab added current date blood sugar fasting ,before meal and after meal",""
"passed","Wed Mar 25 22:47:27 UTC 2026","Wed Mar 25 22:47:35 UTC 2026","7820","HabitNuCoachPortalSuite","UserDashboard","CoachesPortal.PatientDashboard","CoachesPortal.PatientDashboard","Last_BeforeMeal_Blood_Sugar","test20 > Given I am logged in as admin, wehn I am on Participants dashboard page, when I add bloodsugar BEFORE-MEAL type, Then I should be able to see the added data on dashboard card==Last_BeforeMeal_Blood_Sugar","admin login - clicking on scheduler should open the scheduler page in coaches portal"
"passed","Wed Mar 25 21:15:17 UTC 2026","Wed Mar 25 21:17:34 UTC 2026","136491","HabitNuCoachPortalSuite","HabitNuCoachesPortalRegression-PartA","CoachesPortal.DiscussionForumPage","CoachesPortal.DiscussionForumPage","case27","test1 > Given I am logged in as admin, I am validating add max number of pinned posts(20).","test1 > Given I am logged in as admin, I am validating add max number of pinned posts(20)."
"passed","Wed Mar 25 22:05:43 UTC 2026","Wed Mar 25 22:05:47 UTC 2026","3113","HabitNuCoachPortalSuite","Paywal","CoachesPortal.payWall","CoachesPortal.payWall","testFilterSubscriptions","COP-T397–399: Validate subscription filters",""
"passed","Wed Mar 25 21:45:21 UTC 2026","Wed Mar 25 21:45:21 UTC 2026","6","HabitNuCoachPortalSuite","HabitNuCoachesPortalRegression-PartB","CoachesPortal.PatientDetails.PatientProfileDemographic","CoachesPortal.PatientDetails.PatientProfileDemographic","updatelastName","test1 > Given I am logged in as coach, Last Name","test1 > Given I am logged in as coach, Last Name"
"passed","Wed Mar 25 22:03:18 UTC 2026","Wed Mar 25 22:03:26 UTC 2026","7888","HabitNuCoachPortalSuite","Scheduler","CoachesPortal.Schedular","CoachesPortal.Schedular","editAppointment","test4 >  Given I am logged in as admin, and on time slot page, When I click on created appointment, Then I should be able to see edit appointment page with edit button, When I click on it and edit details, Then I should be able to save it","admin login - User should be able to edit and save appointment"
"broken","Wed Mar 25 22:22:59 UTC 2026","Wed Mar 25 22:23:15 UTC 2026","16071","HabitNuCoachPortalSuite","LogClassSession","CoachesPortal.LogClassSection","CoachesPortal.LogClassSection","verifylogClassDataonDashboard_WeightHistory","Add weight,attendance date and PA And LF And MUP In Distance Learning",""
"passed","Wed Mar 25 20:49:51 UTC 2026","Wed Mar 25 20:49:53 UTC 2026","1625","HabitNuCoachPortalSuite","HabitNuCoachesPortalRegression-PartA","CoachesPortal.LearnModule.Learn","CoachesPortal.LearnModule.Learn","verifyLandingPageWhichIsProgramsHeadlined","Verify CustomerAdmin now lands on Course configuration page (Programs)",""
"passed","Wed Mar 25 22:47:06 UTC 2026","Wed Mar 25 22:47:07 UTC 2026","747","HabitNuCoachPortalSuite","UserDashboard","CoachesPortal.PatientDashboard","CoachesPortal.PatientDashboard","videoActivity","test13 > Given I am logged in as admin, when I am on watching a video by logging into user app, Then I should be able to see watched Video progress data on VideoActivity graph","admin login - user/patient/partcipant dashboard validation"
"passed","Wed Mar 25 22:05:55 UTC 2026","Wed Mar 25 22:05:56 UTC 2026","800","HabitNuCoachPortalSuite","Paywal","CoachesPortal.payWall","CoachesPortal.payWall","testViewTransactionDetails","COP-T401: View transaction details",""
"passed","Wed Mar 25 22:57:34 UTC 2026","Wed Mar 25 22:57:34 UTC 2026","57","HabitNuCoachPortalSuite","DifferentTypeOfDashboards","CoachesPortal.CohortLevelDashboard.DSMEDashboardCoachesPortal","CoachesPortal.CohortLevelDashboard.DSMEDashboardCoachesPortal","test18_verifyWeightLossByPatientsWithallPosibleActions","Verify Weight Loss by Patients dropdown card with possible options listed",""
"broken","Wed Mar 25 21:26:58 UTC 2026","Wed Mar 25 21:27:19 UTC 2026","20582","HabitNuCoachPortalSuite","HabitNuCoachesPortalRegression-PartA","CoachesPortal.DirectMessage","CoachesPortal.DirectMessage","sendMessageToPatient_2","send a message to second participant in the list, and use ENTER button from keyboard to simulate message submission and validate message==null. ",""
"passed","Wed Mar 25 21:19:27 UTC 2026","Wed Mar 25 21:19:29 UTC 2026","1330","HabitNuCoachPortalSuite","HabitNuCoachesPortalRegression-PartA","CoachesPortal.DiscussionForumPage","CoachesPortal.DiscussionForumPage","case19","test1 > Given I am logged in as coach, I am validating Edit Post- Description only- Success","test1 > Given I am logged in as coach, I am validating Edit Post- Description only- Success"
"passed","Wed Mar 25 21:34:14 UTC 2026","Wed Mar 25 21:34:14 UTC 2026","250","HabitNuCoachPortalSuite","HabitNuCoachesPortalRegression-PartB","CoachesPortal.OnsiteUsersListDashboard","CoachesPortal.OnsiteUsersListDashboard","case49","test1 > Given I am logged in as customerAdmin, enroll user but click - YES","test1 > Given I am logged in as customerAdmin, enroll user but click - YES"
"broken","Wed Mar 25 20:47:30 UTC 2026","Wed Mar 25 20:47:46 UTC 2026","16346","HabitNuCoachPortalSuite","HabitNuCoachesPortalRegression-PartA","CoachesPortal.CohortLevelDashboard.CohortLevelDashboardPage","CoachesPortal.CohortLevelDashboard.CohortLevelDashboardPage","case16","Nutrition Details Displayed Successfully Test Case.",""
"broken","Wed Mar 25 22:46:49 UTC 2026","Wed Mar 25 22:46:57 UTC 2026","7969","HabitNuCoachPortalSuite","UserDashboard","CoachesPortal.PatientDashboard","CoachesPortal.PatientDashboard","hbA1cHistory","test7 > Given I am logged in as admin, wehn I am on adding hba1c from user Dashboard, Then I should be able to see added hba1c on Hba1c graph","admin login - user/patient/partcipant dashboard validation"
"skipped","Wed Mar 25 22:08:23 UTC 2026","Wed Mar 25 22:08:23 UTC 2026","0","HabitNuCoachPortalSuite","Paywal","CoachesPortal.payWall","CoachesPortal.payWall","testProgramPlanReordering","COP-T420-T423: Verify reordering plans and validate persistence",""
"broken","Wed Mar 25 21:12:41 UTC 2026","Wed Mar 25 21:12:41 UTC 2026","65","HabitNuCoachPortalSuite","HabitNuCoachesPortalRegression-PartA","CoachesPortal.LearnModule.CustomerAdminCourseDocument","CoachesPortal.LearnModule.CustomerAdminCourseDocument","verifyVideoEditAndClose","Video Edit and Close",""
"passed","Wed Mar 25 21:44:09 UTC 2026","Wed Mar 25 21:44:09 UTC 2026","50","HabitNuCoachPortalSuite","HabitNuCoachesPortalRegression-PartB","CoachesPortal.PatientDetails.PatientProfileDemographic","CoachesPortal.PatientDetails.PatientProfileDemographic","verifyCallDetails","test1 > Given I am logged in as coach, verifyCallDetails","test1 > Given I am logged in as coach, verifyCallDetails"
"passed","Wed Mar 25 21:23:10 UTC 2026","Wed Mar 25 21:23:35 UTC 2026","25243","HabitNuCoachPortalSuite","HabitNuCoachesPortalRegression-PartA","CoachesPortal.DiscussionForumPage","CoachesPortal.DiscussionForumPage","case15","test1 > Given I am logged in as customerAdmin, I am validating upload upto 5 files.","test1 > Given I am logged in as customerAdmin, I am validating upload upto 5 files. "
"failed","Wed Mar 25 21:56:42 UTC 2026","Wed Mar 25 21:56:54 UTC 2026","12423","HabitNuCoachPortalSuite","UserActivities","CoachesPortal.PatientDetails.UserActivitiesBloodSugar","CoachesPortal.PatientDetails.UserActivitiesBloodSugar","verifyUserData_on_coachesPortal","Verify user data added on web on coaches portal",""
"passed","Wed Mar 25 22:20:12 UTC 2026","Wed Mar 25 22:20:12 UTC 2026","18","HabitNuCoachPortalSuite","ProjectPowerDashboard","CoachesPortal.ProjectPowerDashboard","CoachesPortal.ProjectPowerDashboard","verifyDemographicsIRW","Demographics page - Initial Reported Weight",""
"passed","Wed Mar 25 21:59:06 UTC 2026","Wed Mar 25 21:59:23 UTC 2026","16945","HabitNuCoachPortalSuite","Scheduler","CoachesPortal.Schedular","CoachesPortal.Schedular","rescheduleMeeting","test6 >  Given I am logged in as coach, and on time slot page, When I click on created appointment, Then I should see Reschedule button, When I click on it and submit details, Then I should be able to save it","coach login - User should be able to reschedule appointment"
"passed","Wed Mar 25 21:45:21 UTC 2026","Wed Mar 25 21:45:21 UTC 2026","9","HabitNuCoachPortalSuite","HabitNuCoachesPortalRegression-PartB","CoachesPortal.PatientDetails.PatientProfileDemographic","CoachesPortal.PatientDetails.PatientProfileDemographic","updateCurrentGender","test1 > Given I am logged in as coach, Current Gender","test1 > Given I am logged in as coach, Current Gender"
"broken","Wed Mar 25 22:49:35 UTC 2026","Wed Mar 25 22:49:57 UTC 2026","21491","HabitNuCoachPortalSuite","FeatureFlags","CoachesPortal.FeatureFlags","CoachesPortal.FeatureFlags","test17_addrulesforcohort_multipletimes","And user is able to add the rule for cohort level multiple times",""
"passed","Wed Mar 25 22:16:19 UTC 2026","Wed Mar 25 22:16:28 UTC 2026","9220","HabitNuCoachPortalSuite","HabitNuCoachesPortalRegression-PartC","CoachesPortal.PatientDetails.PatientProfilePayerType","CoachesPortal.PatientDetails.PatientProfilePayerType","deletePayerTypes","verify PayerType can be deleted",""
"passed","Wed Mar 25 22:05:31 UTC 2026","Wed Mar 25 22:05:35 UTC 2026","3774","HabitNuCoachPortalSuite","Paywal","CoachesPortal.payWall","CoachesPortal.payWall","testFilterSubscriptions","COP-T397–399: Validate subscription filters",""
"broken","Wed Mar 25 21:06:30 UTC 2026","Wed Mar 25 21:06:30 UTC 2026","64","HabitNuCoachPortalSuite","HabitNuCoachesPortalRegression-PartA","CoachesPortal.LearnModule.CustomerAdminCourseDocument","CoachesPortal.LearnModule.CustomerAdminCourseDocument","verifyLinkPublishCancelAndConfirm","Link Publish Cancel And Confirm",""
"broken","Wed Mar 25 20:58:52 UTC 2026","Wed Mar 25 20:59:56 UTC 2026","63413","HabitNuCoachPortalSuite","HabitNuCoachesPortalRegression-PartA","CoachesPortal.LearnModule.Learn","CoachesPortal.LearnModule.Learn","deleteCourseContent","delete course content",""
"passed","Wed Mar 25 22:20:37 UTC 2026","Wed Mar 25 22:20:37 UTC 2026","133","HabitNuCoachPortalSuite","LoginPageCases","CoachesPortal.LoginPageCases","CoachesPortal.LoginPageCases","testLoginWithValidEmailAndEmptyPassword","try login with valid email and empty password",""
"passed","Wed Mar 25 22:18:00 UTC 2026","Wed Mar 25 22:18:10 UTC 2026","9748","HabitNuCoachPortalSuite","ProjectPowerDashboard","CoachesPortal.ProjectPowerDashboard","CoachesPortal.ProjectPowerDashboard","verifyM1GraphwithfilterAsCustom","verifyM1GraphwithfilterAsCustom",""
"passed","Wed Mar 25 22:17:23 UTC 2026","Wed Mar 25 22:18:00 UTC 2026","37500","HabitNuCoachPortalSuite","ProjectPowerDashboard","CoachesPortal.ProjectPowerDashboard","CoachesPortal.ProjectPowerDashboard","verifyM1GraphwithfilterAsAllTime","verifyM1GraphwithfilterAsAllTime",""
"passed","Wed Mar 25 21:23:35 UTC 2026","Wed Mar 25 21:23:41 UTC 2026","5242","HabitNuCoachPortalSuite","HabitNuCoachesPortalRegression-PartA","CoachesPortal.DiscussionForumPage","CoachesPortal.DiscussionForumPage","case16","test1 > Given I am logged in as customerAdmin, I am validating upload upto 5 files with Description- Success.","test1 > Given I am logged in as customerAdmin, I am validating upload upto 5 files with Description- Success."
"passed","Wed Mar 25 22:20:43 UTC 2026","Wed Mar 25 22:20:44 UTC 2026","375","HabitNuCoachPortalSuite","LoginPageCases","CoachesPortal.LoginPageCases","CoachesPortal.LoginPageCases","case16","Coaches Portal Login URL -> Click on Privacy Policy Link",""
"passed","Wed Mar 25 22:51:43 UTC 2026","Wed Mar 25 22:51:43 UTC 2026","41","HabitNuCoachPortalSuite","DifferentTypeOfDashboards","CoachesPortal.CohortLevelDashboard.OnlineCohortDashboard","CoachesPortal.CohortLevelDashboard.OnlineCohortDashboard","coachName","test1 > Given I am logged in as coach, I am validating online cohort 'dashboard-card=coachName","test1 > Given I am logged in as coach, I am validating online cohort 'dashboard-card=coachName"
"passed","Wed Mar 25 22:24:29 UTC 2026","Wed Mar 25 22:24:30 UTC 2026","955","HabitNuCoachPortalSuite","GroupDPPClassPlanner","CoachesPortal.ClassPlanner","CoachesPortal.ClassPlanner","case7","Create the TEXT cards under the list",""
"passed","Wed Mar 25 22:31:10 UTC 2026","Wed Mar 25 22:31:10 UTC 2026","5","HabitNuCoachPortalSuite","GroupDPPClassPlanner","CoachesPortal.ClassPlanner","CoachesPortal.ClassPlanner","case33","validate user is able to view notes",""
"passed","Wed Mar 25 22:06:12 UTC 2026","Wed Mar 25 22:06:13 UTC 2026","889","HabitNuCoachPortalSuite","Paywal","CoachesPortal.payWall","CoachesPortal.payWall","testFilterTransactions","COP-T400: Validate all transaction filters",""
"broken","Wed Mar 25 21:07:11 UTC 2026","Wed Mar 25 21:07:52 UTC 2026","40947","HabitNuCoachPortalSuite","HabitNuCoachesPortalRegression-PartA","CoachesPortal.LearnModule.CustomerAdminCourseDocument","CoachesPortal.LearnModule.CustomerAdminCourseDocument","verifyAddDocumentUploadRequired","Add Document upload Required",""
"failed","Wed Mar 25 22:51:06 UTC 2026","Wed Mar 25 22:51:06 UTC 2026","177","HabitNuCoachPortalSuite","DifferentTypeOfDashboards","CoachesPortal.CohortLevelDashboard.OnlineCohortDashboard","CoachesPortal.CohortLevelDashboard.OnlineCohortDashboard","case4","test1 > Given I am logged in as coach, I am validating online cohort 'Weight Loss By Participants validation on graph with ALL option","test1 > Given I am logged in as coach, I am validating online cohort 'Weight Loss By Participants validation on graph with ALL option"
"passed","Wed Mar 25 22:43:35 UTC 2026","Wed Mar 25 22:43:42 UTC 2026","7851","HabitNuCoachPortalSuite","UserDashboard","CoachesPortal.PatientDashboard","CoachesPortal.PatientDashboard","Last_Fasting_Blood_Sugar","test19 > Given I am logged in as coach, wehn I am on Participants dashboard page, when I add bloodsugar FASTING type, Then I should be able to see the added data on dashboard card==Last_Fasting_Blood_Sugar","coach login - clicking on scheduler should open the scheduler page in coaches portal"
"passed","Wed Mar 25 22:05:58 UTC 2026","Wed Mar 25 22:06:00 UTC 2026","2139","HabitNuCoachPortalSuite","Paywal","CoachesPortal.payWall","CoachesPortal.payWall","testFilterTransactions","COP-T400: Validate all transaction filters",""
"passed","Wed Mar 25 22:16:13 UTC 2026","Wed Mar 25 22:16:14 UTC 2026","405","HabitNuCoachPortalSuite","HabitNuCoachesPortalRegression-PartC","CoachesPortal.PatientDetails.PatientProfilePayerType","CoachesPortal.PatientDetails.PatientProfilePayerType","editPayerType","edit PayerType for Ethylen",""
"passed","Wed Mar 25 21:53:34 UTC 2026","Wed Mar 25 21:53:40 UTC 2026","5458","HabitNuCoachPortalSuite","UserActivities","CoachesPortal.PatientDetails.UserActivitiesBloodSugar","CoachesPortal.PatientDetails.UserActivitiesBloodSugar","verifyreadingTimeRequired","Verify reading time required",""
"passed","Wed Mar 25 21:58:34 UTC 2026","Wed Mar 25 21:58:39 UTC 2026","5001","HabitNuCoachPortalSuite","Scheduler","CoachesPortal.Schedular","CoachesPortal.Schedular","clickOnSchedular","test1 > Given I am logged in as coach, wehn I click on Scheduler module, Then I should be taken to meeting time slot pick up page","coach login - clicking on scheduler should open the scheduler page in coaches portal"
"passed","Wed Mar 25 21:51:07 UTC 2026","Wed Mar 25 21:51:09 UTC 2026","2263","HabitNuCoachPortalSuite","HabitNuCoachesPortalRegression-PartB","CoachesPortal.PatientDetails.PatientProfileDemographic","CoachesPortal.PatientDetails.PatientProfileDemographic","verifyConfirmed_By_CoachYes","test1 > Given I am logged in as customer admin, verifyConfirmed_By_Coach by clicking on Yes","test1 > Given I am logged in as customer admin, verifyConfirmed_By_Coach by clicking on Yes"
"passed","Wed Mar 25 21:15:09 UTC 2026","Wed Mar 25 21:15:15 UTC 2026","5794","HabitNuCoachPortalSuite","HabitNuCoachesPortalRegression-PartA","CoachesPortal.DiscussionForumPage","CoachesPortal.DiscussionForumPage","case25","test1 > Given I am logged in as admin, I am validating Comment on pinned post.","test1 > Given I am logged in as admin, I am validating Comment on pinned post."
"broken","Wed Mar 25 21:42:37 UTC 2026","Wed Mar 25 21:43:08 UTC 2026","30953","HabitNuCoachPortalSuite","HabitNuCoachesPortalRegression-PartB","CoachesPortal.PatientDetails.PatientProfileDemographic","CoachesPortal.PatientDetails.PatientProfileDemographic","updateDisenrollmentDetails_with_onlyDisenrolledDateData","test1 > Given I am logged in as coach, try updating DisenrollmentDetails with only diseenrolledDate data","test1 > Given I am logged in as coach, try updating DisenrollmentDetails with only diseenrolledDate data"
"broken","Wed Mar 25 21:34:47 UTC 2026","Wed Mar 25 21:35:18 UTC 2026","30215","HabitNuCoachPortalSuite","HabitNuCoachesPortalRegression-PartB","CoachesPortal.OnsiteUsersListDashboard","CoachesPortal.OnsiteUsersListDashboard","case51","test1 > Given I am logged in as customerAdmin, validate enrolled status under Milestone column - colorcode","test1 > Given I am logged in as customerAdmin, validate enrolled status under Milestone column - colorcode"
"passed","Wed Mar 25 21:26:57 UTC 2026","Wed Mar 25 21:26:58 UTC 2026","969","HabitNuCoachPortalSuite","HabitNuCoachesPortalRegression-PartA","CoachesPortal.DirectMessage","CoachesPortal.DirectMessage","selectPatientToSendMessage","select participants to send a message",""
"passed","Wed Mar 25 22:37:56 UTC 2026","Wed Mar 25 22:37:58 UTC 2026","1839","HabitNuCoachPortalSuite","Milestones","CoachesPortal.VAMilestone","CoachesPortal.VAMilestone","test2_changecohort","When user is able to change the cohort",""
"passed","Wed Mar 25 21:52:28 UTC 2026","Wed Mar 25 21:52:37 UTC 2026","9607","HabitNuCoachPortalSuite","UserActivities","CoachesPortal.PatientDetails.UserActivitiesBloodPressure","CoachesPortal.PatientDetails.UserActivitiesBloodPressure","verifyAddCurrentDateBloodPressure","Verify user as Ethelyn in useractivities tab and add current date blood pressure",""
"broken","Wed Mar 25 22:19:09 UTC 2026","Wed Mar 25 22:20:10 UTC 2026","61474","HabitNuCoachPortalSuite","ProjectPowerDashboard","CoachesPortal.ProjectPowerDashboard","CoachesPortal.ProjectPowerDashboard","verifySDOHPage_Education","SDOH page - It should display the count of participants of Education",""
"passed","Wed Mar 25 22:24:28 UTC 2026","Wed Mar 25 22:24:29 UTC 2026","774","HabitNuCoachPortalSuite","GroupDPPClassPlanner","CoachesPortal.ClassPlanner","CoachesPortal.ClassPlanner","case5","Edit the list to class planner",""
"passed","Wed Mar 25 20:59:56 UTC 2026","Wed Mar 25 21:00:07 UTC 2026","11687","HabitNuCoachPortalSuite","HabitNuCoachesPortalRegression-PartA","CoachesPortal.LearnModule.Learn","CoachesPortal.LearnModule.Learn","verifyCourseHistory","verify chapter timeline history",""
"passed","Wed Mar 25 22:05:28 UTC 2026","Wed Mar 25 22:05:31 UTC 2026","3175","HabitNuCoachPortalSuite","Paywal","CoachesPortal.payWall","CoachesPortal.payWall","testFilterSubscriptions","COP-T397–399: Validate subscription filters",""
"passed","Wed Mar 25 20:52:44 UTC 2026","Wed Mar 25 20:52:53 UTC 2026","9020","HabitNuCoachPortalSuite","HabitNuCoachesPortalRegression-PartA","CoachesPortal.LearnModule.Learn","CoachesPortal.LearnModule.Learn","select_content_from_list","filter down course content by Video and assert Pagination",""
"passed","Wed Mar 25 22:50:02 UTC 2026","Wed Mar 25 22:50:02 UTC 2026","42","HabitNuCoachPortalSuite","FeatureFlags","CoachesPortal.FeatureFlags","CoachesPortal.FeatureFlags","test20_deleteuser","delete rule",""
"failed","Wed Mar 25 21:57:06 UTC 2026","Wed Mar 25 21:57:09 UTC 2026","3046","HabitNuCoachPortalSuite","UserActivities","CoachesPortal.PatientDetails.UserActivitiesTobacco","CoachesPortal.PatientDetails.UserActivitiesTobacco","verifyCurrentAndYesterdayBPDataInCoachesPortal","Verify current and yesterday tobacco in coaches and webportal",""
"passed","Wed Mar 25 22:38:00 UTC 2026","Wed Mar 25 22:38:03 UTC 2026","3184","HabitNuCoachPortalSuite","Milestones","CoachesPortal.VAMilestone","CoachesPortal.VAMilestone","test5_navigating_VAmilestone","And user is navigating to VA_Milestone",""
"passed","Wed Mar 25 21:55:18 UTC 2026","Wed Mar 25 21:55:33 UTC 2026","14645","HabitNuCoachPortalSuite","UserActivities","CoachesPortal.PatientDetails.UserActivitiesBloodSugar","CoachesPortal.PatientDetails.UserActivitiesBloodSugar","verifyBloodSugarInCoachPortalYesterdaysData","Verify user as Ethelyn in useractivities tab added yesterday date blood sugar fasting ,before meal and after meal",""
"passed","Wed Mar 25 21:53:18 UTC 2026","Wed Mar 25 21:53:34 UTC 2026","16133","HabitNuCoachPortalSuite","UserActivities","CoachesPortal.PatientDetails.UserActivitiesBloodSugar","CoachesPortal.PatientDetails.UserActivitiesBloodSugar","verifyandAddCurrentDateBloodSugar","Verify user as Ethelyn in useractivities tab and add current date blood sugar",""
"passed","Wed Mar 25 22:06:02 UTC 2026","Wed Mar 25 22:06:04 UTC 2026","2722","HabitNuCoachPortalSuite","Paywal","CoachesPortal.payWall","CoachesPortal.payWall","testFilterTransactions","COP-T400: Validate all transaction filters",""
"broken","Wed Mar 25 21:17:41 UTC 2026","Wed Mar 25 21:18:02 UTC 2026","20125","HabitNuCoachPortalSuite","HabitNuCoachesPortalRegression-PartA","CoachesPortal.DiscussionForumPage","CoachesPortal.DiscussionForumPage","case1","test1 > Given I am logged in as coach, I am validating Coaches - Discussions module","test1 > Given I am logged in as coach, I am validating - Discussions module"
"broken","Wed Mar 25 22:12:41 UTC 2026","Wed Mar 25 22:13:27 UTC 2026","46279","HabitNuCoachPortalSuite","HabitNuCoachesPortalRegression-PartC","CoachesPortal.PatientDetails.PatientProfilePreAuth","CoachesPortal.PatientDetails.PatientProfilePreAuth","verifyAddPreAuthDetails","Add PreAuth of Ethlen",""
"passed","Wed Mar 25 21:48:39 UTC 2026","Wed Mar 25 21:48:39 UTC 2026","230","HabitNuCoachPortalSuite","HabitNuCoachesPortalRegression-PartB","CoachesPortal.PatientDetails.PatientProfileDemographic","CoachesPortal.PatientDetails.PatientProfileDemographic","testSelectHearingYes","test1 > Given I am logged in as customer admin, testSelectHearingYes","test1 > Given I am logged in as customer admin, testSelectHearingYes"
"failed","Wed Mar 25 22:54:04 UTC 2026","Wed Mar 25 22:54:12 UTC 2026","7902","HabitNuCoachPortalSuite","DifferentTypeOfDashboards","CoachesPortal.CohortLevelDashboard.OnsiteCohortDashboard","CoachesPortal.CohortLevelDashboard.OnsiteCohortDashboard","case7","test1 > Given I am logged in as coach, I am validating onsite cohort 'Weight Loss By Participants validation on graph with ALL option, when user adds weightt","test1 > Given I am logged in as coach, I am validating onsite cohort 'Weight Loss By Participants validation on graph with ALL option, when user adds weightt"
"passed","Wed Mar 25 22:05:05 UTC 2026","Wed Mar 25 22:05:08 UTC 2026","3458","HabitNuCoachPortalSuite","Paywal","CoachesPortal.payWall","CoachesPortal.payWall","testEditDraftPaymentPlan","COP-T389: Edit the Monthly Draft Payment Plan",""
"passed","Wed Mar 25 22:02:28 UTC 2026","Wed Mar 25 22:02:28 UTC 2026","34","HabitNuCoachPortalSuite","Scheduler","CoachesPortal.Schedular","CoachesPortal.Schedular","validateInteractionEntries_UpdatedAt","test1 > Given I am logged in as coach, verify group interaction entries are made automatically when meet is attended for min of 1min > Validating field==UpdatedAt","test1 > Given I am logged in as coach, verify group interaction entries are made automatically when meet is attended for min of 1min > Validating field==UpdatedAt"
"passed","Wed Mar 25 22:49:57 UTC 2026","Wed Mar 25 22:49:57 UTC 2026","564","HabitNuCoachPortalSuite","FeatureFlags","CoachesPortal.FeatureFlags","CoachesPortal.FeatureFlags","test18_deleteuser","delete rule",""
"passed","Wed Mar 25 22:17:16 UTC 2026","Wed Mar 25 22:17:23 UTC 2026","6882","HabitNuCoachPortalSuite","ProjectPowerDashboard","CoachesPortal.ProjectPowerDashboard","CoachesPortal.ProjectPowerDashboard","verifyM1GraphwithfilterAs12months","verifyM1GraphwithfilterAs12months",""
"passed","Wed Mar 25 22:17:05 UTC 2026","Wed Mar 25 22:17:05 UTC 2026","12","HabitNuCoachPortalSuite","ProjectPowerDashboard","CoachesPortal.ProjectPowerDashboard","CoachesPortal.ProjectPowerDashboard","verifyYet_to_Confirm","go to coaches portal - Project Power-verify Yet to Confirm users",""
"passed","Wed Mar 25 21:49:52 UTC 2026","Wed Mar 25 21:50:05 UTC 2026","12550","HabitNuCoachPortalSuite","HabitNuCoachesPortalRegression-PartB","CoachesPortal.PatientDetails.PatientProfileDemographic","CoachesPortal.PatientDetails.PatientProfileDemographic","updatepreferred_name","test1 > Given I am logged in as customer admin, preferred_name","test1 > Given I am logged in as customer admin, preferred_name"
"passed","Wed Mar 25 22:47:06 UTC 2026","Wed Mar 25 22:47:06 UTC 2026","17","HabitNuCoachPortalSuite","UserDashboard","CoachesPortal.PatientDashboard","CoachesPortal.PatientDashboard","patientWeeklyStatus_CoachInteractions","test9 > Given I am logged in as admin, wehn I am on adding coachInteraction from user Interaction tab, Then I should be able to see added interaction count==1 under patientWeeklyStatus_CoachInteractions","admin login - user/patient/partcipant dashboard validation"
"passed","Wed Mar 25 20:49:53 UTC 2026","Wed Mar 25 20:49:53 UTC 2026","615","HabitNuCoachPortalSuite","HabitNuCoachesPortalRegression-PartA","CoachesPortal.LearnModule.Learn","CoachesPortal.LearnModule.Learn","clickOnCourseModule","Verify CustomerAdmin can click on course",""
"broken","Wed Mar 25 21:47:19 UTC 2026","Wed Mar 25 21:47:59 UTC 2026","39220","HabitNuCoachPortalSuite","HabitNuCoachesPortalRegression-PartB","CoachesPortal.PatientDetails.PatientProfileDemographic","CoachesPortal.PatientDetails.PatientProfileDemographic","updateDisenrollmentDetails_with_DisenrolledCode_and_date","test1 > Given I am logged in as customer admin, try updating DisenrollmentDetails with only diseenrolledCode & Date","test1 > Given I am logged in as customer admin, try updating DisenrollmentDetails with only diseenrolledCode & Date"
"passed","Wed Mar 25 22:03:51 UTC 2026","Wed Mar 25 22:03:51 UTC 2026","0","HabitNuCoachPortalSuite","Scheduler","CoachesPortal.Schedular","CoachesPortal.Schedular","validateInteractionEntries_UpdatedBy","test1 > Given I am logged in as admin, verify group interaction entries are made automatically when meet is attended for min of 1min > Validating field==UpdatedBy","test1 > Given I am logged in as admin, verify group interaction entries are made automatically when meet is attended for min of 1min > Validating field==UpdatedBy"
"passed","Wed Mar 25 22:47:52 UTC 2026","Wed Mar 25 22:47:52 UTC 2026","84","HabitNuCoachPortalSuite","FeatureFlags","CoachesPortal.FeatureFlags","CoachesPortal.FeatureFlags","test5_navigatingfeatureflags","And user is navigating to Feature Flags section ",""
"passed","Wed Mar 25 21:19:26 UTC 2026","Wed Mar 25 21:19:27 UTC 2026","956","HabitNuCoachPortalSuite","HabitNuCoachesPortalRegression-PartA","CoachesPortal.DiscussionForumPage","CoachesPortal.DiscussionForumPage","case18","test1 > Given I am logged in as coach, I am validating Edit Post- Subject only- Update- Success","test1 > Given I am logged in as coach, I am validating Edit Post- Subject only- Update- Success"
"passed","Wed Mar 25 21:13:36 UTC 2026","Wed Mar 25 21:13:38 UTC 2026","1208","HabitNuCoachPortalSuite","HabitNuCoachesPortalRegression-PartA","CoachesPortal.DiscussionForumPage","CoachesPortal.DiscussionForumPage","case10","test1 > Given I am logged in as admin, I am validating post comment-success.","test1 > Given I am logged in as admin, I am validating post comment-success."
"passed","Wed Mar 25 22:47:54 UTC 2026","Wed Mar 25 22:47:54 UTC 2026","79","HabitNuCoachPortalSuite","FeatureFlags","CoachesPortal.FeatureFlags","CoachesPortal.FeatureFlags","test10_clickaddrule","And user is able to click on add rule button",""
"passed","Wed Mar 25 22:54:38 UTC 2026","Wed Mar 25 22:54:38 UTC 2026","37","HabitNuCoachPortalSuite","DifferentTypeOfDashboards","CoachesPortal.CohortLevelDashboard.OnsiteCohortDashboard","CoachesPortal.CohortLevelDashboard.OnsiteCohortDashboard","coachName","test1 > Given I am logged in as coach, I am validating onsite cohort 'dashboard-card=coachName","test1 > Given I am logged in as coach, I am validating onsite cohort 'dashboard-card=coachName"
"passed","Wed Mar 25 22:47:06 UTC 2026","Wed Mar 25 22:47:06 UTC 2026","15","HabitNuCoachPortalSuite","UserDashboard","CoachesPortal.PatientDashboard","CoachesPortal.PatientDashboard","patientWeeklyStatus_GroupClasses","test10 > Given I am logged in as admin, when I am on adding groupInteraction from user Interaction tab, Then I should be able to see added interaction count==1 under patientWeeklyStatus_GroupClasses","admin login - user/patient/partcipant dashboard validation"
"passed","Wed Mar 25 22:16:55 UTC 2026","Wed Mar 25 22:16:56 UTC 2026","408","HabitNuCoachPortalSuite","HabitNuCoachesPortalRegression-PartC","CoachesPortal.PatientDetails.PatientProfileHealthProviders","CoachesPortal.PatientDetails.PatientProfileHealthProviders","verifyHealthProvider","verify HealthProvider for Ethylen",""
"skipped","Wed Mar 25 22:35:53 UTC 2026","Wed Mar 25 22:35:53 UTC 2026","0","HabitNuCoachPortalSuite","Milestones","CoachesPortal.MilestoneModule.SoleraIBCorNDPP","CoachesPortal.MilestoneModule.SoleraIBCorNDPP","test7","Given I have achieved M0 & M1, M2, M3(firstgreen) now, When I achieve Weekly Meaningful Engagement for week4, Then I should be able to achieve Second green for M3",""
"passed","Wed Mar 25 21:33:03 UTC 2026","Wed Mar 25 21:33:07 UTC 2026","3641","HabitNuCoachPortalSuite","HabitNuCoachesPortalRegression-PartB","CoachesPortal.OnsiteUsersListDashboard","CoachesPortal.OnsiteUsersListDashboard","case43","test1 > Given I am logged in as customerAdmin, disenroll user validation - on DISENROLL check","test1 > Given I am logged in as customerAdmin, disenroll user validation - on DISENROLL check"
"passed","Wed Mar 25 21:14:59 UTC 2026","Wed Mar 25 21:15:05 UTC 2026","5720","HabitNuCoachPortalSuite","HabitNuCoachesPortalRegression-PartA","CoachesPortal.DiscussionForumPage","CoachesPortal.DiscussionForumPage","case20","test1 > Given I am logged in as admin, I am validating Edit Post- Upload File","test1 > Given I am logged in as admin, I am validating Edit Post- Upload File"
"passed","Wed Mar 25 22:08:23 UTC 2026","Wed Mar 25 22:08:23 UTC 2026","16","HabitNuCoachPortalSuite","Paywal","CoachesPortal.payWall","CoachesPortal.payWall","testPlanConsistencyAcrossSystems","COP-T419: Validate plan details consistency across systems",""
"passed","Wed Mar 25 22:17:05 UTC 2026","Wed Mar 25 22:17:05 UTC 2026","11","HabitNuCoachPortalSuite","ProjectPowerDashboard","CoachesPortal.ProjectPowerDashboard","CoachesPortal.ProjectPowerDashboard","verifyUNCONFIRMED","go to coaches portal - Project Power-verify UNCONFIRMED users",""
"broken","Wed Mar 25 21:42:01 UTC 2026","Wed Mar 25 21:42:37 UTC 2026","35255","HabitNuCoachPortalSuite","HabitNuCoachesPortalRegression-PartB","CoachesPortal.PatientDetails.PatientProfileDemographic","CoachesPortal.PatientDetails.PatientProfileDemographic","updateDisenrollmentDetails_with_onlyDisenrolledCodeData","test1 > Given I am logged in as coach, try updating DisenrollmentDetails with only diseenrolledCode data","test1 > Given I am logged in as coach, try updating DisenrollmentDetails with only diseenrolledCode data"
"passed","Wed Mar 25 22:05:49 UTC 2026","Wed Mar 25 22:05:53 UTC 2026","3748","HabitNuCoachPortalSuite","Paywal","CoachesPortal.payWall","CoachesPortal.payWall","testFilterSubscriptions","COP-T397–399: Validate subscription filters",""
"passed","Wed Mar 25 22:02:28 UTC 2026","Wed Mar 25 22:02:28 UTC 2026","56","HabitNuCoachPortalSuite","Scheduler","CoachesPortal.Schedular","CoachesPortal.Schedular","validateInteractionEntries_SessionName","test1 > Given I am logged in as coach, verify group interaction entries are made automatically when meet is attended for min of 1min > Validating field==SessionName","test1 > Given I am logged in as coach, verify group interaction entries are made automatically when meet is attended for min of 1min > Validating field==SessionName"
"broken","Wed Mar 25 21:06:30 UTC 2026","Wed Mar 25 21:06:30 UTC 2026","64","HabitNuCoachPortalSuite","HabitNuCoachesPortalRegression-PartA","CoachesPortal.LearnModule.CustomerAdminCourseDocument","CoachesPortal.LearnModule.CustomerAdminCourseDocument","verifyLinkEditAndClose","Link Edit and Close",""
"passed","Wed Mar 25 21:19:36 UTC 2026","Wed Mar 25 21:19:38 UTC 2026","2097","HabitNuCoachPortalSuite","HabitNuCoachesPortalRegression-PartA","CoachesPortal.DiscussionForumPage","CoachesPortal.DiscussionForumPage","case23","test1 > Given I am logged in as coach, I am validating Click Delete - Cancel","test1 > Given I am logged in as coach, I am validating Click Delete - Cancel"
"broken","Wed Mar 25 21:08:33 UTC 2026","Wed Mar 25 21:09:14 UTC 2026","40963","HabitNuCoachPortalSuite","HabitNuCoachesPortalRegression-PartA","CoachesPortal.LearnModule.CustomerAdminCourseDocument","CoachesPortal.LearnModule.CustomerAdminCourseDocument","verifyAddDocumentTitleRequired","Add Title Required",""
"failed","Wed Mar 25 22:53:44 UTC 2026","Wed Mar 25 22:53:45 UTC 2026","804","HabitNuCoachPortalSuite","DifferentTypeOfDashboards","CoachesPortal.CohortLevelDashboard.OnsiteCohortDashboard","CoachesPortal.CohortLevelDashboard.OnsiteCohortDashboard","case5","test1 > Given I am logged in as coach, I am validating onsite cohort 'Weight Loss By Participants validation on graph with 'Added by coach' option","test1 > Given I am logged in as coach, I am validating onsite cohort 'Weight Loss By Participants validation on graph with 'Added by coach' option"
"passed","Wed Mar 25 22:05:03 UTC 2026","Wed Mar 25 22:05:05 UTC 2026","1779","HabitNuCoachPortalSuite","Paywal","CoachesPortal.payWall","CoachesPortal.payWall","testCreateAnnualPaymentPlan","COP-T388B: Create Annual Payment Plan",""
"passed","Wed Mar 25 21:44:50 UTC 2026","Wed Mar 25 21:44:50 UTC 2026","272","HabitNuCoachPortalSuite","HabitNuCoachesPortalRegression-PartB","CoachesPortal.PatientDetails.PatientProfileDemographic","CoachesPortal.PatientDetails.PatientProfileDemographic","testSelectHearingYes","test1 > Given I am logged in as coach, testSelectHearingYes","test1 > Given I am logged in as coach, testSelectHearingYes"
"broken","Wed Mar 25 21:47:59 UTC 2026","Wed Mar 25 21:48:31 UTC 2026","31980","HabitNuCoachPortalSuite","HabitNuCoachesPortalRegression-PartB","CoachesPortal.PatientDetails.PatientProfileDemographic","CoachesPortal.PatientDetails.PatientProfileDemographic","updateAndVerifyCallDetails","test1 > Given I am logged in as customer admin, updateAndVerifyCallDetails","test1 > Given I am logged in as customer admin, updateAndVerifyCallDetails"
"passed","Wed Mar 25 21:52:08 UTC 2026","Wed Mar 25 21:52:12 UTC 2026","3850","HabitNuCoachPortalSuite","PatientsProfileAllergies","CoachesPortal.PatientDetails.PatientsProfileAllergies","CoachesPortal.PatientDetails.PatientsProfileAllergies","verifyMedication","verify allergy for Ethylen",""
"broken","Wed Mar 25 22:36:18 UTC 2026","Wed Mar 25 22:36:44 UTC 2026","25712","HabitNuCoachPortalSuite","Milestones","CoachesPortal.MilestoneModule.SoleraIBCorNDPP","CoachesPortal.MilestoneModule.SoleraIBCorNDPP","test12","Given I have achieved M0 & M1, M2, M3, M4, M5,, When I achieve Weekly Meaningful Engagement for week9, Then I should be able to achieve M6",""
"broken","Wed Mar 25 21:44:50 UTC 2026","Wed Mar 25 21:45:20 UTC 2026","30247","HabitNuCoachPortalSuite","HabitNuCoachesPortalRegression-PartB","CoachesPortal.PatientDetails.PatientProfileDemographic","CoachesPortal.PatientDetails.PatientProfileDemographic","testSelectRememberingUnknown","test1 > Given I am logged in as coach, testSelectRememberingUnknown","test1 > Given I am logged in as coach, testSelectRememberingUnknown"
"broken","Wed Mar 25 22:56:26 UTC 2026","Wed Mar 25 22:56:36 UTC 2026","10183","HabitNuCoachPortalSuite","DifferentTypeOfDashboards","CoachesPortal.CohortLevelDashboard.DSMEDashboardCoachesPortal","CoachesPortal.CohortLevelDashboard.DSMEDashboardCoachesPortal","test6_Disenrolled","And user is validating Disenrolled",""
"passed","Wed Mar 25 22:43:05 UTC 2026","Wed Mar 25 22:43:05 UTC 2026","56","HabitNuCoachPortalSuite","UserDashboard","CoachesPortal.PatientDashboard","CoachesPortal.PatientDashboard","patientWeeklyStatus_Meals","test11 > Given I am logged in as coach, when I am on adding Meal by logging into user app, Then I should be able to see added Meal count==1 under patientWeeklyStatus_Meals","coach login - user/patient/partcipant dashboard validation"
"passed","Wed Mar 25 22:43:12 UTC 2026","Wed Mar 25 22:43:12 UTC 2026","178","HabitNuCoachPortalSuite","UserDashboard","CoachesPortal.PatientDashboard","CoachesPortal.PatientDashboard","habitCard_NotDone","test16 > Given I am logged in as coach, when I am on adding a habit for the user, Then I should be able to see added habit and as 'NOT DONE' on Habits graph","coach login - user/patient/partcipant dashboard validation"
"failed","Wed Mar 25 22:18:15 UTC 2026","Wed Mar 25 22:18:25 UTC 2026","10117","HabitNuCoachPortalSuite","ProjectPowerDashboard","CoachesPortal.ProjectPowerDashboard","CoachesPortal.ProjectPowerDashboard","verifyADAMilestoneFor3Months","All cohort dashboard for project power - ADA milestone trend - 3months",""
"broken","Wed Mar 25 20:48:02 UTC 2026","Wed Mar 25 20:48:17 UTC 2026","15433","HabitNuCoachPortalSuite","HabitNuCoachesPortalRegression-PartA","CoachesPortal.CohortLevelDashboard.CohortLevelDashboardPage","CoachesPortal.CohortLevelDashboard.CohortLevelDashboardPage","case18","Latest HbA1c of participant.",""
"broken","Wed Mar 25 21:10:57 UTC 2026","Wed Mar 25 21:10:57 UTC 2026","65","HabitNuCoachPortalSuite","HabitNuCoachesPortalRegression-PartA","CoachesPortal.LearnModule.CustomerAdminCourseDocument","CoachesPortal.LearnModule.CustomerAdminCourseDocument","verifyAddUrlTitleVideoRequired","Add Video upload And Title Required",""
"passed","Wed Mar 25 22:05:12 UTC 2026","Wed Mar 25 22:05:16 UTC 2026","4205","HabitNuCoachPortalSuite","Paywal","CoachesPortal.payWall","CoachesPortal.payWall","testPublishAnnualPaymentPlan","COP-T390B: Publish the Annual Payment Plan",""
"passed","Wed Mar 25 22:43:27 UTC 2026","Wed Mar 25 22:43:35 UTC 2026","7941","HabitNuCoachPortalSuite","UserDashboard","CoachesPortal.PatientDashboard","CoachesPortal.PatientDashboard","Last_BeforeMeal_Blood_Sugar","test20 > Given I am logged in as coach, wehn I am on Participants dashboard page, when I add bloodsugar BEFORE-MEAL type, Then I should be able to see the added data on dashboard card==Last_BeforeMeal_Blood_Sugar","coach login - clicking on scheduler should open the scheduler page in coaches portal"
"passed","Wed Mar 25 20:52:53 UTC 2026","Wed Mar 25 20:53:23 UTC 2026","29961","HabitNuCoachPortalSuite","HabitNuCoachesPortalRegression-PartA","CoachesPortal.LearnModule.Learn","CoachesPortal.LearnModule.Learn","addVideoToTheContent","filter down course content by Video and assert Pagination",""
"passed","Wed Mar 25 20:50:07 UTC 2026","Wed Mar 25 20:50:12 UTC 2026","5196","HabitNuCoachPortalSuite","HabitNuCoachesPortalRegression-PartA","CoachesPortal.LearnModule.Learn","CoachesPortal.LearnModule.Learn","verifyChapterActions","Verify chapter Actions on hovering shows all the buttons",""
"failed","Wed Mar 25 22:52:41 UTC 2026","Wed Mar 25 22:52:51 UTC 2026","10557","HabitNuCoachPortalSuite","DifferentTypeOfDashboards","CoachesPortal.CohortLevelDashboard.OnlineCohortDashboard","CoachesPortal.CohortLevelDashboard.OnlineCohortDashboard","male_female_card_with_update_to_female","test1 > Given I am logged in as customer admin, I am validating online cohort 'dashboard-card=male_female_card_with_update_to_female","test1 > Given I am logged in as customer admin, I am validating online cohort 'dashboard-card=male_female_card_with_update_to_female"
"passed","Wed Mar 25 21:30:49 UTC 2026","Wed Mar 25 21:30:50 UTC 2026","779","HabitNuCoachPortalSuite","HabitNuCoachesPortalRegression-PartB","CoachesPortal.OnsiteUsersListDashboard","CoachesPortal.OnsiteUsersListDashboard","case5","test1 > Given I am logged in as coach, Seach user by email.","test1 > Given I am logged in as coach, Seach user by email."
"passed","Wed Mar 25 22:19:01 UTC 2026","Wed Mar 25 22:19:04 UTC 2026","3162","HabitNuCoachPortalSuite","ProjectPowerDashboard","CoachesPortal.ProjectPowerDashboard","CoachesPortal.ProjectPowerDashboard","verifyCohortWeightLossTrendForCustomTIME","All cohort dashboard for project power - Cohort Weight Loss trend - Custom Time",""
"broken","Wed Mar 25 22:35:21 UTC 2026","Wed Mar 25 22:35:21 UTC 2026","81","HabitNuCoachPortalSuite","Milestones","CoachesPortal.MilestoneModule.SoleraIBCorNDPP","CoachesPortal.MilestoneModule.SoleraIBCorNDPP","test2","Given I am on the IBC milestone tracker, When the page loads, Then I should see all the required IBC milestone elements displayed",""
"passed","Wed Mar 25 21:45:42 UTC 2026","Wed Mar 25 21:45:42 UTC 2026","44","HabitNuCoachPortalSuite","HabitNuCoachesPortalRegression-PartB","CoachesPortal.PatientDetails.PatientProfileDemographic","CoachesPortal.PatientDetails.PatientProfileDemographic","verifyContactDetails","test1 > Given I am logged in as customer admin, verifyContactDetails","test1 > Given I am logged in as customer admin, verifyContactDetails"
"broken","Wed Mar 25 21:41:26 UTC 2026","Wed Mar 25 21:42:01 UTC 2026","35405","HabitNuCoachPortalSuite","HabitNuCoachesPortalRegression-PartB","CoachesPortal.PatientDetails.PatientProfileDemographic","CoachesPortal.PatientDetails.PatientProfileDemographic","updateDisenrollmentDetails_with_emptyData","test1 > Given I am logged in as coach, try updating DisenrollmentDetails with empty data","test1 > Given I am logged in as coach, try updating DisenrollmentDetails with empty data"
"passed","Wed Mar 25 20:51:02 UTC 2026","Wed Mar 25 20:51:11 UTC 2026","8772","HabitNuCoachPortalSuite","HabitNuCoachesPortalRegression-PartA","CoachesPortal.LearnModule.Learn","CoachesPortal.LearnModule.Learn","addCourseToTheCohort","add course to the cohort",""
"passed","Wed Mar 25 22:33:48 UTC 2026","Wed Mar 25 22:33:59 UTC 2026","11546","HabitNuCoachPortalSuite","GeneralContent","CoachesPortal.generalContent_WEb_Coaches","CoachesPortal.generalContent_WEb_Coaches","deleteGroup","Deleting Groups",""
"broken","Wed Mar 25 22:32:10 UTC 2026","Wed Mar 25 22:32:10 UTC 2026","65","HabitNuCoachPortalSuite","GroupDPPClassPlanner","CoachesPortal.ClassPlanner","CoachesPortal.ClassPlanner","case36","validate user is able to view classPlanner item==app-link",""
"passed","Wed Mar 25 21:19:35 UTC 2026","Wed Mar 25 21:19:36 UTC 2026","755","HabitNuCoachPortalSuite","HabitNuCoachesPortalRegression-PartA","CoachesPortal.DiscussionForumPage","CoachesPortal.DiscussionForumPage","case21","test1 > Given I am logged in as coach, I am validating Edit Post-Remove File.","test1 > Given I am logged in as coach, I am validating Edit Post-Remove File."
"broken","Wed Mar 25 22:29:09 UTC 2026","Wed Mar 25 22:30:09 UTC 2026","60295","HabitNuCoachPortalSuite","GroupDPPClassPlanner","CoachesPortal.ClassPlanner","CoachesPortal.ClassPlanner","case29","Login to coach portal -> select the cohort -> Class planner -> Click on Edit (pencil) button",""
"broken","Wed Mar 25 21:00:40 UTC 2026","Wed Mar 25 21:00:42 UTC 2026","2311","HabitNuCoachPortalSuite","HabitNuCoachesPortalRegression-PartA","CoachesPortal.LearnModule.CustomerAdminCourseDocument","CoachesPortal.LearnModule.CustomerAdminCourseDocument","verifyCustAdminCourseDocument","Verify Customer Admin Should have CourseDocument",""
"passed","Wed Mar 25 21:32:25 UTC 2026","Wed Mar 25 21:32:35 UTC 2026","10392","HabitNuCoachPortalSuite","HabitNuCoachesPortalRegression-PartB","CoachesPortal.OnsiteUsersListDashboard","CoachesPortal.OnsiteUsersListDashboard","case32","test1 > Given I am logged in as customerAdmin, validate userListSAVEerAdmin-Add Cohort for a user- Add scenario.","test1 > Given I am logged in as customerAdmin, validate userListSAVEerAdmin-Add Cohort for a user- Add scenario."
"passed","Wed Mar 25 22:57:34 UTC 2026","Wed Mar 25 22:57:35 UTC 2026","211","HabitNuCoachPortalSuite","DifferentTypeOfDashboards","CoachesPortal.CohortLevelDashboard.DSMEDashboardCoachesPortal","CoachesPortal.CohortLevelDashboard.DSMEDashboardCoachesPortal","test19_verifyWeightByPatientsWithallPosibleActionsSelection","Verify Weight Loss by Patients dropdown card with possible options selected and verify it's selection",""
"passed","Wed Mar 25 22:37:51 UTC 2026","Wed Mar 25 22:37:56 UTC 2026","4653","HabitNuCoachPortalSuite","Milestones","CoachesPortal.VAMilestone","CoachesPortal.VAMilestone","test1_navigatingcoach","Given user is navigating to coaches portal",""
"broken","Wed Mar 25 22:31:10 UTC 2026","Wed Mar 25 22:32:10 UTC 2026","60330","HabitNuCoachPortalSuite","GroupDPPClassPlanner","CoachesPortal.ClassPlanner","CoachesPortal.ClassPlanner","case35","validate user is able to view classPlanner item==text",""
"failed","Wed Mar 25 22:51:34 UTC 2026","Wed Mar 25 22:51:37 UTC 2026","2915","HabitNuCoachPortalSuite","DifferentTypeOfDashboards","CoachesPortal.CohortLevelDashboard.OnlineCohortDashboard","CoachesPortal.CohortLevelDashboard.OnlineCohortDashboard","activeParticipants","test1 > Given I am logged in as coach, I am validating online cohort 'dashboard-card=activeParticipants","test1 > Given I am logged in as coach, I am validating online cohort 'dashboard-card=activeParticipants"
"passed","Wed Mar 25 22:33:59 UTC 2026","Wed Mar 25 22:34:00 UTC 2026","478","HabitNuCoachPortalSuite","GeneralContent","CoachesPortal.generalContent_WEb_Coaches","CoachesPortal.generalContent_WEb_Coaches","RedirectToWebForDelete","Redirecting To Web page for delete validation",""
"passed","Wed Mar 25 22:50:27 UTC 2026","Wed Mar 25 22:50:29 UTC 2026","2224","HabitNuCoachPortalSuite","ParticipationsTable","CoachesPortal.participations","CoachesPortal.participations","test11_searchprogram","And user is able to search the user with program name",""
"broken","Wed Mar 25 21:07:52 UTC 2026","Wed Mar 25 21:08:33 UTC 2026","40947","HabitNuCoachPortalSuite","HabitNuCoachesPortalRegression-PartA","CoachesPortal.LearnModule.CustomerAdminCourseDocument","CoachesPortal.LearnModule.CustomerAdminCourseDocument","verifyAddOnlyDiscriptionDocument","Add Only Discription And verify documentupload and title Required",""
"passed","Wed Mar 25 21:49:10 UTC 2026","Wed Mar 25 21:49:10 UTC 2026","129","HabitNuCoachPortalSuite","HabitNuCoachesPortalRegression-PartB","CoachesPortal.PatientDetails.PatientProfileDemographic","CoachesPortal.PatientDetails.PatientProfileDemographic","testDropdownOptions","test1 > Given I am logged in as customer admin, testDropdownOptions","test1 > Given I am logged in as customer admin, testDropdownOptions"
"passed","Wed Mar 25 22:38:56 UTC 2026","Wed Mar 25 22:39:07 UTC 2026","10535","HabitNuCoachPortalSuite","Milestones","CoachesPortal.VAMilestone","CoachesPortal.VAMilestone","test14_validating_VAHeaders_data","And user is validating to VAHeaders data by clicking arrow button",""
"broken","Wed Mar 25 22:14:27 UTC 2026","Wed Mar 25 22:14:58 UTC 2026","30295","HabitNuCoachPortalSuite","HabitNuCoachesPortalRegression-PartC","CoachesPortal.PatientDetails.PatientProfilePreAuth","CoachesPortal.PatientDetails.PatientProfilePreAuth","verifyPreAuth","verify PreAuth for Ethylen",""
"passed","Wed Mar 25 22:20:12 UTC 2026","Wed Mar 25 22:20:12 UTC 2026","55","HabitNuCoachPortalSuite","ProjectPowerDashboard","CoachesPortal.ProjectPowerDashboard","CoachesPortal.ProjectPowerDashboard","verifyDemographicsIPAS","Demographics page - Initial Physical Activity Status",""
"failed","Wed Mar 25 22:05:27 UTC 2026","Wed Mar 25 22:05:28 UTC 2026","993","HabitNuCoachPortalSuite","Paywal","CoachesPortal.payWall","CoachesPortal.payWall","testViewSubscriptionDetails","COP-T396: View subscription details",""
"broken","Wed Mar 25 21:02:04 UTC 2026","Wed Mar 25 21:02:45 UTC 2026","40975","HabitNuCoachPortalSuite","HabitNuCoachesPortalRegression-PartA","CoachesPortal.LearnModule.CustomerAdminCourseDocument","CoachesPortal.LearnModule.CustomerAdminCourseDocument","verifyAddLinkDocument","Add link Document",""
"broken","Wed Mar 25 21:10:36 UTC 2026","Wed Mar 25 21:10:36 UTC 2026","66","HabitNuCoachPortalSuite","HabitNuCoachesPortalRegression-PartA","CoachesPortal.LearnModule.CustomerAdminCourseDocument","CoachesPortal.LearnModule.CustomerAdminCourseDocument","verifyDocumentArchiveCancelAndConfirm","Document Archive Cancel And Confirm",""
"passed","Wed Mar 25 20:51:14 UTC 2026","Wed Mar 25 20:51:23 UTC 2026","8859","HabitNuCoachPortalSuite","HabitNuCoachesPortalRegression-PartA","CoachesPortal.LearnModule.Learn","CoachesPortal.LearnModule.Learn","checkLearnTabWhenNoCourse","check learn tab visibilty on web app when course is published from coaches portal",""
"passed","Wed Mar 25 22:21:02 UTC 2026","Wed Mar 25 22:21:02 UTC 2026","565","HabitNuCoachPortalSuite","LogClassSession","CoachesPortal.LogClassSection","CoachesPortal.LogClassSection","addDataLogClassSectionWithPatient","Add data in Log Class Section With Patient",""
"broken","Wed Mar 25 20:48:17 UTC 2026","Wed Mar 25 20:48:33 UTC 2026","15441","HabitNuCoachPortalSuite","HabitNuCoachesPortalRegression-PartA","CoachesPortal.CohortLevelDashboard.CohortLevelDashboardPage","CoachesPortal.CohortLevelDashboard.CohortLevelDashboardPage","case19","Latest HbA1c of participant- graph.",""
"broken","Wed Mar 25 20:56:38 UTC 2026","Wed Mar 25 20:57:49 UTC 2026","70699","HabitNuCoachPortalSuite","HabitNuCoachesPortalRegression-PartA","CoachesPortal.LearnModule.Learn","CoachesPortal.LearnModule.Learn","replaceCourseContent","replace course content",""
"broken","Wed Mar 25 20:48:33 UTC 2026","Wed Mar 25 20:48:48 UTC 2026","15432","HabitNuCoachPortalSuite","HabitNuCoachesPortalRegression-PartA","CoachesPortal.CohortLevelDashboard.CohortLevelDashboardPage","CoachesPortal.CohortLevelDashboard.CohortLevelDashboardPage","case20","Navigating to user dashboard through HbA1c user graph.",""
"passed","Wed Mar 25 21:19:47 UTC 2026","Wed Mar 25 21:22:03 UTC 2026","135990","HabitNuCoachPortalSuite","HabitNuCoachesPortalRegression-PartA","CoachesPortal.DiscussionForumPage","CoachesPortal.DiscussionForumPage","case27","test1 > Given I am logged in as coach, I am validating add max number of pinned posts(20).","test1 > Given I am logged in as coach, I am validating add max number of pinned posts(20)."
"passed","Wed Mar 25 21:19:29 UTC 2026","Wed Mar 25 21:19:35 UTC 2026","6200","HabitNuCoachPortalSuite","HabitNuCoachesPortalRegression-PartA","CoachesPortal.DiscussionForumPage","CoachesPortal.DiscussionForumPage","case20","test1 > Given I am logged in as coach, I am validating Edit Post- Upload File","test1 > Given I am logged in as coach, I am validating Edit Post- Upload File"
"passed","Wed Mar 25 23:01:39 UTC 2026","Wed Mar 25 23:02:43 UTC 2026","64526","HabitNuCoachPortalSuite","DifferentTypeOfDashboards","CoachesPortal.CohortLevelDashboard.ParticipantsProgressTracker","CoachesPortal.CohortLevelDashboard.ParticipantsProgressTracker","test8_Session","And user is able to increase the session count",""
"passed","Wed Mar 25 22:21:26 UTC 2026","Wed Mar 25 22:21:33 UTC 2026","6455","HabitNuCoachPortalSuite","LogClassSession","CoachesPortal.LogClassSection","CoachesPortal.LogClassSection","verifyAddOnlyAttendanceDate","Add Only AttendanceDate",""
"passed","Wed Mar 25 21:22:34 UTC 2026","Wed Mar 25 21:22:35 UTC 2026","775","HabitNuCoachPortalSuite","HabitNuCoachesPortalRegression-PartA","CoachesPortal.DiscussionForumPage","CoachesPortal.DiscussionForumPage","case8","test1 > Given I am logged in as customerAdmin, I am validating Add describe only- success post.","test1 > Given I am logged in as customerAdmin, I am validating Add describe only- success post."
"passed","Wed Mar 25 22:47:06 UTC 2026","Wed Mar 25 22:47:06 UTC 2026","32","HabitNuCoachPortalSuite","UserDashboard","CoachesPortal.PatientDashboard","CoachesPortal.PatientDashboard","patientWeeklyStatus_Meals","test11 > Given I am logged in as admin, when I am on adding Meal by logging into user app, Then I should be able to see added Meal count==1 under patientWeeklyStatus_Meals","admin login - user/patient/partcipant dashboard validation"
"passed","Wed Mar 25 22:36:56 UTC 2026","Wed Mar 25 22:36:58 UTC 2026","2148","HabitNuCoachPortalSuite","Milestones","CoachesPortal.BPSMMilestone","CoachesPortal.BPSMMilestone","test5_validating_Headers","And user is validating headers",""
"broken","Wed Mar 25 21:33:10 UTC 2026","Wed Mar 25 21:33:40 UTC 2026","30205","HabitNuCoachPortalSuite","HabitNuCoachesPortalRegression-PartB","CoachesPortal.OnsiteUsersListDashboard","CoachesPortal.OnsiteUsersListDashboard","case45","test1 > Given I am logged in as customerAdmin, validate disenrolled status under Milestone column - colorcode","test1 > Given I am logged in as customerAdmin, validate disenrolled status under Milestone column - colorcode"
"passed","Wed Mar 25 22:57:36 UTC 2026","Wed Mar 25 22:57:44 UTC 2026","7088","HabitNuCoachPortalSuite","DifferentTypeOfDashboards","CoachesPortal.CohortLevelDashboard.ParticipantsProgressTracker","CoachesPortal.CohortLevelDashboard.ParticipantsProgressTracker","test1_navigating","Given user is navigating to coaches portal",""
"passed","Wed Mar 25 21:45:45 UTC 2026","Wed Mar 25 21:45:45 UTC 2026","41","HabitNuCoachPortalSuite","HabitNuCoachesPortalRegression-PartB","CoachesPortal.PatientDetails.PatientProfileDemographic","CoachesPortal.PatientDetails.PatientProfileDemographic","verifyAddressDetails","test1 > Given I am logged in as customer admin, verifyAddressDetails","test1 > Given I am logged in as customer admin, verifyAddressDetails"
"passed","Wed Mar 25 22:36:56 UTC 2026","Wed Mar 25 22:36:56 UTC 2026","79","HabitNuCoachPortalSuite","Milestones","CoachesPortal.BPSMMilestone","CoachesPortal.BPSMMilestone","test4_navigating_milestone","And user is navigating to milestone",""
"passed","Wed Mar 25 21:15:08 UTC 2026","Wed Mar 25 21:15:09 UTC 2026","721","HabitNuCoachPortalSuite","HabitNuCoachesPortalRegression-PartA","CoachesPortal.DiscussionForumPage","CoachesPortal.DiscussionForumPage","case24","test1 > Given I am logged in as admin, I am validating Pin The post","test1 > Given I am logged in as admin, I am validating Pin The post"
"passed","Wed Mar 25 21:52:37 UTC 2026","Wed Mar 25 21:52:42 UTC 2026","4756","HabitNuCoachPortalSuite","UserActivities","CoachesPortal.PatientDetails.UserActivitiesBloodPressure","CoachesPortal.PatientDetails.UserActivitiesBloodPressure","verifyYesterdayBPDataInCoachesPortal","Add yesterday date blood pressure",""
"passed","Wed Mar 25 20:46:19 UTC 2026","Wed Mar 25 20:46:20 UTC 2026","700","HabitNuCoachPortalSuite","HabitNuCoachesPortalRegression-PartA","CoachesPortal.CohortLevelDashboard.CohortLevelDashboardPage","CoachesPortal.CohortLevelDashboard.CohortLevelDashboardPage","case1","Element Level assertion at the landing page.",""
"passed","Wed Mar 25 20:50:00 UTC 2026","Wed Mar 25 20:50:05 UTC 2026","4219","HabitNuCoachPortalSuite","HabitNuCoachesPortalRegression-PartA","CoachesPortal.LearnModule.Learn","CoachesPortal.LearnModule.Learn","addChapterToTheCourse","adding a chapter to the course",""
"passed","Wed Mar 25 22:50:45 UTC 2026","Wed Mar 25 22:50:55 UTC 2026","10041","HabitNuCoachPortalSuite","DifferentTypeOfDashboards","CoachesPortal.CohortLevelDashboard.OnlineCohortDashboard","CoachesPortal.CohortLevelDashboard.OnlineCohortDashboard","disenrolledCard","test1 > Given I am logged in as coach, I am validating online cohort 'dashboard-card=DisenrolledCount","test1 > Given I am logged in as coach, I am validating online cohort 'dashboard-card=DisenrolledCount"
"passed","Wed Mar 25 20:49:44 UTC 2026","Wed Mar 25 20:49:46 UTC 2026","2204","HabitNuCoachPortalSuite","HabitNuCoachesPortalRegression-PartA","CoachesPortal.CohortLevelDashboard.CohortLevelDashboardPage","CoachesPortal.CohortLevelDashboard.CohortLevelDashboardPage","case32","Racial Breakdown graph- tooltip extraction.",""
"passed","Wed Mar 25 22:20:12 UTC 2026","Wed Mar 25 22:20:12 UTC 2026","11","HabitNuCoachPortalSuite","ProjectPowerDashboard","CoachesPortal.ProjectPowerDashboard","CoachesPortal.ProjectPowerDashboard","verifyDemographicsParticipantCountByMarket","Demographics page - Participant Count by Market",""
"passed","Wed Mar 25 20:51:01 UTC 2026","Wed Mar 25 20:51:02 UTC 2026","1639","HabitNuCoachPortalSuite","HabitNuCoachesPortalRegression-PartA","CoachesPortal.LearnModule.Learn","CoachesPortal.LearnModule.Learn","addCourseToTheProgram","adding  the course to the program",""
"passed","Wed Mar 25 22:05:47 UTC 2026","Wed Mar 25 22:05:49 UTC 2026","2538","HabitNuCoachPortalSuite","Paywal","CoachesPortal.payWall","CoachesPortal.payWall","testFilterSubscriptions","COP-T397–399: Validate subscription filters",""
"passed","Wed Mar 25 22:46:30 UTC 2026","Wed Mar 25 22:46:38 UTC 2026","8375","HabitNuCoachPortalSuite","UserDashboard","CoachesPortal.PatientDashboard","CoachesPortal.PatientDashboard","patientWeeklyStatus_WEIGHTS","test2 > Given I am logged in as admin, wehn I am on adding weight from user Dashboard, Then I should be able to see added weight count==1 under patientWeeklyStatus_WEIGHTS","admin login - user/patient/partcipant dashboard validation"
"passed","Wed Mar 25 21:27:40 UTC 2026","Wed Mar 25 21:28:30 UTC 2026","50914","HabitNuCoachPortalSuite","HabitNuCoachesPortalRegression-PartA","CoachesPortal.DirectMessage","CoachesPortal.DirectMessage","verifyDMonWebApp","Verify message on web app by Patient",""
"passed","Wed Mar 25 20:51:47 UTC 2026","Wed Mar 25 20:51:47 UTC 2026","253","HabitNuCoachPortalSuite","HabitNuCoachesPortalRegression-PartA","CoachesPortal.LearnModule.Learn","CoachesPortal.LearnModule.Learn","courseProgressUnderUserTab","check course tab from main dashboard",""
"passed","Wed Mar 25 21:50:32 UTC 2026","Wed Mar 25 21:50:42 UTC 2026","10390","HabitNuCoachPortalSuite","HabitNuCoachesPortalRegression-PartB","CoachesPortal.PatientDetails.PatientProfileDemographic","CoachesPortal.PatientDetails.PatientProfileDemographic","updateMaritalStatus","test1 > Given I am logged in as customer admin, Marital Status","test1 > Given I am logged in as customer admin, Marital Status"
"passed","Wed Mar 25 20:49:18 UTC 2026","Wed Mar 25 20:49:20 UTC 2026","2184","HabitNuCoachPortalSuite","HabitNuCoachesPortalRegression-PartA","CoachesPortal.CohortLevelDashboard.CohortLevelDashboardPage","CoachesPortal.CohortLevelDashboard.CohortLevelDashboardPage","case26","Click on Participant in average BP- should navigate to user dashboard.",""
"passed","Wed Mar 25 22:03:51 UTC 2026","Wed Mar 25 22:03:51 UTC 2026","0","HabitNuCoachPortalSuite","Scheduler","CoachesPortal.Schedular","CoachesPortal.Schedular","validateInteractionEntries_UpdatedAt","test1 > Given I am logged in as admin, verify group interaction entries are made automatically when meet is attended for min of 1min > Validating field==UpdatedAt","test1 > Given I am logged in as admin, verify group interaction entries are made automatically when meet is attended for min of 1min > Validating field==UpdatedAt"
"passed","Wed Mar 25 20:52:24 UTC 2026","Wed Mar 25 20:52:44 UTC 2026","19557","HabitNuCoachPortalSuite","HabitNuCoachesPortalRegression-PartA","CoachesPortal.LearnModule.Learn","CoachesPortal.LearnModule.Learn","loginAsAdmin","No course configured for the program.",""
"broken","Wed Mar 25 21:46:25 UTC 2026","Wed Mar 25 21:47:00 UTC 2026","35219","HabitNuCoachPortalSuite","HabitNuCoachesPortalRegression-PartB","CoachesPortal.PatientDetails.PatientProfileDemographic","CoachesPortal.PatientDetails.PatientProfileDemographic","updateDisenrollmentDetails_with_onlyDisenrolledCodeData","test1 > Given I am logged in as customer admin, try updating DisenrollmentDetails with only diseenrolledCode data","test1 > Given I am logged in as customer admin, try updating DisenrollmentDetails with only diseenrolledCode data"
"broken","Wed Mar 25 21:12:41 UTC 2026","Wed Mar 25 21:13:02 UTC 2026","20848","HabitNuCoachPortalSuite","HabitNuCoachesPortalRegression-PartA","CoachesPortal.LearnModule.CustomerAdminCourseDocument","CoachesPortal.LearnModule.CustomerAdminCourseDocument","verifyVideoPublishCancelAndConfirm","Video Publish Cancel And Confirm",""
"broken","Wed Mar 25 22:13:27 UTC 2026","Wed Mar 25 22:13:57 UTC 2026","30279","HabitNuCoachPortalSuite","HabitNuCoachesPortalRegression-PartC","CoachesPortal.PatientDetails.PatientProfilePreAuth","CoachesPortal.PatientDetails.PatientProfilePreAuth","deletePerAuth","delete PreAuth for Ethylen",""
"broken","Wed Mar 25 21:35:54 UTC 2026","Wed Mar 25 21:36:30 UTC 2026","35713","HabitNuCoachPortalSuite","HabitNuCoachesPortalRegression-PartB","CoachesPortal.OnsiteUsersListDashboard","CoachesPortal.OnsiteUsersListDashboard","case55","test1 > Given I am logged in as customerAdmin, verify milestonecolor==green when coach updates 'confirm By participant' to true","test1 > Given I am logged in as customerAdmin, verify milestonecolor==green when coach updates 'confirm By participant' to true"
"passed","Wed Mar 25 22:47:51 UTC 2026","Wed Mar 25 22:47:52 UTC 2026","33","HabitNuCoachPortalSuite","FeatureFlags","CoachesPortal.FeatureFlags","CoachesPortal.FeatureFlags","test4_validatingadmin_defaultpage","When user is validating to Admin default section ",""
"passed","Wed Mar 25 21:32:43 UTC 2026","Wed Mar 25 21:32:46 UTC 2026","3259","HabitNuCoachPortalSuite","HabitNuCoachesPortalRegression-PartB","CoachesPortal.OnsiteUsersListDashboard","CoachesPortal.OnsiteUsersListDashboard","case37","test1 > Given I am logged in as customerAdmin, sorting users table with Join Date in desc order","test1 > Given I am logged in as customerAdmin, sorting users table with Join Date in desc order"
"passed","Wed Mar 25 21:53:40 UTC 2026","Wed Mar 25 21:53:55 UTC 2026","14824","HabitNuCoachPortalSuite","UserActivities","CoachesPortal.PatientDetails.UserActivitiesBloodSugar","CoachesPortal.PatientDetails.UserActivitiesBloodSugar","verifyBloodSugareRequired","Verify bloodsugar required",""
"passed","Wed Mar 25 22:05:41 UTC 2026","Wed Mar 25 22:05:43 UTC 2026","2038","HabitNuCoachPortalSuite","Paywal","CoachesPortal.payWall","CoachesPortal.payWall","testFilterSubscriptions","COP-T397–399: Validate subscription filters",""
"passed","Wed Mar 25 21:26:58 UTC 2026","Wed Mar 25 21:26:58 UTC 2026","183","HabitNuCoachPortalSuite","HabitNuCoachesPortalRegression-PartA","CoachesPortal.DirectMessage","CoachesPortal.DirectMessage","sendMessageToPatient_1","send a message to participant",""
"broken","Wed Mar 25 20:47:46 UTC 2026","Wed Mar 25 20:48:02 UTC 2026","15445","HabitNuCoachPortalSuite","HabitNuCoachesPortalRegression-PartA","CoachesPortal.CohortLevelDashboard.CohortLevelDashboardPage","CoachesPortal.CohortLevelDashboard.CohortLevelDashboardPage","case17","Food Category Previous Week Data.",""
"failed","Wed Mar 25 22:54:12 UTC 2026","Wed Mar 25 22:54:14 UTC 2026","1266","HabitNuCoachPortalSuite","DifferentTypeOfDashboards","CoachesPortal.CohortLevelDashboard.OnsiteCohortDashboard","CoachesPortal.CohortLevelDashboard.OnsiteCohortDashboard","case8","test1 > Given I am logged in as coach,  I am validating onsite cohort 'Weight Loss By Participants validation on graph with 'Added by user' option, when user adds weight","test1 > Given I am logged in as coach,  I am validating onsite cohort 'Weight Loss By Participants validation on graph with 'Added by user' option, when user adds weight"
"passed","Wed Mar 25 21:18:03 UTC 2026","Wed Mar 25 21:18:05 UTC 2026","2232","HabitNuCoachPortalSuite","HabitNuCoachesPortalRegression-PartA","CoachesPortal.DiscussionForumPage","CoachesPortal.DiscussionForumPage","case7","test1 > Given I am logged in as coach, I am validating Add subject and describe- success post.","test1 > Given I am logged in as coach, I am validating Add subject and describe- success post."
"passed","Wed Mar 25 22:33:04 UTC 2026","Wed Mar 25 22:33:06 UTC 2026","1967","HabitNuCoachPortalSuite","GeneralContent","CoachesPortal.generalContent_WEb_Coaches","CoachesPortal.generalContent_WEb_Coaches","RedirectToWeb","Redirecting To Web page",""
"passed","Wed Mar 25 21:30:51 UTC 2026","Wed Mar 25 21:30:52 UTC 2026","332","HabitNuCoachPortalSuite","HabitNuCoachesPortalRegression-PartB","CoachesPortal.OnsiteUsersListDashboard","CoachesPortal.OnsiteUsersListDashboard","case7","test1 > Given I am logged in as coach, Form Survey for cohort- Check for options displayed.","test1 > Given I am logged in as coach, Form Survey for cohort- Check for options displayed."
"passed","Wed Mar 25 23:05:28 UTC 2026","Wed Mar 25 23:05:36 UTC 2026","8170","HabitNuCoachPortalSuite","DifferentTypeOfCohorts","CoachesPortal.liteCohorts","CoachesPortal.liteCohorts","case1","test1 > Given I am logged in as admin, I am validating Lite cohorts modules","test1 > Given I am logged in as admin, I am validating Lite cohorts modules, where cohort's Program type=NDPP, Delivery type=Online"
"passed","Wed Mar 25 20:52:19 UTC 2026","Wed Mar 25 20:52:24 UTC 2026","5065","HabitNuCoachPortalSuite","HabitNuCoachesPortalRegression-PartA","CoachesPortal.LearnModule.Learn","CoachesPortal.LearnModule.Learn","nocourseconfiguredfortheprogram","No course configured for the program.",""
"failed","Wed Mar 25 22:18:58 UTC 2026","Wed Mar 25 22:18:59 UTC 2026","570","HabitNuCoachPortalSuite","ProjectPowerDashboard","CoachesPortal.ProjectPowerDashboard","CoachesPortal.ProjectPowerDashboard","verifyADAMilestoneForCUSTOMTIME","All cohort dashboard for project power - ADA milestone trend - CUSTOM TIME",""
"passed","Wed Mar 25 21:26:53 UTC 2026","Wed Mar 25 21:26:55 UTC 2026","1183","HabitNuCoachPortalSuite","HabitNuCoachesPortalRegression-PartA","CoachesPortal.DirectMessage","CoachesPortal.DirectMessage","searchParticipantByEmail_who_is_notPartOfthisCohort","Search participant by email who is not part of this cohort",""
"passed","Wed Mar 25 22:03:47 UTC 2026","Wed Mar 25 22:03:48 UTC 2026","284","HabitNuCoachPortalSuite","Scheduler","CoachesPortal.Schedular","CoachesPortal.Schedular","cancelMeeting","test8 >  Given I am logged in as admin, and on time slot page, When I click on created appointment, Then I should see Cancel meeting button, When I click on it, Then Should be able to cancel it","admin login - User should be able to cancel appointment"
"broken","Wed Mar 25 22:22:56 UTC 2026","Wed Mar 25 22:22:57 UTC 2026","1802","HabitNuCoachPortalSuite","LogClassSession","CoachesPortal.LogClassSection","CoachesPortal.LogClassSection","verifyAddWeightAttendanceDateAndPAAndLFAndMUPIn_Person","Add weight,attendance date and PA And LF And MUP In Person Mode",""
"skipped","Wed Mar 25 22:35:53 UTC 2026","Wed Mar 25 22:35:53 UTC 2026","0","HabitNuCoachPortalSuite","Milestones","CoachesPortal.MilestoneModule.SoleraIBCorNDPP","CoachesPortal.MilestoneModule.SoleraIBCorNDPP","test8","Given I have achieved M0 & M1, M2, M3(firstgreen), M3(secondgreen) now, When I achieve Weekly Meaningful Engagement for week5, Then I should be able to achieve M4",""
"passed","Wed Mar 25 22:21:38 UTC 2026","Wed Mar 25 22:21:44 UTC 2026","5629","HabitNuCoachPortalSuite","LogClassSession","CoachesPortal.LogClassSection","CoachesPortal.LogClassSection","verifyAddOnlyLF","Add Only LF",""
"passed","Wed Mar 25 21:41:22 UTC 2026","Wed Mar 25 21:41:22 UTC 2026","43","HabitNuCoachPortalSuite","HabitNuCoachesPortalRegression-PartB","CoachesPortal.PatientDetails.PatientProfileDemographic","CoachesPortal.PatientDetails.PatientProfileDemographic","verifyAddressDetails","test1 > Given I am logged in as coach, verifyAddressDetails","test1 > Given I am logged in as coach, verifyAddressDetails"
"broken","Wed Mar 25 21:34:10 UTC 2026","Wed Mar 25 21:34:14 UTC 2026","3203","HabitNuCoachPortalSuite","HabitNuCoachesPortalRegression-PartB","CoachesPortal.OnsiteUsersListDashboard","CoachesPortal.OnsiteUsersListDashboard","case47","test1 > Given I am logged in as customerAdmin, sorting users table with 'cohort' in asc order","test1 > Given I am logged in as customerAdmin, sorting users table with 'cohort' in asc order"
"passed","Wed Mar 25 20:51:49 UTC 2026","Wed Mar 25 20:51:51 UTC 2026","2576","HabitNuCoachPortalSuite","HabitNuCoachesPortalRegression-PartA","CoachesPortal.LearnModule.Learn","CoachesPortal.LearnModule.Learn","removeCourseFromTheCohort","remove course from the cohort",""
"passed","Wed Mar 25 22:03:51 UTC 2026","Wed Mar 25 22:03:51 UTC 2026","0","HabitNuCoachPortalSuite","Scheduler","CoachesPortal.Schedular","CoachesPortal.Schedular","validateInteractionEntries_Claimed","test1 > Given I am logged in as admin, verify group interaction entries are made automatically when meet is attended for min of 1min > Validating field==Claimed","test1 > Given I am logged in as admin, verify group interaction entries are made automatically when meet is attended for min of 1min > Validating field==Claimed"
"failed","Wed Mar 25 22:53:33 UTC 2026","Wed Mar 25 22:53:44 UTC 2026","11254","HabitNuCoachPortalSuite","DifferentTypeOfDashboards","CoachesPortal.CohortLevelDashboard.OnsiteCohortDashboard","CoachesPortal.CohortLevelDashboard.OnsiteCohortDashboard","fivePercentWeightLossCard","test1 > Given I am logged in as coach, I am validating onsite cohort 'dashboard-card=fivePercentWeightLossCardCount","test1 > Given I am logged in as coach, I am validating onsite cohort 'dashboard-card=fivePercentWeightLossCardCount"
"passed","Wed Mar 25 22:33:06 UTC 2026","Wed Mar 25 22:33:13 UTC 2026","6921","HabitNuCoachPortalSuite","GeneralContent","CoachesPortal.generalContent_WEb_Coaches","CoachesPortal.generalContent_WEb_Coaches","case10","Main Page",""
"passed","Wed Mar 25 20:51:11 UTC 2026","Wed Mar 25 20:51:14 UTC 2026","3134","HabitNuCoachPortalSuite","HabitNuCoachesPortalRegression-PartA","CoachesPortal.LearnModule.Learn","CoachesPortal.LearnModule.Learn","checkDefaultCourseInfoMessage","add course to the cohort",""
"failed","Wed Mar 25 22:52:13 UTC 2026","Wed Mar 25 22:52:24 UTC 2026","10993","HabitNuCoachPortalSuite","DifferentTypeOfDashboards","CoachesPortal.CohortLevelDashboard.OnlineCohortDashboard","CoachesPortal.CohortLevelDashboard.OnlineCohortDashboard","fivePercentWeightLossCard","test1 > Given I am logged in as customer admin, I am validating online cohort 'dashboard-card=fivePercentWeightLossCardCount","test1 > Given I am logged in as customer admin, I am validating online cohort 'dashboard-card=fivePercentWeightLossCardCount"
"failed","Wed Mar 25 22:54:14 UTC 2026","Wed Mar 25 22:54:14 UTC 2026","745","HabitNuCoachPortalSuite","DifferentTypeOfDashboards","CoachesPortal.CohortLevelDashboard.OnsiteCohortDashboard","CoachesPortal.CohortLevelDashboard.OnsiteCohortDashboard","case9","test1 > Given I am logged in as coach, I am validating onsite cohort 'Weight Loss By Participants validation on graph with 'Added by coach' option, when user adds weight","test1 > Given I am logged in as coach, I am validating onsite cohort 'Weight Loss By Participants validation on graph with 'Added by coach' option, when user adds weight"
"passed","Wed Mar 25 20:50:12 UTC 2026","Wed Mar 25 20:50:42 UTC 2026","29865","HabitNuCoachPortalSuite","HabitNuCoachesPortalRegression-PartA","CoachesPortal.LearnModule.Learn","CoachesPortal.LearnModule.Learn","createContentToTheCourse","create content to the course",""
"passed","Wed Mar 25 22:36:51 UTC 2026","Wed Mar 25 22:36:53 UTC 2026","1946","HabitNuCoachPortalSuite","Milestones","CoachesPortal.BPSMMilestone","CoachesPortal.BPSMMilestone","test2_changecohort","When user is able to change the cohort",""
"passed","Wed Mar 25 22:24:26 UTC 2026","Wed Mar 25 22:24:27 UTC 2026","1242","HabitNuCoachPortalSuite","GroupDPPClassPlanner","CoachesPortal.ClassPlanner","CoachesPortal.ClassPlanner","case3","Add the list to class planner",""
"passed","Wed Mar 25 21:28:30 UTC 2026","Wed Mar 25 21:28:36 UTC 2026","5201","HabitNuCoachPortalSuite","HabitNuCoachesPortalRegression-PartA","CoachesPortal.DirectMessage","CoachesPortal.DirectMessage","verifyMessageFromChatBox","Verify message sent from Coach in chatbox",""
"passed","Wed Mar 25 20:49:35 UTC 2026","Wed Mar 25 20:49:37 UTC 2026","2070","HabitNuCoachPortalSuite","HabitNuCoachesPortalRegression-PartA","CoachesPortal.CohortLevelDashboard.CohortLevelDashboardPage","CoachesPortal.CohortLevelDashboard.CohortLevelDashboardPage","case29","Office Hours Participant click- dashboard navigation.",""
"failed","Wed Mar 25 22:53:45 UTC 2026","Wed Mar 25 22:53:46 UTC 2026","760","HabitNuCoachPortalSuite","DifferentTypeOfDashboards","CoachesPortal.CohortLevelDashboard.OnsiteCohortDashboard","CoachesPortal.CohortLevelDashboard.OnsiteCohortDashboard","case6","test1 > Given I am logged in as coach, I am validating onsite cohort 'Weight Loss By Participants validation on graph with 'Added by user' option","test1 > Given I am logged in as coach, I am validating onsite cohort 'Weight Loss By Participants validation on graph with 'Added by user' option"
"passed","Wed Mar 25 22:06:00 UTC 2026","Wed Mar 25 22:06:01 UTC 2026","893","HabitNuCoachPortalSuite","Paywal","CoachesPortal.payWall","CoachesPortal.payWall","testFilterTransactions","COP-T400: Validate all transaction filters",""
"passed","Wed Mar 25 20:51:51 UTC 2026","Wed Mar 25 20:52:00 UTC 2026","9006","HabitNuCoachPortalSuite","HabitNuCoachesPortalRegression-PartA","CoachesPortal.LearnModule.Learn","CoachesPortal.LearnModule.Learn","checkLearnTabOnWebWhenCourseIsPublished","check learn tab visibilty on web app when no course is published from coaches portal",""
"failed","Wed Mar 25 22:54:47 UTC 2026","Wed Mar 25 22:55:10 UTC 2026","23434","HabitNuCoachPortalSuite","DifferentTypeOfDashboards","CoachesPortal.CohortLevelDashboard.DSMEDashboardCoachesPortal","CoachesPortal.CohortLevelDashboard.DSMEDashboardCoachesPortal","test2_Flagged","And user is navigated to Flagged",""
"passed","Wed Mar 25 21:31:09 UTC 2026","Wed Mar 25 21:31:09 UTC 2026","664","HabitNuCoachPortalSuite","HabitNuCoachesPortalRegression-PartB","CoachesPortal.OnsiteUsersListDashboard","CoachesPortal.OnsiteUsersListDashboard","case11","test1 > Given I am logged in as coach, Choose Cohort- Form survey- SDOH- No form configured. Please contact admin.","test1 > Given I am logged in as coach, Choose Cohort- Form survey- SDOH- No form configured. Please contact admin."
"passed","Wed Mar 25 21:31:39 UTC 2026","Wed Mar 25 21:31:39 UTC 2026","180","HabitNuCoachPortalSuite","HabitNuCoachesPortalRegression-PartB","CoachesPortal.OnsiteUsersListDashboard","CoachesPortal.OnsiteUsersListDashboard","case22","test1 > Given I am logged in as coach, Actions- Request form survey and Reset password should be displayed.","test1 > Given I am logged in as coach, Actions- Request form survey and Reset password should be displayed."
"broken","Wed Mar 25 20:47:15 UTC 2026","Wed Mar 25 20:47:30 UTC 2026","15474","HabitNuCoachPortalSuite","HabitNuCoachesPortalRegression-PartA","CoachesPortal.CohortLevelDashboard.CohortLevelDashboardPage","CoachesPortal.CohortLevelDashboard.CohortLevelDashboardPage","case13","Food category - 0 Kcal test case.",""
"passed","Wed Mar 25 22:17:05 UTC 2026","Wed Mar 25 22:17:05 UTC 2026","10","HabitNuCoachPortalSuite","ProjectPowerDashboard","CoachesPortal.ProjectPowerDashboard","CoachesPortal.ProjectPowerDashboard","verify5percentWeightLoss","It should display the total number of participants who have achieved 5% weight loss",""
"passed","Wed Mar 25 21:45:21 UTC 2026","Wed Mar 25 21:45:21 UTC 2026","11","HabitNuCoachPortalSuite","HabitNuCoachesPortalRegression-PartB","CoachesPortal.PatientDetails.PatientProfileDemographic","CoachesPortal.PatientDetails.PatientProfileDemographic","updateFirstName","test1 > Given I am logged in as coach, First Name","test1 > Given I am logged in as coach, First Name"
"passed","Wed Mar 25 21:45:21 UTC 2026","Wed Mar 25 21:45:21 UTC 2026","5","HabitNuCoachPortalSuite","HabitNuCoachesPortalRegression-PartB","CoachesPortal.PatientDetails.PatientProfileDemographic","CoachesPortal.PatientDetails.PatientProfileDemographic","updateMaritalStatus","test1 > Given I am logged in as coach, Marital Status","test1 > Given I am logged in as coach, Marital Status"
"broken","Wed Mar 25 21:01:43 UTC 2026","Wed Mar 25 21:02:04 UTC 2026","20519","HabitNuCoachPortalSuite","HabitNuCoachesPortalRegression-PartA","CoachesPortal.LearnModule.CustomerAdminCourseDocument","CoachesPortal.LearnModule.CustomerAdminCourseDocument","verifyopenAndCloseDocument","Verify open and close new document",""
"passed","Wed Mar 25 21:58:40 UTC 2026","Wed Mar 25 21:58:52 UTC 2026","12079","HabitNuCoachPortalSuite","Scheduler","CoachesPortal.Schedular","CoachesPortal.Schedular","createAppointment","test3 >  Given I am logged in as coach, and on create appointment page, When I fill in all the required details, Then I should be able to save the appointment","coach login - User should be able to create and save appointment"
"passed","Wed Mar 25 22:19:00 UTC 2026","Wed Mar 25 22:19:01 UTC 2026","589","HabitNuCoachPortalSuite","ProjectPowerDashboard","CoachesPortal.ProjectPowerDashboard","CoachesPortal.ProjectPowerDashboard","verifyCohortWeightLossTrendForALLTIME","All cohort dashboard for project power - Cohort Weight Loss trend - All Time",""
"broken","Wed Mar 25 20:46:31 UTC 2026","Wed Mar 25 20:46:38 UTC 2026","6308","HabitNuCoachPortalSuite","HabitNuCoachesPortalRegression-PartA","CoachesPortal.CohortLevelDashboard.CohortLevelDashboardPage","CoachesPortal.CohortLevelDashboard.CohortLevelDashboardPage","case5","Click on graph of a participant- Should open dashboard of that particular participant.",""
"passed","Wed Mar 25 21:31:28 UTC 2026","Wed Mar 25 21:31:34 UTC 2026","5643","HabitNuCoachPortalSuite","HabitNuCoachesPortalRegression-PartB","CoachesPortal.OnsiteUsersListDashboard","CoachesPortal.OnsiteUsersListDashboard","case18","test1 > Given I am logged in as coach, Enter call details and then to profile section and check for the details saved.","test1 > Given I am logged in as coach, Enter call details and then to profile section and check for the details saved."
"passed","Wed Mar 25 22:20:12 UTC 2026","Wed Mar 25 22:20:12 UTC 2026","21","HabitNuCoachPortalSuite","ProjectPowerDashboard","CoachesPortal.ProjectPowerDashboard","CoachesPortal.ProjectPowerDashboard","verifyDemographicsDiabetesDiagnosis","Demographics page - Diabetes Diagnosis",""
"broken","Wed Mar 25 21:06:30 UTC 2026","Wed Mar 25 21:06:30 UTC 2026","65","HabitNuCoachPortalSuite","HabitNuCoachesPortalRegression-PartA","CoachesPortal.LearnModule.CustomerAdminCourseDocument","CoachesPortal.LearnModule.CustomerAdminCourseDocument","verifyAddDocument","Add Document",""
"broken","Wed Mar 25 23:02:43 UTC 2026","Wed Mar 25 23:03:02 UTC 2026","18681","HabitNuCoachPortalSuite","DifferentTypeOfDashboards","CoachesPortal.CohortLevelDashboard.ParticipantsProgressTracker","CoachesPortal.CohortLevelDashboard.ParticipantsProgressTracker","test9_Download_Report","And user is able to download the annual assessment report",""
"passed","Wed Mar 25 22:20:59 UTC 2026","Wed Mar 25 22:21:01 UTC 2026","2408","HabitNuCoachPortalSuite","LogClassSession","CoachesPortal.LogClassSection","CoachesPortal.LogClassSection","verifyLogClassSectionWithPatient","Verify Log Class Section With Patient",""
"passed","Wed Mar 25 20:46:56 UTC 2026","Wed Mar 25 20:46:59 UTC 2026","2846","HabitNuCoachPortalSuite","HabitNuCoachesPortalRegression-PartA","CoachesPortal.CohortLevelDashboard.CohortLevelDashboardPage","CoachesPortal.CohortLevelDashboard.CohortLevelDashboardPage","case11","Coach Interactions by Participants- click on participant and navigate to dashboard.",""
"passed","Wed Mar 25 23:00:47 UTC 2026","Wed Mar 25 23:00:51 UTC 2026","3279","HabitNuCoachPortalSuite","DifferentTypeOfDashboards","CoachesPortal.CohortLevelDashboard.ParticipantsProgressTracker","CoachesPortal.CohortLevelDashboard.ParticipantsProgressTracker","test6_Search_Users","And user is able to search the users",""
"passed","Wed Mar 25 20:53:23 UTC 2026","Wed Mar 25 20:54:20 UTC 2026","57354","HabitNuCoachPortalSuite","HabitNuCoachesPortalRegression-PartA","CoachesPortal.LearnModule.Learn","CoachesPortal.LearnModule.Learn","verifycloneCoursePage","verify on clone course page, course created by admin is available",""
"passed","Wed Mar 25 21:45:20 UTC 2026","Wed Mar 25 21:45:20 UTC 2026","132","HabitNuCoachPortalSuite","HabitNuCoachesPortalRegression-PartB","CoachesPortal.PatientDetails.PatientProfileDemographic","CoachesPortal.PatientDetails.PatientProfileDemographic","testSelectDressingNo","test1 > Given I am logged in as coach, testSelectDressingNo","test1 > Given I am logged in as coach, testSelectDressingNo"
"broken","Wed Mar 25 20:56:31 UTC 2026","Wed Mar 25 20:56:38 UTC 2026","6994","HabitNuCoachPortalSuite","HabitNuCoachesPortalRegression-PartA","CoachesPortal.LearnModule.Learn","CoachesPortal.LearnModule.Learn","checkWebAPPAfterCourseAddedByAdmin","verify on clone course page, course created by admin is available",""
"passed","Wed Mar 25 22:46:40 UTC 2026","Wed Mar 25 22:46:48 UTC 2026","7837","HabitNuCoachPortalSuite","UserDashboard","CoachesPortal.PatientDashboard","CoachesPortal.PatientDashboard","patientWeeklyStatus_STEPS","test4 > Given I am logged in as admin, wehn I am on adding steps from user Dashboard, Then I should be able to see added exercise steps count==1 under patientWeeklyStatus_STEPS","admin login - user/patient/partcipant dashboard validation"
"passed","Wed Mar 25 21:48:31 UTC 2026","Wed Mar 25 21:48:33 UTC 2026","2234","HabitNuCoachPortalSuite","HabitNuCoachesPortalRegression-PartB","CoachesPortal.PatientDetails.PatientProfileDemographic","CoachesPortal.PatientDetails.PatientProfileDemographic","updateAndVerifyBaselineHealthData","test1 > Given I am logged in as customer admin, updateAndVerifyBaselineHealthData","test1 > Given I am logged in as customer admin, updateAndVerifyBaselineHealthData"
"passed","Wed Mar 25 21:15:06 UTC 2026","Wed Mar 25 21:15:08 UTC 2026","2101","HabitNuCoachPortalSuite","HabitNuCoachesPortalRegression-PartA","CoachesPortal.DiscussionForumPage","CoachesPortal.DiscussionForumPage","case23","test1 > Given I am logged in as admin, I am validating Click Delete - Cancel","test1 > Given I am logged in as admin, I am validating Click Delete - Cancel"
"broken","Wed Mar 25 21:01:23 UTC 2026","Wed Mar 25 21:01:43 UTC 2026","20298","HabitNuCoachPortalSuite","HabitNuCoachesPortalRegression-PartA","CoachesPortal.LearnModule.CustomerAdminCourseDocument","CoachesPortal.LearnModule.CustomerAdminCourseDocument","verifyAllElementsInCourseDocuments_","Verify all Elements In CourseDocument",""
"passed","Wed Mar 25 21:52:06 UTC 2026","Wed Mar 25 21:52:07 UTC 2026","622","HabitNuCoachPortalSuite","PatientsProfileAllergies","CoachesPortal.PatientDetails.PatientsProfileAllergies","CoachesPortal.PatientDetails.PatientsProfileAllergies","deleteMedication","delete allergy for Ethylen",""
"broken","Wed Mar 25 22:35:21 UTC 2026","Wed Mar 25 22:35:21 UTC 2026","118","HabitNuCoachPortalSuite","Milestones","CoachesPortal.MilestoneModule.SoleraIBCorNDPP","CoachesPortal.MilestoneModule.SoleraIBCorNDPP","test3","Given I am on the Name/SID column, When I click the downward arrow, Then the names should be displayed in ascending order",""
"passed","Wed Mar 25 22:36:58 UTC 2026","Wed Mar 25 22:36:59 UTC 2026","1279","HabitNuCoachPortalSuite","Milestones","CoachesPortal.BPSMMilestone","CoachesPortal.BPSMMilestone","test6_validating_BPSMHeaders_Name","And user is validating to BPSMHeaders data by clicking arrow button",""
"broken","Wed Mar 25 22:30:09 UTC 2026","Wed Mar 25 22:30:09 UTC 2026","66","HabitNuCoachPortalSuite","GroupDPPClassPlanner","CoachesPortal.ClassPlanner","CoachesPortal.ClassPlanner","case30","Login to coach portal -> select the cohort -> Class planner -> Click on Edit (pencil) button -> remove the participant -> Done",""
"passed","Wed Mar 25 21:34:14 UTC 2026","Wed Mar 25 21:34:14 UTC 2026","272","HabitNuCoachPortalSuite","HabitNuCoachesPortalRegression-PartB","CoachesPortal.OnsiteUsersListDashboard","CoachesPortal.OnsiteUsersListDashboard","case48","test1 > Given I am logged in as customerAdmin, enroll user but click - N0","test1 > Given I am logged in as customerAdmin, enroll user but click - N0"
"passed","Wed Mar 25 21:45:21 UTC 2026","Wed Mar 25 21:45:21 UTC 2026","6","HabitNuCoachPortalSuite","HabitNuCoachesPortalRegression-PartB","CoachesPortal.PatientDetails.PatientProfileDemographic","CoachesPortal.PatientDetails.PatientProfileDemographic","updateMiddleName","test1 > Given I am logged in as coach, Middle Name","test1 > Given I am logged in as coach, Middle Name"
"broken","Wed Mar 25 21:00:42 UTC 2026","Wed Mar 25 21:01:02 UTC 2026","20100","HabitNuCoachPortalSuite","HabitNuCoachesPortalRegression-PartA","CoachesPortal.LearnModule.CustomerAdminCourseDocument","CoachesPortal.LearnModule.CustomerAdminCourseDocument","verifyOpeningCustAdminCourseDocument","Verify Opening Customer Admin Should have CourseDocument",""
"failed","Wed Mar 25 21:45:40 UTC 2026","Wed Mar 25 21:45:40 UTC 2026","332","HabitNuCoachPortalSuite","HabitNuCoachesPortalRegression-PartB","CoachesPortal.PatientDetails.PatientProfileDemographic","CoachesPortal.PatientDetails.PatientProfileDemographic","verifyProgramDetails","test1 > Given I am logged in as customer admin, Verify user as Ethelyn in demographic with Program Details","test1 > Given I am logged in as customer admin, Verify user as Ethelyn in demographic with Program Details"
"broken","Wed Mar 25 22:35:21 UTC 2026","Wed Mar 25 22:35:53 UTC 2026","31826","HabitNuCoachPortalSuite","Milestones","CoachesPortal.MilestoneModule.SoleraIBCorNDPP","CoachesPortal.MilestoneModule.SoleraIBCorNDPP","test4","Given I am enrolled in a programId==IBC/NDPP, When I achieve Weekly Meaningful Engagement for week1, Then I should be marked as having achieved milestone M0 and milestone M1",""
"passed","Wed Mar 25 21:22:03 UTC 2026","Wed Mar 25 21:22:06 UTC 2026","2761","HabitNuCoachPortalSuite","HabitNuCoachesPortalRegression-PartA","CoachesPortal.DiscussionForumPage","CoachesPortal.DiscussionForumPage","case28","test1 > Given I am logged in as coach, I am validating Delete all posts","test1 > Given I am logged in as coach, I am validating Delete all posts"
"passed","Wed Mar 25 22:57:30 UTC 2026","Wed Mar 25 22:57:34 UTC 2026","3872","HabitNuCoachPortalSuite","DifferentTypeOfDashboards","CoachesPortal.CohortLevelDashboard.DSMEDashboardCoachesPortal","CoachesPortal.CohortLevelDashboard.DSMEDashboardCoachesPortal","test12_verifyBloodSugarByPatientsInOutcomesTab","Verify Blood Sugar by Patients Should be displayed under outcomes tab",""
"passed","Wed Mar 25 20:49:53 UTC 2026","Wed Mar 25 20:49:54 UTC 2026","424","HabitNuCoachPortalSuite","HabitNuCoachesPortalRegression-PartA","CoachesPortal.LearnModule.Learn","CoachesPortal.LearnModule.Learn","createCourse","Verify CustomerAdmin can create course",""
"passed","Wed Mar 25 22:57:27 UTC 2026","Wed Mar 25 22:57:30 UTC 2026","2828","HabitNuCoachPortalSuite","DifferentTypeOfDashboards","CoachesPortal.CohortLevelDashboard.DSMEDashboardCoachesPortal","CoachesPortal.CohortLevelDashboard.DSMEDashboardCoachesPortal","test11_ReferralManager_addparticipantsreferral_addnotes","And user is able to add notes in referral manager",""
"passed","Wed Mar 25 21:22:35 UTC 2026","Wed Mar 25 21:22:36 UTC 2026","1146","HabitNuCoachPortalSuite","HabitNuCoachesPortalRegression-PartA","CoachesPortal.DiscussionForumPage","CoachesPortal.DiscussionForumPage","case9","test1 > Given I am logged in as customerAdmin, I am validating Post empty comment- error message.","test1 > Given I am logged in as customerAdmin, I am validating Post empty comment- error message."
"passed","Wed Mar 25 21:44:09 UTC 2026","Wed Mar 25 21:44:09 UTC 2026","25","HabitNuCoachPortalSuite","HabitNuCoachesPortalRegression-PartB","CoachesPortal.PatientDetails.PatientProfileDemographic","CoachesPortal.PatientDetails.PatientProfileDemographic","verifyScaleOrderDetails","test1 > Given I am logged in as coach, verifyScaleOrderDetails","test1 > Given I am logged in as coach, verifyScaleOrderDetails"
"passed","Wed Mar 25 21:59:23 UTC 2026","Wed Mar 25 21:59:27 UTC 2026","3483","HabitNuCoachPortalSuite","Scheduler","CoachesPortal.Schedular","CoachesPortal.Schedular","joinTheMeeting","test7 >  Given I am logged in as coach, and on time slot page, When I click on created appointment, Then I should see the Join the meet button, When I click on it, Then I should be taken to joinmeeting page in new tab","coach login - User should be able to join the meet"
"passed","Wed Mar 25 21:19:06 UTC 2026","Wed Mar 25 21:19:11 UTC 2026","5220","HabitNuCoachPortalSuite","HabitNuCoachesPortalRegression-PartA","CoachesPortal.DiscussionForumPage","CoachesPortal.DiscussionForumPage","case16","test1 > Given I am logged in as coach, I am validating upload upto 5 files with Description- Success.","test1 > Given I am logged in as coach, I am validating upload upto 5 files with Description- Success."
"skipped","Wed Mar 25 22:08:23 UTC 2026","Wed Mar 25 22:08:23 UTC 2026","0","HabitNuCoachPortalSuite","Paywal","CoachesPortal.payWall","CoachesPortal.payWall","testValidateTransactionEntryAfterSubscription","COP-T411: Validate transaction entry after user subscription",""
"passed","Wed Mar 25 22:39:11 UTC 2026","Wed Mar 25 22:39:22 UTC 2026","10421","HabitNuCoachPortalSuite","Milestones","CoachesPortal.VAMilestone","CoachesPortal.VAMilestone","test17_validating_VAHeaders_data","And user is validating to VAHeaders data by clicking arrow button",""
"passed","Wed Mar 25 21:00:31 UTC 2026","Wed Mar 25 21:00:31 UTC 2026","54","HabitNuCoachPortalSuite","HabitNuCoachesPortalRegression-PartA","CoachesPortal.LearnModule.Learn","CoachesPortal.LearnModule.Learn","activeConfiguredNotificationsCheck","verify active is displayed against course notifications configured",""
"broken","Wed Mar 25 21:38:59 UTC 2026","Wed Mar 25 21:39:29 UTC 2026","30215","HabitNuCoachPortalSuite","HabitNuCoachesPortalRegression-PartB","CoachesPortal.PatientDetails.CommunicationLogsCoachesPortal","CoachesPortal.PatientDetails.CommunicationLogsCoachesPortal","verifyCommunicationLogsWithPush","verifyCommunicationLogsWithPush",""
"passed","Wed Mar 25 22:36:59 UTC 2026","Wed Mar 25 22:37:01 UTC 2026","2263","HabitNuCoachPortalSuite","Milestones","CoachesPortal.BPSMMilestone","CoachesPortal.BPSMMilestone","test7_validating_BPSMHeaders_data","And user is validating to BPSmHeaders data by clicking arrow button",""
"passed","Wed Mar 25 21:24:08 UTC 2026","Wed Mar 25 21:24:14 UTC 2026","5864","HabitNuCoachPortalSuite","HabitNuCoachesPortalRegression-PartA","CoachesPortal.DiscussionForumPage","CoachesPortal.DiscussionForumPage","case25","test1 > Given I am logged in as customerAdmin, I am validating Comment on pinned post.","test1 > Given I am logged in as customerAdmin, I am validating Comment on pinned post."
"broken","Wed Mar 25 22:20:42 UTC 2026","Wed Mar 25 22:20:42 UTC 2026","201","HabitNuCoachPortalSuite","LoginPageCases","CoachesPortal.LoginPageCases","CoachesPortal.LoginPageCases","case11","TC11- Click on Ask us",""
"passed","Wed Mar 25 22:50:18 UTC 2026","Wed Mar 25 22:50:18 UTC 2026","105","HabitNuCoachPortalSuite","ParticipationsTable","CoachesPortal.participations","CoachesPortal.participations","test6_validatingparticipations","And user is validating paricipations section",""
"broken","Wed Mar 25 21:44:09 UTC 2026","Wed Mar 25 21:44:41 UTC 2026","31954","HabitNuCoachPortalSuite","HabitNuCoachesPortalRegression-PartB","CoachesPortal.PatientDetails.PatientProfileDemographic","CoachesPortal.PatientDetails.PatientProfileDemographic","updateAndVerifyCallDetails","test1 > Given I am logged in as coach, updateAndVerifyCallDetails","test1 > Given I am logged in as coach, updateAndVerifyCallDetails"
"passed","Wed Mar 25 22:42:37 UTC 2026","Wed Mar 25 22:42:39 UTC 2026","1200","HabitNuCoachPortalSuite","UserDashboard","CoachesPortal.PatientDashboard","CoachesPortal.PatientDashboard","Weight_History","test3 > Given I am logged in as coach, wehn I am on adding weight from user Dashboard, Then I should be able to see added weight on the weight history graph","coach login - user/patient/partcipant dashboard validation"
"passed","Wed Mar 25 20:50:54 UTC 2026","Wed Mar 25 20:51:01 UTC 2026","6540","HabitNuCoachPortalSuite","HabitNuCoachesPortalRegression-PartA","CoachesPortal.LearnModule.Learn","CoachesPortal.LearnModule.Learn","accessCourseContentFromCoachesPortal","access the course content to verify",""
"passed","Wed Mar 25 22:21:50 UTC 2026","Wed Mar 25 22:21:59 UTC 2026","9562","HabitNuCoachPortalSuite","LogClassSession","CoachesPortal.LogClassSection","CoachesPortal.LogClassSection","verifyNegativeValueinWeightNotAllowed","Negative Value in weight not allowed",""
"broken","Wed Mar 25 22:15:34 UTC 2026","Wed Mar 25 22:15:35 UTC 2026","1180","HabitNuCoachPortalSuite","HabitNuCoachesPortalRegression-PartC","CoachesPortal.PatientDetails.PatientProfileImmunizations","CoachesPortal.PatientDetails.PatientProfileImmunizations","deleteImmunization","delete immunization for Ethylen",""
"failed","Wed Mar 25 22:56:36 UTC 2026","Wed Mar 25 22:56:59 UTC 2026","22190","HabitNuCoachPortalSuite","DifferentTypeOfDashboards","CoachesPortal.CohortLevelDashboard.DSMEDashboardCoachesPortal","CoachesPortal.CohortLevelDashboard.DSMEDashboardCoachesPortal","test7_Active","And user is validating Nurture",""
"passed","Wed Mar 25 20:49:46 UTC 2026","Wed Mar 25 20:49:51 UTC 2026","4494","HabitNuCoachPortalSuite","HabitNuCoachesPortalRegression-PartA","CoachesPortal.CohortLevelDashboard.CohortLevelDashboardPage","CoachesPortal.CohortLevelDashboard.CohortLevelDashboardPage","case33","Logout and Login again as customer admin- all cohort dashboard displayed/not",""
"passed","Wed Mar 25 21:13:47 UTC 2026","Wed Mar 25 21:13:56 UTC 2026","9257","HabitNuCoachPortalSuite","HabitNuCoachesPortalRegression-PartA","CoachesPortal.DiscussionForumPage","CoachesPortal.DiscussionForumPage","case12","test1 > Given I am logged in as admin, I am validating File upload- subject only- error.","test1 > Given I am logged in as admin, I am validating File upload- subject only- error."
"passed","Wed Mar 25 21:47:59 UTC 2026","Wed Mar 25 21:47:59 UTC 2026","51","HabitNuCoachPortalSuite","HabitNuCoachesPortalRegression-PartB","CoachesPortal.PatientDetails.PatientProfileDemographic","CoachesPortal.PatientDetails.PatientProfileDemographic","verifyCallDetails","test1 > Given I am logged in as customer admin, verifyCallDetails","test1 > Given I am logged in as customer admin, verifyCallDetails"
"failed","Wed Mar 25 22:54:26 UTC 2026","Wed Mar 25 22:54:29 UTC 2026","2549","HabitNuCoachPortalSuite","DifferentTypeOfDashboards","CoachesPortal.CohortLevelDashboard.OnsiteCohortDashboard","CoachesPortal.CohortLevelDashboard.OnsiteCohortDashboard","activeParticipants","test1 > Given I am logged in as coach, I am validating onsite cohort 'dashboard-card=activeParticipants","test1 > Given I am logged in as coach, I am validating onsite cohort 'dashboard-card=activeParticipants"
"passed","Wed Mar 25 21:58:39 UTC 2026","Wed Mar 25 21:58:40 UTC 2026","903","HabitNuCoachPortalSuite","Scheduler","CoachesPortal.Schedular","CoachesPortal.Schedular","openAppoitmentCreateForm","test2 > Given I am logged in as coach, When I click on time slot, Then I should be able to see the create appointment form","coach login - It should open meeting form"
"passed","Wed Mar 25 22:43:19 UTC 2026","Wed Mar 25 22:43:19 UTC 2026","155","HabitNuCoachPortalSuite","UserDashboard","CoachesPortal.PatientDashboard","CoachesPortal.PatientDashboard","Profile_in_Green","test18 > Given I am logged in as coach, wehn I am on Participants dashboard page, Then I should be able to see all particiapnt data on the photocard","coach login - clicking on scheduler should open the scheduler page in coaches portal"
"passed","Wed Mar 25 21:45:20 UTC 2026","Wed Mar 25 21:45:20 UTC 2026","118","HabitNuCoachPortalSuite","HabitNuCoachesPortalRegression-PartB","CoachesPortal.PatientDetails.PatientProfileDemographic","CoachesPortal.PatientDetails.PatientProfileDemographic","testSelectWalkingYes","test1 > Given I am logged in as coach, testSelectWalkingYes","test1 > Given I am logged in as coach, testSelectWalkingYes"
"passed","Wed Mar 25 22:50:20 UTC 2026","Wed Mar 25 22:50:23 UTC 2026","3658","HabitNuCoachPortalSuite","ParticipationsTable","CoachesPortal.participations","CoachesPortal.participations","test9_searchuser","And user is able to search the user with user email",""
"skipped","Wed Mar 25 22:35:53 UTC 2026","Wed Mar 25 22:35:53 UTC 2026","0","HabitNuCoachPortalSuite","Milestones","CoachesPortal.MilestoneModule.SoleraIBCorNDPP","CoachesPortal.MilestoneModule.SoleraIBCorNDPP","test10","Given I have achieved M0 & M1, M2, M3, M4, M5(1stgreen), When I achieve Weekly Meaningful Engagement for week7, Then I should be able to achieve M5(secondgreen)",""
"passed","Wed Mar 25 22:18:10 UTC 2026","Wed Mar 25 22:18:15 UTC 2026","5072","HabitNuCoachPortalSuite","ProjectPowerDashboard","CoachesPortal.ProjectPowerDashboard","CoachesPortal.ProjectPowerDashboard","verifyADAMilestone","All cohort dashboard for project power - ADA milestone trend",""
"passed","Wed Mar 25 22:47:07 UTC 2026","Wed Mar 25 22:47:07 UTC 2026","53","HabitNuCoachPortalSuite","UserDashboard","CoachesPortal.PatientDashboard","CoachesPortal.PatientDashboard","patientVWeeklyStatusVideo_when_partiallyWatched","test14 > Given I am logged in as admin, when I am on watching a video partally by logging into user app, Then I should be able to see watched Video count==0 under patientVWeeklyStatusVideo","admin login - user/patient/partcipant dashboard validation"
"failed","Wed Mar 25 22:52:51 UTC 2026","Wed Mar 25 22:52:54 UTC 2026","2566","HabitNuCoachPortalSuite","DifferentTypeOfDashboards","CoachesPortal.CohortLevelDashboard.OnlineCohortDashboard","CoachesPortal.CohortLevelDashboard.OnlineCohortDashboard","activeParticipants","test1 > Given I am logged in as customer admin, I am validating online cohort 'dashboard-card=activeParticipants","test1 > Given I am logged in as customer admin, I am validating online cohort 'dashboard-card=activeParticipants"
"passed","Wed Mar 25 22:42:06 UTC 2026","Wed Mar 25 22:42:13 UTC 2026","7370","HabitNuCoachPortalSuite","UserDashboard","CoachesPortal.PatientDashboard","CoachesPortal.PatientDashboard","goToUserDashboard","test1 > Given I am logged in as coach, wehn I click on Participants module, Then I should be taken to users/participants list page, when I click on a user, Then I should be taken to user dashboard","coach login - clicking on scheduler should open the scheduler page in coaches portal"
"passed","Wed Mar 25 22:47:19 UTC 2026","Wed Mar 25 22:47:19 UTC 2026","134","HabitNuCoachPortalSuite","UserDashboard","CoachesPortal.PatientDashboard","CoachesPortal.PatientDashboard","Profile_in_Green","test18 > Given I am logged in as admin, wehn I am on Participants dashboard page, Then I should be able to see all particiapnt data on the photocard","admin login - clicking on scheduler should open the scheduler page in coaches portal"
"passed","Wed Mar 25 22:02:28 UTC 2026","Wed Mar 25 22:02:28 UTC 2026","70","HabitNuCoachPortalSuite","Scheduler","CoachesPortal.Schedular","CoachesPortal.Schedular","validateInteractionEntries_Claimed","test1 > Given I am logged in as coach, verify group interaction entries are made automatically when meet is attended for min of 1min > Validating field==Claimed","test1 > Given I am logged in as coach, verify group interaction entries are made automatically when meet is attended for min of 1min > Validating field==Claimed"
"passed","Wed Mar 25 21:32:53 UTC 2026","Wed Mar 25 21:32:56 UTC 2026","3235","HabitNuCoachPortalSuite","HabitNuCoachesPortalRegression-PartB","CoachesPortal.OnsiteUsersListDashboard","CoachesPortal.OnsiteUsersListDashboard","case40","test1 > Given I am logged in as customerAdmin, sorting users table with 'Name' in asc order","test1 > Given I am logged in as customerAdmin, sorting users table with 'Name' in asc order"
"passed","Wed Mar 25 21:23:58 UTC 2026","Wed Mar 25 21:24:04 UTC 2026","5768","HabitNuCoachPortalSuite","HabitNuCoachesPortalRegression-PartA","CoachesPortal.DiscussionForumPage","CoachesPortal.DiscussionForumPage","case20","test1 > Given I am logged in as customerAdmin, I am validating Edit Post- Upload File","test1 > Given I am logged in as customerAdmin, I am validating Edit Post- Upload File"
"passed","Wed Mar 25 22:17:05 UTC 2026","Wed Mar 25 22:17:05 UTC 2026","11","HabitNuCoachPortalSuite","ProjectPowerDashboard","CoachesPortal.ProjectPowerDashboard","CoachesPortal.ProjectPowerDashboard","verifyM4","It should display total number of participants who have completed the Post survey",""
"passed","Wed Mar 25 20:49:51 UTC 2026","Wed Mar 25 20:49:51 UTC 2026","361","HabitNuCoachPortalSuite","HabitNuCoachesPortalRegression-PartA","CoachesPortal.LearnModule.Learn","CoachesPortal.LearnModule.Learn","verifyAdminModuleIsAvailable","Verify CustomerAdmin can click on admin option from profile Icon",""
"failed","Wed Mar 25 22:54:38 UTC 2026","Wed Mar 25 22:54:38 UTC 2026","132","HabitNuCoachPortalSuite","DifferentTypeOfDashboards","CoachesPortal.CohortLevelDashboard.OnsiteCohortDashboard","CoachesPortal.CohortLevelDashboard.OnsiteCohortDashboard","AttendanceByparticipantsGraph","test1 > Given I am logged in as coach, I am validating onsite cohort 'AttendanceByparticipantsGraph","test1 > Given I am logged in as coach, I am validating onsite cohort 'AttendanceByparticipantsGraph"
"passed","Wed Mar 25 21:18:36 UTC 2026","Wed Mar 25 21:18:41 UTC 2026","4130","HabitNuCoachPortalSuite","HabitNuCoachesPortalRegression-PartA","CoachesPortal.DiscussionForumPage","CoachesPortal.DiscussionForumPage","case14","test1 > Given I am logged in as coach, I am validating File upload-error ","test1 > Given I am logged in as coach, I am validating File upload-error "
"passed","Wed Mar 25 21:45:21 UTC 2026","Wed Mar 25 21:45:21 UTC 2026","6","HabitNuCoachPortalSuite","HabitNuCoachesPortalRegression-PartB","CoachesPortal.PatientDetails.PatientProfileDemographic","CoachesPortal.PatientDetails.PatientProfileDemographic","updateethnicity_race_info","test1 > Given I am logged in as coach, ethnicity_race_info","test1 > Given I am logged in as coach, ethnicity_race_info"
"passed","Wed Mar 25 22:20:57 UTC 2026","Wed Mar 25 22:20:58 UTC 2026","1232","HabitNuCoachPortalSuite","LogClassSession","CoachesPortal.LogClassSection","CoachesPortal.LogClassSection","validateLogClassSession_Non_Availibility","Verify Log Class Section is unavailable for programDeliveryType!=Onsite",""
"passed","Wed Mar 25 21:49:21 UTC 2026","Wed Mar 25 21:49:31 UTC 2026","10461","HabitNuCoachPortalSuite","HabitNuCoachesPortalRegression-PartB","CoachesPortal.PatientDetails.PatientProfileDemographic","CoachesPortal.PatientDetails.PatientProfileDemographic","updateMiddleName","test1 > Given I am logged in as customer admin, Middle Name","test1 > Given I am logged in as customer admin, Middle Name"
"broken","Wed Mar 25 21:11:18 UTC 2026","Wed Mar 25 21:11:39 UTC 2026","20815","HabitNuCoachPortalSuite","HabitNuCoachesPortalRegression-PartA","CoachesPortal.LearnModule.CustomerAdminCourseDocument","CoachesPortal.LearnModule.CustomerAdminCourseDocument","verifyAddOnlyDiscriptionVideo","Add Only Discription And verify videoupload and title Required",""
"passed","Wed Mar 25 21:00:07 UTC 2026","Wed Mar 25 21:00:18 UTC 2026","10629","HabitNuCoachPortalSuite","HabitNuCoachesPortalRegression-PartA","CoachesPortal.LearnModule.Learn","CoachesPortal.LearnModule.Learn","configNofifications","verify list of default list notifications",""
"broken","Wed Mar 25 21:32:19 UTC 2026","Wed Mar 25 21:32:24 UTC 2026","5390","HabitNuCoachPortalSuite","HabitNuCoachesPortalRegression-PartB","CoachesPortal.OnsiteUsersListDashboard","CoachesPortal.OnsiteUsersListDashboard","case30","test1 > Given I am logged in as customerAdmin, validate userList as customerAdmin-Verify all elements are present.","test1 > Given I am logged in as customerAdmin, validate userList as customerAdmin-Verify all elements are present."
"passed","Wed Mar 25 21:49:31 UTC 2026","Wed Mar 25 21:49:41 UTC 2026","10472","HabitNuCoachPortalSuite","HabitNuCoachesPortalRegression-PartB","CoachesPortal.PatientDetails.PatientProfileDemographic","CoachesPortal.PatientDetails.PatientProfileDemographic","updatelastName","test1 > Given I am logged in as customer admin, Last Name","test1 > Given I am logged in as customer admin, Last Name"
"skipped","Wed Mar 25 22:35:53 UTC 2026","Wed Mar 25 22:35:53 UTC 2026","0","HabitNuCoachPortalSuite","Milestones","CoachesPortal.MilestoneModule.SoleraIBCorNDPP","CoachesPortal.MilestoneModule.SoleraIBCorNDPP","test9","Given I have achieved M0 & M1, M2, M3, M4, When I achieve Weekly Meaningful Engagement for week6, Then I should be able to achieve M5(firstgreen)",""
"passed","Wed Mar 25 22:50:11 UTC 2026","Wed Mar 25 22:50:16 UTC 2026","4637","HabitNuCoachPortalSuite","ParticipationsTable","CoachesPortal.participations","CoachesPortal.participations","test1_navigatingcoach","Given user is navigating to coaches portal",""
"failed","Wed Mar 25 22:15:35 UTC 2026","Wed Mar 25 22:15:35 UTC 2026","177","HabitNuCoachPortalSuite","HabitNuCoachesPortalRegression-PartC","CoachesPortal.PatientDetails.PatientProfileImmunizations","CoachesPortal.PatientDetails.PatientProfileImmunizations","verifyImmunication","verify immunization for Ethylen",""
"broken","Wed Mar 25 22:20:43 UTC 2026","Wed Mar 25 22:20:43 UTC 2026","518","HabitNuCoachPortalSuite","LoginPageCases","CoachesPortal.LoginPageCases","CoachesPortal.LoginPageCases","case15","Coaches Portal Feedback URL -> Add Feedback-> Keep other fields empty -> Click on submit feedback",""
"passed","Wed Mar 25 22:06:10 UTC 2026","Wed Mar 25 22:06:12 UTC 2026","2179","HabitNuCoachPortalSuite","Paywal","CoachesPortal.payWall","CoachesPortal.payWall","testFilterTransactions","COP-T400: Validate all transaction filters",""
"passed","Wed Mar 25 21:41:22 UTC 2026","Wed Mar 25 21:41:26 UTC 2026","3670","HabitNuCoachPortalSuite","HabitNuCoachesPortalRegression-PartB","CoachesPortal.PatientDetails.PatientProfileDemographic","CoachesPortal.PatientDetails.PatientProfileDemographic","updateAndVerifyAddressDetails","test1 > Given I am logged in as coach, updateAndVerifyAddressDetails","test1 > Given I am logged in as coach, updateAndVerifyAddressDetails"
"broken","Wed Mar 25 22:25:02 UTC 2026","Wed Mar 25 22:26:05 UTC 2026","62428","HabitNuCoachPortalSuite","GroupDPPClassPlanner","CoachesPortal.ClassPlanner","CoachesPortal.ClassPlanner","case22","Activate the class planner - It should activate the class planner",""
"broken","Wed Mar 25 21:03:26 UTC 2026","Wed Mar 25 21:04:07 UTC 2026","40961","HabitNuCoachPortalSuite","HabitNuCoachesPortalRegression-PartA","CoachesPortal.LearnModule.CustomerAdminCourseDocument","CoachesPortal.LearnModule.CustomerAdminCourseDocument","verifyAddUrlLinkRequired","Add Url Required",""
"failed","Wed Mar 25 22:05:18 UTC 2026","Wed Mar 25 22:05:24 UTC 2026","6157","HabitNuCoachPortalSuite","Paywal","CoachesPortal.payWall","CoachesPortal.payWall","testEditSyncedPlanAndManualSync","COP-T393 & T394: Edit a synced plan and verify manual sync",""
"passed","Wed Mar 25 22:56:59 UTC 2026","Wed Mar 25 22:57:05 UTC 2026","6558","HabitNuCoachPortalSuite","DifferentTypeOfDashboards","CoachesPortal.CohortLevelDashboard.DSMEDashboardCoachesPortal","CoachesPortal.CohortLevelDashboard.DSMEDashboardCoachesPortal","test8_Complete","And user is validating Complete",""
"passed","Wed Mar 25 21:27:39 UTC 2026","Wed Mar 25 21:27:40 UTC 2026","486","HabitNuCoachPortalSuite","HabitNuCoachesPortalRegression-PartA","CoachesPortal.DirectMessage","CoachesPortal.DirectMessage","verifysentMessageToPatient","send a message to participant",""
"passed","Wed Mar 25 21:13:35 UTC 2026","Wed Mar 25 21:13:36 UTC 2026","1173","HabitNuCoachPortalSuite","HabitNuCoachesPortalRegression-PartA","CoachesPortal.DiscussionForumPage","CoachesPortal.DiscussionForumPage","case9","test1 > Given I am logged in as admin, I am validating Post empty comment- error message.","test1 > Given I am logged in as admin, I am validating Post empty comment- error message."
"passed","Wed Mar 25 22:22:05 UTC 2026","Wed Mar 25 22:22:20 UTC 2026","15776","HabitNuCoachPortalSuite","LogClassSession","CoachesPortal.LogClassSection","CoachesPortal.LogClassSection","verifyAddWeightAndAttendanceDate","Add weight and attendance date",""
"passed","Wed Mar 25 21:18:41 UTC 2026","Wed Mar 25 21:19:06 UTC 2026","25314","HabitNuCoachPortalSuite","HabitNuCoachesPortalRegression-PartA","CoachesPortal.DiscussionForumPage","CoachesPortal.DiscussionForumPage","case15","test1 > Given I am logged in as coach, I am validating upload upto 5 files.","test1 > Given I am logged in as coach, I am validating upload upto 5 files. "
"passed","Wed Mar 25 22:36:46 UTC 2026","Wed Mar 25 22:36:51 UTC 2026","4800","HabitNuCoachPortalSuite","Milestones","CoachesPortal.BPSMMilestone","CoachesPortal.BPSMMilestone","test1_navigatingcoach","Given user is navigating to coaches portal",""
"passed","Wed Mar 25 21:24:16 UTC 2026","Wed Mar 25 21:26:31 UTC 2026","135317","HabitNuCoachPortalSuite","HabitNuCoachesPortalRegression-PartA","CoachesPortal.DiscussionForumPage","CoachesPortal.DiscussionForumPage","case27","test1 > Given I am logged in as customerAdmin, I am validating add max number of pinned posts(20).","test1 > Given I am logged in as customerAdmin, I am validating add max number of pinned posts(20)."
"passed","Wed Mar 25 21:22:31 UTC 2026","Wed Mar 25 21:22:32 UTC 2026","892","HabitNuCoachPortalSuite","HabitNuCoachesPortalRegression-PartA","CoachesPortal.DiscussionForumPage","CoachesPortal.DiscussionForumPage","case2","test1 > Given I am logged in as customerAdmin, I am validating Discussions- All elements check","test1 > Given I am logged in as customerAdmin, I am validating Discussions- All elements check"
"passed","Wed Mar 25 22:21:01 UTC 2026","Wed Mar 25 22:21:02 UTC 2026","138","HabitNuCoachPortalSuite","LogClassSession","CoachesPortal.LogClassSection","CoachesPortal.LogClassSection","verifyLogClassSectionWithPatientFields","Verify Log Class Section With Patient all fields",""
"passed","Wed Mar 25 21:26:50 UTC 2026","Wed Mar 25 21:26:51 UTC 2026","1156","HabitNuCoachPortalSuite","HabitNuCoachesPortalRegression-PartA","CoachesPortal.DirectMessage","CoachesPortal.DirectMessage","searchParticipantByFirstName","Search by firstname > It should display the participant by firstname",""
"passed","Wed Mar 25 22:21:03 UTC 2026","Wed Mar 25 22:21:08 UTC 2026","5339","HabitNuCoachPortalSuite","LogClassSession","CoachesPortal.LogClassSection","CoachesPortal.LogClassSection","verifySearchPatientByName","Search Participant By Name",""
"failed","Wed Mar 25 22:52:24 UTC 2026","Wed Mar 25 22:52:24 UTC 2026","205","HabitNuCoachPortalSuite","DifferentTypeOfDashboards","CoachesPortal.CohortLevelDashboard.OnlineCohortDashboard","CoachesPortal.CohortLevelDashboard.OnlineCohortDashboard","case4","test1 > Given I am logged in as customer admin, I am validating online cohort 'Weight Loss By Participants validation on graph with ALL option","test1 > Given I am logged in as customer admin, I am validating online cohort 'Weight Loss By Participants validation on graph with ALL option"
"passed","Wed Mar 25 21:22:46 UTC 2026","Wed Mar 25 21:22:56 UTC 2026","9291","HabitNuCoachPortalSuite","HabitNuCoachesPortalRegression-PartA","CoachesPortal.DiscussionForumPage","CoachesPortal.DiscussionForumPage","case12","test1 > Given I am logged in as customerAdmin, I am validating File upload- subject only- error.","test1 > Given I am logged in as customerAdmin, I am validating File upload- subject only- error."
"broken","Wed Mar 25 21:37:47 UTC 2026","Wed Mar 25 21:38:29 UTC 2026","41994","HabitNuCoachPortalSuite","HabitNuCoachesPortalRegression-PartB","CoachesPortal.PatientDetails.CommunicationLogsCoachesPortal","CoachesPortal.PatientDetails.CommunicationLogsCoachesPortal","verifyCommunicationLogsWithSMS","verifyCommunicationLogsWithSMS",""
"passed","Wed Mar 25 22:50:19 UTC 2026","Wed Mar 25 22:50:20 UTC 2026","758","HabitNuCoachPortalSuite","ParticipationsTable","CoachesPortal.participations","CoachesPortal.participations","test8_navigatingnextpage","And user is navigating to second page and user can come back to previous page",""
"passed","Wed Mar 25 22:06:13 UTC 2026","Wed Mar 25 22:06:15 UTC 2026","2124","HabitNuCoachPortalSuite","Paywal","CoachesPortal.payWall","CoachesPortal.payWall","testFilterTransactions","COP-T400: Validate all transaction filters",""
"passed","Wed Mar 25 22:38:03 UTC 2026","Wed Mar 25 22:38:03 UTC 2026","140","HabitNuCoachPortalSuite","Milestones","CoachesPortal.VAMilestone","CoachesPortal.VAMilestone","test6_validating_Headers","And user is validating headers",""
"passed","Wed Mar 25 22:17:05 UTC 2026","Wed Mar 25 22:17:05 UTC 2026","11","HabitNuCoachPortalSuite","ProjectPowerDashboard","CoachesPortal.ProjectPowerDashboard","CoachesPortal.ProjectPowerDashboard","verifyACTIVE_IN_PHASE_1","go to coaches portal - Project Power-verify ACTIVE IN PHASE 1 users",""
"passed","Wed Mar 25 22:53:46 UTC 2026","Wed Mar 25 22:54:04 UTC 2026","18395","HabitNuCoachPortalSuite","DifferentTypeOfDashboards","CoachesPortal.CohortLevelDashboard.OnsiteCohortDashboard","CoachesPortal.CohortLevelDashboard.OnsiteCohortDashboard","fivePercentWeightLossCard_forUserWeight","test1 > Given I am logged in as coach, I am validating onsite cohort 'dashboard-card=fivePercentWeightLossCardCount, when user adds weight","test1 > Given I am logged in as coach, I am validating onsite cohort 'dashboard-card=fivePercentWeightLossCardCount, when user adds weight"
"passed","Wed Mar 25 21:49:10 UTC 2026","Wed Mar 25 21:49:10 UTC 2026","173","HabitNuCoachPortalSuite","HabitNuCoachesPortalRegression-PartB","CoachesPortal.PatientDetails.PatientProfileDemographic","CoachesPortal.PatientDetails.PatientProfileDemographic","testSelectEmotionalYes","test1 > Given I am logged in as customer admin, testSelectEmotionalYes","test1 > Given I am logged in as customer admin, testSelectEmotionalYes"
"passed","Wed Mar 25 21:14:07 UTC 2026","Wed Mar 25 21:14:11 UTC 2026","4110","HabitNuCoachPortalSuite","HabitNuCoachesPortalRegression-PartA","CoachesPortal.DiscussionForumPage","CoachesPortal.DiscussionForumPage","case14","test1 > Given I am logged in as admin, I am validating File upload-error ","test1 > Given I am logged in as admin, I am validating File upload-error "
"passed","Wed Mar 25 21:26:51 UTC 2026","Wed Mar 25 21:26:52 UTC 2026","1157","HabitNuCoachPortalSuite","HabitNuCoachesPortalRegression-PartA","CoachesPortal.DirectMessage","CoachesPortal.DirectMessage","searchParticipantByLastName","Search by lastname > It should display the participant by lastname",""
"passed","Wed Mar 25 22:05:24 UTC 2026","Wed Mar 25 22:05:27 UTC 2026","2983","HabitNuCoachPortalSuite","Paywal","CoachesPortal.payWall","CoachesPortal.payWall","testSubscriptionPageLayoutAndContent","COP-T395: Verify Subscriptions page layout, filters, content, and pagination",""
"failed","Wed Mar 25 22:19:04 UTC 2026","Wed Mar 25 22:19:09 UTC 2026","4757","HabitNuCoachPortalSuite","ProjectPowerDashboard","CoachesPortal.ProjectPowerDashboard","CoachesPortal.ProjectPowerDashboard","verifySDOHPage_HouseHold_Income","Verify SDOH - Household Income chart tooltips",""
"passed","Wed Mar 25 22:17:05 UTC 2026","Wed Mar 25 22:17:05 UTC 2026","18","HabitNuCoachPortalSuite","ProjectPowerDashboard","CoachesPortal.ProjectPowerDashboard","CoachesPortal.ProjectPowerDashboard","verifyM1","It should display total number of participants who are confirmed by Coach",""
"broken","Wed Mar 25 21:09:14 UTC 2026","Wed Mar 25 21:09:55 UTC 2026","40997","HabitNuCoachPortalSuite","HabitNuCoachesPortalRegression-PartA","CoachesPortal.LearnModule.CustomerAdminCourseDocument","CoachesPortal.LearnModule.CustomerAdminCourseDocument","verifyAddValidUploadRequired","Add Valid upload Required",""
"broken","Wed Mar 25 21:10:57 UTC 2026","Wed Mar 25 21:11:18 UTC 2026","20846","HabitNuCoachPortalSuite","HabitNuCoachesPortalRegression-PartA","CoachesPortal.LearnModule.CustomerAdminCourseDocument","CoachesPortal.LearnModule.CustomerAdminCourseDocument","verifyAddVideoUploadRequired","Add Video upload Required",""
"broken","Wed Mar 25 21:45:41 UTC 2026","Wed Mar 25 21:45:42 UTC 2026","429","HabitNuCoachPortalSuite","HabitNuCoachesPortalRegression-PartB","CoachesPortal.PatientDetails.PatientProfileDemographic","CoachesPortal.PatientDetails.PatientProfileDemographic","updateverifyProgramDetailsWithIsActive","test1 > Given I am logged in as customer admin, update patientId and payertype","test1 > Given I am logged in as customer admin, update patientId and payertype"
"passed","Wed Mar 25 21:32:59 UTC 2026","Wed Mar 25 21:33:03 UTC 2026","3836","HabitNuCoachPortalSuite","HabitNuCoachesPortalRegression-PartB","CoachesPortal.OnsiteUsersListDashboard","CoachesPortal.OnsiteUsersListDashboard","case42","test1 > Given I am logged in as customerAdmin, disenroll user validation - on CANCEL check","test1 > Given I am logged in as customerAdmin, disenroll user validation - on CANCEL check"
"passed","Wed Mar 25 21:14:57 UTC 2026","Wed Mar 25 21:14:58 UTC 2026","924","HabitNuCoachPortalSuite","HabitNuCoachesPortalRegression-PartA","CoachesPortal.DiscussionForumPage","CoachesPortal.DiscussionForumPage","case18","test1 > Given I am logged in as admin, I am validating Edit Post- Subject only- Update- Success","test1 > Given I am logged in as admin, I am validating Edit Post- Subject only- Update- Success"
"passed","Wed Mar 25 22:16:14 UTC 2026","Wed Mar 25 22:16:19 UTC 2026","5312","HabitNuCoachPortalSuite","HabitNuCoachesPortalRegression-PartC","CoachesPortal.PatientDetails.PatientProfilePayerType","CoachesPortal.PatientDetails.PatientProfilePayerType","editPayerType_click_Cancel","edit PayerType for Ethylen, but click on cancel button rather update button",""
"broken","Wed Mar 25 21:02:45 UTC 2026","Wed Mar 25 21:03:26 UTC 2026","40982","HabitNuCoachPortalSuite","HabitNuCoachesPortalRegression-PartA","CoachesPortal.LearnModule.CustomerAdminCourseDocument","CoachesPortal.LearnModule.CustomerAdminCourseDocument","verifyAddUrlTitleLinkRequired","Add Url And Title Required",""
"passed","Wed Mar 25 22:01:15 UTC 2026","Wed Mar 25 22:01:20 UTC 2026","5126","HabitNuCoachPortalSuite","Scheduler","CoachesPortal.Schedular","CoachesPortal.Schedular","userYesToTheMeet","test1 > Given I am logged in as coach, verify user response to meet attendance - YES","test1 > Given I am logged in as coach, verify user response to meet attendance - YES"
"failed","Wed Mar 25 22:51:06 UTC 2026","Wed Mar 25 22:51:07 UTC 2026","795","HabitNuCoachPortalSuite","DifferentTypeOfDashboards","CoachesPortal.CohortLevelDashboard.OnlineCohortDashboard","CoachesPortal.CohortLevelDashboard.OnlineCohortDashboard","case5","test1 > Given I am logged in as coach, I am validating online cohort 'Weight Loss By Participants validation on graph with 'Added by coach' option","test1 > Given I am logged in as coach, I am validating online cohort 'Weight Loss By Participants validation on graph with 'Added by coach' option"
"passed","Wed Mar 25 21:14:11 UTC 2026","Wed Mar 25 21:14:36 UTC 2026","25251","HabitNuCoachPortalSuite","HabitNuCoachesPortalRegression-PartA","CoachesPortal.DiscussionForumPage","CoachesPortal.DiscussionForumPage","case15","test1 > Given I am logged in as admin, I am validating upload upto 5 files.","test1 > Given I am logged in as admin, I am validating upload upto 5 files. "
"passed","Wed Mar 25 21:31:22 UTC 2026","Wed Mar 25 21:31:23 UTC 2026","1132","HabitNuCoachPortalSuite","HabitNuCoachesPortalRegression-PartB","CoachesPortal.OnsiteUsersListDashboard","CoachesPortal.OnsiteUsersListDashboard","case15","test1 > Given I am logged in as coach, Click on a user and check whether its navigating to the dashboard.","test1 > Given I am logged in as coach, Click on a user and check whether its navigating to the dashboard."
"passed","Wed Mar 25 21:56:54 UTC 2026","Wed Mar 25 21:57:02 UTC 2026","7404","HabitNuCoachPortalSuite","UserActivities","CoachesPortal.PatientDetails.UserActivitiesTobacco","CoachesPortal.PatientDetails.UserActivitiesTobacco","verifyAddCurrentDateBloodPressure","Verify user as Ethelyn in useractivities tab and add tobacco to current date",""
"passed","Wed Mar 25 23:05:15 UTC 2026","Wed Mar 25 23:05:28 UTC 2026","12890","HabitNuCoachPortalSuite","DifferentTypeOfDashboards","CoachesPortal.CohortLevelDashboard.ParticipantsProgressTracker","CoachesPortal.CohortLevelDashboard.ParticipantsProgressTracker","test12_Completedunits","And User is validating the completed units",""
"passed","Wed Mar 25 22:38:16 UTC 2026","Wed Mar 25 22:38:21 UTC 2026","4339","HabitNuCoachPortalSuite","Milestones","CoachesPortal.VAMilestone","CoachesPortal.VAMilestone","test9_validating_VAHeaders_data","And user is validating to VAHeaders data by clicking arrow button",""
"passed","Wed Mar 25 21:17:34 UTC 2026","Wed Mar 25 21:17:36 UTC 2026","2853","HabitNuCoachPortalSuite","HabitNuCoachesPortalRegression-PartA","CoachesPortal.DiscussionForumPage","CoachesPortal.DiscussionForumPage","case28","test1 > Given I am logged in as admin, I am validating Delete all posts","test1 > Given I am logged in as admin, I am validating Delete all posts"
"passed","Wed Mar 25 22:32:58 UTC 2026","Wed Mar 25 22:32:58 UTC 2026","146","HabitNuCoachPortalSuite","GeneralContent","CoachesPortal.generalContent_WEb_Coaches","CoachesPortal.generalContent_WEb_Coaches","printGroupDetails","Printing Group Details",""
"passed","Wed Mar 25 21:48:37 UTC 2026","Wed Mar 25 21:48:39 UTC 2026","1978","HabitNuCoachPortalSuite","HabitNuCoachesPortalRegression-PartB","CoachesPortal.PatientDetails.PatientProfileDemographic","CoachesPortal.PatientDetails.PatientProfileDemographic","updateAndVerifyOtherDetails","test1 > Given I am logged in as customer admin, updateAndVerifyOtherDetails","test1 > Given I am logged in as customer admin, updateAndVerifyOtherDetails"
"broken","Wed Mar 25 21:57:12 UTC 2026","Wed Mar 25 21:57:55 UTC 2026","43255","HabitNuCoachPortalSuite","UserActivities","CoachesPortal.PatientDetails.UserActivitiesTobacco","CoachesPortal.PatientDetails.UserActivitiesTobacco","verifyUserData_on_coachesPortal","Verify user data added on web on coaches portal",""
"passed","Wed Mar 25 21:45:49 UTC 2026","Wed Mar 25 21:45:49 UTC 2026","31","HabitNuCoachPortalSuite","HabitNuCoachesPortalRegression-PartB","CoachesPortal.PatientDetails.PatientProfileDemographic","CoachesPortal.PatientDetails.PatientProfileDemographic","verifyDisenrollmentDetails","test1 > Given I am logged in as customer admin, verifyDisenrollmentDetails","test1 > Given I am logged in as customer admin, verifyDisenrollmentDetails"
"passed","Wed Mar 25 22:17:05 UTC 2026","Wed Mar 25 22:17:05 UTC 2026","38","HabitNuCoachPortalSuite","ProjectPowerDashboard","CoachesPortal.ProjectPowerDashboard","CoachesPortal.ProjectPowerDashboard","verifyCumulative_EnrollmentGraphPresence_for3monthsFilter","It should display the enrollment of participants for 3 months",""
"passed","Wed Mar 25 21:18:26 UTC 2026","Wed Mar 25 21:18:35 UTC 2026","9422","HabitNuCoachPortalSuite","HabitNuCoachesPortalRegression-PartA","CoachesPortal.DiscussionForumPage","CoachesPortal.DiscussionForumPage","case13","test1 > Given I am logged in as coach, I am validating File upload- description only- success.","test1 > Given I am logged in as coach, I am validating File upload- description only- success."
"passed","Wed Mar 25 21:45:20 UTC 2026","Wed Mar 25 21:45:21 UTC 2026","114","HabitNuCoachPortalSuite","HabitNuCoachesPortalRegression-PartB","CoachesPortal.PatientDetails.PatientProfileDemographic","CoachesPortal.PatientDetails.PatientProfileDemographic","testSelectEmotionalYes","test1 > Given I am logged in as coach, testSelectEmotionalYes","test1 > Given I am logged in as coach, testSelectEmotionalYes"
"broken","Wed Mar 25 20:46:59 UTC 2026","Wed Mar 25 20:47:15 UTC 2026","15592","HabitNuCoachPortalSuite","HabitNuCoachesPortalRegression-PartA","CoachesPortal.CohortLevelDashboard.CohortLevelDashboardPage","CoachesPortal.CohortLevelDashboard.CohortLevelDashboardPage","case12","Food category - Displayed/Not Displayed.",""
"broken","Wed Mar 25 21:48:39 UTC 2026","Wed Mar 25 21:49:09 UTC 2026","30164","HabitNuCoachPortalSuite","HabitNuCoachesPortalRegression-PartB","CoachesPortal.PatientDetails.PatientProfileDemographic","CoachesPortal.PatientDetails.PatientProfileDemographic","testSelectRememberingUnknown","test1 > Given I am logged in as customer admin, testSelectRememberingUnknown","test1 > Given I am logged in as customer admin, testSelectRememberingUnknown"
"broken","Wed Mar 25 22:48:00 UTC 2026","Wed Mar 25 22:48:23 UTC 2026","23628","HabitNuCoachPortalSuite","FeatureFlags","CoachesPortal.FeatureFlags","CoachesPortal.FeatureFlags","test12_addrulesforcohort","And user is able to add the rule for cohort level",""
"passed","Wed Mar 25 22:37:31 UTC 2026","Wed Mar 25 22:37:49 UTC 2026","18141","HabitNuCoachPortalSuite","Milestones","CoachesPortal.BPSMMilestone","CoachesPortal.BPSMMilestone","test11_groupinteraction","And user is able to add group interaction without seminar name",""
"passed","Wed Mar 25 21:48:31 UTC 2026","Wed Mar 25 21:48:31 UTC 2026","56","HabitNuCoachPortalSuite","HabitNuCoachesPortalRegression-PartB","CoachesPortal.PatientDetails.PatientProfileDemographic","CoachesPortal.PatientDetails.PatientProfileDemographic","verifyBaselineHealthData","test1 > Given I am logged in as customer admin, verifyBaselineHealthData","test1 > Given I am logged in as customer admin, verifyBaselineHealthData"
"passed","Wed Mar 25 22:46:38 UTC 2026","Wed Mar 25 22:46:40 UTC 2026","1255","HabitNuCoachPortalSuite","UserDashboard","CoachesPortal.PatientDashboard","CoachesPortal.PatientDashboard","Weight_History","test3 > Given I am logged in as admin, wehn I am on adding weight from user Dashboard, Then I should be able to see added weight on the weight history graph","admin login - user/patient/partcipant dashboard validation"
"passed","Wed Mar 25 21:44:41 UTC 2026","Wed Mar 25 21:44:41 UTC 2026","36","HabitNuCoachPortalSuite","HabitNuCoachesPortalRegression-PartB","CoachesPortal.PatientDetails.PatientProfileDemographic","CoachesPortal.PatientDetails.PatientProfileDemographic","verifyBaselineHealthData","test1 > Given I am logged in as coach, verifyBaselineHealthData","test1 > Given I am logged in as coach, verifyBaselineHealthData"
"passed","Wed Mar 25 22:17:05 UTC 2026","Wed Mar 25 22:17:05 UTC 2026","12","HabitNuCoachPortalSuite","ProjectPowerDashboard","CoachesPortal.ProjectPowerDashboard","CoachesPortal.ProjectPowerDashboard","verifyPending","go to coaches portal - Project Power-verify Pending Leads",""
"passed","Wed Mar 25 22:46:22 UTC 2026","Wed Mar 25 22:46:30 UTC 2026","8025","HabitNuCoachPortalSuite","UserDashboard","CoachesPortal.PatientDashboard","CoachesPortal.PatientDashboard","bloodSugarHistory","test6 > Given I am logged in as admin, wehn I am on adding bloodsugar from user Dashboard, Then I should be able to see added bloodsugar on bloodSugarHistory graph","admin login - user/patient/partcipant dashboard validation"
"passed","Wed Mar 25 22:37:59 UTC 2026","Wed Mar 25 22:38:00 UTC 2026","636","HabitNuCoachPortalSuite","Milestones","CoachesPortal.VAMilestone","CoachesPortal.VAMilestone","test4_navigating_milestone","And user is navigating to milestone",""
"passed","Wed Mar 25 22:47:50 UTC 2026","Wed Mar 25 22:47:51 UTC 2026","1571","HabitNuCoachPortalSuite","FeatureFlags","CoachesPortal.FeatureFlags","CoachesPortal.FeatureFlags","test3_validatingadmin","When user is validating to Admin section ",""
"passed","Wed Mar 25 22:24:33 UTC 2026","Wed Mar 25 22:24:33 UTC 2026","9","HabitNuCoachPortalSuite","GroupDPPClassPlanner","CoachesPortal.ClassPlanner","CoachesPortal.ClassPlanner","case11","Create multiple cards under List",""
"passed","Wed Mar 25 21:45:21 UTC 2026","Wed Mar 25 21:45:21 UTC 2026","105","HabitNuCoachPortalSuite","HabitNuCoachesPortalRegression-PartB","CoachesPortal.PatientDetails.PatientProfileDemographic","CoachesPortal.PatientDetails.PatientProfileDemographic","testDropdownOptions","test1 > Given I am logged in as coach, testDropdownOptions","test1 > Given I am logged in as coach, testDropdownOptions"
"broken","Wed Mar 25 20:48:48 UTC 2026","Wed Mar 25 20:48:59 UTC 2026","10589","HabitNuCoachPortalSuite","HabitNuCoachesPortalRegression-PartA","CoachesPortal.CohortLevelDashboard.CohortLevelDashboardPage","CoachesPortal.CohortLevelDashboard.CohortLevelDashboardPage","case21","Demographics page- Ethinicity, Payer type and Racial Breakdown should be displayed.",""
"passed","Wed Mar 25 22:18:59 UTC 2026","Wed Mar 25 22:18:59 UTC 2026","558","HabitNuCoachPortalSuite","ProjectPowerDashboard","CoachesPortal.ProjectPowerDashboard","CoachesPortal.ProjectPowerDashboard","verifyCohortWeightLossTrend","All cohort dashboard for project power - Cohort Weight Loss trend",""
"passed","Wed Mar 25 21:18:17 UTC 2026","Wed Mar 25 21:18:26 UTC 2026","9272","HabitNuCoachPortalSuite","HabitNuCoachesPortalRegression-PartA","CoachesPortal.DiscussionForumPage","CoachesPortal.DiscussionForumPage","case12","test1 > Given I am logged in as coach, I am validating File upload- subject only- error.","test1 > Given I am logged in as coach, I am validating File upload- subject only- error."
"passed","Wed Mar 25 22:39:22 UTC 2026","Wed Mar 25 22:39:32 UTC 2026","10453","HabitNuCoachPortalSuite","Milestones","CoachesPortal.VAMilestone","CoachesPortal.VAMilestone","test19_validating_VAHeaders_data","And user is validating to VAHeaders data by clicking arrow button",""
"passed","Wed Mar 25 22:05:56 UTC 2026","Wed Mar 25 22:05:58 UTC 2026","2091","HabitNuCoachPortalSuite","Paywal","CoachesPortal.payWall","CoachesPortal.payWall","testFilterTransactions","COP-T400: Validate all transaction filters",""
"passed","Wed Mar 25 21:13:30 UTC 2026","Wed Mar 25 21:13:32 UTC 2026","1688","HabitNuCoachPortalSuite","HabitNuCoachesPortalRegression-PartA","CoachesPortal.DiscussionForumPage","CoachesPortal.DiscussionForumPage","case1","test1 > Given I am logged in as admin, I am validating Coaches - Discussions module","test1 > Given I am logged in as admin, I am validating - Discussions module"
"failed","Wed Mar 25 22:06:18 UTC 2026","Wed Mar 25 22:07:20 UTC 2026","62890","HabitNuCoachPortalSuite","Paywal","CoachesPortal.payWall","CoachesPortal.payWall","testLinkPaymentPlantoProgram","COP-T406: Link Payment Plan to Program",""
"passed","Wed Mar 25 22:47:52 UTC 2026","Wed Mar 25 22:47:52 UTC 2026","594","HabitNuCoachPortalSuite","FeatureFlags","CoachesPortal.FeatureFlags","CoachesPortal.FeatureFlags","test6_validatingfeatureflags","And user is validating the Feature Flags section ",""
"passed","Wed Mar 25 21:45:21 UTC 2026","Wed Mar 25 21:45:21 UTC 2026","6","HabitNuCoachPortalSuite","HabitNuCoachesPortalRegression-PartB","CoachesPortal.PatientDetails.PatientProfileDemographic","CoachesPortal.PatientDetails.PatientProfileDemographic","updatepreferred_name","test1 > Given I am logged in as coach, preferred_name","test1 > Given I am logged in as coach, preferred_name"
"passed","Wed Mar 25 21:44:50 UTC 2026","Wed Mar 25 21:44:50 UTC 2026","148","HabitNuCoachPortalSuite","HabitNuCoachesPortalRegression-PartB","CoachesPortal.PatientDetails.PatientProfileDemographic","CoachesPortal.PatientDetails.PatientProfileDemographic","testSelectBlindNo","test1 > Given I am logged in as coach, testSelectBlindNo","test1 > Given I am logged in as coach, testSelectBlindNo"
"passed","Wed Mar 25 22:47:19 UTC 2026","Wed Mar 25 22:47:27 UTC 2026","7869","HabitNuCoachPortalSuite","UserDashboard","CoachesPortal.PatientDashboard","CoachesPortal.PatientDashboard","Last_AFterMeal_Blood_Sugar","test21 > Given I am logged in as admin, wehn I am on Participants dashboard page, when I add bloodsugar AFTER-MEAL type, Then I should be able to see the added data on dashboard card==Last_AfterMeal_Blood_Sugar","admin login - clicking on scheduler should open the scheduler page in coaches portal"
"failed","Wed Mar 25 22:18:47 UTC 2026","Wed Mar 25 22:18:58 UTC 2026","11112","HabitNuCoachPortalSuite","ProjectPowerDashboard","CoachesPortal.ProjectPowerDashboard","CoachesPortal.ProjectPowerDashboard","verifyADAMilestoneForALLTIME","All cohort dashboard for project power - ADA milestone trend - ALL TIME",""
"broken","Wed Mar 25 21:12:21 UTC 2026","Wed Mar 25 21:12:41 UTC 2026","20813","HabitNuCoachPortalSuite","HabitNuCoachesPortalRegression-PartA","CoachesPortal.LearnModule.CustomerAdminCourseDocument","CoachesPortal.LearnModule.CustomerAdminCourseDocument","verifyDocuentVideoEditAndSave","Video Edit and Save",""
"broken","Wed Mar 25 21:37:15 UTC 2026","Wed Mar 25 21:37:36 UTC 2026","21084","HabitNuCoachPortalSuite","HabitNuCoachesPortalRegression-PartB","CoachesPortal.OnsiteUsersListDashboard","CoachesPortal.OnsiteUsersListDashboard","case58","test1 > Given I am logged in as customerAdmin, verify milestonecolor==green when user completes registration banner and verifies address","test1 > Given I am logged in as customerAdmin, verify milestonecolor==green when user completes registration banner and verifies address"
"passed","Wed Mar 25 22:50:06 UTC 2026","Wed Mar 25 22:50:06 UTC 2026","39","HabitNuCoachPortalSuite","FeatureFlags","CoachesPortal.FeatureFlags","CoachesPortal.FeatureFlags","test22_deleteuser","delete rule",""
"passed","Wed Mar 25 21:31:11 UTC 2026","Wed Mar 25 21:31:22 UTC 2026","10544","HabitNuCoachPortalSuite","HabitNuCoachesPortalRegression-PartB","CoachesPortal.OnsiteUsersListDashboard","CoachesPortal.OnsiteUsersListDashboard","case14","test1 > Given I am logged in as coach, SDOH Risk Area flag test case.","test1 > Given I am logged in as coach, SDOH Risk Area flag test case."
"passed","Wed Mar 25 22:03:51 UTC 2026","Wed Mar 25 22:03:51 UTC 2026","0","HabitNuCoachPortalSuite","Scheduler","CoachesPortal.Schedular","CoachesPortal.Schedular","validateInteractionEntries_Duration","test1 > Given I am logged in as admin, verify group interaction entries are made automatically when meet is attended for min of 1min > Validating field==Duration","test1 > Given I am logged in as admin, verify group interaction entries are made automatically when meet is attended for min of 1min > Validating field==Duration"
"passed","Wed Mar 25 20:49:11 UTC 2026","Wed Mar 25 20:49:13 UTC 2026","2104","HabitNuCoachPortalSuite","HabitNuCoachesPortalRegression-PartA","CoachesPortal.CohortLevelDashboard.CohortLevelDashboardPage","CoachesPortal.CohortLevelDashboard.CohortLevelDashboardPage","case24","Click on participant in the attendance graph- should navigate to dashboard.",""
"passed","Wed Mar 25 22:32:12 UTC 2026","Wed Mar 25 22:32:17 UTC 2026","4881","HabitNuCoachPortalSuite","GeneralContent","CoachesPortal.generalContent_WEb_Coaches","CoachesPortal.generalContent_WEb_Coaches","case1","going to general content throgh Profile.",""
"passed","Wed Mar 25 22:02:28 UTC 2026","Wed Mar 25 22:02:28 UTC 2026","45","HabitNuCoachPortalSuite","Scheduler","CoachesPortal.Schedular","CoachesPortal.Schedular","validateInteractionEntries_Interaction_Type","test1 > Given I am logged in as coach, verify group interaction entries are made automatically when meet is attended for min of 1min > Validating field==Interaction_Typ","test1 > Given I am logged in as coach, verify group interaction entries are made automatically when meet is attended for min of 1min > Validating field==Interaction_Typ"
"passed","Wed Mar 25 22:20:31 UTC 2026","Wed Mar 25 22:20:36 UTC 2026","5780","HabitNuCoachPortalSuite","LoginPageCases","CoachesPortal.LoginPageCases","CoachesPortal.LoginPageCases","testRestpasswordAuthentication","validate user is able to login with the reset password",""
"broken","Wed Mar 25 22:49:10 UTC 2026","Wed Mar 25 22:49:35 UTC 2026","25034","HabitNuCoachPortalSuite","FeatureFlags","CoachesPortal.FeatureFlags","CoachesPortal.FeatureFlags","test15_addrulesforuser_multipletimes","And user is able to add the rule for user level multiple times",""
"broken","Wed Mar 25 21:06:09 UTC 2026","Wed Mar 25 21:06:30 UTC 2026","20500","HabitNuCoachPortalSuite","HabitNuCoachesPortalRegression-PartA","CoachesPortal.LearnModule.CustomerAdminCourseDocument","CoachesPortal.LearnModule.CustomerAdminCourseDocument","verifyLinkEditAndSave","Link Edit and Save",""
"failed","Wed Mar 25 22:02:27 UTC 2026","Wed Mar 25 22:02:27 UTC 2026","158","HabitNuCoachPortalSuite","Scheduler","CoachesPortal.Schedular","CoachesPortal.Schedular","validateInteractionEntries_Duration","test1 > Given I am logged in as coach, verify group interaction entries are made automatically when meet is attended for min of 1min > Validating field==Duration","test1 > Given I am logged in as coach, verify group interaction entries are made automatically when meet is attended for min of 1min > Validating field==Duration"
"passed","Wed Mar 25 21:26:56 UTC 2026","Wed Mar 25 21:26:57 UTC 2026","1180","HabitNuCoachPortalSuite","HabitNuCoachesPortalRegression-PartA","CoachesPortal.DirectMessage","CoachesPortal.DirectMessage","searchParticipantByLastName_who_is_notPartOfthisCohort","Search participant by LastName who is not part of this cohort",""
"passed","Wed Mar 25 21:19:11 UTC 2026","Wed Mar 25 21:19:26 UTC 2026","15270","HabitNuCoachPortalSuite","HabitNuCoachesPortalRegression-PartA","CoachesPortal.DiscussionForumPage","CoachesPortal.DiscussionForumPage","case17","test1 > Given I am logged in as coach, I am validating Upload more than 5 files.- Error.","test1 > Given I am logged in as coach, I am validating Upload more than 5 files.- Error"
"passed","Wed Mar 25 21:18:35 UTC 2026","Wed Mar 25 21:18:36 UTC 2026","300","HabitNuCoachPortalSuite","HabitNuCoachesPortalRegression-PartA","CoachesPortal.DiscussionForumPage","CoachesPortal.DiscussionForumPage","verifyFileIsNotBroken","test1 > Given I am logged in as coach, I am validating verify file is not broken","test1 > Given I am logged in as coach, I am validating verify file is not broken"
"broken","Wed Mar 25 22:33:35 UTC 2026","Wed Mar 25 22:33:46 UTC 2026","10166","HabitNuCoachPortalSuite","GeneralContent","CoachesPortal.generalContent_WEb_Coaches","CoachesPortal.generalContent_WEb_Coaches","Case13_verifyGroup","verifyGroup creation",""
"passed","Wed Mar 25 22:43:19 UTC 2026","Wed Mar 25 22:43:27 UTC 2026","7913","HabitNuCoachPortalSuite","UserDashboard","CoachesPortal.PatientDashboard","CoachesPortal.PatientDashboard","Last_AFterMeal_Blood_Sugar","test21 > Given I am logged in as coach, wehn I am on Participants dashboard page, when I add bloodsugar AFTER-MEAL type, Then I should be able to see the added data on dashboard card==Last_AfterMeal_Blood_Sugar","coach login - clicking on scheduler should open the scheduler page in coaches portal"
"passed","Wed Mar 25 21:51:27 UTC 2026","Wed Mar 25 21:52:06 UTC 2026","39138","HabitNuCoachPortalSuite","PatientsProfileAllergies","CoachesPortal.PatientDetails.PatientsProfileAllergies","CoachesPortal.PatientDetails.PatientsProfileAllergies","verifyPersonalDetails","Add Allergy of Ethlen",""
"passed","Wed Mar 25 21:31:09 UTC 2026","Wed Mar 25 21:31:11 UTC 2026","1779","HabitNuCoachPortalSuite","HabitNuCoachesPortalRegression-PartB","CoachesPortal.OnsiteUsersListDashboard","CoachesPortal.OnsiteUsersListDashboard","case13","test1 > Given I am logged in as coach, Click on +, wait till all elements are displayed and then validate.","test1 > Given I am logged in as coach, Click on +, wait till all elements are displayed and then validate."
"passed","Wed Mar 25 22:03:08 UTC 2026","Wed Mar 25 22:03:09 UTC 2026","885","HabitNuCoachPortalSuite","Scheduler","CoachesPortal.Schedular","CoachesPortal.Schedular","openAppoitmentCreateForm","test2 > Given I am logged in as admin, When I click on time slot, Then I should be able to see the create appointment form","admin login - It should open meeting form"
"passed","Wed Mar 25 22:32:19 UTC 2026","Wed Mar 25 22:32:21 UTC 2026","1897","HabitNuCoachPortalSuite","GeneralContent","CoachesPortal.generalContent_WEb_Coaches","CoachesPortal.generalContent_WEb_Coaches","case3","Creating tags for Food",""
"broken","Wed Mar 25 22:48:46 UTC 2026","Wed Mar 25 22:49:10 UTC 2026","23273","HabitNuCoachPortalSuite","FeatureFlags","CoachesPortal.FeatureFlags","CoachesPortal.FeatureFlags","test14_addrulesforpartner","And user is able to add the rule for partner level",""
"passed","Wed Mar 25 22:38:21 UTC 2026","Wed Mar 25 22:38:31 UTC 2026","10478","HabitNuCoachPortalSuite","Milestones","CoachesPortal.VAMilestone","CoachesPortal.VAMilestone","test10_validating_VAHeaders_data","And user is validating to VAHeaders data by clicking arrow button",""
"passed","Wed Mar 25 22:38:46 UTC 2026","Wed Mar 25 22:38:56 UTC 2026","10448","HabitNuCoachPortalSuite","Milestones","CoachesPortal.VAMilestone","CoachesPortal.VAMilestone","test13_validating_VAHeaders_data","And user is validating to VAHeaders data by clicking arrow button",""
"passed","Wed Mar 25 21:22:36 UTC 2026","Wed Mar 25 21:22:37 UTC 2026","759","HabitNuCoachPortalSuite","HabitNuCoachesPortalRegression-PartA","CoachesPortal.DiscussionForumPage","CoachesPortal.DiscussionForumPage","case10","test1 > Given I am logged in as customerAdmin, I am validating post comment-success.","test1 > Given I am logged in as customerAdmin, I am validating post comment-success."
"passed","Wed Mar 25 22:46:57 UTC 2026","Wed Mar 25 22:47:06 UTC 2026","8851","HabitNuCoachPortalSuite","UserDashboard","CoachesPortal.PatientDashboard","CoachesPortal.PatientDashboard","bloodPressureHistory","test8 > Given I am logged in as admin, wehn I am on adding bloodpressure from user Dashboard, Then I should be able to see added bloodpressure on bloodpressureHistory graph","admin login - user/patient/partcipant dashboard validation"
"passed","Wed Mar 25 22:17:05 UTC 2026","Wed Mar 25 22:17:05 UTC 2026","11","HabitNuCoachPortalSuite","ProjectPowerDashboard","CoachesPortal.ProjectPowerDashboard","CoachesPortal.ProjectPowerDashboard","verifyM2","It should display the total number of participants who have completed atleast 4 sessions",""
"failed","Wed Mar 25 22:55:35 UTC 2026","Wed Mar 25 22:56:10 UTC 2026","34728","HabitNuCoachPortalSuite","DifferentTypeOfDashboards","CoachesPortal.CohortLevelDashboard.DSMEDashboardCoachesPortal","CoachesPortal.CohortLevelDashboard.DSMEDashboardCoachesPortal","test4_Nurture","And user is validating Nurture",""
"passed","Wed Mar 25 22:52:00 UTC 2026","Wed Mar 25 22:52:03 UTC 2026","3541","HabitNuCoachPortalSuite","DifferentTypeOfDashboards","CoachesPortal.CohortLevelDashboard.OnlineCohortDashboard","CoachesPortal.CohortLevelDashboard.OnlineCohortDashboard","case1","test1 > Given I am logged in as customer admin, I am validating online cohort 'dashboard-cards","test1 > Given I am logged in as customer admin, I am validating online cohort 'dashboard-cards"
"passed","Wed Mar 25 22:21:44 UTC 2026","Wed Mar 25 22:21:50 UTC 2026","5729","HabitNuCoachPortalSuite","LogClassSession","CoachesPortal.LogClassSection","CoachesPortal.LogClassSection","verifyAddOnlyMUP","Add Only MUP",""
"passed","Wed Mar 25 20:51:23 UTC 2026","Wed Mar 25 20:51:31 UTC 2026","8355","HabitNuCoachPortalSuite","HabitNuCoachesPortalRegression-PartA","CoachesPortal.LearnModule.Learn","CoachesPortal.LearnModule.Learn","accessCourseFromWebApp","accessCourseFromWebApp",""
"failed","Wed Mar 25 22:52:40 UTC 2026","Wed Mar 25 22:52:41 UTC 2026","159","HabitNuCoachPortalSuite","DifferentTypeOfDashboards","CoachesPortal.CohortLevelDashboard.OnlineCohortDashboard","CoachesPortal.CohortLevelDashboard.OnlineCohortDashboard","male_female_card_withUdate_to_male","test1 > Given I am logged in as customer admin, I am validating online cohort 'dashboard-card=male_female_card_withUdate_to_male","test1 > Given I am logged in as customer admin, I am validating online cohort 'dashboard-card=male_female_card_withUdate_to_male"
"failed","Wed Mar 25 22:56:10 UTC 2026","Wed Mar 25 22:56:26 UTC 2026","16199","HabitNuCoachPortalSuite","DifferentTypeOfDashboards","CoachesPortal.CohortLevelDashboard.DSMEDashboardCoachesPortal","CoachesPortal.CohortLevelDashboard.DSMEDashboardCoachesPortal","test5_Enrolled","And user is validating Enrolled",""
"passed","Wed Mar 25 22:32:17 UTC 2026","Wed Mar 25 22:32:19 UTC 2026","1892","HabitNuCoachPortalSuite","GeneralContent","CoachesPortal.generalContent_WEb_Coaches","CoachesPortal.generalContent_WEb_Coaches","case2","Creating tags for Exercise",""
"passed","Wed Mar 25 21:26:46 UTC 2026","Wed Mar 25 21:26:46 UTC 2026","20","HabitNuCoachPortalSuite","HabitNuCoachesPortalRegression-PartA","CoachesPortal.DirectMessage","CoachesPortal.DirectMessage","verify_the_elements_of_direct_message","verify the elements of direct message ",""
"passed","Wed Mar 25 21:44:44 UTC 2026","Wed Mar 25 21:44:48 UTC 2026","3685","HabitNuCoachPortalSuite","HabitNuCoachesPortalRegression-PartB","CoachesPortal.PatientDetails.PatientProfileDemographic","CoachesPortal.PatientDetails.PatientProfileDemographic","updateAndVerifyCDCDetails","test1 > Given I am logged in as coach, updateAndVerifyCDCDetails","test1 > Given I am logged in as coach, updateAndVerifyCDCDetails"
"passed","Wed Mar 25 22:20:19 UTC 2026","Wed Mar 25 22:20:26 UTC 2026","6517","HabitNuCoachPortalSuite","LoginPageCases","CoachesPortal.LoginPageCases","CoachesPortal.LoginPageCases","testLockAccount","validate users account gets locked after entering incorrect password for 3 times",""
"passed","Wed Mar 25 22:02:28 UTC 2026","Wed Mar 25 22:02:28 UTC 2026","50","HabitNuCoachPortalSuite","Scheduler","CoachesPortal.Schedular","CoachesPortal.Schedular","validateInteractionEntries_UpdatedBy","test1 > Given I am logged in as coach, verify group interaction entries are made automatically when meet is attended for min of 1min > Validating field==UpdatedBy","test1 > Given I am logged in as coach, verify group interaction entries are made automatically when meet is attended for min of 1min > Validating field==UpdatedBy"
"passed","Wed Mar 25 22:17:11 UTC 2026","Wed Mar 25 22:17:16 UTC 2026","5007","HabitNuCoachPortalSuite","ProjectPowerDashboard","CoachesPortal.ProjectPowerDashboard","CoachesPortal.ProjectPowerDashboard","verifyM1GraphwithfilterAs6months","verifyM1GraphwithfilterAs6months",""
"passed","Wed Mar 25 22:24:29 UTC 2026","Wed Mar 25 22:24:29 UTC 2026","256","HabitNuCoachPortalSuite","GroupDPPClassPlanner","CoachesPortal.ClassPlanner","CoachesPortal.ClassPlanner","case6","Cancel the Edit list",""
"passed","Wed Mar 25 22:20:29 UTC 2026","Wed Mar 25 22:20:31 UTC 2026","2050","HabitNuCoachPortalSuite","LoginPageCases","CoachesPortal.LoginPageCases","CoachesPortal.LoginPageCases","testRestpasswordCase3","validate users be able to reset password, while doing so entering passwords that do not match with previous ones",""
"passed","Wed Mar 25 22:38:03 UTC 2026","Wed Mar 25 22:38:06 UTC 2026","2808","HabitNuCoachPortalSuite","Milestones","CoachesPortal.VAMilestone","CoachesPortal.VAMilestone","test7_validating_VAHeaders_data","And user is validating to VAHeaders data by clicking arrow button",""
"passed","Wed Mar 25 22:57:34 UTC 2026","Wed Mar 25 22:57:34 UTC 2026","24","HabitNuCoachPortalSuite","DifferentTypeOfDashboards","CoachesPortal.CohortLevelDashboard.DSMEDashboardCoachesPortal","CoachesPortal.CohortLevelDashboard.DSMEDashboardCoachesPortal","test16_verifyBloodSugarByPatientsWithCalenderDefaultWeek","Verify Blood Sugar by Patients with Calender as week selection as current week by default",""
"passed","Wed Mar 25 21:26:52 UTC 2026","Wed Mar 25 21:26:53 UTC 2026","1204","HabitNuCoachPortalSuite","HabitNuCoachesPortalRegression-PartA","CoachesPortal.DirectMessage","CoachesPortal.DirectMessage","searchParticipantByEmail","Search by firstname > It should display the participant by email",""
"passed","Wed Mar 25 22:21:33 UTC 2026","Wed Mar 25 22:21:38 UTC 2026","5765","HabitNuCoachPortalSuite","LogClassSession","CoachesPortal.LogClassSection","CoachesPortal.LogClassSection","verifyAddOnlyminsofactivity","Add Only mins of activity",""
"passed","Wed Mar 25 22:24:36 UTC 2026","Wed Mar 25 22:24:36 UTC 2026","153","HabitNuCoachPortalSuite","GroupDPPClassPlanner","CoachesPortal.ClassPlanner","CoachesPortal.ClassPlanner","case15","Cancel the archive pop up",""
"passed","Wed Mar 25 20:49:24 UTC 2026","Wed Mar 25 20:49:35 UTC 2026","10557","HabitNuCoachPortalSuite","HabitNuCoachesPortalRegression-PartA","CoachesPortal.CohortLevelDashboard.CohortLevelDashboardPage","CoachesPortal.CohortLevelDashboard.CohortLevelDashboardPage","case28","office hours attended by participants graph and tooltip extraction.",""
"passed","Wed Mar 25 22:14:58 UTC 2026","Wed Mar 25 22:15:34 UTC 2026","35754","HabitNuCoachPortalSuite","HabitNuCoachesPortalRegression-PartC","CoachesPortal.PatientDetails.PatientProfileImmunizations","CoachesPortal.PatientDetails.PatientProfileImmunizations","verifyPersonalDetails","Add medication of Ethlen",""
"broken","Wed Mar 25 22:30:09 UTC 2026","Wed Mar 25 22:31:10 UTC 2026","60330","HabitNuCoachPortalSuite","GroupDPPClassPlanner","CoachesPortal.ClassPlanner","CoachesPortal.ClassPlanner","case31","Login to coach portal -> select the cohort -> Class planner -> Click on Edit (pencil) button -> add the participant -> Done",""
"passed","Wed Mar 25 22:32:21 UTC 2026","Wed Mar 25 22:32:22 UTC 2026","1421","HabitNuCoachPortalSuite","GeneralContent","CoachesPortal.generalContent_WEb_Coaches","CoachesPortal.generalContent_WEb_Coaches","case4","Creating tags for Sleep",""
"passed","Wed Mar 25 22:43:12 UTC 2026","Wed Mar 25 22:43:19 UTC 2026","6789","HabitNuCoachPortalSuite","UserDashboard","CoachesPortal.PatientDashboard","CoachesPortal.PatientDashboard","habitCard_Done","test17 > Given I am logged in as coach, when I am on updating with a habit for the user to DONE, Then I should be able to see updated habit as 'DONE' on Habits graph","coach login - user/patient/partcipant dashboard validation"
"passed","Wed Mar 25 20:54:20 UTC 2026","Wed Mar 25 20:54:22 UTC 2026","1476","HabitNuCoachPortalSuite","HabitNuCoachesPortalRegression-PartA","CoachesPortal.LearnModule.Learn","CoachesPortal.LearnModule.Learn","cloneCourse","verify cloning of course",""
"passed","Wed Mar 25 22:03:51 UTC 2026","Wed Mar 25 22:03:51 UTC 2026","1","HabitNuCoachPortalSuite","Scheduler","CoachesPortal.Schedular","CoachesPortal.Schedular","userNoToTheMeet","test1 > Given I am logged in as admin, verify user response to meet attendance - NO","test1 > Given I am logged in as admin, verify user response to meet attendance - NO"
"passed","Wed Mar 25 21:44:48 UTC 2026","Wed Mar 25 21:44:48 UTC 2026","47","HabitNuCoachPortalSuite","HabitNuCoachesPortalRegression-PartB","CoachesPortal.PatientDetails.PatientProfileDemographic","CoachesPortal.PatientDetails.PatientProfileDemographic","verifyOtherdetails","test1 > Given I am logged in as coach, verifyOtherdetails","test1 > Given I am logged in as coach, verifyOtherdetails"
"passed","Wed Mar 25 21:45:42 UTC 2026","Wed Mar 25 21:45:45 UTC 2026","3733","HabitNuCoachPortalSuite","HabitNuCoachesPortalRegression-PartB","CoachesPortal.PatientDetails.PatientProfileDemographic","CoachesPortal.PatientDetails.PatientProfileDemographic","updateAndVerifyContactDetails","test1 > Given I am logged in as customer admin, updateAndVerifyContactDetails","test1 > Given I am logged in as customer admin, updateAndVerifyContactDetails"
"passed","Wed Mar 25 22:24:52 UTC 2026","Wed Mar 25 22:24:52 UTC 2026","103","HabitNuCoachPortalSuite","GroupDPPClassPlanner","CoachesPortal.ClassPlanner","CoachesPortal.ClassPlanner","case18","Click on Lock button",""
"passed","Wed Mar 25 22:03:31 UTC 2026","Wed Mar 25 22:03:44 UTC 2026","12715","HabitNuCoachPortalSuite","Scheduler","CoachesPortal.Schedular","CoachesPortal.Schedular","rescheduleMeeting","test6 >  Given I am logged in as admin, and on time slot page, When I click on created appointment, Then I should see Reschedule button, When I click on it and submit details, Then I should be able to save it","admin login - User should be able to reschedule appointment"
"passed","Wed Mar 25 21:22:37 UTC 2026","Wed Mar 25 21:22:46 UTC 2026","9126","HabitNuCoachPortalSuite","HabitNuCoachesPortalRegression-PartA","CoachesPortal.DiscussionForumPage","CoachesPortal.DiscussionForumPage","case11","test1 > Given I am logged in as customerAdmin, I am validating File upload- error","test1 > Given I am logged in as customerAdmin, I am validating File upload- error"
"passed","Wed Mar 25 21:59:28 UTC 2026","Wed Mar 25 22:01:15 UTC 2026","107644","HabitNuCoachPortalSuite","Scheduler","CoachesPortal.Schedular","CoachesPortal.Schedular","validateCreatedMeetingAvailable_for_user","test1 > Given I am logged in as coach, verify meet created by system user is available for users","test1 > Given I am logged in as coach, verify meet created by system user is available for users"
"passed","Wed Mar 25 21:30:49 UTC 2026","Wed Mar 25 21:30:49 UTC 2026","755","HabitNuCoachPortalSuite","HabitNuCoachesPortalRegression-PartB","CoachesPortal.OnsiteUsersListDashboard","CoachesPortal.OnsiteUsersListDashboard","case4","test1 > Given I am logged in as coach, Seach user by name.","test1 > Given I am logged in as coach, Seach user by name."
"passed","Wed Mar 25 22:03:51 UTC 2026","Wed Mar 25 22:03:51 UTC 2026","0","HabitNuCoachPortalSuite","Scheduler","CoachesPortal.Schedular","CoachesPortal.Schedular","validateInteractionEntries_InteractionOn","test1 > Given I am logged in as admin, verify group interaction entries are made automatically when meet is attended for min of 1min > Validating field==InteractionOn","test1 > Given I am logged in as admin, verify group interaction entries are made automatically when meet is attended for min of 1min > Validating field==InteractionOn"
"passed","Wed Mar 25 22:20:37 UTC 2026","Wed Mar 25 22:20:37 UTC 2026","145","HabitNuCoachPortalSuite","LoginPageCases","CoachesPortal.LoginPageCases","CoachesPortal.LoginPageCases","testLoginWithEmptyEmailAndValidPassword","try login with empty email and valid password",""
"broken","Wed Mar 25 22:26:05 UTC 2026","Wed Mar 25 22:27:08 UTC 2026","63457","HabitNuCoachPortalSuite","GroupDPPClassPlanner","CoachesPortal.ClassPlanner","CoachesPortal.ClassPlanner","case23","Login to coach portal -> select the cohort -> Class planner -> Activate class planner ",""
"failed","Wed Mar 25 21:37:42 UTC 2026","Wed Mar 25 21:37:47 UTC 2026","5048","HabitNuCoachPortalSuite","HabitNuCoachesPortalRegression-PartB","CoachesPortal.OnsiteUsersListDashboard","CoachesPortal.OnsiteUsersListDashboard","verifyConfirmed_By_CoachNo","test1 > Given I am logged in as customerAdmin, verifyConfirmed_By_Coach is updated to TRUE when coach update to No from user profile","test1 > Given I am logged in as customerAdmin, verifyConfirmed_By_Coach is updated to TRUE when coach update to No from user profile"
"passed","Wed Mar 25 21:50:55 UTC 2026","Wed Mar 25 21:51:07 UTC 2026","12077","HabitNuCoachPortalSuite","HabitNuCoachesPortalRegression-PartB","CoachesPortal.PatientDetails.PatientProfileDemographic","CoachesPortal.PatientDetails.PatientProfileDemographic","deleteEthnicityAndRace","test1 > Given I am logged in as customer admin, Ethnicity and Race","test1 > Given I am logged in as customer admin, Ethnicity and Race"
"passed","Wed Mar 25 22:24:35 UTC 2026","Wed Mar 25 22:24:36 UTC 2026","841","HabitNuCoachPortalSuite","GroupDPPClassPlanner","CoachesPortal.ClassPlanner","CoachesPortal.ClassPlanner","case14","Archive the TEXT Created card",""
"passed","Wed Mar 25 22:20:44 UTC 2026","Wed Mar 25 22:20:44 UTC 2026","121","HabitNuCoachPortalSuite","LoginPageCases","CoachesPortal.LoginPageCases","CoachesPortal.LoginPageCases","case17","Coaches Portal Login URL -> Click on terms of use",""
"broken","Wed Mar 25 21:43:08 UTC 2026","Wed Mar 25 21:43:39 UTC 2026","30819","HabitNuCoachPortalSuite","HabitNuCoachesPortalRegression-PartB","CoachesPortal.PatientDetails.PatientProfileDemographic","CoachesPortal.PatientDetails.PatientProfileDemographic","updateDisenrollmentDetails_with_onlyDisenrolledReason","test1 > Given I am logged in as coach, try updating DisenrollmentDetails with only diseenrolledReason data","test1 > Given I am logged in as coach, try updating DisenrollmentDetails with only diseenrolledReason data"
"passed","Wed Mar 25 21:45:40 UTC 2026","Wed Mar 25 21:45:40 UTC 2026","311","HabitNuCoachPortalSuite","HabitNuCoachesPortalRegression-PartB","CoachesPortal.PatientDetails.PatientProfileDemographic","CoachesPortal.PatientDetails.PatientProfileDemographic","verifyConfirmed_By_CoachNo","test1 > Given I am logged in as customer admin, verifyConfirmed_By_Coach by clicking on No","test1 > Given I am logged in as customer admin, verifyConfirmed_By_Coach by clicking on No"
"broken","Wed Mar 25 21:29:56 UTC 2026","Wed Mar 25 21:30:26 UTC 2026","30295","HabitNuCoachPortalSuite","HabitNuCoachesPortalRegression-PartA","CoachesPortal.DirectMessage","CoachesPortal.DirectMessage","click_on_delete_icon_of_message","Verify message sent from Coach in chatbox",""
"passed","Wed Mar 25 22:24:46 UTC 2026","Wed Mar 25 22:24:52 UTC 2026","5769","HabitNuCoachPortalSuite","GroupDPPClassPlanner","CoachesPortal.ClassPlanner","CoachesPortal.ClassPlanner","case17","Unarchive the DOC Created card",""
"passed","Wed Mar 25 22:43:05 UTC 2026","Wed Mar 25 22:43:06 UTC 2026","693","HabitNuCoachPortalSuite","UserDashboard","CoachesPortal.PatientDashboard","CoachesPortal.PatientDashboard","videoActivity","test13 > Given I am logged in as coach, when I am on watching a video by logging into user app, Then I should be able to see watched Video progress data on VideoActivity graph","coach login - user/patient/partcipant dashboard validation"
"passed","Wed Mar 25 22:47:35 UTC 2026","Wed Mar 25 22:47:43 UTC 2026","7865","HabitNuCoachPortalSuite","UserDashboard","CoachesPortal.PatientDashboard","CoachesPortal.PatientDashboard","Last_Fasting_Blood_Sugar","test19 > Given I am logged in as admin, wehn I am on Participants dashboard page, when I add bloodsugar FASTING type, Then I should be able to see the added data on dashboard card==Last_Fasting_Blood_Sugar","admin login - clicking on scheduler should open the scheduler page in coaches portal"
"passed","Wed Mar 25 21:18:07 UTC 2026","Wed Mar 25 21:18:08 UTC 2026","689","HabitNuCoachPortalSuite","HabitNuCoachesPortalRegression-PartA","CoachesPortal.DiscussionForumPage","CoachesPortal.DiscussionForumPage","case10","test1 > Given I am logged in as coach, I am validating post comment-success.","test1 > Given I am logged in as coach, I am validating post comment-success."
"passed","Wed Mar 25 21:15:15 UTC 2026","Wed Mar 25 21:15:17 UTC 2026","2095","HabitNuCoachPortalSuite","HabitNuCoachesPortalRegression-PartA","CoachesPortal.DiscussionForumPage","CoachesPortal.DiscussionForumPage","case26","test1 > Given I am logged in as admin, I am validating UnPin The post","test1 > Given I am logged in as admin, I am validating UnPin The post"
"passed","Wed Mar 25 21:45:21 UTC 2026","Wed Mar 25 21:45:21 UTC 2026","5","HabitNuCoachPortalSuite","HabitNuCoachesPortalRegression-PartB","CoachesPortal.PatientDetails.PatientProfileDemographic","CoachesPortal.PatientDetails.PatientProfileDemographic","updateSexAtbirth","test1 > Given I am logged in as coach, Sex at Birth","test1 > Given I am logged in as coach, Sex at Birth"
"passed","Wed Mar 25 22:05:53 UTC 2026","Wed Mar 25 22:05:55 UTC 2026","1972","HabitNuCoachPortalSuite","Paywal","CoachesPortal.payWall","CoachesPortal.payWall","testViewAllTransactionsPage","COP-T400: View all transactions and validate page layout",""
"passed","Wed Mar 25 22:05:38 UTC 2026","Wed Mar 25 22:05:41 UTC 2026","3751","HabitNuCoachPortalSuite","Paywal","CoachesPortal.payWall","CoachesPortal.payWall","testFilterSubscriptions","COP-T397–399: Validate subscription filters",""
"passed","Wed Mar 25 22:53:00 UTC 2026","Wed Mar 25 22:53:00 UTC 2026","31","HabitNuCoachPortalSuite","DifferentTypeOfDashboards","CoachesPortal.CohortLevelDashboard.OnlineCohortDashboard","CoachesPortal.CohortLevelDashboard.OnlineCohortDashboard","coachName","test1 > Given I am logged in as customer admin, I am validating online cohort 'dashboard-card=coachName","test1 > Given I am logged in as customer admin, I am validating online cohort 'dashboard-card=coachName"
"passed","Wed Mar 25 22:21:59 UTC 2026","Wed Mar 25 22:22:05 UTC 2026","5445","HabitNuCoachPortalSuite","LogClassSession","CoachesPortal.LogClassSection","CoachesPortal.LogClassSection","verifyMaxValueinWeightNotAllowed","entering 1000 Value in weight should limit to 3 chars which is 100",""
"passed","Wed Mar 25 22:34:04 UTC 2026","Wed Mar 25 22:34:14 UTC 2026","10117","HabitNuCoachPortalSuite","GeneralContent","CoachesPortal.generalContent_WEb_Coaches","CoachesPortal.generalContent_WEb_Coaches","verifyGroupDeletion","Verify Group Deletion",""
"passed","Wed Mar 25 21:56:13 UTC 2026","Wed Mar 25 21:56:41 UTC 2026","27812","HabitNuCoachPortalSuite","UserActivities","CoachesPortal.PatientDetails.UserActivitiesBloodSugar","CoachesPortal.PatientDetails.UserActivitiesBloodSugar","verifyEditBSDataInCoachesPortal","Edit BS data in webapp and verify in webapp as well as in coaches portal",""
"passed","Wed Mar 25 21:45:45 UTC 2026","Wed Mar 25 21:45:49 UTC 2026","3644","HabitNuCoachPortalSuite","HabitNuCoachesPortalRegression-PartB","CoachesPortal.PatientDetails.PatientProfileDemographic","CoachesPortal.PatientDetails.PatientProfileDemographic","updateAndVerifyAddressDetails","test1 > Given I am logged in as customer admin, updateAndVerifyAddressDetails","test1 > Given I am logged in as customer admin, updateAndVerifyAddressDetails"
"skipped","Wed Mar 25 22:08:23 UTC 2026","Wed Mar 25 22:08:23 UTC 2026","0","HabitNuCoachPortalSuite","Paywal","CoachesPortal.payWall","CoachesPortal.payWall","testUserSeesAndSubscribesToPlan","COP-T408 & T409: Verify user can see and subscribe to a linked plan",""
"passed","Wed Mar 25 22:17:05 UTC 2026","Wed Mar 25 22:17:05 UTC 2026","10","HabitNuCoachPortalSuite","ProjectPowerDashboard","CoachesPortal.ProjectPowerDashboard","CoachesPortal.ProjectPowerDashboard","verifyDISENROLLED","go to coaches portal - Project Power-verify DISENROLLED users",""
"failed","Wed Mar 25 21:41:17 UTC 2026","Wed Mar 25 21:41:17 UTC 2026","386","HabitNuCoachPortalSuite","HabitNuCoachesPortalRegression-PartB","CoachesPortal.PatientDetails.PatientProfileDemographic","CoachesPortal.PatientDetails.PatientProfileDemographic","verifyConfirmed_By_CoachNo","test1 > Given I am logged in as coach, verifyConfirmed_By_Coach by clicking on No","test1 > Given I am logged in as coach, verifyConfirmed_By_Coach by clicking on No"
"broken","Wed Mar 25 21:04:07 UTC 2026","Wed Mar 25 21:04:48 UTC 2026","40961","HabitNuCoachPortalSuite","HabitNuCoachesPortalRegression-PartA","CoachesPortal.LearnModule.CustomerAdminCourseDocument","CoachesPortal.LearnModule.CustomerAdminCourseDocument","verifyAddOnlyDiscription","Add Only Discription And verify url and title Required",""
"broken","Wed Mar 25 22:42:48 UTC 2026","Wed Mar 25 22:42:56 UTC 2026","7968","HabitNuCoachPortalSuite","UserDashboard","CoachesPortal.PatientDashboard","CoachesPortal.PatientDashboard","hbA1cHistory","test7 > Given I am logged in as coach, wehn I am on adding hba1c from user Dashboard, Then I should be able to see added hba1c on Hba1c graph","coach login - user/patient/partcipant dashboard validation"
"passed","Wed Mar 25 21:50:20 UTC 2026","Wed Mar 25 21:50:32 UTC 2026","12443","HabitNuCoachPortalSuite","HabitNuCoachesPortalRegression-PartB","CoachesPortal.PatientDetails.PatientProfileDemographic","CoachesPortal.PatientDetails.PatientProfileDemographic","updateCurrentGender","test1 > Given I am logged in as customer admin, Current Gender","test1 > Given I am logged in as customer admin, Current Gender"
"passed","Wed Mar 25 22:18:59 UTC 2026","Wed Mar 25 22:18:59 UTC 2026","280","HabitNuCoachPortalSuite","ProjectPowerDashboard","CoachesPortal.ProjectPowerDashboard","CoachesPortal.ProjectPowerDashboard","verifyCohortWeightLossTrendFor3months","All cohort dashboard for project power - Cohort Weight Loss trend - 3months",""
"failed","Wed Mar 25 22:18:36 UTC 2026","Wed Mar 25 22:18:47 UTC 2026","10603","HabitNuCoachPortalSuite","ProjectPowerDashboard","CoachesPortal.ProjectPowerDashboard","CoachesPortal.ProjectPowerDashboard","verifyADAMilestoneFor12Months","All cohort dashboard for project power - ADA milestone trend - 12months",""
"broken","Wed Mar 25 22:20:43 UTC 2026","Wed Mar 25 22:20:43 UTC 2026","167","HabitNuCoachPortalSuite","LoginPageCases","CoachesPortal.LoginPageCases","CoachesPortal.LoginPageCases","case14","Coaches Portal Feedback URL -> Add subject-> Keep other fields empty -> Click on submit feedback",""
"passed","Wed Mar 25 22:06:08 UTC 2026","Wed Mar 25 22:06:10 UTC 2026","2122","HabitNuCoachPortalSuite","Paywal","CoachesPortal.payWall","CoachesPortal.payWall","testFilterTransactions","COP-T400: Validate all transaction filters",""
"passed","Wed Mar 25 21:30:43 UTC 2026","Wed Mar 25 21:30:49 UTC 2026","5654","HabitNuCoachPortalSuite","HabitNuCoachesPortalRegression-PartB","CoachesPortal.OnsiteUsersListDashboard","CoachesPortal.OnsiteUsersListDashboard","case1","test1 > Given I am logged in as coach, Search for 'automationForLogclass' and click on users.","test1 > Given I am logged in as coach, Search for 'automationForLogclass' and click on users."
"passed","Wed Mar 25 22:57:34 UTC 2026","Wed Mar 25 22:57:34 UTC 2026","173","HabitNuCoachPortalSuite","DifferentTypeOfDashboards","CoachesPortal.CohortLevelDashboard.DSMEDashboardCoachesPortal","CoachesPortal.CohortLevelDashboard.DSMEDashboardCoachesPortal","test15_verifyBloodSugarByPatientsWithCalender","Verify Blood Sugar by Patients with Calender as default date today selected",""
"passed","Wed Mar 25 22:16:28 UTC 2026","Wed Mar 25 22:16:54 UTC 2026","25373","HabitNuCoachPortalSuite","HabitNuCoachesPortalRegression-PartC","CoachesPortal.PatientDetails.PatientProfileHealthProviders","CoachesPortal.PatientDetails.PatientProfileHealthProviders","verifyAddHealthProviderDetails","Add HealthProvider of Ethlen",""
"broken","Wed Mar 25 21:06:30 UTC 2026","Wed Mar 25 21:07:11 UTC 2026","40948","HabitNuCoachPortalSuite","HabitNuCoachesPortalRegression-PartA","CoachesPortal.LearnModule.CustomerAdminCourseDocument","CoachesPortal.LearnModule.CustomerAdminCourseDocument","verifyAddUrlTitleDocumentRequired","Add Documentupload And Title Required",""
"passed","Wed Mar 25 22:57:34 UTC 2026","Wed Mar 25 22:57:34 UTC 2026","56","HabitNuCoachPortalSuite","DifferentTypeOfDashboards","CoachesPortal.CohortLevelDashboard.DSMEDashboardCoachesPortal","CoachesPortal.CohortLevelDashboard.DSMEDashboardCoachesPortal","test14_verifyBloodSugarByPatientsWithallPosibleActions","Verify Blood Sugar by Patients dropdown card with possible options listed",""
"broken","Wed Mar 25 21:13:02 UTC 2026","Wed Mar 25 21:13:23 UTC 2026","20798","HabitNuCoachPortalSuite","HabitNuCoachesPortalRegression-PartA","CoachesPortal.LearnModule.CustomerAdminCourseDocument","CoachesPortal.LearnModule.CustomerAdminCourseDocument","verifyVideoArchiveCancelAndConfirm","Video Archive Cancel And Confirm",""
"passed","Wed Mar 25 22:42:46 UTC 2026","Wed Mar 25 22:42:48 UTC 2026","1696","HabitNuCoachPortalSuite","UserDashboard","CoachesPortal.PatientDashboard","CoachesPortal.PatientDashboard","physicalActivityHistory","test5 > Given I am logged in as coach, wehn I am on adding steps from user Dashboard, Then I should be able to see added Steps on physicalActivityHistory graph","coach login - user/patient/partcipant dashboard validation"
"passed","Wed Mar 25 21:32:50 UTC 2026","Wed Mar 25 21:32:53 UTC 2026","3196","HabitNuCoachPortalSuite","HabitNuCoachesPortalRegression-PartB","CoachesPortal.OnsiteUsersListDashboard","CoachesPortal.OnsiteUsersListDashboard","case39","test1 > Given I am logged in as customerAdmin, sorting users table with 'cohort' in desc order","test1 > Given I am logged in as customerAdmin, sorting users table with 'cohort' in desc order"
"passed","Wed Mar 25 21:26:55 UTC 2026","Wed Mar 25 21:26:56 UTC 2026","1131","HabitNuCoachPortalSuite","HabitNuCoachesPortalRegression-PartA","CoachesPortal.DirectMessage","CoachesPortal.DirectMessage","searchParticipantByFirstName_who_is_notPartOfthisCohort","Search participant by firstName who is not part of this cohort",""
"passed","Wed Mar 25 21:49:41 UTC 2026","Wed Mar 25 21:49:52 UTC 2026","10538","HabitNuCoachPortalSuite","HabitNuCoachesPortalRegression-PartB","CoachesPortal.PatientDetails.PatientProfileDemographic","CoachesPortal.PatientDetails.PatientProfileDemographic","updateethnicity_race_info","test1 > Given I am logged in as customer admin, ethnicity_race_info","test1 > Given I am logged in as customer admin, ethnicity_race_info"
"broken","Wed Mar 25 21:36:30 UTC 2026","Wed Mar 25 21:36:51 UTC 2026","21647","HabitNuCoachPortalSuite","HabitNuCoachesPortalRegression-PartB","CoachesPortal.OnsiteUsersListDashboard","CoachesPortal.OnsiteUsersListDashboard","case56","test1 > Given I am logged in as customerAdmin, verify Mail hasn't sent & unverified address.","test1 > Given I am logged in as customerAdmin, verify Mail hasn't sent & unverified address."
"passed","Wed Mar 25 22:24:52 UTC 2026","Wed Mar 25 22:24:52 UTC 2026","88","HabitNuCoachPortalSuite","GroupDPPClassPlanner","CoachesPortal.ClassPlanner","CoachesPortal.ClassPlanner","case19","Click on Unlock button",""
"passed","Wed Mar 25 21:18:08 UTC 2026","Wed Mar 25 21:18:17 UTC 2026","9121","HabitNuCoachPortalSuite","HabitNuCoachesPortalRegression-PartA","CoachesPortal.DiscussionForumPage","CoachesPortal.DiscussionForumPage","case11","test1 > Given I am logged in as coach, I am validating File upload- error","test1 > Given I am logged in as coach, I am validating File upload- error"
"broken","Wed Mar 25 21:39:29 UTC 2026","Wed Mar 25 21:40:00 UTC 2026","30234","HabitNuCoachPortalSuite","HabitNuCoachesPortalRegression-PartB","CoachesPortal.PatientDetails.CommunicationLogsCoachesPortal","CoachesPortal.PatientDetails.CommunicationLogsCoachesPortal","verifyCommunicationLogs_doesnt_GO_on_clicking_cancel","verify messages do not post upon clicking on CANCEL button",""
"passed","Wed Mar 25 21:49:09 UTC 2026","Wed Mar 25 21:49:10 UTC 2026","154","HabitNuCoachPortalSuite","HabitNuCoachesPortalRegression-PartB","CoachesPortal.PatientDetails.PatientProfileDemographic","CoachesPortal.PatientDetails.PatientProfileDemographic","testSelectWalkingYes","test1 > Given I am logged in as customer admin, testSelectWalkingYes","test1 > Given I am logged in as customer admin, testSelectWalkingYes"
"passed","Wed Mar 25 21:53:55 UTC 2026","Wed Mar 25 21:54:10 UTC 2026","15724","HabitNuCoachPortalSuite","UserActivities","CoachesPortal.PatientDetails.UserActivitiesBloodSugar","CoachesPortal.PatientDetails.UserActivitiesBloodSugar","verifyandCancelCurrentDateBloodSugar","Verify user as Ethelyn in useractivities tab and Cancel filled current date blood sugar",""
"broken","Wed Mar 25 21:45:49 UTC 2026","Wed Mar 25 21:46:25 UTC 2026","35370","HabitNuCoachPortalSuite","HabitNuCoachesPortalRegression-PartB","CoachesPortal.PatientDetails.PatientProfileDemographic","CoachesPortal.PatientDetails.PatientProfileDemographic","updateDisenrollmentDetails_with_emptyData","test1 > Given I am logged in as customer admin, try updating DisenrollmentDetails with empty data","test1 > Given I am logged in as customer admin, try updating DisenrollmentDetails with empty data"
"broken","Wed Mar 25 22:02:28 UTC 2026","Wed Mar 25 22:02:54 UTC 2026","26075","HabitNuCoachPortalSuite","Scheduler","CoachesPortal.Schedular","CoachesPortal.Schedular","validateUserNoInSchedular","test1 > Given I am logged in as coach, verify when user responds to meet with NO, same can be validated by coach in coaches portal in Attended dropdown","test1 > Given I am logged in as coach, verify when user responds to meet with NO, same can be validated by coach in coaches portal in Attended dropdown"
"passed","Wed Mar 25 20:46:31 UTC 2026","Wed Mar 25 20:46:31 UTC 2026","552","HabitNuCoachPortalSuite","HabitNuCoachesPortalRegression-PartA","CoachesPortal.CohortLevelDashboard.CohortLevelDashboardPage","CoachesPortal.CohortLevelDashboard.CohortLevelDashboardPage","case4","Habitnu716 - weight loss-user- tooltip",""
"passed","Wed Mar 25 22:21:08 UTC 2026","Wed Mar 25 22:21:12 UTC 2026","4359","HabitNuCoachPortalSuite","LogClassSession","CoachesPortal.LogClassSection","CoachesPortal.LogClassSection","verifySearchPatientById","Search Participant By ID",""
"passed","Wed Mar 25 20:51:47 UTC 2026","Wed Mar 25 20:51:49 UTC 2026","1664","HabitNuCoachPortalSuite","HabitNuCoachesPortalRegression-PartA","CoachesPortal.LearnModule.Learn","CoachesPortal.LearnModule.Learn","checkLearnTabOnCoachesWhenCourseIsPublished","check learn tab on coaches portal when course is published",""
"passed","Wed Mar 25 22:57:21 UTC 2026","Wed Mar 25 22:57:27 UTC 2026","5824","HabitNuCoachPortalSuite","DifferentTypeOfDashboards","CoachesPortal.CohortLevelDashboard.DSMEDashboardCoachesPortal","CoachesPortal.CohortLevelDashboard.DSMEDashboardCoachesPortal","test10_AddParticipants_danger_text_validations","And user is validating Add participants danger text validations",""
"passed","Wed Mar 25 21:30:55 UTC 2026","Wed Mar 25 21:30:58 UTC 2026","3266","HabitNuCoachPortalSuite","HabitNuCoachesPortalRegression-PartB","CoachesPortal.OnsiteUsersListDashboard","CoachesPortal.OnsiteUsersListDashboard","case9","test1 > Given I am logged in as coach, Form Survey for cohort- Disability.","test1 > Given I am logged in as coach, Form Survey for cohort- Disability."
"passed","Wed Mar 25 22:58:07 UTC 2026","Wed Mar 25 22:58:55 UTC 2026","48275","HabitNuCoachPortalSuite","DifferentTypeOfDashboards","CoachesPortal.CohortLevelDashboard.ParticipantsProgressTracker","CoachesPortal.CohortLevelDashboard.ParticipantsProgressTracker","test3_participants_filter_actions_options","And user is navigating to participants and validating the filter status.",""
"passed","Wed Mar 25 22:24:30 UTC 2026","Wed Mar 25 22:24:32 UTC 2026","1590","HabitNuCoachPortalSuite","GroupDPPClassPlanner","CoachesPortal.ClassPlanner","CoachesPortal.ClassPlanner","case8","Create the DOCUMENT cards under the list",""
"passed","Wed Mar 25 21:31:34 UTC 2026","Wed Mar 25 21:31:36 UTC 2026","1828","HabitNuCoachPortalSuite","HabitNuCoachesPortalRegression-PartB","CoachesPortal.OnsiteUsersListDashboard","CoachesPortal.OnsiteUsersListDashboard","case19","test1 > Given I am logged in as coach, Cancel Scenarios- Call","test1 > Given I am logged in as coach, Cancel Scenarios- Call"
"passed","Wed Mar 25 20:49:51 UTC 2026","Wed Mar 25 20:49:51 UTC 2026","86","HabitNuCoachPortalSuite","HabitNuCoachesPortalRegression-PartA","CoachesPortal.CohortLevelDashboard.CohortLevelDashboardPage","CoachesPortal.CohortLevelDashboard.CohortLevelDashboardPage","case34","Extracting values of Registered, In cohort, pending users,active users,disenrolled,male/felmale.",""
"failed","Wed Mar 25 21:44:41 UTC 2026","Wed Mar 25 21:44:44 UTC 2026","2379","HabitNuCoachPortalSuite","HabitNuCoachesPortalRegression-PartB","CoachesPortal.PatientDetails.PatientProfileDemographic","CoachesPortal.PatientDetails.PatientProfileDemographic","updateAndVerifyBaselineHealthData","test1 > Given I am logged in as coach, updateAndVerifyBaselineHealthData","test1 > Given I am logged in as coach, updateAndVerifyBaselineHealthData"
"passed","Wed Mar 25 22:46:07 UTC 2026","Wed Mar 25 22:46:14 UTC 2026","7077","HabitNuCoachPortalSuite","UserDashboard","CoachesPortal.PatientDashboard","CoachesPortal.PatientDashboard","goToUserDashboard","test1 > Given I am logged in as admin, wehn I click on Participants module, Then I should be taken to users/participants list page, when I click on a user, Then I should be taken to user dashboard","admin login - clicking on scheduler should open the scheduler page in coaches portal"
"broken","Wed Mar 25 22:35:53 UTC 2026","Wed Mar 25 22:36:18 UTC 2026","25060","HabitNuCoachPortalSuite","Milestones","CoachesPortal.MilestoneModule.SoleraIBCorNDPP","CoachesPortal.MilestoneModule.SoleraIBCorNDPP","test11","Given I have achieved M0 & M1, M2, M3, M4, M5(1st & 2ndgreen), When I achieve Weekly Meaningful Engagement for week8, Then I should be able to achieve M5",""
"broken","Wed Mar 25 20:46:20 UTC 2026","Wed Mar 25 20:46:30 UTC 2026","10243","HabitNuCoachPortalSuite","HabitNuCoachesPortalRegression-PartA","CoachesPortal.CohortLevelDashboard.CohortLevelDashboardPage","CoachesPortal.CohortLevelDashboard.CohortLevelDashboardPage","case2","Extract all graphs in outcomes page.",""
"passed","Wed Mar 25 21:13:32 UTC 2026","Wed Mar 25 21:13:35 UTC 2026","2188","HabitNuCoachPortalSuite","HabitNuCoachesPortalRegression-PartA","CoachesPortal.DiscussionForumPage","CoachesPortal.DiscussionForumPage","case7","test1 > Given I am logged in as admin, I am validating Add subject and describe- success post.","test1 > Given I am logged in as admin, I am validating Add subject and describe- success post."
"broken","Wed Mar 25 21:04:48 UTC 2026","Wed Mar 25 21:05:28 UTC 2026","40946","HabitNuCoachPortalSuite","HabitNuCoachesPortalRegression-PartA","CoachesPortal.LearnModule.CustomerAdminCourseDocument","CoachesPortal.LearnModule.CustomerAdminCourseDocument","verifyAddTitleLinkRequired","Add Title Required",""
"passed","Wed Mar 25 22:01:20 UTC 2026","Wed Mar 25 22:01:27 UTC 2026","6376","HabitNuCoachPortalSuite","Scheduler","CoachesPortal.Schedular","CoachesPortal.Schedular","userNoToTheMeet","test1 > Given I am logged in as coach, verify user response to meet attendance - NO","test1 > Given I am logged in as coach, verify user response to meet attendance - NO"
"passed","Wed Mar 25 22:42:56 UTC 2026","Wed Mar 25 22:43:05 UTC 2026","8793","HabitNuCoachPortalSuite","UserDashboard","CoachesPortal.PatientDashboard","CoachesPortal.PatientDashboard","bloodPressureHistory","test8 > Given I am logged in as coach, wehn I am on adding bloodpressure from user Dashboard, Then I should be able to see added bloodpressure on bloodpressureHistory graph","coach login - user/patient/partcipant dashboard validation"
"passed","Wed Mar 25 22:39:32 UTC 2026","Wed Mar 25 22:39:43 UTC 2026","10465","HabitNuCoachPortalSuite","Milestones","CoachesPortal.VAMilestone","CoachesPortal.VAMilestone","test20_validating_VAHeaders_data","And user is validating to VAHeaders data by clicking arrow button",""
"passed","Wed Mar 25 21:24:04 UTC 2026","Wed Mar 25 21:24:05 UTC 2026","1213","HabitNuCoachPortalSuite","HabitNuCoachesPortalRegression-PartA","CoachesPortal.DiscussionForumPage","CoachesPortal.DiscussionForumPage","case21","test1 > Given I am logged in as customerAdmin, I am validating Edit Post-Remove File.","test1 > Given I am logged in as customerAdmin, I am validating Edit Post-Remove File."
"passed","Wed Mar 25 22:47:07 UTC 2026","Wed Mar 25 22:47:13 UTC 2026","5910","HabitNuCoachPortalSuite","UserDashboard","CoachesPortal.PatientDashboard","CoachesPortal.PatientDashboard","patientVWeeklyStatusVideo_when_100_percentWatched","test15 > Given I am logged in as admin, when I am on watching a video completely by logging into user app, Then I should be able to see watched Video count==1 under patientVWeeklyStatusVideo","admin login - user/patient/partcipant dashboard validation"
"passed","Wed Mar 25 22:01:27 UTC 2026","Wed Mar 25 22:02:27 UTC 2026","60672","HabitNuCoachPortalSuite","Scheduler","CoachesPortal.Schedular","CoachesPortal.Schedular","validateInteractionEntries_InteractionOn","test1 > Given I am logged in as coach, verify group interaction entries are made automatically when meet is attended for min of 1min > Validating field==InteractionOn","test1 > Given I am logged in as coach, verify group interaction entries are made automatically when meet is attended for min of 1min > Validating field==InteractionOn"
"passed","Wed Mar 25 21:41:19 UTC 2026","Wed Mar 25 21:41:19 UTC 2026","45","HabitNuCoachPortalSuite","HabitNuCoachesPortalRegression-PartB","CoachesPortal.PatientDetails.PatientProfileDemographic","CoachesPortal.PatientDetails.PatientProfileDemographic","verifyContactDetails","test1 > Given I am logged in as coach, verifyContactDetails","test1 > Given I am logged in as coach, verifyContactDetails"
"passed","Wed Mar 25 23:05:42 UTC 2026","Wed Mar 25 23:05:50 UTC 2026","7760","HabitNuCoachPortalSuite","DifferentTypeOfCohorts","CoachesPortal.connectCohorts","CoachesPortal.connectCohorts","case1","test1 > Given I am logged in as admin, I am validating connect cohorts modules","test1 > Given I am logged in as admin, I am validating connect cohorts modules"
"passed","Wed Mar 25 22:06:04 UTC 2026","Wed Mar 25 22:06:06 UTC 2026","2114","HabitNuCoachPortalSuite","Paywal","CoachesPortal.payWall","CoachesPortal.payWall","testFilterTransactions","COP-T400: Validate all transaction filters",""
"failed","Wed Mar 25 22:51:08 UTC 2026","Wed Mar 25 22:51:23 UTC 2026","15035","HabitNuCoachPortalSuite","DifferentTypeOfDashboards","CoachesPortal.CohortLevelDashboard.OnlineCohortDashboard","CoachesPortal.CohortLevelDashboard.OnlineCohortDashboard","fivePercentWeightLossCard_forUserWeight","test1 > Given I am logged in as coach, I am validating online cohort 'dashboard-card=fivePercentWeightLossCardCount, when user adds weight","test1 > Given I am logged in as coach, I am validating online cohort 'dashboard-card=fivePercentWeightLossCardCount, when user adds weight"
"broken","Wed Mar 25 21:35:23 UTC 2026","Wed Mar 25 21:35:54 UTC 2026","31238","HabitNuCoachPortalSuite","HabitNuCoachesPortalRegression-PartB","CoachesPortal.OnsiteUsersListDashboard","CoachesPortal.OnsiteUsersListDashboard","case53","test1 > Given I am logged in as customerAdmin, verify milestonecolor==yellow after participant just register and login to app and do not fill the banner","test1 > Given I am logged in as customerAdmin, verify milestonecolor==yellow after participant just register and login to app and do not fill the banner"
"passed","Wed Mar 25 22:17:05 UTC 2026","Wed Mar 25 22:17:05 UTC 2026","40","HabitNuCoachPortalSuite","ProjectPowerDashboard","CoachesPortal.ProjectPowerDashboard","CoachesPortal.ProjectPowerDashboard","verifyCumulative_EnrollmentGraphPresence","It should display the graph of enrollment of participants on monthly basis",""
"passed","Wed Mar 25 21:13:56 UTC 2026","Wed Mar 25 21:14:06 UTC 2026","9441","HabitNuCoachPortalSuite","HabitNuCoachesPortalRegression-PartA","CoachesPortal.DiscussionForumPage","CoachesPortal.DiscussionForumPage","case13","test1 > Given I am logged in as admin, I am validating File upload- description only- success.","test1 > Given I am logged in as admin, I am validating File upload- description only- success."
"passed","Wed Mar 25 21:26:49 UTC 2026","Wed Mar 25 21:26:50 UTC 2026","645","HabitNuCoachPortalSuite","HabitNuCoachesPortalRegression-PartA","CoachesPortal.DirectMessage","CoachesPortal.DirectMessage","it_should_open_the_pop_up_Private_Post","It should open the pop up Private Post",""
"failed","Wed Mar 25 22:53:44 UTC 2026","Wed Mar 25 22:53:44 UTC 2026","126","HabitNuCoachPortalSuite","DifferentTypeOfDashboards","CoachesPortal.CohortLevelDashboard.OnsiteCohortDashboard","CoachesPortal.CohortLevelDashboard.OnsiteCohortDashboard","case4","test1 > Given I am logged in as coach, I am validating onsite cohort 'Weight Loss By Participants validation on graph with ALL option","test1 > Given I am logged in as coach, I am validating onsite cohort 'Weight Loss By Participants validation on graph with ALL option"
"passed","Wed Mar 25 21:59:27 UTC 2026","Wed Mar 25 21:59:28 UTC 2026","746","HabitNuCoachPortalSuite","Scheduler","CoachesPortal.Schedular","CoachesPortal.Schedular","cancelMeeting","test8 >  Given I am logged in as coach, and on time slot page, When I click on created appointment, Then I should see Cancel meeting button, When I click on it, Then Should be able to cancel it","coach login - User should be able to cancel appointment"
"passed","Wed Mar 25 21:49:10 UTC 2026","Wed Mar 25 21:49:21 UTC 2026","10562","HabitNuCoachPortalSuite","HabitNuCoachesPortalRegression-PartB","CoachesPortal.PatientDetails.PatientProfileDemographic","CoachesPortal.PatientDetails.PatientProfileDemographic","updateFirstName","test1 > Given I am logged in as customer admin, First Name","test1 > Given I am logged in as customer admin, First Name"
"broken","Wed Mar 25 20:46:38 UTC 2026","Wed Mar 25 20:46:53 UTC 2026","15469","HabitNuCoachPortalSuite","HabitNuCoachesPortalRegression-PartA","CoachesPortal.CohortLevelDashboard.CohortLevelDashboardPage","CoachesPortal.CohortLevelDashboard.CohortLevelDashboardPage","case8","participant activity- Select previous week.",""
"passed","Wed Mar 25 22:20:12 UTC 2026","Wed Mar 25 22:20:12 UTC 2026","114","HabitNuCoachPortalSuite","ProjectPowerDashboard","CoachesPortal.ProjectPowerDashboard","CoachesPortal.ProjectPowerDashboard","verifyDemographicsRacialDistribution","Demographics page - RacialDistribution",""
"passed","Wed Mar 25 20:48:59 UTC 2026","Wed Mar 25 20:49:06 UTC 2026","7647","HabitNuCoachPortalSuite","HabitNuCoachesPortalRegression-PartA","CoachesPortal.CohortLevelDashboard.CohortLevelDashboardPage","CoachesPortal.CohortLevelDashboard.CohortLevelDashboardPage","case22","Session Attendance.",""
"failed","Wed Mar 25 23:03:02 UTC 2026","Wed Mar 25 23:03:22 UTC 2026","19867","HabitNuCoachPortalSuite","DifferentTypeOfDashboards","CoachesPortal.CohortLevelDashboard.ParticipantsProgressTracker","CoachesPortal.CohortLevelDashboard.ParticipantsProgressTracker","test10_Createmeeting","And User is able to navigating to schedular and creating a meeting",""
"passed","Wed Mar 25 22:32:58 UTC 2026","Wed Mar 25 22:33:04 UTC 2026","6453","HabitNuCoachPortalSuite","GeneralContent","CoachesPortal.generalContent_WEb_Coaches","CoachesPortal.generalContent_WEb_Coaches","validateAndPublishGroup","Validating Created Group Name, Tag Type, and Video Tags",""
"passed","Wed Mar 25 21:23:56 UTC 2026","Wed Mar 25 21:23:57 UTC 2026","1366","HabitNuCoachPortalSuite","HabitNuCoachesPortalRegression-PartA","CoachesPortal.DiscussionForumPage","CoachesPortal.DiscussionForumPage","case18","test1 > Given I am logged in as customerAdmin, I am validating Edit Post- Subject only- Update- Success","test1 > Given I am logged in as customerAdmin, I am validating Edit Post- Subject only- Update- Success"
"passed","Wed Mar 25 22:17:05 UTC 2026","Wed Mar 25 22:17:10 UTC 2026","5051","HabitNuCoachPortalSuite","ProjectPowerDashboard","CoachesPortal.ProjectPowerDashboard","CoachesPortal.ProjectPowerDashboard","verifyM1completionTrend","All cohort dashboard for project power - M1 completion % Trend",""
"passed","Wed Mar 25 22:06:06 UTC 2026","Wed Mar 25 22:06:08 UTC 2026","1612","HabitNuCoachPortalSuite","Paywal","CoachesPortal.payWall","CoachesPortal.payWall","testFilterTransactions","COP-T400: Validate all transaction filters",""
"passed","Wed Mar 25 21:00:18 UTC 2026","Wed Mar 25 21:00:21 UTC 2026","2752","HabitNuCoachPortalSuite","HabitNuCoachesPortalRegression-PartA","CoachesPortal.LearnModule.Learn","CoachesPortal.LearnModule.Learn","editByErasingMessageContent","verify, Please enter message content for email",""
"passed","Wed Mar 25 22:34:00 UTC 2026","Wed Mar 25 22:34:04 UTC 2026","4338","HabitNuCoachPortalSuite","GeneralContent","CoachesPortal.generalContent_WEb_Coaches","CoachesPortal.generalContent_WEb_Coaches","validateDeleteinWeb","Validate Delete in Web Main Page",""
"passed","Wed Mar 25 22:22:37 UTC 2026","Wed Mar 25 22:22:54 UTC 2026","16696","HabitNuCoachPortalSuite","LogClassSession","CoachesPortal.LogClassSection","CoachesPortal.LogClassSection","verifyAddWeightAttendanceDateAndPAAndLF","Add weight,attendance date and PA And LF",""
"passed","Wed Mar 25 21:32:56 UTC 2026","Wed Mar 25 21:32:59 UTC 2026","3260","HabitNuCoachPortalSuite","HabitNuCoachesPortalRegression-PartB","CoachesPortal.OnsiteUsersListDashboard","CoachesPortal.OnsiteUsersListDashboard","case41","test1 > Given I am logged in as customerAdmin, sorting users table with 'Name' in desc order","test1 > Given I am logged in as customerAdmin, sorting users table with 'Name' in desc order"
"passed","Wed Mar 25 22:38:42 UTC 2026","Wed Mar 25 22:38:46 UTC 2026","4326","HabitNuCoachPortalSuite","Milestones","CoachesPortal.VAMilestone","CoachesPortal.VAMilestone","test12_validating_VAHeaders_data","And user is validating to VAHeaders data by clicking arrow button",""
"broken","Wed Mar 25 22:28:09 UTC 2026","Wed Mar 25 22:29:09 UTC 2026","60331","HabitNuCoachPortalSuite","GroupDPPClassPlanner","CoachesPortal.ClassPlanner","CoachesPortal.ClassPlanner","case26","Edit (lock)button of class planner in cohort by editing card from user dashboard",""
"passed","Wed Mar 25 22:22:54 UTC 2026","Wed Mar 25 22:22:56 UTC 2026","1826","HabitNuCoachPortalSuite","LogClassSession","CoachesPortal.LogClassSection","CoachesPortal.LogClassSection","verifyAddWeightAttendanceDateAndPAAndLFAndMUPOnline","Add weight,attendance date and PA And LF And MUP Online Mode",""
"passed","Wed Mar 25 20:52:00 UTC 2026","Wed Mar 25 20:52:19 UTC 2026","18968","HabitNuCoachPortalSuite","HabitNuCoachesPortalRegression-PartA","CoachesPortal.LearnModule.Learn","CoachesPortal.LearnModule.Learn","verifyFromCoachesEndAfterCourseisRemoved","verify from coaches portal after course has been removed",""
"broken","Wed Mar 25 21:52:44 UTC 2026","Wed Mar 25 21:52:57 UTC 2026","13407","HabitNuCoachPortalSuite","UserActivities","CoachesPortal.PatientDetails.UserActivitiesBloodPressure","CoachesPortal.PatientDetails.UserActivitiesBloodPressure","verifyUserData_on_coachesPortal","Verify user data added on web on coaches portal",""
"passed","Wed Mar 25 20:46:38 UTC 2026","Wed Mar 25 20:46:38 UTC 2026","190","HabitNuCoachPortalSuite","HabitNuCoachesPortalRegression-PartA","CoachesPortal.CohortLevelDashboard.CohortLevelDashboardPage","CoachesPortal.CohortLevelDashboard.CohortLevelDashboardPage","case6","Weekly Engagement Should be displayed.",""
"passed","Wed Mar 25 22:42:39 UTC 2026","Wed Mar 25 22:42:46 UTC 2026","7904","HabitNuCoachPortalSuite","UserDashboard","CoachesPortal.PatientDashboard","CoachesPortal.PatientDashboard","patientWeeklyStatus_STEPS","test4 > Given I am logged in as coach, wehn I am on adding steps from user Dashboard, Then I should be able to see added exercise steps count==1 under patientWeeklyStatus_STEPS","coach login - user/patient/partcipant dashboard validation"
"passed","Wed Mar 25 22:24:36 UTC 2026","Wed Mar 25 22:24:46 UTC 2026","10191","HabitNuCoachPortalSuite","GroupDPPClassPlanner","CoachesPortal.ClassPlanner","CoachesPortal.ClassPlanner","case16","Cancel Unarchive card",""
"failed","Wed Mar 25 22:51:07 UTC 2026","Wed Mar 25 22:51:08 UTC 2026","764","HabitNuCoachPortalSuite","DifferentTypeOfDashboards","CoachesPortal.CohortLevelDashboard.OnlineCohortDashboard","CoachesPortal.CohortLevelDashboard.OnlineCohortDashboard","case6","test1 > Given I am logged in as coach, I am validating online cohort 'Weight Loss By Participants validation on graph with 'Added by user' option","test1 > Given I am logged in as coach, I am validating online cohort 'Weight Loss By Participants validation on graph with 'Added by user' option"
"broken","Wed Mar 25 22:37:06 UTC 2026","Wed Mar 25 22:37:31 UTC 2026","25408","HabitNuCoachPortalSuite","Milestones","CoachesPortal.BPSMMilestone","CoachesPortal.BPSMMilestone","test10_groupinteraction","And user is able to add group interaction with seminar name",""
"passed","Wed Mar 25 22:42:29 UTC 2026","Wed Mar 25 22:42:37 UTC 2026","7933","HabitNuCoachPortalSuite","UserDashboard","CoachesPortal.PatientDashboard","CoachesPortal.PatientDashboard","patientWeeklyStatus_WEIGHTS","test2 > Given I am logged in as coach, wehn I am on adding weight from user Dashboard, Then I should be able to see added weight count==1 under patientWeeklyStatus_WEIGHTS","coach login - user/patient/partcipant dashboard validation"
"broken","Wed Mar 25 21:10:36 UTC 2026","Wed Mar 25 21:10:57 UTC 2026","20948","HabitNuCoachPortalSuite","HabitNuCoachesPortalRegression-PartA","CoachesPortal.LearnModule.CustomerAdminCourseDocument","CoachesPortal.LearnModule.CustomerAdminCourseDocument","verifyAddVideo","Add Video",""
"passed","Wed Mar 25 22:19:04 UTC 2026","Wed Mar 25 22:19:04 UTC 2026","161","HabitNuCoachPortalSuite","ProjectPowerDashboard","CoachesPortal.ProjectPowerDashboard","CoachesPortal.ProjectPowerDashboard","verifySDOHPage","Verify SDOH page legends",""
"passed","Wed Mar 25 22:53:18 UTC 2026","Wed Mar 25 22:53:23 UTC 2026","4770","HabitNuCoachPortalSuite","DifferentTypeOfDashboards","CoachesPortal.CohortLevelDashboard.OnsiteCohortDashboard","CoachesPortal.CohortLevelDashboard.OnsiteCohortDashboard","case1","test1 > Given I am logged in as coach, I am validating onsite cohort 'dashboard-cards","test1 > Given I am logged in as coach, I am validating onsite cohort 'dashboard-cards"
"passed","Wed Mar 25 22:03:51 UTC 2026","Wed Mar 25 22:03:51 UTC 2026","0","HabitNuCoachPortalSuite","Scheduler","CoachesPortal.Schedular","CoachesPortal.Schedular","validateInteractionEntries_Interaction_Type","test1 > Given I am logged in as admin, verify group interaction entries are made automatically when meet is attended for min of 1min > Validating field==Interaction_Typ","test1 > Given I am logged in as admin, verify group interaction entries are made automatically when meet is attended for min of 1min > Validating field==Interaction_Typ"
"passed","Wed Mar 25 21:24:07 UTC 2026","Wed Mar 25 21:24:08 UTC 2026","716","HabitNuCoachPortalSuite","HabitNuCoachesPortalRegression-PartA","CoachesPortal.DiscussionForumPage","CoachesPortal.DiscussionForumPage","case24","test1 > Given I am logged in as customerAdmin, I am validating Pin The post","test1 > Given I am logged in as customerAdmin, I am validating Pin The post"
"broken","Wed Mar 25 21:38:29 UTC 2026","Wed Mar 25 21:38:59 UTC 2026","30214","HabitNuCoachPortalSuite","HabitNuCoachesPortalRegression-PartB","CoachesPortal.PatientDetails.CommunicationLogsCoachesPortal","CoachesPortal.PatientDetails.CommunicationLogsCoachesPortal","verifyCommunicationLogsWithEmail","verifyCommunicationLogsWithEmail",""
"passed","Wed Mar 25 22:47:50 UTC 2026","Wed Mar 25 22:47:50 UTC 2026","152","HabitNuCoachPortalSuite","FeatureFlags","CoachesPortal.FeatureFlags","CoachesPortal.FeatureFlags","test2_navigatingadmin","When user is navigating to Admin section ",""
"passed","Wed Mar 25 20:50:48 UTC 2026","Wed Mar 25 20:50:49 UTC 2026","1727","HabitNuCoachPortalSuite","HabitNuCoachesPortalRegression-PartA","CoachesPortal.LearnModule.Learn","CoachesPortal.LearnModule.Learn","verifyContentAdded","verifying add content to the course",""
"passed","Wed Mar 25 21:14:36 UTC 2026","Wed Mar 25 21:14:42 UTC 2026","5228","HabitNuCoachPortalSuite","HabitNuCoachesPortalRegression-PartA","CoachesPortal.DiscussionForumPage","CoachesPortal.DiscussionForumPage","case16","test1 > Given I am logged in as admin, I am validating upload upto 5 files with Description- Success.","test1 > Given I am logged in as admin, I am validating upload upto 5 files with Description- Success."
"passed","Wed Mar 25 22:24:27 UTC 2026","Wed Mar 25 22:24:28 UTC 2026","770","HabitNuCoachPortalSuite","GroupDPPClassPlanner","CoachesPortal.ClassPlanner","CoachesPortal.ClassPlanner","case4","create multiple lists",""
"passed","Wed Mar 25 22:03:51 UTC 2026","Wed Mar 25 22:03:51 UTC 2026","1","HabitNuCoachPortalSuite","Scheduler","CoachesPortal.Schedular","CoachesPortal.Schedular","userYesToTheMeet","test1 > Given I am logged in as admin, verify user response to meet attendance - YES","test1 > Given I am logged in as admin, verify user response to meet attendance - YES"
"passed","Wed Mar 25 22:15:35 UTC 2026","Wed Mar 25 22:15:35 UTC 2026","281","HabitNuCoachPortalSuite","HabitNuCoachesPortalRegression-PartC","CoachesPortal.PatientDetails.PatientProfileImmunizations","CoachesPortal.PatientDetails.PatientProfileImmunizations","editImmunication","edit immunization for Ethylen",""
"passed","Wed Mar 25 21:32:35 UTC 2026","Wed Mar 25 21:32:36 UTC 2026","462","HabitNuCoachPortalSuite","HabitNuCoachesPortalRegression-PartB","CoachesPortal.OnsiteUsersListDashboard","CoachesPortal.OnsiteUsersListDashboard","case33","test1 > Given I am logged in as customerAdmin, validate userList as customerAdmin-Move a user from one cohort to another- cancel scenario.","test1 > Given I am logged in as customerAdmin, validate userList as customerAdmin-Move a user from one cohort to another- cancel scenario."
"passed","Wed Mar 25 22:50:02 UTC 2026","Wed Mar 25 22:50:06 UTC 2026","4107","HabitNuCoachPortalSuite","FeatureFlags","CoachesPortal.FeatureFlags","CoachesPortal.FeatureFlags","test21_addrulesforpartner_multipletimes","And user is able to add the rule for partner level multiple times",""
"passed","Wed Mar 25 22:03:55 UTC 2026","Wed Mar 25 22:05:00 UTC 2026","65787","HabitNuCoachPortalSuite","Paywal","CoachesPortal.payWall","CoachesPortal.payWall","validatePaywallPage","Navigate to Paywall and validate header tabs",""
"passed","Wed Mar 25 21:30:50 UTC 2026","Wed Mar 25 21:30:51 UTC 2026","976","HabitNuCoachPortalSuite","HabitNuCoachesPortalRegression-PartB","CoachesPortal.OnsiteUsersListDashboard","CoachesPortal.OnsiteUsersListDashboard","case6","test1 > Given I am logged in as coach, Seach user by ID.","test1 > Given I am logged in as coach, Seach user by ID."
"passed","Wed Mar 25 22:47:13 UTC 2026","Wed Mar 25 22:47:13 UTC 2026","202","HabitNuCoachPortalSuite","UserDashboard","CoachesPortal.PatientDashboard","CoachesPortal.PatientDashboard","habitCard_NotDone","test16 > Given I am logged in as admin, when I am on adding a habit for the user, Then I should be able to see added habit and as 'NOT DONE' on Habits graph","admin login - user/patient/partcipant dashboard validation"
"passed","Wed Mar 25 22:18:59 UTC 2026","Wed Mar 25 22:19:00 UTC 2026","85","HabitNuCoachPortalSuite","ProjectPowerDashboard","CoachesPortal.ProjectPowerDashboard","CoachesPortal.ProjectPowerDashboard","verifyCohortWeightLossTrendFor6months","All cohort dashboard for project power - Cohort Weight Loss trend - 6months",""
"passed","Wed Mar 25 22:37:01 UTC 2026","Wed Mar 25 22:37:03 UTC 2026","1840","HabitNuCoachPortalSuite","Milestones","CoachesPortal.BPSMMilestone","CoachesPortal.BPSMMilestone","test8_validating_BPSMHeaders_data","And user is validating to BPSmHeaders data by clicking arrow button",""
"passed","Wed Mar 25 22:03:51 UTC 2026","Wed Mar 25 22:03:51 UTC 2026","0","HabitNuCoachPortalSuite","Scheduler","CoachesPortal.Schedular","CoachesPortal.Schedular","validateUserNoInSchedular","test1 > Given I am logged in as admin, verify when user responds to meet with NO, same can be validated by coach in coaches portal in Attended dropdown","test1 > Given I am logged in as admin, verify when user responds to meet with NO, same can be validated by coach in coaches portal in Attended dropdown"
"passed","Wed Mar 25 22:52:03 UTC 2026","Wed Mar 25 22:52:13 UTC 2026","9778","HabitNuCoachPortalSuite","DifferentTypeOfDashboards","CoachesPortal.CohortLevelDashboard.OnlineCohortDashboard","CoachesPortal.CohortLevelDashboard.OnlineCohortDashboard","disenrolledCard","test1 > Given I am logged in as customer admin, I am validating online cohort 'dashboard-card=DisenrolledCount","test1 > Given I am logged in as customer admin, I am validating online cohort 'dashboard-card=DisenrolledCount"
"passed","Wed Mar 25 21:14:58 UTC 2026","Wed Mar 25 21:14:59 UTC 2026","1308","HabitNuCoachPortalSuite","HabitNuCoachesPortalRegression-PartA","CoachesPortal.DiscussionForumPage","CoachesPortal.DiscussionForumPage","case19","test1 > Given I am logged in as admin, I am validating Edit Post- Description only- Success","test1 > Given I am logged in as admin, I am validating Edit Post- Description only- Success"
"broken","Wed Mar 25 22:20:42 UTC 2026","Wed Mar 25 22:20:42 UTC 2026","97","HabitNuCoachPortalSuite","LoginPageCases","CoachesPortal.LoginPageCases","CoachesPortal.LoginPageCases","case12","Coaches Portal Feedback URL -> Keep the feedback page empty -> Click on submit feedback",""
"passed","Wed Mar 25 22:46:14 UTC 2026","Wed Mar 25 22:46:22 UTC 2026","8045","HabitNuCoachPortalSuite","UserDashboard","CoachesPortal.PatientDashboard","CoachesPortal.PatientDashboard","foodLog","test12 > Given I am logged in as admin, when I am on adding Meal by logging into user app, Then I should be able to see added Meal data on FoodLog graph","admin login - user/patient/partcipant dashboard validation"
"passed","Wed Mar 25 21:26:34 UTC 2026","Wed Mar 25 21:26:46 UTC 2026","11776","HabitNuCoachPortalSuite","HabitNuCoachesPortalRegression-PartA","CoachesPortal.DirectMessage","CoachesPortal.DirectMessage","accessDirectMessageModule","go to DM on coaches portal",""
"passed","Wed Mar 25 22:05:08 UTC 2026","Wed Mar 25 22:05:12 UTC 2026","3674","HabitNuCoachPortalSuite","Paywal","CoachesPortal.payWall","CoachesPortal.payWall","testPublishPaymentPlan","COP-T390: Publish the monthly Payment Plan",""
"passed","Wed Mar 25 21:00:31 UTC 2026","Wed Mar 25 21:00:31 UTC 2026","197","HabitNuCoachPortalSuite","HabitNuCoachesPortalRegression-PartA","CoachesPortal.LearnModule.Learn","CoachesPortal.LearnModule.Learn","editByDisablingDeliveryMode","verify 'Please enable atleast one delivery mode.'",""
"passed","Wed Mar 25 21:19:38 UTC 2026","Wed Mar 25 21:19:39 UTC 2026","727","HabitNuCoachPortalSuite","HabitNuCoachesPortalRegression-PartA","CoachesPortal.DiscussionForumPage","CoachesPortal.DiscussionForumPage","case24","test1 > Given I am logged in as coach, I am validating Pin The post","test1 > Given I am logged in as coach, I am validating Pin The post"
"passed","Wed Mar 25 20:49:06 UTC 2026","Wed Mar 25 20:49:11 UTC 2026","4285","HabitNuCoachPortalSuite","HabitNuCoachesPortalRegression-PartA","CoachesPortal.CohortLevelDashboard.CohortLevelDashboardPage","CoachesPortal.CohortLevelDashboard.CohortLevelDashboardPage","case23","Attendance By participants.",""
"passed","Wed Mar 25 22:23:21 UTC 2026","Wed Mar 25 22:23:25 UTC 2026","4569","HabitNuCoachPortalSuite","GroupDPPClassPlanner","CoachesPortal.ClassPlanner","CoachesPortal.ClassPlanner","case1","It should open the class planner creation page",""
"passed","Wed Mar 25 21:22:32 UTC 2026","Wed Mar 25 21:22:34 UTC 2026","2189","HabitNuCoachPortalSuite","HabitNuCoachesPortalRegression-PartA","CoachesPortal.DiscussionForumPage","CoachesPortal.DiscussionForumPage","case7","test1 > Given I am logged in as customerAdmin, I am validating Add subject and describe- success post.","test1 > Given I am logged in as customerAdmin, I am validating Add subject and describe- success post."
"broken","Wed Mar 25 21:28:36 UTC 2026","Wed Mar 25 21:29:53 UTC 2026","77110","HabitNuCoachPortalSuite","HabitNuCoachesPortalRegression-PartA","CoachesPortal.DirectMessage","CoachesPortal.DirectMessage","sendMessageToCoach","Verify message sent from Web app on Coaches",""
"failed","Wed Mar 25 22:07:21 UTC 2026","Wed Mar 25 22:08:23 UTC 2026","62708","HabitNuCoachPortalSuite","Paywal","CoachesPortal.payWall","CoachesPortal.payWall","testSubscriptionFailureScenario","COP-T415: Validate subscription failure scenario",""
"broken","Wed Mar 25 22:47:54 UTC 2026","Wed Mar 25 22:48:00 UTC 2026","5355","HabitNuCoachPortalSuite","FeatureFlags","CoachesPortal.FeatureFlags","CoachesPortal.FeatureFlags","test11_addrulesforuser","And user is able to add the rule for user level",""
"failed","Wed Mar 25 22:08:23 UTC 2026","Wed Mar 25 22:12:26 UTC 2026","242662","HabitNuCoachPortalSuite","Paywal","CoachesPortal.payWall","CoachesPortal.payWall","testProgramWithoutPlanHidesSubscription","COP-T416: Validate program without plan shows no subscription option",""
"passed","Wed Mar 25 22:49:35 UTC 2026","Wed Mar 25 22:49:35 UTC 2026","555","HabitNuCoachPortalSuite","FeatureFlags","CoachesPortal.FeatureFlags","CoachesPortal.FeatureFlags","test16_deleteuser","delete rule",""
"passed","Wed Mar 25 21:37:36 UTC 2026","Wed Mar 25 21:37:42 UTC 2026","5681","HabitNuCoachPortalSuite","HabitNuCoachesPortalRegression-PartB","CoachesPortal.OnsiteUsersListDashboard","CoachesPortal.OnsiteUsersListDashboard","verifyConfirmed_By_CoachYes","test1 > Given I am logged in as customerAdmin, verifyConfirmed_By_Coach is updated to TRUE when coach update to Yes from user profile","test1 > Given I am logged in as customerAdmin, verifyConfirmed_By_Coach is updated to TRUE when coach update to Yes from user profile"
"passed","Wed Mar 25 22:32:39 UTC 2026","Wed Mar 25 22:32:58 UTC 2026","18806","HabitNuCoachPortalSuite","GeneralContent","CoachesPortal.generalContent_WEb_Coaches","CoachesPortal.generalContent_WEb_Coaches","case6","Creating tags for Groups",""
"passed","Wed Mar 25 22:20:37 UTC 2026","Wed Mar 25 22:20:40 UTC 2026","2725","HabitNuCoachPortalSuite","LoginPageCases","CoachesPortal.LoginPageCases","CoachesPortal.LoginPageCases","testLoginWithInvalidEmailAndValidPassword","try login with invalid email and valid password",""
"passed","Wed Mar 25 21:18:05 UTC 2026","Wed Mar 25 21:18:06 UTC 2026","758","HabitNuCoachPortalSuite","HabitNuCoachesPortalRegression-PartA","CoachesPortal.DiscussionForumPage","CoachesPortal.DiscussionForumPage","case8","test1 > Given I am logged in as coach, I am validating Add describe only- success post.","test1 > Given I am logged in as coach, I am validating Add describe only- success post."
"passed","Wed Mar 25 22:15:35 UTC 2026","Wed Mar 25 22:16:13 UTC 2026","37801","HabitNuCoachPortalSuite","HabitNuCoachesPortalRegression-PartC","CoachesPortal.PatientDetails.PatientProfilePayerType","CoachesPortal.PatientDetails.PatientProfilePayerType","verifyAddPayerTypeDetails","Add PayerType of Ethlen",""
"passed","Wed Mar 25 21:58:52 UTC 2026","Wed Mar 25 21:59:01 UTC 2026","8871","HabitNuCoachPortalSuite","Scheduler","CoachesPortal.Schedular","CoachesPortal.Schedular","editAppointment","test4 >  Given I am logged in as coach, and on time slot page, When I click on created appointment, Then I should be able to see edit appointment page with edit button, When I click on it and edit details, Then I should be able to save it","coach login - User should be able to edit and save appointment"
"passed","Wed Mar 25 22:21:12 UTC 2026","Wed Mar 25 22:21:14 UTC 2026","1434","HabitNuCoachPortalSuite","LogClassSession","CoachesPortal.LogClassSection","CoachesPortal.LogClassSection","verifyDashboardClickParticipant","Click On Search Participant",""
"broken","Wed Mar 25 21:12:00 UTC 2026","Wed Mar 25 21:12:21 UTC 2026","20814","HabitNuCoachPortalSuite","HabitNuCoachesPortalRegression-PartA","CoachesPortal.LearnModule.CustomerAdminCourseDocument","CoachesPortal.LearnModule.CustomerAdminCourseDocument","verifyAddValidUploadVideoRequired","Add Valid upload Video Required",""
"broken","Wed Mar 25 22:33:25 UTC 2026","Wed Mar 25 22:33:35 UTC 2026","10335","HabitNuCoachPortalSuite","GeneralContent","CoachesPortal.generalContent_WEb_Coaches","CoachesPortal.generalContent_WEb_Coaches","case12","Verify Fitness Videos Details Consistency",""
"failed","Wed Mar 25 21:52:42 UTC 2026","Wed Mar 25 21:52:43 UTC 2026","999","HabitNuCoachPortalSuite","UserActivities","CoachesPortal.PatientDetails.UserActivitiesBloodPressure","CoachesPortal.PatientDetails.UserActivitiesBloodPressure","verifyCurrentAndYesterdayBPDataInCoachesPortal","Verify current and yesterday BPdata in coaches and webportal",""
"passed","Wed Mar 25 21:18:06 UTC 2026","Wed Mar 25 21:18:07 UTC 2026","1151","HabitNuCoachPortalSuite","HabitNuCoachesPortalRegression-PartA","CoachesPortal.DiscussionForumPage","CoachesPortal.DiscussionForumPage","case9","test1 > Given I am logged in as coach, I am validating Post empty comment- error message.","test1 > Given I am logged in as coach, I am validating Post empty comment- error message."
"passed","Wed Mar 25 22:42:21 UTC 2026","Wed Mar 25 22:42:29 UTC 2026","8066","HabitNuCoachPortalSuite","UserDashboard","CoachesPortal.PatientDashboard","CoachesPortal.PatientDashboard","bloodSugarHistory","test6 > Given I am logged in as coach, wehn I am on adding bloodsugar from user Dashboard, Then I should be able to see added bloodsugar on bloodSugarHistory graph","coach login - user/patient/partcipant dashboard validation"
"broken","Wed Mar 25 22:28:08 UTC 2026","Wed Mar 25 22:28:09 UTC 2026","79","HabitNuCoachPortalSuite","GroupDPPClassPlanner","CoachesPortal.ClassPlanner","CoachesPortal.ClassPlanner","case25","Edit (lock)button of class planner in cohort by adding new card",""
"passed","Wed Mar 25 22:33:46 UTC 2026","Wed Mar 25 22:33:48 UTC 2026","1984","HabitNuCoachPortalSuite","GeneralContent","CoachesPortal.generalContent_WEb_Coaches","CoachesPortal.generalContent_WEb_Coaches","CoachesPortalGroup","delecting created Group",""
"passed","Wed Mar 25 20:49:59 UTC 2026","Wed Mar 25 20:50:00 UTC 2026","817","HabitNuCoachPortalSuite","HabitNuCoachesPortalRegression-PartA","CoachesPortal.LearnModule.Learn","CoachesPortal.LearnModule.Learn","publishCourse","Verify CustomerAdmin can publish the course",""
"passed","Wed Mar 25 22:20:28 UTC 2026","Wed Mar 25 22:20:29 UTC 2026","212","HabitNuCoachPortalSuite","LoginPageCases","CoachesPortal.LoginPageCases","CoachesPortal.LoginPageCases","testRestpasswordCase2","validate users be able to reset password, while doing so entering new password, but entering different one in confirm password",""
"broken","Wed Mar 25 21:34:14 UTC 2026","Wed Mar 25 21:34:47 UTC 2026","33187","HabitNuCoachPortalSuite","HabitNuCoachesPortalRegression-PartB","CoachesPortal.OnsiteUsersListDashboard","CoachesPortal.OnsiteUsersListDashboard","case50","test1 > Given I am logged in as customerAdmin, hover over milestone dot to validate enrolled state text","test1 > Given I am logged in as customerAdmin, hover over milestone dot to validate enrolled state text"
"failed","Wed Mar 25 22:53:00 UTC 2026","Wed Mar 25 22:53:07 UTC 2026","7163","HabitNuCoachPortalSuite","DifferentTypeOfDashboards","CoachesPortal.CohortLevelDashboard.OnlineCohortDashboard","CoachesPortal.CohortLevelDashboard.OnlineCohortDashboard","coachInteractionGraph","test1 > Given I am logged in as customer admin, I am validating online cohort 'coachInteractionGraph","test1 > Given I am logged in as customer admin, I am validating online cohort 'coachInteractionGraph"
"passed","Wed Mar 25 21:47:10 UTC 2026","Wed Mar 25 21:47:19 UTC 2026","9454","HabitNuCoachPortalSuite","HabitNuCoachesPortalRegression-PartB","CoachesPortal.PatientDetails.PatientProfileDemographic","CoachesPortal.PatientDetails.PatientProfileDemographic","updateDisenrollmentDetails_with_onlyDisenrolledReason","test1 > Given I am logged in as customer admin, try updating DisenrollmentDetails with only diseenrolledReason data","test1 > Given I am logged in as customer admin, try updating DisenrollmentDetails with only diseenrolledReason data"
"passed","Wed Mar 25 22:20:40 UTC 2026","Wed Mar 25 22:20:42 UTC 2026","2529","HabitNuCoachPortalSuite","LoginPageCases","CoachesPortal.LoginPageCases","CoachesPortal.LoginPageCases","testLoginWithValidEmailAndInvalidPassword","try login with valid email and invalid password",""
"passed","Wed Mar 25 22:33:13 UTC 2026","Wed Mar 25 22:33:25 UTC 2026","11896","HabitNuCoachPortalSuite","GeneralContent","CoachesPortal.generalContent_WEb_Coaches","CoachesPortal.generalContent_WEb_Coaches","case11","Fitness Videos Details",""
"failed","Wed Mar 25 22:54:14 UTC 2026","Wed Mar 25 22:54:14 UTC 2026","100","HabitNuCoachPortalSuite","DifferentTypeOfDashboards","CoachesPortal.CohortLevelDashboard.OnsiteCohortDashboard","CoachesPortal.CohortLevelDashboard.OnsiteCohortDashboard","male_female_card_withUdate_to_male","test1 > Given I am logged in as coach, I am validating onsite cohort 'dashboard-card=male_female_card_withUdate_to_male","test1 > Given I am logged in as coach, I am validating onsite cohort 'dashboard-card=male_female_card_withUdate_to_male"
"broken","Wed Mar 25 20:54:22 UTC 2026","Wed Mar 25 20:55:22 UTC 2026","60459","HabitNuCoachPortalSuite","HabitNuCoachesPortalRegression-PartA","CoachesPortal.LearnModule.Learn","CoachesPortal.LearnModule.Learn","publishTheClonedCourse","verify on clone course page, course created by admin is available",""
"passed","Wed Mar 25 21:29:53 UTC 2026","Wed Mar 25 21:29:56 UTC 2026","3004","HabitNuCoachPortalSuite","HabitNuCoachesPortalRegression-PartA","CoachesPortal.DirectMessage","CoachesPortal.DirectMessage","message_div_colorCode_afterMessageSent","Verify deleting message box",""
"passed","Wed Mar 25 21:31:39 UTC 2026","Wed Mar 25 21:31:40 UTC 2026","392","HabitNuCoachPortalSuite","HabitNuCoachesPortalRegression-PartB","CoachesPortal.OnsiteUsersListDashboard","CoachesPortal.OnsiteUsersListDashboard","case23","test1 > Given I am logged in as coach, Action- Request Form Survey.","test1 > Given I am logged in as coach, Action- Request Form Survey."
"passed","Wed Mar 25 22:17:05 UTC 2026","Wed Mar 25 22:17:05 UTC 2026","11","HabitNuCoachPortalSuite","ProjectPowerDashboard","CoachesPortal.ProjectPowerDashboard","CoachesPortal.ProjectPowerDashboard","verifyM3","It should display the total number of participants who have completed atleast 8 sessions",""
"passed","Wed Mar 25 22:39:07 UTC 2026","Wed Mar 25 22:39:11 UTC 2026","4352","HabitNuCoachPortalSuite","Milestones","CoachesPortal.VAMilestone","CoachesPortal.VAMilestone","test16_validating_VAHeaders_data","And user is validating to VAHeaders data by clicking arrow button",""
"passed","Wed Mar 25 22:05:35 UTC 2026","Wed Mar 25 22:05:38 UTC 2026","2630","HabitNuCoachPortalSuite","Paywal","CoachesPortal.payWall","CoachesPortal.payWall","testFilterSubscriptions","COP-T397–399: Validate subscription filters",""
"passed","Wed Mar 25 22:24:33 UTC 2026","Wed Mar 25 22:24:34 UTC 2026","1048","HabitNuCoachPortalSuite","GroupDPPClassPlanner","CoachesPortal.ClassPlanner","CoachesPortal.ClassPlanner","case12","Edit the Created card",""
"passed","Wed Mar 25 21:19:45 UTC 2026","Wed Mar 25 21:19:47 UTC 2026","2094","HabitNuCoachPortalSuite","HabitNuCoachesPortalRegression-PartA","CoachesPortal.DiscussionForumPage","CoachesPortal.DiscussionForumPage","case26","test1 > Given I am logged in as coach, I am validating UnPin The post","test1 > Given I am logged in as coach, I am validating UnPin The post"
"broken","Wed Mar 25 22:13:57 UTC 2026","Wed Mar 25 22:14:27 UTC 2026","30252","HabitNuCoachPortalSuite","HabitNuCoachesPortalRegression-PartC","CoachesPortal.PatientDetails.PatientProfilePreAuth","CoachesPortal.PatientDetails.PatientProfilePreAuth","editPreAuth","edit PreAuth for Ethylen",""
"passed","Wed Mar 25 23:03:22 UTC 2026","Wed Mar 25 23:05:15 UTC 2026","113038","HabitNuCoachPortalSuite","DifferentTypeOfDashboards","CoachesPortal.CohortLevelDashboard.ParticipantsProgressTracker","CoachesPortal.CohortLevelDashboard.ParticipantsProgressTracker","test11_CreateRecursivemeeting","And User is able to navigating to schedular and creating a recursive meeting",""
"broken","Wed Mar 25 21:35:54 UTC 2026","Wed Mar 25 21:35:54 UTC 2026","66","HabitNuCoachPortalSuite","HabitNuCoachesPortalRegression-PartB","CoachesPortal.OnsiteUsersListDashboard","CoachesPortal.OnsiteUsersListDashboard","case54","test1 > Given I am logged in as customerAdmin, verify milestone tooltiptext after participant just register and login to app and do not fill the banner","test1 > Given I am logged in as customerAdmin, verify milestone tooltiptext after participant just register and login to app and do not fill the banner"
"passed","Wed Mar 25 22:31:10 UTC 2026","Wed Mar 25 22:31:10 UTC 2026","10","HabitNuCoachPortalSuite","GroupDPPClassPlanner","CoachesPortal.ClassPlanner","CoachesPortal.ClassPlanner","case32","validate user is able to add notes",""
"passed","Wed Mar 25 21:35:18 UTC 2026","Wed Mar 25 21:35:23 UTC 2026","5226","HabitNuCoachPortalSuite","HabitNuCoachesPortalRegression-PartB","CoachesPortal.OnsiteUsersListDashboard","CoachesPortal.OnsiteUsersListDashboard","case52","test1 > Given I am logged in as customerAdmin, validate 'Show unassigned users' checkbox","test1 > Given I am logged in as customerAdmin, validate 'Show unassigned users' checkbox"
"passed","Wed Mar 25 21:48:33 UTC 2026","Wed Mar 25 21:48:33 UTC 2026","49","HabitNuCoachPortalSuite","HabitNuCoachesPortalRegression-PartB","CoachesPortal.PatientDetails.PatientProfileDemographic","CoachesPortal.PatientDetails.PatientProfileDemographic","verifyCDCdetails","test1 > Given I am logged in as customer admin, verifyCDCdetails","test1 > Given I am logged in as customer admin, verifyCDCdetails"
"passed","Wed Mar 25 22:03:09 UTC 2026","Wed Mar 25 22:03:18 UTC 2026","9080","HabitNuCoachPortalSuite","Scheduler","CoachesPortal.Schedular","CoachesPortal.Schedular","createAppointment","test3 >  Given I am logged in as admin, and on create appointment page, When I fill in all the required details, Then I should be able to save the appointment","admin login - User should be able to create and save appointment"
"passed","Wed Mar 25 22:53:23 UTC 2026","Wed Mar 25 22:53:33 UTC 2026","9849","HabitNuCoachPortalSuite","DifferentTypeOfDashboards","CoachesPortal.CohortLevelDashboard.OnsiteCohortDashboard","CoachesPortal.CohortLevelDashboard.OnsiteCohortDashboard","disenrolledCard","test1 > Given I am logged in as coach, I am validating onsite cohort 'dashboard-card=DisenrolledCount","test1 > Given I am logged in as coach, I am validating onsite cohort 'dashboard-card=DisenrolledCount"
"failed","Wed Mar 25 22:51:43 UTC 2026","Wed Mar 25 22:51:49 UTC 2026","6118","HabitNuCoachPortalSuite","DifferentTypeOfDashboards","CoachesPortal.CohortLevelDashboard.OnlineCohortDashboard","CoachesPortal.CohortLevelDashboard.OnlineCohortDashboard","coachInteractionGraph","test1 > Given I am logged in as coach, I am validating online cohort 'coachInteractionGraph","test1 > Given I am logged in as coach, I am validating online cohort 'coachInteractionGraph"
"passed","Wed Mar 25 22:05:00 UTC 2026","Wed Mar 25 22:05:03 UTC 2026","2442","HabitNuCoachPortalSuite","Paywal","CoachesPortal.payWall","CoachesPortal.payWall","testCreateMonthlyPaymentPlan","COP-T388: Create Monthly Payment Plan",""
"passed","Wed Mar 25 22:47:52 UTC 2026","Wed Mar 25 22:47:53 UTC 2026","620","HabitNuCoachPortalSuite","FeatureFlags","CoachesPortal.FeatureFlags","CoachesPortal.FeatureFlags","test8_validatingflag","And user is able to view the flag details",""
"passed","Wed Mar 25 22:20:36 UTC 2026","Wed Mar 25 22:20:37 UTC 2026","127","HabitNuCoachPortalSuite","LoginPageCases","CoachesPortal.LoginPageCases","CoachesPortal.LoginPageCases","testLoginWithoutEmailAndPassword","try login without email and password",""
"failed","Wed Mar 25 22:52:26 UTC 2026","Wed Mar 25 22:52:40 UTC 2026","14681","HabitNuCoachPortalSuite","DifferentTypeOfDashboards","CoachesPortal.CohortLevelDashboard.OnlineCohortDashboard","CoachesPortal.CohortLevelDashboard.OnlineCohortDashboard","fivePercentWeightLossCard_forUserWeight","test1 > Given I am logged in as customer admin, I am validating online cohort 'dashboard-card=fivePercentWeightLossCardCount, when user adds weight","test1 > Given I am logged in as customer admin, I am validating online cohort 'dashboard-card=fivePercentWeightLossCardCount, when user adds weight"
"passed","Wed Mar 25 22:21:02 UTC 2026","Wed Mar 25 22:21:03 UTC 2026","419","HabitNuCoachPortalSuite","LogClassSession","CoachesPortal.LogClassSection","CoachesPortal.LogClassSection","verify10DaysBackDateInLogClassSectionWithPatient","Add data in Log Class Section With Date 10 days back",""
"passed","Wed Mar 25 21:31:28 UTC 2026","Wed Mar 25 21:31:28 UTC 2026","650","HabitNuCoachPortalSuite","HabitNuCoachesPortalRegression-PartB","CoachesPortal.OnsiteUsersListDashboard","CoachesPortal.OnsiteUsersListDashboard","case17","test1 > Given I am logged in as coach, Enter call details from list section using headset button","test1 > Given I am logged in as coach, Enter call details from list section using headset button"
"broken","Wed Mar 25 21:43:39 UTC 2026","Wed Mar 25 21:44:09 UTC 2026","30810","HabitNuCoachPortalSuite","HabitNuCoachesPortalRegression-PartB","CoachesPortal.PatientDetails.PatientProfileDemographic","CoachesPortal.PatientDetails.PatientProfileDemographic","updateDisenrollmentDetails_with_DisenrolledCode_and_date","test1 > Given I am logged in as coach, try updating DisenrollmentDetails with only diseenrolledCode & Date","test1 > Given I am logged in as coach, try updating DisenrollmentDetails with only diseenrolledCode & Date"
"passed","Wed Mar 25 21:32:38 UTC 2026","Wed Mar 25 21:32:40 UTC 2026","1785","HabitNuCoachPortalSuite","HabitNuCoachesPortalRegression-PartB","CoachesPortal.OnsiteUsersListDashboard","CoachesPortal.OnsiteUsersListDashboard","case35","test1 > Given I am logged in as customerAdmin, Remove Cohort for a user.","test1 > Given I am logged in as customerAdmin, Remove Cohort for a user."
"passed","Wed Mar 25 22:47:45 UTC 2026","Wed Mar 25 22:47:50 UTC 2026","4674","HabitNuCoachPortalSuite","FeatureFlags","CoachesPortal.FeatureFlags","CoachesPortal.FeatureFlags","test1_navigatingcoach","Given user is navigating to coaches portal",""
"failed","Wed Mar 25 22:52:24 UTC 2026","Wed Mar 25 22:52:25 UTC 2026","826","HabitNuCoachPortalSuite","DifferentTypeOfDashboards","CoachesPortal.CohortLevelDashboard.OnlineCohortDashboard","CoachesPortal.CohortLevelDashboard.OnlineCohortDashboard","case5","test1 > Given I am logged in as customer admin, I am validating online cohort 'Weight Loss By Participants validation on graph with 'Added by coach' option","test1 > Given I am logged in as customer admin, I am validating online cohort 'Weight Loss By Participants validation on graph with 'Added by coach' option"
"passed","Wed Mar 25 22:17:10 UTC 2026","Wed Mar 25 22:17:11 UTC 2026","965","HabitNuCoachPortalSuite","ProjectPowerDashboard","CoachesPortal.ProjectPowerDashboard","CoachesPortal.ProjectPowerDashboard","verifyM1GraphwithfilterAs3months","verifyM1GraphwithfilterAs3months",""
"passed","Wed Mar 25 22:32:22 UTC 2026","Wed Mar 25 22:32:39 UTC 2026","16516","HabitNuCoachPortalSuite","GeneralContent","CoachesPortal.generalContent_WEb_Coaches","CoachesPortal.generalContent_WEb_Coaches","Case5_selectRandomVideoTags","Selecting Random Video Tags for Video",""
"passed","Wed Mar 25 21:41:26 UTC 2026","Wed Mar 25 21:41:26 UTC 2026","40","HabitNuCoachPortalSuite","HabitNuCoachesPortalRegression-PartB","CoachesPortal.PatientDetails.PatientProfileDemographic","CoachesPortal.PatientDetails.PatientProfileDemographic","verifyDisenrollmentDetails","test1 > Given I am logged in as coach, verifyDisenrollmentDetails","test1 > Given I am logged in as coach, verifyDisenrollmentDetails"
"passed","Wed Mar 25 21:45:29 UTC 2026","Wed Mar 25 21:45:40 UTC 2026","10811","HabitNuCoachPortalSuite","HabitNuCoachesPortalRegression-PartB","CoachesPortal.PatientDetails.PatientProfileDemographic","CoachesPortal.PatientDetails.PatientProfileDemographic","verifyPersonalDetails","test1 > Given I am logged in as customer admin, Verify user as Ethelyn in demographic with Personal Details","test1 > Given I am logged in as customer admin, Verify user as Ethelyn in demographic with Personal Details"
"passed","Wed Mar 25 22:38:06 UTC 2026","Wed Mar 25 22:38:16 UTC 2026","10496","HabitNuCoachPortalSuite","Milestones","CoachesPortal.VAMilestone","CoachesPortal.VAMilestone","test8_validating_VAHeaders_data","And user is validating to VAHeaders data by clicking arrow button",""
"broken","Wed Mar 25 21:05:28 UTC 2026","Wed Mar 25 21:06:09 UTC 2026","40964","HabitNuCoachPortalSuite","HabitNuCoachesPortalRegression-PartA","CoachesPortal.LearnModule.CustomerAdminCourseDocument","CoachesPortal.LearnModule.CustomerAdminCourseDocument","verifyAddValidUrlRequired","Add Valid Url Required",""
"passed","Wed Mar 25 21:30:58 UTC 2026","Wed Mar 25 21:31:09 UTC 2026","10441","HabitNuCoachPortalSuite","HabitNuCoachesPortalRegression-PartB","CoachesPortal.OnsiteUsersListDashboard","CoachesPortal.OnsiteUsersListDashboard","case10","test1 > Given I am logged in as coach, Choose Cohort which does not have form- multiple_classes_ofChild.","test1 > Given I am logged in as coach, Choose Cohort which does not have form- multiple_classes_ofChild."
"passed","Wed Mar 25 22:16:14 UTC 2026","Wed Mar 25 22:16:14 UTC 2026","56","HabitNuCoachPortalSuite","HabitNuCoachesPortalRegression-PartC","CoachesPortal.PatientDetails.PatientProfilePayerType","CoachesPortal.PatientDetails.PatientProfilePayerType","verifyPayerType","verify PayerType for Ethylen",""
"passed","Wed Mar 25 22:24:32 UTC 2026","Wed Mar 25 22:24:33 UTC 2026","1549","HabitNuCoachPortalSuite","GroupDPPClassPlanner","CoachesPortal.ClassPlanner","CoachesPortal.ClassPlanner","case9","Create the APP LINK cards under the list",""
"broken","Wed Mar 25 21:55:33 UTC 2026","Wed Mar 25 21:56:13 UTC 2026","40037","HabitNuCoachPortalSuite","UserActivities","CoachesPortal.PatientDetails.UserActivitiesBloodSugar","CoachesPortal.PatientDetails.UserActivitiesBloodSugar","verifyBloodSugarInWebPortal","Verify login to webapp and data reflected in bloodsugar section",""
"passed","Wed Mar 25 22:50:23 UTC 2026","Wed Mar 25 22:50:27 UTC 2026","3270","HabitNuCoachPortalSuite","ParticipationsTable","CoachesPortal.participations","CoachesPortal.participations","test10_searchpartner","And user is able to search the user with participation ID",""
"passed","Wed Mar 25 21:48:33 UTC 2026","Wed Mar 25 21:48:37 UTC 2026","3684","HabitNuCoachPortalSuite","HabitNuCoachesPortalRegression-PartB","CoachesPortal.PatientDetails.PatientProfileDemographic","CoachesPortal.PatientDetails.PatientProfileDemographic","updateAndVerifyCDCDetails","test1 > Given I am logged in as customer admin, updateAndVerifyCDCDetails","test1 > Given I am logged in as customer admin, updateAndVerifyCDCDetails"
"broken","Wed Mar 25 22:57:05 UTC 2026","Wed Mar 25 22:57:21 UTC 2026","16346","HabitNuCoachPortalSuite","DifferentTypeOfDashboards","CoachesPortal.CohortLevelDashboard.DSMEDashboardCoachesPortal","CoachesPortal.CohortLevelDashboard.DSMEDashboardCoachesPortal","test9_All","And user is validating All",""
"broken","Wed Mar 25 22:27:08 UTC 2026","Wed Mar 25 22:28:08 UTC 2026","60312","HabitNuCoachPortalSuite","GroupDPPClassPlanner","CoachesPortal.ClassPlanner","CoachesPortal.ClassPlanner","case24","Verify the elements of Group class planner in cohort",""
"passed","Wed Mar 25 20:46:56 UTC 2026","Wed Mar 25 20:46:56 UTC 2026","59","HabitNuCoachPortalSuite","HabitNuCoachesPortalRegression-PartA","CoachesPortal.CohortLevelDashboard.CohortLevelDashboardPage","CoachesPortal.CohortLevelDashboard.CohortLevelDashboardPage","case10","Coach Interactions by Participants.",""
"failed","Wed Mar 25 21:41:17 UTC 2026","Wed Mar 25 21:41:17 UTC 2026","162","HabitNuCoachPortalSuite","HabitNuCoachesPortalRegression-PartB","CoachesPortal.PatientDetails.PatientProfileDemographic","CoachesPortal.PatientDetails.PatientProfileDemographic","verifyProgramDetails","test1 > Given I am logged in as coach, Verify user as Ethelyn in demographic with Program Details","test1 > Given I am logged in as coach, Verify user as Ethelyn in demographic with Program Details"
"passed","Wed Mar 25 21:57:02 UTC 2026","Wed Mar 25 21:57:06 UTC 2026","4547","HabitNuCoachPortalSuite","UserActivities","CoachesPortal.PatientDetails.UserActivitiesTobacco","CoachesPortal.PatientDetails.UserActivitiesTobacco","verifyYesterdayBPDataInCoachesPortal","As a coach adding tobacco to previous date",""
"skipped","Wed Mar 25 22:08:23 UTC 2026","Wed Mar 25 22:08:23 UTC 2026","0","HabitNuCoachPortalSuite","Paywal","CoachesPortal.payWall","CoachesPortal.payWall","testMultiplePlansLinkedToProgram","COP-T412: Validate multiple plans linked to a program",""
"broken","Wed Mar 25 20:55:22 UTC 2026","Wed Mar 25 20:56:31 UTC 2026","69133","HabitNuCoachPortalSuite","HabitNuCoachesPortalRegression-PartA","CoachesPortal.LearnModule.Learn","CoachesPortal.LearnModule.Learn","addClonedCourseToCohort","verify on clone course page, course created by admin is available",""
"passed","Wed Mar 25 22:57:34 UTC 2026","Wed Mar 25 22:57:34 UTC 2026","81","HabitNuCoachPortalSuite","DifferentTypeOfDashboards","CoachesPortal.CohortLevelDashboard.DSMEDashboardCoachesPortal","CoachesPortal.CohortLevelDashboard.DSMEDashboardCoachesPortal","test13_verifyBloodSugarByPatientsWithAllDefaultOption","Verify Blood Sugar by Patients Should be selected by dropdownCard with all as default option",""
"passed","Wed Mar 25 22:20:10 UTC 2026","Wed Mar 25 22:20:12 UTC 2026","1138","HabitNuCoachPortalSuite","ProjectPowerDashboard","CoachesPortal.ProjectPowerDashboard","CoachesPortal.ProjectPowerDashboard","verifySDOHPage_Referral_code","SDOH page - It should display the count of participants of Education",""
"broken","Wed Mar 25 21:09:55 UTC 2026","Wed Mar 25 21:10:16 UTC 2026","20514","HabitNuCoachPortalSuite","HabitNuCoachesPortalRegression-PartA","CoachesPortal.LearnModule.CustomerAdminCourseDocument","CoachesPortal.LearnModule.CustomerAdminCourseDocument","verifyDocuentEditAndSave","Document Edit and Save",""
"passed","Wed Mar 25 22:38:31 UTC 2026","Wed Mar 25 22:38:42 UTC 2026","10427","HabitNuCoachPortalSuite","Milestones","CoachesPortal.VAMilestone","CoachesPortal.VAMilestone","test11_validating_VAHeaders_data","And user is validating to VAHeaders data by clicking arrow button",""
"passed","Wed Mar 25 21:32:36 UTC 2026","Wed Mar 25 21:32:38 UTC 2026","2386","HabitNuCoachPortalSuite","HabitNuCoachesPortalRegression-PartB","CoachesPortal.OnsiteUsersListDashboard","CoachesPortal.OnsiteUsersListDashboard","case34","test1 > Given I am logged in as customerAdmin, validate userList as customerAdmin-Move a user from one cohort to another","test1 > Given I am logged in as customerAdmin, validate userList as customerAdmin-Move a user from one cohort to another"
"skipped","Wed Mar 25 22:08:23 UTC 2026","Wed Mar 25 22:08:23 UTC 2026","0","HabitNuCoachPortalSuite","Paywal","CoachesPortal.payWall","CoachesPortal.payWall","testUnpublishedPlanIsHiddenFromUser","COP-T414: Validate user cannot see unpublished plans",""
"passed","Wed Mar 25 22:37:03 UTC 2026","Wed Mar 25 22:37:06 UTC 2026","2290","HabitNuCoachPortalSuite","Milestones","CoachesPortal.BPSMMilestone","CoachesPortal.BPSMMilestone","test9_validating_BPSMHeaders_data","And user is validating to BPSmHeaders data by clicking arrow button",""
"passed","Wed Mar 25 22:50:16 UTC 2026","Wed Mar 25 22:50:17 UTC 2026","1060","HabitNuCoachPortalSuite","ParticipationsTable","CoachesPortal.participations","CoachesPortal.participations","test3_validatingadmin","When user is validating to Admin section ",""
"passed","Wed Mar 25 22:20:12 UTC 2026","Wed Mar 25 22:20:18 UTC 2026","5837","HabitNuCoachPortalSuite","ProjectPowerDashboard","CoachesPortal.ProjectPowerDashboard","CoachesPortal.ProjectPowerDashboard","verifyDemographicsParticipantCountByState","Demographics page - Participant Count by State",""
"passed","Wed Mar 25 21:23:06 UTC 2026","Wed Mar 25 21:23:10 UTC 2026","4113","HabitNuCoachPortalSuite","HabitNuCoachesPortalRegression-PartA","CoachesPortal.DiscussionForumPage","CoachesPortal.DiscussionForumPage","case14","test1 > Given I am logged in as customerAdmin, I am validating File upload-error ","test1 > Given I am logged in as customerAdmin, I am validating File upload-error "
"passed","Wed Mar 25 22:33:46 UTC 2026","Wed Mar 25 22:33:46 UTC 2026","158","HabitNuCoachPortalSuite","GeneralContent","CoachesPortal.generalContent_WEb_Coaches","CoachesPortal.generalContent_WEb_Coaches","RedirectToCoaches","Redirecting To Coaches page",""
"passed","Wed Mar 25 22:49:57 UTC 2026","Wed Mar 25 22:50:02 UTC 2026","4615","HabitNuCoachPortalSuite","FeatureFlags","CoachesPortal.FeatureFlags","CoachesPortal.FeatureFlags","test19_addrulesforprogram_multipletimes","And user is able to add the rule for program level multiple times",""
"passed","Wed Mar 25 22:36:53 UTC 2026","Wed Mar 25 22:36:56 UTC 2026","3092","HabitNuCoachPortalSuite","Milestones","CoachesPortal.BPSMMilestone","CoachesPortal.BPSMMilestone","test3_currentcohort_dashboard","And user is navigated to current cohort dashboard",""
"passed","Wed Mar 25 22:03:26 UTC 2026","Wed Mar 25 22:03:31 UTC 2026","5205","HabitNuCoachPortalSuite","Scheduler","CoachesPortal.Schedular","CoachesPortal.Schedular","viewAppointment","test5 >  Given I am logged in as admin, and on time slot page, When I click on created appointment, Then I should be able to view the appointment","admin login - User should be able to view appointment"
"passed","Wed Mar 25 21:22:56 UTC 2026","Wed Mar 25 21:23:05 UTC 2026","9398","HabitNuCoachPortalSuite","HabitNuCoachesPortalRegression-PartA","CoachesPortal.DiscussionForumPage","CoachesPortal.DiscussionForumPage","case13","test1 > Given I am logged in as customerAdmin, I am validating File upload- description only- success.","test1 > Given I am logged in as customerAdmin, I am validating File upload- description only- success."
"broken","Wed Mar 25 21:01:02 UTC 2026","Wed Mar 25 21:01:23 UTC 2026","20514","HabitNuCoachPortalSuite","HabitNuCoachesPortalRegression-PartA","CoachesPortal.LearnModule.CustomerAdminCourseDocument","CoachesPortal.LearnModule.CustomerAdminCourseDocument","verifyNoOfElementsInCourseDocuments","Verify No of Elements In CourseDocument",""
"passed","Wed Mar 25 21:19:39 UTC 2026","Wed Mar 25 21:19:45 UTC 2026","5814","HabitNuCoachPortalSuite","HabitNuCoachesPortalRegression-PartA","CoachesPortal.DiscussionForumPage","CoachesPortal.DiscussionForumPage","case25","test1 > Given I am logged in as coach, I am validating Comment on pinned post.","test1 > Given I am logged in as coach, I am validating Comment on pinned post."
"passed","Wed Mar 25 21:30:52 UTC 2026","Wed Mar 25 21:30:55 UTC 2026","3237","HabitNuCoachPortalSuite","HabitNuCoachesPortalRegression-PartB","CoachesPortal.OnsiteUsersListDashboard","CoachesPortal.OnsiteUsersListDashboard","case8","test1 > Given I am logged in as coach, Form Survey for cohort- validate sdoh tag present against form set.","test1 > Given I am logged in as coach, Form Survey for cohort- validate sdoh tag present against form set."
"skipped","Wed Mar 25 22:08:23 UTC 2026","Wed Mar 25 22:08:23 UTC 2026","0","HabitNuCoachPortalSuite","Paywal","CoachesPortal.payWall","CoachesPortal.payWall","testUnlinkPlanFromProgram","COP-T413: Validate unlinking a plan from a program",""
"passed","Wed Mar 25 21:18:02 UTC 2026","Wed Mar 25 21:18:03 UTC 2026","128","HabitNuCoachPortalSuite","HabitNuCoachesPortalRegression-PartA","CoachesPortal.DiscussionForumPage","CoachesPortal.DiscussionForumPage","case5","test1 > Given I am logged in as coach, I am validating Mandatory fields input test case.","test1 > Given I am logged in as coach, I am validating Mandatory fields input test case."
"broken","Wed Mar 25 21:40:00 UTC 2026","Wed Mar 25 21:41:00 UTC 2026","60130","HabitNuCoachPortalSuite","HabitNuCoachesPortalRegression-PartB","CoachesPortal.PatientDetails.CommunicationLogsCoachesPortal","CoachesPortal.PatientDetails.CommunicationLogsCoachesPortal","verifyDMonWebApp","Verify message on web app by Patient",""
"passed","Wed Mar 25 21:45:21 UTC 2026","Wed Mar 25 21:45:21 UTC 2026","5","HabitNuCoachPortalSuite","HabitNuCoachesPortalRegression-PartB","CoachesPortal.PatientDetails.PatientProfileDemographic","CoachesPortal.PatientDetails.PatientProfileDemographic","deleteEthnicityAndRace","test1 > Given I am logged in as coach, Ethnicity and Race","test1 > Given I am logged in as coach, Ethnicity and Race"
"passed","Wed Mar 25 21:00:33 UTC 2026","Wed Mar 25 21:00:40 UTC 2026","6419","HabitNuCoachPortalSuite","HabitNuCoachesPortalRegression-PartA","CoachesPortal.LearnModule.Learn","CoachesPortal.LearnModule.Learn","pushNotifications","verify push  notification settings",""
"broken","Wed Mar 25 20:46:38 UTC 2026","Wed Mar 25 20:46:38 UTC 2026","138","HabitNuCoachPortalSuite","HabitNuCoachesPortalRegression-PartA","CoachesPortal.CohortLevelDashboard.CohortLevelDashboardPage","CoachesPortal.CohortLevelDashboard.CohortLevelDashboardPage","case7","participant activity- All options in the graph.",""
"passed","Wed Mar 25 20:50:49 UTC 2026","Wed Mar 25 20:50:54 UTC 2026","4672","HabitNuCoachPortalSuite","HabitNuCoachesPortalRegression-PartA","CoachesPortal.LearnModule.Learn","CoachesPortal.LearnModule.Learn","letsPublishCourseNow","publish the course",""
"broken","Wed Mar 25 22:23:25 UTC 2026","Wed Mar 25 22:24:26 UTC 2026","60965","HabitNuCoachPortalSuite","GroupDPPClassPlanner","CoachesPortal.ClassPlanner","CoachesPortal.ClassPlanner","case2","It should have an Activate button, Add List, and Show Archived.",""
"passed","Wed Mar 25 23:05:38 UTC 2026","Wed Mar 25 23:05:42 UTC 2026","4174","HabitNuCoachPortalSuite","DifferentTypeOfCohorts","CoachesPortal.liteCohorts","CoachesPortal.liteCohorts","case3","test1 > Given I am logged in as admin, I am validating Lite cohorts modules","test1 > Given I am logged in as admin, I am validating Lite cohorts modules, where cohort's Program type=DSME, Delivery type=Onsite"
"passed","Wed Mar 25 21:13:38 UTC 2026","Wed Mar 25 21:13:47 UTC 2026","9172","HabitNuCoachPortalSuite","HabitNuCoachesPortalRegression-PartA","CoachesPortal.DiscussionForumPage","CoachesPortal.DiscussionForumPage","case11","test1 > Given I am logged in as admin, I am validating File upload- error","test1 > Given I am logged in as admin, I am validating File upload- error"
"passed","Wed Mar 25 22:17:05 UTC 2026","Wed Mar 25 22:17:05 UTC 2026","106","HabitNuCoachPortalSuite","ProjectPowerDashboard","CoachesPortal.ProjectPowerDashboard","CoachesPortal.ProjectPowerDashboard","verifyOutcomesDashboard","It should display the total number of participants who have achieved 5% weight loss",""
"passed","Wed Mar 25 22:17:05 UTC 2026","Wed Mar 25 22:17:05 UTC 2026","12","HabitNuCoachPortalSuite","ProjectPowerDashboard","CoachesPortal.ProjectPowerDashboard","CoachesPortal.ProjectPowerDashboard","verifyACTIVE_IN_PHASE_2","go to coaches portal - Project Power-verify ACTIVE IN PHASE 2 users",""
"passed","Wed Mar 25 22:57:44 UTC 2026","Wed Mar 25 22:58:07 UTC 2026","23281","HabitNuCoachPortalSuite","DifferentTypeOfDashboards","CoachesPortal.CohortLevelDashboard.ParticipantsProgressTracker","CoachesPortal.CohortLevelDashboard.ParticipantsProgressTracker","test2_participants","And user is navigating to participants and create a new user.",""
"passed","Wed Mar 25 21:48:37 UTC 2026","Wed Mar 25 21:48:37 UTC 2026","49","HabitNuCoachPortalSuite","HabitNuCoachesPortalRegression-PartB","CoachesPortal.PatientDetails.PatientProfileDemographic","CoachesPortal.PatientDetails.PatientProfileDemographic","verifyOtherdetails","test1 > Given I am logged in as customer admin, verifyOtherdetails","test1 > Given I am logged in as customer admin, verifyOtherdetails"
"passed","Wed Mar 25 22:22:20 UTC 2026","Wed Mar 25 22:22:37 UTC 2026","16584","HabitNuCoachPortalSuite","LogClassSession","CoachesPortal.LogClassSection","CoachesPortal.LogClassSection","verifyAddWeightAttendanceDateAndPA","Add weight,attendance date and PA",""
"passed","Wed Mar 25 21:14:42 UTC 2026","Wed Mar 25 21:14:57 UTC 2026","15278","HabitNuCoachPortalSuite","HabitNuCoachesPortalRegression-PartA","CoachesPortal.DiscussionForumPage","CoachesPortal.DiscussionForumPage","case17","test1 > Given I am logged in as admin, I am validating Upload more than 5 files.- Error.","test1 > Given I am logged in as admin, I am validating Upload more than 5 files.- Error"
"passed","Wed Mar 25 22:16:55 UTC 2026","Wed Mar 25 22:16:55 UTC 2026","431","HabitNuCoachPortalSuite","HabitNuCoachesPortalRegression-PartC","CoachesPortal.PatientDetails.PatientProfileHealthProviders","CoachesPortal.PatientDetails.PatientProfileHealthProviders","editHealthProvider","edit HealthProvider for Ethylen",""
"passed","Wed Mar 25 21:23:57 UTC 2026","Wed Mar 25 21:23:58 UTC 2026","859","HabitNuCoachPortalSuite","HabitNuCoachesPortalRegression-PartA","CoachesPortal.DiscussionForumPage","CoachesPortal.DiscussionForumPage","case19","test1 > Given I am logged in as customerAdmin, I am validating Edit Post- Description only- Success","test1 > Given I am logged in as customerAdmin, I am validating Edit Post- Description only- Success"
"passed","Wed Mar 25 22:57:34 UTC 2026","Wed Mar 25 22:57:34 UTC 2026","52","HabitNuCoachPortalSuite","DifferentTypeOfDashboards","CoachesPortal.CohortLevelDashboard.DSMEDashboardCoachesPortal","CoachesPortal.CohortLevelDashboard.DSMEDashboardCoachesPortal","test17_verifyWeightLossByPatientsWithAllDefaultOption","Verify Weight Loss by Patients Should be selected by dropdownCard with all as default option",""
"passed","Wed Mar 25 22:50:31 UTC 2026","Wed Mar 25 22:50:33 UTC 2026","1681","HabitNuCoachPortalSuite","ParticipationsTable","CoachesPortal.participations","CoachesPortal.participations","test13_exitadmin","And user is able to exit from admin section",""
"passed","Wed Mar 25 20:50:00 UTC 2026","Wed Mar 25 20:50:00 UTC 2026","602","HabitNuCoachPortalSuite","HabitNuCoachesPortalRegression-PartA","CoachesPortal.LearnModule.Learn","CoachesPortal.LearnModule.Learn","checkToastMessage","to verify toast message when no content is added to the course",""
"passed","Wed Mar 25 21:31:36 UTC 2026","Wed Mar 25 21:31:36 UTC 2026","145","HabitNuCoachPortalSuite","HabitNuCoachesPortalRegression-PartB","CoachesPortal.OnsiteUsersListDashboard","CoachesPortal.OnsiteUsersListDashboard","case20","test1 > Given I am logged in as coach, Clicking on Cohort should navigate to Dashboard.","test1 > Given I am logged in as coach, Clicking on Cohort should navigate to Dashboard."
"passed","Wed Mar 25 21:44:48 UTC 2026","Wed Mar 25 21:44:50 UTC 2026","1995","HabitNuCoachPortalSuite","HabitNuCoachesPortalRegression-PartB","CoachesPortal.PatientDetails.PatientProfileDemographic","CoachesPortal.PatientDetails.PatientProfileDemographic","updateAndVerifyOtherDetails","test1 > Given I am logged in as coach, updateAndVerifyOtherDetails","test1 > Given I am logged in as coach, updateAndVerifyOtherDetails"
"passed","Wed Mar 25 22:20:12 UTC 2026","Wed Mar 25 22:20:12 UTC 2026","16","HabitNuCoachPortalSuite","ProjectPowerDashboard","CoachesPortal.ProjectPowerDashboard","CoachesPortal.ProjectPowerDashboard","verifyDemographicsReferralSource","Demographics page - Referral Source",""
"passed","Wed Mar 25 21:00:31 UTC 2026","Wed Mar 25 21:00:33 UTC 2026","2673","HabitNuCoachPortalSuite","HabitNuCoachesPortalRegression-PartA","CoachesPortal.LearnModule.Learn","CoachesPortal.LearnModule.Learn","editByDisablingNotifications","verify inactive notifications",""
"skipped","Wed Mar 25 22:35:53 UTC 2026","Wed Mar 25 22:35:53 UTC 2026","0","HabitNuCoachPortalSuite","Milestones","CoachesPortal.MilestoneModule.SoleraIBCorNDPP","CoachesPortal.MilestoneModule.SoleraIBCorNDPP","test6","Given I have achieved M0 & M1, M2 now, When I achieve Weekly Meaningful Engagement for week3, Then I should be able to achieve First green for M3",""
"passed","Wed Mar 25 22:03:48 UTC 2026","Wed Mar 25 22:03:51 UTC 2026","3449","HabitNuCoachPortalSuite","Scheduler","CoachesPortal.Schedular","CoachesPortal.Schedular","validateCreatedMeetingAvailable_for_user","test1 > Given I am logged in as admin, verify meet created by system user is available for users","test1 > Given I am logged in as admin, verify meet created by system user is available for users"
"failed","Wed Mar 25 22:55:10 UTC 2026","Wed Mar 25 22:55:35 UTC 2026","25149","HabitNuCoachPortalSuite","DifferentTypeOfDashboards","CoachesPortal.CohortLevelDashboard.DSMEDashboardCoachesPortal","CoachesPortal.CohortLevelDashboard.DSMEDashboardCoachesPortal","test3_pending","And user is validating pending",""
"passed","Wed Mar 25 22:19:04 UTC 2026","Wed Mar 25 22:19:04 UTC 2026","10","HabitNuCoachPortalSuite","ProjectPowerDashboard","CoachesPortal.ProjectPowerDashboard","CoachesPortal.ProjectPowerDashboard","verifySDOHPage_challenging_resources","Verify SDOH - Challenges Accessing Resources chart",""
"passed","Wed Mar 25 21:48:39 UTC 2026","Wed Mar 25 21:48:39 UTC 2026","179","HabitNuCoachPortalSuite","HabitNuCoachesPortalRegression-PartB","CoachesPortal.PatientDetails.PatientProfileDemographic","CoachesPortal.PatientDetails.PatientProfileDemographic","testSelectBlindNo","test1 > Given I am logged in as customer admin, testSelectBlindNo","test1 > Given I am logged in as customer admin, testSelectBlindNo"
"passed","Wed Mar 25 21:57:09 UTC 2026","Wed Mar 25 21:57:12 UTC 2026","2606","HabitNuCoachPortalSuite","UserActivities","CoachesPortal.PatientDetails.UserActivitiesTobacco","CoachesPortal.PatientDetails.UserActivitiesTobacco","verifyUser_isNot_allowed_edit_coachAddedData","Verify user is not allowed to edit data added by coaches",""
"passed","Wed Mar 25 22:20:58 UTC 2026","Wed Mar 25 22:20:59 UTC 2026","747","HabitNuCoachPortalSuite","LogClassSession","CoachesPortal.LogClassSection","CoachesPortal.LogClassSection","validateLogClassSession_Non_Availibility_forDSME","Verify Log Class Section is unavailable for programDeliveryType==Onsite and programType == DSME ",""
"passed","Wed Mar 25 22:24:52 UTC 2026","Wed Mar 25 22:25:02 UTC 2026","10313","HabitNuCoachPortalSuite","GroupDPPClassPlanner","CoachesPortal.ClassPlanner","CoachesPortal.ClassPlanner","case21","There is no Class Planner for this Cohort - before activating class planner",""
"passed","Wed Mar 25 21:44:44 UTC 2026","Wed Mar 25 21:44:44 UTC 2026","49","HabitNuCoachPortalSuite","HabitNuCoachesPortalRegression-PartB","CoachesPortal.PatientDetails.PatientProfileDemographic","CoachesPortal.PatientDetails.PatientProfileDemographic","verifyCDCdetails","test1 > Given I am logged in as coach, verifyCDCdetails","test1 > Given I am logged in as coach, verifyCDCdetails"
"broken","Wed Mar 25 21:57:55 UTC 2026","Wed Mar 25 21:58:26 UTC 2026","30215","HabitNuCoachPortalSuite","UserActivities","CoachesPortal.PatientDetails.UserActivitiesTobacco","CoachesPortal.PatientDetails.UserActivitiesTobacco","verifyEditCurrentAndYesterdayBPDataInCoachesPortal","Verify current and yesterday edit tobacco in coaches portal and reflect in web portal",""
"passed","Wed Mar 25 22:43:05 UTC 2026","Wed Mar 25 22:43:05 UTC 2026","18","HabitNuCoachPortalSuite","UserDashboard","CoachesPortal.PatientDashboard","CoachesPortal.PatientDashboard","patientWeeklyStatus_GroupClasses","test10 > Given I am logged in as coach, when I am on adding groupInteraction from user Interaction tab, Then I should be able to see added interaction count==1 under patientWeeklyStatus_GroupClasses","coach login - user/patient/partcipant dashboard validation"
"passed","Wed Mar 25 20:51:31 UTC 2026","Wed Mar 25 20:51:47 UTC 2026","15289","HabitNuCoachPortalSuite","HabitNuCoachesPortalRegression-PartA","CoachesPortal.LearnModule.Learn","CoachesPortal.LearnModule.Learn","verifyFromCoachesEndAfterUserWatchesCourse","verify from coaches portal",""
"passed","Wed Mar 25 21:50:05 UTC 2026","Wed Mar 25 21:50:20 UTC 2026","15079","HabitNuCoachPortalSuite","HabitNuCoachesPortalRegression-PartB","CoachesPortal.PatientDetails.PatientProfileDemographic","CoachesPortal.PatientDetails.PatientProfileDemographic","updateSexAtbirth","test1 > Given I am logged in as customer admin, Sex at Birth","test1 > Given I am logged in as customer admin, Sex at Birth"
"passed","Wed Mar 25 20:49:13 UTC 2026","Wed Mar 25 20:49:18 UTC 2026","5283","HabitNuCoachPortalSuite","HabitNuCoachesPortalRegression-PartA","CoachesPortal.CohortLevelDashboard.CohortLevelDashboardPage","CoachesPortal.CohortLevelDashboard.CohortLevelDashboardPage","case25","Average BP of Participants graph navigation and extraction of tooltips.",""
"broken","Wed Mar 25 21:10:36 UTC 2026","Wed Mar 25 21:10:36 UTC 2026","65","HabitNuCoachPortalSuite","HabitNuCoachesPortalRegression-PartA","CoachesPortal.LearnModule.CustomerAdminCourseDocument","CoachesPortal.LearnModule.CustomerAdminCourseDocument","verifyDocumentPublishCancelAndConfirm","Document Publish Cancel And Confirm",""
"passed","Wed Mar 25 23:05:36 UTC 2026","Wed Mar 25 23:05:38 UTC 2026","2172","HabitNuCoachPortalSuite","DifferentTypeOfCohorts","CoachesPortal.liteCohorts","CoachesPortal.liteCohorts","case2","test1 > Given I am logged in as admin, I am validating Lite cohorts modules","test1 > Given I am logged in as admin, I am validating Lite cohorts modules, where cohort's Program type=NDPP, Delivery type=Onsite"
"passed","Wed Mar 25 21:45:40 UTC 2026","Wed Mar 25 21:45:41 UTC 2026","798","HabitNuCoachPortalSuite","HabitNuCoachesPortalRegression-PartB","CoachesPortal.PatientDetails.PatientProfileDemographic","CoachesPortal.PatientDetails.PatientProfileDemographic","editverifyProgramDetailsWithIsActive","test1 > Given I am logged in as customer admin, verify cancel and update buttons are present for program details","test1 > Given I am logged in as customer admin, verify cancel and update buttons are present for program details"
"passed","Wed Mar 25 21:41:19 UTC 2026","Wed Mar 25 21:41:22 UTC 2026","3686","HabitNuCoachPortalSuite","HabitNuCoachesPortalRegression-PartB","CoachesPortal.PatientDetails.PatientProfileDemographic","CoachesPortal.PatientDetails.PatientProfileDemographic","updateAndVerifyContactDetails","test1 > Given I am logged in as coach, updateAndVerifyContactDetails","test1 > Given I am logged in as coach, updateAndVerifyContactDetails"
"passed","Wed Mar 25 22:43:06 UTC 2026","Wed Mar 25 22:43:06 UTC 2026","50","HabitNuCoachPortalSuite","UserDashboard","CoachesPortal.PatientDashboard","CoachesPortal.PatientDashboard","patientVWeeklyStatusVideo_when_partiallyWatched","test14 > Given I am logged in as coach, when I am on watching a video partally by logging into user app, Then I should be able to see watched Video count==0 under patientVWeeklyStatusVideo","coach login - user/patient/partcipant dashboard validation"
"passed","Wed Mar 25 20:49:54 UTC 2026","Wed Mar 25 20:49:59 UTC 2026","5187","HabitNuCoachPortalSuite","HabitNuCoachesPortalRegression-PartA","CoachesPortal.LearnModule.Learn","CoachesPortal.LearnModule.Learn","verifyCourseActions","Verify course Actions on hovering shows all the buttons",""
"failed","Wed Mar 25 21:26:46 UTC 2026","Wed Mar 25 21:26:46 UTC 2026","202","HabitNuCoachPortalSuite","HabitNuCoachesPortalRegression-PartA","CoachesPortal.DirectMessage","CoachesPortal.DirectMessage","verify_emptyChatlist_state","No messages are sent or received",""
"broken","Wed Mar 25 22:31:10 UTC 2026","Wed Mar 25 22:31:10 UTC 2026","67","HabitNuCoachPortalSuite","GroupDPPClassPlanner","CoachesPortal.ClassPlanner","CoachesPortal.ClassPlanner","case34","validate user is able to view classPlanner item==document",""
"passed","Wed Mar 25 22:43:05 UTC 2026","Wed Mar 25 22:43:05 UTC 2026","29","HabitNuCoachPortalSuite","UserDashboard","CoachesPortal.PatientDashboard","CoachesPortal.PatientDashboard","patientWeeklyStatus_CoachInteractions","test9 > Given I am logged in as coach, wehn I am on adding coachInteraction from user Interaction tab, Then I should be able to see added interaction count==1 under patientWeeklyStatus_CoachInteractions","coach login - user/patient/partcipant dashboard validation"
"broken","Wed Mar 25 22:58:55 UTC 2026","Wed Mar 25 23:00:01 UTC 2026","65888","HabitNuCoachPortalSuite","DifferentTypeOfDashboards","CoachesPortal.CohortLevelDashboard.ParticipantsProgressTracker","CoachesPortal.CohortLevelDashboard.ParticipantsProgressTracker","test4_Change_Filter_Status","And user is able to change the participants status",""
"passed","Wed Mar 25 20:50:05 UTC 2026","Wed Mar 25 20:50:07 UTC 2026","2039","HabitNuCoachPortalSuite","HabitNuCoachesPortalRegression-PartA","CoachesPortal.LearnModule.Learn","CoachesPortal.LearnModule.Learn","checkChapterAddition","verify course addition",""
"passed","Wed Mar 25 21:41:06 UTC 2026","Wed Mar 25 21:41:17 UTC 2026","10670","HabitNuCoachPortalSuite","HabitNuCoachesPortalRegression-PartB","CoachesPortal.PatientDetails.PatientProfileDemographic","CoachesPortal.PatientDetails.PatientProfileDemographic","verifyPersonalDetails","test1 > Given I am logged in as coach, Verify user as Ethelyn in demographic with Personal Details","test1 > Given I am logged in as coach, Verify user as Ethelyn in demographic with Personal Details"
"passed","Wed Mar 25 21:23:41 UTC 2026","Wed Mar 25 21:23:56 UTC 2026","15309","HabitNuCoachPortalSuite","HabitNuCoachesPortalRegression-PartA","CoachesPortal.DiscussionForumPage","CoachesPortal.DiscussionForumPage","case17","test1 > Given I am logged in as customerAdmin, I am validating Upload more than 5 files.- Error.","test1 > Given I am logged in as customerAdmin, I am validating Upload more than 5 files.- Error"
"passed","Wed Mar 25 22:20:44 UTC 2026","Wed Mar 25 22:20:48 UTC 2026","3783","HabitNuCoachPortalSuite","LoginPageCases","CoachesPortal.LoginPageCases","CoachesPortal.LoginPageCases","testClickOnForgetPasswordLink","validate forget-password link button",""
"passed","Wed Mar 25 22:50:18 UTC 2026","Wed Mar 25 22:50:19 UTC 2026","1248","HabitNuCoachPortalSuite","ParticipationsTable","CoachesPortal.participations","CoachesPortal.participations","tes7_validatingparticipations_columns","And user is validating paricipations columns section",""
"passed","Wed Mar 25 22:50:17 UTC 2026","Wed Mar 25 22:50:17 UTC 2026","544","HabitNuCoachPortalSuite","ParticipationsTable","CoachesPortal.participations","CoachesPortal.participations","test4_validatingadmin_defaultpage","When user is validating to Admin default section ",""
"passed","Wed Mar 25 22:20:26 UTC 2026","Wed Mar 25 22:20:28 UTC 2026","2359","HabitNuCoachPortalSuite","LoginPageCases","CoachesPortal.LoginPageCases","CoachesPortal.LoginPageCases","testRestpasswordCase1","validate users be able to reset password, while doing so entering passwords that matches with previous ones ",""
"passed","Wed Mar 25 21:27:19 UTC 2026","Wed Mar 25 21:27:39 UTC 2026","20345","HabitNuCoachPortalSuite","HabitNuCoachesPortalRegression-PartA","CoachesPortal.DirectMessage","CoachesPortal.DirectMessage","validateSentMessageAcrossAllUsers","send a message to second participant in the list, and click on submit button for message submission and validate message!=null and validate across all users in cohort",""
"passed","Wed Mar 25 22:51:37 UTC 2026","Wed Mar 25 22:51:43 UTC 2026","6402","HabitNuCoachPortalSuite","DifferentTypeOfDashboards","CoachesPortal.CohortLevelDashboard.OnlineCohortDashboard","CoachesPortal.CohortLevelDashboard.OnlineCohortDashboard","weeksCompleted","test1 > Given I am logged in as coach, I am validating online cohort 'dashboard-card=weeksCompleted","test1 > Given I am logged in as coach, I am validating online cohort 'dashboard-card=weeksCompleted"
"passed","Wed Mar 25 20:50:42 UTC 2026","Wed Mar 25 20:50:48 UTC 2026","6114","HabitNuCoachPortalSuite","HabitNuCoachesPortalRegression-PartA","CoachesPortal.LearnModule.Learn","CoachesPortal.LearnModule.Learn","addContentToTheCourse","add content to the course",""
"passed","Wed Mar 25 21:32:24 UTC 2026","Wed Mar 25 21:32:25 UTC 2026","956","HabitNuCoachPortalSuite","HabitNuCoachesPortalRegression-PartB","CoachesPortal.OnsiteUsersListDashboard","CoachesPortal.OnsiteUsersListDashboard","case31","test1 > Given I am logged in as customerAdmin, validate userList as customerAdmin-Add Cohort for a user- cancel scenario.","test1 > Given I am logged in as customerAdmin, validate userList as customerAdmin-Add Cohort for a user- cancel scenario."
"passed","Wed Mar 25 22:46:48 UTC 2026","Wed Mar 25 22:46:49 UTC 2026","1738","HabitNuCoachPortalSuite","UserDashboard","CoachesPortal.PatientDashboard","CoachesPortal.PatientDashboard","physicalActivityHistory","test5 > Given I am logged in as admin, wehn I am on adding steps from user Dashboard, Then I should be able to see added Steps on physicalActivityHistory graph","admin login - user/patient/partcipant dashboard validation"
"passed","Wed Mar 25 21:52:43 UTC 2026","Wed Mar 25 21:52:44 UTC 2026","608","HabitNuCoachPortalSuite","UserActivities","CoachesPortal.PatientDetails.UserActivitiesBloodPressure","CoachesPortal.PatientDetails.UserActivitiesBloodPressure","verifyUser_isNot_allowed_edit_coachAddedData","Verify user is not allowed to edit data added by coaches",""
"passed","Wed Mar 25 21:52:07 UTC 2026","Wed Mar 25 21:52:08 UTC 2026","750","HabitNuCoachPortalSuite","PatientsProfileAllergies","CoachesPortal.PatientDetails.PatientsProfileAllergies","CoachesPortal.PatientDetails.PatientsProfileAllergies","editMedication","edit allergy for Ethylen",""
"passed","Wed Mar 25 20:46:53 UTC 2026","Wed Mar 25 20:46:56 UTC 2026","2707","HabitNuCoachPortalSuite","HabitNuCoachesPortalRegression-PartA","CoachesPortal.CohortLevelDashboard.CohortLevelDashboardPage","CoachesPortal.CohortLevelDashboard.CohortLevelDashboardPage","case9","Weekly Engagement- 12 week, year and custom date test case.",""
"passed","Wed Mar 25 20:49:20 UTC 2026","Wed Mar 25 20:49:24 UTC 2026","4017","HabitNuCoachPortalSuite","HabitNuCoachesPortalRegression-PartA","CoachesPortal.CohortLevelDashboard.CohortLevelDashboardPage","CoachesPortal.CohortLevelDashboard.CohortLevelDashboardPage","case27","Outcomes- Adherance,SBP reductions, DBP Reductions,Achieving Targets.",""
"passed","Wed Mar 25 21:31:36 UTC 2026","Wed Mar 25 21:31:39 UTC 2026","3160","HabitNuCoachPortalSuite","HabitNuCoachesPortalRegression-PartB","CoachesPortal.OnsiteUsersListDashboard","CoachesPortal.OnsiteUsersListDashboard","case21","test1 > Given I am logged in as coach, Disenroll pop up is displayed when tried to disenrol user","test1 > Given I am logged in as coach, Disenroll pop up is displayed when tried to disenrol user"
"passed","Wed Mar 25 22:54:40 UTC 2026","Wed Mar 25 22:54:47 UTC 2026","6743","HabitNuCoachPortalSuite","DifferentTypeOfDashboards","CoachesPortal.CohortLevelDashboard.DSMEDashboardCoachesPortal","CoachesPortal.CohortLevelDashboard.DSMEDashboardCoachesPortal","test1_Navigating","Given user is navigating to coaches portal",""
"passed","Wed Mar 25 22:20:52 UTC 2026","Wed Mar 25 22:20:57 UTC 2026","5482","HabitNuCoachPortalSuite","LogClassSession","CoachesPortal.LogClassSection","CoachesPortal.LogClassSection","validateLogClassSessionAvailibility","Verify Log Class Section is available only for programDeliveryType==Onsite",""
"passed","Wed Mar 25 21:31:23 UTC 2026","Wed Mar 25 21:31:28 UTC 2026","5141","HabitNuCoachPortalSuite","HabitNuCoachesPortalRegression-PartB","CoachesPortal.OnsiteUsersListDashboard","CoachesPortal.OnsiteUsersListDashboard","case16","test1 > Given I am logged in as coach, Click on headphone icon- check for Pop up.","test1 > Given I am logged in as coach, Click on headphone icon- check for Pop up."
"passed","Wed Mar 25 21:26:31 UTC 2026","Wed Mar 25 21:26:34 UTC 2026","2791","HabitNuCoachPortalSuite","HabitNuCoachesPortalRegression-PartA","CoachesPortal.DiscussionForumPage","CoachesPortal.DiscussionForumPage","case28","test1 > Given I am logged in as customerAdmin, I am validating Delete all posts","test1 > Given I am logged in as customerAdmin, I am validating Delete all posts"
"passed","Wed Mar 25 22:16:58 UTC 2026","Wed Mar 25 22:17:05 UTC 2026","6288","HabitNuCoachPortalSuite","ProjectPowerDashboard","CoachesPortal.ProjectPowerDashboard","CoachesPortal.ProjectPowerDashboard","accessDirectMessageModule","go to coaches portal - Project Power",""
"passed","Wed Mar 25 23:00:01 UTC 2026","Wed Mar 25 23:00:47 UTC 2026","46292","HabitNuCoachPortalSuite","DifferentTypeOfDashboards","CoachesPortal.CohortLevelDashboard.ParticipantsProgressTracker","CoachesPortal.CohortLevelDashboard.ParticipantsProgressTracker","test5_Actions_Options","And user is able to select the Actions options.",""
"passed","Wed Mar 25 22:24:34 UTC 2026","Wed Mar 25 22:24:35 UTC 2026","455","HabitNuCoachPortalSuite","GroupDPPClassPlanner","CoachesPortal.ClassPlanner","CoachesPortal.ClassPlanner","case13","click on CANCEL while editing the Created card",""
"failed","Wed Mar 25 22:54:14 UTC 2026","Wed Mar 25 22:54:26 UTC 2026","11999","HabitNuCoachPortalSuite","DifferentTypeOfDashboards","CoachesPortal.CohortLevelDashboard.OnsiteCohortDashboard","CoachesPortal.CohortLevelDashboard.OnsiteCohortDashboard","male_female_card_with_update_to_female","test1 > Given I am logged in as coach, I am validating onsite cohort 'dashboard-card=male_female_card_with_update_to_female","test1 > Given I am logged in as coach, I am validating onsite cohort 'dashboard-card=male_female_card_with_update_to_female"
"passed","Wed Mar 25 22:47:13 UTC 2026","Wed Mar 25 22:47:19 UTC 2026","6247","HabitNuCoachPortalSuite","UserDashboard","CoachesPortal.PatientDashboard","CoachesPortal.PatientDashboard","habitCard_Done","test17 > Given I am logged in as admin, when I am on updating with a habit for the user to DONE, Then I should be able to see updated habit as 'DONE' on Habits graph","admin login - user/patient/partcipant dashboard validation"
"passed","Wed Mar 25 21:47:59 UTC 2026","Wed Mar 25 21:47:59 UTC 2026","20","HabitNuCoachPortalSuite","HabitNuCoachesPortalRegression-PartB","CoachesPortal.PatientDetails.PatientProfileDemographic","CoachesPortal.PatientDetails.PatientProfileDemographic","verifyScaleOrderDetails","test1 > Given I am logged in as customer admin, verifyScaleOrderDetails","test1 > Given I am logged in as customer admin, verifyScaleOrderDetails"
"passed","Wed Mar 25 21:23:05 UTC 2026","Wed Mar 25 21:23:06 UTC 2026","723","HabitNuCoachPortalSuite","HabitNuCoachesPortalRegression-PartA","CoachesPortal.DiscussionForumPage","CoachesPortal.DiscussionForumPage","verifyFileIsOpenedOnClickingViewButton","test1 > Given I am logged in as customerAdmin, I am validating verify file opened on clicking view button","test1 > Given I am logged in as customerAdmin, I am validating verify file opened on clicking view button"
"failed","Wed Mar 25 21:52:57 UTC 2026","Wed Mar 25 21:53:18 UTC 2026","21212","HabitNuCoachPortalSuite","UserActivities","CoachesPortal.PatientDetails.UserActivitiesBloodPressure","CoachesPortal.PatientDetails.UserActivitiesBloodPressure","verifyEditCurrentAndYesterdayBPDataInCoachesPortal","Verify current and yesterday edit BPdata in coaches portal and reflect in web portal",""
"passed","Wed Mar 25 21:45:21 UTC 2026","Wed Mar 25 21:45:23 UTC 2026","2307","HabitNuCoachPortalSuite","HabitNuCoachesPortalRegression-PartB","CoachesPortal.PatientDetails.PatientProfileDemographic","CoachesPortal.PatientDetails.PatientProfileDemographic","verifyConfirmed_By_CoachYes","test1 > Given I am logged in as coach, verifyConfirmed_By_Coach by clicking on Yes","test1 > Given I am logged in as coach, verifyConfirmed_By_Coach by clicking on Yes"
"broken","Wed Mar 25 21:06:30 UTC 2026","Wed Mar 25 21:06:30 UTC 2026","66","HabitNuCoachPortalSuite","HabitNuCoachesPortalRegression-PartA","CoachesPortal.LearnModule.CustomerAdminCourseDocument","CoachesPortal.LearnModule.CustomerAdminCourseDocument","verifyLinkArchiveCancelAndConfirm","Link Archive Cancel And Confirm",""
"passed","Wed Mar 25 22:16:54 UTC 2026","Wed Mar 25 22:16:55 UTC 2026","1135","HabitNuCoachPortalSuite","HabitNuCoachesPortalRegression-PartC","CoachesPortal.PatientDetails.PatientProfileHealthProviders","CoachesPortal.PatientDetails.PatientProfileHealthProviders","deleteHealthProvider","delete HealthProvider for Ethylen",""
"passed","Wed Mar 25 22:16:13 UTC 2026","Wed Mar 25 22:16:13 UTC 2026","421","HabitNuCoachPortalSuite","HabitNuCoachesPortalRegression-PartC","CoachesPortal.PatientDetails.PatientProfilePayerType","CoachesPortal.PatientDetails.PatientProfilePayerType","deletePayertype","delete Payertype for Ethylen",""
"passed","Wed Mar 25 23:00:51 UTC 2026","Wed Mar 25 23:01:39 UTC 2026","47982","HabitNuCoachPortalSuite","DifferentTypeOfDashboards","CoachesPortal.CohortLevelDashboard.ParticipantsProgressTracker","CoachesPortal.CohortLevelDashboard.ParticipantsProgressTracker","test7_Activate_Session","And user is able to activate the session.",""
"passed","Wed Mar 25 22:21:14 UTC 2026","Wed Mar 25 22:21:26 UTC 2026","12329","HabitNuCoachPortalSuite","LogClassSession","CoachesPortal.LogClassSection","CoachesPortal.LogClassSection","verifyAddOnlyWeight","Add Only weight",""
"failed","Wed Mar 25 22:51:23 UTC 2026","Wed Mar 25 22:51:23 UTC 2026","150","HabitNuCoachPortalSuite","DifferentTypeOfDashboards","CoachesPortal.CohortLevelDashboard.OnlineCohortDashboard","CoachesPortal.CohortLevelDashboard.OnlineCohortDashboard","male_female_card_withUdate_to_male","test1 > Given I am logged in as coach, I am validating online cohort 'dashboard-card=male_female_card_withUdate_to_male","test1 > Given I am logged in as coach, I am validating online cohort 'dashboard-card=male_female_card_withUdate_to_male"
"passed","Wed Mar 25 21:24:05 UTC 2026","Wed Mar 25 21:24:07 UTC 2026","2098","HabitNuCoachPortalSuite","HabitNuCoachesPortalRegression-PartA","CoachesPortal.DiscussionForumPage","CoachesPortal.DiscussionForumPage","case23","test1 > Given I am logged in as customerAdmin, I am validating Click Delete - Cancel","test1 > Given I am logged in as customerAdmin, I am validating Click Delete - Cancel"
"passed","Wed Mar 25 22:06:01 UTC 2026","Wed Mar 25 22:06:02 UTC 2026","905","HabitNuCoachPortalSuite","Paywal","CoachesPortal.payWall","CoachesPortal.payWall","testFilterTransactions","COP-T400: Validate all transaction filters",""
"passed","Wed Mar 25 21:59:01 UTC 2026","Wed Mar 25 21:59:06 UTC 2026","5208","HabitNuCoachPortalSuite","Scheduler","CoachesPortal.Schedular","CoachesPortal.Schedular","viewAppointment","test5 >  Given I am logged in as coach, and on time slot page, When I click on created appointment, Then I should be able to view the appointment","coach login - User should be able to view appointment"
"passed","Wed Mar 25 22:19:00 UTC 2026","Wed Mar 25 22:19:00 UTC 2026","588","HabitNuCoachPortalSuite","ProjectPowerDashboard","CoachesPortal.ProjectPowerDashboard","CoachesPortal.ProjectPowerDashboard","verifyCohortWeightLossTrendFor12months","All cohort dashboard for project power - Cohort Weight Loss trend - 12months",""
"passed","Wed Mar 25 21:56:41 UTC 2026","Wed Mar 25 21:56:42 UTC 2026","1232","HabitNuCoachPortalSuite","UserActivities","CoachesPortal.PatientDetails.UserActivitiesBloodSugar","CoachesPortal.PatientDetails.UserActivitiesBloodSugar","verifyUser_isNot_allowed_edit_coachAddedData","Verify user is not allowed to edit data added by coaches",""
"passed","Wed Mar 25 22:50:16 UTC 2026","Wed Mar 25 22:50:16 UTC 2026","148","HabitNuCoachPortalSuite","ParticipationsTable","CoachesPortal.participations","CoachesPortal.participations","test2_navigatingadmin","When user is navigating to Admin section ",""
"failed","Wed Mar 25 22:05:16 UTC 2026","Wed Mar 25 22:05:18 UTC 2026","1725","HabitNuCoachPortalSuite","Paywal","CoachesPortal.payWall","CoachesPortal.payWall","testVerifySyncStatusIsDisplayedOnPlanDetails","COP-T391: Verify Sync Status is displayed on the Plan Details page",""
"passed","Wed Mar 25 22:52:54 UTC 2026","Wed Mar 25 22:53:00 UTC 2026","6247","HabitNuCoachPortalSuite","DifferentTypeOfDashboards","CoachesPortal.CohortLevelDashboard.OnlineCohortDashboard","CoachesPortal.CohortLevelDashboard.OnlineCohortDashboard","weeksCompleted","test1 > Given I am logged in as customer admin, I am validating online cohort 'dashboard-card=weeksCompleted","test1 > Given I am logged in as customer admin, I am validating online cohort 'dashboard-card=weeksCompleted"
"passed","Wed Mar 25 21:47:00 UTC 2026","Wed Mar 25 21:47:10 UTC 2026","10235","HabitNuCoachPortalSuite","HabitNuCoachesPortalRegression-PartB","CoachesPortal.PatientDetails.PatientProfileDemographic","CoachesPortal.PatientDetails.PatientProfileDemographic","updateDisenrollmentDetails_with_onlyDisenrolledDateData","test1 > Given I am logged in as customer admin, try updating DisenrollmentDetails with only diseenrolledDate data","test1 > Given I am logged in as customer admin, try updating DisenrollmentDetails with only diseenrolledDate data"
"passed","Wed Mar 25 20:46:30 UTC 2026","Wed Mar 25 20:46:31 UTC 2026","311","HabitNuCoachPortalSuite","HabitNuCoachesPortalRegression-PartA","CoachesPortal.CohortLevelDashboard.CohortLevelDashboardPage","CoachesPortal.CohortLevelDashboard.CohortLevelDashboardPage","case3","Weight Loss by coach and user graph seletion values test case.",""
"passed","Wed Mar 25 22:42:13 UTC 2026","Wed Mar 25 22:42:21 UTC 2026","7880","HabitNuCoachPortalSuite","UserDashboard","CoachesPortal.PatientDashboard","CoachesPortal.PatientDashboard","foodLog","test12 > Given I am logged in as coach, when I am on adding Meal by logging into user app, Then I should be able to see added Meal data on FoodLog graph","coach login - user/patient/partcipant dashboard validation"
"broken","Wed Mar 25 21:11:39 UTC 2026","Wed Mar 25 21:12:00 UTC 2026","20814","HabitNuCoachPortalSuite","HabitNuCoachesPortalRegression-PartA","CoachesPortal.LearnModule.CustomerAdminCourseDocument","CoachesPortal.LearnModule.CustomerAdminCourseDocument","verifyAddVideoTitleRequired","Add Title Required",""
"passed","Wed Mar 25 22:50:29 UTC 2026","Wed Mar 25 22:50:31 UTC 2026","2231","HabitNuCoachPortalSuite","ParticipationsTable","CoachesPortal.participations","CoachesPortal.participations","test12_searchcohort","And user is able to search the user with cohort name",""
"passed","Wed Mar 25 21:32:40 UTC 2026","Wed Mar 25 21:32:43 UTC 2026","3303","HabitNuCoachPortalSuite","HabitNuCoachesPortalRegression-PartB","CoachesPortal.OnsiteUsersListDashboard","CoachesPortal.OnsiteUsersListDashboard","case36","test1 > Given I am logged in as customerAdmin, sorting users table with Join Date in asc order","test1 > Given I am logged in as customerAdmin, sorting users table with Join Date in asc order"
"passed","Wed Mar 25 22:50:17 UTC 2026","Wed Mar 25 22:50:18 UTC 2026","133","HabitNuCoachPortalSuite","ParticipationsTable","CoachesPortal.participations","CoachesPortal.participations","test5_navigatingparticipations","And user is navigating to Participations section ",""
"broken","Wed Mar 25 21:10:16 UTC 2026","Wed Mar 25 21:10:36 UTC 2026","20514","HabitNuCoachPortalSuite","HabitNuCoachesPortalRegression-PartA","CoachesPortal.LearnModule.CustomerAdminCourseDocument","CoachesPortal.LearnModule.CustomerAdminCourseDocument","verifyDocumentEditAndClose","Document Edit and Close",""
"passed","Wed Mar 25 22:22:57 UTC 2026","Wed Mar 25 22:22:59 UTC 2026","1688","HabitNuCoachPortalSuite","LogClassSession","CoachesPortal.LogClassSection","CoachesPortal.LogClassSection","verifyAddWeightAttendanceDateAndPAAndLFAndMUPDistanceLearning","Add weight,attendance date and PA And LF And MUP In Distance Learning",""
"failed","Wed Mar 25 22:52:25 UTC 2026","Wed Mar 25 22:52:26 UTC 2026","764","HabitNuCoachPortalSuite","DifferentTypeOfDashboards","CoachesPortal.CohortLevelDashboard.OnlineCohortDashboard","CoachesPortal.CohortLevelDashboard.OnlineCohortDashboard","case6","test1 > Given I am logged in as customer admin, I am validating online cohort 'Weight Loss By Participants validation on graph with 'Added by user' option","test1 > Given I am logged in as customer admin, I am validating online cohort 'Weight Loss By Participants validation on graph with 'Added by user' option"
"passed","Wed Mar 25 21:54:49 UTC 2026","Wed Mar 25 21:55:18 UTC 2026","29313","HabitNuCoachPortalSuite","UserActivities","CoachesPortal.PatientDetails.UserActivitiesBloodSugar","CoachesPortal.PatientDetails.UserActivitiesBloodSugar","verifyAndAddYesterdayBloodSugar","Verify user as Ethelyn in useractivities tab and add past date blood sugar",""
"passed","Wed Mar 25 22:43:06 UTC 2026","Wed Mar 25 22:43:12 UTC 2026","5832","HabitNuCoachPortalSuite","UserDashboard","CoachesPortal.PatientDashboard","CoachesPortal.PatientDashboard","patientVWeeklyStatusVideo_when_100_percentWatched","test15 > Given I am logged in as coach, when I am on watching a video completely by logging into user app, Then I should be able to see watched Video count==1 under patientVWeeklyStatusVideo","coach login - user/patient/partcipant dashboard validation"
"failed","Wed Mar 25 22:54:29 UTC 2026","Wed Mar 25 22:54:38 UTC 2026","8652","HabitNuCoachPortalSuite","DifferentTypeOfDashboards","CoachesPortal.CohortLevelDashboard.OnsiteCohortDashboard","CoachesPortal.CohortLevelDashboard.OnsiteCohortDashboard","totalNoOfClasses","test1 > Given I am logged in as coach,  I am validating onsite cohort 'dashboard-card=totalNoOfClasses","test1 > Given I am logged in as coach,  I am validating onsite cohort 'dashboard-card=totalNoOfClasses"
"passed","Wed Mar 25 22:03:51 UTC 2026","Wed Mar 25 22:03:51 UTC 2026","0","HabitNuCoachPortalSuite","Scheduler","CoachesPortal.Schedular","CoachesPortal.Schedular","validateInteractionEntries_SessionName","test1 > Given I am logged in as admin, verify group interaction entries are made automatically when meet is attended for min of 1min > Validating field==SessionName","test1 > Given I am logged in as admin, verify group interaction entries are made automatically when meet is attended for min of 1min > Validating field==SessionName"
"failed","Wed Mar 25 22:18:25 UTC 2026","Wed Mar 25 22:18:36 UTC 2026","10602","HabitNuCoachPortalSuite","ProjectPowerDashboard","CoachesPortal.ProjectPowerDashboard","CoachesPortal.ProjectPowerDashboard","verifyADAMilestoneFor6Months","All cohort dashboard for project power - ADA milestone trend - 6months",""
"passed","Wed Mar 25 21:24:14 UTC 2026","Wed Mar 25 21:24:16 UTC 2026","2097","HabitNuCoachPortalSuite","HabitNuCoachesPortalRegression-PartA","CoachesPortal.DiscussionForumPage","CoachesPortal.DiscussionForumPage","case26","test1 > Given I am logged in as customerAdmin, I am validating UnPin The post","test1 > Given I am logged in as customerAdmin, I am validating UnPin The post"
"passed","Wed Mar 25 21:41:17 UTC 2026","Wed Mar 25 21:41:18 UTC 2026","805","HabitNuCoachPortalSuite","HabitNuCoachesPortalRegression-PartB","CoachesPortal.PatientDetails.PatientProfileDemographic","CoachesPortal.PatientDetails.PatientProfileDemographic","editverifyProgramDetailsWithIsActive","test1 > Given I am logged in as coach, verify cancel and update buttons are present for program details","test1 > Given I am logged in as coach, verify cancel and update buttons are present for program details"
"passed","Wed Mar 25 21:26:46 UTC 2026","Wed Mar 25 21:26:49 UTC 2026","3109","HabitNuCoachPortalSuite","HabitNuCoachesPortalRegression-PartA","CoachesPortal.DirectMessage","CoachesPortal.DirectMessage","verify_Existing_message","It should display the existing message",""
"broken","Wed Mar 25 22:48:23 UTC 2026","Wed Mar 25 22:48:46 UTC 2026","23239","HabitNuCoachPortalSuite","FeatureFlags","CoachesPortal.FeatureFlags","CoachesPortal.FeatureFlags","test13_addrulesforprogram","And user is able to add the rule for program level",""
"failed","Wed Mar 25 22:50:55 UTC 2026","Wed Mar 25 22:51:06 UTC 2026","11467","HabitNuCoachPortalSuite","DifferentTypeOfDashboards","CoachesPortal.CohortLevelDashboard.OnlineCohortDashboard","CoachesPortal.CohortLevelDashboard.OnlineCohortDashboard","fivePercentWeightLossCard","test1 > Given I am logged in as coach, I am validating online cohort 'dashboard-card=fivePercentWeightLossCardCount","test1 > Given I am logged in as coach, I am validating online cohort 'dashboard-card=fivePercentWeightLossCardCount"
"passed","Wed Mar 25 22:03:44 UTC 2026","Wed Mar 25 22:03:47 UTC 2026","3336","HabitNuCoachPortalSuite","Scheduler","CoachesPortal.Schedular","CoachesPortal.Schedular","joinTheMeeting","test7 >  Given I am logged in as admin, and on time slot page, When I click on created appointment, Then I should see the Join the meet button, When I click on it, Then I should be taken to joinmeeting page in new tab","admin login - User should be able to join the meet"
"passed","Wed Mar 25 22:47:53 UTC 2026","Wed Mar 25 22:47:54 UTC 2026","1182","HabitNuCoachPortalSuite","FeatureFlags","CoachesPortal.FeatureFlags","CoachesPortal.FeatureFlags","test9_disableglobally","And user is able to disable the flag globally",""
"broken","Wed Mar 25 22:34:14 UTC 2026","Wed Mar 25 22:35:21 UTC 2026","66926","HabitNuCoachPortalSuite","Milestones","CoachesPortal.MilestoneModule.SoleraIBCorNDPP","CoachesPortal.MilestoneModule.SoleraIBCorNDPP","test1","Given I am logged into the coaches portal as an admin, When I select a non-DSME cohort, Then I should see the milestone module, And when I click on it, I should be navigated to the IBC/NDPP milestone section",""
"broken","Wed Mar 25 21:36:51 UTC 2026","Wed Mar 25 21:37:15 UTC 2026","23832","HabitNuCoachPortalSuite","HabitNuCoachesPortalRegression-PartB","CoachesPortal.OnsiteUsersListDashboard","CoachesPortal.OnsiteUsersListDashboard","case57","test1 > Given I am logged in as customerAdmin, verify milestonecolor==green when user completes registration banner","test1 > Given I am logged in as customerAdmin, verify milestonecolor==green when user completes registration banner"
"passed","Wed Mar 25 21:30:49 UTC 2026","Wed Mar 25 21:30:49 UTC 2026","210","HabitNuCoachPortalSuite","HabitNuCoachesPortalRegression-PartB","CoachesPortal.OnsiteUsersListDashboard","CoachesPortal.OnsiteUsersListDashboard","case2","test1 > Given I am logged in as coach, Users- All expected elements is displayed.","test1 > Given I am logged in as coach, Users- All expected elements is displayed."
"passed","Wed Mar 25 21:49:10 UTC 2026","Wed Mar 25 21:49:10 UTC 2026","146","HabitNuCoachPortalSuite","HabitNuCoachesPortalRegression-PartB","CoachesPortal.PatientDetails.PatientProfileDemographic","CoachesPortal.PatientDetails.PatientProfileDemographic","testSelectDressingNo","test1 > Given I am logged in as customer admin, testSelectDressingNo","test1 > Given I am logged in as customer admin, testSelectDressingNo"
"broken","Wed Mar 25 21:33:40 UTC 2026","Wed Mar 25 21:34:10 UTC 2026","30179","HabitNuCoachPortalSuite","HabitNuCoachesPortalRegression-PartB","CoachesPortal.OnsiteUsersListDashboard","CoachesPortal.OnsiteUsersListDashboard","case46","test1 > Given I am logged in as customerAdmin, hover over milestone dot to validate disenrolled state text","test1 > Given I am logged in as customerAdmin, hover over milestone dot to validate disenrolled state text"
"passed","Wed Mar 25 21:00:21 UTC 2026","Wed Mar 25 21:00:31 UTC 2026","9681","HabitNuCoachPortalSuite","HabitNuCoachesPortalRegression-PartA","CoachesPortal.LearnModule.Learn","CoachesPortal.LearnModule.Learn","selectNotificationsAndConfigure","Send a notification before a chapter getting released",""
"passed","Wed Mar 25 21:31:40 UTC 2026","Wed Mar 25 21:32:19 UTC 2026","38737","HabitNuCoachPortalSuite","HabitNuCoachesPortalRegression-PartB","CoachesPortal.OnsiteUsersListDashboard","CoachesPortal.OnsiteUsersListDashboard","case29","test1 > Given I am logged in as customerAdmin, Given I am logged in as customerAdmin, validate userList as customerAdmin","test1 > Given I am logged in as customerAdmin, Given I am logged in as customerAdmin, validate userList as customerAdmin"
"passed","Wed Mar 25 22:17:05 UTC 2026","Wed Mar 25 22:17:05 UTC 2026","16","HabitNuCoachPortalSuite","ProjectPowerDashboard","CoachesPortal.ProjectPowerDashboard","CoachesPortal.ProjectPowerDashboard","verifyLEADS","go to coaches portal - Project Power-verify Leads",""
"passed","Wed Mar 25 22:50:41 UTC 2026","Wed Mar 25 22:50:45 UTC 2026","3150","HabitNuCoachPortalSuite","DifferentTypeOfDashboards","CoachesPortal.CohortLevelDashboard.OnlineCohortDashboard","CoachesPortal.CohortLevelDashboard.OnlineCohortDashboard","case1","test1 > Given I am logged in as coach, I am validating online cohort 'dashboard-cards","test1 > Given I am logged in as coach, I am validating online cohort 'dashboard-cards"
