"Status","Start Time","Stop Time","Duration in ms","Parent Suite","Suite","Sub Suite","Test Class","Test Method","Name","Description"
"passed","Fri Feb 13 22:35:22 UTC 2026","Fri Feb 13 22:35:22 UTC 2026","550","HabitNuCoachPortalSuite","FeatureFlags","CoachesPortal.FeatureFlags","CoachesPortal.FeatureFlags","test3_validatingadmin","When user is validating to Admin section ",""
"broken","Fri Feb 13 21:16:49 UTC 2026","Fri Feb 13 21:17:19 UTC 2026","30264","HabitNuCoachPortalSuite","HabitNuCoachesPortalRegression-PartA","CoachesPortal.DirectMessage","CoachesPortal.DirectMessage","click_on_delete_icon_of_message","Verify message sent from Coach in chatbox",""
"passed","Fri Feb 13 22:12:18 UTC 2026","Fri Feb 13 22:12:18 UTC 2026","260","HabitNuCoachPortalSuite","GroupDPPClassPlanner","CoachesPortal.ClassPlanner","CoachesPortal.ClassPlanner","case6","Cancel the Edit list",""
"skipped","Fri Feb 13 22:23:22 UTC 2026","Fri Feb 13 22:23:22 UTC 2026","0","HabitNuCoachPortalSuite","Milestones","CoachesPortal.MilestoneModule.SoleraIBCorNDPP","CoachesPortal.MilestoneModule.SoleraIBCorNDPP","test9","Given I have achieved M0 & M1, M2, M3, M4, When I achieve Weekly Meaningful Engagement for week6, Then I should be able to achieve M5(firstgreen)",""
"passed","Fri Feb 13 21:54:07 UTC 2026","Fri Feb 13 21:54:10 UTC 2026","2670","HabitNuCoachPortalSuite","Paywal","CoachesPortal.payWall","CoachesPortal.payWall","testFilterSubscriptions","COP-T397–399: Validate subscription filters",""
"passed","Fri Feb 13 22:06:44 UTC 2026","Fri Feb 13 22:06:44 UTC 2026","156","HabitNuCoachPortalSuite","ProjectPowerDashboard","CoachesPortal.ProjectPowerDashboard","CoachesPortal.ProjectPowerDashboard","verifySDOHPage","Verify SDOH page legends",""
"passed","Fri Feb 13 21:54:42 UTC 2026","Fri Feb 13 21:54:44 UTC 2026","2131","HabitNuCoachPortalSuite","Paywal","CoachesPortal.payWall","CoachesPortal.payWall","testFilterTransactions","COP-T400: Validate all transaction filters",""
"broken","Fri Feb 13 22:49:37 UTC 2026","Fri Feb 13 22:50:39 UTC 2026","61725","HabitNuCoachPortalSuite","DifferentTypeOfDashboards","CoachesPortal.CohortLevelDashboard.ParticipantsProgressTracker","CoachesPortal.CohortLevelDashboard.ParticipantsProgressTracker","test4_Change_Filter_Status","And user is able to change the participants status",""
"broken","Fri Feb 13 20:56:08 UTC 2026","Fri Feb 13 20:57:18 UTC 2026","70348","HabitNuCoachPortalSuite","HabitNuCoachesPortalRegression-PartA","CoachesPortal.LearnModule.Learn","CoachesPortal.LearnModule.Learn","replaceCourseContent","replace course content",""
"passed","Fri Feb 13 22:12:24 UTC 2026","Fri Feb 13 22:12:34 UTC 2026","10197","HabitNuCoachPortalSuite","GroupDPPClassPlanner","CoachesPortal.ClassPlanner","CoachesPortal.ClassPlanner","case16","Cancel Unarchive card",""
"passed","Fri Feb 13 20:59:43 UTC 2026","Fri Feb 13 20:59:45 UTC 2026","2391","HabitNuCoachPortalSuite","HabitNuCoachesPortalRegression-PartA","CoachesPortal.LearnModule.Learn","CoachesPortal.LearnModule.Learn","editByErasingMessageContent","verify, Please enter message content for email",""
"broken","Fri Feb 13 20:48:25 UTC 2026","Fri Feb 13 20:48:40 UTC 2026","15479","HabitNuCoachPortalSuite","HabitNuCoachesPortalRegression-PartA","CoachesPortal.CohortLevelDashboard.CohortLevelDashboardPage","CoachesPortal.CohortLevelDashboard.CohortLevelDashboardPage","case13","Food category - 0 Kcal test case.",""
"passed","Fri Feb 13 22:26:06 UTC 2026","Fri Feb 13 22:26:17 UTC 2026","10470","HabitNuCoachPortalSuite","Milestones","CoachesPortal.VAMilestone","CoachesPortal.VAMilestone","test11_validating_VAHeaders_data","And user is validating to VAHeaders data by clicking arrow button",""
"passed","Fri Feb 13 22:20:22 UTC 2026","Fri Feb 13 22:20:46 UTC 2026","24208","HabitNuCoachPortalSuite","GeneralContent","CoachesPortal.generalContent_WEb_Coaches","CoachesPortal.generalContent_WEb_Coaches","case6","Creating tags for Groups",""
"passed","Fri Feb 13 21:30:07 UTC 2026","Fri Feb 13 21:30:07 UTC 2026","9","HabitNuCoachPortalSuite","HabitNuCoachesPortalRegression-PartB","CoachesPortal.PatientDetails.PatientProfileDemographic","CoachesPortal.PatientDetails.PatientProfileDemographic","updateCurrentGender","test1 > Given I am logged in as coach, Current Gender","test1 > Given I am logged in as coach, Current Gender"
"passed","Fri Feb 13 21:54:35 UTC 2026","Fri Feb 13 21:54:37 UTC 2026","1622","HabitNuCoachPortalSuite","Paywal","CoachesPortal.payWall","CoachesPortal.payWall","testFilterTransactions","COP-T400: Validate all transaction filters",""
"passed","Fri Feb 13 21:29:30 UTC 2026","Fri Feb 13 21:29:30 UTC 2026","47","HabitNuCoachPortalSuite","HabitNuCoachesPortalRegression-PartB","CoachesPortal.PatientDetails.PatientProfileDemographic","CoachesPortal.PatientDetails.PatientProfileDemographic","verifyCDCdetails","test1 > Given I am logged in as coach, verifyCDCdetails","test1 > Given I am logged in as coach, verifyCDCdetails"
"passed","Fri Feb 13 21:30:15 UTC 2026","Fri Feb 13 21:30:23 UTC 2026","8267","HabitNuCoachPortalSuite","HabitNuCoachesPortalRegression-PartB","CoachesPortal.PatientDetails.PatientProfileDemographic","CoachesPortal.PatientDetails.PatientProfileDemographic","verifyPersonalDetails","test1 > Given I am logged in as customer admin, Verify user as Ethelyn in demographic with Personal Details","test1 > Given I am logged in as customer admin, Verify user as Ethelyn in demographic with Personal Details"
"passed","Fri Feb 13 21:30:07 UTC 2026","Fri Feb 13 21:30:07 UTC 2026","5","HabitNuCoachPortalSuite","HabitNuCoachesPortalRegression-PartB","CoachesPortal.PatientDetails.PatientProfileDemographic","CoachesPortal.PatientDetails.PatientProfileDemographic","updatepreferred_name","test1 > Given I am logged in as coach, preferred_name","test1 > Given I am logged in as coach, preferred_name"
"skipped","Fri Feb 13 21:55:53 UTC 2026","Fri Feb 13 21:55:53 UTC 2026","0","HabitNuCoachPortalSuite","Paywal","CoachesPortal.payWall","CoachesPortal.payWall","testUnpublishedPlanIsHiddenFromUser","COP-T414: Validate user cannot see unpublished plans",""
"skipped","Fri Feb 13 21:55:53 UTC 2026","Fri Feb 13 21:55:53 UTC 2026","0","HabitNuCoachPortalSuite","Paywal","CoachesPortal.payWall","CoachesPortal.payWall","testUserSeesAndSubscribesToPlan","COP-T408 & T409: Verify user can see and subscribe to a linked plan",""
"passed","Fri Feb 13 22:30:01 UTC 2026","Fri Feb 13 22:30:09 UTC 2026","7852","HabitNuCoachPortalSuite","UserDashboard","CoachesPortal.PatientDashboard","CoachesPortal.PatientDashboard","patientWeeklyStatus_WEIGHTS","test2 > Given I am logged in as admin, wehn I am on adding weight from user Dashboard, Then I should be able to see added weight count==1 under patientWeeklyStatus_WEIGHTS","admin login - user/patient/partcipant dashboard validation"
"passed","Fri Feb 13 21:30:07 UTC 2026","Fri Feb 13 21:30:10 UTC 2026","2352","HabitNuCoachPortalSuite","HabitNuCoachesPortalRegression-PartB","CoachesPortal.PatientDetails.PatientProfileDemographic","CoachesPortal.PatientDetails.PatientProfileDemographic","verifyConfirmed_By_CoachYes","test1 > Given I am logged in as coach, verifyConfirmed_By_Coach by clicking on Yes","test1 > Given I am logged in as coach, verifyConfirmed_By_Coach by clicking on Yes"
"passed","Fri Feb 13 21:07:39 UTC 2026","Fri Feb 13 21:07:40 UTC 2026","874","HabitNuCoachPortalSuite","HabitNuCoachesPortalRegression-PartA","CoachesPortal.DiscussionForumPage","CoachesPortal.DiscussionForumPage","case19","test1 > Given I am logged in as coach, I am validating Edit Post- Description only- Success","test1 > Given I am logged in as coach, I am validating Edit Post- Description only- Success"
"passed","Fri Feb 13 22:21:14 UTC 2026","Fri Feb 13 22:21:14 UTC 2026","22","HabitNuCoachPortalSuite","GeneralContent","CoachesPortal.generalContent_WEb_Coaches","CoachesPortal.generalContent_WEb_Coaches","Case13_verifyGroup","verifyGroup creation",""
"passed","Fri Feb 13 22:38:25 UTC 2026","Fri Feb 13 22:38:25 UTC 2026","157","HabitNuCoachPortalSuite","ParticipationsTable","CoachesPortal.participations","CoachesPortal.participations","test2_navigatingadmin","When user is navigating to Admin section ",""
"passed","Fri Feb 13 22:21:16 UTC 2026","Fri Feb 13 22:21:28 UTC 2026","11265","HabitNuCoachPortalSuite","GeneralContent","CoachesPortal.generalContent_WEb_Coaches","CoachesPortal.generalContent_WEb_Coaches","deleteGroup","Deleting Groups",""
"failed","Fri Feb 13 22:43:52 UTC 2026","Fri Feb 13 22:43:53 UTC 2026","758","HabitNuCoachPortalSuite","DifferentTypeOfDashboards","CoachesPortal.CohortLevelDashboard.OnsiteCohortDashboard","CoachesPortal.CohortLevelDashboard.OnsiteCohortDashboard","case6","test1 > Given I am logged in as coach, I am validating onsite cohort 'Weight Loss By Participants validation on graph with 'Added by user' option","test1 > Given I am logged in as coach, I am validating onsite cohort 'Weight Loss By Participants validation on graph with 'Added by user' option"
"failed","Fri Feb 13 22:06:38 UTC 2026","Fri Feb 13 22:06:39 UTC 2026","550","HabitNuCoachPortalSuite","ProjectPowerDashboard","CoachesPortal.ProjectPowerDashboard","CoachesPortal.ProjectPowerDashboard","verifyADAMilestoneForCUSTOMTIME","All cohort dashboard for project power - ADA milestone trend - CUSTOM TIME",""
"skipped","Fri Feb 13 22:23:22 UTC 2026","Fri Feb 13 22:23:22 UTC 2026","1","HabitNuCoachPortalSuite","Milestones","CoachesPortal.MilestoneModule.SoleraIBCorNDPP","CoachesPortal.MilestoneModule.SoleraIBCorNDPP","test7","Given I have achieved M0 & M1, M2, M3(firstgreen) now, When I achieve Weekly Meaningful Engagement for week4, Then I should be able to achieve Second green for M3",""
"passed","Fri Feb 13 21:06:13 UTC 2026","Fri Feb 13 21:06:14 UTC 2026","1345","HabitNuCoachPortalSuite","HabitNuCoachesPortalRegression-PartA","CoachesPortal.DiscussionForumPage","CoachesPortal.DiscussionForumPage","case2","test1 > Given I am logged in as coach, I am validating Discussions- All elements check","test1 > Given I am logged in as coach, I am validating Discussions- All elements check"
"passed","Fri Feb 13 22:44:17 UTC 2026","Fri Feb 13 22:44:32 UTC 2026","15577","HabitNuCoachPortalSuite","DifferentTypeOfDashboards","CoachesPortal.CohortLevelDashboard.OnsiteCohortDashboard","CoachesPortal.CohortLevelDashboard.OnsiteCohortDashboard","male_female_card_with_update_to_female","test1 > Given I am logged in as coach, I am validating onsite cohort 'dashboard-card=male_female_card_with_update_to_female","test1 > Given I am logged in as coach, I am validating onsite cohort 'dashboard-card=male_female_card_with_update_to_female"
"passed","Fri Feb 13 22:04:42 UTC 2026","Fri Feb 13 22:04:42 UTC 2026","11","HabitNuCoachPortalSuite","ProjectPowerDashboard","CoachesPortal.ProjectPowerDashboard","CoachesPortal.ProjectPowerDashboard","verifyYet_to_Confirm","go to coaches portal - Project Power-verify Yet to Confirm users",""
"passed","Fri Feb 13 22:12:15 UTC 2026","Fri Feb 13 22:12:16 UTC 2026","742","HabitNuCoachPortalSuite","GroupDPPClassPlanner","CoachesPortal.ClassPlanner","CoachesPortal.ClassPlanner","case3","Add the list to class planner",""
"passed","Fri Feb 13 22:34:28 UTC 2026","Fri Feb 13 22:34:29 UTC 2026","191","HabitNuCoachPortalSuite","UserDashboard","CoachesPortal.PatientDashboard","CoachesPortal.PatientDashboard","videoActivity","test13 > Given I am logged in as coach, when I am on watching a video by logging into user app, Then I should be able to see watched Video progress data on VideoActivity graph","coach login - user/patient/partcipant dashboard validation"
"broken","Fri Feb 13 21:27:24 UTC 2026","Fri Feb 13 21:27:55 UTC 2026","30537","HabitNuCoachPortalSuite","HabitNuCoachesPortalRegression-PartB","CoachesPortal.PatientDetails.PatientProfileDemographic","CoachesPortal.PatientDetails.PatientProfileDemographic","updateDisenrollmentDetails_with_onlyDisenrolledDateData","test1 > Given I am logged in as coach, try updating DisenrollmentDetails with only diseenrolledDate data","test1 > Given I am logged in as coach, try updating DisenrollmentDetails with only diseenrolledDate data"
"failed","Fri Feb 13 22:06:06 UTC 2026","Fri Feb 13 22:06:17 UTC 2026","10624","HabitNuCoachPortalSuite","ProjectPowerDashboard","CoachesPortal.ProjectPowerDashboard","CoachesPortal.ProjectPowerDashboard","verifyADAMilestoneFor6Months","All cohort dashboard for project power - ADA milestone trend - 6months",""
"passed","Fri Feb 13 20:51:07 UTC 2026","Fri Feb 13 20:51:07 UTC 2026","548","HabitNuCoachPortalSuite","HabitNuCoachesPortalRegression-PartA","CoachesPortal.LearnModule.Learn","CoachesPortal.LearnModule.Learn","checkToastMessage","to verify toast message when no content is added to the course",""
"passed","Fri Feb 13 21:34:14 UTC 2026","Fri Feb 13 21:34:25 UTC 2026","10156","HabitNuCoachPortalSuite","HabitNuCoachesPortalRegression-PartB","CoachesPortal.PatientDetails.PatientProfileDemographic","CoachesPortal.PatientDetails.PatientProfileDemographic","updatelastName","test1 > Given I am logged in as customer admin, Last Name","test1 > Given I am logged in as customer admin, Last Name"
"passed","Fri Feb 13 21:00:11 UTC 2026","Fri Feb 13 21:00:13 UTC 2026","1196","HabitNuCoachPortalSuite","HabitNuCoachesPortalRegression-PartA","CoachesPortal.LearnModule.CustomerAdminCourseDocument","CoachesPortal.LearnModule.CustomerAdminCourseDocument","verifyAddValidUrlRequired","Add Valid Url Required",""
"passed","Fri Feb 13 21:15:04 UTC 2026","Fri Feb 13 21:15:05 UTC 2026","1163","HabitNuCoachPortalSuite","HabitNuCoachesPortalRegression-PartA","CoachesPortal.DirectMessage","CoachesPortal.DirectMessage","searchParticipantByFirstName","Search by firstname > It should display the participant by firstname",""
"failed","Fri Feb 13 22:43:52 UTC 2026","Fri Feb 13 22:43:52 UTC 2026","144","HabitNuCoachPortalSuite","DifferentTypeOfDashboards","CoachesPortal.CohortLevelDashboard.OnsiteCohortDashboard","CoachesPortal.CohortLevelDashboard.OnsiteCohortDashboard","case4","test1 > Given I am logged in as coach, I am validating onsite cohort 'Weight Loss By Participants validation on graph with ALL option","test1 > Given I am logged in as coach, I am validating onsite cohort 'Weight Loss By Participants validation on graph with ALL option"
"passed","Fri Feb 13 21:53:52 UTC 2026","Fri Feb 13 21:53:55 UTC 2026","3064","HabitNuCoachPortalSuite","Paywal","CoachesPortal.payWall","CoachesPortal.payWall","testSubscriptionPageLayoutAndContent","COP-T395: Verify Subscriptions page layout, filters, content, and pagination",""
"passed","Fri Feb 13 20:51:59 UTC 2026","Fri Feb 13 20:52:05 UTC 2026","5546","HabitNuCoachPortalSuite","HabitNuCoachesPortalRegression-PartA","CoachesPortal.LearnModule.Learn","CoachesPortal.LearnModule.Learn","accessCourseContentFromCoachesPortal","access the course content to verify",""
"passed","Fri Feb 13 22:37:53 UTC 2026","Fri Feb 13 22:37:54 UTC 2026","552","HabitNuCoachPortalSuite","FeatureFlags","CoachesPortal.FeatureFlags","CoachesPortal.FeatureFlags","test20_deleteuser","delete rule",""
"passed","Fri Feb 13 22:41:19 UTC 2026","Fri Feb 13 22:41:19 UTC 2026","243","HabitNuCoachPortalSuite","DifferentTypeOfDashboards","CoachesPortal.CohortLevelDashboard.OnlineCohortDashboard","CoachesPortal.CohortLevelDashboard.OnlineCohortDashboard","case4","test1 > Given I am logged in as coach, I am validating online cohort 'Weight Loss By Participants validation on graph with ALL option","test1 > Given I am logged in as coach, I am validating online cohort 'Weight Loss By Participants validation on graph with ALL option"
"passed","Fri Feb 13 20:51:06 UTC 2026","Fri Feb 13 20:51:07 UTC 2026","836","HabitNuCoachPortalSuite","HabitNuCoachesPortalRegression-PartA","CoachesPortal.LearnModule.Learn","CoachesPortal.LearnModule.Learn","publishCourse","Verify CustomerAdmin can publish the course",""
"skipped","Fri Feb 13 21:54:50 UTC 2026","Fri Feb 13 21:54:50 UTC 2026","0","HabitNuCoachPortalSuite","Paywal","CoachesPortal.payWall","CoachesPortal.payWall","testVerifyLinkedPlanDisplays","COP-T407: Validate linked plan displays in Program details",""
"passed","Fri Feb 13 21:42:51 UTC 2026","Fri Feb 13 21:42:51 UTC 2026","289","HabitNuCoachPortalSuite","Scheduler","CoachesPortal.Schedular","CoachesPortal.Schedular","cancelMeeting","test8 >  Given I am logged in as coach, and on time slot page, When I click on created appointment, Then I should see Cancel meeting button, When I click on it, Then Should be able to cancel it","coach login - User should be able to cancel appointment"
"passed","Fri Feb 13 20:52:06 UTC 2026","Fri Feb 13 20:52:15 UTC 2026","8779","HabitNuCoachPortalSuite","HabitNuCoachesPortalRegression-PartA","CoachesPortal.LearnModule.Learn","CoachesPortal.LearnModule.Learn","addCourseToTheCohort","add course to the cohort",""
"passed","Fri Feb 13 20:50:21 UTC 2026","Fri Feb 13 20:50:26 UTC 2026","4164","HabitNuCoachPortalSuite","HabitNuCoachesPortalRegression-PartA","CoachesPortal.CohortLevelDashboard.CohortLevelDashboardPage","CoachesPortal.CohortLevelDashboard.CohortLevelDashboardPage","case25","Average BP of Participants graph navigation and extraction of tooltips.",""
"broken","Fri Feb 13 21:32:03 UTC 2026","Fri Feb 13 21:32:42 UTC 2026","38910","HabitNuCoachPortalSuite","HabitNuCoachesPortalRegression-PartB","CoachesPortal.PatientDetails.PatientProfileDemographic","CoachesPortal.PatientDetails.PatientProfileDemographic","updateDisenrollmentDetails_with_DisenrolledCode_and_date","test1 > Given I am logged in as customer admin, try updating DisenrollmentDetails with only diseenrolledCode & Date","test1 > Given I am logged in as customer admin, try updating DisenrollmentDetails with only diseenrolledCode & Date"
"failed","Fri Feb 13 22:45:18 UTC 2026","Fri Feb 13 22:45:18 UTC 2026","764","HabitNuCoachPortalSuite","DifferentTypeOfDashboards","CoachesPortal.CohortLevelDashboard.OnsiteCohortDashboard","CoachesPortal.CohortLevelDashboard.OnsiteCohortDashboard","case6","test1 > Given I am logged in as customer admin, I am validating onsite cohort 'Weight Loss By Participants validation on graph with 'Added by user' option","test1 > Given I am logged in as customer admin, I am validating onsite cohort 'Weight Loss By Participants validation on graph with 'Added by user' option"
"broken","Fri Feb 13 21:26:49 UTC 2026","Fri Feb 13 21:27:24 UTC 2026","35262","HabitNuCoachPortalSuite","HabitNuCoachesPortalRegression-PartB","CoachesPortal.PatientDetails.PatientProfileDemographic","CoachesPortal.PatientDetails.PatientProfileDemographic","updateDisenrollmentDetails_with_onlyDisenrolledCodeData","test1 > Given I am logged in as coach, try updating DisenrollmentDetails with only diseenrolledCode data","test1 > Given I am logged in as coach, try updating DisenrollmentDetails with only diseenrolledCode data"
"passed","Fri Feb 13 22:24:25 UTC 2026","Fri Feb 13 22:24:26 UTC 2026","1047","HabitNuCoachPortalSuite","Milestones","CoachesPortal.BPSMMilestone","CoachesPortal.BPSMMilestone","test3_currentcohort_dashboard","And user is navigated to current cohort dashboard",""
"passed","Fri Feb 13 20:48:06 UTC 2026","Fri Feb 13 20:48:07 UTC 2026","61","HabitNuCoachPortalSuite","HabitNuCoachesPortalRegression-PartA","CoachesPortal.CohortLevelDashboard.CohortLevelDashboardPage","CoachesPortal.CohortLevelDashboard.CohortLevelDashboardPage","case10","Coach Interactions by Participants.",""
"passed","Fri Feb 13 21:26:10 UTC 2026","Fri Feb 13 21:26:14 UTC 2026","3702","HabitNuCoachPortalSuite","HabitNuCoachesPortalRegression-PartB","CoachesPortal.PatientDetails.PatientProfileDemographic","CoachesPortal.PatientDetails.PatientProfileDemographic","updateAndVerifyAddressDetails","test1 > Given I am logged in as coach, updateAndVerifyAddressDetails","test1 > Given I am logged in as coach, updateAndVerifyAddressDetails"
"passed","Fri Feb 13 21:02:28 UTC 2026","Fri Feb 13 21:02:37 UTC 2026","9394","HabitNuCoachPortalSuite","HabitNuCoachesPortalRegression-PartA","CoachesPortal.DiscussionForumPage","CoachesPortal.DiscussionForumPage","case13","test1 > Given I am logged in as admin, I am validating File upload- description only- success.","test1 > Given I am logged in as admin, I am validating File upload- description only- success."
"passed","Fri Feb 13 21:22:22 UTC 2026","Fri Feb 13 21:22:27 UTC 2026","5334","HabitNuCoachPortalSuite","HabitNuCoachesPortalRegression-PartB","CoachesPortal.OnsiteUsersListDashboard","CoachesPortal.OnsiteUsersListDashboard","case55","test1 > Given I am logged in as customerAdmin, verify milestonecolor==green when coach updates 'confirm By participant' to true","test1 > Given I am logged in as customerAdmin, verify milestonecolor==green when coach updates 'confirm By participant' to true"
"passed","Fri Feb 13 22:06:41 UTC 2026","Fri Feb 13 22:06:44 UTC 2026","2631","HabitNuCoachPortalSuite","ProjectPowerDashboard","CoachesPortal.ProjectPowerDashboard","CoachesPortal.ProjectPowerDashboard","verifyCohortWeightLossTrendForCustomTIME","All cohort dashboard for project power - Cohort Weight Loss trend - Custom Time",""
"passed","Fri Feb 13 22:06:39 UTC 2026","Fri Feb 13 22:06:40 UTC 2026","558","HabitNuCoachPortalSuite","ProjectPowerDashboard","CoachesPortal.ProjectPowerDashboard","CoachesPortal.ProjectPowerDashboard","verifyCohortWeightLossTrend","All cohort dashboard for project power - Cohort Weight Loss trend",""
"passed","Fri Feb 13 22:41:50 UTC 2026","Fri Feb 13 22:41:54 UTC 2026","4216","HabitNuCoachPortalSuite","DifferentTypeOfDashboards","CoachesPortal.CohortLevelDashboard.OnlineCohortDashboard","CoachesPortal.CohortLevelDashboard.OnlineCohortDashboard","weeksCompleted","test1 > Given I am logged in as coach, I am validating online cohort 'dashboard-card=weeksCompleted","test1 > Given I am logged in as coach, I am validating online cohort 'dashboard-card=weeksCompleted"
"passed","Fri Feb 13 22:21:14 UTC 2026","Fri Feb 13 22:21:14 UTC 2026","100","HabitNuCoachPortalSuite","GeneralContent","CoachesPortal.generalContent_WEb_Coaches","CoachesPortal.generalContent_WEb_Coaches","RedirectToCoaches","Redirecting To Coaches page",""
"passed","Fri Feb 13 22:29:47 UTC 2026","Fri Feb 13 22:29:54 UTC 2026","7080","HabitNuCoachPortalSuite","UserDashboard","CoachesPortal.PatientDashboard","CoachesPortal.PatientDashboard","foodLog","test12 > Given I am logged in as admin, when I am on adding Meal by logging into user app, Then I should be able to see added Meal data on FoodLog graph","admin login - user/patient/partcipant dashboard validation"
"passed","Fri Feb 13 21:40:19 UTC 2026","Fri Feb 13 21:40:35 UTC 2026","16233","HabitNuCoachPortalSuite","UserActivities","CoachesPortal.PatientDetails.UserActivitiesTobacco","CoachesPortal.PatientDetails.UserActivitiesTobacco","verifyEditCurrentAndYesterdayBPDataInCoachesPortal","Verify current and yesterday edit tobacco in coaches portal and reflect in web portal",""
"passed","Fri Feb 13 20:50:59 UTC 2026","Fri Feb 13 20:51:00 UTC 2026","1109","HabitNuCoachPortalSuite","HabitNuCoachesPortalRegression-PartA","CoachesPortal.LearnModule.Learn","CoachesPortal.LearnModule.Learn","verifyLandingPageWhichIsProgramsHeadlined","Verify CustomerAdmin now lands on Course configuration page (Programs)",""
"passed","Fri Feb 13 21:15:13 UTC 2026","Fri Feb 13 21:15:13 UTC 2026","184","HabitNuCoachPortalSuite","HabitNuCoachesPortalRegression-PartA","CoachesPortal.DirectMessage","CoachesPortal.DirectMessage","sendMessageToPatient_1","send a message to participant",""
"passed","Fri Feb 13 21:40:08 UTC 2026","Fri Feb 13 21:40:09 UTC 2026","626","HabitNuCoachPortalSuite","UserActivities","CoachesPortal.PatientDetails.UserActivitiesTobacco","CoachesPortal.PatientDetails.UserActivitiesTobacco","verifyUser_isNot_allowed_edit_coachAddedData","Verify user is not allowed to edit data added by coaches",""
"passed","Fri Feb 13 21:19:05 UTC 2026","Fri Feb 13 21:19:05 UTC 2026","168","HabitNuCoachPortalSuite","HabitNuCoachesPortalRegression-PartB","CoachesPortal.OnsiteUsersListDashboard","CoachesPortal.OnsiteUsersListDashboard","case7","test1 > Given I am logged in as coach, Form Survey for cohort- Check for options displayed.","test1 > Given I am logged in as coach, Form Survey for cohort- Check for options displayed."
"passed","Fri Feb 13 22:09:19 UTC 2026","Fri Feb 13 22:09:25 UTC 2026","5877","HabitNuCoachPortalSuite","LogClassSession","CoachesPortal.LogClassSection","CoachesPortal.LogClassSection","verifyAddOnlyminsofactivity","Add Only mins of activity",""
"passed","Fri Feb 13 21:18:23 UTC 2026","Fri Feb 13 21:18:34 UTC 2026","10514","HabitNuCoachPortalSuite","HabitNuCoachesPortalRegression-PartB","CoachesPortal.OnsiteUsersListDashboard","CoachesPortal.OnsiteUsersListDashboard","case14","test1 > Given I am logged in as admin, SDOH Risk Area flag test case.","test1 > Given I am logged in as admin, SDOH Risk Area flag test case."
"passed","Fri Feb 13 21:46:33 UTC 2026","Fri Feb 13 21:47:40 UTC 2026","66370","HabitNuCoachPortalSuite","Paywal","CoachesPortal.payWall","CoachesPortal.payWall","validatePaywallPage","Navigate to Paywall and validate header tabs",""
"passed","Fri Feb 13 22:34:44 UTC 2026","Fri Feb 13 22:34:45 UTC 2026","250","HabitNuCoachPortalSuite","UserDashboard","CoachesPortal.PatientDashboard","CoachesPortal.PatientDashboard","Profile_in_Green","test18 > Given I am logged in as coach, wehn I am on Participants dashboard page, Then I should be able to see all particiapnt data on the photocard","coach login - clicking on scheduler should open the scheduler page in coaches portal"
"broken","Fri Feb 13 20:56:02 UTC 2026","Fri Feb 13 20:56:08 UTC 2026","5661","HabitNuCoachPortalSuite","HabitNuCoachesPortalRegression-PartA","CoachesPortal.LearnModule.Learn","CoachesPortal.LearnModule.Learn","checkWebAPPAfterCourseAddedByAdmin","verify on clone course page, course created by admin is available",""
"passed","Fri Feb 13 21:19:08 UTC 2026","Fri Feb 13 21:19:11 UTC 2026","3274","HabitNuCoachPortalSuite","HabitNuCoachesPortalRegression-PartB","CoachesPortal.OnsiteUsersListDashboard","CoachesPortal.OnsiteUsersListDashboard","case9","test1 > Given I am logged in as coach, Form Survey for cohort- Disability.","test1 > Given I am logged in as coach, Form Survey for cohort- Disability."
"broken","Fri Feb 13 22:40:28 UTC 2026","Fri Feb 13 22:40:48 UTC 2026","20051","HabitNuCoachPortalSuite","ParticipationsTable","CoachesPortal.participations","CoachesPortal.participations","test14_searchcohort","And user is able to search the user with cohort name",""
"passed","Fri Feb 13 22:20:53 UTC 2026","Fri Feb 13 22:20:55 UTC 2026","2293","HabitNuCoachPortalSuite","GeneralContent","CoachesPortal.generalContent_WEb_Coaches","CoachesPortal.generalContent_WEb_Coaches","RedirectToWeb","Redirecting To Web page",""
"passed","Fri Feb 13 21:38:19 UTC 2026","Fri Feb 13 21:38:45 UTC 2026","26760","HabitNuCoachPortalSuite","UserActivities","CoachesPortal.PatientDetails.UserActivitiesBloodSugar","CoachesPortal.PatientDetails.UserActivitiesBloodSugar","verifyAndAddYesterdayBloodSugar","Verify user as Ethelyn in useractivities tab and add past date blood sugar",""
"passed","Fri Feb 13 21:17:37 UTC 2026","Fri Feb 13 21:17:42 UTC 2026","5421","HabitNuCoachPortalSuite","HabitNuCoachesPortalRegression-PartB","CoachesPortal.OnsiteUsersListDashboard","CoachesPortal.OnsiteUsersListDashboard","case1","test1 > Given I am logged in as admin, Search for 'automationForLogclass' and click on users.","test1 > Given I am logged in as admin, Search for 'automationForLogclass' and click on users."
"broken","Fri Feb 13 22:17:55 UTC 2026","Fri Feb 13 22:17:55 UTC 2026","68","HabitNuCoachPortalSuite","GroupDPPClassPlanner","CoachesPortal.ClassPlanner","CoachesPortal.ClassPlanner","case30","Login to coach portal -> select the cohort -> Class planner -> Click on Edit (pencil) button -> remove the participant -> Done",""
"passed","Fri Feb 13 20:53:04 UTC 2026","Fri Feb 13 20:53:21 UTC 2026","16735","HabitNuCoachPortalSuite","HabitNuCoachesPortalRegression-PartA","CoachesPortal.LearnModule.Learn","CoachesPortal.LearnModule.Learn","verifyFromCoachesEndAfterCourseisRemoved","verify from coaches portal after course has been removed",""
"passed","Fri Feb 13 21:03:13 UTC 2026","Fri Feb 13 21:03:29 UTC 2026","15280","HabitNuCoachPortalSuite","HabitNuCoachesPortalRegression-PartA","CoachesPortal.DiscussionForumPage","CoachesPortal.DiscussionForumPage","case17","test1 > Given I am logged in as admin, I am validating Upload more than 5 files.- Error.","test1 > Given I am logged in as admin, I am validating Upload more than 5 files.- Error"
"passed","Fri Feb 13 22:48:16 UTC 2026","Fri Feb 13 22:48:20 UTC 2026","3663","HabitNuCoachPortalSuite","DifferentTypeOfDashboards","CoachesPortal.CohortLevelDashboard.DSMEDashboardCoachesPortal","CoachesPortal.CohortLevelDashboard.DSMEDashboardCoachesPortal","test11_ReferralManager_addparticipantsreferral_addnotes","And user is able to add notes in referral manager",""
"passed","Fri Feb 13 20:50:32 UTC 2026","Fri Feb 13 20:50:43 UTC 2026","10561","HabitNuCoachPortalSuite","HabitNuCoachesPortalRegression-PartA","CoachesPortal.CohortLevelDashboard.CohortLevelDashboardPage","CoachesPortal.CohortLevelDashboard.CohortLevelDashboardPage","case28","office hours attended by participants graph and tooltip extraction.",""
"passed","Fri Feb 13 22:33:50 UTC 2026","Fri Feb 13 22:33:58 UTC 2026","8193","HabitNuCoachPortalSuite","UserDashboard","CoachesPortal.PatientDashboard","CoachesPortal.PatientDashboard","patientWeeklyStatus_WEIGHTS","test2 > Given I am logged in as coach, wehn I am on adding weight from user Dashboard, Then I should be able to see added weight count==1 under patientWeeklyStatus_WEIGHTS","coach login - user/patient/partcipant dashboard validation"
"passed","Fri Feb 13 21:12:25 UTC 2026","Fri Feb 13 21:14:44 UTC 2026","138073","HabitNuCoachPortalSuite","HabitNuCoachesPortalRegression-PartA","CoachesPortal.DiscussionForumPage","CoachesPortal.DiscussionForumPage","case27","test1 > Given I am logged in as customerAdmin, I am validating add max number of pinned posts(20).","test1 > Given I am logged in as customerAdmin, I am validating add max number of pinned posts(20)."
"passed","Fri Feb 13 22:46:14 UTC 2026","Fri Feb 13 22:46:20 UTC 2026","5954","HabitNuCoachPortalSuite","DifferentTypeOfDashboards","CoachesPortal.CohortLevelDashboard.DSMEDashboardCoachesPortal","CoachesPortal.CohortLevelDashboard.DSMEDashboardCoachesPortal","test1_Navigating","Given user is navigating to coaches portal",""
"passed","Fri Feb 13 21:01:37 UTC 2026","Fri Feb 13 21:01:40 UTC 2026","3040","HabitNuCoachPortalSuite","HabitNuCoachesPortalRegression-PartA","CoachesPortal.LearnModule.CustomerAdminCourseDocument","CoachesPortal.LearnModule.CustomerAdminCourseDocument","verifyDocuentVideoEditAndSave","Video Edit and Save",""
"broken","Fri Feb 13 22:01:56 UTC 2026","Fri Feb 13 22:02:26 UTC 2026","30296","HabitNuCoachPortalSuite","HabitNuCoachesPortalRegression-PartC","CoachesPortal.PatientDetails.PatientProfilePreAuth","CoachesPortal.PatientDetails.PatientProfilePreAuth","verifyPreAuth","verify PreAuth for Ethylen",""
"passed","Fri Feb 13 22:04:42 UTC 2026","Fri Feb 13 22:04:42 UTC 2026","12","HabitNuCoachPortalSuite","ProjectPowerDashboard","CoachesPortal.ProjectPowerDashboard","CoachesPortal.ProjectPowerDashboard","verifyM3","It should display the total number of participants who have completed atleast 8 sessions",""
"passed","Fri Feb 13 21:37:49 UTC 2026","Fri Feb 13 21:38:00 UTC 2026","11049","HabitNuCoachPortalSuite","UserActivities","CoachesPortal.PatientDetails.UserActivitiesBloodSugar","CoachesPortal.PatientDetails.UserActivitiesBloodSugar","verifyBloodSugareRequired","Verify bloodsugar required",""
"passed","Fri Feb 13 21:39:46 UTC 2026","Fri Feb 13 21:39:53 UTC 2026","6999","HabitNuCoachPortalSuite","UserActivities","CoachesPortal.PatientDetails.UserActivitiesTobacco","CoachesPortal.PatientDetails.UserActivitiesTobacco","verifyAddCurrentDateBloodPressure","Verify user as Ethelyn in useractivities tab and add tobacco to current date",""
"passed","Fri Feb 13 21:41:56 UTC 2026","Fri Feb 13 21:41:56 UTC 2026","0","HabitNuCoachPortalSuite","Scheduler","CoachesPortal.Schedular","CoachesPortal.Schedular","userNoToTheMeet","test1 > Given I am logged in as admin, verify user response to meet attendance - NO","test1 > Given I am logged in as admin, verify user response to meet attendance - NO"
"passed","Fri Feb 13 21:44:36 UTC 2026","Fri Feb 13 21:44:42 UTC 2026","5838","HabitNuCoachPortalSuite","Scheduler","CoachesPortal.Schedular","CoachesPortal.Schedular","userNoToTheMeet","test1 > Given I am logged in as coach, verify user response to meet attendance - NO","test1 > Given I am logged in as coach, verify user response to meet attendance - NO"
"passed","Fri Feb 13 21:00:13 UTC 2026","Fri Feb 13 21:00:14 UTC 2026","1699","HabitNuCoachPortalSuite","HabitNuCoachesPortalRegression-PartA","CoachesPortal.LearnModule.CustomerAdminCourseDocument","CoachesPortal.LearnModule.CustomerAdminCourseDocument","verifyLinkEditAndSave","Link Edit and Save",""
"failed","Fri Feb 13 22:47:02 UTC 2026","Fri Feb 13 22:47:14 UTC 2026","11987","HabitNuCoachPortalSuite","DifferentTypeOfDashboards","CoachesPortal.CohortLevelDashboard.DSMEDashboardCoachesPortal","CoachesPortal.CohortLevelDashboard.DSMEDashboardCoachesPortal","test4_Nurture","And user is validating Nurture",""
"passed","Fri Feb 13 22:08:17 UTC 2026","Fri Feb 13 22:08:19 UTC 2026","1921","HabitNuCoachPortalSuite","LoginPageCases","CoachesPortal.LoginPageCases","CoachesPortal.LoginPageCases","testRestpasswordCase3","validate users be able to reset password, while doing so entering passwords that do not match with previous ones",""
"passed","Fri Feb 13 20:51:00 UTC 2026","Fri Feb 13 20:51:00 UTC 2026","647","HabitNuCoachPortalSuite","HabitNuCoachesPortalRegression-PartA","CoachesPortal.LearnModule.Learn","CoachesPortal.LearnModule.Learn","clickOnCourseModule","Verify CustomerAdmin can click on course",""
"passed","Fri Feb 13 22:03:59 UTC 2026","Fri Feb 13 22:04:02 UTC 2026","3082","HabitNuCoachPortalSuite","HabitNuCoachesPortalRegression-PartC","CoachesPortal.PatientDetails.PatientProfilePayerType","CoachesPortal.PatientDetails.PatientProfilePayerType","deletePayerTypes","verify PayerType can be deleted",""
"passed","Fri Feb 13 21:03:38 UTC 2026","Fri Feb 13 21:03:40 UTC 2026","2105","HabitNuCoachPortalSuite","HabitNuCoachesPortalRegression-PartA","CoachesPortal.DiscussionForumPage","CoachesPortal.DiscussionForumPage","case23","test1 > Given I am logged in as admin, I am validating Click Delete - Cancel","test1 > Given I am logged in as admin, I am validating Click Delete - Cancel"
"passed","Fri Feb 13 22:29:54 UTC 2026","Fri Feb 13 22:30:01 UTC 2026","6907","HabitNuCoachPortalSuite","UserDashboard","CoachesPortal.PatientDashboard","CoachesPortal.PatientDashboard","bloodSugarHistory","test6 > Given I am logged in as admin, wehn I am on adding bloodsugar from user Dashboard, Then I should be able to see added bloodsugar on bloodSugarHistory graph","admin login - user/patient/partcipant dashboard validation"
"passed","Fri Feb 13 22:04:47 UTC 2026","Fri Feb 13 22:04:49 UTC 2026","1928","HabitNuCoachPortalSuite","ProjectPowerDashboard","CoachesPortal.ProjectPowerDashboard","CoachesPortal.ProjectPowerDashboard","verifyM1GraphwithfilterAs3months","verifyM1GraphwithfilterAs3months",""
"failed","Fri Feb 13 22:43:52 UTC 2026","Fri Feb 13 22:43:52 UTC 2026","756","HabitNuCoachPortalSuite","DifferentTypeOfDashboards","CoachesPortal.CohortLevelDashboard.OnsiteCohortDashboard","CoachesPortal.CohortLevelDashboard.OnsiteCohortDashboard","case5","test1 > Given I am logged in as coach, I am validating onsite cohort 'Weight Loss By Participants validation on graph with 'Added by coach' option","test1 > Given I am logged in as coach, I am validating onsite cohort 'Weight Loss By Participants validation on graph with 'Added by coach' option"
"passed","Fri Feb 13 22:03:54 UTC 2026","Fri Feb 13 22:03:59 UTC 2026","5774","HabitNuCoachPortalSuite","HabitNuCoachesPortalRegression-PartC","CoachesPortal.PatientDetails.PatientProfilePayerType","CoachesPortal.PatientDetails.PatientProfilePayerType","editPayerType_click_Cancel","edit PayerType for Ethylen, but click on cancel button rather update button",""
"failed","Fri Feb 13 21:39:35 UTC 2026","Fri Feb 13 21:39:46 UTC 2026","10481","HabitNuCoachPortalSuite","UserActivities","CoachesPortal.PatientDetails.UserActivitiesBloodSugar","CoachesPortal.PatientDetails.UserActivitiesBloodSugar","verifyUserData_on_coachesPortal","Verify user data added on web on coaches portal",""
"passed","Fri Feb 13 21:26:06 UTC 2026","Fri Feb 13 21:26:06 UTC 2026","56","HabitNuCoachPortalSuite","HabitNuCoachesPortalRegression-PartB","CoachesPortal.PatientDetails.PatientProfileDemographic","CoachesPortal.PatientDetails.PatientProfileDemographic","verifyContactDetails","test1 > Given I am logged in as coach, verifyContactDetails","test1 > Given I am logged in as coach, verifyContactDetails"
"broken","Fri Feb 13 22:15:55 UTC 2026","Fri Feb 13 22:15:55 UTC 2026","81","HabitNuCoachPortalSuite","GroupDPPClassPlanner","CoachesPortal.ClassPlanner","CoachesPortal.ClassPlanner","case25","Edit (lock)button of class planner in cohort by adding new card",""
"passed","Fri Feb 13 22:21:28 UTC 2026","Fri Feb 13 22:21:31 UTC 2026","3184","HabitNuCoachPortalSuite","GeneralContent","CoachesPortal.generalContent_WEb_Coaches","CoachesPortal.generalContent_WEb_Coaches","validateDeleteinWeb","Validate Delete in Web Main Page",""
"passed","Fri Feb 13 22:04:42 UTC 2026","Fri Feb 13 22:04:42 UTC 2026","16","HabitNuCoachPortalSuite","ProjectPowerDashboard","CoachesPortal.ProjectPowerDashboard","CoachesPortal.ProjectPowerDashboard","verifyLEADS","go to coaches portal - Project Power-verify Leads",""
"passed","Fri Feb 13 21:22:29 UTC 2026","Fri Feb 13 21:22:40 UTC 2026","11099","HabitNuCoachPortalSuite","HabitNuCoachesPortalRegression-PartB","CoachesPortal.OnsiteUsersListDashboard","CoachesPortal.OnsiteUsersListDashboard","case57","test1 > Given I am logged in as customerAdmin, verify milestonecolor==green when user completes registration banner","test1 > Given I am logged in as customerAdmin, verify milestonecolor==green when user completes registration banner"
"passed","Fri Feb 13 22:38:17 UTC 2026","Fri Feb 13 22:38:17 UTC 2026","549","HabitNuCoachPortalSuite","FeatureFlags","CoachesPortal.FeatureFlags","CoachesPortal.FeatureFlags","test22_deleteuser","delete rule",""
"passed","Fri Feb 13 21:06:14 UTC 2026","Fri Feb 13 21:06:15 UTC 2026","270","HabitNuCoachPortalSuite","HabitNuCoachesPortalRegression-PartA","CoachesPortal.DiscussionForumPage","CoachesPortal.DiscussionForumPage","case6","test1 > Given I am logged in as coach, I am validating Mandatory fields input test case with Subject only..","test1 > Given I am logged in as coach, I am validating Mandatory fields input test case with Subject only."
"passed","Fri Feb 13 20:52:52 UTC 2026","Fri Feb 13 20:52:55 UTC 2026","3079","HabitNuCoachPortalSuite","HabitNuCoachesPortalRegression-PartA","CoachesPortal.LearnModule.Learn","CoachesPortal.LearnModule.Learn","removeCourseFromTheCohort","remove course from the cohort",""
"passed","Fri Feb 13 22:09:37 UTC 2026","Fri Feb 13 22:09:46 UTC 2026","9547","HabitNuCoachPortalSuite","LogClassSession","CoachesPortal.LogClassSection","CoachesPortal.LogClassSection","verifyNegativeValueinWeightNotAllowed","Negative Value in weight not allowed",""
"passed","Fri Feb 13 22:04:42 UTC 2026","Fri Feb 13 22:04:42 UTC 2026","11","HabitNuCoachPortalSuite","ProjectPowerDashboard","CoachesPortal.ProjectPowerDashboard","CoachesPortal.ProjectPowerDashboard","verifyACTIVE_IN_PHASE_1","go to coaches portal - Project Power-verify ACTIVE IN PHASE 1 users",""
"passed","Fri Feb 13 22:38:25 UTC 2026","Fri Feb 13 22:38:26 UTC 2026","1060","HabitNuCoachPortalSuite","ParticipationsTable","CoachesPortal.participations","CoachesPortal.participations","test3_validatingadmin","When user is validating to Admin section ",""
"passed","Fri Feb 13 20:50:51 UTC 2026","Fri Feb 13 20:50:53 UTC 2026","2194","HabitNuCoachPortalSuite","HabitNuCoachesPortalRegression-PartA","CoachesPortal.CohortLevelDashboard.CohortLevelDashboardPage","CoachesPortal.CohortLevelDashboard.CohortLevelDashboardPage","case32","Racial Breakdown graph- tooltip extraction.",""
"broken","Fri Feb 13 21:20:35 UTC 2026","Fri Feb 13 21:20:36 UTC 2026","1177","HabitNuCoachPortalSuite","HabitNuCoachesPortalRegression-PartB","CoachesPortal.OnsiteUsersListDashboard","CoachesPortal.OnsiteUsersListDashboard","case40","test1 > Given I am logged in as customerAdmin, sorting users table with 'Name' in asc order","test1 > Given I am logged in as customerAdmin, sorting users table with 'Name' in asc order"
"broken","Fri Feb 13 22:35:26 UTC 2026","Fri Feb 13 22:35:32 UTC 2026","6689","HabitNuCoachPortalSuite","FeatureFlags","CoachesPortal.FeatureFlags","CoachesPortal.FeatureFlags","test11_addrulesforuser","And user is able to add the rule for user level",""
"passed","Fri Feb 13 22:24:18 UTC 2026","Fri Feb 13 22:24:24 UTC 2026","6188","HabitNuCoachPortalSuite","Milestones","CoachesPortal.BPSMMilestone","CoachesPortal.BPSMMilestone","test1_navigatingcoach","Given user is navigating to coaches portal",""
"passed","Fri Feb 13 21:31:44 UTC 2026","Fri Feb 13 21:31:54 UTC 2026","9906","HabitNuCoachPortalSuite","HabitNuCoachesPortalRegression-PartB","CoachesPortal.PatientDetails.PatientProfileDemographic","CoachesPortal.PatientDetails.PatientProfileDemographic","updateDisenrollmentDetails_with_onlyDisenrolledDateData","test1 > Given I am logged in as customer admin, try updating DisenrollmentDetails with only diseenrolledDate data","test1 > Given I am logged in as customer admin, try updating DisenrollmentDetails with only diseenrolledDate data"
"passed","Fri Feb 13 20:53:21 UTC 2026","Fri Feb 13 20:53:26 UTC 2026","4491","HabitNuCoachPortalSuite","HabitNuCoachesPortalRegression-PartA","CoachesPortal.LearnModule.Learn","CoachesPortal.LearnModule.Learn","nocourseconfiguredfortheprogram","No course configured for the program.",""
"passed","Fri Feb 13 21:18:48 UTC 2026","Fri Feb 13 21:18:48 UTC 2026","93","HabitNuCoachPortalSuite","HabitNuCoachesPortalRegression-PartB","CoachesPortal.OnsiteUsersListDashboard","CoachesPortal.OnsiteUsersListDashboard","case22","test1 > Given I am logged in as admin, Actions- Request form survey and Reset password should be displayed.","test1 > Given I am logged in as admin, Actions- Request form survey and Reset password should be displayed."
"passed","Fri Feb 13 21:41:56 UTC 2026","Fri Feb 13 21:41:56 UTC 2026","1","HabitNuCoachPortalSuite","Scheduler","CoachesPortal.Schedular","CoachesPortal.Schedular","validateInteractionEntries_Interaction_Type","test1 > Given I am logged in as admin, verify group interaction entries are made automatically when meet is attended for min of 1min > Validating field==Interaction_Typ","test1 > Given I am logged in as admin, verify group interaction entries are made automatically when meet is attended for min of 1min > Validating field==Interaction_Typ"
"passed","Fri Feb 13 22:20:55 UTC 2026","Fri Feb 13 22:21:01 UTC 2026","6233","HabitNuCoachPortalSuite","GeneralContent","CoachesPortal.generalContent_WEb_Coaches","CoachesPortal.generalContent_WEb_Coaches","case10","Main Page",""
"passed","Fri Feb 13 22:37:08 UTC 2026","Fri Feb 13 22:37:08 UTC 2026","552","HabitNuCoachPortalSuite","FeatureFlags","CoachesPortal.FeatureFlags","CoachesPortal.FeatureFlags","test16_deleteuser","delete rule",""
"passed","Fri Feb 13 21:54:29 UTC 2026","Fri Feb 13 21:54:29 UTC 2026","808","HabitNuCoachPortalSuite","Paywal","CoachesPortal.payWall","CoachesPortal.payWall","testViewTransactionDetails","COP-T401: View transaction details",""
"passed","Fri Feb 13 21:54:23 UTC 2026","Fri Feb 13 21:54:27 UTC 2026","3761","HabitNuCoachPortalSuite","Paywal","CoachesPortal.payWall","CoachesPortal.payWall","testFilterSubscriptions","COP-T397–399: Validate subscription filters",""
"passed","Fri Feb 13 22:12:20 UTC 2026","Fri Feb 13 22:12:22 UTC 2026","1173","HabitNuCoachPortalSuite","GroupDPPClassPlanner","CoachesPortal.ClassPlanner","CoachesPortal.ClassPlanner","case9","Create the APP LINK cards under the list",""
"passed","Fri Feb 13 21:00:05 UTC 2026","Fri Feb 13 21:00:05 UTC 2026","246","HabitNuCoachPortalSuite","HabitNuCoachesPortalRegression-PartA","CoachesPortal.LearnModule.CustomerAdminCourseDocument","CoachesPortal.LearnModule.CustomerAdminCourseDocument","verifyOpeningCustAdminCourseDocument","Verify Opening Customer Admin Should have CourseDocument",""
"passed","Fri Feb 13 22:04:42 UTC 2026","Fri Feb 13 22:04:42 UTC 2026","11","HabitNuCoachPortalSuite","ProjectPowerDashboard","CoachesPortal.ProjectPowerDashboard","CoachesPortal.ProjectPowerDashboard","verifyUNCONFIRMED","go to coaches portal - Project Power-verify UNCONFIRMED users",""
"broken","Fri Feb 13 22:39:27 UTC 2026","Fri Feb 13 22:39:27 UTC 2026","49","HabitNuCoachPortalSuite","ParticipationsTable","CoachesPortal.participations","CoachesPortal.participations","test10_Validating_viewhistory_with_cohort","And user is validating view history with cohort",""
"broken","Fri Feb 13 22:38:27 UTC 2026","Fri Feb 13 22:38:47 UTC 2026","20025","HabitNuCoachPortalSuite","ParticipationsTable","CoachesPortal.participations","CoachesPortal.participations","test6_validatingparticipations","And user is validating paricipations section",""
"broken","Fri Feb 13 20:49:58 UTC 2026","Fri Feb 13 20:50:09 UTC 2026","10544","HabitNuCoachPortalSuite","HabitNuCoachesPortalRegression-PartA","CoachesPortal.CohortLevelDashboard.CohortLevelDashboardPage","CoachesPortal.CohortLevelDashboard.CohortLevelDashboardPage","case21","Demographics page- Ethinicity, Payer type and Racial Breakdown should be displayed.",""
"passed","Fri Feb 13 22:08:32 UTC 2026","Fri Feb 13 22:08:32 UTC 2026","122","HabitNuCoachPortalSuite","LoginPageCases","CoachesPortal.LoginPageCases","CoachesPortal.LoginPageCases","case17","Coaches Portal Login URL -> Click on terms of use",""
"passed","Fri Feb 13 22:08:50 UTC 2026","Fri Feb 13 22:08:55 UTC 2026","5362","HabitNuCoachPortalSuite","LogClassSession","CoachesPortal.LogClassSection","CoachesPortal.LogClassSection","verifySearchPatientByName","Search Participant By Name",""
"broken","Fri Feb 13 22:39:27 UTC 2026","Fri Feb 13 22:39:27 UTC 2026","49","HabitNuCoachPortalSuite","ParticipationsTable","CoachesPortal.participations","CoachesPortal.participations","test9_Validating_viewhistory_without_cohort","And user is validating view history without cohort",""
"broken","Fri Feb 13 21:10:19 UTC 2026","Fri Feb 13 21:10:40 UTC 2026","20111","HabitNuCoachPortalSuite","HabitNuCoachesPortalRegression-PartA","CoachesPortal.DiscussionForumPage","CoachesPortal.DiscussionForumPage","case1","test1 > Given I am logged in as customerAdmin, I am validating Coaches - Discussions module","test1 > Given I am logged in as customerAdmin, I am validating - Discussions module"
"passed","Fri Feb 13 22:46:12 UTC 2026","Fri Feb 13 22:46:12 UTC 2026","26","HabitNuCoachPortalSuite","DifferentTypeOfDashboards","CoachesPortal.CohortLevelDashboard.OnsiteCohortDashboard","CoachesPortal.CohortLevelDashboard.OnsiteCohortDashboard","coachName","test1 > Given I am logged in as customer admin, I am validating onsite cohort 'dashboard-card=coachName","test1 > Given I am logged in as customer admin, I am validating onsite cohort 'dashboard-card=coachName"
"broken","Fri Feb 13 21:21:15 UTC 2026","Fri Feb 13 21:21:16 UTC 2026","1175","HabitNuCoachPortalSuite","HabitNuCoachesPortalRegression-PartB","CoachesPortal.OnsiteUsersListDashboard","CoachesPortal.OnsiteUsersListDashboard","case49","test1 > Given I am logged in as customerAdmin, enroll user but click - YES","test1 > Given I am logged in as customerAdmin, enroll user but click - YES"
"passed","Fri Feb 13 20:50:09 UTC 2026","Fri Feb 13 20:50:16 UTC 2026","6729","HabitNuCoachPortalSuite","HabitNuCoachesPortalRegression-PartA","CoachesPortal.CohortLevelDashboard.CohortLevelDashboardPage","CoachesPortal.CohortLevelDashboard.CohortLevelDashboardPage","case22","Session Attendance.",""
"passed","Fri Feb 13 21:02:08 UTC 2026","Fri Feb 13 21:02:10 UTC 2026","1213","HabitNuCoachPortalSuite","HabitNuCoachesPortalRegression-PartA","CoachesPortal.DiscussionForumPage","CoachesPortal.DiscussionForumPage","case10","test1 > Given I am logged in as admin, I am validating post comment-success.","test1 > Given I am logged in as admin, I am validating post comment-success."
"passed","Fri Feb 13 20:50:58 UTC 2026","Fri Feb 13 20:50:58 UTC 2026","231","HabitNuCoachPortalSuite","HabitNuCoachesPortalRegression-PartA","CoachesPortal.CohortLevelDashboard.CohortLevelDashboardPage","CoachesPortal.CohortLevelDashboard.CohortLevelDashboardPage","case34","Extracting values of Registered, In cohort, pending users,active users,disenrolled,male/felmale.",""
"broken","Fri Feb 13 22:13:52 UTC 2026","Fri Feb 13 22:14:54 UTC 2026","62588","HabitNuCoachPortalSuite","GroupDPPClassPlanner","CoachesPortal.ClassPlanner","CoachesPortal.ClassPlanner","case23","Login to coach portal -> select the cohort -> Class planner -> Activate class planner ",""
"passed","Fri Feb 13 21:54:38 UTC 2026","Fri Feb 13 21:54:40 UTC 2026","1775","HabitNuCoachPortalSuite","Paywal","CoachesPortal.payWall","CoachesPortal.payWall","testFilterTransactions","COP-T400: Validate all transaction filters",""
"broken","Fri Feb 13 21:19:59 UTC 2026","Fri Feb 13 21:19:59 UTC 2026","530","HabitNuCoachPortalSuite","HabitNuCoachesPortalRegression-PartB","CoachesPortal.OnsiteUsersListDashboard","CoachesPortal.OnsiteUsersListDashboard","case32","test1 > Given I am logged in as customerAdmin, validate userList as customerAdmin-Add Cohort for a user- Add scenario.","test1 > Given I am logged in as customerAdmin, validate userList as customerAdmin-Add Cohort for a user- Add scenario."
"passed","Fri Feb 13 21:00:49 UTC 2026","Fri Feb 13 21:00:49 UTC 2026","376","HabitNuCoachPortalSuite","HabitNuCoachesPortalRegression-PartA","CoachesPortal.LearnModule.CustomerAdminCourseDocument","CoachesPortal.LearnModule.CustomerAdminCourseDocument","verifyDocumentEditAndClose","Document Edit and Close",""
"broken","Fri Feb 13 21:22:47 UTC 2026","Fri Feb 13 21:22:51 UTC 2026","4078","HabitNuCoachPortalSuite","HabitNuCoachesPortalRegression-PartB","CoachesPortal.OnsiteUsersListDashboard","CoachesPortal.OnsiteUsersListDashboard","verifyConfirmed_By_CoachNo","test1 > Given I am logged in as customerAdmin, verifyConfirmed_By_Coach is updated to TRUE when coach update to No from user profile","test1 > Given I am logged in as customerAdmin, verifyConfirmed_By_Coach is updated to TRUE when coach update to No from user profile"
"passed","Fri Feb 13 21:01:28 UTC 2026","Fri Feb 13 21:01:37 UTC 2026","9086","HabitNuCoachPortalSuite","HabitNuCoachesPortalRegression-PartA","CoachesPortal.LearnModule.CustomerAdminCourseDocument","CoachesPortal.LearnModule.CustomerAdminCourseDocument","verifyAddValidUploadVideoRequired","Add Valid upload Video Required",""
"passed","Fri Feb 13 21:54:34 UTC 2026","Fri Feb 13 21:54:35 UTC 2026","933","HabitNuCoachPortalSuite","Paywal","CoachesPortal.payWall","CoachesPortal.payWall","testFilterTransactions","COP-T400: Validate all transaction filters",""
"passed","Fri Feb 13 21:02:43 UTC 2026","Fri Feb 13 21:03:08 UTC 2026","25268","HabitNuCoachPortalSuite","HabitNuCoachesPortalRegression-PartA","CoachesPortal.DiscussionForumPage","CoachesPortal.DiscussionForumPage","case15","test1 > Given I am logged in as admin, I am validating upload upto 5 files.","test1 > Given I am logged in as admin, I am validating upload upto 5 files. "
"passed","Fri Feb 13 21:00:49 UTC 2026","Fri Feb 13 21:00:53 UTC 2026","3571","HabitNuCoachPortalSuite","HabitNuCoachesPortalRegression-PartA","CoachesPortal.LearnModule.CustomerAdminCourseDocument","CoachesPortal.LearnModule.CustomerAdminCourseDocument","verifyDocumentPublishCancelAndConfirm","Document Publish Cancel And Confirm",""
"passed","Fri Feb 13 20:53:26 UTC 2026","Fri Feb 13 20:53:42 UTC 2026","16105","HabitNuCoachPortalSuite","HabitNuCoachesPortalRegression-PartA","CoachesPortal.LearnModule.Learn","CoachesPortal.LearnModule.Learn","loginAsAdmin","No course configured for the program.",""
"passed","Fri Feb 13 22:29:40 UTC 2026","Fri Feb 13 22:29:47 UTC 2026","6532","HabitNuCoachPortalSuite","UserDashboard","CoachesPortal.PatientDashboard","CoachesPortal.PatientDashboard","goToUserDashboard","test1 > Given I am logged in as admin, wehn I click on Participants module, Then I should be taken to users/participants list page, when I click on a user, Then I should be taken to user dashboard","admin login - clicking on scheduler should open the scheduler page in coaches portal"
"passed","Fri Feb 13 22:25:28 UTC 2026","Fri Feb 13 22:25:36 UTC 2026","8310","HabitNuCoachPortalSuite","Milestones","CoachesPortal.VAMilestone","CoachesPortal.VAMilestone","test5_navigating_VAmilestone","And user is navigating to VA_Milestone",""
"passed","Fri Feb 13 21:18:48 UTC 2026","Fri Feb 13 21:18:49 UTC 2026","607","HabitNuCoachPortalSuite","HabitNuCoachesPortalRegression-PartB","CoachesPortal.OnsiteUsersListDashboard","CoachesPortal.OnsiteUsersListDashboard","case23","test1 > Given I am logged in as admin, Action- Request Form Survey.","test1 > Given I am logged in as admin, Action- Request Form Survey."
"passed","Fri Feb 13 22:08:23 UTC 2026","Fri Feb 13 22:08:24 UTC 2026","158","HabitNuCoachPortalSuite","LoginPageCases","CoachesPortal.LoginPageCases","CoachesPortal.LoginPageCases","testLoginWithValidEmailAndEmptyPassword","try login with valid email and empty password",""
"passed","Fri Feb 13 21:02:07 UTC 2026","Fri Feb 13 21:02:08 UTC 2026","1146","HabitNuCoachPortalSuite","HabitNuCoachesPortalRegression-PartA","CoachesPortal.DiscussionForumPage","CoachesPortal.DiscussionForumPage","case9","test1 > Given I am logged in as admin, I am validating Post empty comment- error message.","test1 > Given I am logged in as admin, I am validating Post empty comment- error message."
"passed","Fri Feb 13 22:08:48 UTC 2026","Fri Feb 13 22:08:49 UTC 2026","106","HabitNuCoachPortalSuite","LogClassSession","CoachesPortal.LogClassSection","CoachesPortal.LogClassSection","verifyLogClassSectionWithPatientFields","Verify Log Class Section With Patient all fields",""
"broken","Fri Feb 13 22:12:49 UTC 2026","Fri Feb 13 22:13:52 UTC 2026","62398","HabitNuCoachPortalSuite","GroupDPPClassPlanner","CoachesPortal.ClassPlanner","CoachesPortal.ClassPlanner","case22","Activate the class planner - It should activate the class planner",""
"passed","Fri Feb 13 22:24:34 UTC 2026","Fri Feb 13 22:24:36 UTC 2026","2323","HabitNuCoachPortalSuite","Milestones","CoachesPortal.BPSMMilestone","CoachesPortal.BPSMMilestone","test9_validating_BPSMHeaders_data","And user is validating to BPSmHeaders data by clicking arrow button",""
"passed","Fri Feb 13 22:37:30 UTC 2026","Fri Feb 13 22:37:31 UTC 2026","555","HabitNuCoachPortalSuite","FeatureFlags","CoachesPortal.FeatureFlags","CoachesPortal.FeatureFlags","test18_deleteuser","delete rule",""
"broken","Fri Feb 13 21:46:05 UTC 2026","Fri Feb 13 21:46:05 UTC 2026","109","HabitNuCoachPortalSuite","Scheduler","CoachesPortal.Schedular","CoachesPortal.Schedular","validateInteractionEntries_UpdatedAt","test1 > Given I am logged in as coach, verify group interaction entries are made automatically when meet is attended for min of 1min > Validating field==UpdatedAt","test1 > Given I am logged in as coach, verify group interaction entries are made automatically when meet is attended for min of 1min > Validating field==UpdatedAt"
"passed","Fri Feb 13 22:26:22 UTC 2026","Fri Feb 13 22:26:32 UTC 2026","10523","HabitNuCoachPortalSuite","Milestones","CoachesPortal.VAMilestone","CoachesPortal.VAMilestone","test13_validating_VAHeaders_data","And user is validating to VAHeaders data by clicking arrow button",""
"passed","Fri Feb 13 21:33:14 UTC 2026","Fri Feb 13 21:33:16 UTC 2026","2265","HabitNuCoachPortalSuite","HabitNuCoachesPortalRegression-PartB","CoachesPortal.PatientDetails.PatientProfileDemographic","CoachesPortal.PatientDetails.PatientProfileDemographic","updateAndVerifyBaselineHealthData","test1 > Given I am logged in as customer admin, updateAndVerifyBaselineHealthData","test1 > Given I am logged in as customer admin, updateAndVerifyBaselineHealthData"
"passed","Fri Feb 13 21:00:33 UTC 2026","Fri Feb 13 21:00:37 UTC 2026","4073","HabitNuCoachPortalSuite","HabitNuCoachesPortalRegression-PartA","CoachesPortal.LearnModule.CustomerAdminCourseDocument","CoachesPortal.LearnModule.CustomerAdminCourseDocument","verifyAddDocumentTitleRequired","Add Title Required",""
"passed","Fri Feb 13 22:35:24 UTC 2026","Fri Feb 13 22:35:24 UTC 2026","624","HabitNuCoachPortalSuite","FeatureFlags","CoachesPortal.FeatureFlags","CoachesPortal.FeatureFlags","test8_validatingflag","And user is able to view the flag details",""
"failed","Fri Feb 13 22:06:17 UTC 2026","Fri Feb 13 22:06:27 UTC 2026","10598","HabitNuCoachPortalSuite","ProjectPowerDashboard","CoachesPortal.ProjectPowerDashboard","CoachesPortal.ProjectPowerDashboard","verifyADAMilestoneFor12Months","All cohort dashboard for project power - ADA milestone trend - 12months",""
"broken","Fri Feb 13 22:38:47 UTC 2026","Fri Feb 13 22:39:07 UTC 2026","20096","HabitNuCoachPortalSuite","ParticipationsTable","CoachesPortal.participations","CoachesPortal.participations","tes7_validatingparticipations_columns","And user is validating paricipations columns section",""
"passed","Fri Feb 13 21:01:19 UTC 2026","Fri Feb 13 21:01:28 UTC 2026","8535","HabitNuCoachPortalSuite","HabitNuCoachesPortalRegression-PartA","CoachesPortal.LearnModule.CustomerAdminCourseDocument","CoachesPortal.LearnModule.CustomerAdminCourseDocument","verifyAddVideoTitleRequired","Add Title Required",""
"passed","Fri Feb 13 21:03:30 UTC 2026","Fri Feb 13 21:03:31 UTC 2026","1320","HabitNuCoachPortalSuite","HabitNuCoachesPortalRegression-PartA","CoachesPortal.DiscussionForumPage","CoachesPortal.DiscussionForumPage","case19","test1 > Given I am logged in as admin, I am validating Edit Post- Description only- Success","test1 > Given I am logged in as admin, I am validating Edit Post- Description only- Success"
"passed","Fri Feb 13 21:15:08 UTC 2026","Fri Feb 13 21:15:09 UTC 2026","1211","HabitNuCoachPortalSuite","HabitNuCoachesPortalRegression-PartA","CoachesPortal.DirectMessage","CoachesPortal.DirectMessage","searchParticipantByEmail_who_is_notPartOfthisCohort","Search participant by email who is not part of this cohort",""
"failed","Fri Feb 13 22:41:21 UTC 2026","Fri Feb 13 22:41:34 UTC 2026","12859","HabitNuCoachPortalSuite","DifferentTypeOfDashboards","CoachesPortal.CohortLevelDashboard.OnlineCohortDashboard","CoachesPortal.CohortLevelDashboard.OnlineCohortDashboard","fivePercentWeightLossCard_forUserWeight","test1 > Given I am logged in as coach, I am validating online cohort 'dashboard-card=fivePercentWeightLossCardCount, when user adds weight","test1 > Given I am logged in as coach, I am validating online cohort 'dashboard-card=fivePercentWeightLossCardCount, when user adds weight"
"passed","Fri Feb 13 20:59:55 UTC 2026","Fri Feb 13 20:59:55 UTC 2026","179","HabitNuCoachPortalSuite","HabitNuCoachesPortalRegression-PartA","CoachesPortal.LearnModule.Learn","CoachesPortal.LearnModule.Learn","editByDisablingDeliveryMode","verify 'Please enable atleast one delivery mode.'",""
"passed","Fri Feb 13 21:54:17 UTC 2026","Fri Feb 13 21:54:20 UTC 2026","3143","HabitNuCoachPortalSuite","Paywal","CoachesPortal.payWall","CoachesPortal.payWall","testFilterSubscriptions","COP-T397–399: Validate subscription filters",""
"passed","Fri Feb 13 21:02:10 UTC 2026","Fri Feb 13 21:02:19 UTC 2026","9125","HabitNuCoachPortalSuite","HabitNuCoachesPortalRegression-PartA","CoachesPortal.DiscussionForumPage","CoachesPortal.DiscussionForumPage","case11","test1 > Given I am logged in as admin, I am validating File upload- error","test1 > Given I am logged in as admin, I am validating File upload- error"
"passed","Fri Feb 13 22:07:53 UTC 2026","Fri Feb 13 22:07:53 UTC 2026","165","HabitNuCoachPortalSuite","ProjectPowerDashboard","CoachesPortal.ProjectPowerDashboard","CoachesPortal.ProjectPowerDashboard","verifyDemographicsRacialDistribution","Demographics page - RacialDistribution",""
"passed","Fri Feb 13 21:00:14 UTC 2026","Fri Feb 13 21:00:16 UTC 2026","1633","HabitNuCoachPortalSuite","HabitNuCoachesPortalRegression-PartA","CoachesPortal.LearnModule.CustomerAdminCourseDocument","CoachesPortal.LearnModule.CustomerAdminCourseDocument","verifyLinkEditAndClose","Link Edit and Close",""
"passed","Fri Feb 13 21:33:14 UTC 2026","Fri Feb 13 21:33:14 UTC 2026","42","HabitNuCoachPortalSuite","HabitNuCoachesPortalRegression-PartB","CoachesPortal.PatientDetails.PatientProfileDemographic","CoachesPortal.PatientDetails.PatientProfileDemographic","verifyBaselineHealthData","test1 > Given I am logged in as customer admin, verifyBaselineHealthData","test1 > Given I am logged in as customer admin, verifyBaselineHealthData"
"failed","Fri Feb 13 21:15:00 UTC 2026","Fri Feb 13 21:15:00 UTC 2026","234","HabitNuCoachPortalSuite","HabitNuCoachesPortalRegression-PartA","CoachesPortal.DirectMessage","CoachesPortal.DirectMessage","verify_emptyChatlist_state","No messages are sent or received",""
"passed","Fri Feb 13 21:36:53 UTC 2026","Fri Feb 13 21:36:58 UTC 2026","4654","HabitNuCoachPortalSuite","UserActivities","CoachesPortal.PatientDetails.UserActivitiesBloodPressure","CoachesPortal.PatientDetails.UserActivitiesBloodPressure","verifyYesterdayBPDataInCoachesPortal","Add yesterday date blood pressure",""
"broken","Fri Feb 13 21:48:50 UTC 2026","Fri Feb 13 21:49:50 UTC 2026","60704","HabitNuCoachPortalSuite","Paywal","CoachesPortal.payWall","CoachesPortal.payWall","testVerifySyncStatusIsDisplayedOnPlanDetails","COP-T391: Verify Sync Status is displayed on the Plan Details page",""
"failed","Fri Feb 13 22:53:23 UTC 2026","Fri Feb 13 22:53:40 UTC 2026","16834","HabitNuCoachPortalSuite","DifferentTypeOfDashboards","CoachesPortal.CohortLevelDashboard.ParticipantsProgressTracker","CoachesPortal.CohortLevelDashboard.ParticipantsProgressTracker","test10_Createmeeting","And User is able to navigating to schedular and creating a meeting",""
"passed","Fri Feb 13 21:00:05 UTC 2026","Fri Feb 13 21:00:06 UTC 2026","831","HabitNuCoachPortalSuite","HabitNuCoachesPortalRegression-PartA","CoachesPortal.LearnModule.CustomerAdminCourseDocument","CoachesPortal.LearnModule.CustomerAdminCourseDocument","verifyopenAndCloseDocument","Verify open and close new document",""
"passed","Fri Feb 13 22:08:46 UTC 2026","Fri Feb 13 22:08:47 UTC 2026","1259","HabitNuCoachPortalSuite","LogClassSession","CoachesPortal.LogClassSection","CoachesPortal.LogClassSection","validateLogClassSession_Non_Availibility_forDSME","Verify Log Class Section is unavailable for programDeliveryType==Onsite and programType == DSME ",""
"passed","Fri Feb 13 22:07:53 UTC 2026","Fri Feb 13 22:07:53 UTC 2026","19","HabitNuCoachPortalSuite","ProjectPowerDashboard","CoachesPortal.ProjectPowerDashboard","CoachesPortal.ProjectPowerDashboard","verifyDemographicsReferralSource","Demographics page - Referral Source",""
"passed","Fri Feb 13 20:47:48 UTC 2026","Fri Feb 13 20:47:48 UTC 2026","187","HabitNuCoachPortalSuite","HabitNuCoachesPortalRegression-PartA","CoachesPortal.CohortLevelDashboard.CohortLevelDashboardPage","CoachesPortal.CohortLevelDashboard.CohortLevelDashboardPage","case6","Weekly Engagement Should be displayed.",""
"broken","Fri Feb 13 21:19:59 UTC 2026","Fri Feb 13 21:20:30 UTC 2026","30343","HabitNuCoachPortalSuite","HabitNuCoachesPortalRegression-PartB","CoachesPortal.OnsiteUsersListDashboard","CoachesPortal.OnsiteUsersListDashboard","case33","test1 > Given I am logged in as customerAdmin, validate userList as customerAdmin-Move a user from one cohort to another- cancel scenario.","test1 > Given I am logged in as customerAdmin, validate userList as customerAdmin-Move a user from one cohort to another- cancel scenario."
"passed","Fri Feb 13 22:04:42 UTC 2026","Fri Feb 13 22:04:42 UTC 2026","11","HabitNuCoachPortalSuite","ProjectPowerDashboard","CoachesPortal.ProjectPowerDashboard","CoachesPortal.ProjectPowerDashboard","verifyACTIVE_IN_PHASE_2","go to coaches portal - Project Power-verify ACTIVE IN PHASE 2 users",""
"passed","Fri Feb 13 22:26:58 UTC 2026","Fri Feb 13 22:27:09 UTC 2026","10484","HabitNuCoachPortalSuite","Milestones","CoachesPortal.VAMilestone","CoachesPortal.VAMilestone","test19_validating_VAHeaders_data","And user is validating to VAHeaders data by clicking arrow button",""
"passed","Fri Feb 13 21:54:29 UTC 2026","Fri Feb 13 21:54:31 UTC 2026","2112","HabitNuCoachPortalSuite","Paywal","CoachesPortal.payWall","CoachesPortal.payWall","testFilterTransactions","COP-T400: Validate all transaction filters",""
"passed","Fri Feb 13 21:30:24 UTC 2026","Fri Feb 13 21:30:25 UTC 2026","1056","HabitNuCoachPortalSuite","HabitNuCoachesPortalRegression-PartB","CoachesPortal.PatientDetails.PatientProfileDemographic","CoachesPortal.PatientDetails.PatientProfileDemographic","editverifyProgramDetailsWithIsActive","test1 > Given I am logged in as customer admin, verify cancel and update buttons are present for program details","test1 > Given I am logged in as customer admin, verify cancel and update buttons are present for program details"
"passed","Fri Feb 13 22:08:55 UTC 2026","Fri Feb 13 22:09:00 UTC 2026","4357","HabitNuCoachPortalSuite","LogClassSession","CoachesPortal.LogClassSection","CoachesPortal.LogClassSection","verifySearchPatientById","Search Participant By ID",""
"passed","Fri Feb 13 21:41:56 UTC 2026","Fri Feb 13 21:41:56 UTC 2026","0","HabitNuCoachPortalSuite","Scheduler","CoachesPortal.Schedular","CoachesPortal.Schedular","validateInteractionEntries_Duration","test1 > Given I am logged in as admin, verify group interaction entries are made automatically when meet is attended for min of 1min > Validating field==Duration","test1 > Given I am logged in as admin, verify group interaction entries are made automatically when meet is attended for min of 1min > Validating field==Duration"
"passed","Fri Feb 13 20:50:53 UTC 2026","Fri Feb 13 20:50:58 UTC 2026","4652","HabitNuCoachPortalSuite","HabitNuCoachesPortalRegression-PartA","CoachesPortal.CohortLevelDashboard.CohortLevelDashboardPage","CoachesPortal.CohortLevelDashboard.CohortLevelDashboardPage","case33","Logout and Login again as customer admin- all cohort dashboard displayed/not",""
"passed","Fri Feb 13 21:30:07 UTC 2026","Fri Feb 13 21:30:07 UTC 2026","6","HabitNuCoachPortalSuite","HabitNuCoachesPortalRegression-PartB","CoachesPortal.PatientDetails.PatientProfileDemographic","CoachesPortal.PatientDetails.PatientProfileDemographic","updateMaritalStatus","test1 > Given I am logged in as coach, Marital Status","test1 > Given I am logged in as coach, Marital Status"
"failed","Fri Feb 13 22:43:42 UTC 2026","Fri Feb 13 22:43:52 UTC 2026","9087","HabitNuCoachPortalSuite","DifferentTypeOfDashboards","CoachesPortal.CohortLevelDashboard.OnsiteCohortDashboard","CoachesPortal.CohortLevelDashboard.OnsiteCohortDashboard","fivePercentWeightLossCard","test1 > Given I am logged in as coach, I am validating onsite cohort 'dashboard-card=fivePercentWeightLossCardCount","test1 > Given I am logged in as coach, I am validating onsite cohort 'dashboard-card=fivePercentWeightLossCardCount"
"passed","Fri Feb 13 22:34:29 UTC 2026","Fri Feb 13 22:34:29 UTC 2026","34","HabitNuCoachPortalSuite","UserDashboard","CoachesPortal.PatientDashboard","CoachesPortal.PatientDashboard","patientVWeeklyStatusVideo_when_partiallyWatched","test14 > Given I am logged in as coach, when I am on watching a video partally by logging into user app, Then I should be able to see watched Video count==0 under patientVWeeklyStatusVideo","coach login - user/patient/partcipant dashboard validation"
"failed","Fri Feb 13 22:45:33 UTC 2026","Fri Feb 13 22:45:41 UTC 2026","7414","HabitNuCoachPortalSuite","DifferentTypeOfDashboards","CoachesPortal.CohortLevelDashboard.OnsiteCohortDashboard","CoachesPortal.CohortLevelDashboard.OnsiteCohortDashboard","case7","test1 > Given I am logged in as customer admin, I am validating onsite cohort 'Weight Loss By Participants validation on graph with ALL option, when user adds weightt","test1 > Given I am logged in as customer admin, I am validating onsite cohort 'Weight Loss By Participants validation on graph with ALL option, when user adds weightt"
"passed","Fri Feb 13 21:06:48 UTC 2026","Fri Feb 13 21:06:52 UTC 2026","4120","HabitNuCoachPortalSuite","HabitNuCoachesPortalRegression-PartA","CoachesPortal.DiscussionForumPage","CoachesPortal.DiscussionForumPage","case14","test1 > Given I am logged in as coach, I am validating File upload-error ","test1 > Given I am logged in as coach, I am validating File upload-error "
"passed","Fri Feb 13 22:03:02 UTC 2026","Fri Feb 13 22:03:02 UTC 2026","273","HabitNuCoachPortalSuite","HabitNuCoachesPortalRegression-PartC","CoachesPortal.PatientDetails.PatientProfileImmunizations","CoachesPortal.PatientDetails.PatientProfileImmunizations","editImmunication","edit immunization for Ethylen",""
"passed","Fri Feb 13 21:54:49 UTC 2026","Fri Feb 13 21:54:50 UTC 2026","1676","HabitNuCoachPortalSuite","Paywal","CoachesPortal.payWall","CoachesPortal.payWall","testFilterTransactions","COP-T400: Validate all transaction filters",""
"passed","Fri Feb 13 22:04:02 UTC 2026","Fri Feb 13 22:04:31 UTC 2026","28697","HabitNuCoachPortalSuite","HabitNuCoachesPortalRegression-PartC","CoachesPortal.PatientDetails.PatientProfileHealthProviders","CoachesPortal.PatientDetails.PatientProfileHealthProviders","verifyAddHealthProviderDetails","Add HealthProvider of Ethlen",""
"passed","Fri Feb 13 22:30:45 UTC 2026","Fri Feb 13 22:30:45 UTC 2026","123","HabitNuCoachPortalSuite","UserDashboard","CoachesPortal.PatientDashboard","CoachesPortal.PatientDashboard","Profile_in_Green","test18 > Given I am logged in as admin, wehn I am on Participants dashboard page, Then I should be able to see all particiapnt data on the photocard","admin login - clicking on scheduler should open the scheduler page in coaches portal"
"passed","Fri Feb 13 21:07:58 UTC 2026","Fri Feb 13 21:10:12 UTC 2026","134314","HabitNuCoachPortalSuite","HabitNuCoachesPortalRegression-PartA","CoachesPortal.DiscussionForumPage","CoachesPortal.DiscussionForumPage","case27","test1 > Given I am logged in as coach, I am validating add max number of pinned posts(20).","test1 > Given I am logged in as coach, I am validating add max number of pinned posts(20)."
"passed","Fri Feb 13 22:30:45 UTC 2026","Fri Feb 13 22:30:52 UTC 2026","6803","HabitNuCoachPortalSuite","UserDashboard","CoachesPortal.PatientDashboard","CoachesPortal.PatientDashboard","Last_AFterMeal_Blood_Sugar","test21 > Given I am logged in as admin, wehn I am on Participants dashboard page, when I add bloodsugar AFTER-MEAL type, Then I should be able to see the added data on dashboard card==Last_AfterMeal_Blood_Sugar","admin login - clicking on scheduler should open the scheduler page in coaches portal"
"passed","Fri Feb 13 21:54:27 UTC 2026","Fri Feb 13 21:54:29 UTC 2026","1936","HabitNuCoachPortalSuite","Paywal","CoachesPortal.payWall","CoachesPortal.payWall","testViewAllTransactionsPage","COP-T400: View all transactions and validate page layout",""
"passed","Fri Feb 13 21:12:04 UTC 2026","Fri Feb 13 21:12:06 UTC 2026","1363","HabitNuCoachPortalSuite","HabitNuCoachesPortalRegression-PartA","CoachesPortal.DiscussionForumPage","CoachesPortal.DiscussionForumPage","case18","test1 > Given I am logged in as customerAdmin, I am validating Edit Post- Subject only- Update- Success","test1 > Given I am logged in as customerAdmin, I am validating Edit Post- Subject only- Update- Success"
"passed","Fri Feb 13 22:40:56 UTC 2026","Fri Feb 13 22:40:59 UTC 2026","3085","HabitNuCoachPortalSuite","DifferentTypeOfDashboards","CoachesPortal.CohortLevelDashboard.OnlineCohortDashboard","CoachesPortal.CohortLevelDashboard.OnlineCohortDashboard","case1","test1 > Given I am logged in as coach, I am validating online cohort 'dashboard-cards","test1 > Given I am logged in as coach, I am validating online cohort 'dashboard-cards"
"passed","Fri Feb 13 22:48:23 UTC 2026","Fri Feb 13 22:48:23 UTC 2026","51","HabitNuCoachPortalSuite","DifferentTypeOfDashboards","CoachesPortal.CohortLevelDashboard.DSMEDashboardCoachesPortal","CoachesPortal.CohortLevelDashboard.DSMEDashboardCoachesPortal","test14_verifyBloodSugarByPatientsWithallPosibleActions","Verify Blood Sugar by Patients dropdown card with possible options listed",""
"passed","Fri Feb 13 22:25:41 UTC 2026","Fri Feb 13 22:25:51 UTC 2026","10535","HabitNuCoachPortalSuite","Milestones","CoachesPortal.VAMilestone","CoachesPortal.VAMilestone","test8_validating_VAHeaders_data","And user is validating to VAHeaders data by clicking arrow button",""
"failed","Fri Feb 13 21:15:00 UTC 2026","Fri Feb 13 21:15:04 UTC 2026","3386","HabitNuCoachPortalSuite","HabitNuCoachesPortalRegression-PartA","CoachesPortal.DirectMessage","CoachesPortal.DirectMessage","verify_Existing_message","It should display the existing message",""
"passed","Fri Feb 13 21:54:10 UTC 2026","Fri Feb 13 21:54:15 UTC 2026","5347","HabitNuCoachPortalSuite","Paywal","CoachesPortal.payWall","CoachesPortal.payWall","testFilterSubscriptions","COP-T397–399: Validate subscription filters",""
"passed","Fri Feb 13 22:03:53 UTC 2026","Fri Feb 13 22:03:53 UTC 2026","348","HabitNuCoachPortalSuite","HabitNuCoachesPortalRegression-PartC","CoachesPortal.PatientDetails.PatientProfilePayerType","CoachesPortal.PatientDetails.PatientProfilePayerType","editPayerType","edit PayerType for Ethylen",""
"passed","Fri Feb 13 22:08:14 UTC 2026","Fri Feb 13 22:08:16 UTC 2026","1901","HabitNuCoachPortalSuite","LoginPageCases","CoachesPortal.LoginPageCases","CoachesPortal.LoginPageCases","testRestpasswordCase1","validate users be able to reset password, while doing so entering passwords that matches with previous ones ",""
"passed","Fri Feb 13 22:10:07 UTC 2026","Fri Feb 13 22:10:24 UTC 2026","16278","HabitNuCoachPortalSuite","LogClassSession","CoachesPortal.LogClassSection","CoachesPortal.LogClassSection","verifyAddWeightAttendanceDateAndPA","Add weight,attendance date and PA",""
"passed","Fri Feb 13 20:52:51 UTC 2026","Fri Feb 13 20:52:52 UTC 2026","1708","HabitNuCoachPortalSuite","HabitNuCoachesPortalRegression-PartA","CoachesPortal.LearnModule.Learn","CoachesPortal.LearnModule.Learn","checkLearnTabOnCoachesWhenCourseIsPublished","check learn tab on coaches portal when course is published",""
"broken","Fri Feb 13 21:23:32 UTC 2026","Fri Feb 13 21:24:02 UTC 2026","30234","HabitNuCoachPortalSuite","HabitNuCoachesPortalRegression-PartB","CoachesPortal.PatientDetails.CommunicationLogsCoachesPortal","CoachesPortal.PatientDetails.CommunicationLogsCoachesPortal","verifyCommunicationLogsWithEmail","verifyCommunicationLogsWithEmail",""
"passed","Fri Feb 13 22:08:47 UTC 2026","Fri Feb 13 22:08:48 UTC 2026","1273","HabitNuCoachPortalSuite","LogClassSession","CoachesPortal.LogClassSection","CoachesPortal.LogClassSection","verifyLogClassSectionWithPatient","Verify Log Class Section With Patient",""
"broken","Fri Feb 13 21:46:04 UTC 2026","Fri Feb 13 21:46:04 UTC 2026","99","HabitNuCoachPortalSuite","Scheduler","CoachesPortal.Schedular","CoachesPortal.Schedular","validateInteractionEntries_Duration","test1 > Given I am logged in as coach, verify group interaction entries are made automatically when meet is attended for min of 1min > Validating field==Duration","test1 > Given I am logged in as coach, verify group interaction entries are made automatically when meet is attended for min of 1min > Validating field==Duration"
"passed","Fri Feb 13 21:18:03 UTC 2026","Fri Feb 13 21:18:03 UTC 2026","894","HabitNuCoachPortalSuite","HabitNuCoachesPortalRegression-PartB","CoachesPortal.OnsiteUsersListDashboard","CoachesPortal.OnsiteUsersListDashboard","case5","test1 > Given I am logged in as admin, Seach user by email.","test1 > Given I am logged in as admin, Seach user by email."
"passed","Fri Feb 13 21:10:43 UTC 2026","Fri Feb 13 21:10:44 UTC 2026","763","HabitNuCoachPortalSuite","HabitNuCoachesPortalRegression-PartA","CoachesPortal.DiscussionForumPage","CoachesPortal.DiscussionForumPage","case8","test1 > Given I am logged in as customerAdmin, I am validating Add describe only- success post.","test1 > Given I am logged in as customerAdmin, I am validating Add describe only- success post."
"passed","Fri Feb 13 22:19:58 UTC 2026","Fri Feb 13 22:20:03 UTC 2026","5128","HabitNuCoachPortalSuite","GeneralContent","CoachesPortal.generalContent_WEb_Coaches","CoachesPortal.generalContent_WEb_Coaches","case1","going to general content throgh Profile.",""
"passed","Fri Feb 13 22:41:54 UTC 2026","Fri Feb 13 22:41:54 UTC 2026","29","HabitNuCoachPortalSuite","DifferentTypeOfDashboards","CoachesPortal.CohortLevelDashboard.OnlineCohortDashboard","CoachesPortal.CohortLevelDashboard.OnlineCohortDashboard","coachName","test1 > Given I am logged in as coach, I am validating online cohort 'dashboard-card=coachName","test1 > Given I am logged in as coach, I am validating online cohort 'dashboard-card=coachName"
"skipped","Fri Feb 13 21:55:53 UTC 2026","Fri Feb 13 21:55:53 UTC 2026","0","HabitNuCoachPortalSuite","Paywal","CoachesPortal.payWall","CoachesPortal.payWall","testUnlinkPlanFromProgram","COP-T413: Validate unlinking a plan from a program",""
"failed","Fri Feb 13 22:42:28 UTC 2026","Fri Feb 13 22:42:41 UTC 2026","12716","HabitNuCoachPortalSuite","DifferentTypeOfDashboards","CoachesPortal.CohortLevelDashboard.OnlineCohortDashboard","CoachesPortal.CohortLevelDashboard.OnlineCohortDashboard","fivePercentWeightLossCard_forUserWeight","test1 > Given I am logged in as customer admin, I am validating online cohort 'dashboard-card=fivePercentWeightLossCardCount, when user adds weight","test1 > Given I am logged in as customer admin, I am validating online cohort 'dashboard-card=fivePercentWeightLossCardCount, when user adds weight"
"broken","Fri Feb 13 21:26:05 UTC 2026","Fri Feb 13 21:26:06 UTC 2026","509","HabitNuCoachPortalSuite","HabitNuCoachesPortalRegression-PartB","CoachesPortal.PatientDetails.PatientProfileDemographic","CoachesPortal.PatientDetails.PatientProfileDemographic","updateverifyProgramDetailsWithIsActive","test1 > Given I am logged in as coach, update patientId and payertype","test1 > Given I am logged in as coach, update patientId and payertype"
"passed","Fri Feb 13 21:06:38 UTC 2026","Fri Feb 13 21:06:47 UTC 2026","9390","HabitNuCoachPortalSuite","HabitNuCoachesPortalRegression-PartA","CoachesPortal.DiscussionForumPage","CoachesPortal.DiscussionForumPage","case13","test1 > Given I am logged in as coach, I am validating File upload- description only- success.","test1 > Given I am logged in as coach, I am validating File upload- description only- success."
"passed","Fri Feb 13 21:55:53 UTC 2026","Fri Feb 13 21:55:53 UTC 2026","15","HabitNuCoachPortalSuite","Paywal","CoachesPortal.payWall","CoachesPortal.payWall","testPlanConsistencyAcrossSystems","COP-T419: Validate plan details consistency across systems",""
"broken","Fri Feb 13 20:47:48 UTC 2026","Fri Feb 13 20:48:04 UTC 2026","15459","HabitNuCoachPortalSuite","HabitNuCoachesPortalRegression-PartA","CoachesPortal.CohortLevelDashboard.CohortLevelDashboardPage","CoachesPortal.CohortLevelDashboard.CohortLevelDashboardPage","case8","participant activity- Select previous week.",""
"passed","Fri Feb 13 21:26:10 UTC 2026","Fri Feb 13 21:26:10 UTC 2026","41","HabitNuCoachPortalSuite","HabitNuCoachesPortalRegression-PartB","CoachesPortal.PatientDetails.PatientProfileDemographic","CoachesPortal.PatientDetails.PatientProfileDemographic","verifyAddressDetails","test1 > Given I am logged in as coach, verifyAddressDetails","test1 > Given I am logged in as coach, verifyAddressDetails"
"passed","Fri Feb 13 21:01:17 UTC 2026","Fri Feb 13 21:01:19 UTC 2026","2624","HabitNuCoachPortalSuite","HabitNuCoachesPortalRegression-PartA","CoachesPortal.LearnModule.CustomerAdminCourseDocument","CoachesPortal.LearnModule.CustomerAdminCourseDocument","verifyAddOnlyDiscriptionVideo","Add Only Discription And verify videoupload and title Required",""
"failed","Fri Feb 13 21:49:51 UTC 2026","Fri Feb 13 21:53:52 UTC 2026","241563","HabitNuCoachPortalSuite","Paywal","CoachesPortal.payWall","CoachesPortal.payWall","testEditSyncedPlanAndManualSync","COP-T393 & T394: Edit a synced plan and verify manual sync",""
"passed","Fri Feb 13 21:36:59 UTC 2026","Fri Feb 13 21:36:59 UTC 2026","519","HabitNuCoachPortalSuite","UserActivities","CoachesPortal.PatientDetails.UserActivitiesBloodPressure","CoachesPortal.PatientDetails.UserActivitiesBloodPressure","verifyUser_isNot_allowed_edit_coachAddedData","Verify user is not allowed to edit data added by coaches",""
"passed","Fri Feb 13 21:33:53 UTC 2026","Fri Feb 13 21:33:53 UTC 2026","122","HabitNuCoachPortalSuite","HabitNuCoachesPortalRegression-PartB","CoachesPortal.PatientDetails.PatientProfileDemographic","CoachesPortal.PatientDetails.PatientProfileDemographic","testSelectWalkingYes","test1 > Given I am logged in as customer admin, testSelectWalkingYes","test1 > Given I am logged in as customer admin, testSelectWalkingYes"
"passed","Fri Feb 13 21:37:43 UTC 2026","Fri Feb 13 21:37:49 UTC 2026","5640","HabitNuCoachPortalSuite","UserActivities","CoachesPortal.PatientDetails.UserActivitiesBloodSugar","CoachesPortal.PatientDetails.UserActivitiesBloodSugar","verifyreadingTimeRequired","Verify reading time required",""
"passed","Fri Feb 13 22:08:30 UTC 2026","Fri Feb 13 22:08:32 UTC 2026","2451","HabitNuCoachPortalSuite","LoginPageCases","CoachesPortal.LoginPageCases","CoachesPortal.LoginPageCases","case15","Coaches Portal Feedback URL -> Add Feedback-> Keep other fields empty -> Click on submit feedback",""
"passed","Fri Feb 13 22:08:49 UTC 2026","Fri Feb 13 22:08:50 UTC 2026","956","HabitNuCoachPortalSuite","LogClassSession","CoachesPortal.LogClassSection","CoachesPortal.LogClassSection","addDataLogClassSectionWithPatient","Add data in Log Class Section With Patient",""
"passed","Fri Feb 13 22:35:22 UTC 2026","Fri Feb 13 22:35:22 UTC 2026","149","HabitNuCoachPortalSuite","FeatureFlags","CoachesPortal.FeatureFlags","CoachesPortal.FeatureFlags","test2_navigatingadmin","When user is navigating to Admin section ",""
"passed","Fri Feb 13 22:04:31 UTC 2026","Fri Feb 13 22:04:32 UTC 2026","1133","HabitNuCoachPortalSuite","HabitNuCoachesPortalRegression-PartC","CoachesPortal.PatientDetails.PatientProfileHealthProviders","CoachesPortal.PatientDetails.PatientProfileHealthProviders","deleteHealthProvider","delete HealthProvider for Ethylen",""
"passed","Fri Feb 13 21:18:46 UTC 2026","Fri Feb 13 21:18:48 UTC 2026","1975","HabitNuCoachPortalSuite","HabitNuCoachesPortalRegression-PartB","CoachesPortal.OnsiteUsersListDashboard","CoachesPortal.OnsiteUsersListDashboard","case21","test1 > Given I am logged in as admin, Disenroll pop up is displayed when tried to disenrol user","test1 > Given I am logged in as admin, Disenroll pop up is displayed when tried to disenrol user"
"passed","Fri Feb 13 21:35:55 UTC 2026","Fri Feb 13 21:36:28 UTC 2026","32248","HabitNuCoachPortalSuite","PatientsProfileAllergies","CoachesPortal.PatientDetails.PatientsProfileAllergies","CoachesPortal.PatientDetails.PatientsProfileAllergies","verifyPersonalDetails","Add Allergy of Ethlen",""
"passed","Fri Feb 13 22:20:03 UTC 2026","Fri Feb 13 22:20:05 UTC 2026","1931","HabitNuCoachPortalSuite","GeneralContent","CoachesPortal.generalContent_WEb_Coaches","CoachesPortal.generalContent_WEb_Coaches","case2","Creating tags for Exercise",""
"passed","Fri Feb 13 20:59:58 UTC 2026","Fri Feb 13 21:00:04 UTC 2026","6400","HabitNuCoachPortalSuite","HabitNuCoachesPortalRegression-PartA","CoachesPortal.LearnModule.Learn","CoachesPortal.LearnModule.Learn","pushNotifications","verify push  notification settings",""
"passed","Fri Feb 13 22:20:46 UTC 2026","Fri Feb 13 22:20:53 UTC 2026","6495","HabitNuCoachPortalSuite","GeneralContent","CoachesPortal.generalContent_WEb_Coaches","CoachesPortal.generalContent_WEb_Coaches","validateAndPublishGroup","Validating Created Group Name, Tag Type, and Video Tags",""
"broken","Fri Feb 13 22:18:56 UTC 2026","Fri Feb 13 22:19:56 UTC 2026","60364","HabitNuCoachPortalSuite","GroupDPPClassPlanner","CoachesPortal.ClassPlanner","CoachesPortal.ClassPlanner","case35","validate user is able to view classPlanner item==text",""
"broken","Fri Feb 13 20:47:48 UTC 2026","Fri Feb 13 20:47:48 UTC 2026","122","HabitNuCoachPortalSuite","HabitNuCoachesPortalRegression-PartA","CoachesPortal.CohortLevelDashboard.CohortLevelDashboardPage","CoachesPortal.CohortLevelDashboard.CohortLevelDashboardPage","case7","participant activity- All options in the graph.",""
"passed","Fri Feb 13 22:08:29 UTC 2026","Fri Feb 13 22:08:29 UTC 2026","97","HabitNuCoachPortalSuite","LoginPageCases","CoachesPortal.LoginPageCases","CoachesPortal.LoginPageCases","case11","TC11- Click on Ask us",""
"passed","Fri Feb 13 21:06:19 UTC 2026","Fri Feb 13 21:06:29 UTC 2026","9124","HabitNuCoachPortalSuite","HabitNuCoachesPortalRegression-PartA","CoachesPortal.DiscussionForumPage","CoachesPortal.DiscussionForumPage","case11","test1 > Given I am logged in as coach, I am validating File upload- error","test1 > Given I am logged in as coach, I am validating File upload- error"
"passed","Fri Feb 13 22:08:40 UTC 2026","Fri Feb 13 22:08:45 UTC 2026","4950","HabitNuCoachPortalSuite","LogClassSession","CoachesPortal.LogClassSection","CoachesPortal.LogClassSection","validateLogClassSessionAvailibility","Verify Log Class Section is available only for programDeliveryType==Onsite",""
"passed","Fri Feb 13 22:04:42 UTC 2026","Fri Feb 13 22:04:42 UTC 2026","11","HabitNuCoachPortalSuite","ProjectPowerDashboard","CoachesPortal.ProjectPowerDashboard","CoachesPortal.ProjectPowerDashboard","verifyM1","It should display total number of participants who are confirmed by Coach",""
"passed","Fri Feb 13 21:14:44 UTC 2026","Fri Feb 13 21:14:46 UTC 2026","2396","HabitNuCoachPortalSuite","HabitNuCoachesPortalRegression-PartA","CoachesPortal.DiscussionForumPage","CoachesPortal.DiscussionForumPage","case28","test1 > Given I am logged in as customerAdmin, I am validating Delete all posts","test1 > Given I am logged in as customerAdmin, I am validating Delete all posts"
"passed","Fri Feb 13 21:07:40 UTC 2026","Fri Feb 13 21:07:46 UTC 2026","5718","HabitNuCoachPortalSuite","HabitNuCoachesPortalRegression-PartA","CoachesPortal.DiscussionForumPage","CoachesPortal.DiscussionForumPage","case20","test1 > Given I am logged in as coach, I am validating Edit Post- Upload File","test1 > Given I am logged in as coach, I am validating Edit Post- Upload File"
"passed","Fri Feb 13 22:03:53 UTC 2026","Fri Feb 13 22:03:54 UTC 2026","58","HabitNuCoachPortalSuite","HabitNuCoachesPortalRegression-PartC","CoachesPortal.PatientDetails.PatientProfilePayerType","CoachesPortal.PatientDetails.PatientProfilePayerType","verifyPayerType","verify PayerType for Ethylen",""
"passed","Fri Feb 13 21:07:50 UTC 2026","Fri Feb 13 21:07:56 UTC 2026","5774","HabitNuCoachPortalSuite","HabitNuCoachesPortalRegression-PartA","CoachesPortal.DiscussionForumPage","CoachesPortal.DiscussionForumPage","case25","test1 > Given I am logged in as coach, I am validating Comment on pinned post.","test1 > Given I am logged in as coach, I am validating Comment on pinned post."
"passed","Fri Feb 13 20:51:19 UTC 2026","Fri Feb 13 20:51:48 UTC 2026","29153","HabitNuCoachPortalSuite","HabitNuCoachesPortalRegression-PartA","CoachesPortal.LearnModule.Learn","CoachesPortal.LearnModule.Learn","createContentToTheCourse","create content to the course",""
"passed","Fri Feb 13 22:08:50 UTC 2026","Fri Feb 13 22:08:50 UTC 2026","597","HabitNuCoachPortalSuite","LogClassSession","CoachesPortal.LogClassSection","CoachesPortal.LogClassSection","verify10DaysBackDateInLogClassSectionWithPatient","Add data in Log Class Section With Date 10 days back",""
"passed","Fri Feb 13 21:40:45 UTC 2026","Fri Feb 13 21:40:49 UTC 2026","3773","HabitNuCoachPortalSuite","Scheduler","CoachesPortal.Schedular","CoachesPortal.Schedular","clickOnSchedular","test1 > Given I am logged in as admin, wehn I click on Scheduler module, Then I should be taken to meeting time slot pick up page","admin login - clicking on scheduler should open the scheduler page in coaches portal"
"passed","Fri Feb 13 20:51:07 UTC 2026","Fri Feb 13 20:51:12 UTC 2026","4277","HabitNuCoachPortalSuite","HabitNuCoachesPortalRegression-PartA","CoachesPortal.LearnModule.Learn","CoachesPortal.LearnModule.Learn","addChapterToTheCourse","adding a chapter to the course",""
"broken","Fri Feb 13 22:19:56 UTC 2026","Fri Feb 13 22:19:56 UTC 2026","67","HabitNuCoachPortalSuite","GroupDPPClassPlanner","CoachesPortal.ClassPlanner","CoachesPortal.ClassPlanner","case36","validate user is able to view classPlanner item==app-link",""
"passed","Fri Feb 13 21:07:56 UTC 2026","Fri Feb 13 21:07:58 UTC 2026","2099","HabitNuCoachPortalSuite","HabitNuCoachesPortalRegression-PartA","CoachesPortal.DiscussionForumPage","CoachesPortal.DiscussionForumPage","case26","test1 > Given I am logged in as coach, I am validating UnPin The post","test1 > Given I am logged in as coach, I am validating UnPin The post"
"passed","Fri Feb 13 22:30:33 UTC 2026","Fri Feb 13 22:30:33 UTC 2026","32","HabitNuCoachPortalSuite","UserDashboard","CoachesPortal.PatientDashboard","CoachesPortal.PatientDashboard","patientWeeklyStatus_Meals","test11 > Given I am logged in as admin, when I am on adding Meal by logging into user app, Then I should be able to see added Meal count==1 under patientWeeklyStatus_Meals","admin login - user/patient/partcipant dashboard validation"
"passed","Fri Feb 13 20:47:41 UTC 2026","Fri Feb 13 20:47:42 UTC 2026","558","HabitNuCoachPortalSuite","HabitNuCoachesPortalRegression-PartA","CoachesPortal.CohortLevelDashboard.CohortLevelDashboardPage","CoachesPortal.CohortLevelDashboard.CohortLevelDashboardPage","case4","Habitnu716 - weight loss-user- tooltip",""
"passed","Fri Feb 13 21:36:44 UTC 2026","Fri Feb 13 21:36:53 UTC 2026","8772","HabitNuCoachPortalSuite","UserActivities","CoachesPortal.PatientDetails.UserActivitiesBloodPressure","CoachesPortal.PatientDetails.UserActivitiesBloodPressure","verifyAddCurrentDateBloodPressure","Verify user as Ethelyn in useractivities tab and add current date blood pressure",""
"passed","Fri Feb 13 21:36:29 UTC 2026","Fri Feb 13 21:36:33 UTC 2026","3672","HabitNuCoachPortalSuite","PatientsProfileAllergies","CoachesPortal.PatientDetails.PatientsProfileAllergies","CoachesPortal.PatientDetails.PatientsProfileAllergies","verifyMedication","verify allergy for Ethylen",""
"passed","Fri Feb 13 21:41:56 UTC 2026","Fri Feb 13 21:41:56 UTC 2026","0","HabitNuCoachPortalSuite","Scheduler","CoachesPortal.Schedular","CoachesPortal.Schedular","validateInteractionEntries_UpdatedBy","test1 > Given I am logged in as admin, verify group interaction entries are made automatically when meet is attended for min of 1min > Validating field==UpdatedBy","test1 > Given I am logged in as admin, verify group interaction entries are made automatically when meet is attended for min of 1min > Validating field==UpdatedBy"
"passed","Fri Feb 13 22:34:28 UTC 2026","Fri Feb 13 22:34:28 UTC 2026","15","HabitNuCoachPortalSuite","UserDashboard","CoachesPortal.PatientDashboard","CoachesPortal.PatientDashboard","patientWeeklyStatus_GroupClasses","test10 > Given I am logged in as coach, when I am on adding groupInteraction from user Interaction tab, Then I should be able to see added interaction count==1 under patientWeeklyStatus_GroupClasses","coach login - user/patient/partcipant dashboard validation"
"passed","Fri Feb 13 22:30:33 UTC 2026","Fri Feb 13 22:30:33 UTC 2026","16","HabitNuCoachPortalSuite","UserDashboard","CoachesPortal.PatientDashboard","CoachesPortal.PatientDashboard","patientWeeklyStatus_CoachInteractions","test9 > Given I am logged in as admin, wehn I am on adding coachInteraction from user Interaction tab, Then I should be able to see added interaction count==1 under patientWeeklyStatus_CoachInteractions","admin login - user/patient/partcipant dashboard validation"
"passed","Fri Feb 13 21:26:06 UTC 2026","Fri Feb 13 21:26:10 UTC 2026","3993","HabitNuCoachPortalSuite","HabitNuCoachesPortalRegression-PartB","CoachesPortal.PatientDetails.PatientProfileDemographic","CoachesPortal.PatientDetails.PatientProfileDemographic","updateAndVerifyContactDetails","test1 > Given I am logged in as coach, updateAndVerifyContactDetails","test1 > Given I am logged in as coach, updateAndVerifyContactDetails"
"passed","Fri Feb 13 21:54:15 UTC 2026","Fri Feb 13 21:54:17 UTC 2026","2031","HabitNuCoachPortalSuite","Paywal","CoachesPortal.payWall","CoachesPortal.payWall","testFilterSubscriptions","COP-T397–399: Validate subscription filters",""
"passed","Fri Feb 13 21:19:47 UTC 2026","Fri Feb 13 21:19:50 UTC 2026","2483","HabitNuCoachPortalSuite","HabitNuCoachesPortalRegression-PartB","CoachesPortal.OnsiteUsersListDashboard","CoachesPortal.OnsiteUsersListDashboard","case21","test1 > Given I am logged in as coach, Disenroll pop up is displayed when tried to disenrol user","test1 > Given I am logged in as coach, Disenroll pop up is displayed when tried to disenrol user"
"broken","Fri Feb 13 20:47:42 UTC 2026","Fri Feb 13 20:47:48 UTC 2026","6335","HabitNuCoachPortalSuite","HabitNuCoachesPortalRegression-PartA","CoachesPortal.CohortLevelDashboard.CohortLevelDashboardPage","CoachesPortal.CohortLevelDashboard.CohortLevelDashboardPage","case5","Click on graph of a participant- Should open dashboard of that particular participant.",""
"broken","Fri Feb 13 22:40:08 UTC 2026","Fri Feb 13 22:40:28 UTC 2026","20048","HabitNuCoachPortalSuite","ParticipationsTable","CoachesPortal.participations","CoachesPortal.participations","test13_searchprogram","And user is able to search the user with program name",""
"broken","Fri Feb 13 21:32:42 UTC 2026","Fri Feb 13 21:33:14 UTC 2026","32077","HabitNuCoachPortalSuite","HabitNuCoachesPortalRegression-PartB","CoachesPortal.PatientDetails.PatientProfileDemographic","CoachesPortal.PatientDetails.PatientProfileDemographic","updateAndVerifyCallDetails","test1 > Given I am logged in as customer admin, updateAndVerifyCallDetails","test1 > Given I am logged in as customer admin, updateAndVerifyCallDetails"
"passed","Fri Feb 13 21:39:34 UTC 2026","Fri Feb 13 21:39:35 UTC 2026","1541","HabitNuCoachPortalSuite","UserActivities","CoachesPortal.PatientDetails.UserActivitiesBloodSugar","CoachesPortal.PatientDetails.UserActivitiesBloodSugar","verifyUser_isNot_allowed_edit_coachAddedData","Verify user is not allowed to edit data added by coaches",""
"passed","Fri Feb 13 21:15:04 UTC 2026","Fri Feb 13 21:15:04 UTC 2026","642","HabitNuCoachPortalSuite","HabitNuCoachesPortalRegression-PartA","CoachesPortal.DirectMessage","CoachesPortal.DirectMessage","it_should_open_the_pop_up_Private_Post","It should open the pop up Private Post",""
"skipped","Fri Feb 13 21:55:53 UTC 2026","Fri Feb 13 21:55:53 UTC 2026","0","HabitNuCoachPortalSuite","Paywal","CoachesPortal.payWall","CoachesPortal.payWall","testMultiplePlansLinkedToProgram","COP-T412: Validate multiple plans linked to a program",""
"passed","Fri Feb 13 22:26:17 UTC 2026","Fri Feb 13 22:26:22 UTC 2026","4872","HabitNuCoachPortalSuite","Milestones","CoachesPortal.VAMilestone","CoachesPortal.VAMilestone","test12_validating_VAHeaders_data","And user is validating to VAHeaders data by clicking arrow button",""
"passed","Fri Feb 13 22:35:23 UTC 2026","Fri Feb 13 22:35:24 UTC 2026","590","HabitNuCoachPortalSuite","FeatureFlags","CoachesPortal.FeatureFlags","CoachesPortal.FeatureFlags","test6_validatingfeatureflags","And user is validating the Feature Flags section ",""
"passed","Fri Feb 13 21:00:42 UTC 2026","Fri Feb 13 21:00:49 UTC 2026","6526","HabitNuCoachPortalSuite","HabitNuCoachesPortalRegression-PartA","CoachesPortal.LearnModule.CustomerAdminCourseDocument","CoachesPortal.LearnModule.CustomerAdminCourseDocument","verifyDocuentEditAndSave","Document Edit and Save",""
"passed","Fri Feb 13 20:52:18 UTC 2026","Fri Feb 13 20:52:27 UTC 2026","8761","HabitNuCoachPortalSuite","HabitNuCoachesPortalRegression-PartA","CoachesPortal.LearnModule.Learn","CoachesPortal.LearnModule.Learn","checkLearnTabWhenNoCourse","check learn tab visibilty on web app when course is published from coaches portal",""
"passed","Fri Feb 13 21:07:47 UTC 2026","Fri Feb 13 21:07:49 UTC 2026","2097","HabitNuCoachPortalSuite","HabitNuCoachesPortalRegression-PartA","CoachesPortal.DiscussionForumPage","CoachesPortal.DiscussionForumPage","case23","test1 > Given I am logged in as coach, I am validating Click Delete - Cancel","test1 > Given I am logged in as coach, I am validating Click Delete - Cancel"
"broken","Fri Feb 13 20:55:23 UTC 2026","Fri Feb 13 20:56:02 UTC 2026","39074","HabitNuCoachPortalSuite","HabitNuCoachesPortalRegression-PartA","CoachesPortal.LearnModule.Learn","CoachesPortal.LearnModule.Learn","addClonedCourseToCohort","verify on clone course page, course created by admin is available",""
"broken","Fri Feb 13 22:35:58 UTC 2026","Fri Feb 13 22:36:21 UTC 2026","23515","HabitNuCoachPortalSuite","FeatureFlags","CoachesPortal.FeatureFlags","CoachesPortal.FeatureFlags","test13_addrulesforprogram","And user is able to add the rule for program level",""
"passed","Fri Feb 13 21:40:49 UTC 2026","Fri Feb 13 21:40:49 UTC 2026","910","HabitNuCoachPortalSuite","Scheduler","CoachesPortal.Schedular","CoachesPortal.Schedular","openAppoitmentCreateForm","test2 > Given I am logged in as admin, When I click on time slot, Then I should be able to see the create appointment form","admin login - It should open meeting form"
"passed","Fri Feb 13 22:12:34 UTC 2026","Fri Feb 13 22:12:40 UTC 2026","5764","HabitNuCoachPortalSuite","GroupDPPClassPlanner","CoachesPortal.ClassPlanner","CoachesPortal.ClassPlanner","case17","Unarchive the DOC Created card",""
"broken","Fri Feb 13 21:21:51 UTC 2026","Fri Feb 13 21:22:22 UTC 2026","30416","HabitNuCoachPortalSuite","HabitNuCoachesPortalRegression-PartB","CoachesPortal.OnsiteUsersListDashboard","CoachesPortal.OnsiteUsersListDashboard","case54","test1 > Given I am logged in as customerAdmin, verify milestone tooltiptext after participant just register and login to app and do not fill the banner","test1 > Given I am logged in as customerAdmin, verify milestone tooltiptext after participant just register and login to app and do not fill the banner"
"passed","Fri Feb 13 22:27:09 UTC 2026","Fri Feb 13 22:27:19 UTC 2026","10481","HabitNuCoachPortalSuite","Milestones","CoachesPortal.VAMilestone","CoachesPortal.VAMilestone","test20_validating_VAHeaders_data","And user is validating to VAHeaders data by clicking arrow button",""
"broken","Fri Feb 13 22:39:07 UTC 2026","Fri Feb 13 22:39:27 UTC 2026","20048","HabitNuCoachPortalSuite","ParticipationsTable","CoachesPortal.participations","CoachesPortal.participations","test8_navigatingnextpage","And user is navigating to second page and user can come back to previous page",""
"passed","Fri Feb 13 21:12:06 UTC 2026","Fri Feb 13 21:12:07 UTC 2026","838","HabitNuCoachPortalSuite","HabitNuCoachesPortalRegression-PartA","CoachesPortal.DiscussionForumPage","CoachesPortal.DiscussionForumPage","case19","test1 > Given I am logged in as customerAdmin, I am validating Edit Post- Description only- Success","test1 > Given I am logged in as customerAdmin, I am validating Edit Post- Description only- Success"
"passed","Fri Feb 13 21:33:20 UTC 2026","Fri Feb 13 21:33:20 UTC 2026","66","HabitNuCoachPortalSuite","HabitNuCoachesPortalRegression-PartB","CoachesPortal.PatientDetails.PatientProfileDemographic","CoachesPortal.PatientDetails.PatientProfileDemographic","verifyOtherdetails","test1 > Given I am logged in as customer admin, verifyOtherdetails","test1 > Given I am logged in as customer admin, verifyOtherdetails"
"passed","Fri Feb 13 21:33:53 UTC 2026","Fri Feb 13 21:33:53 UTC 2026","174","HabitNuCoachPortalSuite","HabitNuCoachesPortalRegression-PartB","CoachesPortal.PatientDetails.PatientProfileDemographic","CoachesPortal.PatientDetails.PatientProfileDemographic","testSelectDressingNo","test1 > Given I am logged in as customer admin, testSelectDressingNo","test1 > Given I am logged in as customer admin, testSelectDressingNo"
"passed","Fri Feb 13 22:18:56 UTC 2026","Fri Feb 13 22:18:56 UTC 2026","7","HabitNuCoachPortalSuite","GroupDPPClassPlanner","CoachesPortal.ClassPlanner","CoachesPortal.ClassPlanner","case33","validate user is able to view notes",""
"passed","Fri Feb 13 21:03:08 UTC 2026","Fri Feb 13 21:03:13 UTC 2026","5240","HabitNuCoachPortalSuite","HabitNuCoachesPortalRegression-PartA","CoachesPortal.DiscussionForumPage","CoachesPortal.DiscussionForumPage","case16","test1 > Given I am logged in as admin, I am validating upload upto 5 files with Description- Success.","test1 > Given I am logged in as admin, I am validating upload upto 5 files with Description- Success."
"passed","Fri Feb 13 22:53:40 UTC 2026","Fri Feb 13 22:55:31 UTC 2026","111170","HabitNuCoachPortalSuite","DifferentTypeOfDashboards","CoachesPortal.CohortLevelDashboard.ParticipantsProgressTracker","CoachesPortal.CohortLevelDashboard.ParticipantsProgressTracker","test11_CreateRecursivemeeting","And User is able to navigating to schedular and creating a recursive meeting",""
"passed","Fri Feb 13 22:42:50 UTC 2026","Fri Feb 13 22:43:07 UTC 2026","16609","HabitNuCoachPortalSuite","DifferentTypeOfDashboards","CoachesPortal.CohortLevelDashboard.OnlineCohortDashboard","CoachesPortal.CohortLevelDashboard.OnlineCohortDashboard","male_female_card_with_update_to_female","test1 > Given I am logged in as customer admin, I am validating online cohort 'dashboard-card=male_female_card_with_update_to_female","test1 > Given I am logged in as customer admin, I am validating online cohort 'dashboard-card=male_female_card_with_update_to_female"
"failed","Fri Feb 13 21:26:04 UTC 2026","Fri Feb 13 21:26:04 UTC 2026","286","HabitNuCoachPortalSuite","HabitNuCoachesPortalRegression-PartB","CoachesPortal.PatientDetails.PatientProfileDemographic","CoachesPortal.PatientDetails.PatientProfileDemographic","verifyProgramDetails","test1 > Given I am logged in as coach, Verify user as Ethelyn in demographic with Program Details","test1 > Given I am logged in as coach, Verify user as Ethelyn in demographic with Program Details"
"passed","Fri Feb 13 20:51:48 UTC 2026","Fri Feb 13 20:51:53 UTC 2026","5486","HabitNuCoachPortalSuite","HabitNuCoachesPortalRegression-PartA","CoachesPortal.LearnModule.Learn","CoachesPortal.LearnModule.Learn","addContentToTheCourse","add content to the course",""
"skipped","Fri Feb 13 21:55:53 UTC 2026","Fri Feb 13 21:55:53 UTC 2026","0","HabitNuCoachPortalSuite","Paywal","CoachesPortal.payWall","CoachesPortal.payWall","testProgramPlanReordering","COP-T420-T423: Verify reordering plans and validate persistence",""
"broken","Fri Feb 13 21:15:37 UTC 2026","Fri Feb 13 21:16:22 UTC 2026","45322","HabitNuCoachPortalSuite","HabitNuCoachesPortalRegression-PartA","CoachesPortal.DirectMessage","CoachesPortal.DirectMessage","verifyDMonWebApp","Verify message on web app by Patient",""
"passed","Fri Feb 13 21:02:06 UTC 2026","Fri Feb 13 21:02:07 UTC 2026","722","HabitNuCoachPortalSuite","HabitNuCoachesPortalRegression-PartA","CoachesPortal.DiscussionForumPage","CoachesPortal.DiscussionForumPage","case8","test1 > Given I am logged in as admin, I am validating Add describe only- success post.","test1 > Given I am logged in as admin, I am validating Add describe only- success post."
"broken","Fri Feb 13 22:14:54 UTC 2026","Fri Feb 13 22:15:55 UTC 2026","60332","HabitNuCoachPortalSuite","GroupDPPClassPlanner","CoachesPortal.ClassPlanner","CoachesPortal.ClassPlanner","case24","Verify the elements of Group class planner in cohort",""
"passed","Fri Feb 13 21:15:13 UTC 2026","Fri Feb 13 21:15:19 UTC 2026","6060","HabitNuCoachPortalSuite","HabitNuCoachesPortalRegression-PartA","CoachesPortal.DirectMessage","CoachesPortal.DirectMessage","sendMessageToPatient_2","send a message to second participant in the list, and use ENTER button from keyboard to simulate message submission and validate message==null. ",""
"passed","Fri Feb 13 21:06:17 UTC 2026","Fri Feb 13 21:06:19 UTC 2026","1148","HabitNuCoachPortalSuite","HabitNuCoachesPortalRegression-PartA","CoachesPortal.DiscussionForumPage","CoachesPortal.DiscussionForumPage","case9","test1 > Given I am logged in as coach, I am validating Post empty comment- error message.","test1 > Given I am logged in as coach, I am validating Post empty comment- error message."
"passed","Fri Feb 13 22:38:26 UTC 2026","Fri Feb 13 22:38:27 UTC 2026","159","HabitNuCoachPortalSuite","ParticipationsTable","CoachesPortal.participations","CoachesPortal.participations","test5_navigatingparticipations","And user is navigating to Participations section ",""
"passed","Fri Feb 13 21:19:50 UTC 2026","Fri Feb 13 21:19:50 UTC 2026","128","HabitNuCoachPortalSuite","HabitNuCoachesPortalRegression-PartB","CoachesPortal.OnsiteUsersListDashboard","CoachesPortal.OnsiteUsersListDashboard","case22","test1 > Given I am logged in as coach, Actions- Request form survey and Reset password should be displayed.","test1 > Given I am logged in as coach, Actions- Request form survey and Reset password should be displayed."
"failed","Fri Feb 13 22:45:17 UTC 2026","Fri Feb 13 22:45:17 UTC 2026","229","HabitNuCoachPortalSuite","DifferentTypeOfDashboards","CoachesPortal.CohortLevelDashboard.OnsiteCohortDashboard","CoachesPortal.CohortLevelDashboard.OnsiteCohortDashboard","case4","test1 > Given I am logged in as customer admin, I am validating onsite cohort 'Weight Loss By Participants validation on graph with ALL option","test1 > Given I am logged in as customer admin, I am validating onsite cohort 'Weight Loss By Participants validation on graph with ALL option"
"passed","Fri Feb 13 21:42:34 UTC 2026","Fri Feb 13 21:42:48 UTC 2026","14345","HabitNuCoachPortalSuite","Scheduler","CoachesPortal.Schedular","CoachesPortal.Schedular","rescheduleMeeting","test6 >  Given I am logged in as coach, and on time slot page, When I click on created appointment, Then I should see Reschedule button, When I click on it and submit details, Then I should be able to save it","coach login - User should be able to reschedule appointment"
"broken","Fri Feb 13 21:36:58 UTC 2026","Fri Feb 13 21:36:59 UTC 2026","1177","HabitNuCoachPortalSuite","UserActivities","CoachesPortal.PatientDetails.UserActivitiesBloodPressure","CoachesPortal.PatientDetails.UserActivitiesBloodPressure","verifyCurrentAndYesterdayBPDataInCoachesPortal","Verify current and yesterday BPdata in coaches and webportal",""
"passed","Fri Feb 13 21:29:34 UTC 2026","Fri Feb 13 21:29:34 UTC 2026","47","HabitNuCoachPortalSuite","HabitNuCoachesPortalRegression-PartB","CoachesPortal.PatientDetails.PatientProfileDemographic","CoachesPortal.PatientDetails.PatientProfileDemographic","verifyOtherdetails","test1 > Given I am logged in as coach, verifyOtherdetails","test1 > Given I am logged in as coach, verifyOtherdetails"
"passed","Fri Feb 13 22:04:42 UTC 2026","Fri Feb 13 22:04:42 UTC 2026","43","HabitNuCoachPortalSuite","ProjectPowerDashboard","CoachesPortal.ProjectPowerDashboard","CoachesPortal.ProjectPowerDashboard","verifyCumulative_EnrollmentGraphPresence_for3monthsFilter","It should display the enrollment of participants for 3 months",""
"failed","Fri Feb 13 21:20:42 UTC 2026","Fri Feb 13 21:20:43 UTC 2026","128","HabitNuCoachPortalSuite","HabitNuCoachesPortalRegression-PartB","CoachesPortal.OnsiteUsersListDashboard","CoachesPortal.OnsiteUsersListDashboard","case45","test1 > Given I am logged in as customerAdmin, validate disenrolled status under Milestone column - colorcode","test1 > Given I am logged in as customerAdmin, validate disenrolled status under Milestone column - colorcode"
"broken","Fri Feb 13 21:46:04 UTC 2026","Fri Feb 13 21:46:05 UTC 2026","159","HabitNuCoachPortalSuite","Scheduler","CoachesPortal.Schedular","CoachesPortal.Schedular","validateInteractionEntries_Claimed","test1 > Given I am logged in as coach, verify group interaction entries are made automatically when meet is attended for min of 1min > Validating field==Claimed","test1 > Given I am logged in as coach, verify group interaction entries are made automatically when meet is attended for min of 1min > Validating field==Claimed"
"passed","Fri Feb 13 22:07:53 UTC 2026","Fri Feb 13 22:07:53 UTC 2026","21","HabitNuCoachPortalSuite","ProjectPowerDashboard","CoachesPortal.ProjectPowerDashboard","CoachesPortal.ProjectPowerDashboard","verifyDemographicsIRW","Demographics page - Initial Reported Weight",""
"passed","Fri Feb 13 22:30:39 UTC 2026","Fri Feb 13 22:30:39 UTC 2026","185","HabitNuCoachPortalSuite","UserDashboard","CoachesPortal.PatientDashboard","CoachesPortal.PatientDashboard","habitCard_NotDone","test16 > Given I am logged in as admin, when I am on adding a habit for the user, Then I should be able to see added habit and as 'NOT DONE' on Habits graph","admin login - user/patient/partcipant dashboard validation"
"broken","Fri Feb 13 22:03:01 UTC 2026","Fri Feb 13 22:03:02 UTC 2026","1225","HabitNuCoachPortalSuite","HabitNuCoachesPortalRegression-PartC","CoachesPortal.PatientDetails.PatientProfileImmunizations","CoachesPortal.PatientDetails.PatientProfileImmunizations","deleteImmunization","delete immunization for Ethylen",""
"passed","Fri Feb 13 21:12:15 UTC 2026","Fri Feb 13 21:12:17 UTC 2026","2101","HabitNuCoachPortalSuite","HabitNuCoachesPortalRegression-PartA","CoachesPortal.DiscussionForumPage","CoachesPortal.DiscussionForumPage","case23","test1 > Given I am logged in as customerAdmin, I am validating Click Delete - Cancel","test1 > Given I am logged in as customerAdmin, I am validating Click Delete - Cancel"
"passed","Fri Feb 13 21:12:07 UTC 2026","Fri Feb 13 21:12:13 UTC 2026","6206","HabitNuCoachPortalSuite","HabitNuCoachesPortalRegression-PartA","CoachesPortal.DiscussionForumPage","CoachesPortal.DiscussionForumPage","case20","test1 > Given I am logged in as customerAdmin, I am validating Edit Post- Upload File","test1 > Given I am logged in as customerAdmin, I am validating Edit Post- Upload File"
"passed","Fri Feb 13 22:25:24 UTC 2026","Fri Feb 13 22:25:25 UTC 2026","794","HabitNuCoachPortalSuite","Milestones","CoachesPortal.VAMilestone","CoachesPortal.VAMilestone","test2_changecohort","When user is able to change the cohort",""
"passed","Fri Feb 13 21:07:38 UTC 2026","Fri Feb 13 21:07:39 UTC 2026","1335","HabitNuCoachPortalSuite","HabitNuCoachesPortalRegression-PartA","CoachesPortal.DiscussionForumPage","CoachesPortal.DiscussionForumPage","case18","test1 > Given I am logged in as coach, I am validating Edit Post- Subject only- Update- Success","test1 > Given I am logged in as coach, I am validating Edit Post- Subject only- Update- Success"
"broken","Fri Feb 13 22:47:56 UTC 2026","Fri Feb 13 22:48:12 UTC 2026","15266","HabitNuCoachPortalSuite","DifferentTypeOfDashboards","CoachesPortal.CohortLevelDashboard.DSMEDashboardCoachesPortal","CoachesPortal.CohortLevelDashboard.DSMEDashboardCoachesPortal","test9_All","And user is validating All",""
"broken","Fri Feb 13 21:41:27 UTC 2026","Fri Feb 13 21:41:31 UTC 2026","4155","HabitNuCoachPortalSuite","Scheduler","CoachesPortal.Schedular","CoachesPortal.Schedular","rescheduleMeeting","test6 >  Given I am logged in as admin, and on time slot page, When I click on created appointment, Then I should see Reschedule button, When I click on it and submit details, Then I should be able to save it","admin login - User should be able to reschedule appointment"
"passed","Fri Feb 13 21:00:08 UTC 2026","Fri Feb 13 21:00:09 UTC 2026","847","HabitNuCoachPortalSuite","HabitNuCoachesPortalRegression-PartA","CoachesPortal.LearnModule.CustomerAdminCourseDocument","CoachesPortal.LearnModule.CustomerAdminCourseDocument","verifyAddUrlTitleLinkRequired","Add Url And Title Required",""
"broken","Fri Feb 13 20:58:22 UTC 2026","Fri Feb 13 20:59:25 UTC 2026","63395","HabitNuCoachPortalSuite","HabitNuCoachesPortalRegression-PartA","CoachesPortal.LearnModule.Learn","CoachesPortal.LearnModule.Learn","deleteCourseContent","delete course content",""
"passed","Fri Feb 13 22:34:57 UTC 2026","Fri Feb 13 22:35:08 UTC 2026","11022","HabitNuCoachPortalSuite","UserDashboard","CoachesPortal.PatientDashboard","CoachesPortal.PatientDashboard","Last_BeforeMeal_Blood_Sugar","test20 > Given I am logged in as coach, wehn I am on Participants dashboard page, when I add bloodsugar BEFORE-MEAL type, Then I should be able to see the added data on dashboard card==Last_BeforeMeal_Blood_Sugar","coach login - clicking on scheduler should open the scheduler page in coaches portal"
"passed","Fri Feb 13 20:59:55 UTC 2026","Fri Feb 13 20:59:58 UTC 2026","2668","HabitNuCoachPortalSuite","HabitNuCoachesPortalRegression-PartA","CoachesPortal.LearnModule.Learn","CoachesPortal.LearnModule.Learn","editByDisablingNotifications","verify inactive notifications",""
"broken","Fri Feb 13 21:24:33 UTC 2026","Fri Feb 13 21:25:03 UTC 2026","30249","HabitNuCoachPortalSuite","HabitNuCoachesPortalRegression-PartB","CoachesPortal.PatientDetails.CommunicationLogsCoachesPortal","CoachesPortal.PatientDetails.CommunicationLogsCoachesPortal","verifyCommunicationLogs_doesnt_GO_on_clicking_cancel","verify messages do not post upon clicking on CANCEL button",""
"broken","Fri Feb 13 21:20:30 UTC 2026","Fri Feb 13 21:20:30 UTC 2026","98","HabitNuCoachPortalSuite","HabitNuCoachesPortalRegression-PartB","CoachesPortal.OnsiteUsersListDashboard","CoachesPortal.OnsiteUsersListDashboard","case34","test1 > Given I am logged in as customerAdmin, validate userList as customerAdmin-Move a user from one cohort to another","test1 > Given I am logged in as customerAdmin, validate userList as customerAdmin-Move a user from one cohort to another"
"passed","Fri Feb 13 21:19:41 UTC 2026","Fri Feb 13 21:19:46 UTC 2026","4795","HabitNuCoachPortalSuite","HabitNuCoachesPortalRegression-PartB","CoachesPortal.OnsiteUsersListDashboard","CoachesPortal.OnsiteUsersListDashboard","case18","test1 > Given I am logged in as coach, Enter call details and then to profile section and check for the details saved.","test1 > Given I am logged in as coach, Enter call details and then to profile section and check for the details saved."
"passed","Fri Feb 13 20:53:49 UTC 2026","Fri Feb 13 20:54:18 UTC 2026","28679","HabitNuCoachPortalSuite","HabitNuCoachesPortalRegression-PartA","CoachesPortal.LearnModule.Learn","CoachesPortal.LearnModule.Learn","addVideoToTheContent","filter down course content by Video and assert Pagination",""
"skipped","Fri Feb 13 21:54:50 UTC 2026","Fri Feb 13 21:54:50 UTC 2026","0","HabitNuCoachPortalSuite","Paywal","CoachesPortal.payWall","CoachesPortal.payWall","testLinkPaymentPlantoProgram","COP-T406: Link Payment Plan to Program",""
"passed","Fri Feb 13 20:51:53 UTC 2026","Fri Feb 13 20:51:55 UTC 2026","1255","HabitNuCoachPortalSuite","HabitNuCoachesPortalRegression-PartA","CoachesPortal.LearnModule.Learn","CoachesPortal.LearnModule.Learn","verifyContentAdded","verifying add content to the course",""
"passed","Fri Feb 13 22:09:01 UTC 2026","Fri Feb 13 22:09:13 UTC 2026","11985","HabitNuCoachPortalSuite","LogClassSession","CoachesPortal.LogClassSection","CoachesPortal.LogClassSection","verifyAddOnlyWeight","Add Only weight",""
"passed","Fri Feb 13 21:30:07 UTC 2026","Fri Feb 13 21:30:07 UTC 2026","146","HabitNuCoachPortalSuite","HabitNuCoachesPortalRegression-PartB","CoachesPortal.PatientDetails.PatientProfileDemographic","CoachesPortal.PatientDetails.PatientProfileDemographic","testSelectDressingNo","test1 > Given I am logged in as coach, testSelectDressingNo","test1 > Given I am logged in as coach, testSelectDressingNo"
"failed","Fri Feb 13 21:26:04 UTC 2026","Fri Feb 13 21:26:05 UTC 2026","571","HabitNuCoachPortalSuite","HabitNuCoachesPortalRegression-PartB","CoachesPortal.PatientDetails.PatientProfileDemographic","CoachesPortal.PatientDetails.PatientProfileDemographic","verifyConfirmed_By_CoachNo","test1 > Given I am logged in as coach, verifyConfirmed_By_Coach by clicking on No","test1 > Given I am logged in as coach, verifyConfirmed_By_Coach by clicking on No"
"passed","Fri Feb 13 21:19:05 UTC 2026","Fri Feb 13 21:19:08 UTC 2026","3224","HabitNuCoachPortalSuite","HabitNuCoachesPortalRegression-PartB","CoachesPortal.OnsiteUsersListDashboard","CoachesPortal.OnsiteUsersListDashboard","case8","test1 > Given I am logged in as coach, Form Survey for cohort- validate sdoh tag present against form set.","test1 > Given I am logged in as coach, Form Survey for cohort- validate sdoh tag present against form set."
"passed","Fri Feb 13 20:48:07 UTC 2026","Fri Feb 13 20:48:09 UTC 2026","2362","HabitNuCoachPortalSuite","HabitNuCoachesPortalRegression-PartA","CoachesPortal.CohortLevelDashboard.CohortLevelDashboardPage","CoachesPortal.CohortLevelDashboard.CohortLevelDashboardPage","case11","Coach Interactions by Participants- click on participant and navigate to dashboard.",""
"passed","Fri Feb 13 22:04:42 UTC 2026","Fri Feb 13 22:04:42 UTC 2026","112","HabitNuCoachPortalSuite","ProjectPowerDashboard","CoachesPortal.ProjectPowerDashboard","CoachesPortal.ProjectPowerDashboard","verifyOutcomesDashboard","It should display the total number of participants who have achieved 5% weight loss",""
"passed","Fri Feb 13 22:43:20 UTC 2026","Fri Feb 13 22:43:26 UTC 2026","5821","HabitNuCoachPortalSuite","DifferentTypeOfDashboards","CoachesPortal.CohortLevelDashboard.OnlineCohortDashboard","CoachesPortal.CohortLevelDashboard.OnlineCohortDashboard","coachInteractionGraph","test1 > Given I am logged in as customer admin, I am validating online cohort 'coachInteractionGraph","test1 > Given I am logged in as customer admin, I am validating online cohort 'coachInteractionGraph"
"passed","Fri Feb 13 20:52:55 UTC 2026","Fri Feb 13 20:53:04 UTC 2026","9064","HabitNuCoachPortalSuite","HabitNuCoachesPortalRegression-PartA","CoachesPortal.LearnModule.Learn","CoachesPortal.LearnModule.Learn","checkLearnTabOnWebWhenCourseIsPublished","check learn tab visibilty on web app when no course is published from coaches portal",""
"passed","Fri Feb 13 22:30:39 UTC 2026","Fri Feb 13 22:30:45 UTC 2026","5865","HabitNuCoachPortalSuite","UserDashboard","CoachesPortal.PatientDashboard","CoachesPortal.PatientDashboard","habitCard_Done","test17 > Given I am logged in as admin, when I am on updating with a habit for the user to DONE, Then I should be able to see updated habit as 'DONE' on Habits graph","admin login - user/patient/partcipant dashboard validation"
"broken","Fri Feb 13 22:15:55 UTC 2026","Fri Feb 13 22:16:55 UTC 2026","60363","HabitNuCoachPortalSuite","GroupDPPClassPlanner","CoachesPortal.ClassPlanner","CoachesPortal.ClassPlanner","case26","Edit (lock)button of class planner in cohort by editing card from user dashboard",""
"passed","Fri Feb 13 22:04:42 UTC 2026","Fri Feb 13 22:04:47 UTC 2026","5050","HabitNuCoachPortalSuite","ProjectPowerDashboard","CoachesPortal.ProjectPowerDashboard","CoachesPortal.ProjectPowerDashboard","verifyM1completionTrend","All cohort dashboard for project power - M1 completion % Trend",""
"passed","Fri Feb 13 21:12:23 UTC 2026","Fri Feb 13 21:12:25 UTC 2026","2128","HabitNuCoachPortalSuite","HabitNuCoachesPortalRegression-PartA","CoachesPortal.DiscussionForumPage","CoachesPortal.DiscussionForumPage","case26","test1 > Given I am logged in as customerAdmin, I am validating UnPin The post","test1 > Given I am logged in as customerAdmin, I am validating UnPin The post"
"passed","Fri Feb 13 21:07:17 UTC 2026","Fri Feb 13 21:07:23 UTC 2026","5210","HabitNuCoachPortalSuite","HabitNuCoachesPortalRegression-PartA","CoachesPortal.DiscussionForumPage","CoachesPortal.DiscussionForumPage","case16","test1 > Given I am logged in as coach, I am validating upload upto 5 files with Description- Success.","test1 > Given I am logged in as coach, I am validating upload upto 5 files with Description- Success."
"passed","Fri Feb 13 22:12:16 UTC 2026","Fri Feb 13 22:12:17 UTC 2026","1293","HabitNuCoachPortalSuite","GroupDPPClassPlanner","CoachesPortal.ClassPlanner","CoachesPortal.ClassPlanner","case4","create multiple lists",""
"passed","Fri Feb 13 22:41:54 UTC 2026","Fri Feb 13 22:42:00 UTC 2026","5513","HabitNuCoachPortalSuite","DifferentTypeOfDashboards","CoachesPortal.CohortLevelDashboard.OnlineCohortDashboard","CoachesPortal.CohortLevelDashboard.OnlineCohortDashboard","coachInteractionGraph","test1 > Given I am logged in as coach, I am validating online cohort 'coachInteractionGraph","test1 > Given I am logged in as coach, I am validating online cohort 'coachInteractionGraph"
"broken","Fri Feb 13 22:03:02 UTC 2026","Fri Feb 13 22:03:33 UTC 2026","30090","HabitNuCoachPortalSuite","HabitNuCoachesPortalRegression-PartC","CoachesPortal.PatientDetails.PatientProfilePayerType","CoachesPortal.PatientDetails.PatientProfilePayerType","verifyAddPayerTypeDetails","Add PayerType of Ethlen",""
"passed","Fri Feb 13 21:39:09 UTC 2026","Fri Feb 13 21:39:34 UTC 2026","24471","HabitNuCoachPortalSuite","UserActivities","CoachesPortal.PatientDetails.UserActivitiesBloodSugar","CoachesPortal.PatientDetails.UserActivitiesBloodSugar","verifyEditBSDataInCoachesPortal","Edit BS data in webapp and verify in webapp as well as in coaches portal",""
"passed","Fri Feb 13 21:01:46 UTC 2026","Fri Feb 13 21:01:56 UTC 2026","9361","HabitNuCoachPortalSuite","HabitNuCoachesPortalRegression-PartA","CoachesPortal.LearnModule.CustomerAdminCourseDocument","CoachesPortal.LearnModule.CustomerAdminCourseDocument","verifyVideoArchiveCancelAndConfirm","Video Archive Cancel And Confirm",""
"passed","Fri Feb 13 21:18:44 UTC 2026","Fri Feb 13 21:18:46 UTC 2026","1834","HabitNuCoachPortalSuite","HabitNuCoachesPortalRegression-PartB","CoachesPortal.OnsiteUsersListDashboard","CoachesPortal.OnsiteUsersListDashboard","case19","test1 > Given I am logged in as admin, Cancel Scenarios- Call","test1 > Given I am logged in as admin, Cancel Scenarios- Call"
"broken","Fri Feb 13 22:22:48 UTC 2026","Fri Feb 13 22:22:48 UTC 2026","82","HabitNuCoachPortalSuite","Milestones","CoachesPortal.MilestoneModule.SoleraIBCorNDPP","CoachesPortal.MilestoneModule.SoleraIBCorNDPP","test3","Given I am on the Name/SID column, When I click the downward arrow, Then the names should be displayed in ascending order",""
"broken","Fri Feb 13 20:49:43 UTC 2026","Fri Feb 13 20:49:58 UTC 2026","15463","HabitNuCoachPortalSuite","HabitNuCoachesPortalRegression-PartA","CoachesPortal.CohortLevelDashboard.CohortLevelDashboardPage","CoachesPortal.CohortLevelDashboard.CohortLevelDashboardPage","case20","Navigating to user dashboard through HbA1c user graph.",""
"broken","Fri Feb 13 21:30:25 UTC 2026","Fri Feb 13 21:30:26 UTC 2026","636","HabitNuCoachPortalSuite","HabitNuCoachesPortalRegression-PartB","CoachesPortal.PatientDetails.PatientProfileDemographic","CoachesPortal.PatientDetails.PatientProfileDemographic","updateverifyProgramDetailsWithIsActive","test1 > Given I am logged in as customer admin, update patientId and payertype","test1 > Given I am logged in as customer admin, update patientId and payertype"
"passed","Fri Feb 13 21:29:36 UTC 2026","Fri Feb 13 21:29:36 UTC 2026","255","HabitNuCoachPortalSuite","HabitNuCoachesPortalRegression-PartB","CoachesPortal.PatientDetails.PatientProfileDemographic","CoachesPortal.PatientDetails.PatientProfileDemographic","testSelectHearingYes","test1 > Given I am logged in as coach, testSelectHearingYes","test1 > Given I am logged in as coach, testSelectHearingYes"
"passed","Fri Feb 13 21:19:50 UTC 2026","Fri Feb 13 21:19:57 UTC 2026","6755","HabitNuCoachPortalSuite","HabitNuCoachesPortalRegression-PartB","CoachesPortal.OnsiteUsersListDashboard","CoachesPortal.OnsiteUsersListDashboard","case29","test1 > Given I am logged in as customerAdmin, Given I am logged in as customerAdmin, validate userList as customerAdmin","test1 > Given I am logged in as customerAdmin, Given I am logged in as customerAdmin, validate userList as customerAdmin"
"passed","Fri Feb 13 21:26:05 UTC 2026","Fri Feb 13 21:26:05 UTC 2026","779","HabitNuCoachPortalSuite","HabitNuCoachesPortalRegression-PartB","CoachesPortal.PatientDetails.PatientProfileDemographic","CoachesPortal.PatientDetails.PatientProfileDemographic","editverifyProgramDetailsWithIsActive","test1 > Given I am logged in as coach, verify cancel and update buttons are present for program details","test1 > Given I am logged in as coach, verify cancel and update buttons are present for program details"
"broken","Fri Feb 13 22:17:55 UTC 2026","Fri Feb 13 22:18:56 UTC 2026","60377","HabitNuCoachPortalSuite","GroupDPPClassPlanner","CoachesPortal.ClassPlanner","CoachesPortal.ClassPlanner","case31","Login to coach portal -> select the cohort -> Class planner -> Click on Edit (pencil) button -> add the participant -> Done",""
"passed","Fri Feb 13 21:01:13 UTC 2026","Fri Feb 13 21:01:17 UTC 2026","3012","HabitNuCoachPortalSuite","HabitNuCoachesPortalRegression-PartA","CoachesPortal.LearnModule.CustomerAdminCourseDocument","CoachesPortal.LearnModule.CustomerAdminCourseDocument","verifyAddVideoUploadRequired","Add Video upload Required",""
"passed","Fri Feb 13 22:04:33 UTC 2026","Fri Feb 13 22:04:33 UTC 2026","402","HabitNuCoachPortalSuite","HabitNuCoachesPortalRegression-PartC","CoachesPortal.PatientDetails.PatientProfileHealthProviders","CoachesPortal.PatientDetails.PatientProfileHealthProviders","verifyHealthProvider","verify HealthProvider for Ethylen",""
"broken","Fri Feb 13 22:39:47 UTC 2026","Fri Feb 13 22:40:08 UTC 2026","20531","HabitNuCoachPortalSuite","ParticipationsTable","CoachesPortal.participations","CoachesPortal.participations","test12_searchpartner","And user is able to search the user with partner name",""
"broken","Fri Feb 13 21:21:14 UTC 2026","Fri Feb 13 21:21:15 UTC 2026","1122","HabitNuCoachPortalSuite","HabitNuCoachesPortalRegression-PartB","CoachesPortal.OnsiteUsersListDashboard","CoachesPortal.OnsiteUsersListDashboard","case48","test1 > Given I am logged in as customerAdmin, enroll user but click - N0","test1 > Given I am logged in as customerAdmin, enroll user but click - N0"
"failed","Fri Feb 13 22:44:15 UTC 2026","Fri Feb 13 22:44:16 UTC 2026","736","HabitNuCoachPortalSuite","DifferentTypeOfDashboards","CoachesPortal.CohortLevelDashboard.OnsiteCohortDashboard","CoachesPortal.CohortLevelDashboard.OnsiteCohortDashboard","case8","test1 > Given I am logged in as coach,  I am validating onsite cohort 'Weight Loss By Participants validation on graph with 'Added by user' option, when user adds weight","test1 > Given I am logged in as coach,  I am validating onsite cohort 'Weight Loss By Participants validation on graph with 'Added by user' option, when user adds weight"
"skipped","Fri Feb 13 22:23:22 UTC 2026","Fri Feb 13 22:23:22 UTC 2026","0","HabitNuCoachPortalSuite","Milestones","CoachesPortal.MilestoneModule.SoleraIBCorNDPP","CoachesPortal.MilestoneModule.SoleraIBCorNDPP","test5","Given I have achieved M0 & M1 now, When I achieve Weekly Meaningful Engagement for week2, Then I should be marked as having achieved milestone M2",""
"passed","Fri Feb 13 22:41:19 UTC 2026","Fri Feb 13 22:41:20 UTC 2026","932","HabitNuCoachPortalSuite","DifferentTypeOfDashboards","CoachesPortal.CohortLevelDashboard.OnlineCohortDashboard","CoachesPortal.CohortLevelDashboard.OnlineCohortDashboard","case5","test1 > Given I am logged in as coach, I am validating online cohort 'Weight Loss By Participants validation on graph with 'Added by coach' option","test1 > Given I am logged in as coach, I am validating online cohort 'Weight Loss By Participants validation on graph with 'Added by coach' option"
"passed","Fri Feb 13 22:40:59 UTC 2026","Fri Feb 13 22:41:09 UTC 2026","9510","HabitNuCoachPortalSuite","DifferentTypeOfDashboards","CoachesPortal.CohortLevelDashboard.OnlineCohortDashboard","CoachesPortal.CohortLevelDashboard.OnlineCohortDashboard","disenrolledCard","test1 > Given I am logged in as coach, I am validating online cohort 'dashboard-card=DisenrolledCount","test1 > Given I am logged in as coach, I am validating online cohort 'dashboard-card=DisenrolledCount"
"passed","Fri Feb 13 22:24:24 UTC 2026","Fri Feb 13 22:24:25 UTC 2026","792","HabitNuCoachPortalSuite","Milestones","CoachesPortal.BPSMMilestone","CoachesPortal.BPSMMilestone","test2_changecohort","When user is able to change the cohort",""
"failed","Fri Feb 13 22:06:27 UTC 2026","Fri Feb 13 22:06:38 UTC 2026","11115","HabitNuCoachPortalSuite","ProjectPowerDashboard","CoachesPortal.ProjectPowerDashboard","CoachesPortal.ProjectPowerDashboard","verifyADAMilestoneForALLTIME","All cohort dashboard for project power - ADA milestone trend - ALL TIME",""
"passed","Fri Feb 13 22:08:19 UTC 2026","Fri Feb 13 22:08:23 UTC 2026","4775","HabitNuCoachPortalSuite","LoginPageCases","CoachesPortal.LoginPageCases","CoachesPortal.LoginPageCases","testRestpasswordAuthentication","validate user is able to login with the reset password",""
"broken","Fri Feb 13 21:46:04 UTC 2026","Fri Feb 13 21:46:04 UTC 2026","118","HabitNuCoachPortalSuite","Scheduler","CoachesPortal.Schedular","CoachesPortal.Schedular","validateInteractionEntries_Interaction_Type","test1 > Given I am logged in as coach, verify group interaction entries are made automatically when meet is attended for min of 1min > Validating field==Interaction_Typ","test1 > Given I am logged in as coach, verify group interaction entries are made automatically when meet is attended for min of 1min > Validating field==Interaction_Typ"
"passed","Fri Feb 13 21:16:27 UTC 2026","Fri Feb 13 21:16:45 UTC 2026","17885","HabitNuCoachPortalSuite","HabitNuCoachesPortalRegression-PartA","CoachesPortal.DirectMessage","CoachesPortal.DirectMessage","sendMessageToCoach","Verify message sent from Web app on Coaches",""
"passed","Fri Feb 13 21:30:07 UTC 2026","Fri Feb 13 21:30:07 UTC 2026","172","HabitNuCoachPortalSuite","HabitNuCoachesPortalRegression-PartB","CoachesPortal.PatientDetails.PatientProfileDemographic","CoachesPortal.PatientDetails.PatientProfileDemographic","testSelectEmotionalYes","test1 > Given I am logged in as coach, testSelectEmotionalYes","test1 > Given I am logged in as coach, testSelectEmotionalYes"
"passed","Fri Feb 13 21:33:22 UTC 2026","Fri Feb 13 21:33:22 UTC 2026","250","HabitNuCoachPortalSuite","HabitNuCoachesPortalRegression-PartB","CoachesPortal.PatientDetails.PatientProfileDemographic","CoachesPortal.PatientDetails.PatientProfileDemographic","testSelectHearingYes","test1 > Given I am logged in as customer admin, testSelectHearingYes","test1 > Given I am logged in as customer admin, testSelectHearingYes"
"failed","Fri Feb 13 21:53:55 UTC 2026","Fri Feb 13 21:53:56 UTC 2026","983","HabitNuCoachPortalSuite","Paywal","CoachesPortal.payWall","CoachesPortal.payWall","testViewSubscriptionDetails","COP-T396: View subscription details",""
"passed","Fri Feb 13 21:19:34 UTC 2026","Fri Feb 13 21:19:35 UTC 2026","1133","HabitNuCoachPortalSuite","HabitNuCoachesPortalRegression-PartB","CoachesPortal.OnsiteUsersListDashboard","CoachesPortal.OnsiteUsersListDashboard","case15","test1 > Given I am logged in as coach, Click on a user and check whether its navigating to the dashboard.","test1 > Given I am logged in as coach, Click on a user and check whether its navigating to the dashboard."
"passed","Fri Feb 13 21:18:08 UTC 2026","Fri Feb 13 21:18:11 UTC 2026","3245","HabitNuCoachPortalSuite","HabitNuCoachesPortalRegression-PartB","CoachesPortal.OnsiteUsersListDashboard","CoachesPortal.OnsiteUsersListDashboard","case9","test1 > Given I am logged in as admin, Form Survey for cohort- Disability.","test1 > Given I am logged in as admin, Form Survey for cohort- Disability."
"passed","Fri Feb 13 20:52:50 UTC 2026","Fri Feb 13 20:52:51 UTC 2026","257","HabitNuCoachPortalSuite","HabitNuCoachesPortalRegression-PartA","CoachesPortal.LearnModule.Learn","CoachesPortal.LearnModule.Learn","courseProgressUnderUserTab","check course tab from main dashboard",""
"passed","Fri Feb 13 21:39:57 UTC 2026","Fri Feb 13 21:40:08 UTC 2026","10935","HabitNuCoachPortalSuite","UserActivities","CoachesPortal.PatientDetails.UserActivitiesTobacco","CoachesPortal.PatientDetails.UserActivitiesTobacco","verifyCurrentAndYesterdayBPDataInCoachesPortal","Verify current and yesterday tobacco in coaches and webportal",""
"passed","Fri Feb 13 22:35:08 UTC 2026","Fri Feb 13 22:35:15 UTC 2026","6981","HabitNuCoachPortalSuite","UserDashboard","CoachesPortal.PatientDashboard","CoachesPortal.PatientDashboard","Last_Fasting_Blood_Sugar","test19 > Given I am logged in as coach, wehn I am on Participants dashboard page, when I add bloodsugar FASTING type, Then I should be able to see the added data on dashboard card==Last_Fasting_Blood_Sugar","coach login - clicking on scheduler should open the scheduler page in coaches portal"
"broken","Fri Feb 13 22:22:48 UTC 2026","Fri Feb 13 22:23:22 UTC 2026","33887","HabitNuCoachPortalSuite","Milestones","CoachesPortal.MilestoneModule.SoleraIBCorNDPP","CoachesPortal.MilestoneModule.SoleraIBCorNDPP","test4","Given I am enrolled in a programId==IBC/NDPP, When I achieve Weekly Meaningful Engagement for week1, Then I should be marked as having achieved milestone M0 and milestone M1",""
"failed","Fri Feb 13 21:54:50 UTC 2026","Fri Feb 13 21:55:53 UTC 2026","62070","HabitNuCoachPortalSuite","Paywal","CoachesPortal.payWall","CoachesPortal.payWall","testSubscriptionFailureScenario","COP-T415: Validate subscription failure scenario",""
"passed","Fri Feb 13 21:07:49 UTC 2026","Fri Feb 13 21:07:50 UTC 2026","721","HabitNuCoachPortalSuite","HabitNuCoachesPortalRegression-PartA","CoachesPortal.DiscussionForumPage","CoachesPortal.DiscussionForumPage","case24","test1 > Given I am logged in as coach, I am validating Pin The post","test1 > Given I am logged in as coach, I am validating Pin The post"
"failed","Fri Feb 13 22:43:37 UTC 2026","Fri Feb 13 22:43:42 UTC 2026","5338","HabitNuCoachPortalSuite","DifferentTypeOfDashboards","CoachesPortal.CohortLevelDashboard.OnsiteCohortDashboard","CoachesPortal.CohortLevelDashboard.OnsiteCohortDashboard","disenrolledCard","test1 > Given I am logged in as coach, I am validating onsite cohort 'dashboard-card=DisenrolledCount","test1 > Given I am logged in as coach, I am validating onsite cohort 'dashboard-card=DisenrolledCount"
"passed","Fri Feb 13 22:43:20 UTC 2026","Fri Feb 13 22:43:20 UTC 2026","31","HabitNuCoachPortalSuite","DifferentTypeOfDashboards","CoachesPortal.CohortLevelDashboard.OnlineCohortDashboard","CoachesPortal.CohortLevelDashboard.OnlineCohortDashboard","coachName","test1 > Given I am logged in as customer admin, I am validating online cohort 'dashboard-card=coachName","test1 > Given I am logged in as customer admin, I am validating online cohort 'dashboard-card=coachName"
"passed","Fri Feb 13 22:20:09 UTC 2026","Fri Feb 13 22:20:22 UTC 2026","12611","HabitNuCoachPortalSuite","GeneralContent","CoachesPortal.generalContent_WEb_Coaches","CoachesPortal.generalContent_WEb_Coaches","Case5_selectRandomVideoTags","Selecting Random Video Tags for Video",""
"skipped","Fri Feb 13 21:55:53 UTC 2026","Fri Feb 13 21:55:53 UTC 2026","1","HabitNuCoachPortalSuite","Paywal","CoachesPortal.payWall","CoachesPortal.payWall","testValidateTransactionEntryAfterSubscription","COP-T411: Validate transaction entry after user subscription",""
"passed","Fri Feb 13 21:34:35 UTC 2026","Fri Feb 13 21:34:45 UTC 2026","10236","HabitNuCoachPortalSuite","HabitNuCoachesPortalRegression-PartB","CoachesPortal.PatientDetails.PatientProfileDemographic","CoachesPortal.PatientDetails.PatientProfileDemographic","updatepreferred_name","test1 > Given I am logged in as customer admin, preferred_name","test1 > Given I am logged in as customer admin, preferred_name"
"passed","Fri Feb 13 22:44:47 UTC 2026","Fri Feb 13 22:44:47 UTC 2026","29","HabitNuCoachPortalSuite","DifferentTypeOfDashboards","CoachesPortal.CohortLevelDashboard.OnsiteCohortDashboard","CoachesPortal.CohortLevelDashboard.OnsiteCohortDashboard","coachName","test1 > Given I am logged in as coach, I am validating onsite cohort 'dashboard-card=coachName","test1 > Given I am logged in as coach, I am validating onsite cohort 'dashboard-card=coachName"
"passed","Fri Feb 13 22:30:09 UTC 2026","Fri Feb 13 22:30:10 UTC 2026","1213","HabitNuCoachPortalSuite","UserDashboard","CoachesPortal.PatientDashboard","CoachesPortal.PatientDashboard","Weight_History","test3 > Given I am logged in as admin, wehn I am on adding weight from user Dashboard, Then I should be able to see added weight on the weight history graph","admin login - user/patient/partcipant dashboard validation"
"passed","Fri Feb 13 21:18:40 UTC 2026","Fri Feb 13 21:18:44 UTC 2026","4232","HabitNuCoachPortalSuite","HabitNuCoachesPortalRegression-PartB","CoachesPortal.OnsiteUsersListDashboard","CoachesPortal.OnsiteUsersListDashboard","case18","test1 > Given I am logged in as admin, Enter call details and then to profile section and check for the details saved.","test1 > Given I am logged in as admin, Enter call details and then to profile section and check for the details saved."
"passed","Fri Feb 13 21:03:47 UTC 2026","Fri Feb 13 21:03:49 UTC 2026","2132","HabitNuCoachPortalSuite","HabitNuCoachesPortalRegression-PartA","CoachesPortal.DiscussionForumPage","CoachesPortal.DiscussionForumPage","case26","test1 > Given I am logged in as admin, I am validating UnPin The post","test1 > Given I am logged in as admin, I am validating UnPin The post"
"passed","Fri Feb 13 20:51:01 UTC 2026","Fri Feb 13 20:51:06 UTC 2026","5183","HabitNuCoachPortalSuite","HabitNuCoachesPortalRegression-PartA","CoachesPortal.LearnModule.Learn","CoachesPortal.LearnModule.Learn","verifyCourseActions","Verify course Actions on hovering shows all the buttons",""
"failed","Fri Feb 13 21:18:34 UTC 2026","Fri Feb 13 21:18:40 UTC 2026","5263","HabitNuCoachPortalSuite","HabitNuCoachesPortalRegression-PartB","CoachesPortal.OnsiteUsersListDashboard","CoachesPortal.OnsiteUsersListDashboard","case16","test1 > Given I am logged in as admin, Click on headphone icon- check for Pop up.","test1 > Given I am logged in as admin, Click on headphone icon- check for Pop up."
"passed","Fri Feb 13 22:08:29 UTC 2026","Fri Feb 13 22:08:29 UTC 2026","108","HabitNuCoachPortalSuite","LoginPageCases","CoachesPortal.LoginPageCases","CoachesPortal.LoginPageCases","case12","Coaches Portal Feedback URL -> Keep the feedback page empty -> Click on submit feedback",""
"passed","Fri Feb 13 21:30:07 UTC 2026","Fri Feb 13 21:30:07 UTC 2026","12","HabitNuCoachPortalSuite","HabitNuCoachesPortalRegression-PartB","CoachesPortal.PatientDetails.PatientProfileDemographic","CoachesPortal.PatientDetails.PatientProfileDemographic","updateFirstName","test1 > Given I am logged in as coach, First Name","test1 > Given I am logged in as coach, First Name"
"passed","Fri Feb 13 21:30:24 UTC 2026","Fri Feb 13 21:30:24 UTC 2026","275","HabitNuCoachPortalSuite","HabitNuCoachesPortalRegression-PartB","CoachesPortal.PatientDetails.PatientProfileDemographic","CoachesPortal.PatientDetails.PatientProfileDemographic","verifyConfirmed_By_CoachNo","test1 > Given I am logged in as customer admin, verifyConfirmed_By_Coach by clicking on No","test1 > Given I am logged in as customer admin, verifyConfirmed_By_Coach by clicking on No"
"passed","Fri Feb 13 21:32:42 UTC 2026","Fri Feb 13 21:32:42 UTC 2026","52","HabitNuCoachPortalSuite","HabitNuCoachesPortalRegression-PartB","CoachesPortal.PatientDetails.PatientProfileDemographic","CoachesPortal.PatientDetails.PatientProfileDemographic","verifyCallDetails","test1 > Given I am logged in as customer admin, verifyCallDetails","test1 > Given I am logged in as customer admin, verifyCallDetails"
"passed","Fri Feb 13 22:35:25 UTC 2026","Fri Feb 13 22:35:26 UTC 2026","78","HabitNuCoachPortalSuite","FeatureFlags","CoachesPortal.FeatureFlags","CoachesPortal.FeatureFlags","test10_clickaddrule","And user is able to click on add rule button",""
"passed","Fri Feb 13 21:00:05 UTC 2026","Fri Feb 13 21:00:05 UTC 2026","44","HabitNuCoachPortalSuite","HabitNuCoachesPortalRegression-PartA","CoachesPortal.LearnModule.CustomerAdminCourseDocument","CoachesPortal.LearnModule.CustomerAdminCourseDocument","verifyAllElementsInCourseDocuments_","Verify all Elements In CourseDocument",""
"passed","Fri Feb 13 21:35:06 UTC 2026","Fri Feb 13 21:35:17 UTC 2026","11218","HabitNuCoachPortalSuite","HabitNuCoachesPortalRegression-PartB","CoachesPortal.PatientDetails.PatientProfileDemographic","CoachesPortal.PatientDetails.PatientProfileDemographic","updateMaritalStatus","test1 > Given I am logged in as customer admin, Marital Status","test1 > Given I am logged in as customer admin, Marital Status"
"passed","Fri Feb 13 20:47:30 UTC 2026","Fri Feb 13 20:47:30 UTC 2026","721","HabitNuCoachPortalSuite","HabitNuCoachesPortalRegression-PartA","CoachesPortal.CohortLevelDashboard.CohortLevelDashboardPage","CoachesPortal.CohortLevelDashboard.CohortLevelDashboardPage","case1","Element Level assertion at the landing page.",""
"passed","Fri Feb 13 21:19:22 UTC 2026","Fri Feb 13 21:19:24 UTC 2026","1742","HabitNuCoachPortalSuite","HabitNuCoachesPortalRegression-PartB","CoachesPortal.OnsiteUsersListDashboard","CoachesPortal.OnsiteUsersListDashboard","case13","test1 > Given I am logged in as coach, Click on +, wait till all elements are displayed and then validate.","test1 > Given I am logged in as coach, Click on +, wait till all elements are displayed and then validate."
"failed","Fri Feb 13 21:30:23 UTC 2026","Fri Feb 13 21:30:24 UTC 2026","163","HabitNuCoachPortalSuite","HabitNuCoachesPortalRegression-PartB","CoachesPortal.PatientDetails.PatientProfileDemographic","CoachesPortal.PatientDetails.PatientProfileDemographic","verifyProgramDetails","test1 > Given I am logged in as customer admin, Verify user as Ethelyn in demographic with Program Details","test1 > Given I am logged in as customer admin, Verify user as Ethelyn in demographic with Program Details"
"failed","Fri Feb 13 22:06:44 UTC 2026","Fri Feb 13 22:06:50 UTC 2026","6284","HabitNuCoachPortalSuite","ProjectPowerDashboard","CoachesPortal.ProjectPowerDashboard","CoachesPortal.ProjectPowerDashboard","verifySDOHPage_HouseHold_Income","Verify SDOH - Household Income chart tooltips",""
"passed","Fri Feb 13 21:02:38 UTC 2026","Fri Feb 13 21:02:39 UTC 2026","1228","HabitNuCoachPortalSuite","HabitNuCoachesPortalRegression-PartA","CoachesPortal.DiscussionForumPage","CoachesPortal.DiscussionForumPage","verifyFileIsOpenedOnClickingViewButton","test1 > Given I am logged in as admin, I am validating verify file opened on clicking view button","test1 > Given I am logged in as admin, I am validating verify file opened on clicking view button"
"passed","Fri Feb 13 21:31:54 UTC 2026","Fri Feb 13 21:32:03 UTC 2026","9166","HabitNuCoachPortalSuite","HabitNuCoachesPortalRegression-PartB","CoachesPortal.PatientDetails.PatientProfileDemographic","CoachesPortal.PatientDetails.PatientProfileDemographic","updateDisenrollmentDetails_with_onlyDisenrolledReason","test1 > Given I am logged in as customer admin, try updating DisenrollmentDetails with only diseenrolledReason data","test1 > Given I am logged in as customer admin, try updating DisenrollmentDetails with only diseenrolledReason data"
"passed","Fri Feb 13 21:19:04 UTC 2026","Fri Feb 13 21:19:05 UTC 2026","749","HabitNuCoachPortalSuite","HabitNuCoachesPortalRegression-PartB","CoachesPortal.OnsiteUsersListDashboard","CoachesPortal.OnsiteUsersListDashboard","case6","test1 > Given I am logged in as coach, Seach user by ID.","test1 > Given I am logged in as coach, Seach user by ID."
"broken","Fri Feb 13 22:36:21 UTC 2026","Fri Feb 13 22:36:44 UTC 2026","22964","HabitNuCoachPortalSuite","FeatureFlags","CoachesPortal.FeatureFlags","CoachesPortal.FeatureFlags","test14_addrulesforpartner","And user is able to add the rule for partner level",""
"broken","Fri Feb 13 21:17:42 UTC 2026","Fri Feb 13 21:18:03 UTC 2026","20389","HabitNuCoachPortalSuite","HabitNuCoachesPortalRegression-PartB","CoachesPortal.OnsiteUsersListDashboard","CoachesPortal.OnsiteUsersListDashboard","case4","test1 > Given I am logged in as admin, Seach user by name.","test1 > Given I am logged in as admin, Seach user by name."
"passed","Fri Feb 13 21:30:26 UTC 2026","Fri Feb 13 21:30:29 UTC 2026","3780","HabitNuCoachPortalSuite","HabitNuCoachesPortalRegression-PartB","CoachesPortal.PatientDetails.PatientProfileDemographic","CoachesPortal.PatientDetails.PatientProfileDemographic","updateAndVerifyContactDetails","test1 > Given I am logged in as customer admin, updateAndVerifyContactDetails","test1 > Given I am logged in as customer admin, updateAndVerifyContactDetails"
"passed","Fri Feb 13 21:29:36 UTC 2026","Fri Feb 13 21:29:37 UTC 2026","140","HabitNuCoachPortalSuite","HabitNuCoachesPortalRegression-PartB","CoachesPortal.PatientDetails.PatientProfileDemographic","CoachesPortal.PatientDetails.PatientProfileDemographic","testSelectBlindNo","test1 > Given I am logged in as coach, testSelectBlindNo","test1 > Given I am logged in as coach, testSelectBlindNo"
"broken","Fri Feb 13 21:26:14 UTC 2026","Fri Feb 13 21:26:49 UTC 2026","35469","HabitNuCoachPortalSuite","HabitNuCoachesPortalRegression-PartB","CoachesPortal.PatientDetails.PatientProfileDemographic","CoachesPortal.PatientDetails.PatientProfileDemographic","updateDisenrollmentDetails_with_emptyData","test1 > Given I am logged in as coach, try updating DisenrollmentDetails with empty data","test1 > Given I am logged in as coach, try updating DisenrollmentDetails with empty data"
"failed","Fri Feb 13 22:42:41 UTC 2026","Fri Feb 13 22:42:50 UTC 2026","9466","HabitNuCoachPortalSuite","DifferentTypeOfDashboards","CoachesPortal.CohortLevelDashboard.OnlineCohortDashboard","CoachesPortal.CohortLevelDashboard.OnlineCohortDashboard","male_female_card_withUdate_to_male","test1 > Given I am logged in as customer admin, I am validating online cohort 'dashboard-card=male_female_card_withUdate_to_male","test1 > Given I am logged in as customer admin, I am validating online cohort 'dashboard-card=male_female_card_withUdate_to_male"
"broken","Fri Feb 13 22:03:33 UTC 2026","Fri Feb 13 22:03:53 UTC 2026","20524","HabitNuCoachPortalSuite","HabitNuCoachesPortalRegression-PartC","CoachesPortal.PatientDetails.PatientProfilePayerType","CoachesPortal.PatientDetails.PatientProfilePayerType","deletePayertype","delete Payertype for Ethylen",""
"passed","Fri Feb 13 22:34:28 UTC 2026","Fri Feb 13 22:34:28 UTC 2026","73","HabitNuCoachPortalSuite","UserDashboard","CoachesPortal.PatientDashboard","CoachesPortal.PatientDashboard","patientWeeklyStatus_Meals","test11 > Given I am logged in as coach, when I am on adding Meal by logging into user app, Then I should be able to see added Meal count==1 under patientWeeklyStatus_Meals","coach login - user/patient/partcipant dashboard validation"
"passed","Fri Feb 13 22:33:58 UTC 2026","Fri Feb 13 22:34:00 UTC 2026","1220","HabitNuCoachPortalSuite","UserDashboard","CoachesPortal.PatientDashboard","CoachesPortal.PatientDashboard","Weight_History","test3 > Given I am logged in as coach, wehn I am on adding weight from user Dashboard, Then I should be able to see added weight on the weight history graph","coach login - user/patient/partcipant dashboard validation"
"passed","Fri Feb 13 22:33:44 UTC 2026","Fri Feb 13 22:33:50 UTC 2026","6266","HabitNuCoachPortalSuite","UserDashboard","CoachesPortal.PatientDashboard","CoachesPortal.PatientDashboard","bloodSugarHistory","test6 > Given I am logged in as coach, wehn I am on adding bloodsugar from user Dashboard, Then I should be able to see added bloodsugar on bloodSugarHistory graph","coach login - user/patient/partcipant dashboard validation"
"broken","Fri Feb 13 21:19:40 UTC 2026","Fri Feb 13 21:19:41 UTC 2026","599","HabitNuCoachPortalSuite","HabitNuCoachesPortalRegression-PartB","CoachesPortal.OnsiteUsersListDashboard","CoachesPortal.OnsiteUsersListDashboard","case17","test1 > Given I am logged in as coach, Enter call details from list section using headset button","test1 > Given I am logged in as coach, Enter call details from list section using headset button"
"passed","Fri Feb 13 22:34:28 UTC 2026","Fri Feb 13 22:34:28 UTC 2026","18","HabitNuCoachPortalSuite","UserDashboard","CoachesPortal.PatientDashboard","CoachesPortal.PatientDashboard","patientWeeklyStatus_CoachInteractions","test9 > Given I am logged in as coach, wehn I am on adding coachInteraction from user Interaction tab, Then I should be able to see added interaction count==1 under patientWeeklyStatus_CoachInteractions","coach login - user/patient/partcipant dashboard validation"
"passed","Fri Feb 13 20:50:58 UTC 2026","Fri Feb 13 20:50:59 UTC 2026","198","HabitNuCoachPortalSuite","HabitNuCoachesPortalRegression-PartA","CoachesPortal.LearnModule.Learn","CoachesPortal.LearnModule.Learn","verifyAdminModuleIsAvailable","Verify CustomerAdmin can click on admin option from profile Icon",""
"passed","Fri Feb 13 22:21:28 UTC 2026","Fri Feb 13 22:21:28 UTC 2026","374","HabitNuCoachPortalSuite","GeneralContent","CoachesPortal.generalContent_WEb_Coaches","CoachesPortal.generalContent_WEb_Coaches","RedirectToWebForDelete","Redirecting To Web page for delete validation",""
"passed","Fri Feb 13 22:35:22 UTC 2026","Fri Feb 13 22:35:23 UTC 2026","545","HabitNuCoachPortalSuite","FeatureFlags","CoachesPortal.FeatureFlags","CoachesPortal.FeatureFlags","test4_validatingadmin_defaultpage","When user is validating to Admin default section ",""
"passed","Fri Feb 13 22:09:46 UTC 2026","Fri Feb 13 22:09:52 UTC 2026","5557","HabitNuCoachPortalSuite","LogClassSession","CoachesPortal.LogClassSection","CoachesPortal.LogClassSection","verifyMaxValueinWeightNotAllowed","entering 1000 Value in weight should limit to 3 chars which is 100",""
"passed","Fri Feb 13 21:42:48 UTC 2026","Fri Feb 13 21:42:51 UTC 2026","2415","HabitNuCoachPortalSuite","Scheduler","CoachesPortal.Schedular","CoachesPortal.Schedular","joinTheMeeting","test7 >  Given I am logged in as coach, and on time slot page, When I click on created appointment, Then I should see the Join the meet button, When I click on it, Then I should be taken to joinmeeting page in new tab","coach login - User should be able to join the meet"
"broken","Fri Feb 13 20:48:40 UTC 2026","Fri Feb 13 20:48:56 UTC 2026","16415","HabitNuCoachPortalSuite","HabitNuCoachesPortalRegression-PartA","CoachesPortal.CohortLevelDashboard.CohortLevelDashboardPage","CoachesPortal.CohortLevelDashboard.CohortLevelDashboardPage","case16","Nutrition Details Displayed Successfully Test Case.",""
"passed","Fri Feb 13 22:41:20 UTC 2026","Fri Feb 13 22:41:21 UTC 2026","674","HabitNuCoachPortalSuite","DifferentTypeOfDashboards","CoachesPortal.CohortLevelDashboard.OnlineCohortDashboard","CoachesPortal.CohortLevelDashboard.OnlineCohortDashboard","case6","test1 > Given I am logged in as coach, I am validating online cohort 'Weight Loss By Participants validation on graph with 'Added by user' option","test1 > Given I am logged in as coach, I am validating online cohort 'Weight Loss By Participants validation on graph with 'Added by user' option"
"broken","Fri Feb 13 21:19:57 UTC 2026","Fri Feb 13 21:19:58 UTC 2026","906","HabitNuCoachPortalSuite","HabitNuCoachesPortalRegression-PartB","CoachesPortal.OnsiteUsersListDashboard","CoachesPortal.OnsiteUsersListDashboard","case30","test1 > Given I am logged in as customerAdmin, validate userList as customerAdmin-Verify all elements are present.","test1 > Given I am logged in as customerAdmin, validate userList as customerAdmin-Verify all elements are present."
"passed","Fri Feb 13 21:30:33 UTC 2026","Fri Feb 13 21:30:33 UTC 2026","31","HabitNuCoachPortalSuite","HabitNuCoachesPortalRegression-PartB","CoachesPortal.PatientDetails.PatientProfileDemographic","CoachesPortal.PatientDetails.PatientProfileDemographic","verifyDisenrollmentDetails","test1 > Given I am logged in as customer admin, verifyDisenrollmentDetails","test1 > Given I am logged in as customer admin, verifyDisenrollmentDetails"
"passed","Fri Feb 13 21:35:28 UTC 2026","Fri Feb 13 21:35:39 UTC 2026","10778","HabitNuCoachPortalSuite","HabitNuCoachesPortalRegression-PartB","CoachesPortal.PatientDetails.PatientProfileDemographic","CoachesPortal.PatientDetails.PatientProfileDemographic","deleteEthnicityAndRace","test1 > Given I am logged in as customer admin, Ethnicity and Race","test1 > Given I am logged in as customer admin, Ethnicity and Race"
"passed","Fri Feb 13 22:12:40 UTC 2026","Fri Feb 13 22:12:49 UTC 2026","9028","HabitNuCoachPortalSuite","GroupDPPClassPlanner","CoachesPortal.ClassPlanner","CoachesPortal.ClassPlanner","case21","There is no Class Planner for this Cohort - before activating class planner",""
"broken","Fri Feb 13 21:28:26 UTC 2026","Fri Feb 13 21:28:56 UTC 2026","30531","HabitNuCoachPortalSuite","HabitNuCoachesPortalRegression-PartB","CoachesPortal.PatientDetails.PatientProfileDemographic","CoachesPortal.PatientDetails.PatientProfileDemographic","updateDisenrollmentDetails_with_DisenrolledCode_and_date","test1 > Given I am logged in as coach, try updating DisenrollmentDetails with only diseenrolledCode & Date","test1 > Given I am logged in as coach, try updating DisenrollmentDetails with only diseenrolledCode & Date"
"passed","Fri Feb 13 22:06:40 UTC 2026","Fri Feb 13 22:06:40 UTC 2026","166","HabitNuCoachPortalSuite","ProjectPowerDashboard","CoachesPortal.ProjectPowerDashboard","CoachesPortal.ProjectPowerDashboard","verifyCohortWeightLossTrendFor3months","All cohort dashboard for project power - Cohort Weight Loss trend - 3months",""
"broken","Fri Feb 13 21:20:30 UTC 2026","Fri Feb 13 21:20:31 UTC 2026","1154","HabitNuCoachPortalSuite","HabitNuCoachesPortalRegression-PartB","CoachesPortal.OnsiteUsersListDashboard","CoachesPortal.OnsiteUsersListDashboard","case36","test1 > Given I am logged in as customerAdmin, sorting users table with Join Date in asc order","test1 > Given I am logged in as customerAdmin, sorting users table with Join Date in asc order"
"passed","Fri Feb 13 21:06:05 UTC 2026","Fri Feb 13 21:06:08 UTC 2026","2595","HabitNuCoachPortalSuite","HabitNuCoachesPortalRegression-PartA","CoachesPortal.DiscussionForumPage","CoachesPortal.DiscussionForumPage","case28","test1 > Given I am logged in as admin, I am validating Delete all posts","test1 > Given I am logged in as admin, I am validating Delete all posts"
"broken","Fri Feb 13 21:41:26 UTC 2026","Fri Feb 13 21:41:27 UTC 2026","1144","HabitNuCoachPortalSuite","Scheduler","CoachesPortal.Schedular","CoachesPortal.Schedular","viewAppointment","test5 >  Given I am logged in as admin, and on time slot page, When I click on created appointment, Then I should be able to view the appointment","admin login - User should be able to view appointment"
"passed","Fri Feb 13 21:42:51 UTC 2026","Fri Feb 13 21:44:31 UTC 2026","100048","HabitNuCoachPortalSuite","Scheduler","CoachesPortal.Schedular","CoachesPortal.Schedular","validateCreatedMeetingAvailable_for_user","test1 > Given I am logged in as coach, verify meet created by system user is available for users","test1 > Given I am logged in as coach, verify meet created by system user is available for users"
"passed","Fri Feb 13 22:10:24 UTC 2026","Fri Feb 13 22:10:40 UTC 2026","16219","HabitNuCoachPortalSuite","LogClassSession","CoachesPortal.LogClassSection","CoachesPortal.LogClassSection","verifyAddWeightAttendanceDateAndPAAndLF","Add weight,attendance date and PA And LF",""
"passed","Fri Feb 13 22:07:52 UTC 2026","Fri Feb 13 22:07:53 UTC 2026","1151","HabitNuCoachPortalSuite","ProjectPowerDashboard","CoachesPortal.ProjectPowerDashboard","CoachesPortal.ProjectPowerDashboard","verifySDOHPage_Referral_code","SDOH page - It should display the count of participants of Education",""
"failed","Fri Feb 13 22:45:17 UTC 2026","Fri Feb 13 22:45:18 UTC 2026","801","HabitNuCoachPortalSuite","DifferentTypeOfDashboards","CoachesPortal.CohortLevelDashboard.OnsiteCohortDashboard","CoachesPortal.CohortLevelDashboard.OnsiteCohortDashboard","case5","test1 > Given I am logged in as customer admin, I am validating onsite cohort 'Weight Loss By Participants validation on graph with 'Added by coach' option","test1 > Given I am logged in as customer admin, I am validating onsite cohort 'Weight Loss By Participants validation on graph with 'Added by coach' option"
"passed","Fri Feb 13 21:00:10 UTC 2026","Fri Feb 13 21:00:10 UTC 2026","571","HabitNuCoachPortalSuite","HabitNuCoachesPortalRegression-PartA","CoachesPortal.LearnModule.CustomerAdminCourseDocument","CoachesPortal.LearnModule.CustomerAdminCourseDocument","verifyAddOnlyDiscription","Add Only Discription And verify url and title Required",""
"passed","Fri Feb 13 22:07:53 UTC 2026","Fri Feb 13 22:08:02 UTC 2026","8918","HabitNuCoachPortalSuite","ProjectPowerDashboard","CoachesPortal.ProjectPowerDashboard","CoachesPortal.ProjectPowerDashboard","verifyDemographicsParticipantCountByState","Demographics page - Participant Count by State",""
"passed","Fri Feb 13 21:10:46 UTC 2026","Fri Feb 13 21:10:55 UTC 2026","9125","HabitNuCoachPortalSuite","HabitNuCoachesPortalRegression-PartA","CoachesPortal.DiscussionForumPage","CoachesPortal.DiscussionForumPage","case11","test1 > Given I am logged in as customerAdmin, I am validating File upload- error","test1 > Given I am logged in as customerAdmin, I am validating File upload- error"
"broken","Fri Feb 13 22:36:44 UTC 2026","Fri Feb 13 22:37:08 UTC 2026","23277","HabitNuCoachPortalSuite","FeatureFlags","CoachesPortal.FeatureFlags","CoachesPortal.FeatureFlags","test15_addrulesforuser_multipletimes","And user is able to add the rule for user level multiple times",""
"passed","Fri Feb 13 21:01:40 UTC 2026","Fri Feb 13 21:01:42 UTC 2026","1776","HabitNuCoachPortalSuite","HabitNuCoachesPortalRegression-PartA","CoachesPortal.LearnModule.CustomerAdminCourseDocument","CoachesPortal.LearnModule.CustomerAdminCourseDocument","verifyVideoEditAndClose","Video Edit and Close",""
"failed","Fri Feb 13 22:41:34 UTC 2026","Fri Feb 13 22:41:43 UTC 2026","9528","HabitNuCoachPortalSuite","DifferentTypeOfDashboards","CoachesPortal.CohortLevelDashboard.OnlineCohortDashboard","CoachesPortal.CohortLevelDashboard.OnlineCohortDashboard","male_female_card_with_update_to_female","test1 > Given I am logged in as coach, I am validating online cohort 'dashboard-card=male_female_card_with_update_to_female","test1 > Given I am logged in as coach, I am validating online cohort 'dashboard-card=male_female_card_with_update_to_female"
"passed","Fri Feb 13 21:11:14 UTC 2026","Fri Feb 13 21:11:19 UTC 2026","4109","HabitNuCoachPortalSuite","HabitNuCoachesPortalRegression-PartA","CoachesPortal.DiscussionForumPage","CoachesPortal.DiscussionForumPage","case14","test1 > Given I am logged in as customerAdmin, I am validating File upload-error ","test1 > Given I am logged in as customerAdmin, I am validating File upload-error "
"passed","Fri Feb 13 21:03:29 UTC 2026","Fri Feb 13 21:03:30 UTC 2026","1370","HabitNuCoachPortalSuite","HabitNuCoachesPortalRegression-PartA","CoachesPortal.DiscussionForumPage","CoachesPortal.DiscussionForumPage","case18","test1 > Given I am logged in as admin, I am validating Edit Post- Subject only- Update- Success","test1 > Given I am logged in as admin, I am validating Edit Post- Subject only- Update- Success"
"broken","Fri Feb 13 22:21:01 UTC 2026","Fri Feb 13 22:21:04 UTC 2026","2912","HabitNuCoachPortalSuite","GeneralContent","CoachesPortal.generalContent_WEb_Coaches","CoachesPortal.generalContent_WEb_Coaches","case11","Fitness Videos Details",""
"passed","Fri Feb 13 22:55:31 UTC 2026","Fri Feb 13 22:55:42 UTC 2026","10619","HabitNuCoachPortalSuite","DifferentTypeOfDashboards","CoachesPortal.CohortLevelDashboard.ParticipantsProgressTracker","CoachesPortal.CohortLevelDashboard.ParticipantsProgressTracker","test12_Completedunits","And User is validating the completed units",""
"passed","Fri Feb 13 21:33:16 UTC 2026","Fri Feb 13 21:33:16 UTC 2026","55","HabitNuCoachPortalSuite","HabitNuCoachesPortalRegression-PartB","CoachesPortal.PatientDetails.PatientProfileDemographic","CoachesPortal.PatientDetails.PatientProfileDemographic","verifyCDCdetails","test1 > Given I am logged in as customer admin, verifyCDCdetails","test1 > Given I am logged in as customer admin, verifyCDCdetails"
"passed","Fri Feb 13 21:21:51 UTC 2026","Fri Feb 13 21:21:51 UTC 2026","99","HabitNuCoachPortalSuite","HabitNuCoachesPortalRegression-PartB","CoachesPortal.OnsiteUsersListDashboard","CoachesPortal.OnsiteUsersListDashboard","case53","test1 > Given I am logged in as customerAdmin, verify milestonecolor==yellow after participant just register and login to app and do not fill the banner","test1 > Given I am logged in as customerAdmin, verify milestonecolor==yellow after participant just register and login to app and do not fill the banner"
"passed","Fri Feb 13 22:04:42 UTC 2026","Fri Feb 13 22:04:42 UTC 2026","11","HabitNuCoachPortalSuite","ProjectPowerDashboard","CoachesPortal.ProjectPowerDashboard","CoachesPortal.ProjectPowerDashboard","verify5percentWeightLoss","It should display the total number of participants who have achieved 5% weight loss",""
"passed","Fri Feb 13 21:53:56 UTC 2026","Fri Feb 13 21:54:00 UTC 2026","3760","HabitNuCoachPortalSuite","Paywal","CoachesPortal.payWall","CoachesPortal.payWall","testFilterSubscriptions","COP-T397–399: Validate subscription filters",""
"passed","Fri Feb 13 21:54:44 UTC 2026","Fri Feb 13 21:54:45 UTC 2026","886","HabitNuCoachPortalSuite","Paywal","CoachesPortal.payWall","CoachesPortal.payWall","testFilterTransactions","COP-T400: Validate all transaction filters",""
"passed","Fri Feb 13 22:48:51 UTC 2026","Fri Feb 13 22:49:37 UTC 2026","45638","HabitNuCoachPortalSuite","DifferentTypeOfDashboards","CoachesPortal.CohortLevelDashboard.ParticipantsProgressTracker","CoachesPortal.CohortLevelDashboard.ParticipantsProgressTracker","test3_participants_filter_actions_options","And user is navigating to participants and validating the filter status.",""
"passed","Fri Feb 13 21:18:04 UTC 2026","Fri Feb 13 21:18:04 UTC 2026","181","HabitNuCoachPortalSuite","HabitNuCoachesPortalRegression-PartB","CoachesPortal.OnsiteUsersListDashboard","CoachesPortal.OnsiteUsersListDashboard","case7","test1 > Given I am logged in as admin, Form Survey for cohort- Check for options displayed.","test1 > Given I am logged in as admin, Form Survey for cohort- Check for options displayed."
"passed","Fri Feb 13 20:53:42 UTC 2026","Fri Feb 13 20:53:49 UTC 2026","7711","HabitNuCoachPortalSuite","HabitNuCoachesPortalRegression-PartA","CoachesPortal.LearnModule.Learn","CoachesPortal.LearnModule.Learn","select_content_from_list","filter down course content by Video and assert Pagination",""
"broken","Fri Feb 13 21:29:37 UTC 2026","Fri Feb 13 21:30:07 UTC 2026","30186","HabitNuCoachPortalSuite","HabitNuCoachesPortalRegression-PartB","CoachesPortal.PatientDetails.PatientProfileDemographic","CoachesPortal.PatientDetails.PatientProfileDemographic","testSelectRememberingUnknown","test1 > Given I am logged in as coach, testSelectRememberingUnknown","test1 > Given I am logged in as coach, testSelectRememberingUnknown"
"passed","Fri Feb 13 21:39:53 UTC 2026","Fri Feb 13 21:39:57 UTC 2026","4555","HabitNuCoachPortalSuite","UserActivities","CoachesPortal.PatientDetails.UserActivitiesTobacco","CoachesPortal.PatientDetails.UserActivitiesTobacco","verifyYesterdayBPDataInCoachesPortal","As a coach adding tobacco to previous date",""
"passed","Fri Feb 13 22:20:05 UTC 2026","Fri Feb 13 22:20:07 UTC 2026","1882","HabitNuCoachPortalSuite","GeneralContent","CoachesPortal.generalContent_WEb_Coaches","CoachesPortal.generalContent_WEb_Coaches","case3","Creating tags for Food",""
"passed","Fri Feb 13 21:15:19 UTC 2026","Fri Feb 13 21:15:36 UTC 2026","17551","HabitNuCoachPortalSuite","HabitNuCoachesPortalRegression-PartA","CoachesPortal.DirectMessage","CoachesPortal.DirectMessage","validateSentMessageAcrossAllUsers","send a message to second participant in the list, and click on submit button for message submission and validate message!=null and validate across all users in cohort",""
"broken","Fri Feb 13 21:33:23 UTC 2026","Fri Feb 13 21:33:53 UTC 2026","30259","HabitNuCoachPortalSuite","HabitNuCoachesPortalRegression-PartB","CoachesPortal.PatientDetails.PatientProfileDemographic","CoachesPortal.PatientDetails.PatientProfileDemographic","testSelectRememberingUnknown","test1 > Given I am logged in as customer admin, testSelectRememberingUnknown","test1 > Given I am logged in as customer admin, testSelectRememberingUnknown"
"passed","Fri Feb 13 21:41:53 UTC 2026","Fri Feb 13 21:41:56 UTC 2026","3283","HabitNuCoachPortalSuite","Scheduler","CoachesPortal.Schedular","CoachesPortal.Schedular","validateCreatedMeetingAvailable_for_user","test1 > Given I am logged in as admin, verify meet created by system user is available for users","test1 > Given I am logged in as admin, verify meet created by system user is available for users"
"passed","Fri Feb 13 21:18:34 UTC 2026","Fri Feb 13 21:18:34 UTC 2026","660","HabitNuCoachPortalSuite","HabitNuCoachesPortalRegression-PartB","CoachesPortal.OnsiteUsersListDashboard","CoachesPortal.OnsiteUsersListDashboard","case15","test1 > Given I am logged in as admin, Click on a user and check whether its navigating to the dashboard.","test1 > Given I am logged in as admin, Click on a user and check whether its navigating to the dashboard."
"passed","Fri Feb 13 22:08:32 UTC 2026","Fri Feb 13 22:08:32 UTC 2026","308","HabitNuCoachPortalSuite","LoginPageCases","CoachesPortal.LoginPageCases","CoachesPortal.LoginPageCases","case16","Coaches Portal Login URL -> Click on Privacy Policy Link",""
"passed","Fri Feb 13 21:16:45 UTC 2026","Fri Feb 13 21:16:49 UTC 2026","4082","HabitNuCoachPortalSuite","HabitNuCoachesPortalRegression-PartA","CoachesPortal.DirectMessage","CoachesPortal.DirectMessage","message_div_colorCode_afterMessageSent","Verify deleting message box",""
"passed","Fri Feb 13 20:50:44 UTC 2026","Fri Feb 13 20:50:51 UTC 2026","7089","HabitNuCoachPortalSuite","HabitNuCoachesPortalRegression-PartA","CoachesPortal.CohortLevelDashboard.CohortLevelDashboardPage","CoachesPortal.CohortLevelDashboard.CohortLevelDashboardPage","case31","Payer Type graph- tooltip extraction.",""
"passed","Fri Feb 13 22:44:47 UTC 2026","Fri Feb 13 22:44:47 UTC 2026","149","HabitNuCoachPortalSuite","DifferentTypeOfDashboards","CoachesPortal.CohortLevelDashboard.OnsiteCohortDashboard","CoachesPortal.CohortLevelDashboard.OnsiteCohortDashboard","sessionAttendanceGraph","test1 > Given I am logged in as coach, I am validating onsite cohort 'sessionAttendanceGraph","test1 > Given I am logged in as coach, I am validating onsite cohort 'sessionAttendanceGraph"
"passed","Fri Feb 13 21:30:07 UTC 2026","Fri Feb 13 21:30:07 UTC 2026","6","HabitNuCoachPortalSuite","HabitNuCoachesPortalRegression-PartB","CoachesPortal.PatientDetails.PatientProfileDemographic","CoachesPortal.PatientDetails.PatientProfileDemographic","updateMiddleName","test1 > Given I am logged in as coach, Middle Name","test1 > Given I am logged in as coach, Middle Name"
"passed","Fri Feb 13 21:02:02 UTC 2026","Fri Feb 13 21:02:04 UTC 2026","1243","HabitNuCoachPortalSuite","HabitNuCoachesPortalRegression-PartA","CoachesPortal.DiscussionForumPage","CoachesPortal.DiscussionForumPage","case1","test1 > Given I am logged in as admin, I am validating Coaches - Discussions module","test1 > Given I am logged in as admin, I am validating - Discussions module"
"broken","Fri Feb 13 22:23:22 UTC 2026","Fri Feb 13 22:23:47 UTC 2026","24956","HabitNuCoachPortalSuite","Milestones","CoachesPortal.MilestoneModule.SoleraIBCorNDPP","CoachesPortal.MilestoneModule.SoleraIBCorNDPP","test11","Given I have achieved M0 & M1, M2, M3, M4, M5(1st & 2ndgreen), When I achieve Weekly Meaningful Engagement for week8, Then I should be able to achieve M5",""
"passed","Fri Feb 13 22:55:51 UTC 2026","Fri Feb 13 22:55:54 UTC 2026","2955","HabitNuCoachPortalSuite","DifferentTypeOfCohorts","CoachesPortal.liteCohorts","CoachesPortal.liteCohorts","case3","test1 > Given I am logged in as admin, I am validating Lite cohorts modules","test1 > Given I am logged in as admin, I am validating Lite cohorts modules, where cohort's Program type=DSME, Delivery type=Onsite"
"passed","Fri Feb 13 22:26:32 UTC 2026","Fri Feb 13 22:26:43 UTC 2026","10451","HabitNuCoachPortalSuite","Milestones","CoachesPortal.VAMilestone","CoachesPortal.VAMilestone","test14_validating_VAHeaders_data","And user is validating to VAHeaders data by clicking arrow button",""
"passed","Fri Feb 13 20:52:05 UTC 2026","Fri Feb 13 20:52:06 UTC 2026","1673","HabitNuCoachPortalSuite","HabitNuCoachesPortalRegression-PartA","CoachesPortal.LearnModule.Learn","CoachesPortal.LearnModule.Learn","addCourseToTheProgram","adding  the course to the program",""
"passed","Fri Feb 13 22:25:20 UTC 2026","Fri Feb 13 22:25:24 UTC 2026","4206","HabitNuCoachPortalSuite","Milestones","CoachesPortal.VAMilestone","CoachesPortal.VAMilestone","test1_navigatingcoach","Given user is navigating to coaches portal",""
"passed","Fri Feb 13 22:07:53 UTC 2026","Fri Feb 13 22:07:53 UTC 2026","18","HabitNuCoachPortalSuite","ProjectPowerDashboard","CoachesPortal.ProjectPowerDashboard","CoachesPortal.ProjectPowerDashboard","verifyDemographicsIPAS","Demographics page - Initial Physical Activity Status",""
"passed","Fri Feb 13 21:42:18 UTC 2026","Fri Feb 13 21:42:29 UTC 2026","10890","HabitNuCoachPortalSuite","Scheduler","CoachesPortal.Schedular","CoachesPortal.Schedular","editAppointment","test4 >  Given I am logged in as coach, and on time slot page, When I click on created appointment, Then I should be able to see edit appointment page with edit button, When I click on it and edit details, Then I should be able to save it","coach login - User should be able to edit and save appointment"
"passed","Fri Feb 13 22:30:52 UTC 2026","Fri Feb 13 22:31:01 UTC 2026","9170","HabitNuCoachPortalSuite","UserDashboard","CoachesPortal.PatientDashboard","CoachesPortal.PatientDashboard","Last_BeforeMeal_Blood_Sugar","test20 > Given I am logged in as admin, wehn I am on Participants dashboard page, when I add bloodsugar BEFORE-MEAL type, Then I should be able to see the added data on dashboard card==Last_BeforeMeal_Blood_Sugar","admin login - clicking on scheduler should open the scheduler page in coaches portal"
"passed","Fri Feb 13 21:38:45 UTC 2026","Fri Feb 13 21:39:00 UTC 2026","14433","HabitNuCoachPortalSuite","UserActivities","CoachesPortal.PatientDetails.UserActivitiesBloodSugar","CoachesPortal.PatientDetails.UserActivitiesBloodSugar","verifyBloodSugarInCoachPortalYesterdaysData","Verify user as Ethelyn in useractivities tab added yesterday date blood sugar fasting ,before meal and after meal",""
"passed","Fri Feb 13 21:25:54 UTC 2026","Fri Feb 13 21:26:04 UTC 2026","10007","HabitNuCoachPortalSuite","HabitNuCoachesPortalRegression-PartB","CoachesPortal.PatientDetails.PatientProfileDemographic","CoachesPortal.PatientDetails.PatientProfileDemographic","verifyPersonalDetails","test1 > Given I am logged in as coach, Verify user as Ethelyn in demographic with Personal Details","test1 > Given I am logged in as coach, Verify user as Ethelyn in demographic with Personal Details"
"passed","Fri Feb 13 21:19:03 UTC 2026","Fri Feb 13 21:19:04 UTC 2026","760","HabitNuCoachPortalSuite","HabitNuCoachesPortalRegression-PartB","CoachesPortal.OnsiteUsersListDashboard","CoachesPortal.OnsiteUsersListDashboard","case5","test1 > Given I am logged in as coach, Seach user by email.","test1 > Given I am logged in as coach, Seach user by email."
"passed","Fri Feb 13 21:10:55 UTC 2026","Fri Feb 13 21:11:04 UTC 2026","9273","HabitNuCoachPortalSuite","HabitNuCoachesPortalRegression-PartA","CoachesPortal.DiscussionForumPage","CoachesPortal.DiscussionForumPage","case12","test1 > Given I am logged in as customerAdmin, I am validating File upload- subject only- error.","test1 > Given I am logged in as customerAdmin, I am validating File upload- subject only- error."
"passed","Fri Feb 13 21:00:04 UTC 2026","Fri Feb 13 21:00:05 UTC 2026","736","HabitNuCoachPortalSuite","HabitNuCoachesPortalRegression-PartA","CoachesPortal.LearnModule.CustomerAdminCourseDocument","CoachesPortal.LearnModule.CustomerAdminCourseDocument","verifyCustAdminCourseDocument","Verify Customer Admin Should have CourseDocument",""
"passed","Fri Feb 13 21:29:28 UTC 2026","Fri Feb 13 21:29:28 UTC 2026","67","HabitNuCoachPortalSuite","HabitNuCoachesPortalRegression-PartB","CoachesPortal.PatientDetails.PatientProfileDemographic","CoachesPortal.PatientDetails.PatientProfileDemographic","verifyBaselineHealthData","test1 > Given I am logged in as coach, verifyBaselineHealthData","test1 > Given I am logged in as coach, verifyBaselineHealthData"
"passed","Fri Feb 13 22:24:30 UTC 2026","Fri Feb 13 22:24:32 UTC 2026","2366","HabitNuCoachPortalSuite","Milestones","CoachesPortal.BPSMMilestone","CoachesPortal.BPSMMilestone","test7_validating_BPSMHeaders_data","And user is validating to BPSmHeaders data by clicking arrow button",""
"broken","Fri Feb 13 20:48:09 UTC 2026","Fri Feb 13 20:48:25 UTC 2026","15635","HabitNuCoachPortalSuite","HabitNuCoachesPortalRegression-PartA","CoachesPortal.CohortLevelDashboard.CohortLevelDashboardPage","CoachesPortal.CohortLevelDashboard.CohortLevelDashboardPage","case12","Food category - Displayed/Not Displayed.",""
"broken","Fri Feb 13 21:19:02 UTC 2026","Fri Feb 13 21:19:02 UTC 2026","150","HabitNuCoachPortalSuite","HabitNuCoachesPortalRegression-PartB","CoachesPortal.OnsiteUsersListDashboard","CoachesPortal.OnsiteUsersListDashboard","case2","test1 > Given I am logged in as coach, Users- All expected elements is displayed.","test1 > Given I am logged in as coach, Users- All expected elements is displayed."
"broken","Fri Feb 13 22:01:25 UTC 2026","Fri Feb 13 22:01:56 UTC 2026","30267","HabitNuCoachPortalSuite","HabitNuCoachesPortalRegression-PartC","CoachesPortal.PatientDetails.PatientProfilePreAuth","CoachesPortal.PatientDetails.PatientProfilePreAuth","editPreAuth","edit PreAuth for Ethylen",""
"broken","Fri Feb 13 21:30:33 UTC 2026","Fri Feb 13 21:31:09 UTC 2026","35364","HabitNuCoachPortalSuite","HabitNuCoachesPortalRegression-PartB","CoachesPortal.PatientDetails.PatientProfileDemographic","CoachesPortal.PatientDetails.PatientProfileDemographic","updateDisenrollmentDetails_with_emptyData","test1 > Given I am logged in as customer admin, try updating DisenrollmentDetails with empty data","test1 > Given I am logged in as customer admin, try updating DisenrollmentDetails with empty data"
"passed","Fri Feb 13 20:50:20 UTC 2026","Fri Feb 13 20:50:21 UTC 2026","1623","HabitNuCoachPortalSuite","HabitNuCoachesPortalRegression-PartA","CoachesPortal.CohortLevelDashboard.CohortLevelDashboardPage","CoachesPortal.CohortLevelDashboard.CohortLevelDashboardPage","case24","Click on participant in the attendance graph- should navigate to dashboard.",""
"passed","Fri Feb 13 21:00:53 UTC 2026","Fri Feb 13 21:01:02 UTC 2026","9045","HabitNuCoachPortalSuite","HabitNuCoachesPortalRegression-PartA","CoachesPortal.LearnModule.CustomerAdminCourseDocument","CoachesPortal.LearnModule.CustomerAdminCourseDocument","verifyDocumentArchiveCancelAndConfirm","Document Archive Cancel And Confirm",""
"failed","Fri Feb 13 22:45:41 UTC 2026","Fri Feb 13 22:45:41 UTC 2026","734","HabitNuCoachPortalSuite","DifferentTypeOfDashboards","CoachesPortal.CohortLevelDashboard.OnsiteCohortDashboard","CoachesPortal.CohortLevelDashboard.OnsiteCohortDashboard","case8","test1 > Given I am logged in as customer admin,  I am validating onsite cohort 'Weight Loss By Participants validation on graph with 'Added by user' option, when user adds weight","test1 > Given I am logged in as customer admin,  I am validating onsite cohort 'Weight Loss By Participants validation on graph with 'Added by user' option, when user adds weight"
"passed","Fri Feb 13 22:40:48 UTC 2026","Fri Feb 13 22:40:50 UTC 2026","1438","HabitNuCoachPortalSuite","ParticipationsTable","CoachesPortal.participations","CoachesPortal.participations","test15_exitadmin","And user is able to exit from admin section",""
"passed","Fri Feb 13 20:55:12 UTC 2026","Fri Feb 13 20:55:14 UTC 2026","1956","HabitNuCoachPortalSuite","HabitNuCoachesPortalRegression-PartA","CoachesPortal.LearnModule.Learn","CoachesPortal.LearnModule.Learn","cloneCourse","verify cloning of course",""
"passed","Fri Feb 13 22:24:26 UTC 2026","Fri Feb 13 22:24:29 UTC 2026","2129","HabitNuCoachPortalSuite","Milestones","CoachesPortal.BPSMMilestone","CoachesPortal.BPSMMilestone","test5_validating_Headers","And user is validating headers",""
"broken","Fri Feb 13 21:46:04 UTC 2026","Fri Feb 13 21:46:04 UTC 2026","119","HabitNuCoachPortalSuite","Scheduler","CoachesPortal.Schedular","CoachesPortal.Schedular","validateInteractionEntries_SessionName","test1 > Given I am logged in as coach, verify group interaction entries are made automatically when meet is attended for min of 1min > Validating field==SessionName","test1 > Given I am logged in as coach, verify group interaction entries are made automatically when meet is attended for min of 1min > Validating field==SessionName"
"passed","Fri Feb 13 22:35:23 UTC 2026","Fri Feb 13 22:35:23 UTC 2026","91","HabitNuCoachPortalSuite","FeatureFlags","CoachesPortal.FeatureFlags","CoachesPortal.FeatureFlags","test5_navigatingfeatureflags","And user is navigating to Feature Flags section ",""
"broken","Fri Feb 13 21:44:42 UTC 2026","Fri Feb 13 21:46:04 UTC 2026","81946","HabitNuCoachPortalSuite","Scheduler","CoachesPortal.Schedular","CoachesPortal.Schedular","validateInteractionEntries_InteractionOn","test1 > Given I am logged in as coach, verify group interaction entries are made automatically when meet is attended for min of 1min > Validating field==InteractionOn","test1 > Given I am logged in as coach, verify group interaction entries are made automatically when meet is attended for min of 1min > Validating field==InteractionOn"
"broken","Fri Feb 13 22:35:32 UTC 2026","Fri Feb 13 22:35:58 UTC 2026","25515","HabitNuCoachPortalSuite","FeatureFlags","CoachesPortal.FeatureFlags","CoachesPortal.FeatureFlags","test12_addrulesforcohort","And user is able to add the rule for cohort level",""
"passed","Fri Feb 13 22:25:01 UTC 2026","Fri Feb 13 22:25:18 UTC 2026","17525","HabitNuCoachPortalSuite","Milestones","CoachesPortal.BPSMMilestone","CoachesPortal.BPSMMilestone","test11_groupinteraction","And user is able to add group interaction without seminar name",""
"broken","Fri Feb 13 22:21:41 UTC 2026","Fri Feb 13 22:22:48 UTC 2026","66594","HabitNuCoachPortalSuite","Milestones","CoachesPortal.MilestoneModule.SoleraIBCorNDPP","CoachesPortal.MilestoneModule.SoleraIBCorNDPP","test1","Given I am logged into the coaches portal as an admin, When I select a non-DSME cohort, Then I should see the milestone module, And when I click on it, I should be navigated to the IBC/NDPP milestone section",""
"passed","Fri Feb 13 22:30:33 UTC 2026","Fri Feb 13 22:30:33 UTC 2026","30","HabitNuCoachPortalSuite","UserDashboard","CoachesPortal.PatientDashboard","CoachesPortal.PatientDashboard","patientVWeeklyStatusVideo_when_partiallyWatched","test14 > Given I am logged in as admin, when I am on watching a video partally by logging into user app, Then I should be able to see watched Video count==0 under patientVWeeklyStatusVideo","admin login - user/patient/partcipant dashboard validation"
"passed","Fri Feb 13 21:41:56 UTC 2026","Fri Feb 13 21:41:56 UTC 2026","0","HabitNuCoachPortalSuite","Scheduler","CoachesPortal.Schedular","CoachesPortal.Schedular","userYesToTheMeet","test1 > Given I am logged in as admin, verify user response to meet attendance - YES","test1 > Given I am logged in as admin, verify user response to meet attendance - YES"
"passed","Fri Feb 13 21:30:07 UTC 2026","Fri Feb 13 21:30:07 UTC 2026","6","HabitNuCoachPortalSuite","HabitNuCoachesPortalRegression-PartB","CoachesPortal.PatientDetails.PatientProfileDemographic","CoachesPortal.PatientDetails.PatientProfileDemographic","updateSexAtbirth","test1 > Given I am logged in as coach, Sex at Birth","test1 > Given I am logged in as coach, Sex at Birth"
"passed","Fri Feb 13 22:26:48 UTC 2026","Fri Feb 13 22:26:58 UTC 2026","10478","HabitNuCoachPortalSuite","Milestones","CoachesPortal.VAMilestone","CoachesPortal.VAMilestone","test17_validating_VAHeaders_data","And user is validating to VAHeaders data by clicking arrow button",""
"passed","Fri Feb 13 21:18:21 UTC 2026","Fri Feb 13 21:18:22 UTC 2026","731","HabitNuCoachPortalSuite","HabitNuCoachesPortalRegression-PartB","CoachesPortal.OnsiteUsersListDashboard","CoachesPortal.OnsiteUsersListDashboard","case11","test1 > Given I am logged in as admin, Choose Cohort- Form survey- SDOH- No form configured. Please contact admin.","test1 > Given I am logged in as admin, Choose Cohort- Form survey- SDOH- No form configured. Please contact admin."
"passed","Fri Feb 13 20:52:27 UTC 2026","Fri Feb 13 20:52:35 UTC 2026","8318","HabitNuCoachPortalSuite","HabitNuCoachesPortalRegression-PartA","CoachesPortal.LearnModule.Learn","CoachesPortal.LearnModule.Learn","accessCourseFromWebApp","accessCourseFromWebApp",""
"passed","Fri Feb 13 22:38:21 UTC 2026","Fri Feb 13 22:38:25 UTC 2026","4124","HabitNuCoachPortalSuite","ParticipationsTable","CoachesPortal.participations","CoachesPortal.participations","test1_navigatingcoach","Given user is navigating to coaches portal",""
"passed","Fri Feb 13 22:10:43 UTC 2026","Fri Feb 13 22:10:44 UTC 2026","1478","HabitNuCoachPortalSuite","LogClassSession","CoachesPortal.LogClassSection","CoachesPortal.LogClassSection","verifyAddWeightAttendanceDateAndPAAndLFAndMUPDistanceLearning","Add weight,attendance date and PA And LF And MUP In Distance Learning",""
"broken","Fri Feb 13 20:55:14 UTC 2026","Fri Feb 13 20:55:23 UTC 2026","9398","HabitNuCoachPortalSuite","HabitNuCoachesPortalRegression-PartA","CoachesPortal.LearnModule.Learn","CoachesPortal.LearnModule.Learn","publishTheClonedCourse","verify on clone course page, course created by admin is available",""
"failed","Fri Feb 13 22:05:56 UTC 2026","Fri Feb 13 22:06:06 UTC 2026","10071","HabitNuCoachPortalSuite","ProjectPowerDashboard","CoachesPortal.ProjectPowerDashboard","CoachesPortal.ProjectPowerDashboard","verifyADAMilestoneFor3Months","All cohort dashboard for project power - ADA milestone trend - 3months",""
"passed","Fri Feb 13 21:44:31 UTC 2026","Fri Feb 13 21:44:36 UTC 2026","5116","HabitNuCoachPortalSuite","Scheduler","CoachesPortal.Schedular","CoachesPortal.Schedular","userYesToTheMeet","test1 > Given I am logged in as coach, verify user response to meet attendance - YES","test1 > Given I am logged in as coach, verify user response to meet attendance - YES"
"passed","Fri Feb 13 21:34:25 UTC 2026","Fri Feb 13 21:34:35 UTC 2026","10695","HabitNuCoachPortalSuite","HabitNuCoachesPortalRegression-PartB","CoachesPortal.PatientDetails.PatientProfileDemographic","CoachesPortal.PatientDetails.PatientProfileDemographic","updateethnicity_race_info","test1 > Given I am logged in as customer admin, ethnicity_race_info","test1 > Given I am logged in as customer admin, ethnicity_race_info"
"passed","Fri Feb 13 22:09:25 UTC 2026","Fri Feb 13 22:09:31 UTC 2026","5633","HabitNuCoachPortalSuite","LogClassSession","CoachesPortal.LogClassSection","CoachesPortal.LogClassSection","verifyAddOnlyLF","Add Only LF",""
"failed","Fri Feb 13 21:55:53 UTC 2026","Fri Feb 13 21:59:55 UTC 2026","242792","HabitNuCoachPortalSuite","Paywal","CoachesPortal.payWall","CoachesPortal.payWall","testProgramWithoutPlanHidesSubscription","COP-T416: Validate program without plan shows no subscription option",""
"passed","Fri Feb 13 21:02:04 UTC 2026","Fri Feb 13 21:02:06 UTC 2026","2193","HabitNuCoachPortalSuite","HabitNuCoachesPortalRegression-PartA","CoachesPortal.DiscussionForumPage","CoachesPortal.DiscussionForumPage","case7","test1 > Given I am logged in as admin, I am validating Add subject and describe- success post.","test1 > Given I am logged in as admin, I am validating Add subject and describe- success post."
"broken","Fri Feb 13 21:41:31 UTC 2026","Fri Feb 13 21:41:32 UTC 2026","1142","HabitNuCoachPortalSuite","Scheduler","CoachesPortal.Schedular","CoachesPortal.Schedular","joinTheMeeting","test7 >  Given I am logged in as admin, and on time slot page, When I click on created appointment, Then I should see the Join the meet button, When I click on it, Then I should be taken to joinmeeting page in new tab","admin login - User should be able to join the meet"
"passed","Fri Feb 13 22:25:36 UTC 2026","Fri Feb 13 22:25:41 UTC 2026","4346","HabitNuCoachPortalSuite","Milestones","CoachesPortal.VAMilestone","CoachesPortal.VAMilestone","test7_validating_VAHeaders_data","And user is validating to VAHeaders data by clicking arrow button",""
"passed","Fri Feb 13 22:21:14 UTC 2026","Fri Feb 13 22:21:16 UTC 2026","1915","HabitNuCoachPortalSuite","GeneralContent","CoachesPortal.generalContent_WEb_Coaches","CoachesPortal.generalContent_WEb_Coaches","CoachesPortalGroup","delecting created Group",""
"passed","Fri Feb 13 22:44:40 UTC 2026","Fri Feb 13 22:44:47 UTC 2026","7082","HabitNuCoachPortalSuite","DifferentTypeOfDashboards","CoachesPortal.CohortLevelDashboard.OnsiteCohortDashboard","CoachesPortal.CohortLevelDashboard.OnsiteCohortDashboard","totalNoOfClasses","test1 > Given I am logged in as coach,  I am validating onsite cohort 'dashboard-card=totalNoOfClasses","test1 > Given I am logged in as coach,  I am validating onsite cohort 'dashboard-card=totalNoOfClasses"
"broken","Fri Feb 13 22:53:07 UTC 2026","Fri Feb 13 22:53:23 UTC 2026","16092","HabitNuCoachPortalSuite","DifferentTypeOfDashboards","CoachesPortal.CohortLevelDashboard.ParticipantsProgressTracker","CoachesPortal.CohortLevelDashboard.ParticipantsProgressTracker","test9_Download_Report","And user is able to download the annual assessment report",""
"passed","Fri Feb 13 22:25:56 UTC 2026","Fri Feb 13 22:26:06 UTC 2026","10482","HabitNuCoachPortalSuite","Milestones","CoachesPortal.VAMilestone","CoachesPortal.VAMilestone","test10_validating_VAHeaders_data","And user is validating to VAHeaders data by clicking arrow button",""
"passed","Fri Feb 13 21:54:40 UTC 2026","Fri Feb 13 21:54:42 UTC 2026","2156","HabitNuCoachPortalSuite","Paywal","CoachesPortal.payWall","CoachesPortal.payWall","testFilterTransactions","COP-T400: Validate all transaction filters",""
"passed","Fri Feb 13 21:19:46 UTC 2026","Fri Feb 13 21:19:47 UTC 2026","1390","HabitNuCoachPortalSuite","HabitNuCoachesPortalRegression-PartB","CoachesPortal.OnsiteUsersListDashboard","CoachesPortal.OnsiteUsersListDashboard","case19","test1 > Given I am logged in as coach, Cancel Scenarios- Call","test1 > Given I am logged in as coach, Cancel Scenarios- Call"
"passed","Fri Feb 13 22:31:01 UTC 2026","Fri Feb 13 22:31:09 UTC 2026","7876","HabitNuCoachPortalSuite","UserDashboard","CoachesPortal.PatientDashboard","CoachesPortal.PatientDashboard","Last_Fasting_Blood_Sugar","test19 > Given I am logged in as admin, wehn I am on Participants dashboard page, when I add bloodsugar FASTING type, Then I should be able to see the added data on dashboard card==Last_Fasting_Blood_Sugar","admin login - clicking on scheduler should open the scheduler page in coaches portal"
"passed","Fri Feb 13 22:30:17 UTC 2026","Fri Feb 13 22:30:18 UTC 2026","1784","HabitNuCoachPortalSuite","UserDashboard","CoachesPortal.PatientDashboard","CoachesPortal.PatientDashboard","physicalActivityHistory","test5 > Given I am logged in as admin, wehn I am on adding steps from user Dashboard, Then I should be able to see added Steps on physicalActivityHistory graph","admin login - user/patient/partcipant dashboard validation"
"passed","Fri Feb 13 21:19:21 UTC 2026","Fri Feb 13 21:19:22 UTC 2026","677","HabitNuCoachPortalSuite","HabitNuCoachesPortalRegression-PartB","CoachesPortal.OnsiteUsersListDashboard","CoachesPortal.OnsiteUsersListDashboard","case11","test1 > Given I am logged in as coach, Choose Cohort- Form survey- SDOH- No form configured. Please contact admin.","test1 > Given I am logged in as coach, Choose Cohort- Form survey- SDOH- No form configured. Please contact admin."
"passed","Fri Feb 13 21:19:11 UTC 2026","Fri Feb 13 21:19:21 UTC 2026","9886","HabitNuCoachPortalSuite","HabitNuCoachesPortalRegression-PartB","CoachesPortal.OnsiteUsersListDashboard","CoachesPortal.OnsiteUsersListDashboard","case10","test1 > Given I am logged in as coach, Choose Cohort which does not have form- multiple_classes_ofChild.","test1 > Given I am logged in as coach, Choose Cohort which does not have form- multiple_classes_ofChild."
"passed","Fri Feb 13 22:09:13 UTC 2026","Fri Feb 13 22:09:19 UTC 2026","6043","HabitNuCoachPortalSuite","LogClassSession","CoachesPortal.LogClassSection","CoachesPortal.LogClassSection","verifyAddOnlyAttendanceDate","Add Only AttendanceDate",""
"passed","Fri Feb 13 21:02:39 UTC 2026","Fri Feb 13 21:02:43 UTC 2026","4120","HabitNuCoachPortalSuite","HabitNuCoachesPortalRegression-PartA","CoachesPortal.DiscussionForumPage","CoachesPortal.DiscussionForumPage","case14","test1 > Given I am logged in as admin, I am validating File upload-error ","test1 > Given I am logged in as admin, I am validating File upload-error "
"passed","Fri Feb 13 21:18:46 UTC 2026","Fri Feb 13 21:18:46 UTC 2026","150","HabitNuCoachPortalSuite","HabitNuCoachesPortalRegression-PartB","CoachesPortal.OnsiteUsersListDashboard","CoachesPortal.OnsiteUsersListDashboard","case20","test1 > Given I am logged in as admin, Clicking on Cohort should navigate to Dashboard.","test1 > Given I am logged in as admin, Clicking on Cohort should navigate to Dashboard."
"broken","Fri Feb 13 22:16:55 UTC 2026","Fri Feb 13 22:17:55 UTC 2026","60363","HabitNuCoachPortalSuite","GroupDPPClassPlanner","CoachesPortal.ClassPlanner","CoachesPortal.ClassPlanner","case29","Login to coach portal -> select the cohort -> Class planner -> Click on Edit (pencil) button",""
"passed","Fri Feb 13 22:30:10 UTC 2026","Fri Feb 13 22:30:17 UTC 2026","6535","HabitNuCoachPortalSuite","UserDashboard","CoachesPortal.PatientDashboard","CoachesPortal.PatientDashboard","patientWeeklyStatus_STEPS","test4 > Given I am logged in as admin, wehn I am on adding steps from user Dashboard, Then I should be able to see added exercise steps count==1 under patientWeeklyStatus_STEPS","admin login - user/patient/partcipant dashboard validation"
"failed","Fri Feb 13 21:20:39 UTC 2026","Fri Feb 13 21:20:42 UTC 2026","3158","HabitNuCoachPortalSuite","HabitNuCoachesPortalRegression-PartB","CoachesPortal.OnsiteUsersListDashboard","CoachesPortal.OnsiteUsersListDashboard","case44","test1 > Given I am logged in as customerAdmin, validate disenrolled date on list page","test1 > Given I am logged in as customerAdmin, validate disenrolled date on list page"
"passed","Fri Feb 13 22:45:42 UTC 2026","Fri Feb 13 22:45:58 UTC 2026","15746","HabitNuCoachPortalSuite","DifferentTypeOfDashboards","CoachesPortal.CohortLevelDashboard.OnsiteCohortDashboard","CoachesPortal.CohortLevelDashboard.OnsiteCohortDashboard","male_female_card_with_update_to_female","test1 > Given I am logged in as customer admin, I am validating onsite cohort 'dashboard-card=male_female_card_with_update_to_female","test1 > Given I am logged in as customer admin, I am validating onsite cohort 'dashboard-card=male_female_card_with_update_to_female"
"passed","Fri Feb 13 21:07:23 UTC 2026","Fri Feb 13 21:07:38 UTC 2026","15305","HabitNuCoachPortalSuite","HabitNuCoachesPortalRegression-PartA","CoachesPortal.DiscussionForumPage","CoachesPortal.DiscussionForumPage","case17","test1 > Given I am logged in as coach, I am validating Upload more than 5 files.- Error.","test1 > Given I am logged in as coach, I am validating Upload more than 5 files.- Error"
"passed","Fri Feb 13 22:04:54 UTC 2026","Fri Feb 13 22:05:01 UTC 2026","6879","HabitNuCoachPortalSuite","ProjectPowerDashboard","CoachesPortal.ProjectPowerDashboard","CoachesPortal.ProjectPowerDashboard","verifyM1GraphwithfilterAs12months","verifyM1GraphwithfilterAs12months",""
"passed","Fri Feb 13 22:08:45 UTC 2026","Fri Feb 13 22:08:46 UTC 2026","731","HabitNuCoachPortalSuite","LogClassSession","CoachesPortal.LogClassSection","CoachesPortal.LogClassSection","validateLogClassSession_Non_Availibility","Verify Log Class Section is unavailable for programDeliveryType!=Onsite",""
"passed","Fri Feb 13 22:06:40 UTC 2026","Fri Feb 13 22:06:40 UTC 2026","74","HabitNuCoachPortalSuite","ProjectPowerDashboard","CoachesPortal.ProjectPowerDashboard","CoachesPortal.ProjectPowerDashboard","verifyCohortWeightLossTrendFor6months","All cohort dashboard for project power - Cohort Weight Loss trend - 6months",""
"passed","Fri Feb 13 22:05:37 UTC 2026","Fri Feb 13 22:05:51 UTC 2026","13463","HabitNuCoachPortalSuite","ProjectPowerDashboard","CoachesPortal.ProjectPowerDashboard","CoachesPortal.ProjectPowerDashboard","verifyM1GraphwithfilterAsCustom","verifyM1GraphwithfilterAsCustom",""
"passed","Fri Feb 13 22:34:18 UTC 2026","Fri Feb 13 22:34:28 UTC 2026","10232","HabitNuCoachPortalSuite","UserDashboard","CoachesPortal.PatientDashboard","CoachesPortal.PatientDashboard","bloodPressureHistory","test8 > Given I am logged in as coach, wehn I am on adding bloodpressure from user Dashboard, Then I should be able to see added bloodpressure on bloodpressureHistory graph","coach login - user/patient/partcipant dashboard validation"
"passed","Fri Feb 13 22:24:29 UTC 2026","Fri Feb 13 22:24:30 UTC 2026","1407","HabitNuCoachPortalSuite","Milestones","CoachesPortal.BPSMMilestone","CoachesPortal.BPSMMilestone","test6_validating_BPSMHeaders_Name","And user is validating to BPSMHeaders data by clicking arrow button",""
"passed","Fri Feb 13 21:14:46 UTC 2026","Fri Feb 13 21:15:00 UTC 2026","14035","HabitNuCoachPortalSuite","HabitNuCoachesPortalRegression-PartA","CoachesPortal.DirectMessage","CoachesPortal.DirectMessage","accessDirectMessageModule","go to DM on coaches portal",""
"passed","Fri Feb 13 21:00:20 UTC 2026","Fri Feb 13 21:00:24 UTC 2026","4156","HabitNuCoachPortalSuite","HabitNuCoachesPortalRegression-PartA","CoachesPortal.LearnModule.CustomerAdminCourseDocument","CoachesPortal.LearnModule.CustomerAdminCourseDocument","verifyLinkArchiveCancelAndConfirm","Link Archive Cancel And Confirm",""
"passed","Fri Feb 13 22:08:24 UTC 2026","Fri Feb 13 22:08:24 UTC 2026","160","HabitNuCoachPortalSuite","LoginPageCases","CoachesPortal.LoginPageCases","CoachesPortal.LoginPageCases","testLoginWithEmptyEmailAndValidPassword","try login with empty email and valid password",""
"broken","Fri Feb 13 21:21:16 UTC 2026","Fri Feb 13 21:21:50 UTC 2026","33400","HabitNuCoachPortalSuite","HabitNuCoachesPortalRegression-PartB","CoachesPortal.OnsiteUsersListDashboard","CoachesPortal.OnsiteUsersListDashboard","case50","test1 > Given I am logged in as customerAdmin, hover over milestone dot to validate enrolled state text","test1 > Given I am logged in as customerAdmin, hover over milestone dot to validate enrolled state text"
"passed","Fri Feb 13 22:55:49 UTC 2026","Fri Feb 13 22:55:51 UTC 2026","1944","HabitNuCoachPortalSuite","DifferentTypeOfCohorts","CoachesPortal.liteCohorts","CoachesPortal.liteCohorts","case2","test1 > Given I am logged in as admin, I am validating Lite cohorts modules","test1 > Given I am logged in as admin, I am validating Lite cohorts modules, where cohort's Program type=NDPP, Delivery type=Onsite"
"passed","Fri Feb 13 22:11:04 UTC 2026","Fri Feb 13 22:11:14 UTC 2026","10076","HabitNuCoachPortalSuite","GroupDPPClassPlanner","CoachesPortal.ClassPlanner","CoachesPortal.ClassPlanner","case1","It should open the class planner creation page",""
"passed","Fri Feb 13 20:50:27 UTC 2026","Fri Feb 13 20:50:32 UTC 2026","4498","HabitNuCoachPortalSuite","HabitNuCoachesPortalRegression-PartA","CoachesPortal.CohortLevelDashboard.CohortLevelDashboardPage","CoachesPortal.CohortLevelDashboard.CohortLevelDashboardPage","case27","Outcomes- Adherance,SBP reductions, DBP Reductions,Achieving Targets.",""
"passed","Fri Feb 13 20:51:00 UTC 2026","Fri Feb 13 20:51:01 UTC 2026","464","HabitNuCoachPortalSuite","HabitNuCoachesPortalRegression-PartA","CoachesPortal.LearnModule.Learn","CoachesPortal.LearnModule.Learn","createCourse","Verify CustomerAdmin can create course",""
"passed","Fri Feb 13 21:03:31 UTC 2026","Fri Feb 13 21:03:37 UTC 2026","5778","HabitNuCoachPortalSuite","HabitNuCoachesPortalRegression-PartA","CoachesPortal.DiscussionForumPage","CoachesPortal.DiscussionForumPage","case20","test1 > Given I am logged in as admin, I am validating Edit Post- Upload File","test1 > Given I am logged in as admin, I am validating Edit Post- Upload File"
"passed","Fri Feb 13 21:54:45 UTC 2026","Fri Feb 13 21:54:49 UTC 2026","3659","HabitNuCoachPortalSuite","Paywal","CoachesPortal.payWall","CoachesPortal.payWall","testFilterTransactions","COP-T400: Validate all transaction filters",""
"passed","Fri Feb 13 21:42:06 UTC 2026","Fri Feb 13 21:42:07 UTC 2026","910","HabitNuCoachPortalSuite","Scheduler","CoachesPortal.Schedular","CoachesPortal.Schedular","openAppoitmentCreateForm","test2 > Given I am logged in as coach, When I click on time slot, Then I should be able to see the create appointment form","coach login - It should open meeting form"
"passed","Fri Feb 13 22:24:32 UTC 2026","Fri Feb 13 22:24:34 UTC 2026","1271","HabitNuCoachPortalSuite","Milestones","CoachesPortal.BPSMMilestone","CoachesPortal.BPSMMilestone","test8_validating_BPSMHeaders_data","And user is validating to BPSmHeaders data by clicking arrow button",""
"passed","Fri Feb 13 21:03:41 UTC 2026","Fri Feb 13 21:03:47 UTC 2026","5775","HabitNuCoachPortalSuite","HabitNuCoachesPortalRegression-PartA","CoachesPortal.DiscussionForumPage","CoachesPortal.DiscussionForumPage","case25","test1 > Given I am logged in as admin, I am validating Comment on pinned post.","test1 > Given I am logged in as admin, I am validating Comment on pinned post."
"passed","Fri Feb 13 21:10:40 UTC 2026","Fri Feb 13 21:10:41 UTC 2026","73","HabitNuCoachPortalSuite","HabitNuCoachesPortalRegression-PartA","CoachesPortal.DiscussionForumPage","CoachesPortal.DiscussionForumPage","case3","test1 > Given I am logged in as customerAdmin, I am validating Discussions- All elements check2","test1 > Given I am logged in as customerAdmin, I am validating Discussions- All elements check2"
"broken","Fri Feb 13 21:20:37 UTC 2026","Fri Feb 13 21:20:38 UTC 2026","1158","HabitNuCoachPortalSuite","HabitNuCoachesPortalRegression-PartB","CoachesPortal.OnsiteUsersListDashboard","CoachesPortal.OnsiteUsersListDashboard","case42","test1 > Given I am logged in as customerAdmin, disenroll user validation - on CANCEL check","test1 > Given I am logged in as customerAdmin, disenroll user validation - on CANCEL check"
"broken","Fri Feb 13 21:20:31 UTC 2026","Fri Feb 13 21:20:32 UTC 2026","1143","HabitNuCoachPortalSuite","HabitNuCoachesPortalRegression-PartB","CoachesPortal.OnsiteUsersListDashboard","CoachesPortal.OnsiteUsersListDashboard","case37","test1 > Given I am logged in as customerAdmin, sorting users table with Join Date in desc order","test1 > Given I am logged in as customerAdmin, sorting users table with Join Date in desc order"
"passed","Fri Feb 13 20:50:26 UTC 2026","Fri Feb 13 20:50:27 UTC 2026","1801","HabitNuCoachPortalSuite","HabitNuCoachesPortalRegression-PartA","CoachesPortal.CohortLevelDashboard.CohortLevelDashboardPage","CoachesPortal.CohortLevelDashboard.CohortLevelDashboardPage","case26","Click on Participant in average BP- should navigate to user dashboard.",""
"passed","Fri Feb 13 22:38:26 UTC 2026","Fri Feb 13 22:38:26 UTC 2026","31","HabitNuCoachPortalSuite","ParticipationsTable","CoachesPortal.participations","CoachesPortal.participations","test4_validatingadmin_defaultpage","When user is validating to Admin default section ",""
"broken","Fri Feb 13 21:20:36 UTC 2026","Fri Feb 13 21:20:37 UTC 2026","1148","HabitNuCoachPortalSuite","HabitNuCoachesPortalRegression-PartB","CoachesPortal.OnsiteUsersListDashboard","CoachesPortal.OnsiteUsersListDashboard","case41","test1 > Given I am logged in as customerAdmin, sorting users table with 'Name' in desc order","test1 > Given I am logged in as customerAdmin, sorting users table with 'Name' in desc order"
"broken","Fri Feb 13 22:39:27 UTC 2026","Fri Feb 13 22:39:47 UTC 2026","20548","HabitNuCoachPortalSuite","ParticipationsTable","CoachesPortal.participations","CoachesPortal.participations","test11_searchuser","And user is able to search the user with user name",""
"passed","Fri Feb 13 21:00:10 UTC 2026","Fri Feb 13 21:00:11 UTC 2026","1136","HabitNuCoachPortalSuite","HabitNuCoachesPortalRegression-PartA","CoachesPortal.LearnModule.CustomerAdminCourseDocument","CoachesPortal.LearnModule.CustomerAdminCourseDocument","verifyAddTitleLinkRequired","Add Title Required",""
"passed","Fri Feb 13 22:08:23 UTC 2026","Fri Feb 13 22:08:23 UTC 2026","130","HabitNuCoachPortalSuite","LoginPageCases","CoachesPortal.LoginPageCases","CoachesPortal.LoginPageCases","testLoginWithoutEmailAndPassword","try login without email and password",""
"broken","Fri Feb 13 21:47:47 UTC 2026","Fri Feb 13 21:48:49 UTC 2026","61479","HabitNuCoachPortalSuite","Paywal","CoachesPortal.payWall","CoachesPortal.payWall","testPublishPaymentPlan","COP-T390: Publish the monthly Payment Plan",""
"passed","Fri Feb 13 22:20:46 UTC 2026","Fri Feb 13 22:20:46 UTC 2026","184","HabitNuCoachPortalSuite","GeneralContent","CoachesPortal.generalContent_WEb_Coaches","CoachesPortal.generalContent_WEb_Coaches","printGroupDetails","Printing Group Details",""
"passed","Fri Feb 13 21:30:07 UTC 2026","Fri Feb 13 21:30:07 UTC 2026","6","HabitNuCoachPortalSuite","HabitNuCoachesPortalRegression-PartB","CoachesPortal.PatientDetails.PatientProfileDemographic","CoachesPortal.PatientDetails.PatientProfileDemographic","updateethnicity_race_info","test1 > Given I am logged in as coach, ethnicity_race_info","test1 > Given I am logged in as coach, ethnicity_race_info"
"passed","Fri Feb 13 22:55:54 UTC 2026","Fri Feb 13 22:56:02 UTC 2026","7927","HabitNuCoachPortalSuite","DifferentTypeOfCohorts","CoachesPortal.connectCohorts","CoachesPortal.connectCohorts","case1","test1 > Given I am logged in as admin, I am validating connect cohorts modules","test1 > Given I am logged in as admin, I am validating connect cohorts modules"
"passed","Fri Feb 13 22:12:19 UTC 2026","Fri Feb 13 22:12:20 UTC 2026","1578","HabitNuCoachPortalSuite","GroupDPPClassPlanner","CoachesPortal.ClassPlanner","CoachesPortal.ClassPlanner","case8","Create the DOCUMENT cards under the list",""
"passed","Fri Feb 13 22:33:30 UTC 2026","Fri Feb 13 22:33:37 UTC 2026","7320","HabitNuCoachPortalSuite","UserDashboard","CoachesPortal.PatientDashboard","CoachesPortal.PatientDashboard","goToUserDashboard","test1 > Given I am logged in as coach, wehn I click on Participants module, Then I should be taken to users/participants list page, when I click on a user, Then I should be taken to user dashboard","coach login - clicking on scheduler should open the scheduler page in coaches portal"
"passed","Fri Feb 13 21:34:04 UTC 2026","Fri Feb 13 21:34:14 UTC 2026","10207","HabitNuCoachPortalSuite","HabitNuCoachesPortalRegression-PartB","CoachesPortal.PatientDetails.PatientProfileDemographic","CoachesPortal.PatientDetails.PatientProfileDemographic","updateMiddleName","test1 > Given I am logged in as customer admin, Middle Name","test1 > Given I am logged in as customer admin, Middle Name"
"passed","Fri Feb 13 22:08:04 UTC 2026","Fri Feb 13 22:08:14 UTC 2026","10630","HabitNuCoachPortalSuite","LoginPageCases","CoachesPortal.LoginPageCases","CoachesPortal.LoginPageCases","testLockAccount","validate users account gets locked after entering incorrect password for 3 times",""
"passed","Fri Feb 13 21:18:04 UTC 2026","Fri Feb 13 21:18:08 UTC 2026","3157","HabitNuCoachPortalSuite","HabitNuCoachesPortalRegression-PartB","CoachesPortal.OnsiteUsersListDashboard","CoachesPortal.OnsiteUsersListDashboard","case8","test1 > Given I am logged in as admin, Form Survey for cohort- validate sdoh tag present against form set.","test1 > Given I am logged in as admin, Form Survey for cohort- validate sdoh tag present against form set."
"passed","Fri Feb 13 21:12:13 UTC 2026","Fri Feb 13 21:12:14 UTC 2026","1224","HabitNuCoachPortalSuite","HabitNuCoachesPortalRegression-PartA","CoachesPortal.DiscussionForumPage","CoachesPortal.DiscussionForumPage","case21","test1 > Given I am logged in as customerAdmin, I am validating Edit Post-Remove File.","test1 > Given I am logged in as customerAdmin, I am validating Edit Post-Remove File."
"passed","Fri Feb 13 22:52:08 UTC 2026","Fri Feb 13 22:53:07 UTC 2026","59429","HabitNuCoachPortalSuite","DifferentTypeOfDashboards","CoachesPortal.CohortLevelDashboard.ParticipantsProgressTracker","CoachesPortal.CohortLevelDashboard.ParticipantsProgressTracker","test8_Session","And user is able to increase the session count",""
"passed","Fri Feb 13 21:29:34 UTC 2026","Fri Feb 13 21:29:36 UTC 2026","1977","HabitNuCoachPortalSuite","HabitNuCoachesPortalRegression-PartB","CoachesPortal.PatientDetails.PatientProfileDemographic","CoachesPortal.PatientDetails.PatientProfileDemographic","updateAndVerifyOtherDetails","test1 > Given I am logged in as coach, updateAndVerifyOtherDetails","test1 > Given I am logged in as coach, updateAndVerifyOtherDetails"
"passed","Fri Feb 13 21:15:36 UTC 2026","Fri Feb 13 21:15:37 UTC 2026","358","HabitNuCoachPortalSuite","HabitNuCoachesPortalRegression-PartA","CoachesPortal.DirectMessage","CoachesPortal.DirectMessage","verifysentMessageToPatient","send a message to participant",""
"passed","Fri Feb 13 21:10:41 UTC 2026","Fri Feb 13 21:10:43 UTC 2026","2190","HabitNuCoachPortalSuite","HabitNuCoachesPortalRegression-PartA","CoachesPortal.DiscussionForumPage","CoachesPortal.DiscussionForumPage","case7","test1 > Given I am logged in as customerAdmin, I am validating Add subject and describe- success post.","test1 > Given I am logged in as customerAdmin, I am validating Add subject and describe- success post."
"broken","Fri Feb 13 22:22:48 UTC 2026","Fri Feb 13 22:22:48 UTC 2026","96","HabitNuCoachPortalSuite","Milestones","CoachesPortal.MilestoneModule.SoleraIBCorNDPP","CoachesPortal.MilestoneModule.SoleraIBCorNDPP","test2","Given I am on the IBC milestone tracker, When the page loads, Then I should see all the required IBC milestone elements displayed",""
"passed","Fri Feb 13 22:25:51 UTC 2026","Fri Feb 13 22:25:56 UTC 2026","4858","HabitNuCoachPortalSuite","Milestones","CoachesPortal.VAMilestone","CoachesPortal.VAMilestone","test9_validating_VAHeaders_data","And user is validating to VAHeaders data by clicking arrow button",""
"passed","Fri Feb 13 21:03:40 UTC 2026","Fri Feb 13 21:03:41 UTC 2026","756","HabitNuCoachPortalSuite","HabitNuCoachesPortalRegression-PartA","CoachesPortal.DiscussionForumPage","CoachesPortal.DiscussionForumPage","case24","test1 > Given I am logged in as admin, I am validating Pin The post","test1 > Given I am logged in as admin, I am validating Pin The post"
"passed","Fri Feb 13 22:08:27 UTC 2026","Fri Feb 13 22:08:29 UTC 2026","2457","HabitNuCoachPortalSuite","LoginPageCases","CoachesPortal.LoginPageCases","CoachesPortal.LoginPageCases","testLoginWithValidEmailAndInvalidPassword","try login with valid email and invalid password",""
"passed","Fri Feb 13 21:15:09 UTC 2026","Fri Feb 13 21:15:10 UTC 2026","1134","HabitNuCoachPortalSuite","HabitNuCoachesPortalRegression-PartA","CoachesPortal.DirectMessage","CoachesPortal.DirectMessage","searchParticipantByFirstName_who_is_notPartOfthisCohort","Search participant by firstName who is not part of this cohort",""
"broken","Fri Feb 13 22:21:04 UTC 2026","Fri Feb 13 22:21:14 UTC 2026","10318","HabitNuCoachPortalSuite","GeneralContent","CoachesPortal.generalContent_WEb_Coaches","CoachesPortal.generalContent_WEb_Coaches","case12","Verify Fitness Videos Details Consistency",""
"passed","Fri Feb 13 21:29:30 UTC 2026","Fri Feb 13 21:29:34 UTC 2026","3682","HabitNuCoachPortalSuite","HabitNuCoachesPortalRegression-PartB","CoachesPortal.PatientDetails.PatientProfileDemographic","CoachesPortal.PatientDetails.PatientProfileDemographic","updateAndVerifyCDCDetails","test1 > Given I am logged in as coach, updateAndVerifyCDCDetails","test1 > Given I am logged in as coach, updateAndVerifyCDCDetails"
"broken","Fri Feb 13 21:21:13 UTC 2026","Fri Feb 13 21:21:14 UTC 2026","1181","HabitNuCoachPortalSuite","HabitNuCoachesPortalRegression-PartB","CoachesPortal.OnsiteUsersListDashboard","CoachesPortal.OnsiteUsersListDashboard","case47","test1 > Given I am logged in as customerAdmin, sorting users table with 'cohort' in asc order","test1 > Given I am logged in as customerAdmin, sorting users table with 'cohort' in asc order"
"passed","Fri Feb 13 22:51:33 UTC 2026","Fri Feb 13 22:52:08 UTC 2026","34465","HabitNuCoachPortalSuite","DifferentTypeOfDashboards","CoachesPortal.CohortLevelDashboard.ParticipantsProgressTracker","CoachesPortal.CohortLevelDashboard.ParticipantsProgressTracker","test7_Activate_Session","And user is able to activate the session.",""
"passed","Fri Feb 13 22:48:24 UTC 2026","Fri Feb 13 22:48:24 UTC 2026","47","HabitNuCoachPortalSuite","DifferentTypeOfDashboards","CoachesPortal.CohortLevelDashboard.DSMEDashboardCoachesPortal","CoachesPortal.CohortLevelDashboard.DSMEDashboardCoachesPortal","test17_verifyWeightLossByPatientsWithAllDefaultOption","Verify Weight Loss by Patients Should be selected by dropdownCard with all as default option",""
"broken","Fri Feb 13 21:24:02 UTC 2026","Fri Feb 13 21:24:33 UTC 2026","30262","HabitNuCoachPortalSuite","HabitNuCoachesPortalRegression-PartB","CoachesPortal.PatientDetails.CommunicationLogsCoachesPortal","CoachesPortal.PatientDetails.CommunicationLogsCoachesPortal","verifyCommunicationLogsWithPush","verifyCommunicationLogsWithPush",""
"passed","Fri Feb 13 21:54:31 UTC 2026","Fri Feb 13 21:54:33 UTC 2026","1624","HabitNuCoachPortalSuite","Paywal","CoachesPortal.payWall","CoachesPortal.payWall","testFilterTransactions","COP-T400: Validate all transaction filters",""
"passed","Fri Feb 13 21:33:53 UTC 2026","Fri Feb 13 21:34:04 UTC 2026","10839","HabitNuCoachPortalSuite","HabitNuCoachesPortalRegression-PartB","CoachesPortal.PatientDetails.PatientProfileDemographic","CoachesPortal.PatientDetails.PatientProfileDemographic","updateFirstName","test1 > Given I am logged in as customer admin, First Name","test1 > Given I am logged in as customer admin, First Name"
"passed","Fri Feb 13 21:19:35 UTC 2026","Fri Feb 13 21:19:40 UTC 2026","5140","HabitNuCoachPortalSuite","HabitNuCoachesPortalRegression-PartB","CoachesPortal.OnsiteUsersListDashboard","CoachesPortal.OnsiteUsersListDashboard","case16","test1 > Given I am logged in as coach, Click on headphone icon- check for Pop up.","test1 > Given I am logged in as coach, Click on headphone icon- check for Pop up."
"passed","Fri Feb 13 22:10:41 UTC 2026","Fri Feb 13 22:10:43 UTC 2026","1376","HabitNuCoachPortalSuite","LogClassSession","CoachesPortal.LogClassSection","CoachesPortal.LogClassSection","verifyAddWeightAttendanceDateAndPAAndLFAndMUPIn_Person","Add weight,attendance date and PA And LF And MUP In Person Mode",""
"failed","Fri Feb 13 22:42:27 UTC 2026","Fri Feb 13 22:42:28 UTC 2026","784","HabitNuCoachPortalSuite","DifferentTypeOfDashboards","CoachesPortal.CohortLevelDashboard.OnlineCohortDashboard","CoachesPortal.CohortLevelDashboard.OnlineCohortDashboard","case5","test1 > Given I am logged in as customer admin, I am validating online cohort 'Weight Loss By Participants validation on graph with 'Added by coach' option","test1 > Given I am logged in as customer admin, I am validating online cohort 'Weight Loss By Participants validation on graph with 'Added by coach' option"
"passed","Fri Feb 13 22:48:25 UTC 2026","Fri Feb 13 22:48:31 UTC 2026","5775","HabitNuCoachPortalSuite","DifferentTypeOfDashboards","CoachesPortal.CohortLevelDashboard.ParticipantsProgressTracker","CoachesPortal.CohortLevelDashboard.ParticipantsProgressTracker","test1_navigating","Given user is navigating to coaches portal",""
"passed","Fri Feb 13 21:47:43 UTC 2026","Fri Feb 13 21:47:45 UTC 2026","1821","HabitNuCoachPortalSuite","Paywal","CoachesPortal.payWall","CoachesPortal.payWall","testCreateAnnualPaymentPlan","COP-T388B: Create Annual Payment Plan",""
"passed","Fri Feb 13 20:59:55 UTC 2026","Fri Feb 13 20:59:55 UTC 2026","51","HabitNuCoachPortalSuite","HabitNuCoachesPortalRegression-PartA","CoachesPortal.LearnModule.Learn","CoachesPortal.LearnModule.Learn","activeConfiguredNotificationsCheck","verify active is displayed against course notifications configured",""
"passed","Fri Feb 13 22:12:23 UTC 2026","Fri Feb 13 22:12:23 UTC 2026","453","HabitNuCoachPortalSuite","GroupDPPClassPlanner","CoachesPortal.ClassPlanner","CoachesPortal.ClassPlanner","case13","click on CANCEL while editing the Created card",""
"passed","Fri Feb 13 22:43:14 UTC 2026","Fri Feb 13 22:43:20 UTC 2026","5865","HabitNuCoachPortalSuite","DifferentTypeOfDashboards","CoachesPortal.CohortLevelDashboard.OnlineCohortDashboard","CoachesPortal.CohortLevelDashboard.OnlineCohortDashboard","weeksCompleted","test1 > Given I am logged in as customer admin, I am validating online cohort 'dashboard-card=weeksCompleted","test1 > Given I am logged in as customer admin, I am validating online cohort 'dashboard-card=weeksCompleted"
"failed","Fri Feb 13 22:44:08 UTC 2026","Fri Feb 13 22:44:15 UTC 2026","7442","HabitNuCoachPortalSuite","DifferentTypeOfDashboards","CoachesPortal.CohortLevelDashboard.OnsiteCohortDashboard","CoachesPortal.CohortLevelDashboard.OnsiteCohortDashboard","case7","test1 > Given I am logged in as coach, I am validating onsite cohort 'Weight Loss By Participants validation on graph with ALL option, when user adds weightt","test1 > Given I am logged in as coach, I am validating onsite cohort 'Weight Loss By Participants validation on graph with ALL option, when user adds weightt"
"failed","Fri Feb 13 22:45:07 UTC 2026","Fri Feb 13 22:45:17 UTC 2026","9983","HabitNuCoachPortalSuite","DifferentTypeOfDashboards","CoachesPortal.CohortLevelDashboard.OnsiteCohortDashboard","CoachesPortal.CohortLevelDashboard.OnsiteCohortDashboard","fivePercentWeightLossCard","test1 > Given I am logged in as customer admin, I am validating onsite cohort 'dashboard-card=fivePercentWeightLossCardCount","test1 > Given I am logged in as customer admin, I am validating onsite cohort 'dashboard-card=fivePercentWeightLossCardCount"
"passed","Fri Feb 13 22:34:00 UTC 2026","Fri Feb 13 22:34:09 UTC 2026","8875","HabitNuCoachPortalSuite","UserDashboard","CoachesPortal.PatientDashboard","CoachesPortal.PatientDashboard","patientWeeklyStatus_STEPS","test4 > Given I am logged in as coach, wehn I am on adding steps from user Dashboard, Then I should be able to see added exercise steps count==1 under patientWeeklyStatus_STEPS","coach login - user/patient/partcipant dashboard validation"
"broken","Fri Feb 13 21:31:09 UTC 2026","Fri Feb 13 21:31:44 UTC 2026","35247","HabitNuCoachPortalSuite","HabitNuCoachesPortalRegression-PartB","CoachesPortal.PatientDetails.PatientProfileDemographic","CoachesPortal.PatientDetails.PatientProfileDemographic","updateDisenrollmentDetails_with_onlyDisenrolledCodeData","test1 > Given I am logged in as customer admin, try updating DisenrollmentDetails with only diseenrolledCode data","test1 > Given I am logged in as customer admin, try updating DisenrollmentDetails with only diseenrolledCode data"
"passed","Fri Feb 13 21:00:32 UTC 2026","Fri Feb 13 21:00:33 UTC 2026","1113","HabitNuCoachPortalSuite","HabitNuCoachesPortalRegression-PartA","CoachesPortal.LearnModule.CustomerAdminCourseDocument","CoachesPortal.LearnModule.CustomerAdminCourseDocument","verifyAddOnlyDiscriptionDocument","Add Only Discription And verify documentupload and title Required",""
"passed","Fri Feb 13 22:42:09 UTC 2026","Fri Feb 13 22:42:12 UTC 2026","2582","HabitNuCoachPortalSuite","DifferentTypeOfDashboards","CoachesPortal.CohortLevelDashboard.OnlineCohortDashboard","CoachesPortal.CohortLevelDashboard.OnlineCohortDashboard","case1","test1 > Given I am logged in as customer admin, I am validating online cohort 'dashboard-cards","test1 > Given I am logged in as customer admin, I am validating online cohort 'dashboard-cards"
"broken","Fri Feb 13 21:36:59 UTC 2026","Fri Feb 13 21:37:10 UTC 2026","10443","HabitNuCoachPortalSuite","UserActivities","CoachesPortal.PatientDetails.UserActivitiesBloodPressure","CoachesPortal.PatientDetails.UserActivitiesBloodPressure","verifyUserData_on_coachesPortal","Verify user data added on web on coaches portal",""
"failed","Fri Feb 13 22:42:17 UTC 2026","Fri Feb 13 22:42:27 UTC 2026","9401","HabitNuCoachPortalSuite","DifferentTypeOfDashboards","CoachesPortal.CohortLevelDashboard.OnlineCohortDashboard","CoachesPortal.CohortLevelDashboard.OnlineCohortDashboard","fivePercentWeightLossCard","test1 > Given I am logged in as customer admin, I am validating online cohort 'dashboard-card=fivePercentWeightLossCardCount","test1 > Given I am logged in as customer admin, I am validating online cohort 'dashboard-card=fivePercentWeightLossCardCount"
"passed","Fri Feb 13 21:26:14 UTC 2026","Fri Feb 13 21:26:14 UTC 2026","32","HabitNuCoachPortalSuite","HabitNuCoachesPortalRegression-PartB","CoachesPortal.PatientDetails.PatientProfileDemographic","CoachesPortal.PatientDetails.PatientProfileDemographic","verifyDisenrollmentDetails","test1 > Given I am logged in as coach, verifyDisenrollmentDetails","test1 > Given I am logged in as coach, verifyDisenrollmentDetails"
"passed","Fri Feb 13 21:30:07 UTC 2026","Fri Feb 13 21:30:07 UTC 2026","119","HabitNuCoachPortalSuite","HabitNuCoachesPortalRegression-PartB","CoachesPortal.PatientDetails.PatientProfileDemographic","CoachesPortal.PatientDetails.PatientProfileDemographic","testSelectWalkingYes","test1 > Given I am logged in as coach, testSelectWalkingYes","test1 > Given I am logged in as coach, testSelectWalkingYes"
"passed","Fri Feb 13 22:07:53 UTC 2026","Fri Feb 13 22:07:53 UTC 2026","10","HabitNuCoachPortalSuite","ProjectPowerDashboard","CoachesPortal.ProjectPowerDashboard","CoachesPortal.ProjectPowerDashboard","verifyDemographicsDiabetesDiagnosis","Demographics page - Diabetes Diagnosis",""
"passed","Fri Feb 13 22:46:12 UTC 2026","Fri Feb 13 22:46:12 UTC 2026","198","HabitNuCoachPortalSuite","DifferentTypeOfDashboards","CoachesPortal.CohortLevelDashboard.OnsiteCohortDashboard","CoachesPortal.CohortLevelDashboard.OnsiteCohortDashboard","AttendanceByparticipantsGraph","test1 > Given I am logged in as customer admin, I am validating onsite cohort 'AttendanceByparticipantsGraph","test1 > Given I am logged in as customer admin, I am validating onsite cohort 'AttendanceByparticipantsGraph"
"passed","Fri Feb 13 21:42:04 UTC 2026","Fri Feb 13 21:42:06 UTC 2026","2283","HabitNuCoachPortalSuite","Scheduler","CoachesPortal.Schedular","CoachesPortal.Schedular","clickOnSchedular","test1 > Given I am logged in as coach, wehn I click on Scheduler module, Then I should be taken to meeting time slot pick up page","coach login - clicking on scheduler should open the scheduler page in coaches portal"
"broken","Fri Feb 13 22:06:50 UTC 2026","Fri Feb 13 22:07:52 UTC 2026","61497","HabitNuCoachPortalSuite","ProjectPowerDashboard","CoachesPortal.ProjectPowerDashboard","CoachesPortal.ProjectPowerDashboard","verifySDOHPage_Education","SDOH page - It should display the count of participants of Education",""
"passed","Fri Feb 13 22:08:16 UTC 2026","Fri Feb 13 22:08:17 UTC 2026","329","HabitNuCoachPortalSuite","LoginPageCases","CoachesPortal.LoginPageCases","CoachesPortal.LoginPageCases","testRestpasswordCase2","validate users be able to reset password, while doing so entering new password, but entering different one in confirm password",""
"passed","Fri Feb 13 22:12:17 UTC 2026","Fri Feb 13 22:12:18 UTC 2026","776","HabitNuCoachPortalSuite","GroupDPPClassPlanner","CoachesPortal.ClassPlanner","CoachesPortal.ClassPlanner","case5","Edit the list to class planner",""
"broken","Fri Feb 13 21:48:49 UTC 2026","Fri Feb 13 21:48:50 UTC 2026","1060","HabitNuCoachPortalSuite","Paywal","CoachesPortal.payWall","CoachesPortal.payWall","testPublishAnnualPaymentPlan","COP-T390B: Publish the Annual Payment Plan",""
"passed","Fri Feb 13 22:04:42 UTC 2026","Fri Feb 13 22:04:42 UTC 2026","38","HabitNuCoachPortalSuite","ProjectPowerDashboard","CoachesPortal.ProjectPowerDashboard","CoachesPortal.ProjectPowerDashboard","verifyCumulative_EnrollmentGraphPresence","It should display the graph of enrollment of participants on monthly basis",""
"passed","Fri Feb 13 21:00:24 UTC 2026","Fri Feb 13 21:00:31 UTC 2026","6538","HabitNuCoachPortalSuite","HabitNuCoachesPortalRegression-PartA","CoachesPortal.LearnModule.CustomerAdminCourseDocument","CoachesPortal.LearnModule.CustomerAdminCourseDocument","verifyAddDocument","Add Document",""
"passed","Fri Feb 13 22:47:52 UTC 2026","Fri Feb 13 22:47:56 UTC 2026","3965","HabitNuCoachPortalSuite","DifferentTypeOfDashboards","CoachesPortal.CohortLevelDashboard.DSMEDashboardCoachesPortal","CoachesPortal.CohortLevelDashboard.DSMEDashboardCoachesPortal","test8_Complete","And user is validating Complete",""
"passed","Fri Feb 13 22:35:16 UTC 2026","Fri Feb 13 22:35:22 UTC 2026","5182","HabitNuCoachPortalSuite","FeatureFlags","CoachesPortal.FeatureFlags","CoachesPortal.FeatureFlags","test1_navigatingcoach","Given user is navigating to coaches portal",""
"passed","Fri Feb 13 22:45:41 UTC 2026","Fri Feb 13 22:45:42 UTC 2026","670","HabitNuCoachPortalSuite","DifferentTypeOfDashboards","CoachesPortal.CohortLevelDashboard.OnsiteCohortDashboard","CoachesPortal.CohortLevelDashboard.OnsiteCohortDashboard","case9","test1 > Given I am logged in as customer admin, I am validating onsite cohort 'Weight Loss By Participants validation on graph with 'Added by coach' option, when user adds weight","test1 > Given I am logged in as customer admin, I am validating onsite cohort 'Weight Loss By Participants validation on graph with 'Added by coach' option, when user adds weight"
"passed","Fri Feb 13 21:40:09 UTC 2026","Fri Feb 13 21:40:19 UTC 2026","10494","HabitNuCoachPortalSuite","UserActivities","CoachesPortal.PatientDetails.UserActivitiesTobacco","CoachesPortal.PatientDetails.UserActivitiesTobacco","verifyUserData_on_coachesPortal","Verify user data added on web on coaches portal",""
"passed","Fri Feb 13 21:06:12 UTC 2026","Fri Feb 13 21:06:13 UTC 2026","650","HabitNuCoachPortalSuite","HabitNuCoachesPortalRegression-PartA","CoachesPortal.DiscussionForumPage","CoachesPortal.DiscussionForumPage","case1","test1 > Given I am logged in as coach, I am validating Coaches - Discussions module","test1 > Given I am logged in as coach, I am validating - Discussions module"
"passed","Fri Feb 13 22:30:25 UTC 2026","Fri Feb 13 22:30:33 UTC 2026","7271","HabitNuCoachPortalSuite","UserDashboard","CoachesPortal.PatientDashboard","CoachesPortal.PatientDashboard","bloodPressureHistory","test8 > Given I am logged in as admin, wehn I am on adding bloodpressure from user Dashboard, Then I should be able to see added bloodpressure on bloodpressureHistory graph","admin login - user/patient/partcipant dashboard validation"
"passed","Fri Feb 13 21:11:44 UTC 2026","Fri Feb 13 21:11:49 UTC 2026","5245","HabitNuCoachPortalSuite","HabitNuCoachesPortalRegression-PartA","CoachesPortal.DiscussionForumPage","CoachesPortal.DiscussionForumPage","case16","test1 > Given I am logged in as customerAdmin, I am validating upload upto 5 files with Description- Success.","test1 > Given I am logged in as customerAdmin, I am validating upload upto 5 files with Description- Success."
"passed","Fri Feb 13 21:54:33 UTC 2026","Fri Feb 13 21:54:34 UTC 2026","890","HabitNuCoachPortalSuite","Paywal","CoachesPortal.payWall","CoachesPortal.payWall","testFilterTransactions","COP-T400: Validate all transaction filters",""
"passed","Fri Feb 13 22:30:33 UTC 2026","Fri Feb 13 22:30:33 UTC 2026","673","HabitNuCoachPortalSuite","UserDashboard","CoachesPortal.PatientDashboard","CoachesPortal.PatientDashboard","videoActivity","test13 > Given I am logged in as admin, when I am on watching a video by logging into user app, Then I should be able to see watched Video progress data on VideoActivity graph","admin login - user/patient/partcipant dashboard validation"
"failed","Fri Feb 13 22:41:34 UTC 2026","Fri Feb 13 22:41:34 UTC 2026","152","HabitNuCoachPortalSuite","DifferentTypeOfDashboards","CoachesPortal.CohortLevelDashboard.OnlineCohortDashboard","CoachesPortal.CohortLevelDashboard.OnlineCohortDashboard","male_female_card_withUdate_to_male","test1 > Given I am logged in as coach, I am validating online cohort 'dashboard-card=male_female_card_withUdate_to_male","test1 > Given I am logged in as coach, I am validating online cohort 'dashboard-card=male_female_card_withUdate_to_male"
"passed","Fri Feb 13 20:52:35 UTC 2026","Fri Feb 13 20:52:50 UTC 2026","14949","HabitNuCoachPortalSuite","HabitNuCoachesPortalRegression-PartA","CoachesPortal.LearnModule.Learn","CoachesPortal.LearnModule.Learn","verifyFromCoachesEndAfterUserWatchesCourse","verify from coaches portal",""
"passed","Fri Feb 13 21:10:12 UTC 2026","Fri Feb 13 21:10:15 UTC 2026","2491","HabitNuCoachPortalSuite","HabitNuCoachesPortalRegression-PartA","CoachesPortal.DiscussionForumPage","CoachesPortal.DiscussionForumPage","case28","test1 > Given I am logged in as coach, I am validating Delete all posts","test1 > Given I am logged in as coach, I am validating Delete all posts"
"passed","Fri Feb 13 20:47:41 UTC 2026","Fri Feb 13 20:47:41 UTC 2026","313","HabitNuCoachPortalSuite","HabitNuCoachesPortalRegression-PartA","CoachesPortal.CohortLevelDashboard.CohortLevelDashboardPage","CoachesPortal.CohortLevelDashboard.CohortLevelDashboardPage","case3","Weight Loss by coach and user graph seletion values test case.",""
"passed","Fri Feb 13 22:12:18 UTC 2026","Fri Feb 13 22:12:19 UTC 2026","963","HabitNuCoachPortalSuite","GroupDPPClassPlanner","CoachesPortal.ClassPlanner","CoachesPortal.ClassPlanner","case7","Create the TEXT cards under the list",""
"passed","Fri Feb 13 22:12:24 UTC 2026","Fri Feb 13 22:12:24 UTC 2026","156","HabitNuCoachPortalSuite","GroupDPPClassPlanner","CoachesPortal.ClassPlanner","CoachesPortal.ClassPlanner","case15","Cancel the archive pop up",""
"passed","Fri Feb 13 22:50:39 UTC 2026","Fri Feb 13 22:51:29 UTC 2026","50165","HabitNuCoachPortalSuite","DifferentTypeOfDashboards","CoachesPortal.CohortLevelDashboard.ParticipantsProgressTracker","CoachesPortal.CohortLevelDashboard.ParticipantsProgressTracker","test5_Actions_Options","And user is able to select the Actions options.",""
"failed","Fri Feb 13 22:45:42 UTC 2026","Fri Feb 13 22:45:42 UTC 2026","95","HabitNuCoachPortalSuite","DifferentTypeOfDashboards","CoachesPortal.CohortLevelDashboard.OnsiteCohortDashboard","CoachesPortal.CohortLevelDashboard.OnsiteCohortDashboard","male_female_card_withUdate_to_male","test1 > Given I am logged in as customer admin, I am validating onsite cohort 'dashboard-card=male_female_card_withUdate_to_male","test1 > Given I am logged in as customer admin, I am validating onsite cohort 'dashboard-card=male_female_card_withUdate_to_male"
"broken","Fri Feb 13 22:00:09 UTC 2026","Fri Feb 13 22:00:55 UTC 2026","46019","HabitNuCoachPortalSuite","HabitNuCoachesPortalRegression-PartC","CoachesPortal.PatientDetails.PatientProfilePreAuth","CoachesPortal.PatientDetails.PatientProfilePreAuth","verifyAddPreAuthDetails","Add PreAuth of Ethlen",""
"passed","Fri Feb 13 22:12:22 UTC 2026","Fri Feb 13 22:12:22 UTC 2026","9","HabitNuCoachPortalSuite","GroupDPPClassPlanner","CoachesPortal.ClassPlanner","CoachesPortal.ClassPlanner","case11","Create multiple cards under List",""
"passed","Fri Feb 13 22:12:22 UTC 2026","Fri Feb 13 22:12:23 UTC 2026","1062","HabitNuCoachPortalSuite","GroupDPPClassPlanner","CoachesPortal.ClassPlanner","CoachesPortal.ClassPlanner","case12","Edit the Created card",""
"passed","Fri Feb 13 21:29:28 UTC 2026","Fri Feb 13 21:29:30 UTC 2026","2286","HabitNuCoachPortalSuite","HabitNuCoachesPortalRegression-PartB","CoachesPortal.PatientDetails.PatientProfileDemographic","CoachesPortal.PatientDetails.PatientProfileDemographic","updateAndVerifyBaselineHealthData","test1 > Given I am logged in as coach, updateAndVerifyBaselineHealthData","test1 > Given I am logged in as coach, updateAndVerifyBaselineHealthData"
"passed","Fri Feb 13 22:25:27 UTC 2026","Fri Feb 13 22:25:28 UTC 2026","1164","HabitNuCoachPortalSuite","Milestones","CoachesPortal.VAMilestone","CoachesPortal.VAMilestone","test4_navigating_milestone","And user is navigating to milestone",""
"passed","Fri Feb 13 21:34:56 UTC 2026","Fri Feb 13 21:35:06 UTC 2026","10665","HabitNuCoachPortalSuite","HabitNuCoachesPortalRegression-PartB","CoachesPortal.PatientDetails.PatientProfileDemographic","CoachesPortal.PatientDetails.PatientProfileDemographic","updateCurrentGender","test1 > Given I am logged in as customer admin, Current Gender","test1 > Given I am logged in as customer admin, Current Gender"
"passed","Fri Feb 13 22:45:18 UTC 2026","Fri Feb 13 22:45:33 UTC 2026","14751","HabitNuCoachPortalSuite","DifferentTypeOfDashboards","CoachesPortal.CohortLevelDashboard.OnsiteCohortDashboard","CoachesPortal.CohortLevelDashboard.OnsiteCohortDashboard","fivePercentWeightLossCard_forUserWeight","test1 > Given I am logged in as customer admin, I am validating onsite cohort 'dashboard-card=fivePercentWeightLossCardCount, when user adds weight","test1 > Given I am logged in as customer admin, I am validating onsite cohort 'dashboard-card=fivePercentWeightLossCardCount, when user adds weight"
"passed","Fri Feb 13 22:05:51 UTC 2026","Fri Feb 13 22:05:56 UTC 2026","5074","HabitNuCoachPortalSuite","ProjectPowerDashboard","CoachesPortal.ProjectPowerDashboard","CoachesPortal.ProjectPowerDashboard","verifyADAMilestone","All cohort dashboard for project power - ADA milestone trend",""
"broken","Fri Feb 13 21:47:45 UTC 2026","Fri Feb 13 21:47:47 UTC 2026","2325","HabitNuCoachPortalSuite","Paywal","CoachesPortal.payWall","CoachesPortal.payWall","testEditDraftPaymentPlan","COP-T389: Edit the Monthly Draft Payment Plan",""
"passed","Fri Feb 13 21:36:28 UTC 2026","Fri Feb 13 21:36:29 UTC 2026","809","HabitNuCoachPortalSuite","PatientsProfileAllergies","CoachesPortal.PatientDetails.PatientsProfileAllergies","CoachesPortal.PatientDetails.PatientsProfileAllergies","editMedication","edit allergy for Ethylen",""
"passed","Fri Feb 13 22:12:40 UTC 2026","Fri Feb 13 22:12:40 UTC 2026","91","HabitNuCoachPortalSuite","GroupDPPClassPlanner","CoachesPortal.ClassPlanner","CoachesPortal.ClassPlanner","case19","Click on Unlock button",""
"failed","Fri Feb 13 22:46:42 UTC 2026","Fri Feb 13 22:47:02 UTC 2026","19332","HabitNuCoachPortalSuite","DifferentTypeOfDashboards","CoachesPortal.CohortLevelDashboard.DSMEDashboardCoachesPortal","CoachesPortal.CohortLevelDashboard.DSMEDashboardCoachesPortal","test3_pending","And user is validating pending",""
"passed","Fri Feb 13 22:34:36 UTC 2026","Fri Feb 13 22:34:44 UTC 2026","8683","HabitNuCoachPortalSuite","UserDashboard","CoachesPortal.PatientDashboard","CoachesPortal.PatientDashboard","habitCard_Done","test17 > Given I am logged in as coach, when I am on updating with a habit for the user to DONE, Then I should be able to see updated habit as 'DONE' on Habits graph","coach login - user/patient/partcipant dashboard validation"
"broken","Fri Feb 13 21:20:38 UTC 2026","Fri Feb 13 21:20:39 UTC 2026","1163","HabitNuCoachPortalSuite","HabitNuCoachesPortalRegression-PartB","CoachesPortal.OnsiteUsersListDashboard","CoachesPortal.OnsiteUsersListDashboard","case43","test1 > Given I am logged in as customerAdmin, disenroll user validation - on DISENROLL check","test1 > Given I am logged in as customerAdmin, disenroll user validation - on DISENROLL check"
"passed","Fri Feb 13 22:51:29 UTC 2026","Fri Feb 13 22:51:33 UTC 2026","4185","HabitNuCoachPortalSuite","DifferentTypeOfDashboards","CoachesPortal.CohortLevelDashboard.ParticipantsProgressTracker","CoachesPortal.CohortLevelDashboard.ParticipantsProgressTracker","test6_Search_Users","And user is able to search the users",""
"passed","Fri Feb 13 22:34:45 UTC 2026","Fri Feb 13 22:34:57 UTC 2026","12190","HabitNuCoachPortalSuite","UserDashboard","CoachesPortal.PatientDashboard","CoachesPortal.PatientDashboard","Last_AFterMeal_Blood_Sugar","test21 > Given I am logged in as coach, wehn I am on Participants dashboard page, when I add bloodsugar AFTER-MEAL type, Then I should be able to see the added data on dashboard card==Last_AfterMeal_Blood_Sugar","coach login - clicking on scheduler should open the scheduler page in coaches portal"
"passed","Fri Feb 13 21:15:00 UTC 2026","Fri Feb 13 21:15:00 UTC 2026","22","HabitNuCoachPortalSuite","HabitNuCoachesPortalRegression-PartA","CoachesPortal.DirectMessage","CoachesPortal.DirectMessage","verify_the_elements_of_direct_message","verify the elements of direct message ",""
"broken","Fri Feb 13 22:11:14 UTC 2026","Fri Feb 13 22:12:15 UTC 2026","60918","HabitNuCoachPortalSuite","GroupDPPClassPlanner","CoachesPortal.ClassPlanner","CoachesPortal.ClassPlanner","case2","It should have an Activate button, Add List, and Show Archived.",""
"passed","Fri Feb 13 22:08:29 UTC 2026","Fri Feb 13 22:08:29 UTC 2026","171","HabitNuCoachPortalSuite","LoginPageCases","CoachesPortal.LoginPageCases","CoachesPortal.LoginPageCases","case13","Coaches Portal Feedback URL -> Add valid email address -> Keep other fields empty -> Click on submit feedback",""
"passed","Fri Feb 13 21:18:57 UTC 2026","Fri Feb 13 21:19:02 UTC 2026","5030","HabitNuCoachPortalSuite","HabitNuCoachesPortalRegression-PartB","CoachesPortal.OnsiteUsersListDashboard","CoachesPortal.OnsiteUsersListDashboard","case1","test1 > Given I am logged in as coach, Search for 'automationForLogclass' and click on users.","test1 > Given I am logged in as coach, Search for 'automationForLogclass' and click on users."
"passed","Fri Feb 13 21:02:19 UTC 2026","Fri Feb 13 21:02:28 UTC 2026","9264","HabitNuCoachPortalSuite","HabitNuCoachesPortalRegression-PartA","CoachesPortal.DiscussionForumPage","CoachesPortal.DiscussionForumPage","case12","test1 > Given I am logged in as admin, I am validating File upload- subject only- error.","test1 > Given I am logged in as admin, I am validating File upload- subject only- error."
"passed","Fri Feb 13 21:11:04 UTC 2026","Fri Feb 13 21:11:14 UTC 2026","9419","HabitNuCoachPortalSuite","HabitNuCoachesPortalRegression-PartA","CoachesPortal.DiscussionForumPage","CoachesPortal.DiscussionForumPage","case13","test1 > Given I am logged in as customerAdmin, I am validating File upload- description only- success.","test1 > Given I am logged in as customerAdmin, I am validating File upload- description only- success."
"passed","Fri Feb 13 22:05:01 UTC 2026","Fri Feb 13 22:05:37 UTC 2026","36004","HabitNuCoachPortalSuite","ProjectPowerDashboard","CoachesPortal.ProjectPowerDashboard","CoachesPortal.ProjectPowerDashboard","verifyM1GraphwithfilterAsAllTime","verifyM1GraphwithfilterAsAllTime",""
"passed","Fri Feb 13 22:06:41 UTC 2026","Fri Feb 13 22:06:41 UTC 2026","601","HabitNuCoachPortalSuite","ProjectPowerDashboard","CoachesPortal.ProjectPowerDashboard","CoachesPortal.ProjectPowerDashboard","verifyCohortWeightLossTrendForALLTIME","All cohort dashboard for project power - Cohort Weight Loss trend - All Time",""
"broken","Fri Feb 13 21:27:55 UTC 2026","Fri Feb 13 21:28:26 UTC 2026","30515","HabitNuCoachPortalSuite","HabitNuCoachesPortalRegression-PartB","CoachesPortal.PatientDetails.PatientProfileDemographic","CoachesPortal.PatientDetails.PatientProfileDemographic","updateDisenrollmentDetails_with_onlyDisenrolledReason","test1 > Given I am logged in as coach, try updating DisenrollmentDetails with only diseenrolledReason data","test1 > Given I am logged in as coach, try updating DisenrollmentDetails with only diseenrolledReason data"
"passed","Fri Feb 13 22:26:43 UTC 2026","Fri Feb 13 22:26:48 UTC 2026","4846","HabitNuCoachPortalSuite","Milestones","CoachesPortal.VAMilestone","CoachesPortal.VAMilestone","test16_validating_VAHeaders_data","And user is validating to VAHeaders data by clicking arrow button",""
"passed","Fri Feb 13 21:06:47 UTC 2026","Fri Feb 13 21:06:48 UTC 2026","737","HabitNuCoachPortalSuite","HabitNuCoachesPortalRegression-PartA","CoachesPortal.DiscussionForumPage","CoachesPortal.DiscussionForumPage","verifyFileIsOpenedOnClickingViewButton","test1 > Given I am logged in as coach, I am validating verify file opened on clicking view button","test1 > Given I am logged in as coach, I am validating verify file opened on clicking view button"
"passed","Fri Feb 13 22:12:23 UTC 2026","Fri Feb 13 22:12:24 UTC 2026","800","HabitNuCoachPortalSuite","GroupDPPClassPlanner","CoachesPortal.ClassPlanner","CoachesPortal.ClassPlanner","case14","Archive the TEXT Created card",""
"passed","Fri Feb 13 21:19:47 UTC 2026","Fri Feb 13 21:19:47 UTC 2026","138","HabitNuCoachPortalSuite","HabitNuCoachesPortalRegression-PartB","CoachesPortal.OnsiteUsersListDashboard","CoachesPortal.OnsiteUsersListDashboard","case20","test1 > Given I am logged in as coach, Clicking on Cohort should navigate to Dashboard.","test1 > Given I am logged in as coach, Clicking on Cohort should navigate to Dashboard."
"passed","Fri Feb 13 22:20:07 UTC 2026","Fri Feb 13 22:20:09 UTC 2026","1931","HabitNuCoachPortalSuite","GeneralContent","CoachesPortal.generalContent_WEb_Coaches","CoachesPortal.generalContent_WEb_Coaches","case4","Creating tags for Sleep",""
"passed","Fri Feb 13 20:51:55 UTC 2026","Fri Feb 13 20:51:59 UTC 2026","4395","HabitNuCoachPortalSuite","HabitNuCoachesPortalRegression-PartA","CoachesPortal.LearnModule.Learn","CoachesPortal.LearnModule.Learn","letsPublishCourseNow","publish the course",""
"passed","Fri Feb 13 21:22:27 UTC 2026","Fri Feb 13 21:22:29 UTC 2026","2391","HabitNuCoachPortalSuite","HabitNuCoachesPortalRegression-PartB","CoachesPortal.OnsiteUsersListDashboard","CoachesPortal.OnsiteUsersListDashboard","case56","test1 > Given I am logged in as customerAdmin, verify Mail hasn't sent & unverified address.","test1 > Given I am logged in as customerAdmin, verify Mail hasn't sent & unverified address."
"passed","Fri Feb 13 22:34:29 UTC 2026","Fri Feb 13 22:34:35 UTC 2026","6738","HabitNuCoachPortalSuite","UserDashboard","CoachesPortal.PatientDashboard","CoachesPortal.PatientDashboard","patientVWeeklyStatusVideo_when_100_percentWatched","test15 > Given I am logged in as coach, when I am on watching a video completely by logging into user app, Then I should be able to see watched Video count==1 under patientVWeeklyStatusVideo","coach login - user/patient/partcipant dashboard validation"
"passed","Fri Feb 13 22:33:37 UTC 2026","Fri Feb 13 22:33:44 UTC 2026","7146","HabitNuCoachPortalSuite","UserDashboard","CoachesPortal.PatientDashboard","CoachesPortal.PatientDashboard","foodLog","test12 > Given I am logged in as coach, when I am on adding Meal by logging into user app, Then I should be able to see added Meal data on FoodLog graph","coach login - user/patient/partcipant dashboard validation"
"passed","Fri Feb 13 21:22:40 UTC 2026","Fri Feb 13 21:22:42 UTC 2026","1974","HabitNuCoachPortalSuite","HabitNuCoachesPortalRegression-PartB","CoachesPortal.OnsiteUsersListDashboard","CoachesPortal.OnsiteUsersListDashboard","case58","test1 > Given I am logged in as customerAdmin, verify milestonecolor==green when user completes registration banner and verifies address","test1 > Given I am logged in as customerAdmin, verify milestonecolor==green when user completes registration banner and verifies address"
"passed","Fri Feb 13 21:00:09 UTC 2026","Fri Feb 13 21:00:10 UTC 2026","1020","HabitNuCoachPortalSuite","HabitNuCoachesPortalRegression-PartA","CoachesPortal.LearnModule.CustomerAdminCourseDocument","CoachesPortal.LearnModule.CustomerAdminCourseDocument","verifyAddUrlLinkRequired","Add Url Required",""
"broken","Fri Feb 13 21:28:56 UTC 2026","Fri Feb 13 21:29:28 UTC 2026","31906","HabitNuCoachPortalSuite","HabitNuCoachesPortalRegression-PartB","CoachesPortal.PatientDetails.PatientProfileDemographic","CoachesPortal.PatientDetails.PatientProfileDemographic","updateAndVerifyCallDetails","test1 > Given I am logged in as coach, updateAndVerifyCallDetails","test1 > Given I am logged in as coach, updateAndVerifyCallDetails"
"passed","Fri Feb 13 22:02:26 UTC 2026","Fri Feb 13 22:03:01 UTC 2026","34783","HabitNuCoachPortalSuite","HabitNuCoachesPortalRegression-PartC","CoachesPortal.PatientDetails.PatientProfileImmunizations","CoachesPortal.PatientDetails.PatientProfileImmunizations","verifyPersonalDetails","Add medication of Ethlen",""
"broken","Fri Feb 13 21:20:43 UTC 2026","Fri Feb 13 21:21:13 UTC 2026","30406","HabitNuCoachPortalSuite","HabitNuCoachesPortalRegression-PartB","CoachesPortal.OnsiteUsersListDashboard","CoachesPortal.OnsiteUsersListDashboard","case46","test1 > Given I am logged in as customerAdmin, hover over milestone dot to validate disenrolled state text","test1 > Given I am logged in as customerAdmin, hover over milestone dot to validate disenrolled state text"
"passed","Fri Feb 13 22:48:23 UTC 2026","Fri Feb 13 22:48:24 UTC 2026","149","HabitNuCoachPortalSuite","DifferentTypeOfDashboards","CoachesPortal.CohortLevelDashboard.DSMEDashboardCoachesPortal","CoachesPortal.CohortLevelDashboard.DSMEDashboardCoachesPortal","test15_verifyBloodSugarByPatientsWithCalender","Verify Blood Sugar by Patients with Calender as default date today selected",""
"passed","Fri Feb 13 21:40:59 UTC 2026","Fri Feb 13 21:41:26 UTC 2026","27323","HabitNuCoachPortalSuite","Scheduler","CoachesPortal.Schedular","CoachesPortal.Schedular","editAppointment","test4 >  Given I am logged in as admin, and on time slot page, When I click on created appointment, Then I should be able to see edit appointment page with edit button, When I click on it and edit details, Then I should be able to save it","admin login - User should be able to edit and save appointment"
"failed","Fri Feb 13 22:46:20 UTC 2026","Fri Feb 13 22:46:42 UTC 2026","22593","HabitNuCoachPortalSuite","DifferentTypeOfDashboards","CoachesPortal.CohortLevelDashboard.DSMEDashboardCoachesPortal","CoachesPortal.CohortLevelDashboard.DSMEDashboardCoachesPortal","test2_Flagged","And user is navigated to Flagged",""
"passed","Fri Feb 13 21:54:20 UTC 2026","Fri Feb 13 21:54:23 UTC 2026","2568","HabitNuCoachPortalSuite","Paywal","CoachesPortal.payWall","CoachesPortal.payWall","testFilterSubscriptions","COP-T397–399: Validate subscription filters",""
"failed","Fri Feb 13 22:45:58 UTC 2026","Fri Feb 13 22:46:05 UTC 2026","7036","HabitNuCoachPortalSuite","DifferentTypeOfDashboards","CoachesPortal.CohortLevelDashboard.OnsiteCohortDashboard","CoachesPortal.CohortLevelDashboard.OnsiteCohortDashboard","activeParticipants","test1 > Given I am logged in as customer admin, I am validating onsite cohort 'dashboard-card=activeParticipants","test1 > Given I am logged in as customer admin, I am validating onsite cohort 'dashboard-card=activeParticipants"
"passed","Fri Feb 13 20:48:04 UTC 2026","Fri Feb 13 20:48:06 UTC 2026","2801","HabitNuCoachPortalSuite","HabitNuCoachesPortalRegression-PartA","CoachesPortal.CohortLevelDashboard.CohortLevelDashboardPage","CoachesPortal.CohortLevelDashboard.CohortLevelDashboardPage","case9","Weekly Engagement- 12 week, year and custom date test case.",""
"skipped","Fri Feb 13 22:23:22 UTC 2026","Fri Feb 13 22:23:22 UTC 2026","0","HabitNuCoachPortalSuite","Milestones","CoachesPortal.MilestoneModule.SoleraIBCorNDPP","CoachesPortal.MilestoneModule.SoleraIBCorNDPP","test10","Given I have achieved M0 & M1, M2, M3, M4, M5(1stgreen), When I achieve Weekly Meaningful Engagement for week7, Then I should be able to achieve M5(secondgreen)",""
"passed","Fri Feb 13 20:50:43 UTC 2026","Fri Feb 13 20:50:44 UTC 2026","1615","HabitNuCoachPortalSuite","HabitNuCoachesPortalRegression-PartA","CoachesPortal.CohortLevelDashboard.CohortLevelDashboardPage","CoachesPortal.CohortLevelDashboard.CohortLevelDashboardPage","case29","Office Hours Participant click- dashboard navigation.",""
"broken","Fri Feb 13 22:47:26 UTC 2026","Fri Feb 13 22:47:33 UTC 2026","7420","HabitNuCoachPortalSuite","DifferentTypeOfDashboards","CoachesPortal.CohortLevelDashboard.DSMEDashboardCoachesPortal","CoachesPortal.CohortLevelDashboard.DSMEDashboardCoachesPortal","test6_Disenrolled","And user is validating Disenrolled",""
"passed","Fri Feb 13 21:28:56 UTC 2026","Fri Feb 13 21:28:56 UTC 2026","25","HabitNuCoachPortalSuite","HabitNuCoachesPortalRegression-PartB","CoachesPortal.PatientDetails.PatientProfileDemographic","CoachesPortal.PatientDetails.PatientProfileDemographic","verifyScaleOrderDetails","test1 > Given I am logged in as coach, verifyScaleOrderDetails","test1 > Given I am logged in as coach, verifyScaleOrderDetails"
"passed","Fri Feb 13 22:48:23 UTC 2026","Fri Feb 13 22:48:23 UTC 2026","54","HabitNuCoachPortalSuite","DifferentTypeOfDashboards","CoachesPortal.CohortLevelDashboard.DSMEDashboardCoachesPortal","CoachesPortal.CohortLevelDashboard.DSMEDashboardCoachesPortal","test13_verifyBloodSugarByPatientsWithAllDefaultOption","Verify Blood Sugar by Patients Should be selected by dropdownCard with all as default option",""
"passed","Fri Feb 13 22:48:24 UTC 2026","Fri Feb 13 22:48:24 UTC 2026","130","HabitNuCoachPortalSuite","DifferentTypeOfDashboards","CoachesPortal.CohortLevelDashboard.DSMEDashboardCoachesPortal","CoachesPortal.CohortLevelDashboard.DSMEDashboardCoachesPortal","test19_verifyWeightByPatientsWithallPosibleActionsSelection","Verify Weight Loss by Patients dropdown card with possible options selected and verify it's selection",""
"broken","Fri Feb 13 21:20:30 UTC 2026","Fri Feb 13 21:20:30 UTC 2026","99","HabitNuCoachPortalSuite","HabitNuCoachesPortalRegression-PartB","CoachesPortal.OnsiteUsersListDashboard","CoachesPortal.OnsiteUsersListDashboard","case35","test1 > Given I am logged in as customerAdmin, Remove Cohort for a user.","test1 > Given I am logged in as customerAdmin, Remove Cohort for a user."
"passed","Fri Feb 13 22:10:40 UTC 2026","Fri Feb 13 22:10:41 UTC 2026","1325","HabitNuCoachPortalSuite","LogClassSession","CoachesPortal.LogClassSection","CoachesPortal.LogClassSection","verifyAddWeightAttendanceDateAndPAAndLFAndMUPOnline","Add weight,attendance date and PA And LF And MUP Online Mode",""
"passed","Fri Feb 13 22:46:12 UTC 2026","Fri Feb 13 22:46:12 UTC 2026","141","HabitNuCoachPortalSuite","DifferentTypeOfDashboards","CoachesPortal.CohortLevelDashboard.OnsiteCohortDashboard","CoachesPortal.CohortLevelDashboard.OnsiteCohortDashboard","sessionAttendanceGraph","test1 > Given I am logged in as customer admin, I am validating onsite cohort 'sessionAttendanceGraph","test1 > Given I am logged in as customer admin, I am validating onsite cohort 'sessionAttendanceGraph"
"passed","Fri Feb 13 22:08:29 UTC 2026","Fri Feb 13 22:08:30 UTC 2026","149","HabitNuCoachPortalSuite","LoginPageCases","CoachesPortal.LoginPageCases","CoachesPortal.LoginPageCases","case14","Coaches Portal Feedback URL -> Add subject-> Keep other fields empty -> Click on submit feedback",""
"passed","Fri Feb 13 22:04:42 UTC 2026","Fri Feb 13 22:04:42 UTC 2026","10","HabitNuCoachPortalSuite","ProjectPowerDashboard","CoachesPortal.ProjectPowerDashboard","CoachesPortal.ProjectPowerDashboard","verifyDISENROLLED","go to coaches portal - Project Power-verify DISENROLLED users",""
"passed","Fri Feb 13 22:46:05 UTC 2026","Fri Feb 13 22:46:12 UTC 2026","6870","HabitNuCoachPortalSuite","DifferentTypeOfDashboards","CoachesPortal.CohortLevelDashboard.OnsiteCohortDashboard","CoachesPortal.CohortLevelDashboard.OnsiteCohortDashboard","totalNoOfClasses","test1 > Given I am logged in as customer admin,  I am validating onsite cohort 'dashboard-card=totalNoOfClasses","test1 > Given I am logged in as customer admin,  I am validating onsite cohort 'dashboard-card=totalNoOfClasses"
"passed","Fri Feb 13 22:25:36 UTC 2026","Fri Feb 13 22:25:36 UTC 2026","153","HabitNuCoachPortalSuite","Milestones","CoachesPortal.VAMilestone","CoachesPortal.VAMilestone","test6_validating_Headers","And user is validating headers",""
"passed","Fri Feb 13 22:04:32 UTC 2026","Fri Feb 13 22:04:33 UTC 2026","473","HabitNuCoachPortalSuite","HabitNuCoachesPortalRegression-PartC","CoachesPortal.PatientDetails.PatientProfileHealthProviders","CoachesPortal.PatientDetails.PatientProfileHealthProviders","editHealthProvider","edit HealthProvider for Ethylen",""
"passed","Fri Feb 13 21:33:22 UTC 2026","Fri Feb 13 21:33:23 UTC 2026","146","HabitNuCoachPortalSuite","HabitNuCoachesPortalRegression-PartB","CoachesPortal.PatientDetails.PatientProfileDemographic","CoachesPortal.PatientDetails.PatientProfileDemographic","testSelectBlindNo","test1 > Given I am logged in as customer admin, testSelectBlindNo","test1 > Given I am logged in as customer admin, testSelectBlindNo"
"passed","Fri Feb 13 21:16:22 UTC 2026","Fri Feb 13 21:16:27 UTC 2026","5157","HabitNuCoachPortalSuite","HabitNuCoachesPortalRegression-PartA","CoachesPortal.DirectMessage","CoachesPortal.DirectMessage","verifyMessageFromChatBox","Verify message sent from Coach in chatbox",""
"passed","Fri Feb 13 21:00:06 UTC 2026","Fri Feb 13 21:00:08 UTC 2026","1687","HabitNuCoachPortalSuite","HabitNuCoachesPortalRegression-PartA","CoachesPortal.LearnModule.CustomerAdminCourseDocument","CoachesPortal.LearnModule.CustomerAdminCourseDocument","verifyAddLinkDocument","Add link Document",""
"passed","Fri Feb 13 21:19:24 UTC 2026","Fri Feb 13 21:19:34 UTC 2026","10421","HabitNuCoachPortalSuite","HabitNuCoachesPortalRegression-PartB","CoachesPortal.OnsiteUsersListDashboard","CoachesPortal.OnsiteUsersListDashboard","case14","test1 > Given I am logged in as coach, SDOH Risk Area flag test case.","test1 > Given I am logged in as coach, SDOH Risk Area flag test case."
"broken","Fri Feb 13 22:23:47 UTC 2026","Fri Feb 13 22:24:17 UTC 2026","29548","HabitNuCoachPortalSuite","Milestones","CoachesPortal.MilestoneModule.SoleraIBCorNDPP","CoachesPortal.MilestoneModule.SoleraIBCorNDPP","test12","Given I have achieved M0 & M1, M2, M3, M4, M5,, When I achieve Weekly Meaningful Engagement for week9, Then I should be able to achieve M6",""
"passed","Fri Feb 13 21:00:31 UTC 2026","Fri Feb 13 21:00:31 UTC 2026","393","HabitNuCoachPortalSuite","HabitNuCoachesPortalRegression-PartA","CoachesPortal.LearnModule.CustomerAdminCourseDocument","CoachesPortal.LearnModule.CustomerAdminCourseDocument","verifyAddUrlTitleDocumentRequired","Add Documentupload And Title Required",""
"passed","Fri Feb 13 21:11:19 UTC 2026","Fri Feb 13 21:11:44 UTC 2026","25307","HabitNuCoachPortalSuite","HabitNuCoachesPortalRegression-PartA","CoachesPortal.DiscussionForumPage","CoachesPortal.DiscussionForumPage","case15","test1 > Given I am logged in as customerAdmin, I am validating upload upto 5 files.","test1 > Given I am logged in as customerAdmin, I am validating upload upto 5 files. "
"passed","Fri Feb 13 21:35:39 UTC 2026","Fri Feb 13 21:35:41 UTC 2026","2286","HabitNuCoachPortalSuite","HabitNuCoachesPortalRegression-PartB","CoachesPortal.PatientDetails.PatientProfileDemographic","CoachesPortal.PatientDetails.PatientProfileDemographic","verifyConfirmed_By_CoachYes","test1 > Given I am logged in as customer admin, verifyConfirmed_By_Coach by clicking on Yes","test1 > Given I am logged in as customer admin, verifyConfirmed_By_Coach by clicking on Yes"
"passed","Fri Feb 13 22:44:47 UTC 2026","Fri Feb 13 22:44:47 UTC 2026","216","HabitNuCoachPortalSuite","DifferentTypeOfDashboards","CoachesPortal.CohortLevelDashboard.OnsiteCohortDashboard","CoachesPortal.CohortLevelDashboard.OnsiteCohortDashboard","AttendanceByparticipantsGraph","test1 > Given I am logged in as coach, I am validating onsite cohort 'AttendanceByparticipantsGraph","test1 > Given I am logged in as coach, I am validating onsite cohort 'AttendanceByparticipantsGraph"
"failed","Fri Feb 13 22:44:32 UTC 2026","Fri Feb 13 22:44:40 UTC 2026","7349","HabitNuCoachPortalSuite","DifferentTypeOfDashboards","CoachesPortal.CohortLevelDashboard.OnsiteCohortDashboard","CoachesPortal.CohortLevelDashboard.OnsiteCohortDashboard","activeParticipants","test1 > Given I am logged in as coach, I am validating onsite cohort 'dashboard-card=activeParticipants","test1 > Given I am logged in as coach, I am validating onsite cohort 'dashboard-card=activeParticipants"
"passed","Fri Feb 13 20:50:16 UTC 2026","Fri Feb 13 20:50:20 UTC 2026","4357","HabitNuCoachPortalSuite","HabitNuCoachesPortalRegression-PartA","CoachesPortal.CohortLevelDashboard.CohortLevelDashboardPage","CoachesPortal.CohortLevelDashboard.CohortLevelDashboardPage","case23","Attendance By participants.",""
"passed","Fri Feb 13 21:40:49 UTC 2026","Fri Feb 13 21:40:59 UTC 2026","9167","HabitNuCoachPortalSuite","Scheduler","CoachesPortal.Schedular","CoachesPortal.Schedular","createAppointment","test3 >  Given I am logged in as admin, and on create appointment page, When I fill in all the required details, Then I should be able to save the appointment","admin login - User should be able to create and save appointment"
"passed","Fri Feb 13 22:30:33 UTC 2026","Fri Feb 13 22:30:33 UTC 2026","16","HabitNuCoachPortalSuite","UserDashboard","CoachesPortal.PatientDashboard","CoachesPortal.PatientDashboard","patientWeeklyStatus_GroupClasses","test10 > Given I am logged in as admin, when I am on adding groupInteraction from user Interaction tab, Then I should be able to see added interaction count==1 under patientWeeklyStatus_GroupClasses","admin login - user/patient/partcipant dashboard validation"
"passed","Fri Feb 13 21:21:50 UTC 2026","Fri Feb 13 21:21:50 UTC 2026","39","HabitNuCoachPortalSuite","HabitNuCoachesPortalRegression-PartB","CoachesPortal.OnsiteUsersListDashboard","CoachesPortal.OnsiteUsersListDashboard","case51","test1 > Given I am logged in as customerAdmin, validate enrolled status under Milestone column - colorcode","test1 > Given I am logged in as customerAdmin, validate enrolled status under Milestone column - colorcode"
"passed","Fri Feb 13 21:42:07 UTC 2026","Fri Feb 13 21:42:18 UTC 2026","11035","HabitNuCoachPortalSuite","Scheduler","CoachesPortal.Schedular","CoachesPortal.Schedular","createAppointment","test3 >  Given I am logged in as coach, and on create appointment page, When I fill in all the required details, Then I should be able to save the appointment","coach login - User should be able to create and save appointment"
"passed","Fri Feb 13 21:30:07 UTC 2026","Fri Feb 13 21:30:07 UTC 2026","6","HabitNuCoachPortalSuite","HabitNuCoachesPortalRegression-PartB","CoachesPortal.PatientDetails.PatientProfileDemographic","CoachesPortal.PatientDetails.PatientProfileDemographic","deleteEthnicityAndRace","test1 > Given I am logged in as coach, Ethnicity and Race","test1 > Given I am logged in as coach, Ethnicity and Race"
"passed","Fri Feb 13 21:38:00 UTC 2026","Fri Feb 13 21:38:10 UTC 2026","10504","HabitNuCoachPortalSuite","UserActivities","CoachesPortal.PatientDetails.UserActivitiesBloodSugar","CoachesPortal.PatientDetails.UserActivitiesBloodSugar","verifyandCancelCurrentDateBloodSugar","Verify user as Ethelyn in useractivities tab and Cancel filled current date blood sugar",""
"failed","Fri Feb 13 22:42:28 UTC 2026","Fri Feb 13 22:42:28 UTC 2026","764","HabitNuCoachPortalSuite","DifferentTypeOfDashboards","CoachesPortal.CohortLevelDashboard.OnlineCohortDashboard","CoachesPortal.CohortLevelDashboard.OnlineCohortDashboard","case6","test1 > Given I am logged in as customer admin, I am validating online cohort 'Weight Loss By Participants validation on graph with 'Added by user' option","test1 > Given I am logged in as customer admin, I am validating online cohort 'Weight Loss By Participants validation on graph with 'Added by user' option"
"broken","Fri Feb 13 22:10:44 UTC 2026","Fri Feb 13 22:10:58 UTC 2026","13996","HabitNuCoachPortalSuite","LogClassSession","CoachesPortal.LogClassSection","CoachesPortal.LogClassSection","verifylogClassDataonDashboard_WeightHistory","Add weight,attendance date and PA And LF And MUP In Distance Learning",""
"passed","Fri Feb 13 21:30:07 UTC 2026","Fri Feb 13 21:30:07 UTC 2026","132","HabitNuCoachPortalSuite","HabitNuCoachesPortalRegression-PartB","CoachesPortal.PatientDetails.PatientProfileDemographic","CoachesPortal.PatientDetails.PatientProfileDemographic","testDropdownOptions","test1 > Given I am logged in as coach, testDropdownOptions","test1 > Given I am logged in as coach, testDropdownOptions"
"passed","Fri Feb 13 21:39:00 UTC 2026","Fri Feb 13 21:39:09 UTC 2026","9258","HabitNuCoachPortalSuite","UserActivities","CoachesPortal.PatientDetails.UserActivitiesBloodSugar","CoachesPortal.PatientDetails.UserActivitiesBloodSugar","verifyBloodSugarInWebPortal","Verify login to webapp and data reflected in bloodsugar section",""
"passed","Fri Feb 13 21:30:07 UTC 2026","Fri Feb 13 21:30:07 UTC 2026","6","HabitNuCoachPortalSuite","HabitNuCoachesPortalRegression-PartB","CoachesPortal.PatientDetails.PatientProfileDemographic","CoachesPortal.PatientDetails.PatientProfileDemographic","updatelastName","test1 > Given I am logged in as coach, Last Name","test1 > Given I am logged in as coach, Last Name"
"passed","Fri Feb 13 21:15:10 UTC 2026","Fri Feb 13 21:15:11 UTC 2026","1179","HabitNuCoachPortalSuite","HabitNuCoachesPortalRegression-PartA","CoachesPortal.DirectMessage","CoachesPortal.DirectMessage","searchParticipantByLastName_who_is_notPartOfthisCohort","Search participant by LastName who is not part of this cohort",""
"passed","Fri Feb 13 20:59:34 UTC 2026","Fri Feb 13 20:59:43 UTC 2026","8969","HabitNuCoachPortalSuite","HabitNuCoachesPortalRegression-PartA","CoachesPortal.LearnModule.Learn","CoachesPortal.LearnModule.Learn","configNofifications","verify list of default list notifications",""
"passed","Fri Feb 13 21:06:29 UTC 2026","Fri Feb 13 21:06:38 UTC 2026","9304","HabitNuCoachPortalSuite","HabitNuCoachesPortalRegression-PartA","CoachesPortal.DiscussionForumPage","CoachesPortal.DiscussionForumPage","case12","test1 > Given I am logged in as coach, I am validating File upload- subject only- error.","test1 > Given I am logged in as coach, I am validating File upload- subject only- error."
"broken","Fri Feb 13 21:20:33 UTC 2026","Fri Feb 13 21:20:35 UTC 2026","1187","HabitNuCoachPortalSuite","HabitNuCoachesPortalRegression-PartB","CoachesPortal.OnsiteUsersListDashboard","CoachesPortal.OnsiteUsersListDashboard","case39","test1 > Given I am logged in as customerAdmin, sorting users table with 'cohort' in desc order","test1 > Given I am logged in as customerAdmin, sorting users table with 'cohort' in desc order"
"passed","Fri Feb 13 22:34:09 UTC 2026","Fri Feb 13 22:34:10 UTC 2026","1710","HabitNuCoachPortalSuite","UserDashboard","CoachesPortal.PatientDashboard","CoachesPortal.PatientDashboard","physicalActivityHistory","test5 > Given I am logged in as coach, wehn I am on adding steps from user Dashboard, Then I should be able to see added Steps on physicalActivityHistory graph","coach login - user/patient/partcipant dashboard validation"
"passed","Fri Feb 13 21:30:26 UTC 2026","Fri Feb 13 21:30:26 UTC 2026","65","HabitNuCoachPortalSuite","HabitNuCoachesPortalRegression-PartB","CoachesPortal.PatientDetails.PatientProfileDemographic","CoachesPortal.PatientDetails.PatientProfileDemographic","verifyContactDetails","test1 > Given I am logged in as customer admin, verifyContactDetails","test1 > Given I am logged in as customer admin, verifyContactDetails"
"passed","Fri Feb 13 22:04:42 UTC 2026","Fri Feb 13 22:04:42 UTC 2026","11","HabitNuCoachPortalSuite","ProjectPowerDashboard","CoachesPortal.ProjectPowerDashboard","CoachesPortal.ProjectPowerDashboard","verifyM2","It should display the total number of participants who have completed atleast 4 sessions",""
"failed","Fri Feb 13 22:44:17 UTC 2026","Fri Feb 13 22:44:17 UTC 2026","101","HabitNuCoachPortalSuite","DifferentTypeOfDashboards","CoachesPortal.CohortLevelDashboard.OnsiteCohortDashboard","CoachesPortal.CohortLevelDashboard.OnsiteCohortDashboard","male_female_card_withUdate_to_male","test1 > Given I am logged in as coach, I am validating onsite cohort 'dashboard-card=male_female_card_withUdate_to_male","test1 > Given I am logged in as coach, I am validating onsite cohort 'dashboard-card=male_female_card_withUdate_to_male"
"passed","Fri Feb 13 22:34:10 UTC 2026","Fri Feb 13 22:34:18 UTC 2026","7793","HabitNuCoachPortalSuite","UserDashboard","CoachesPortal.PatientDashboard","CoachesPortal.PatientDashboard","hbA1cHistory","test7 > Given I am logged in as coach, wehn I am on adding hba1c from user Dashboard, Then I should be able to see added hba1c on Hba1c graph","coach login - user/patient/partcipant dashboard validation"
"broken","Fri Feb 13 22:18:56 UTC 2026","Fri Feb 13 22:18:56 UTC 2026","80","HabitNuCoachPortalSuite","GroupDPPClassPlanner","CoachesPortal.ClassPlanner","CoachesPortal.ClassPlanner","case34","validate user is able to view classPlanner item==document",""
"passed","Fri Feb 13 21:03:37 UTC 2026","Fri Feb 13 21:03:38 UTC 2026","794","HabitNuCoachPortalSuite","HabitNuCoachesPortalRegression-PartA","CoachesPortal.DiscussionForumPage","CoachesPortal.DiscussionForumPage","case21","test1 > Given I am logged in as admin, I am validating Edit Post-Remove File.","test1 > Given I am logged in as admin, I am validating Edit Post-Remove File."
"passed","Fri Feb 13 22:43:35 UTC 2026","Fri Feb 13 22:43:37 UTC 2026","2438","HabitNuCoachPortalSuite","DifferentTypeOfDashboards","CoachesPortal.CohortLevelDashboard.OnsiteCohortDashboard","CoachesPortal.CohortLevelDashboard.OnsiteCohortDashboard","case1","test1 > Given I am logged in as coach, I am validating onsite cohort 'dashboard-cards","test1 > Given I am logged in as coach, I am validating onsite cohort 'dashboard-cards"
"passed","Fri Feb 13 21:03:49 UTC 2026","Fri Feb 13 21:06:05 UTC 2026","136106","HabitNuCoachPortalSuite","HabitNuCoachesPortalRegression-PartA","CoachesPortal.DiscussionForumPage","CoachesPortal.DiscussionForumPage","case27","test1 > Given I am logged in as admin, I am validating add max number of pinned posts(20).","test1 > Given I am logged in as admin, I am validating add max number of pinned posts(20)."
"passed","Fri Feb 13 22:04:42 UTC 2026","Fri Feb 13 22:04:42 UTC 2026","12","HabitNuCoachPortalSuite","ProjectPowerDashboard","CoachesPortal.ProjectPowerDashboard","CoachesPortal.ProjectPowerDashboard","verifyPending","go to coaches portal - Project Power-verify Pending Leads",""
"passed","Fri Feb 13 21:33:20 UTC 2026","Fri Feb 13 21:33:22 UTC 2026","2020","HabitNuCoachPortalSuite","HabitNuCoachesPortalRegression-PartB","CoachesPortal.PatientDetails.PatientProfileDemographic","CoachesPortal.PatientDetails.PatientProfileDemographic","updateAndVerifyOtherDetails","test1 > Given I am logged in as customer admin, updateAndVerifyOtherDetails","test1 > Given I am logged in as customer admin, updateAndVerifyOtherDetails"
"passed","Fri Feb 13 21:07:46 UTC 2026","Fri Feb 13 21:07:47 UTC 2026","803","HabitNuCoachPortalSuite","HabitNuCoachesPortalRegression-PartA","CoachesPortal.DiscussionForumPage","CoachesPortal.DiscussionForumPage","case21","test1 > Given I am logged in as coach, I am validating Edit Post-Remove File.","test1 > Given I am logged in as coach, I am validating Edit Post-Remove File."
"passed","Fri Feb 13 21:00:37 UTC 2026","Fri Feb 13 21:00:42 UTC 2026","5263","HabitNuCoachPortalSuite","HabitNuCoachesPortalRegression-PartA","CoachesPortal.LearnModule.CustomerAdminCourseDocument","CoachesPortal.LearnModule.CustomerAdminCourseDocument","verifyAddValidUploadRequired","Add Valid upload Required",""
"failed","Fri Feb 13 22:42:27 UTC 2026","Fri Feb 13 22:42:27 UTC 2026","195","HabitNuCoachPortalSuite","DifferentTypeOfDashboards","CoachesPortal.CohortLevelDashboard.OnlineCohortDashboard","CoachesPortal.CohortLevelDashboard.OnlineCohortDashboard","case4","test1 > Given I am logged in as customer admin, I am validating online cohort 'Weight Loss By Participants validation on graph with ALL option","test1 > Given I am logged in as customer admin, I am validating online cohort 'Weight Loss By Participants validation on graph with ALL option"
"passed","Fri Feb 13 22:48:31 UTC 2026","Fri Feb 13 22:48:51 UTC 2026","20161","HabitNuCoachPortalSuite","DifferentTypeOfDashboards","CoachesPortal.CohortLevelDashboard.ParticipantsProgressTracker","CoachesPortal.CohortLevelDashboard.ParticipantsProgressTracker","test2_participants","And user is navigating to participants and create a new user.",""
"failed","Fri Feb 13 22:41:43 UTC 2026","Fri Feb 13 22:41:50 UTC 2026","6933","HabitNuCoachPortalSuite","DifferentTypeOfDashboards","CoachesPortal.CohortLevelDashboard.OnlineCohortDashboard","CoachesPortal.CohortLevelDashboard.OnlineCohortDashboard","activeParticipants","test1 > Given I am logged in as coach, I am validating online cohort 'dashboard-card=activeParticipants","test1 > Given I am logged in as coach, I am validating online cohort 'dashboard-card=activeParticipants"
"passed","Fri Feb 13 22:12:40 UTC 2026","Fri Feb 13 22:12:40 UTC 2026","104","HabitNuCoachPortalSuite","GroupDPPClassPlanner","CoachesPortal.ClassPlanner","CoachesPortal.ClassPlanner","case18","Click on Lock button",""
"passed","Fri Feb 13 22:35:24 UTC 2026","Fri Feb 13 22:35:25 UTC 2026","1176","HabitNuCoachPortalSuite","FeatureFlags","CoachesPortal.FeatureFlags","CoachesPortal.FeatureFlags","test9_disableglobally","And user is able to disable the flag globally",""
"passed","Fri Feb 13 22:06:44 UTC 2026","Fri Feb 13 22:06:44 UTC 2026","9","HabitNuCoachPortalSuite","ProjectPowerDashboard","CoachesPortal.ProjectPowerDashboard","CoachesPortal.ProjectPowerDashboard","verifySDOHPage_challenging_resources","Verify SDOH - Challenges Accessing Resources chart",""
"passed","Fri Feb 13 22:08:32 UTC 2026","Fri Feb 13 22:08:36 UTC 2026","3655","HabitNuCoachPortalSuite","LoginPageCases","CoachesPortal.LoginPageCases","CoachesPortal.LoginPageCases","testClickOnForgetPasswordLink","validate forget-password link button",""
"passed","Fri Feb 13 22:48:24 UTC 2026","Fri Feb 13 22:48:24 UTC 2026","23","HabitNuCoachPortalSuite","DifferentTypeOfDashboards","CoachesPortal.CohortLevelDashboard.DSMEDashboardCoachesPortal","CoachesPortal.CohortLevelDashboard.DSMEDashboardCoachesPortal","test16_verifyBloodSugarByPatientsWithCalenderDefaultWeek","Verify Blood Sugar by Patients with Calender as week selection as current week by default",""
"broken","Fri Feb 13 21:21:50 UTC 2026","Fri Feb 13 21:21:51 UTC 2026","1157","HabitNuCoachPortalSuite","HabitNuCoachesPortalRegression-PartB","CoachesPortal.OnsiteUsersListDashboard","CoachesPortal.OnsiteUsersListDashboard","case52","test1 > Given I am logged in as customerAdmin, validate 'Show unassigned users' checkbox","test1 > Given I am logged in as customerAdmin, validate 'Show unassigned users' checkbox"
"passed","Fri Feb 13 22:44:58 UTC 2026","Fri Feb 13 22:45:01 UTC 2026","2845","HabitNuCoachPortalSuite","DifferentTypeOfDashboards","CoachesPortal.CohortLevelDashboard.OnsiteCohortDashboard","CoachesPortal.CohortLevelDashboard.OnsiteCohortDashboard","case1","test1 > Given I am logged in as customer admin, I am validating onsite cohort 'dashboard-cards","test1 > Given I am logged in as customer admin, I am validating onsite cohort 'dashboard-cards"
"passed","Fri Feb 13 22:06:40 UTC 2026","Fri Feb 13 22:06:41 UTC 2026","586","HabitNuCoachPortalSuite","ProjectPowerDashboard","CoachesPortal.ProjectPowerDashboard","CoachesPortal.ProjectPowerDashboard","verifyCohortWeightLossTrendFor12months","All cohort dashboard for project power - Cohort Weight Loss trend - 12months",""
"passed","Fri Feb 13 20:52:15 UTC 2026","Fri Feb 13 20:52:18 UTC 2026","3146","HabitNuCoachPortalSuite","HabitNuCoachesPortalRegression-PartA","CoachesPortal.LearnModule.Learn","CoachesPortal.LearnModule.Learn","checkDefaultCourseInfoMessage","add course to the cohort",""
"passed","Fri Feb 13 21:01:42 UTC 2026","Fri Feb 13 21:01:46 UTC 2026","4843","HabitNuCoachPortalSuite","HabitNuCoachesPortalRegression-PartA","CoachesPortal.LearnModule.CustomerAdminCourseDocument","CoachesPortal.LearnModule.CustomerAdminCourseDocument","verifyVideoPublishCancelAndConfirm","Video Publish Cancel And Confirm",""
"broken","Fri Feb 13 21:18:40 UTC 2026","Fri Feb 13 21:18:40 UTC 2026","566","HabitNuCoachPortalSuite","HabitNuCoachesPortalRegression-PartB","CoachesPortal.OnsiteUsersListDashboard","CoachesPortal.OnsiteUsersListDashboard","case17","test1 > Given I am logged in as admin, Enter call details from list section using headset button","test1 > Given I am logged in as admin, Enter call details from list section using headset button"
"passed","Fri Feb 13 21:00:16 UTC 2026","Fri Feb 13 21:00:20 UTC 2026","3952","HabitNuCoachPortalSuite","HabitNuCoachesPortalRegression-PartA","CoachesPortal.LearnModule.CustomerAdminCourseDocument","CoachesPortal.LearnModule.CustomerAdminCourseDocument","verifyLinkPublishCancelAndConfirm","Link Publish Cancel And Confirm",""
"broken","Fri Feb 13 21:22:42 UTC 2026","Fri Feb 13 21:22:47 UTC 2026","4789","HabitNuCoachPortalSuite","HabitNuCoachesPortalRegression-PartB","CoachesPortal.OnsiteUsersListDashboard","CoachesPortal.OnsiteUsersListDashboard","verifyConfirmed_By_CoachYes","test1 > Given I am logged in as customerAdmin, verifyConfirmed_By_Coach is updated to TRUE when coach update to Yes from user profile","test1 > Given I am logged in as customerAdmin, verifyConfirmed_By_Coach is updated to TRUE when coach update to Yes from user profile"
"broken","Fri Feb 13 22:00:55 UTC 2026","Fri Feb 13 22:01:25 UTC 2026","30295","HabitNuCoachPortalSuite","HabitNuCoachesPortalRegression-PartC","CoachesPortal.PatientDetails.PatientProfilePreAuth","CoachesPortal.PatientDetails.PatientProfilePreAuth","deletePerAuth","delete PreAuth for Ethylen",""
"passed","Fri Feb 13 21:15:11 UTC 2026","Fri Feb 13 21:15:13 UTC 2026","1272","HabitNuCoachPortalSuite","HabitNuCoachesPortalRegression-PartA","CoachesPortal.DirectMessage","CoachesPortal.DirectMessage","selectPatientToSendMessage","select participants to send a message",""
"passed","Fri Feb 13 21:47:40 UTC 2026","Fri Feb 13 21:47:43 UTC 2026","3031","HabitNuCoachPortalSuite","Paywal","CoachesPortal.payWall","CoachesPortal.payWall","testCreateMonthlyPaymentPlan","COP-T388: Create Monthly Payment Plan",""
"broken","Fri Feb 13 21:41:32 UTC 2026","Fri Feb 13 21:41:53 UTC 2026","20571","HabitNuCoachPortalSuite","Scheduler","CoachesPortal.Schedular","CoachesPortal.Schedular","cancelMeeting","test8 >  Given I am logged in as admin, and on time slot page, When I click on created appointment, Then I should see Cancel meeting button, When I click on it, Then Should be able to cancel it","admin login - User should be able to cancel appointment"
"passed","Fri Feb 13 21:15:07 UTC 2026","Fri Feb 13 21:15:08 UTC 2026","1174","HabitNuCoachPortalSuite","HabitNuCoachesPortalRegression-PartA","CoachesPortal.DirectMessage","CoachesPortal.DirectMessage","searchParticipantByEmail","Search by firstname > It should display the participant by email",""
"broken","Fri Feb 13 21:46:05 UTC 2026","Fri Feb 13 21:46:31 UTC 2026","26185","HabitNuCoachPortalSuite","Scheduler","CoachesPortal.Schedular","CoachesPortal.Schedular","validateUserNoInSchedular","test1 > Given I am logged in as coach, verify when user responds to meet with NO, same can be validated by coach in coaches portal in Attended dropdown","test1 > Given I am logged in as coach, verify when user responds to meet with NO, same can be validated by coach in coaches portal in Attended dropdown"
"passed","Fri Feb 13 21:06:15 UTC 2026","Fri Feb 13 21:06:17 UTC 2026","2183","HabitNuCoachPortalSuite","HabitNuCoachesPortalRegression-PartA","CoachesPortal.DiscussionForumPage","CoachesPortal.DiscussionForumPage","case7","test1 > Given I am logged in as coach, I am validating Add subject and describe- success post.","test1 > Given I am logged in as coach, I am validating Add subject and describe- success post."
"passed","Fri Feb 13 21:19:50 UTC 2026","Fri Feb 13 21:19:50 UTC 2026","705","HabitNuCoachPortalSuite","HabitNuCoachesPortalRegression-PartB","CoachesPortal.OnsiteUsersListDashboard","CoachesPortal.OnsiteUsersListDashboard","case23","test1 > Given I am logged in as coach, Action- Request Form Survey.","test1 > Given I am logged in as coach, Action- Request Form Survey."
"passed","Fri Feb 13 22:44:16 UTC 2026","Fri Feb 13 22:44:17 UTC 2026","661","HabitNuCoachPortalSuite","DifferentTypeOfDashboards","CoachesPortal.CohortLevelDashboard.OnsiteCohortDashboard","CoachesPortal.CohortLevelDashboard.OnsiteCohortDashboard","case9","test1 > Given I am logged in as coach, I am validating onsite cohort 'Weight Loss By Participants validation on graph with 'Added by coach' option, when user adds weight","test1 > Given I am logged in as coach, I am validating onsite cohort 'Weight Loss By Participants validation on graph with 'Added by coach' option, when user adds weight"
"passed","Fri Feb 13 20:51:14 UTC 2026","Fri Feb 13 20:51:19 UTC 2026","5205","HabitNuCoachPortalSuite","HabitNuCoachesPortalRegression-PartA","CoachesPortal.LearnModule.Learn","CoachesPortal.LearnModule.Learn","verifyChapterActions","Verify chapter Actions on hovering shows all the buttons",""
"failed","Fri Feb 13 22:47:14 UTC 2026","Fri Feb 13 22:47:26 UTC 2026","12110","HabitNuCoachPortalSuite","DifferentTypeOfDashboards","CoachesPortal.CohortLevelDashboard.DSMEDashboardCoachesPortal","CoachesPortal.CohortLevelDashboard.DSMEDashboardCoachesPortal","test5_Enrolled","And user is validating Enrolled",""
"failed","Fri Feb 13 22:45:01 UTC 2026","Fri Feb 13 22:45:07 UTC 2026","5818","HabitNuCoachPortalSuite","DifferentTypeOfDashboards","CoachesPortal.CohortLevelDashboard.OnsiteCohortDashboard","CoachesPortal.CohortLevelDashboard.OnsiteCohortDashboard","disenrolledCard","test1 > Given I am logged in as customer admin, I am validating onsite cohort 'dashboard-card=DisenrolledCount","test1 > Given I am logged in as customer admin, I am validating onsite cohort 'dashboard-card=DisenrolledCount"
"passed","Fri Feb 13 22:07:53 UTC 2026","Fri Feb 13 22:07:53 UTC 2026","10","HabitNuCoachPortalSuite","ProjectPowerDashboard","CoachesPortal.ProjectPowerDashboard","CoachesPortal.ProjectPowerDashboard","verifyDemographicsParticipantCountByMarket","Demographics page - Participant Count by Market",""
"passed","Fri Feb 13 20:59:25 UTC 2026","Fri Feb 13 20:59:34 UTC 2026","8725","HabitNuCoachPortalSuite","HabitNuCoachesPortalRegression-PartA","CoachesPortal.LearnModule.Learn","CoachesPortal.LearnModule.Learn","verifyCourseHistory","verify chapter timeline history",""
"passed","Fri Feb 13 21:15:05 UTC 2026","Fri Feb 13 21:15:07 UTC 2026","1155","HabitNuCoachPortalSuite","HabitNuCoachesPortalRegression-PartA","CoachesPortal.DirectMessage","CoachesPortal.DirectMessage","searchParticipantByLastName","Search by lastname > It should display the participant by lastname",""
"broken","Fri Feb 13 20:49:12 UTC 2026","Fri Feb 13 20:49:27 UTC 2026","15435","HabitNuCoachPortalSuite","HabitNuCoachesPortalRegression-PartA","CoachesPortal.CohortLevelDashboard.CohortLevelDashboardPage","CoachesPortal.CohortLevelDashboard.CohortLevelDashboardPage","case18","Latest HbA1c of participant.",""
"failed","Fri Feb 13 22:41:09 UTC 2026","Fri Feb 13 22:41:19 UTC 2026","9902","HabitNuCoachPortalSuite","DifferentTypeOfDashboards","CoachesPortal.CohortLevelDashboard.OnlineCohortDashboard","CoachesPortal.CohortLevelDashboard.OnlineCohortDashboard","fivePercentWeightLossCard","test1 > Given I am logged in as coach, I am validating online cohort 'dashboard-card=fivePercentWeightLossCardCount","test1 > Given I am logged in as coach, I am validating online cohort 'dashboard-card=fivePercentWeightLossCardCount"
"passed","Fri Feb 13 22:48:12 UTC 2026","Fri Feb 13 22:48:16 UTC 2026","4205","HabitNuCoachPortalSuite","DifferentTypeOfDashboards","CoachesPortal.CohortLevelDashboard.DSMEDashboardCoachesPortal","CoachesPortal.CohortLevelDashboard.DSMEDashboardCoachesPortal","test10_AddParticipants_danger_text_validations","And user is validating Add participants danger text validations",""
"passed","Fri Feb 13 21:54:00 UTC 2026","Fri Feb 13 21:54:07 UTC 2026","6978","HabitNuCoachPortalSuite","Paywal","CoachesPortal.payWall","CoachesPortal.payWall","testFilterSubscriptions","COP-T397–399: Validate subscription filters",""
"failed","Fri Feb 13 22:42:12 UTC 2026","Fri Feb 13 22:42:17 UTC 2026","5631","HabitNuCoachPortalSuite","DifferentTypeOfDashboards","CoachesPortal.CohortLevelDashboard.OnlineCohortDashboard","CoachesPortal.CohortLevelDashboard.OnlineCohortDashboard","disenrolledCard","test1 > Given I am logged in as customer admin, I am validating online cohort 'dashboard-card=DisenrolledCount","test1 > Given I am logged in as customer admin, I am validating online cohort 'dashboard-card=DisenrolledCount"
"passed","Fri Feb 13 21:11:49 UTC 2026","Fri Feb 13 21:12:04 UTC 2026","15275","HabitNuCoachPortalSuite","HabitNuCoachesPortalRegression-PartA","CoachesPortal.DiscussionForumPage","CoachesPortal.DiscussionForumPage","case17","test1 > Given I am logged in as customerAdmin, I am validating Upload more than 5 files.- Error.","test1 > Given I am logged in as customerAdmin, I am validating Upload more than 5 files.- Error"
"passed","Fri Feb 13 22:04:42 UTC 2026","Fri Feb 13 22:04:42 UTC 2026","11","HabitNuCoachPortalSuite","ProjectPowerDashboard","CoachesPortal.ProjectPowerDashboard","CoachesPortal.ProjectPowerDashboard","verifyM4","It should display total number of participants who have completed the Post survey",""
"broken","Fri Feb 13 21:46:04 UTC 2026","Fri Feb 13 21:46:04 UTC 2026","113","HabitNuCoachPortalSuite","Scheduler","CoachesPortal.Schedular","CoachesPortal.Schedular","validateInteractionEntries_UpdatedBy","test1 > Given I am logged in as coach, verify group interaction entries are made automatically when meet is attended for min of 1min > Validating field==UpdatedBy","test1 > Given I am logged in as coach, verify group interaction entries are made automatically when meet is attended for min of 1min > Validating field==UpdatedBy"
"passed","Fri Feb 13 21:19:58 UTC 2026","Fri Feb 13 21:19:59 UTC 2026","734","HabitNuCoachPortalSuite","HabitNuCoachesPortalRegression-PartB","CoachesPortal.OnsiteUsersListDashboard","CoachesPortal.OnsiteUsersListDashboard","case31","test1 > Given I am logged in as customerAdmin, validate userList as customerAdmin-Add Cohort for a user- cancel scenario.","test1 > Given I am logged in as customerAdmin, validate userList as customerAdmin-Add Cohort for a user- cancel scenario."
"failed","Fri Feb 13 22:03:02 UTC 2026","Fri Feb 13 22:03:02 UTC 2026","196","HabitNuCoachPortalSuite","HabitNuCoachesPortalRegression-PartC","CoachesPortal.PatientDetails.PatientProfileImmunizations","CoachesPortal.PatientDetails.PatientProfileImmunizations","verifyImmunication","verify immunization for Ethylen",""
"passed","Fri Feb 13 21:01:12 UTC 2026","Fri Feb 13 21:01:13 UTC 2026","1584","HabitNuCoachPortalSuite","HabitNuCoachesPortalRegression-PartA","CoachesPortal.LearnModule.CustomerAdminCourseDocument","CoachesPortal.LearnModule.CustomerAdminCourseDocument","verifyAddUrlTitleVideoRequired","Add Video upload And Title Required",""
"broken","Fri Feb 13 20:49:27 UTC 2026","Fri Feb 13 20:49:43 UTC 2026","15454","HabitNuCoachPortalSuite","HabitNuCoachesPortalRegression-PartA","CoachesPortal.CohortLevelDashboard.CohortLevelDashboardPage","CoachesPortal.CohortLevelDashboard.CohortLevelDashboardPage","case19","Latest HbA1c of participant- graph.",""
"passed","Fri Feb 13 21:12:14 UTC 2026","Fri Feb 13 21:12:15 UTC 2026","659","HabitNuCoachPortalSuite","HabitNuCoachesPortalRegression-PartA","CoachesPortal.DiscussionForumPage","CoachesPortal.DiscussionForumPage","case22","test1 > Given I am logged in as customerAdmin, I am validating Edit Post-Close button.","test1 > Given I am logged in as customerAdmin, I am validating Edit Post-Close button."
"broken","Fri Feb 13 22:37:54 UTC 2026","Fri Feb 13 22:38:17 UTC 2026","23060","HabitNuCoachPortalSuite","FeatureFlags","CoachesPortal.FeatureFlags","CoachesPortal.FeatureFlags","test21_addrulesforpartner_multipletimes","And user is able to add the rule for partner level multiple times",""
"passed","Fri Feb 13 21:28:56 UTC 2026","Fri Feb 13 21:28:56 UTC 2026","52","HabitNuCoachPortalSuite","HabitNuCoachesPortalRegression-PartB","CoachesPortal.PatientDetails.PatientProfileDemographic","CoachesPortal.PatientDetails.PatientProfileDemographic","verifyCallDetails","test1 > Given I am logged in as coach, verifyCallDetails","test1 > Given I am logged in as coach, verifyCallDetails"
"passed","Fri Feb 13 22:34:35 UTC 2026","Fri Feb 13 22:34:36 UTC 2026","208","HabitNuCoachPortalSuite","UserDashboard","CoachesPortal.PatientDashboard","CoachesPortal.PatientDashboard","habitCard_NotDone","test16 > Given I am logged in as coach, when I am on adding a habit for the user, Then I should be able to see added habit and as 'NOT DONE' on Habits graph","coach login - user/patient/partcipant dashboard validation"
"passed","Fri Feb 13 22:43:53 UTC 2026","Fri Feb 13 22:44:08 UTC 2026","14677","HabitNuCoachPortalSuite","DifferentTypeOfDashboards","CoachesPortal.CohortLevelDashboard.OnsiteCohortDashboard","CoachesPortal.CohortLevelDashboard.OnsiteCohortDashboard","fivePercentWeightLossCard_forUserWeight","test1 > Given I am logged in as coach, I am validating onsite cohort 'dashboard-card=fivePercentWeightLossCardCount, when user adds weight","test1 > Given I am logged in as coach, I am validating onsite cohort 'dashboard-card=fivePercentWeightLossCardCount, when user adds weight"
"passed","Fri Feb 13 22:21:31 UTC 2026","Fri Feb 13 22:21:41 UTC 2026","10131","HabitNuCoachPortalSuite","GeneralContent","CoachesPortal.generalContent_WEb_Coaches","CoachesPortal.generalContent_WEb_Coaches","verifyGroupDeletion","Verify Group Deletion",""
"broken","Fri Feb 13 20:47:30 UTC 2026","Fri Feb 13 20:47:41 UTC 2026","10251","HabitNuCoachPortalSuite","HabitNuCoachesPortalRegression-PartA","CoachesPortal.CohortLevelDashboard.CohortLevelDashboardPage","CoachesPortal.CohortLevelDashboard.CohortLevelDashboardPage","case2","Extract all graphs in outcomes page.",""
"passed","Fri Feb 13 21:01:02 UTC 2026","Fri Feb 13 21:01:12 UTC 2026","10244","HabitNuCoachPortalSuite","HabitNuCoachesPortalRegression-PartA","CoachesPortal.LearnModule.CustomerAdminCourseDocument","CoachesPortal.LearnModule.CustomerAdminCourseDocument","verifyAddVideo","Add Video",""
"passed","Fri Feb 13 21:41:56 UTC 2026","Fri Feb 13 21:41:56 UTC 2026","0","HabitNuCoachPortalSuite","Scheduler","CoachesPortal.Schedular","CoachesPortal.Schedular","validateInteractionEntries_UpdatedAt","test1 > Given I am logged in as admin, verify group interaction entries are made automatically when meet is attended for min of 1min > Validating field==UpdatedAt","test1 > Given I am logged in as admin, verify group interaction entries are made automatically when meet is attended for min of 1min > Validating field==UpdatedAt"
"passed","Fri Feb 13 21:33:53 UTC 2026","Fri Feb 13 21:33:53 UTC 2026","111","HabitNuCoachPortalSuite","HabitNuCoachesPortalRegression-PartB","CoachesPortal.PatientDetails.PatientProfileDemographic","CoachesPortal.PatientDetails.PatientProfileDemographic","testDropdownOptions","test1 > Given I am logged in as customer admin, testDropdownOptions","test1 > Given I am logged in as customer admin, testDropdownOptions"
"passed","Fri Feb 13 22:09:31 UTC 2026","Fri Feb 13 22:09:37 UTC 2026","5628","HabitNuCoachPortalSuite","LogClassSession","CoachesPortal.LogClassSection","CoachesPortal.LogClassSection","verifyAddOnlyMUP","Add Only MUP",""
"passed","Fri Feb 13 21:10:44 UTC 2026","Fri Feb 13 21:10:45 UTC 2026","1165","HabitNuCoachPortalSuite","HabitNuCoachesPortalRegression-PartA","CoachesPortal.DiscussionForumPage","CoachesPortal.DiscussionForumPage","case9","test1 > Given I am logged in as customerAdmin, I am validating Post empty comment- error message.","test1 > Given I am logged in as customerAdmin, I am validating Post empty comment- error message."
"passed","Fri Feb 13 22:35:24 UTC 2026","Fri Feb 13 22:35:24 UTC 2026","87","HabitNuCoachPortalSuite","FeatureFlags","CoachesPortal.FeatureFlags","CoachesPortal.FeatureFlags","test7_navigatingflag","And user is able to navigating the flag details section",""
"broken","Fri Feb 13 22:37:08 UTC 2026","Fri Feb 13 22:37:30 UTC 2026","22054","HabitNuCoachPortalSuite","FeatureFlags","CoachesPortal.FeatureFlags","CoachesPortal.FeatureFlags","test17_addrulesforcohort_multipletimes","And user is able to add the rule for cohort level multiple times",""
"passed","Fri Feb 13 21:36:28 UTC 2026","Fri Feb 13 21:36:28 UTC 2026","626","HabitNuCoachPortalSuite","PatientsProfileAllergies","CoachesPortal.PatientDetails.PatientsProfileAllergies","CoachesPortal.PatientDetails.PatientsProfileAllergies","deleteMedication","delete allergy for Ethylen",""
"passed","Fri Feb 13 21:33:16 UTC 2026","Fri Feb 13 21:33:20 UTC 2026","3736","HabitNuCoachPortalSuite","HabitNuCoachesPortalRegression-PartB","CoachesPortal.PatientDetails.PatientProfileDemographic","CoachesPortal.PatientDetails.PatientProfileDemographic","updateAndVerifyCDCDetails","test1 > Given I am logged in as customer admin, updateAndVerifyCDCDetails","test1 > Given I am logged in as customer admin, updateAndVerifyCDCDetails"
"broken","Fri Feb 13 21:22:51 UTC 2026","Fri Feb 13 21:23:32 UTC 2026","40966","HabitNuCoachPortalSuite","HabitNuCoachesPortalRegression-PartB","CoachesPortal.PatientDetails.CommunicationLogsCoachesPortal","CoachesPortal.PatientDetails.CommunicationLogsCoachesPortal","verifyCommunicationLogsWithSMS","verifyCommunicationLogsWithSMS",""
"broken","Fri Feb 13 20:48:56 UTC 2026","Fri Feb 13 20:49:12 UTC 2026","15445","HabitNuCoachPortalSuite","HabitNuCoachesPortalRegression-PartA","CoachesPortal.CohortLevelDashboard.CohortLevelDashboardPage","CoachesPortal.CohortLevelDashboard.CohortLevelDashboardPage","case17","Food Category Previous Week Data.",""
"passed","Fri Feb 13 21:33:53 UTC 2026","Fri Feb 13 21:33:53 UTC 2026","128","HabitNuCoachPortalSuite","HabitNuCoachesPortalRegression-PartB","CoachesPortal.PatientDetails.PatientProfileDemographic","CoachesPortal.PatientDetails.PatientProfileDemographic","testSelectEmotionalYes","test1 > Given I am logged in as customer admin, testSelectEmotionalYes","test1 > Given I am logged in as customer admin, testSelectEmotionalYes"
"passed","Fri Feb 13 22:18:56 UTC 2026","Fri Feb 13 22:18:56 UTC 2026","10","HabitNuCoachPortalSuite","GroupDPPClassPlanner","CoachesPortal.ClassPlanner","CoachesPortal.ClassPlanner","case32","validate user is able to add notes",""
"passed","Fri Feb 13 22:30:18 UTC 2026","Fri Feb 13 22:30:25 UTC 2026","6957","HabitNuCoachPortalSuite","UserDashboard","CoachesPortal.PatientDashboard","CoachesPortal.PatientDashboard","hbA1cHistory","test7 > Given I am logged in as admin, wehn I am on adding hba1c from user Dashboard, Then I should be able to see added hba1c on Hba1c graph","admin login - user/patient/partcipant dashboard validation"
"passed","Fri Feb 13 22:08:24 UTC 2026","Fri Feb 13 22:08:27 UTC 2026","2740","HabitNuCoachPortalSuite","LoginPageCases","CoachesPortal.LoginPageCases","CoachesPortal.LoginPageCases","testLoginWithInvalidEmailAndValidPassword","try login with invalid email and valid password",""
"passed","Fri Feb 13 21:00:31 UTC 2026","Fri Feb 13 21:00:32 UTC 2026","678","HabitNuCoachPortalSuite","HabitNuCoachesPortalRegression-PartA","CoachesPortal.LearnModule.CustomerAdminCourseDocument","CoachesPortal.LearnModule.CustomerAdminCourseDocument","verifyAddDocumentUploadRequired","Add Document upload Required",""
"skipped","Fri Feb 13 22:23:22 UTC 2026","Fri Feb 13 22:23:22 UTC 2026","1","HabitNuCoachPortalSuite","Milestones","CoachesPortal.MilestoneModule.SoleraIBCorNDPP","CoachesPortal.MilestoneModule.SoleraIBCorNDPP","test6","Given I have achieved M0 & M1, M2 now, When I achieve Weekly Meaningful Engagement for week3, Then I should be able to achieve First green for M3",""
"passed","Fri Feb 13 21:54:37 UTC 2026","Fri Feb 13 21:54:38 UTC 2026","1619","HabitNuCoachPortalSuite","Paywal","CoachesPortal.payWall","CoachesPortal.payWall","testFilterTransactions","COP-T400: Validate all transaction filters",""
"passed","Fri Feb 13 21:41:56 UTC 2026","Fri Feb 13 21:41:56 UTC 2026","0","HabitNuCoachPortalSuite","Scheduler","CoachesPortal.Schedular","CoachesPortal.Schedular","validateInteractionEntries_Claimed","test1 > Given I am logged in as admin, verify group interaction entries are made automatically when meet is attended for min of 1min > Validating field==Claimed","test1 > Given I am logged in as admin, verify group interaction entries are made automatically when meet is attended for min of 1min > Validating field==Claimed"
"passed","Fri Feb 13 21:41:56 UTC 2026","Fri Feb 13 21:41:56 UTC 2026","0","HabitNuCoachPortalSuite","Scheduler","CoachesPortal.Schedular","CoachesPortal.Schedular","validateInteractionEntries_SessionName","test1 > Given I am logged in as admin, verify group interaction entries are made automatically when meet is attended for min of 1min > Validating field==SessionName","test1 > Given I am logged in as admin, verify group interaction entries are made automatically when meet is attended for min of 1min > Validating field==SessionName"
"broken","Fri Feb 13 22:37:31 UTC 2026","Fri Feb 13 22:37:53 UTC 2026","22576","HabitNuCoachPortalSuite","FeatureFlags","CoachesPortal.FeatureFlags","CoachesPortal.FeatureFlags","test19_addrulesforprogram_multipletimes","And user is able to add the rule for program level multiple times",""
"passed","Fri Feb 13 21:10:45 UTC 2026","Fri Feb 13 21:10:46 UTC 2026","771","HabitNuCoachPortalSuite","HabitNuCoachesPortalRegression-PartA","CoachesPortal.DiscussionForumPage","CoachesPortal.DiscussionForumPage","case10","test1 > Given I am logged in as customerAdmin, I am validating post comment-success.","test1 > Given I am logged in as customerAdmin, I am validating post comment-success."
"passed","Fri Feb 13 21:41:56 UTC 2026","Fri Feb 13 21:41:56 UTC 2026","0","HabitNuCoachPortalSuite","Scheduler","CoachesPortal.Schedular","CoachesPortal.Schedular","validateInteractionEntries_InteractionOn","test1 > Given I am logged in as admin, verify group interaction entries are made automatically when meet is attended for min of 1min > Validating field==InteractionOn","test1 > Given I am logged in as admin, verify group interaction entries are made automatically when meet is attended for min of 1min > Validating field==InteractionOn"
"passed","Fri Feb 13 21:30:29 UTC 2026","Fri Feb 13 21:30:29 UTC 2026","47","HabitNuCoachPortalSuite","HabitNuCoachesPortalRegression-PartB","CoachesPortal.PatientDetails.PatientProfileDemographic","CoachesPortal.PatientDetails.PatientProfileDemographic","verifyAddressDetails","test1 > Given I am logged in as customer admin, verifyAddressDetails","test1 > Given I am logged in as customer admin, verifyAddressDetails"
"passed","Fri Feb 13 21:38:10 UTC 2026","Fri Feb 13 21:38:19 UTC 2026","8327","HabitNuCoachPortalSuite","UserActivities","CoachesPortal.PatientDetails.UserActivitiesBloodSugar","CoachesPortal.PatientDetails.UserActivitiesBloodSugar","verifyBloodSugarInCoachPortal","Verify user as Ethelyn in useractivities tab added current date blood sugar fasting ,before meal and after meal",""
"passed","Fri Feb 13 21:00:05 UTC 2026","Fri Feb 13 21:00:05 UTC 2026","33","HabitNuCoachPortalSuite","HabitNuCoachesPortalRegression-PartA","CoachesPortal.LearnModule.CustomerAdminCourseDocument","CoachesPortal.LearnModule.CustomerAdminCourseDocument","verifyNoOfElementsInCourseDocuments","Verify No of Elements In CourseDocument",""
"passed","Fri Feb 13 21:41:56 UTC 2026","Fri Feb 13 21:41:56 UTC 2026","0","HabitNuCoachPortalSuite","Scheduler","CoachesPortal.Schedular","CoachesPortal.Schedular","validateUserNoInSchedular","test1 > Given I am logged in as admin, verify when user responds to meet with NO, same can be validated by coach in coaches portal in Attended dropdown","test1 > Given I am logged in as admin, verify when user responds to meet with NO, same can be validated by coach in coaches portal in Attended dropdown"
"skipped","Fri Feb 13 22:23:22 UTC 2026","Fri Feb 13 22:23:22 UTC 2026","0","HabitNuCoachPortalSuite","Milestones","CoachesPortal.MilestoneModule.SoleraIBCorNDPP","CoachesPortal.MilestoneModule.SoleraIBCorNDPP","test8","Given I have achieved M0 & M1, M2, M3(firstgreen), M3(secondgreen) now, When I achieve Weekly Meaningful Engagement for week5, Then I should be able to achieve M4",""
"passed","Fri Feb 13 20:54:18 UTC 2026","Fri Feb 13 20:55:12 UTC 2026","53761","HabitNuCoachPortalSuite","HabitNuCoachesPortalRegression-PartA","CoachesPortal.LearnModule.Learn","CoachesPortal.LearnModule.Learn","verifycloneCoursePage","verify on clone course page, course created by admin is available",""
"passed","Fri Feb 13 22:25:25 UTC 2026","Fri Feb 13 22:25:27 UTC 2026","1560","HabitNuCoachPortalSuite","Milestones","CoachesPortal.VAMilestone","CoachesPortal.VAMilestone","test3_currentcohort_dashboard","And user is navigated to current cohort dashboard",""
"passed","Fri Feb 13 21:18:03 UTC 2026","Fri Feb 13 21:18:04 UTC 2026","759","HabitNuCoachPortalSuite","HabitNuCoachesPortalRegression-PartB","CoachesPortal.OnsiteUsersListDashboard","CoachesPortal.OnsiteUsersListDashboard","case6","test1 > Given I am logged in as admin, Seach user by ID.","test1 > Given I am logged in as admin, Seach user by ID."
"passed","Fri Feb 13 21:02:37 UTC 2026","Fri Feb 13 21:02:38 UTC 2026","149","HabitNuCoachPortalSuite","HabitNuCoachesPortalRegression-PartA","CoachesPortal.DiscussionForumPage","CoachesPortal.DiscussionForumPage","verifyFileIsNotBroken","test1 > Given I am logged in as admin, I am validating verify file is not broken","test1 > Given I am logged in as admin, I am validating verify file is not broken"
"passed","Fri Feb 13 22:30:33 UTC 2026","Fri Feb 13 22:30:39 UTC 2026","5200","HabitNuCoachPortalSuite","UserDashboard","CoachesPortal.PatientDashboard","CoachesPortal.PatientDashboard","patientVWeeklyStatusVideo_when_100_percentWatched","test15 > Given I am logged in as admin, when I am on watching a video completely by logging into user app, Then I should be able to see watched Video count==1 under patientVWeeklyStatusVideo","admin login - user/patient/partcipant dashboard validation"
"passed","Fri Feb 13 21:12:18 UTC 2026","Fri Feb 13 21:12:23 UTC 2026","5769","HabitNuCoachPortalSuite","HabitNuCoachesPortalRegression-PartA","CoachesPortal.DiscussionForumPage","CoachesPortal.DiscussionForumPage","case25","test1 > Given I am logged in as customerAdmin, I am validating Comment on pinned post.","test1 > Given I am logged in as customerAdmin, I am validating Comment on pinned post."
"passed","Fri Feb 13 22:48:24 UTC 2026","Fri Feb 13 22:48:24 UTC 2026","129","HabitNuCoachPortalSuite","DifferentTypeOfDashboards","CoachesPortal.CohortLevelDashboard.DSMEDashboardCoachesPortal","CoachesPortal.CohortLevelDashboard.DSMEDashboardCoachesPortal","test18_verifyWeightLossByPatientsWithallPosibleActions","Verify Weight Loss by Patients dropdown card with possible options listed",""
"broken","Fri Feb 13 20:57:18 UTC 2026","Fri Feb 13 20:58:22 UTC 2026","63410","HabitNuCoachPortalSuite","HabitNuCoachesPortalRegression-PartA","CoachesPortal.LearnModule.Learn","CoachesPortal.LearnModule.Learn","editCourseContent","edit course content",""
"passed","Fri Feb 13 21:19:02 UTC 2026","Fri Feb 13 21:19:03 UTC 2026","751","HabitNuCoachPortalSuite","HabitNuCoachesPortalRegression-PartB","CoachesPortal.OnsiteUsersListDashboard","CoachesPortal.OnsiteUsersListDashboard","case4","test1 > Given I am logged in as coach, Seach user by name.","test1 > Given I am logged in as coach, Seach user by name."
"failed","Fri Feb 13 22:43:07 UTC 2026","Fri Feb 13 22:43:14 UTC 2026","7179","HabitNuCoachPortalSuite","DifferentTypeOfDashboards","CoachesPortal.CohortLevelDashboard.OnlineCohortDashboard","CoachesPortal.CohortLevelDashboard.OnlineCohortDashboard","activeParticipants","test1 > Given I am logged in as customer admin, I am validating online cohort 'dashboard-card=activeParticipants","test1 > Given I am logged in as customer admin, I am validating online cohort 'dashboard-card=activeParticipants"
"passed","Fri Feb 13 21:18:22 UTC 2026","Fri Feb 13 21:18:23 UTC 2026","1233","HabitNuCoachPortalSuite","HabitNuCoachesPortalRegression-PartB","CoachesPortal.OnsiteUsersListDashboard","CoachesPortal.OnsiteUsersListDashboard","case13","test1 > Given I am logged in as admin, Click on +, wait till all elements are displayed and then validate.","test1 > Given I am logged in as admin, Click on +, wait till all elements are displayed and then validate."
"passed","Fri Feb 13 21:30:29 UTC 2026","Fri Feb 13 21:30:33 UTC 2026","3707","HabitNuCoachPortalSuite","HabitNuCoachesPortalRegression-PartB","CoachesPortal.PatientDetails.PatientProfileDemographic","CoachesPortal.PatientDetails.PatientProfileDemographic","updateAndVerifyAddressDetails","test1 > Given I am logged in as customer admin, updateAndVerifyAddressDetails","test1 > Given I am logged in as customer admin, updateAndVerifyAddressDetails"
"passed","Fri Feb 13 20:51:12 UTC 2026","Fri Feb 13 20:51:14 UTC 2026","2033","HabitNuCoachPortalSuite","HabitNuCoachesPortalRegression-PartA","CoachesPortal.LearnModule.Learn","CoachesPortal.LearnModule.Learn","checkChapterAddition","verify course addition",""
"passed","Fri Feb 13 21:12:17 UTC 2026","Fri Feb 13 21:12:18 UTC 2026","752","HabitNuCoachPortalSuite","HabitNuCoachesPortalRegression-PartA","CoachesPortal.DiscussionForumPage","CoachesPortal.DiscussionForumPage","case24","test1 > Given I am logged in as customerAdmin, I am validating Pin The post","test1 > Given I am logged in as customerAdmin, I am validating Pin The post"
"failed","Fri Feb 13 22:47:33 UTC 2026","Fri Feb 13 22:47:52 UTC 2026","19294","HabitNuCoachPortalSuite","DifferentTypeOfDashboards","CoachesPortal.CohortLevelDashboard.DSMEDashboardCoachesPortal","CoachesPortal.CohortLevelDashboard.DSMEDashboardCoachesPortal","test7_Active","And user is validating Nurture",""
"broken","Fri Feb 13 22:24:36 UTC 2026","Fri Feb 13 22:25:01 UTC 2026","25001","HabitNuCoachPortalSuite","Milestones","CoachesPortal.BPSMMilestone","CoachesPortal.BPSMMilestone","test10_groupinteraction","And user is able to add group interaction with seminar name",""
"failed","Fri Feb 13 21:37:10 UTC 2026","Fri Feb 13 21:37:28 UTC 2026","18200","HabitNuCoachPortalSuite","UserActivities","CoachesPortal.PatientDetails.UserActivitiesBloodPressure","CoachesPortal.PatientDetails.UserActivitiesBloodPressure","verifyEditCurrentAndYesterdayBPDataInCoachesPortal","Verify current and yesterday edit BPdata in coaches portal and reflect in web portal",""
"broken","Fri Feb 13 21:17:42 UTC 2026","Fri Feb 13 21:17:42 UTC 2026","212","HabitNuCoachPortalSuite","HabitNuCoachesPortalRegression-PartB","CoachesPortal.OnsiteUsersListDashboard","CoachesPortal.OnsiteUsersListDashboard","case2","test1 > Given I am logged in as admin, Users- All expected elements is displayed.","test1 > Given I am logged in as admin, Users- All expected elements is displayed."
"passed","Fri Feb 13 22:48:20 UTC 2026","Fri Feb 13 22:48:23 UTC 2026","3795","HabitNuCoachPortalSuite","DifferentTypeOfDashboards","CoachesPortal.CohortLevelDashboard.DSMEDashboardCoachesPortal","CoachesPortal.CohortLevelDashboard.DSMEDashboardCoachesPortal","test12_verifyBloodSugarByPatientsInOutcomesTab","Verify Blood Sugar by Patients Should be displayed under outcomes tab",""
"passed","Fri Feb 13 21:42:29 UTC 2026","Fri Feb 13 21:42:34 UTC 2026","5199","HabitNuCoachPortalSuite","Scheduler","CoachesPortal.Schedular","CoachesPortal.Schedular","viewAppointment","test5 >  Given I am logged in as coach, and on time slot page, When I click on created appointment, Then I should be able to view the appointment","coach login - User should be able to view appointment"
"passed","Fri Feb 13 22:09:52 UTC 2026","Fri Feb 13 22:10:07 UTC 2026","15786","HabitNuCoachPortalSuite","LogClassSession","CoachesPortal.LogClassSection","CoachesPortal.LogClassSection","verifyAddWeightAndAttendanceDate","Add weight and attendance date",""
"passed","Fri Feb 13 21:06:52 UTC 2026","Fri Feb 13 21:07:17 UTC 2026","25247","HabitNuCoachPortalSuite","HabitNuCoachesPortalRegression-PartA","CoachesPortal.DiscussionForumPage","CoachesPortal.DiscussionForumPage","case15","test1 > Given I am logged in as coach, I am validating upload upto 5 files.","test1 > Given I am logged in as coach, I am validating upload upto 5 files. "
"passed","Fri Feb 13 21:32:42 UTC 2026","Fri Feb 13 21:32:42 UTC 2026","21","HabitNuCoachPortalSuite","HabitNuCoachesPortalRegression-PartB","CoachesPortal.PatientDetails.PatientProfileDemographic","CoachesPortal.PatientDetails.PatientProfileDemographic","verifyScaleOrderDetails","test1 > Given I am logged in as customer admin, verifyScaleOrderDetails","test1 > Given I am logged in as customer admin, verifyScaleOrderDetails"
"passed","Fri Feb 13 22:24:26 UTC 2026","Fri Feb 13 22:24:26 UTC 2026","132","HabitNuCoachPortalSuite","Milestones","CoachesPortal.BPSMMilestone","CoachesPortal.BPSMMilestone","test4_navigating_milestone","And user is navigating to milestone",""
"passed","Fri Feb 13 22:09:00 UTC 2026","Fri Feb 13 22:09:01 UTC 2026","1478","HabitNuCoachPortalSuite","LogClassSession","CoachesPortal.LogClassSection","CoachesPortal.LogClassSection","verifyDashboardClickParticipant","Click On Search Participant",""
"passed","Fri Feb 13 22:04:49 UTC 2026","Fri Feb 13 22:04:54 UTC 2026","5034","HabitNuCoachPortalSuite","ProjectPowerDashboard","CoachesPortal.ProjectPowerDashboard","CoachesPortal.ProjectPowerDashboard","verifyM1GraphwithfilterAs6months","verifyM1GraphwithfilterAs6months",""
"passed","Fri Feb 13 20:59:45 UTC 2026","Fri Feb 13 20:59:55 UTC 2026","9660","HabitNuCoachPortalSuite","HabitNuCoachesPortalRegression-PartA","CoachesPortal.LearnModule.Learn","CoachesPortal.LearnModule.Learn","selectNotificationsAndConfigure","Send a notification before a chapter getting released",""
"passed","Fri Feb 13 21:37:28 UTC 2026","Fri Feb 13 21:37:43 UTC 2026","15071","HabitNuCoachPortalSuite","UserActivities","CoachesPortal.PatientDetails.UserActivitiesBloodSugar","CoachesPortal.PatientDetails.UserActivitiesBloodSugar","verifyandAddCurrentDateBloodSugar","Verify user as Ethelyn in useractivities tab and add current date blood sugar",""
"passed","Fri Feb 13 22:04:35 UTC 2026","Fri Feb 13 22:04:42 UTC 2026","6745","HabitNuCoachPortalSuite","ProjectPowerDashboard","CoachesPortal.ProjectPowerDashboard","CoachesPortal.ProjectPowerDashboard","accessDirectMessageModule","go to coaches portal - Project Power",""
"passed","Fri Feb 13 21:34:45 UTC 2026","Fri Feb 13 21:34:56 UTC 2026","10155","HabitNuCoachPortalSuite","HabitNuCoachesPortalRegression-PartB","CoachesPortal.PatientDetails.PatientProfileDemographic","CoachesPortal.PatientDetails.PatientProfileDemographic","updateSexAtbirth","test1 > Given I am logged in as customer admin, Sex at Birth","test1 > Given I am logged in as customer admin, Sex at Birth"
"passed","Fri Feb 13 22:55:42 UTC 2026","Fri Feb 13 22:55:49 UTC 2026","7016","HabitNuCoachPortalSuite","DifferentTypeOfCohorts","CoachesPortal.liteCohorts","CoachesPortal.liteCohorts","case1","test1 > Given I am logged in as admin, I am validating Lite cohorts modules","test1 > Given I am logged in as admin, I am validating Lite cohorts modules, where cohort's Program type=NDPP, Delivery type=Online"
"passed","Fri Feb 13 21:18:11 UTC 2026","Fri Feb 13 21:18:21 UTC 2026","10438","HabitNuCoachPortalSuite","HabitNuCoachesPortalRegression-PartB","CoachesPortal.OnsiteUsersListDashboard","CoachesPortal.OnsiteUsersListDashboard","case10","test1 > Given I am logged in as admin, Choose Cohort which does not have form- multiple_classes_ofChild.","test1 > Given I am logged in as admin, Choose Cohort which does not have form- multiple_classes_ofChild."
"broken","Fri Feb 13 21:25:03 UTC 2026","Fri Feb 13 21:25:48 UTC 2026","45350","HabitNuCoachPortalSuite","HabitNuCoachesPortalRegression-PartB","CoachesPortal.PatientDetails.CommunicationLogsCoachesPortal","CoachesPortal.PatientDetails.CommunicationLogsCoachesPortal","verifyDMonWebApp","Verify message on web app by Patient",""
