"Status","Start Time","Stop Time","Duration in ms","Parent Suite","Suite","Sub Suite","Test Class","Test Method","Name","Description"
"passed","Tue Dec 02 21:49:13 UTC 2025","Tue Dec 02 21:49:14 UTC 2025","304","HabitNuWebAppSuite","2. Health Metrics","WebAppSanityPackage.Medication","WebAppSanityPackage.Medication","case25","Before Food or After Food Selection",""
"passed","Tue Dec 02 21:45:47 UTC 2025","Tue Dec 02 21:45:49 UTC 2025","2258","HabitNuWebAppSuite","2. Health Metrics","WebAppSanityPackage.WebAppHealth_WeightSection","WebAppSanityPackage.WebAppHealth_WeightSection","case5","verify added today data",""
"passed","Tue Dec 02 22:18:58 UTC 2025","Tue Dec 02 22:18:58 UTC 2025","508","HabitNuWebAppSuite","4. Lifestyle and Social","WebAppSanityPackage.DiscussAppClass","WebAppSanityPackage.DiscussAppClass","case35","Click on Replay ( It will display all the recorded meetings)",""
"passed","Tue Dec 02 21:47:35 UTC 2025","Tue Dec 02 21:47:35 UTC 2025","380","HabitNuWebAppSuite","2. Health Metrics","WebAppSanityPackage.Medication","WebAppSanityPackage.Medication","case4","Creating new Medications details like selecting mg or ml.",""
"passed","Tue Dec 02 22:10:36 UTC 2025","Tue Dec 02 22:10:37 UTC 2025","569","HabitNuWebAppSuite","3. Nutrition and Recipes","WebAppSanityPackage.Myrecipes","WebAppSanityPackage.Myrecipes","test7_toastvalidation","And user is able to validate added ingredient toast message",""
"passed","Tue Dec 02 21:40:36 UTC 2025","Tue Dec 02 21:40:37 UTC 2025","419","HabitNuWebAppSuite","1. Core and Authentication","WebAppSanityPackage.ProfileAppClass","WebAppSanityPackage.ProfileAppClass","testToggleNotifications","Toggle notifications On/Off and validate state change",""
"passed","Tue Dec 02 21:42:17 UTC 2025","Tue Dec 02 21:42:17 UTC 2025","343","HabitNuWebAppSuite","2. Health Metrics","WebAppSanityPackage.BloodPressure_Section","WebAppSanityPackage.BloodPressure_Section","case6_setSystolicTargetMoreThan250","[MAIN CARD] Verify Set Target validation error when entering systolic target value greater than 250",""
"passed","Tue Dec 02 22:18:53 UTC 2025","Tue Dec 02 22:18:55 UTC 2025","2241","HabitNuWebAppSuite","4. Lifestyle and Social","WebAppSanityPackage.DiscussAppClass","WebAppSanityPackage.DiscussAppClass","case23","comment a message in my post",""
"passed","Tue Dec 02 22:03:22 UTC 2025","Tue Dec 02 22:03:23 UTC 2025","1336","HabitNuWebAppSuite","3. Nutrition and Recipes","WebAppSanityPackage.habiRecipe","WebAppSanityPackage.habiRecipe","case21_SelectMacronutrientRecipeFromList","Selecting the Generated Recipe and Logging It",""
"passed","Tue Dec 02 21:42:42 UTC 2025","Tue Dec 02 21:42:43 UTC 2025","605","HabitNuWebAppSuite","2. Health Metrics","WebAppSanityPackage.BloodPressure_Section","WebAppSanityPackage.BloodPressure_Section","case19_addPreviousDayBloodPressureReading","[MODAL] Add previous day blood pressure reading and verify it updates the main card display",""
"passed","Tue Dec 02 21:43:00 UTC 2025","Tue Dec 02 21:43:01 UTC 2025","507","HabitNuWebAppSuite","2. Health Metrics","WebAppSanityPackage.Sugar_Section","WebAppSanityPackage.Sugar_Section","setNegativeDiastolicTarget","enter negative Low target values and assert messages",""
"failed","Tue Dec 02 21:46:09 UTC 2025","Tue Dec 02 21:46:10 UTC 2025","1400","HabitNuWebAppSuite","2. Health Metrics","WebAppSanityPackage.WebAppHealth_WeightSection","WebAppSanityPackage.WebAppHealth_WeightSection","graphCase6","Load web app -> Click on Health section -> Weight section -> verify graph values",""
"passed","Tue Dec 02 21:39:15 UTC 2025","Tue Dec 02 21:39:19 UTC 2025","3962","HabitNuWebAppSuite","1. Core and Authentication","WebAppSanityPackage.ProfileAppClass","WebAppSanityPackage.ProfileAppClass","validateAddressConfirmationSection","Keep Zipcode with valid numbers and save → Should not show error",""
"passed","Tue Dec 02 21:41:54 UTC 2025","Tue Dec 02 21:42:02 UTC 2025","7988","HabitNuWebAppSuite","1. Core and Authentication","WebAppSanityPackage.generalContentWEB","WebAppSanityPackage.generalContentWEB","case3","Verify Fitness Videos Details Consistency",""
"passed","Tue Dec 02 21:38:41 UTC 2025","Tue Dec 02 21:38:42 UTC 2025","207","HabitNuWebAppSuite","1. Core and Authentication","WebAppSanityPackage.ProfileAppClass","WebAppSanityPackage.ProfileAppClass","clearGenderAndSave","Clear gender and save → should save or skip validation",""
"passed","Tue Dec 02 21:36:53 UTC 2025","Tue Dec 02 21:36:55 UTC 2025","2123","HabitNuWebAppSuite","1. Core and Authentication","WebAppSanityPackage.HomePage","WebAppSanityPackage.HomePage","testFitnessVideoPage","Verify the Fitness Videos Section content and functionality",""
"passed","Tue Dec 02 22:17:08 UTC 2025","Tue Dec 02 22:17:10 UTC 2025","2223","HabitNuWebAppSuite","4. Lifestyle and Social","WebAppSanityPackage.ChatandNotificationsClass","WebAppSanityPackage.ChatandNotificationsClass","case6","Click on notifications section",""
"passed","Tue Dec 02 21:39:49 UTC 2025","Tue Dec 02 21:39:55 UTC 2025","5859","HabitNuWebAppSuite","1. Core and Authentication","WebAppSanityPackage.ProfileAppClass","WebAppSanityPackage.ProfileAppClass","case68","Upload file, name, and type and submit",""
"passed","Tue Dec 02 22:15:55 UTC 2025","Tue Dec 02 22:15:56 UTC 2025","178","HabitNuWebAppSuite","4. Lifestyle and Social","WebAppSanityPackage.HabitsAppClass","WebAppSanityPackage.HabitsAppClass","case14","Click on Activate and do not add the habit back",""
"passed","Tue Dec 02 22:15:36 UTC 2025","Tue Dec 02 22:15:50 UTC 2025","13603","HabitNuWebAppSuite","4. Lifestyle and Social","WebAppSanityPackage.HabitsAppClass","WebAppSanityPackage.HabitsAppClass","case10","Click on Calender and edit  and save the details",""
"passed","Tue Dec 02 21:36:06 UTC 2025","Tue Dec 02 21:36:07 UTC 2025","1279","HabitNuWebAppSuite","1. Core and Authentication","WebAppSanityPackage.Login","WebAppSanityPackage.Login","testReusePasswordResetLink","Verify reusing same password reset link shows error (T-24)",""
"passed","Tue Dec 02 22:12:51 UTC 2025","Tue Dec 02 22:12:55 UTC 2025","4009","HabitNuWebAppSuite","3. Nutrition and Recipes","WebAppSanityPackage.WebAppClass","WebAppSanityPackage.WebAppClass","case19","Add/Edit Food - without optional fields (Should successfully update and show the updated values)",""
"passed","Tue Dec 02 21:45:49 UTC 2025","Tue Dec 02 21:45:50 UTC 2025","192","HabitNuWebAppSuite","2. Health Metrics","WebAppSanityPackage.WebAppHealth_WeightSection","WebAppSanityPackage.WebAppHealth_WeightSection","case6","verify multiple added today data with 998",""
"passed","Tue Dec 02 21:43:12 UTC 2025","Tue Dec 02 21:43:21 UTC 2025","8995","HabitNuWebAppSuite","2. Health Metrics","WebAppSanityPackage.Sugar_Section","WebAppSanityPackage.Sugar_Section","case1","Click on health tab and verify no data recorded yet in Blood Sugar section",""
"passed","Tue Dec 02 22:16:46 UTC 2025","Tue Dec 02 22:16:46 UTC 2025","250","HabitNuWebAppSuite","4. Lifestyle and Social","WebAppSanityPackage.HabitsAppClass","WebAppSanityPackage.HabitsAppClass","case28","Click on Activate and do not add the habit back",""
"passed","Tue Dec 02 21:45:50 UTC 2025","Tue Dec 02 21:45:52 UTC 2025","2885","HabitNuWebAppSuite","2. Health Metrics","WebAppSanityPackage.WebAppHealth_WeightSection","WebAppSanityPackage.WebAppHealth_WeightSection","case8","Add data as blank",""
"passed","Tue Dec 02 21:43:46 UTC 2025","Tue Dec 02 21:43:57 UTC 2025","10743","HabitNuWebAppSuite","2. Health Metrics","WebAppSanityPackage.Sugar_Section","WebAppSanityPackage.Sugar_Section","case8","Verify No data added for last 30 days",""
"passed","Tue Dec 02 22:16:33 UTC 2025","Tue Dec 02 22:16:33 UTC 2025","305","HabitNuWebAppSuite","4. Lifestyle and Social","WebAppSanityPackage.HabitsAppClass","WebAppSanityPackage.HabitsAppClass","case21","Single click on habit button and mark a red",""
"passed","Tue Dec 02 22:18:51 UTC 2025","Tue Dec 02 22:18:51 UTC 2025","100","HabitNuWebAppSuite","4. Lifestyle and Social","WebAppSanityPackage.DiscussAppClass","WebAppSanityPackage.DiscussAppClass","case18","Click on - button of coaches ( it should go back )",""
"passed","Tue Dec 02 22:05:12 UTC 2025","Tue Dec 02 22:05:18 UTC 2025","6382","HabitNuWebAppSuite","3. Nutrition and Recipes","WebAppSanityPackage.habiRecipe","WebAppSanityPackage.habiRecipe","case26_SetLocalFoodPreferences","Local food preferences",""
"passed","Tue Dec 02 22:12:24 UTC 2025","Tue Dec 02 22:12:26 UTC 2025","1724","HabitNuWebAppSuite","3. Nutrition and Recipes","WebAppSanityPackage.WebAppClass","WebAppSanityPackage.WebAppClass","case14","Click on View Food Log, Select a Food and Delete it",""
"passed","Tue Dec 02 22:09:20 UTC 2025","Tue Dec 02 22:09:20 UTC 2025","116","HabitNuWebAppSuite","3. Nutrition and Recipes","WebAppSanityPackage.recipeBuilder","WebAppSanityPackage.recipeBuilder","verifyFavoriteRecipesByRecipeServings","verify favorite food list under Food> by Recipe servings",""
"passed","Tue Dec 02 21:36:27 UTC 2025","Tue Dec 02 21:36:27 UTC 2025","326","HabitNuWebAppSuite","1. Core and Authentication","WebAppSanityPackage.HomePage","WebAppSanityPackage.HomePage","testNavigationBarLinksArePresent","Verify all main navigation links are present",""
"passed","Tue Dec 02 21:36:27 UTC 2025","Tue Dec 02 21:36:27 UTC 2025","67","HabitNuWebAppSuite","1. Core and Authentication","WebAppSanityPackage.HomePage","WebAppSanityPackage.HomePage","testWelcomeMessageIsDisplayed","Verify the personalized welcome message is displayed",""
"passed","Tue Dec 02 22:15:59 UTC 2025","Tue Dec 02 22:16:12 UTC 2025","12993","HabitNuWebAppSuite","4. Lifestyle and Social","WebAppSanityPackage.HabitsAppClass","WebAppSanityPackage.HabitsAppClass","case17","Click on Active Habits dropdown",""
"passed","Tue Dec 02 21:50:27 UTC 2025","Tue Dec 02 21:50:29 UTC 2025","2506","HabitNuWebAppSuite","2. Health Metrics","WebAppSanityPackage.ExerciseSection","WebAppSanityPackage.ExerciseSection","case9","verify data should not be more than 100000 in exercise section",""
"passed","Tue Dec 02 21:41:33 UTC 2025","Tue Dec 02 21:41:35 UTC 2025","1851","HabitNuWebAppSuite","1. Core and Authentication","WebAppSanityPackage.GuidedTour","WebAppSanityPackage.GuidedTour","test18_skiptour","When User is able to skip the guided tour",""
"passed","Tue Dec 02 22:12:57 UTC 2025","Tue Dec 02 22:13:02 UTC 2025","4180","HabitNuWebAppSuite","3. Nutrition and Recipes","WebAppSanityPackage.WebAppClass","WebAppSanityPackage.WebAppClass","case21","Add/Edit food with decimal value (Should allow decimals)",""
"passed","Tue Dec 02 21:51:15 UTC 2025","Tue Dec 02 21:51:19 UTC 2025","3760","HabitNuWebAppSuite","2. Health Metrics","WebAppSanityPackage.TobaccoSection","WebAppSanityPackage.TobaccoSection","case12","Click on Health tab and verify 'No data recorded yet' in Tobacco section",""
"passed","Tue Dec 02 21:57:46 UTC 2025","Tue Dec 02 21:57:58 UTC 2025","12021","HabitNuWebAppSuite","3. Nutrition and Recipes","WebAppSanityPackage.waterLog","WebAppSanityPackage.waterLog","case1","Main Page",""
"passed","Tue Dec 02 21:38:49 UTC 2025","Tue Dec 02 21:38:52 UTC 2025","2509","HabitNuWebAppSuite","1. Core and Authentication","WebAppSanityPackage.ProfileAppClass","WebAppSanityPackage.ProfileAppClass","setDOBAndSave","Select DOB and save → Should update successfully",""
"passed","Tue Dec 02 22:18:46 UTC 2025","Tue Dec 02 22:18:46 UTC 2025","734","HabitNuWebAppSuite","4. Lifestyle and Social","WebAppSanityPackage.DiscussAppClass","WebAppSanityPackage.DiscussAppClass","case12","Edit the post with describe line ( It should edit the post)",""
"passed","Tue Dec 02 21:45:15 UTC 2025","Tue Dec 02 21:45:16 UTC 2025","419","HabitNuWebAppSuite","2. Health Metrics","WebAppSanityPackage.WebAppHealth_WeightSection","WebAppSanityPackage.WebAppHealth_WeightSection","setTargetMoreThan99","enter target more than 999 and assert messages",""
"passed","Tue Dec 02 21:58:16 UTC 2025","Tue Dec 02 21:58:17 UTC 2025","1108","HabitNuWebAppSuite","3. Nutrition and Recipes","WebAppSanityPackage.waterLog","WebAppSanityPackage.waterLog","case10","Total Water Logged Count",""
"passed","Tue Dec 02 21:44:50 UTC 2025","Tue Dec 02 21:44:55 UTC 2025","4828","HabitNuWebAppSuite","2. Health Metrics","WebAppSanityPackage.Sugar_Section","WebAppSanityPackage.Sugar_Section","case16","verify blank data in Blood Sugar section before meal",""
"passed","Tue Dec 02 21:40:34 UTC 2025","Tue Dec 02 21:40:36 UTC 2025","2241","HabitNuWebAppSuite","1. Core and Authentication","WebAppSanityPackage.ProfileAppClass","WebAppSanityPackage.ProfileAppClass","case88","Open Notification Preferences from Profile dropdown",""
"passed","Tue Dec 02 21:49:12 UTC 2025","Tue Dec 02 21:49:12 UTC 2025","116","HabitNuWebAppSuite","2. Health Metrics","WebAppSanityPackage.Medication","WebAppSanityPackage.Medication","case22","Creating new Medications details like selecting mg or ml.",""
"passed","Tue Dec 02 21:49:57 UTC 2025","Tue Dec 02 21:49:57 UTC 2025","352","HabitNuWebAppSuite","2. Health Metrics","WebAppSanityPackage.ExerciseSection","WebAppSanityPackage.ExerciseSection","editTargetWithNegatives","edit -  negative target values and assert messages",""
"passed","Tue Dec 02 21:50:05 UTC 2025","Tue Dec 02 21:50:07 UTC 2025","1935","HabitNuWebAppSuite","2. Health Metrics","WebAppSanityPackage.ExerciseSection","WebAppSanityPackage.ExerciseSection","case2","Click on Exercise , click on add new button and add exercise for last year and and Total minutes of the day should be 0",""
"passed","Tue Dec 02 21:50:07 UTC 2025","Tue Dec 02 21:50:18 UTC 2025","10786","HabitNuWebAppSuite","2. Health Metrics","WebAppSanityPackage.ExerciseSection","WebAppSanityPackage.ExerciseSection","case4","verify added today data in exercise section and verify total exercise per day",""
"passed","Tue Dec 02 21:42:43 UTC 2025","Tue Dec 02 21:42:44 UTC 2025","168","HabitNuWebAppSuite","2. Health Metrics","WebAppSanityPackage.BloodPressure_Section","WebAppSanityPackage.BloodPressure_Section","case22_verifyNegativeSystolicValidation","[MODAL] Verify form validation when entering negative value in systolic field (min=0 validation) and leaving diastolic field blank",""
"passed","Tue Dec 02 21:39:01 UTC 2025","Tue Dec 02 21:39:03 UTC 2025","1764","HabitNuWebAppSuite","1. Core and Authentication","WebAppSanityPackage.ProfileAppClass","WebAppSanityPackage.ProfileAppClass","editAddressLine1AndSave","Edit Address Line 1 and save → Should save successfully",""
"passed","Tue Dec 02 21:47:20 UTC 2025","Tue Dec 02 21:47:23 UTC 2025","3212","HabitNuWebAppSuite","2. Health Metrics","WebAppSanityPackage.Hba1c","WebAppSanityPackage.Hba1c","editTargetButDoNotSave","edit target values and do click on 'x' mark and do not save",""
"passed","Tue Dec 02 21:49:14 UTC 2025","Tue Dec 02 21:49:14 UTC 2025","231","HabitNuWebAppSuite","2. Health Metrics","WebAppSanityPackage.Medication","WebAppSanityPackage.Medication","case26","Creating new Medications details like selecting Frequency",""
"passed","Tue Dec 02 21:58:11 UTC 2025","Tue Dec 02 21:58:12 UTC 2025","1168","HabitNuWebAppSuite","3. Nutrition and Recipes","WebAppSanityPackage.waterLog","WebAppSanityPackage.waterLog","case8","Custom again Water Log",""
"broken","Tue Dec 02 22:12:36 UTC 2025","Tue Dec 02 22:12:47 UTC 2025","10649","HabitNuWebAppSuite","3. Nutrition and Recipes","WebAppSanityPackage.WebAppClass","WebAppSanityPackage.WebAppClass","case17","Edit Food - Update fields and validate changes",""
"passed","Tue Dec 02 21:38:55 UTC 2025","Tue Dec 02 21:38:57 UTC 2025","1713","HabitNuWebAppSuite","1. Core and Authentication","WebAppSanityPackage.ProfileAppClass","WebAppSanityPackage.ProfileAppClass","closeBasicInfoWithoutSaving","Click close without saving Basic information → No change expected",""
"passed","Tue Dec 02 21:54:43 UTC 2025","Tue Dec 02 21:55:07 UTC 2025","23739","HabitNuWebAppSuite","3. Nutrition and Recipes","WebAppSanityPackage.foodGrouping","WebAppSanityPackage.foodGrouping","case10","add Meal to Snacks",""
"passed","Tue Dec 02 22:12:03 UTC 2025","Tue Dec 02 22:12:09 UTC 2025","5520","HabitNuWebAppSuite","3. Nutrition and Recipes","WebAppSanityPackage.WebAppClass","WebAppSanityPackage.WebAppClass","case7","Click on Add Food, go to Custom and create a customized food",""
"passed","Tue Dec 02 21:38:42 UTC 2025","Tue Dec 02 21:38:43 UTC 2025","1303","HabitNuWebAppSuite","1. Core and Authentication","WebAppSanityPackage.ProfileAppClass","WebAppSanityPackage.ProfileAppClass","selectGenderMaleAndSave","Select Gender as Male and save → should reflect",""
"passed","Tue Dec 02 21:39:12 UTC 2025","Tue Dec 02 21:39:13 UTC 2025","225","HabitNuWebAppSuite","1. Core and Authentication","WebAppSanityPackage.ProfileAppClass","WebAppSanityPackage.ProfileAppClass","keepZipcode4digitsAndSave","Keep Zipcode with 4 numbers and save → Should show validation error",""
"passed","Tue Dec 02 21:36:09 UTC 2025","Tue Dec 02 21:36:10 UTC 2025","1283","HabitNuWebAppSuite","1. Core and Authentication","WebAppSanityPackage.Login","WebAppSanityPackage.Login","testLanguageChangeToSpanish","Verify language change to Spanish",""
"passed","Tue Dec 02 21:52:14 UTC 2025","Tue Dec 02 21:52:28 UTC 2025","13313","HabitNuWebAppSuite","2. Health Metrics","WebAppSanityPackage.TobaccoSection","WebAppSanityPackage.TobaccoSection","case22","Click on tobacco , click on add new button and add tobacco for last month and and Total count of the day should be 0",""
"broken","Tue Dec 02 22:01:19 UTC 2025","Tue Dec 02 22:01:31 UTC 2025","12134","HabitNuWebAppSuite","3. Nutrition and Recipes","WebAppSanityPackage.habiRecipe","WebAppSanityPackage.habiRecipe","case11_GenerateRecipeForFoodAllergies","Generate New Recipe for Food allergies",""
"passed","Tue Dec 02 22:18:51 UTC 2025","Tue Dec 02 22:18:51 UTC 2025","171","HabitNuWebAppSuite","4. Lifestyle and Social","WebAppSanityPackage.DiscussAppClass","WebAppSanityPackage.DiscussAppClass","case16","Add the comment ( It should add the comment)",""
"passed","Tue Dec 02 21:51:25 UTC 2025","Tue Dec 02 21:51:27 UTC 2025","1581","HabitNuWebAppSuite","2. Health Metrics","WebAppSanityPackage.TobaccoSection","WebAppSanityPackage.TobaccoSection","case15_graphcase1","Load web app -> Click on Health section -> Weight section -> click on three lines -> Click on graph -> click on filter as last week",""
"passed","Tue Dec 02 21:47:24 UTC 2025","Tue Dec 02 21:47:24 UTC 2025","369","HabitNuWebAppSuite","2. Health Metrics","WebAppSanityPackage.Hba1c","WebAppSanityPackage.Hba1c","editTargetWithGreaterThan99","edit -  enter target more than 14 and assert messages",""
"passed","Tue Dec 02 21:43:01 UTC 2025","Tue Dec 02 21:43:02 UTC 2025","288","HabitNuWebAppSuite","2. Health Metrics","WebAppSanityPackage.Sugar_Section","WebAppSanityPackage.Sugar_Section","highTargetWithBlankValue","edit -  high BS cannot be blank",""
"passed","Tue Dec 02 21:38:57 UTC 2025","Tue Dec 02 21:38:58 UTC 2025","922","HabitNuWebAppSuite","1. Core and Authentication","WebAppSanityPackage.ProfileAppClass","WebAppSanityPackage.ProfileAppClass","case19","Click on Basic information and validate the presence of expected fields and absence of unexpected fields",""
"passed","Tue Dec 02 22:17:32 UTC 2025","Tue Dec 02 22:17:42 UTC 2025","10617","HabitNuWebAppSuite","4. Lifestyle and Social","WebAppSanityPackage.ChatandNotificationsClass","WebAppSanityPackage.ChatandNotificationsClass","case10","Click on HabitNu: Welcome to a new week! Please step on your scale to record your weight 3 days this week!",""
"passed","Tue Dec 02 22:18:18 UTC 2025","Tue Dec 02 22:18:24 UTC 2025","6970","HabitNuWebAppSuite","4. Lifestyle and Social","WebAppSanityPackage.DiscussAppClass","WebAppSanityPackage.DiscussAppClass","case6","Upload only a file (should not allow)",""
"passed","Tue Dec 02 21:47:20 UTC 2025","Tue Dec 02 21:47:20 UTC 2025","287","HabitNuWebAppSuite","2. Health Metrics","WebAppSanityPackage.Hba1c","WebAppSanityPackage.Hba1c","editTargetValid","edit Target - valid",""
"passed","Tue Dec 02 21:38:31 UTC 2025","Tue Dec 02 21:38:32 UTC 2025","128","HabitNuWebAppSuite","1. Core and Authentication","WebAppSanityPackage.ProfileAppClass","WebAppSanityPackage.ProfileAppClass","editBasicInfo","Click 'Edit' on Basic information → enter edit mode",""
"passed","Tue Dec 02 21:57:16 UTC 2025","Tue Dec 02 21:57:23 UTC 2025","6870","HabitNuWebAppSuite","3. Nutrition and Recipes","WebAppSanityPackage.foodGrouping","WebAppSanityPackage.foodGrouping","case23","Editing 'My Meal' from existing group, updating all items' quantity in the group",""
"passed","Tue Dec 02 21:51:13 UTC 2025","Tue Dec 02 21:51:13 UTC 2025","252","HabitNuWebAppSuite","2. Health Metrics","WebAppSanityPackage.TobaccoSection","WebAppSanityPackage.TobaccoSection","case10_editTargetWithNegatives","edit -  negative target values and assert messages",""
"passed","Tue Dec 02 22:18:13 UTC 2025","Tue Dec 02 22:18:13 UTC 2025","275","HabitNuWebAppSuite","4. Lifestyle and Social","WebAppSanityPackage.DiscussAppClass","WebAppSanityPackage.DiscussAppClass","case2","Post a message with subject only (should show error)",""
"passed","Tue Dec 02 21:36:28 UTC 2025","Tue Dec 02 21:36:28 UTC 2025","208","HabitNuWebAppSuite","1. Core and Authentication","WebAppSanityPackage.HomePage","WebAppSanityPackage.HomePage","testdiscussionHeaderElementsAreClickable","Verify all items in the 'Explore' section are visible and clickable in discussion Dropedown",""
"passed","Tue Dec 02 21:50:37 UTC 2025","Tue Dec 02 21:51:03 UTC 2025","25679","HabitNuWebAppSuite","2. Health Metrics","WebAppSanityPackage.TobaccoSection","WebAppSanityPackage.TobaccoSection","Case1_noTargetSet","verify no target case",""
"passed","Tue Dec 02 21:43:10 UTC 2025","Tue Dec 02 21:43:12 UTC 2025","1713","HabitNuWebAppSuite","2. Health Metrics","WebAppSanityPackage.Sugar_Section","WebAppSanityPackage.Sugar_Section","editTargetWithGreaterThan999","edit -  enter High target more than 999 and assert messages",""
"passed","Tue Dec 02 21:36:28 UTC 2025","Tue Dec 02 21:36:29 UTC 2025","543","HabitNuWebAppSuite","1. Core and Authentication","WebAppSanityPackage.HomePage","WebAppSanityPackage.HomePage","testProfileDropdownContents","Verify all options in the profile dropdown menu",""
"passed","Tue Dec 02 21:38:23 UTC 2025","Tue Dec 02 21:38:23 UTC 2025","103","HabitNuWebAppSuite","1. Core and Authentication","WebAppSanityPackage.ProfileAppClass","WebAppSanityPackage.ProfileAppClass","openProfileDetails","Click on 'View profile details' → open profile page",""
"passed","Tue Dec 02 21:37:20 UTC 2025","Tue Dec 02 21:37:20 UTC 2025","337","HabitNuWebAppSuite","1. Core and Authentication","WebAppSanityPackage.HomePage","WebAppSanityPackage.HomePage","testDeleteExercise","Verify the Exercise progress bar delete Exercise",""
"passed","Tue Dec 02 21:37:53 UTC 2025","Tue Dec 02 21:38:05 UTC 2025","12303","HabitNuWebAppSuite","1. Core and Authentication","WebAppSanityPackage.HomePage","WebAppSanityPackage.HomePage","testExerciseProgressBarByAddingExercise","Verify the Exercise progress bar updates correctly as Exercise logs are added",""
"passed","Tue Dec 02 21:35:34 UTC 2025","Tue Dec 02 21:35:35 UTC 2025","1001","HabitNuWebAppSuite","1. Core and Authentication","WebAppSanityPackage.Login","WebAppSanityPackage.Login","testForgotPasswordFlow","Verify the 'Forgot Password' flow sends a reset link",""
"broken","Tue Dec 02 21:40:19 UTC 2025","Tue Dec 02 21:40:22 UTC 2025","2504","HabitNuWebAppSuite","1. Core and Authentication","WebAppSanityPackage.ProfileAppClass","WebAppSanityPackage.ProfileAppClass","case77","Click on delete file and cancel it",""
"passed","Tue Dec 02 21:54:41 UTC 2025","Tue Dec 02 21:54:43 UTC 2025","1455","HabitNuWebAppSuite","3. Nutrition and Recipes","WebAppSanityPackage.foodGrouping","WebAppSanityPackage.foodGrouping","case9","Verify the created group name in Food Group section and Log it In dinner",""
"passed","Tue Dec 02 21:51:27 UTC 2025","Tue Dec 02 21:51:29 UTC 2025","2512","HabitNuWebAppSuite","2. Health Metrics","WebAppSanityPackage.TobaccoSection","WebAppSanityPackage.TobaccoSection","case16_graphcase2","Load web app -> Click on Health section -> Weight section -> click on three lines -> Click on graph -> click on filter as last month",""
"passed","Tue Dec 02 21:36:28 UTC 2025","Tue Dec 02 21:36:28 UTC 2025","377","HabitNuWebAppSuite","1. Core and Authentication","WebAppSanityPackage.HomePage","WebAppSanityPackage.HomePage","testNotificationPanelContentAndFunctionality","Verify notification panel content and functionality",""
"passed","Tue Dec 02 21:39:30 UTC 2025","Tue Dec 02 21:39:32 UTC 2025","1386","HabitNuWebAppSuite","1. Core and Authentication","WebAppSanityPackage.ProfileAppClass","WebAppSanityPackage.ProfileAppClass","case51","Add Hips (in inches) as valid number and save",""
"passed","Tue Dec 02 21:36:27 UTC 2025","Tue Dec 02 21:36:27 UTC 2025","78","HabitNuWebAppSuite","1. Core and Authentication","WebAppSanityPackage.HomePage","WebAppSanityPackage.HomePage","testNotificationBadgeCount","Verify the notification badge count if it exists",""
"broken","Tue Dec 02 22:06:06 UTC 2025","Tue Dec 02 22:07:45 UTC 2025","99643","HabitNuWebAppSuite","3. Nutrition and Recipes","WebAppSanityPackage.habiRecipe","WebAppSanityPackage.habiRecipe","case32_GenerateRecipeForAllPreferences","Generate New Recipe for All Recipes",""
"passed","Tue Dec 02 21:51:04 UTC 2025","Tue Dec 02 21:51:04 UTC 2025","347","HabitNuWebAppSuite","2. Health Metrics","WebAppSanityPackage.TobaccoSection","WebAppSanityPackage.TobaccoSection","case5_setNegativeTarget","enter negative target values and assert messages",""
"passed","Tue Dec 02 22:13:42 UTC 2025","Tue Dec 02 22:14:45 UTC 2025","63374","HabitNuWebAppSuite","3. Nutrition and Recipes","WebAppSanityPackage.WebAppClass","WebAppSanityPackage.WebAppClass","delete_from_all_food_sections","Deleting all data starting from breakfast to snacks",""
"passed","Tue Dec 02 21:58:25 UTC 2025","Tue Dec 02 21:58:26 UTC 2025","1318","HabitNuWebAppSuite","3. Nutrition and Recipes","WebAppSanityPackage.waterLog","WebAppSanityPackage.waterLog","case16","946 ml Water Log",""
"passed","Tue Dec 02 21:55:46 UTC 2025","Tue Dec 02 21:55:58 UTC 2025","12064","HabitNuWebAppSuite","3. Nutrition and Recipes","WebAppSanityPackage.foodGrouping","WebAppSanityPackage.foodGrouping","case15","Add food item to Snacks section",""
"passed","Tue Dec 02 21:43:01 UTC 2025","Tue Dec 02 21:43:01 UTC 2025","347","HabitNuWebAppSuite","2. Health Metrics","WebAppSanityPackage.Sugar_Section","WebAppSanityPackage.Sugar_Section","setHighTargetMoreThan250","enter High target more than 1000 and assert messages",""
"passed","Tue Dec 02 21:44:39 UTC 2025","Tue Dec 02 21:44:50 UTC 2025","11290","HabitNuWebAppSuite","2. Health Metrics","WebAppSanityPackage.Sugar_Section","WebAppSanityPackage.Sugar_Section","case15","verify last added monthly and yesterday's data in details page in Blood Sugar section",""
"passed","Tue Dec 02 21:39:05 UTC 2025","Tue Dec 02 21:39:06 UTC 2025","1929","HabitNuWebAppSuite","1. Core and Authentication","WebAppSanityPackage.ProfileAppClass","WebAppSanityPackage.ProfileAppClass","editAddressLine2AndSave","Edit Address line 2 and save",""
"passed","Tue Dec 02 22:14:52 UTC 2025","Tue Dec 02 22:15:02 UTC 2025","9720","HabitNuWebAppSuite","4. Lifestyle and Social","WebAppSanityPackage.HabitsAppClass","WebAppSanityPackage.HabitsAppClass","case3","Click on backward arrowmark it should take to last week",""
"passed","Tue Dec 02 21:45:52 UTC 2025","Tue Dec 02 21:45:53 UTC 2025","123","HabitNuWebAppSuite","2. Health Metrics","WebAppSanityPackage.WebAppHealth_WeightSection","WebAppSanityPackage.WebAppHealth_WeightSection","case9","Add data as negative weight",""
"passed","Tue Dec 02 21:39:13 UTC 2025","Tue Dec 02 21:39:15 UTC 2025","1469","HabitNuWebAppSuite","1. Core and Authentication","WebAppSanityPackage.ProfileAppClass","WebAppSanityPackage.ProfileAppClass","keepZipcodevalidAndSave","Keep Zipcode with valid numbers and save → Should not show error",""
"passed","Tue Dec 02 22:13:07 UTC 2025","Tue Dec 02 22:13:09 UTC 2025","1271","HabitNuWebAppSuite","3. Nutrition and Recipes","WebAppSanityPackage.WebAppClass","WebAppSanityPackage.WebAppClass","case24","Custom food delete",""
"broken","Tue Dec 02 21:48:22 UTC 2025","Tue Dec 02 21:48:33 UTC 2025","11257","HabitNuWebAppSuite","2. Health Metrics","WebAppSanityPackage.Medication","WebAppSanityPackage.Medication","case15","Coach- Users- Medication- Creating new Medications.",""
"passed","Tue Dec 02 21:35:44 UTC 2025","Tue Dec 02 21:35:46 UTC 2025","2088","HabitNuWebAppSuite","1. Core and Authentication","WebAppSanityPackage.Login","WebAppSanityPackage.Login","testPasswordResetPageAccess","Verify password reset link flow and modal confirmation",""
"passed","Tue Dec 02 21:39:12 UTC 2025","Tue Dec 02 21:39:12 UTC 2025","463","HabitNuWebAppSuite","1. Core and Authentication","WebAppSanityPackage.ProfileAppClass","WebAppSanityPackage.ProfileAppClass","keepZipcodeBlankAndSave","Keep Zipcode blank and save → Should show validation error",""
"passed","Tue Dec 02 21:36:56 UTC 2025","Tue Dec 02 21:37:19 UTC 2025","23803","HabitNuWebAppSuite","1. Core and Authentication","WebAppSanityPackage.HomePage","WebAppSanityPackage.HomePage","deleteFoodLogsForPreviousDays","Delete all food logs for the current week (Monday-based)",""
"passed","Tue Dec 02 22:12:01 UTC 2025","Tue Dec 02 22:12:03 UTC 2025","2513","HabitNuWebAppSuite","3. Nutrition and Recipes","WebAppSanityPackage.WebAppClass","WebAppSanityPackage.WebAppClass","case6","Click on Add food, Go to frequent section check whether the same food is listed",""
"passed","Tue Dec 02 21:40:56 UTC 2025","Tue Dec 02 21:41:06 UTC 2025","10650","HabitNuWebAppSuite","1. Core and Authentication","WebAppSanityPackage.GuidedTour","WebAppSanityPackage.GuidedTour","test4_registrationfilling","When user is able to enter the details in registration form",""
"passed","Tue Dec 02 21:38:29 UTC 2025","Tue Dec 02 21:38:30 UTC 2025","675","HabitNuWebAppSuite","1. Core and Authentication","WebAppSanityPackage.ProfileAppClass","WebAppSanityPackage.ProfileAppClass","uploadInvalidProfilePicture","Try adding PDF as profile picture → should NOT allow",""
"passed","Tue Dec 02 22:13:36 UTC 2025","Tue Dec 02 22:13:42 UTC 2025","5787","HabitNuWebAppSuite","3. Nutrition and Recipes","WebAppSanityPackage.WebAppClass","WebAppSanityPackage.WebAppClass","Case31_add_food_check_in_coaches","User details in coaches-dashboard",""
"passed","Tue Dec 02 21:56:12 UTC 2025","Tue Dec 02 21:56:26 UTC 2025","14033","HabitNuWebAppSuite","3. Nutrition and Recipes","WebAppSanityPackage.foodGrouping","WebAppSanityPackage.foodGrouping","case17","Create 'My Meal' from logged foods in LUNCH sections",""
"passed","Tue Dec 02 21:49:54 UTC 2025","Tue Dec 02 21:49:54 UTC 2025","387","HabitNuWebAppSuite","2. Health Metrics","WebAppSanityPackage.ExerciseSection","WebAppSanityPackage.ExerciseSection","setTargetMoreThan99","enter target more than 1440 and assert messages",""
"passed","Tue Dec 02 21:43:30 UTC 2025","Tue Dec 02 21:43:32 UTC 2025","1217","HabitNuWebAppSuite","2. Health Metrics","WebAppSanityPackage.Sugar_Section","WebAppSanityPackage.Sugar_Section","case3","Click on Blood Sugar , click on add new button and add Blood Sugar Before Meal for current year current date ",""
"passed","Tue Dec 02 21:55:58 UTC 2025","Tue Dec 02 21:56:12 UTC 2025","13874","HabitNuWebAppSuite","3. Nutrition and Recipes","WebAppSanityPackage.foodGrouping","WebAppSanityPackage.foodGrouping","case16","Create 'My Meal' from logged foods in BREAKFAST sections",""
"passed","Tue Dec 02 21:47:40 UTC 2025","Tue Dec 02 21:47:46 UTC 2025","6650","HabitNuWebAppSuite","2. Health Metrics","WebAppSanityPackage.Medication","WebAppSanityPackage.Medication","case10","Weight loss medication Edit detials on Yor Medication",""
"passed","Tue Dec 02 21:41:21 UTC 2025","Tue Dec 02 21:41:33 UTC 2025","11966","HabitNuWebAppSuite","1. Core and Authentication","WebAppSanityPackage.GuidedTour","WebAppSanityPackage.GuidedTour","test16_finishtour","And user is navigating first to last slide and validating finish button",""
"passed","Tue Dec 02 21:48:44 UTC 2025","Tue Dec 02 21:48:49 UTC 2025","4754","HabitNuWebAppSuite","2. Health Metrics","WebAppSanityPackage.Medication","WebAppSanityPackage.Medication","Case18addValidMedicationName","TC11: Add valid Medication name and save",""
"passed","Tue Dec 02 21:45:53 UTC 2025","Tue Dec 02 21:45:53 UTC 2025","173","HabitNuWebAppSuite","2. Health Metrics","WebAppSanityPackage.WebAppHealth_WeightSection","WebAppSanityPackage.WebAppHealth_WeightSection","case10","Add data as 1000 weight",""
"passed","Tue Dec 02 21:57:58 UTC 2025","Tue Dec 02 21:58:03 UTC 2025","5334","HabitNuWebAppSuite","3. Nutrition and Recipes","WebAppSanityPackage.waterLog","WebAppSanityPackage.waterLog","case2","8 oz Water Log",""
"passed","Tue Dec 02 22:13:09 UTC 2025","Tue Dec 02 22:13:10 UTC 2025","1055","HabitNuWebAppSuite","3. Nutrition and Recipes","WebAppSanityPackage.WebAppClass","WebAppSanityPackage.WebAppClass","case25","Collecting data from food section",""
"passed","Tue Dec 02 21:51:34 UTC 2025","Tue Dec 02 21:51:37 UTC 2025","2816","HabitNuWebAppSuite","2. Health Metrics","WebAppSanityPackage.TobaccoSection","WebAppSanityPackage.TobaccoSection","case18_graphCase6","Load web app -> Click on Health section -> Tobacco section ->>It should verify all the values added in graph",""
"passed","Tue Dec 02 21:41:19 UTC 2025","Tue Dec 02 21:41:21 UTC 2025","2014","HabitNuWebAppSuite","1. Core and Authentication","WebAppSanityPackage.GuidedTour","WebAppSanityPackage.GuidedTour","test15_backbutton","And User is navigating from last slide to first slide by clicking back button",""
"passed","Tue Dec 02 21:51:13 UTC 2025","Tue Dec 02 21:51:15 UTC 2025","1769","HabitNuWebAppSuite","2. Health Metrics","WebAppSanityPackage.TobaccoSection","WebAppSanityPackage.TobaccoSection","case11_editTargetWithGreaterThan99","edit -  enter target more than 99 and assert messages",""
"failed","Tue Dec 02 21:39:20 UTC 2025","Tue Dec 02 21:39:22 UTC 2025","2218","HabitNuWebAppSuite","1. Core and Authentication","WebAppSanityPackage.ProfileAppClass","WebAppSanityPackage.ProfileAppClass","addValidHeightAndSave","Add valid Height and save",""
"passed","Tue Dec 02 21:40:24 UTC 2025","Tue Dec 02 21:40:28 UTC 2025","3197","HabitNuWebAppSuite","1. Core and Authentication","WebAppSanityPackage.ProfileAppClass","WebAppSanityPackage.ProfileAppClass","case82","Enter wrong current password and new password, click Change Password",""
"passed","Tue Dec 02 21:42:46 UTC 2025","Tue Dec 02 21:42:47 UTC 2025","1258","HabitNuWebAppSuite","2. Health Metrics","WebAppSanityPackage.BloodPressure_Section","WebAppSanityPackage.BloodPressure_Section","case28_verifyEditFunctionalityInHistoryTable","[MODAL] Verify edit functionality for blood pressure entries in history table using edit action buttons",""
"passed","Tue Dec 02 21:42:23 UTC 2025","Tue Dec 02 21:42:23 UTC 2025","363","HabitNuWebAppSuite","2. Health Metrics","WebAppSanityPackage.BloodPressure_Section","WebAppSanityPackage.BloodPressure_Section","case12_editTargetWithGreaterThan250","[MAIN CARD] Verify target edit validation error when entering systolic value greater than 250",""
"passed","Tue Dec 02 22:10:22 UTC 2025","Tue Dec 02 22:10:23 UTC 2025","228","HabitNuWebAppSuite","3. Nutrition and Recipes","WebAppSanityPackage.Myrecipes","WebAppSanityPackage.Myrecipes","test3_NavigaetoMyRecipes","User is able to navigate to My Recipe page",""
"passed","Tue Dec 02 21:48:44 UTC 2025","Tue Dec 02 21:48:44 UTC 2025","271","HabitNuWebAppSuite","2. Health Metrics","WebAppSanityPackage.Medication","WebAppSanityPackage.Medication","Case17validateMedicationFieldRequired","TC: Keep the Medication field empty and save",""
"passed","Tue Dec 02 21:36:47 UTC 2025","Tue Dec 02 21:36:48 UTC 2025","1255","HabitNuWebAppSuite","1. Core and Authentication","WebAppSanityPackage.HomePage","WebAppSanityPackage.HomePage","testWeightLossProgressSection","Verify Weight Loss Progress panel content and functionality from arrow",""
"passed","Tue Dec 02 22:02:35 UTC 2025","Tue Dec 02 22:02:37 UTC 2025","1393","HabitNuWebAppSuite","3. Nutrition and Recipes","WebAppSanityPackage.habiRecipe","WebAppSanityPackage.habiRecipe","case17_SelectDietTypeRecipeFromList","Selecting the Generated Recipe and Logging It",""
"passed","Tue Dec 02 22:03:14 UTC 2025","Tue Dec 02 22:03:22 UTC 2025","7490","HabitNuWebAppSuite","3. Nutrition and Recipes","WebAppSanityPackage.habiRecipe","WebAppSanityPackage.habiRecipe","case20_LogMacronutrientRecipe","Selecting the  Generated Recipe of Macronutrient considerations and Logging It",""
"passed","Tue Dec 02 21:50:20 UTC 2025","Tue Dec 02 21:50:23 UTC 2025","2379","HabitNuWebAppSuite","2. Health Metrics","WebAppSanityPackage.ExerciseSection","WebAppSanityPackage.ExerciseSection","case7","verify blank data in exercise section",""
"passed","Tue Dec 02 21:49:53 UTC 2025","Tue Dec 02 21:49:53 UTC 2025","208","HabitNuWebAppSuite","2. Health Metrics","WebAppSanityPackage.ExerciseSection","WebAppSanityPackage.ExerciseSection","placeHolderOfTobaccoCountValueInputBox","verify placeholder - Exercise ",""
"passed","Tue Dec 02 22:16:45 UTC 2025","Tue Dec 02 22:16:45 UTC 2025","190","HabitNuWebAppSuite","4. Lifestyle and Social","WebAppSanityPackage.HabitsAppClass","WebAppSanityPackage.HabitsAppClass","case26","Click on Archive and do not add the habit to archive",""
"passed","Tue Dec 02 21:39:00 UTC 2025","Tue Dec 02 21:39:01 UTC 2025","764","HabitNuWebAppSuite","1. Core and Authentication","WebAppSanityPackage.ProfileAppClass","WebAppSanityPackage.ProfileAppClass","keepAddressLine1Blank","Keep Address Line 1 blank and save → Should throw required field error (if validation present)",""
"passed","Tue Dec 02 22:17:21 UTC 2025","Tue Dec 02 22:17:32 UTC 2025","10498","HabitNuWebAppSuite","4. Lifestyle and Social","WebAppSanityPackage.ChatandNotificationsClass","WebAppSanityPackage.ChatandNotificationsClass","case9","Click on HabitNu: Please step on your scale to achieve your weight tracking goal!",""
"passed","Tue Dec 02 21:58:47 UTC 2025","Tue Dec 02 21:58:51 UTC 2025","4185","HabitNuWebAppSuite","3. Nutrition and Recipes","WebAppSanityPackage.habiRecipe","WebAppSanityPackage.habiRecipe","case1_NavigateToRecipesPage","Main Page",""
"passed","Tue Dec 02 21:49:40 UTC 2025","Tue Dec 02 21:49:52 UTC 2025","12411","HabitNuWebAppSuite","2. Health Metrics","WebAppSanityPackage.ExerciseSection","WebAppSanityPackage.ExerciseSection","noTargetSet","verify no target case",""
"passed","Tue Dec 02 21:58:17 UTC 2025","Tue Dec 02 21:58:17 UTC 2025","504","HabitNuWebAppSuite","3. Nutrition and Recipes","WebAppSanityPackage.waterLog","WebAppSanityPackage.waterLog","case12","Validate setting reminders and verifying active time slots",""
"passed","Tue Dec 02 22:18:51 UTC 2025","Tue Dec 02 22:18:52 UTC 2025","694","HabitNuWebAppSuite","4. Lifestyle and Social","WebAppSanityPackage.DiscussAppClass","WebAppSanityPackage.DiscussAppClass","case19","Click on + button of memebers ( it should list all memebers)",""
"passed","Tue Dec 02 21:41:43 UTC 2025","Tue Dec 02 21:41:54 UTC 2025","11588","HabitNuWebAppSuite","1. Core and Authentication","WebAppSanityPackage.generalContentWEB","WebAppSanityPackage.generalContentWEB","case2","Fitness Videos Details",""
"passed","Tue Dec 02 21:42:18 UTC 2025","Tue Dec 02 21:42:20 UTC 2025","1881","HabitNuWebAppSuite","2. Health Metrics","WebAppSanityPackage.BloodPressure_Section","WebAppSanityPackage.BloodPressure_Section","case8_setValidTarget","[MAIN CARD] Verify successful setting of valid blood pressure target values via Set Target button",""
"passed","Tue Dec 02 21:40:32 UTC 2025","Tue Dec 02 21:40:34 UTC 2025","1997","HabitNuWebAppSuite","1. Core and Authentication","WebAppSanityPackage.ProfileAppClass","WebAppSanityPackage.ProfileAppClass","case87","Switch back to English language and verify UI text",""
"passed","Tue Dec 02 21:43:57 UTC 2025","Tue Dec 02 21:44:07 UTC 2025","10931","HabitNuWebAppSuite","2. Health Metrics","WebAppSanityPackage.Sugar_Section","WebAppSanityPackage.Sugar_Section","case9","verify added today data in Blood Sugar section as Fasting",""
"passed","Tue Dec 02 21:45:17 UTC 2025","Tue Dec 02 21:45:18 UTC 2025","821","HabitNuWebAppSuite","2. Health Metrics","WebAppSanityPackage.WebAppHealth_WeightSection","WebAppSanityPackage.WebAppHealth_WeightSection","editTargetButDoNotSave","edit target values and do click on 'x' mark and do not save",""
"passed","Tue Dec 02 22:10:17 UTC 2025","Tue Dec 02 22:10:22 UTC 2025","4690","HabitNuWebAppSuite","3. Nutrition and Recipes","WebAppSanityPackage.Myrecipes","WebAppSanityPackage.Myrecipes","test1_clickrecipes","Given user click on Recipe",""
"passed","Tue Dec 02 21:52:59 UTC 2025","Tue Dec 02 21:53:41 UTC 2025","41831","HabitNuWebAppSuite","3. Nutrition and Recipes","WebAppSanityPackage.foodGrouping","WebAppSanityPackage.foodGrouping","case1","Main Page Navigation",""
"passed","Tue Dec 02 21:39:40 UTC 2025","Tue Dec 02 21:39:40 UTC 2025","223","HabitNuWebAppSuite","1. Core and Authentication","WebAppSanityPackage.ProfileAppClass","WebAppSanityPackage.ProfileAppClass","case64","Upload the file only and submit",""
"passed","Tue Dec 02 21:41:12 UTC 2025","Tue Dec 02 21:41:14 UTC 2025","1636","HabitNuWebAppSuite","1. Core and Authentication","WebAppSanityPackage.GuidedTour","WebAppSanityPackage.GuidedTour","test8_validatingtourpage1","And user is validating the first slide of the tour page",""
"passed","Tue Dec 02 21:47:35 UTC 2025","Tue Dec 02 21:47:35 UTC 2025","219","HabitNuWebAppSuite","2. Health Metrics","WebAppSanityPackage.Medication","WebAppSanityPackage.Medication","case3","Adding Strength",""
"passed","Tue Dec 02 21:58:24 UTC 2025","Tue Dec 02 21:58:25 UTC 2025","1319","HabitNuWebAppSuite","3. Nutrition and Recipes","WebAppSanityPackage.waterLog","WebAppSanityPackage.waterLog","case15","710 ml Water Log",""
"passed","Tue Dec 02 22:10:57 UTC 2025","Tue Dec 02 22:10:58 UTC 2025","469","HabitNuWebAppSuite","3. Nutrition and Recipes","WebAppSanityPackage.Myrecipes","WebAppSanityPackage.Myrecipes","test17_navigatingrecipe","And User is able to delete the recipe",""
"passed","Tue Dec 02 21:45:20 UTC 2025","Tue Dec 02 21:45:36 UTC 2025","15723","HabitNuWebAppSuite","2. Health Metrics","WebAppSanityPackage.WebAppHealth_WeightSection","WebAppSanityPackage.WebAppHealth_WeightSection","case2","Click on weight , click on add new button and add weight for last month",""
"passed","Tue Dec 02 21:40:46 UTC 2025","Tue Dec 02 21:40:54 UTC 2025","7798","HabitNuWebAppSuite","1. Core and Authentication","WebAppSanityPackage.GuidedTour","WebAppSanityPackage.GuidedTour","test1_welcomepage","Given user is getting the license agreement",""
"passed","Tue Dec 02 21:36:15 UTC 2025","Tue Dec 02 21:36:20 UTC 2025","4956","HabitNuWebAppSuite","1. Core and Authentication","WebAppSanityPackage.Login","WebAppSanityPackage.Login","testProjectPowerRegisterNavigation","Verify Register navigation in Project Power",""
"passed","Tue Dec 02 21:42:51 UTC 2025","Tue Dec 02 21:42:59 UTC 2025","7822","HabitNuWebAppSuite","2. Health Metrics","WebAppSanityPackage.Sugar_Section","WebAppSanityPackage.Sugar_Section","noTargetSet","verify no target case",""
"failed","Tue Dec 02 22:09:10 UTC 2025","Tue Dec 02 22:09:16 UTC 2025","5622","HabitNuWebAppSuite","3. Nutrition and Recipes","WebAppSanityPackage.recipeBuilder","WebAppSanityPackage.recipeBuilder","verifyFavoriteRecipesUnderFood","verify favorite food list under Food>Favorites",""
"passed","Tue Dec 02 21:58:12 UTC 2025","Tue Dec 02 21:58:16 UTC 2025","3853","HabitNuWebAppSuite","3. Nutrition and Recipes","WebAppSanityPackage.waterLog","WebAppSanityPackage.waterLog","case9","Custom Water Log by Using + and - Buttons",""
"passed","Tue Dec 02 21:39:19 UTC 2025","Tue Dec 02 21:39:20 UTC 2025","984","HabitNuWebAppSuite","1. Core and Authentication","WebAppSanityPackage.ProfileAppClass","WebAppSanityPackage.ProfileAppClass","validateContactDetailsFields","Validate presence and absence of fields in Contact Details section",""
"passed","Tue Dec 02 21:41:39 UTC 2025","Tue Dec 02 21:41:43 UTC 2025","4187","HabitNuWebAppSuite","1. Core and Authentication","WebAppSanityPackage.generalContentWEB","WebAppSanityPackage.generalContentWEB","case1","Main Page",""
"passed","Tue Dec 02 21:35:02 UTC 2025","Tue Dec 02 21:35:04 UTC 2025","1758","HabitNuWebAppSuite","1. Core and Authentication","WebAppSanityPackage.Login","WebAppSanityPackage.Login","testFieldValidationOnBlur","Verify field validations on blur",""
"passed","Tue Dec 02 22:09:20 UTC 2025","Tue Dec 02 22:09:41 UTC 2025","20904","HabitNuWebAppSuite","3. Nutrition and Recipes","WebAppSanityPackage.recipeBuilder","WebAppSanityPackage.recipeBuilder","deleteFavRecipesFromFavorites","delete fav recipes from favorite section and validate the same from recipe list page",""
"passed","Tue Dec 02 21:58:03 UTC 2025","Tue Dec 02 21:58:05 UTC 2025","1685","HabitNuWebAppSuite","3. Nutrition and Recipes","WebAppSanityPackage.waterLog","WebAppSanityPackage.waterLog","case3","16 oz Water Log",""
"passed","Tue Dec 02 21:44:13 UTC 2025","Tue Dec 02 21:44:15 UTC 2025","2183","HabitNuWebAppSuite","2. Health Metrics","WebAppSanityPackage.Sugar_Section","WebAppSanityPackage.Sugar_Section","case11","verify added today data in Blood Sugar section as Before Meal",""
"passed","Tue Dec 02 21:41:35 UTC 2025","Tue Dec 02 21:41:36 UTC 2025","1610","HabitNuWebAppSuite","1. Core and Authentication","WebAppSanityPackage.GuidedTour","WebAppSanityPackage.GuidedTour","test19_maybelater","Then User is able to explore the guided tour after sometimes",""
"passed","Tue Dec 02 21:44:55 UTC 2025","Tue Dec 02 21:44:56 UTC 2025","404","HabitNuWebAppSuite","2. Health Metrics","WebAppSanityPackage.Sugar_Section","WebAppSanityPackage.Sugar_Section","case18","verify blank data in Blood Sugar section After Meal",""
"passed","Tue Dec 02 21:49:55 UTC 2025","Tue Dec 02 21:49:57 UTC 2025","1300","HabitNuWebAppSuite","2. Health Metrics","WebAppSanityPackage.ExerciseSection","WebAppSanityPackage.ExerciseSection","editTargetButDoNotSave","edit target values and do click on 'x' mark and do not save",""
"passed","Tue Dec 02 21:39:27 UTC 2025","Tue Dec 02 21:39:29 UTC 2025","1293","HabitNuWebAppSuite","1. Core and Authentication","WebAppSanityPackage.ProfileAppClass","WebAppSanityPackage.ProfileAppClass","case48","Keep Hips (in inches) as blank and save",""
"broken","Tue Dec 02 22:05:18 UTC 2025","Tue Dec 02 22:05:30 UTC 2025","12325","HabitNuWebAppSuite","3. Nutrition and Recipes","WebAppSanityPackage.habiRecipe","WebAppSanityPackage.habiRecipe","case27_GenerateRecipeForLocalFood","Generate New Recipe for Local food preferences",""
"passed","Tue Dec 02 22:14:52 UTC 2025","Tue Dec 02 22:14:52 UTC 2025","13","HabitNuWebAppSuite","4. Lifestyle and Social","WebAppSanityPackage.HabitsAppClass","WebAppSanityPackage.HabitsAppClass","case2","If there are no Habits in the Habits section - it should display There are no Habits to display",""
"passed","Tue Dec 02 21:36:23 UTC 2025","Tue Dec 02 21:36:27 UTC 2025","3432","HabitNuWebAppSuite","1. Core and Authentication","WebAppSanityPackage.HomePage","WebAppSanityPackage.HomePage","testHeaderElementsAreVisible","Verify all header elements are visible",""
"passed","Tue Dec 02 21:36:12 UTC 2025","Tue Dec 02 21:36:13 UTC 2025","1306","HabitNuWebAppSuite","1. Core and Authentication","WebAppSanityPackage.Login","WebAppSanityPackage.Login","testHabitNuRegisterNavigation","Verify Register navigation in HabitNu",""
"passed","Tue Dec 02 22:13:10 UTC 2025","Tue Dec 02 22:13:10 UTC 2025","0","HabitNuWebAppSuite","3. Nutrition and Recipes","WebAppSanityPackage.WebAppClass","WebAppSanityPackage.WebAppClass","case29","Powered by Edaman link test case",""
"passed","Tue Dec 02 22:09:06 UTC 2025","Tue Dec 02 22:09:10 UTC 2025","3790","HabitNuWebAppSuite","3. Nutrition and Recipes","WebAppSanityPackage.recipeBuilder","WebAppSanityPackage.recipeBuilder","logRecipe","verify 'View full' recipe button",""
"broken","Tue Dec 02 21:49:15 UTC 2025","Tue Dec 02 21:49:26 UTC 2025","11330","HabitNuWebAppSuite","2. Health Metrics","WebAppSanityPackage.Medication","WebAppSanityPackage.Medication","case28","Creating new Medications details like selecting add time (What time(s) do you want to take this medication?)",""
"passed","Tue Dec 02 21:36:35 UTC 2025","Tue Dec 02 21:36:36 UTC 2025","965","HabitNuWebAppSuite","1. Core and Authentication","WebAppSanityPackage.HomePage","WebAppSanityPackage.HomePage","testHealthSection","Verify Health panel content and functionality",""
"passed","Tue Dec 02 21:39:40 UTC 2025","Tue Dec 02 21:39:42 UTC 2025","2258","HabitNuWebAppSuite","1. Core and Authentication","WebAppSanityPackage.ProfileAppClass","WebAppSanityPackage.ProfileAppClass","case65","Upload the name only and submit",""
"passed","Tue Dec 02 21:47:13 UTC 2025","Tue Dec 02 21:47:15 UTC 2025","2331","HabitNuWebAppSuite","2. Health Metrics","WebAppSanityPackage.Hba1c","WebAppSanityPackage.Hba1c","case12","verify deleting of hba1c datas",""
"broken","Tue Dec 02 21:40:01 UTC 2025","Tue Dec 02 21:40:04 UTC 2025","2653","HabitNuWebAppSuite","1. Core and Authentication","WebAppSanityPackage.ProfileAppClass","WebAppSanityPackage.ProfileAppClass","case72","Upload the file type and upload",""
"failed","Tue Dec 02 21:40:40 UTC 2025","Tue Dec 02 21:40:42 UTC 2025","1384","HabitNuWebAppSuite","1. Core and Authentication","WebAppSanityPackage.ProfileAppClass","WebAppSanityPackage.ProfileAppClass","case91","Click on Profile Dropdown and validate List of options",""
"passed","Tue Dec 02 21:39:06 UTC 2025","Tue Dec 02 21:39:07 UTC 2025","536","HabitNuWebAppSuite","1. Core and Authentication","WebAppSanityPackage.ProfileAppClass","WebAppSanityPackage.ProfileAppClass","keepCityBlankAndSave","Keep City as blank and save → Should throw validation error",""
"passed","Tue Dec 02 21:46:06 UTC 2025","Tue Dec 02 21:46:09 UTC 2025","2516","HabitNuWebAppSuite","2. Health Metrics","WebAppSanityPackage.WebAppHealth_WeightSection","WebAppSanityPackage.WebAppHealth_WeightSection","graphcase5","Load web app -> Click on Health section -> Weight section -> click on ""i"" symbol",""
"passed","Tue Dec 02 21:36:28 UTC 2025","Tue Dec 02 21:36:28 UTC 2025","294","HabitNuWebAppSuite","1. Core and Authentication","WebAppSanityPackage.HomePage","WebAppSanityPackage.HomePage","testExploreSectionItemsAreVisible","Verify all items in the 'Explore' section are visible",""
"passed","Tue Dec 02 22:18:32 UTC 2025","Tue Dec 02 22:18:36 UTC 2025","3490","HabitNuWebAppSuite","4. Lifestyle and Social","WebAppSanityPackage.DiscussAppClass","WebAppSanityPackage.DiscussAppClass","case9","Upload a message with subject, description, and file over 10MB (should not allow)",""
"passed","Tue Dec 02 21:47:35 UTC 2025","Tue Dec 02 21:47:35 UTC 2025","233","HabitNuWebAppSuite","2. Health Metrics","WebAppSanityPackage.Medication","WebAppSanityPackage.Medication","case5","Creating new Medications details like selecting Type/Form.",""
"passed","Tue Dec 02 21:39:13 UTC 2025","Tue Dec 02 21:39:13 UTC 2025","232","HabitNuWebAppSuite","1. Core and Authentication","WebAppSanityPackage.ProfileAppClass","WebAppSanityPackage.ProfileAppClass","keepZipcode6digitsAndSave","Keep Zipcode with 6 numbers and save → Should show validation error",""
"broken","Tue Dec 02 22:05:31 UTC 2025","Tue Dec 02 22:05:43 UTC 2025","12228","HabitNuWebAppSuite","3. Nutrition and Recipes","WebAppSanityPackage.habiRecipe","WebAppSanityPackage.habiRecipe","case28_LogLocalFoodRecipe","Selecting the  Generated Recipe of Local food preferences and Logging It",""
"passed","Tue Dec 02 21:41:18 UTC 2025","Tue Dec 02 21:41:19 UTC 2025","1094","HabitNuWebAppSuite","1. Core and Authentication","WebAppSanityPackage.GuidedTour","WebAppSanityPackage.GuidedTour","test14_navigatingtourpage7","And user is navigating from sixth slide to seventh and validating",""
"passed","Tue Dec 02 21:57:12 UTC 2025","Tue Dec 02 21:57:16 UTC 2025","3711","HabitNuWebAppSuite","3. Nutrition and Recipes","WebAppSanityPackage.foodGrouping","WebAppSanityPackage.foodGrouping","case22","editing 'My Meal' from existing group, delete items, then cancel",""
"passed","Tue Dec 02 22:01:54 UTC 2025","Tue Dec 02 22:01:56 UTC 2025","1818","HabitNuWebAppSuite","3. Nutrition and Recipes","WebAppSanityPackage.habiRecipe","WebAppSanityPackage.habiRecipe","case13_SelectRecipeFromDashboardAndLog","Selecting the Generated Recipe and Logging It",""
"passed","Tue Dec 02 21:52:53 UTC 2025","Tue Dec 02 21:52:56 UTC 2025","2811","HabitNuWebAppSuite","2. Health Metrics","WebAppSanityPackage.TobaccoSection","WebAppSanityPackage.TobaccoSection","case26","edit data in tobacco section",""
"passed","Tue Dec 02 21:55:35 UTC 2025","Tue Dec 02 21:55:46 UTC 2025","11429","HabitNuWebAppSuite","3. Nutrition and Recipes","WebAppSanityPackage.foodGrouping","WebAppSanityPackage.foodGrouping","case14","Add food item to Dinner section",""
"passed","Tue Dec 02 22:13:10 UTC 2025","Tue Dec 02 22:13:10 UTC 2025","139","HabitNuWebAppSuite","3. Nutrition and Recipes","WebAppSanityPackage.WebAppClass","WebAppSanityPackage.WebAppClass","case26","Collecting data from food section-Carbs",""
"passed","Tue Dec 02 21:39:30 UTC 2025","Tue Dec 02 21:39:30 UTC 2025","413","HabitNuWebAppSuite","1. Core and Authentication","WebAppSanityPackage.ProfileAppClass","WebAppSanityPackage.ProfileAppClass","case50","Add Hips (in inches) as letters and save",""
"passed","Tue Dec 02 22:08:59 UTC 2025","Tue Dec 02 22:09:05 UTC 2025","6780","HabitNuWebAppSuite","3. Nutrition and Recipes","WebAppSanityPackage.recipeBuilder","WebAppSanityPackage.recipeBuilder","clickHereToViewFullRecipe","verify 'View full' recipe button",""
"passed","Tue Dec 02 21:52:28 UTC 2025","Tue Dec 02 21:52:48 UTC 2025","20820","HabitNuWebAppSuite","2. Health Metrics","WebAppSanityPackage.TobaccoSection","WebAppSanityPackage.TobaccoSection","case23","verify blank data in Tobacco section",""
"passed","Tue Dec 02 22:08:48 UTC 2025","Tue Dec 02 22:08:48 UTC 2025","380","HabitNuWebAppSuite","3. Nutrition and Recipes","WebAppSanityPackage.recipeBuilder","WebAppSanityPackage.recipeBuilder","clickOnRecipeAndValidateRecipeFieldPage","Verify recipe page fields",""
"broken","Tue Dec 02 21:45:36 UTC 2025","Tue Dec 02 21:45:47 UTC 2025","11124","HabitNuWebAppSuite","2. Health Metrics","WebAppSanityPackage.WebAppHealth_WeightSection","WebAppSanityPackage.WebAppHealth_WeightSection","case3","add yesterday's weight n it should show last added data",""
"passed","Tue Dec 02 21:45:02 UTC 2025","Tue Dec 02 21:45:14 UTC 2025","11833","HabitNuWebAppSuite","2. Health Metrics","WebAppSanityPackage.WebAppHealth_WeightSection","WebAppSanityPackage.WebAppHealth_WeightSection","case1","verify - Blank weights",""
"passed","Tue Dec 02 21:53:50 UTC 2025","Tue Dec 02 21:54:15 UTC 2025","25706","HabitNuWebAppSuite","3. Nutrition and Recipes","WebAppSanityPackage.foodGrouping","WebAppSanityPackage.foodGrouping","case4","add Meal to Break fast",""
"passed","Tue Dec 02 21:44:15 UTC 2025","Tue Dec 02 21:44:17 UTC 2025","1264","HabitNuWebAppSuite","2. Health Metrics","WebAppSanityPackage.Sugar_Section","WebAppSanityPackage.Sugar_Section","case12","add yesterday's Blood Sugar n it should show last added data Fasting",""
"passed","Tue Dec 02 21:51:03 UTC 2025","Tue Dec 02 21:51:04 UTC 2025","182","HabitNuWebAppSuite","2. Health Metrics","WebAppSanityPackage.TobaccoSection","WebAppSanityPackage.TobaccoSection","case4_placeHolderOfTobaccoCountValueInputBox","verify placeholder - MAX ",""
"passed","Tue Dec 02 21:55:23 UTC 2025","Tue Dec 02 21:55:35 UTC 2025","12091","HabitNuWebAppSuite","3. Nutrition and Recipes","WebAppSanityPackage.foodGrouping","WebAppSanityPackage.foodGrouping","case13","Add food item to Lunch section",""
"passed","Tue Dec 02 21:40:42 UTC 2025","Tue Dec 02 21:40:43 UTC 2025","1215","HabitNuWebAppSuite","1. Core and Authentication","WebAppSanityPackage.ProfileAppClass","WebAppSanityPackage.ProfileAppClass","case92","Sign out and validate Terms of Use link visible",""
"passed","Tue Dec 02 21:36:55 UTC 2025","Tue Dec 02 21:36:56 UTC 2025","327","HabitNuWebAppSuite","1. Core and Authentication","WebAppSanityPackage.HomePage","WebAppSanityPackage.HomePage","testWeeklyProgressBarValidation","Verify the weekly progress bar is displayed and contains valid data",""
"passed","Tue Dec 02 21:45:58 UTC 2025","Tue Dec 02 21:46:01 UTC 2025","2988","HabitNuWebAppSuite","2. Health Metrics","WebAppSanityPackage.WebAppHealth_WeightSection","WebAppSanityPackage.WebAppHealth_WeightSection","graphcase1","Load web app -> Click on Health section -> Weight section -> click on three lines -> Click on graph -> click on filter as last week",""
"passed","Tue Dec 02 22:18:51 UTC 2025","Tue Dec 02 22:18:51 UTC 2025","135","HabitNuWebAppSuite","4. Lifestyle and Social","WebAppSanityPackage.DiscussAppClass","WebAppSanityPackage.DiscussAppClass","case17","Click on + button of coaches ( it should list all coaches)",""
"skipped","Tue Dec 02 21:49:36 UTC 2025","Tue Dec 02 21:49:36 UTC 2025","0","HabitNuWebAppSuite","2. Health Metrics","WebAppSanityPackage.Medication","WebAppSanityPackage.Medication","case33","Weight loss medication Skipped and taken",""
"passed","Tue Dec 02 22:12:26 UTC 2025","Tue Dec 02 22:12:32 UTC 2025","5985","HabitNuWebAppSuite","3. Nutrition and Recipes","WebAppSanityPackage.WebAppClass","WebAppSanityPackage.WebAppClass","case15","Click on Date Picker, Select Previous Date, and Add Food",""
"passed","Tue Dec 02 21:47:16 UTC 2025","Tue Dec 02 21:47:19 UTC 2025","3270","HabitNuWebAppSuite","2. Health Metrics","WebAppSanityPackage.Hba1c","WebAppSanityPackage.Hba1c","editTargetWithBlankValue","edit -  HbA1c cannot be blank",""
"passed","Tue Dec 02 21:42:44 UTC 2025","Tue Dec 02 21:42:44 UTC 2025","311","HabitNuWebAppSuite","2. Health Metrics","WebAppSanityPackage.BloodPressure_Section","WebAppSanityPackage.BloodPressure_Section","case23_verifyNegativeDiastolicValidation","[MODAL] Verify form validation when entering negative value in diastolic field (min=0 validation) and leaving systolic field blank",""
"passed","Tue Dec 02 22:09:41 UTC 2025","Tue Dec 02 22:09:41 UTC 2025","101","HabitNuWebAppSuite","3. Nutrition and Recipes","WebAppSanityPackage.recipeBuilder","WebAppSanityPackage.recipeBuilder","verifyRemoveFavorites_from_recipeView_page","remove fav recipes from recipe view page",""
"passed","Tue Dec 02 21:58:07 UTC 2025","Tue Dec 02 21:58:08 UTC 2025","1252","HabitNuWebAppSuite","3. Nutrition and Recipes","WebAppSanityPackage.waterLog","WebAppSanityPackage.waterLog","case6","40 oz Water Log",""
"passed","Tue Dec 02 22:15:15 UTC 2025","Tue Dec 02 22:15:32 UTC 2025","17276","HabitNuWebAppSuite","4. Lifestyle and Social","WebAppSanityPackage.HabitsAppClass","WebAppSanityPackage.HabitsAppClass","case5","Click on Add button it should take to create the habit page and create the habit",""
"passed","Tue Dec 02 21:37:20 UTC 2025","Tue Dec 02 21:37:24 UTC 2025","3437","HabitNuWebAppSuite","1. Core and Authentication","WebAppSanityPackage.HomePage","WebAppSanityPackage.HomePage","testSetTargetPage","Verify the Meals, Weight, Exercise page layout and functionality",""
"passed","Tue Dec 02 21:39:35 UTC 2025","Tue Dec 02 21:39:36 UTC 2025","710","HabitNuWebAppSuite","1. Core and Authentication","WebAppSanityPackage.ProfileAppClass","WebAppSanityPackage.ProfileAppClass","validateHealthParametersFields","Validate presence and absence of fields in Health Parameters section",""
"passed","Tue Dec 02 22:10:43 UTC 2025","Tue Dec 02 22:10:45 UTC 2025","1816","HabitNuWebAppSuite","3. Nutrition and Recipes","WebAppSanityPackage.Myrecipes","WebAppSanityPackage.Myrecipes","test14_logrecipes","And user is able to log the recipes",""
"passed","Tue Dec 02 21:45:19 UTC 2025","Tue Dec 02 21:45:20 UTC 2025","1083","HabitNuWebAppSuite","2. Health Metrics","WebAppSanityPackage.WebAppHealth_WeightSection","WebAppSanityPackage.WebAppHealth_WeightSection","editTargetWithBlankValue","edit -  Weight cannot be blank",""
"passed","Tue Dec 02 21:43:02 UTC 2025","Tue Dec 02 21:43:05 UTC 2025","2280","HabitNuWebAppSuite","2. Health Metrics","WebAppSanityPackage.Sugar_Section","WebAppSanityPackage.Sugar_Section","editTargetValid","edit Target - valid",""
"passed","Tue Dec 02 21:43:00 UTC 2025","Tue Dec 02 21:43:00 UTC 2025","389","HabitNuWebAppSuite","2. Health Metrics","WebAppSanityPackage.Sugar_Section","WebAppSanityPackage.Sugar_Section","setNegativeSystolicTarget","enter negative High target values and assert messages",""
"passed","Tue Dec 02 21:38:18 UTC 2025","Tue Dec 02 21:38:23 UTC 2025","5260","HabitNuWebAppSuite","1. Core and Authentication","WebAppSanityPackage.ProfileAppClass","WebAppSanityPackage.ProfileAppClass","openProfileDropdown","Click profile picture dropdown (should display dropdown options)",""
"passed","Tue Dec 02 22:14:49 UTC 2025","Tue Dec 02 22:14:52 UTC 2025","3210","HabitNuWebAppSuite","4. Lifestyle and Social","WebAppSanityPackage.HabitsAppClass","WebAppSanityPackage.HabitsAppClass","case1","Click on Habits section (It should take to Habits section)",""
"passed","Tue Dec 02 22:17:00 UTC 2025","Tue Dec 02 22:17:04 UTC 2025","3789","HabitNuWebAppSuite","4. Lifestyle and Social","WebAppSanityPackage.ChatandNotificationsClass","WebAppSanityPackage.ChatandNotificationsClass","case3","Type a message in chatbox and close the chat",""
"broken","Tue Dec 02 22:01:31 UTC 2025","Tue Dec 02 22:01:54 UTC 2025","22458","HabitNuWebAppSuite","3. Nutrition and Recipes","WebAppSanityPackage.habiRecipe","WebAppSanityPackage.habiRecipe","case12_LogFoodAllergiesRecipe","Selecting the  Generated Recipe of Food allergies and Logging It",""
"passed","Tue Dec 02 22:19:15 UTC 2025","Tue Dec 02 22:19:16 UTC 2025","851","HabitNuWebAppSuite","4. Lifestyle and Social","WebAppSanityPackage.Weights_lbs_Kgs","WebAppSanityPackage.Weights_lbs_Kgs","case9","Dashboard weights match unit selected",""
"passed","Tue Dec 02 21:54:30 UTC 2025","Tue Dec 02 21:54:31 UTC 2025","1346","HabitNuWebAppSuite","3. Nutrition and Recipes","WebAppSanityPackage.foodGrouping","WebAppSanityPackage.foodGrouping","case7","Verify the created group name in Food Group section and Log it In Lunch",""
"passed","Tue Dec 02 21:57:23 UTC 2025","Tue Dec 02 21:57:26 UTC 2025","3311","HabitNuWebAppSuite","3. Nutrition and Recipes","WebAppSanityPackage.foodGrouping","WebAppSanityPackage.foodGrouping","case24","Deleting a single item from 'My Meal' group",""
"passed","Tue Dec 02 22:08:49 UTC 2025","Tue Dec 02 22:08:51 UTC 2025","1741","HabitNuWebAppSuite","3. Nutrition and Recipes","WebAppSanityPackage.recipeBuilder","WebAppSanityPackage.recipeBuilder","validateRecipeCardElements","Verify recipe card elements",""
"passed","Tue Dec 02 21:49:14 UTC 2025","Tue Dec 02 21:49:15 UTC 2025","1128","HabitNuWebAppSuite","2. Health Metrics","WebAppSanityPackage.Medication","WebAppSanityPackage.Medication","case27","editing the created Medication under the LOG",""
"passed","Tue Dec 02 22:18:13 UTC 2025","Tue Dec 02 22:18:13 UTC 2025","217","HabitNuWebAppSuite","4. Lifestyle and Social","WebAppSanityPackage.DiscussAppClass","WebAppSanityPackage.DiscussAppClass","case3","Post a message with description only (should allow posting)",""
"passed","Tue Dec 02 21:43:02 UTC 2025","Tue Dec 02 21:43:02 UTC 2025","271","HabitNuWebAppSuite","2. Health Metrics","WebAppSanityPackage.Sugar_Section","WebAppSanityPackage.Sugar_Section","lowTargetWithBlankValue","edit -  low BS cannot be blank",""
"passed","Tue Dec 02 21:36:27 UTC 2025","Tue Dec 02 21:36:28 UTC 2025","140","HabitNuWebAppSuite","1. Core and Authentication","WebAppSanityPackage.HomePage","WebAppSanityPackage.HomePage","testThisWeekProgressCards","Verify 'This Week' progress cards are displayed with correct data",""
"passed","Tue Dec 02 22:17:10 UTC 2025","Tue Dec 02 22:17:10 UTC 2025","126","HabitNuWebAppSuite","4. Lifestyle and Social","WebAppSanityPackage.ChatandNotificationsClass","WebAppSanityPackage.ChatandNotificationsClass","case7","Click on the Mark All as Read",""
"passed","Tue Dec 02 21:41:14 UTC 2025","Tue Dec 02 21:41:14 UTC 2025","745","HabitNuWebAppSuite","1. Core and Authentication","WebAppSanityPackage.GuidedTour","WebAppSanityPackage.GuidedTour","test9_navigatingtourpage2","And user is navigating from first slide to second slide and validating",""
"passed","Tue Dec 02 22:19:12 UTC 2025","Tue Dec 02 22:19:12 UTC 2025","324","HabitNuWebAppSuite","4. Lifestyle and Social","WebAppSanityPackage.Weights_lbs_Kgs","WebAppSanityPackage.Weights_lbs_Kgs","Case4","verify placeholder - weight ",""
"passed","Tue Dec 02 21:49:59 UTC 2025","Tue Dec 02 21:50:05 UTC 2025","6312","HabitNuWebAppSuite","2. Health Metrics","WebAppSanityPackage.ExerciseSection","WebAppSanityPackage.ExerciseSection","case1","Click on health tab and verify no data recorded yet in Exercise section ",""
"passed","Tue Dec 02 21:46:26 UTC 2025","Tue Dec 02 21:46:34 UTC 2025","7935","HabitNuWebAppSuite","2. Health Metrics","WebAppSanityPackage.Hba1c","WebAppSanityPackage.Hba1c","case2","Click on HbA1c , click on add new button and add hba1c for last year",""
"passed","Tue Dec 02 22:11:49 UTC 2025","Tue Dec 02 22:11:53 UTC 2025","4167","HabitNuWebAppSuite","3. Nutrition and Recipes","WebAppSanityPackage.WebAppClass","WebAppSanityPackage.WebAppClass","case2","Click on add food and add the food - Lunch",""
"passed","Tue Dec 02 21:48:11 UTC 2025","Tue Dec 02 21:48:22 UTC 2025","11076","HabitNuWebAppSuite","2. Health Metrics","WebAppSanityPackage.Medication","WebAppSanityPackage.Medication","case14","Weight loss medication Edit details on Log",""
"passed","Tue Dec 02 21:39:45 UTC 2025","Tue Dec 02 21:39:49 UTC 2025","4125","HabitNuWebAppSuite","1. Core and Authentication","WebAppSanityPackage.ProfileAppClass","WebAppSanityPackage.ProfileAppClass","case67","Upload file type only and submit",""
"passed","Tue Dec 02 21:52:48 UTC 2025","Tue Dec 02 21:52:53 UTC 2025","4369","HabitNuWebAppSuite","2. Health Metrics","WebAppSanityPackage.TobaccoSection","WebAppSanityPackage.TobaccoSection","case24","verify negative data in Tobocco count section",""
"passed","Tue Dec 02 21:37:24 UTC 2025","Tue Dec 02 21:37:42 UTC 2025","18747","HabitNuWebAppSuite","1. Core and Authentication","WebAppSanityPackage.HomePage","WebAppSanityPackage.HomePage","testMealsProgressBarByAddingFood","Verify the Meals progress bar updates correctly as meals are added",""
"passed","Tue Dec 02 22:08:42 UTC 2025","Tue Dec 02 22:08:48 UTC 2025","5876","HabitNuWebAppSuite","3. Nutrition and Recipes","WebAppSanityPackage.recipeBuilder","WebAppSanityPackage.recipeBuilder","verifyRecipeSectionOnHomePage","Verify recipe section on Home Page",""
"passed","Tue Dec 02 21:49:13 UTC 2025","Tue Dec 02 21:49:13 UTC 2025","557","HabitNuWebAppSuite","2. Health Metrics","WebAppSanityPackage.Medication","WebAppSanityPackage.Medication","case24","Coach- Users- Medication- Creating new Medications details like selecting Dosage",""
"passed","Tue Dec 02 22:18:57 UTC 2025","Tue Dec 02 22:18:58 UTC 2025","455","HabitNuWebAppSuite","4. Lifestyle and Social","WebAppSanityPackage.DiscussAppClass","WebAppSanityPackage.DiscussAppClass","case25","edit a message in my post",""
"passed","Tue Dec 02 21:38:59 UTC 2025","Tue Dec 02 21:38:59 UTC 2025","190","HabitNuWebAppSuite","1. Core and Authentication","WebAppSanityPackage.ProfileAppClass","WebAppSanityPackage.ProfileAppClass","addInvalidShortPhoneNumber","Add numbers less than 10 digits → Should show error",""
"passed","Tue Dec 02 22:18:52 UTC 2025","Tue Dec 02 22:18:53 UTC 2025","295","HabitNuWebAppSuite","4. Lifestyle and Social","WebAppSanityPackage.DiscussAppClass","WebAppSanityPackage.DiscussAppClass","case22","Post a message in my post",""
"passed","Tue Dec 02 22:09:41 UTC 2025","Tue Dec 02 22:09:51 UTC 2025","10299","HabitNuWebAppSuite","3. Nutrition and Recipes","WebAppSanityPackage.recipeBuilder","WebAppSanityPackage.recipeBuilder","addRecipeToFavorites","Add recipe to favorites via three-dot menu",""
"passed","Tue Dec 02 21:58:40 UTC 2025","Tue Dec 02 21:58:44 UTC 2025","4117","HabitNuWebAppSuite","3. Nutrition and Recipes","WebAppSanityPackage.waterLog","WebAppSanityPackage.waterLog","case19","Validate setting reminders and verifying Wrong timings",""
"passed","Tue Dec 02 21:51:51 UTC 2025","Tue Dec 02 21:52:14 UTC 2025","23459","HabitNuWebAppSuite","2. Health Metrics","WebAppSanityPackage.TobaccoSection","WebAppSanityPackage.TobaccoSection","case21","add yesterday's tobacco n it should show last added data",""
"passed","Tue Dec 02 21:39:08 UTC 2025","Tue Dec 02 21:39:09 UTC 2025","338","HabitNuWebAppSuite","1. Core and Authentication","WebAppSanityPackage.ProfileAppClass","WebAppSanityPackage.ProfileAppClass","keepStateBlankAndSave","Keep State as blank and save → Should show validation error",""
"passed","Tue Dec 02 22:10:33 UTC 2025","Tue Dec 02 22:10:36 UTC 2025","2635","HabitNuWebAppSuite","3. Nutrition and Recipes","WebAppSanityPackage.Myrecipes","WebAppSanityPackage.Myrecipes","test6_createrecipe","And user is able to create my recipe",""
"passed","Tue Dec 02 21:44:07 UTC 2025","Tue Dec 02 21:44:13 UTC 2025","5836","HabitNuWebAppSuite","2. Health Metrics","WebAppSanityPackage.Sugar_Section","WebAppSanityPackage.Sugar_Section","case10","verify added today data in Blood Sugar section as After Meal",""
"passed","Tue Dec 02 22:02:44 UTC 2025","Tue Dec 02 22:03:14 UTC 2025","30691","HabitNuWebAppSuite","3. Nutrition and Recipes","WebAppSanityPackage.habiRecipe","WebAppSanityPackage.habiRecipe","case19_GenerateRecipeForMacronutrients","Generate New Recipe for Macronutrient considerations",""
"passed","Tue Dec 02 21:45:17 UTC 2025","Tue Dec 02 21:45:17 UTC 2025","249","HabitNuWebAppSuite","2. Health Metrics","WebAppSanityPackage.WebAppHealth_WeightSection","WebAppSanityPackage.WebAppHealth_WeightSection","editTargetValid","edit Target - valid",""
"passed","Tue Dec 02 21:42:44 UTC 2025","Tue Dec 02 21:42:44 UTC 2025","521","HabitNuWebAppSuite","2. Health Metrics","WebAppSanityPackage.BloodPressure_Section","WebAppSanityPackage.BloodPressure_Section","case24_verifySystolicMaxValueValidation","[MODAL] Verify systolic field maximum value validation (max=250) with extremely large input",""
"passed","Tue Dec 02 22:08:51 UTC 2025","Tue Dec 02 22:08:51 UTC 2025","180","HabitNuWebAppSuite","3. Nutrition and Recipes","WebAppSanityPackage.recipeBuilder","WebAppSanityPackage.recipeBuilder","clearSearchBar","Verify recipe clears up on clearing search bar",""
"passed","Tue Dec 02 22:19:01 UTC 2025","Tue Dec 02 22:19:07 UTC 2025","6624","HabitNuWebAppSuite","4. Lifestyle and Social","WebAppSanityPackage.Weights_lbs_Kgs","WebAppSanityPackage.Weights_lbs_Kgs","case1","Set Targets with Unit Toggle and store selected unit",""
"passed","Tue Dec 02 21:58:22 UTC 2025","Tue Dec 02 21:58:24 UTC 2025","1249","HabitNuWebAppSuite","3. Nutrition and Recipes","WebAppSanityPackage.waterLog","WebAppSanityPackage.waterLog","case14","473 ml Water Log",""
"broken","Tue Dec 02 21:40:14 UTC 2025","Tue Dec 02 21:40:17 UTC 2025","2477","HabitNuWebAppSuite","1. Core and Authentication","WebAppSanityPackage.ProfileAppClass","WebAppSanityPackage.ProfileAppClass","case75","Click on view file",""
"passed","Tue Dec 02 22:17:04 UTC 2025","Tue Dec 02 22:17:08 UTC 2025","3970","HabitNuWebAppSuite","4. Lifestyle and Social","WebAppSanityPackage.ChatandNotificationsClass","WebAppSanityPackage.ChatandNotificationsClass","case4","Without typing the message click on enter",""
"passed","Tue Dec 02 22:17:08 UTC 2025","Tue Dec 02 22:17:08 UTC 2025","126","HabitNuWebAppSuite","4. Lifestyle and Social","WebAppSanityPackage.ChatandNotificationsClass","WebAppSanityPackage.ChatandNotificationsClass","case5","Close the chatbox",""
"passed","Tue Dec 02 21:38:47 UTC 2025","Tue Dec 02 21:38:49 UTC 2025","1823","HabitNuWebAppSuite","1. Core and Authentication","WebAppSanityPackage.ProfileAppClass","WebAppSanityPackage.ProfileAppClass","clearDOBAndSave","Clear DOB field and save → should save or ignore gracefully",""
"passed","Tue Dec 02 21:42:47 UTC 2025","Tue Dec 02 21:42:48 UTC 2025","925","HabitNuWebAppSuite","2. Health Metrics","WebAppSanityPackage.BloodPressure_Section","WebAppSanityPackage.BloodPressure_Section","case29_verifyDecimalValueValidationAndCleanup","[MODAL] Verify decimal value validation in form fields and cleanup test data using delete action buttons",""
"passed","Tue Dec 02 21:36:50 UTC 2025","Tue Dec 02 21:36:51 UTC 2025","1648","HabitNuWebAppSuite","1. Core and Authentication","WebAppSanityPackage.HomePage","WebAppSanityPackage.HomePage","testDiscussionPage","Verify the Discussion Section content and functionality",""
"passed","Tue Dec 02 21:38:58 UTC 2025","Tue Dec 02 21:38:58 UTC 2025","484","HabitNuWebAppSuite","1. Core and Authentication","WebAppSanityPackage.ProfileAppClass","WebAppSanityPackage.ProfileAppClass","blankContactNumberValidation","Keep contact number blank → Show validation error",""
"passed","Tue Dec 02 21:40:22 UTC 2025","Tue Dec 02 21:40:22 UTC 2025","226","HabitNuWebAppSuite","1. Core and Authentication","WebAppSanityPackage.ProfileAppClass","WebAppSanityPackage.ProfileAppClass","case79","Click directly on Change Password without entering any data",""
"passed","Tue Dec 02 21:43:05 UTC 2025","Tue Dec 02 21:43:10 UTC 2025","5342","HabitNuWebAppSuite","2. Health Metrics","WebAppSanityPackage.Sugar_Section","WebAppSanityPackage.Sugar_Section","editTargetButDoNotSave","edit target values and do click on 'x' mark and do not save",""
"passed","Tue Dec 02 22:09:41 UTC 2025","Tue Dec 02 22:09:41 UTC 2025","101","HabitNuWebAppSuite","3. Nutrition and Recipes","WebAppSanityPackage.recipeBuilder","WebAppSanityPackage.recipeBuilder","verifyRemoveFavorites_from_recipeList_page","remove fav recipes from recipe list page",""
"passed","Tue Dec 02 22:10:23 UTC 2025","Tue Dec 02 22:10:33 UTC 2025","10370","HabitNuWebAppSuite","3. Nutrition and Recipes","WebAppSanityPackage.Myrecipes","WebAppSanityPackage.Myrecipes","test5_enterrecipe","When user is able to enter the fields",""
"passed","Tue Dec 02 21:46:52 UTC 2025","Tue Dec 02 21:46:52 UTC 2025","207","HabitNuWebAppSuite","2. Health Metrics","WebAppSanityPackage.Hba1c","WebAppSanityPackage.Hba1c","case6","Verify last added monthly and yesterday's data in details page in Hba1c section",""
"passed","Tue Dec 02 21:40:22 UTC 2025","Tue Dec 02 21:40:22 UTC 2025","290","HabitNuWebAppSuite","1. Core and Authentication","WebAppSanityPackage.ProfileAppClass","WebAppSanityPackage.ProfileAppClass","case78","Click On change password section",""
"passed","Tue Dec 02 21:58:17 UTC 2025","Tue Dec 02 21:58:22 UTC 2025","4816","HabitNuWebAppSuite","3. Nutrition and Recipes","WebAppSanityPackage.waterLog","WebAppSanityPackage.waterLog","case13","237 ml Water Log",""
"passed","Tue Dec 02 21:39:36 UTC 2025","Tue Dec 02 21:39:39 UTC 2025","3463","HabitNuWebAppSuite","1. Core and Authentication","WebAppSanityPackage.ProfileAppClass","WebAppSanityPackage.ProfileAppClass","case62","Click on Upload/View files section",""
"passed","Tue Dec 02 22:09:05 UTC 2025","Tue Dec 02 22:09:06 UTC 2025","582","HabitNuWebAppSuite","3. Nutrition and Recipes","WebAppSanityPackage.recipeBuilder","WebAppSanityPackage.recipeBuilder","ClickViewFullRecipeToViewFullRecipe","verify 'View Full Recipe' recipe button",""
"passed","Tue Dec 02 21:38:38 UTC 2025","Tue Dec 02 21:38:41 UTC 2025","3644","HabitNuWebAppSuite","1. Core and Authentication","WebAppSanityPackage.ProfileAppClass","WebAppSanityPackage.ProfileAppClass","lastNameBlankTest","Leave last name as blank → should show default name or fail gracefully",""
"passed","Tue Dec 02 21:58:08 UTC 2025","Tue Dec 02 21:58:11 UTC 2025","2351","HabitNuWebAppSuite","3. Nutrition and Recipes","WebAppSanityPackage.waterLog","WebAppSanityPackage.waterLog","case7","Custom Water Log",""
"passed","Tue Dec 02 21:59:01 UTC 2025","Tue Dec 02 21:59:20 UTC 2025","18892","HabitNuWebAppSuite","3. Nutrition and Recipes","WebAppSanityPackage.habiRecipe","WebAppSanityPackage.habiRecipe","case3_GenerateNewRecipe","Generate Recipe",""
"passed","Tue Dec 02 21:46:47 UTC 2025","Tue Dec 02 21:46:52 UTC 2025","4853","HabitNuWebAppSuite","2. Health Metrics","WebAppSanityPackage.Hba1c","WebAppSanityPackage.Hba1c","case5","add yesterday's hba1c n it should show last added data",""
"passed","Tue Dec 02 21:46:04 UTC 2025","Tue Dec 02 21:46:06 UTC 2025","2783","HabitNuWebAppSuite","2. Health Metrics","WebAppSanityPackage.WebAppHealth_WeightSection","WebAppSanityPackage.WebAppHealth_WeightSection","graphcase3","Load web app -> Click on Health section -> Weight section -> click on three lines -> Click on graph -> click on filter as last year",""
"passed","Tue Dec 02 21:40:04 UTC 2025","Tue Dec 02 21:40:12 UTC 2025","7677","HabitNuWebAppSuite","1. Core and Authentication","WebAppSanityPackage.ProfileAppClass","WebAppSanityPackage.ProfileAppClass","case73","Upload the file, name and file type and upload",""
"passed","Tue Dec 02 21:38:32 UTC 2025","Tue Dec 02 21:38:32 UTC 2025","214","HabitNuWebAppSuite","1. Core and Authentication","WebAppSanityPackage.ProfileAppClass","WebAppSanityPackage.ProfileAppClass","firstNameBlankValidation","Leave first name blank → show error",""
"passed","Tue Dec 02 21:54:31 UTC 2025","Tue Dec 02 21:54:41 UTC 2025","9906","HabitNuWebAppSuite","3. Nutrition and Recipes","WebAppSanityPackage.foodGrouping","WebAppSanityPackage.foodGrouping","case8","add Meal to Dinner",""
"passed","Tue Dec 02 22:05:50 UTC 2025","Tue Dec 02 22:06:06 UTC 2025","15359","HabitNuWebAppSuite","3. Nutrition and Recipes","WebAppSanityPackage.habiRecipe","WebAppSanityPackage.habiRecipe","case31_SetAllPreferences"," All the Preferences",""
"broken","Tue Dec 02 21:46:10 UTC 2025","Tue Dec 02 21:46:18 UTC 2025","7718","HabitNuWebAppSuite","2. Health Metrics","WebAppSanityPackage.WebAppHealth_WeightSection","WebAppSanityPackage.WebAppHealth_WeightSection","case13","verify last week , month , year data ",""
"passed","Tue Dec 02 22:09:16 UTC 2025","Tue Dec 02 22:09:20 UTC 2025","3588","HabitNuWebAppSuite","3. Nutrition and Recipes","WebAppSanityPackage.recipeBuilder","WebAppSanityPackage.recipeBuilder","verifyFavoriteRecipesByRecipeCal","verify favorite food list under Food > by Recipe Calories",""
"broken","Tue Dec 02 21:40:17 UTC 2025","Tue Dec 02 21:40:19 UTC 2025","2593","HabitNuWebAppSuite","1. Core and Authentication","WebAppSanityPackage.ProfileAppClass","WebAppSanityPackage.ProfileAppClass","case76","Click on delete file and accept it",""
"passed","Tue Dec 02 21:43:21 UTC 2025","Tue Dec 02 21:43:30 UTC 2025","9264","HabitNuWebAppSuite","2. Health Metrics","WebAppSanityPackage.Sugar_Section","WebAppSanityPackage.Sugar_Section","case2","Click on Blood Sugar , click on add new button and add Blood Sugar fasting for current year current date ",""
"passed","Tue Dec 02 21:52:53 UTC 2025","Tue Dec 02 21:52:53 UTC 2025","479","HabitNuWebAppSuite","2. Health Metrics","WebAppSanityPackage.TobaccoSection","WebAppSanityPackage.TobaccoSection","case25","verify data should not be more than 100000 in Tobocco count section,Systolic should not be grater than 250",""
"passed","Tue Dec 02 21:37:42 UTC 2025","Tue Dec 02 21:37:53 UTC 2025","10766","HabitNuWebAppSuite","1. Core and Authentication","WebAppSanityPackage.HomePage","WebAppSanityPackage.HomePage","testWeightProgressBarByAddingWeight","Verify the Weight progress bar updates correctly as Weight logs are added",""
"passed","Tue Dec 02 21:49:54 UTC 2025","Tue Dec 02 21:49:55 UTC 2025","1288","HabitNuWebAppSuite","2. Health Metrics","WebAppSanityPackage.ExerciseSection","WebAppSanityPackage.ExerciseSection","setValidTarget","enter valid Target",""
"passed","Tue Dec 02 22:08:51 UTC 2025","Tue Dec 02 22:08:58 UTC 2025","6636","HabitNuWebAppSuite","3. Nutrition and Recipes","WebAppSanityPackage.recipeBuilder","WebAppSanityPackage.recipeBuilder","favoriteTheRecipe","verify recipe favorite",""
"passed","Tue Dec 02 21:42:44 UTC 2025","Tue Dec 02 21:42:45 UTC 2025","406","HabitNuWebAppSuite","2. Health Metrics","WebAppSanityPackage.BloodPressure_Section","WebAppSanityPackage.BloodPressure_Section","case25_verifyDiastolicMaxValueValidation","[MODAL] Verify diastolic field maximum value validation (max=200) with extremely large input",""
"passed","Tue Dec 02 21:41:33 UTC 2025","Tue Dec 02 21:41:33 UTC 2025","120","HabitNuWebAppSuite","1. Core and Authentication","WebAppSanityPackage.GuidedTour","WebAppSanityPackage.GuidedTour","test17_homepage","Then user is navigating to home page once the tour is done",""
"passed","Tue Dec 02 21:44:55 UTC 2025","Tue Dec 02 21:44:55 UTC 2025","283","HabitNuWebAppSuite","2. Health Metrics","WebAppSanityPackage.Sugar_Section","WebAppSanityPackage.Sugar_Section","case17","verify blank data in Blood Sugar section Fasting",""
"passed","Tue Dec 02 21:36:27 UTC 2025","Tue Dec 02 21:36:27 UTC 2025","17","HabitNuWebAppSuite","1. Core and Authentication","WebAppSanityPackage.HomePage","WebAppSanityPackage.HomePage","testHomeIsTheActiveNavigationLink","Verify 'Home' is the active navigation link",""
"passed","Tue Dec 02 22:18:36 UTC 2025","Tue Dec 02 22:18:45 UTC 2025","9564","HabitNuWebAppSuite","4. Lifestyle and Social","WebAppSanityPackage.DiscussAppClass","WebAppSanityPackage.DiscussAppClass","case10","Upload more than 5 files (should not allow)",""
"passed","Tue Dec 02 22:13:02 UTC 2025","Tue Dec 02 22:13:06 UTC 2025","3991","HabitNuWebAppSuite","3. Nutrition and Recipes","WebAppSanityPackage.WebAppClass","WebAppSanityPackage.WebAppClass","case22","Custom Food Edit in Dinner",""
"passed","Tue Dec 02 21:35:06 UTC 2025","Tue Dec 02 21:35:07 UTC 2025","944","HabitNuWebAppSuite","1. Core and Authentication","WebAppSanityPackage.Login","WebAppSanityPackage.Login","testLoginWithInvalidEmailValidPassword","Verify login with invalid email and valid password",""
"passed","Tue Dec 02 21:41:17 UTC 2025","Tue Dec 02 21:41:18 UTC 2025","785","HabitNuWebAppSuite","1. Core and Authentication","WebAppSanityPackage.GuidedTour","WebAppSanityPackage.GuidedTour","test13_navigatingtourpage6","And user is navigating from fifth slide to sixth and validating",""
"passed","Tue Dec 02 21:47:15 UTC 2025","Tue Dec 02 21:47:16 UTC 2025","99","HabitNuWebAppSuite","2. Health Metrics","WebAppSanityPackage.Hba1c","WebAppSanityPackage.Hba1c","noTargetSet","verify no target case",""
"passed","Tue Dec 02 22:10:23 UTC 2025","Tue Dec 02 22:10:23 UTC 2025","322","HabitNuWebAppSuite","3. Nutrition and Recipes","WebAppSanityPackage.Myrecipes","WebAppSanityPackage.Myrecipes","test4_fieldsvalidations","Then user is validating the fields in my recipe",""
"passed","Tue Dec 02 21:40:23 UTC 2025","Tue Dec 02 21:40:24 UTC 2025","1707","HabitNuWebAppSuite","1. Core and Authentication","WebAppSanityPackage.ProfileAppClass","WebAppSanityPackage.ProfileAppClass","case81","Enter new password only and click Change Password",""
"passed","Tue Dec 02 21:38:58 UTC 2025","Tue Dec 02 21:38:59 UTC 2025","213","HabitNuWebAppSuite","1. Core and Authentication","WebAppSanityPackage.ProfileAppClass","WebAppSanityPackage.ProfileAppClass","invalidAlphabetContactNumber","Add alphabets in contact number → Show invalid contact error",""
"passed","Tue Dec 02 21:38:32 UTC 2025","Tue Dec 02 21:38:33 UTC 2025","1421","HabitNuWebAppSuite","1. Core and Authentication","WebAppSanityPackage.ProfileAppClass","WebAppSanityPackage.ProfileAppClass","editFirstName","Edit first name and save → should reflect",""
"passed","Tue Dec 02 21:58:26 UTC 2025","Tue Dec 02 21:58:27 UTC 2025","1325","HabitNuWebAppSuite","3. Nutrition and Recipes","WebAppSanityPackage.waterLog","WebAppSanityPackage.waterLog","case17","1183 ml Water Log",""
"passed","Tue Dec 02 22:15:50 UTC 2025","Tue Dec 02 22:15:50 UTC 2025","246","HabitNuWebAppSuite","4. Lifestyle and Social","WebAppSanityPackage.HabitsAppClass","WebAppSanityPackage.HabitsAppClass","case11","Click on Calender and close it without making changes",""
"passed","Tue Dec 02 21:38:59 UTC 2025","Tue Dec 02 21:39:00 UTC 2025","1242","HabitNuWebAppSuite","1. Core and Authentication","WebAppSanityPackage.ProfileAppClass","WebAppSanityPackage.ProfileAppClass","addValidPhoneNumber","Add valid phone number and save → Should save successfully",""
"passed","Tue Dec 02 21:45:57 UTC 2025","Tue Dec 02 21:45:58 UTC 2025","685","HabitNuWebAppSuite","2. Health Metrics","WebAppSanityPackage.WebAppHealth_WeightSection","WebAppSanityPackage.WebAppHealth_WeightSection","case12","Add data as double weight",""
"passed","Tue Dec 02 22:18:45 UTC 2025","Tue Dec 02 22:18:46 UTC 2025","462","HabitNuWebAppSuite","4. Lifestyle and Social","WebAppSanityPackage.DiscussAppClass","WebAppSanityPackage.DiscussAppClass","case11","Edit the post with subject line (should update the post)",""
"passed","Tue Dec 02 22:15:34 UTC 2025","Tue Dec 02 22:15:34 UTC 2025","179","HabitNuWebAppSuite","4. Lifestyle and Social","WebAppSanityPackage.HabitsAppClass","WebAppSanityPackage.HabitsAppClass","case7","Single click on habit button and mark a red",""
"passed","Tue Dec 02 22:09:51 UTC 2025","Tue Dec 02 22:09:57 UTC 2025","5373","HabitNuWebAppSuite","3. Nutrition and Recipes","WebAppSanityPackage.recipeBuilder","WebAppSanityPackage.recipeBuilder","removeRecipeFromFavorites","Remove recipe from favorites via three-dot menu",""
"passed","Tue Dec 02 22:18:06 UTC 2025","Tue Dec 02 22:18:13 UTC 2025","6770","HabitNuWebAppSuite","4. Lifestyle and Social","WebAppSanityPackage.DiscussAppClass","WebAppSanityPackage.DiscussAppClass","case1","Post a message with subject and description (should allow posting)",""
"passed","Tue Dec 02 21:38:43 UTC 2025","Tue Dec 02 21:38:47 UTC 2025","4180","HabitNuWebAppSuite","1. Core and Authentication","WebAppSanityPackage.ProfileAppClass","WebAppSanityPackage.ProfileAppClass","selectGenderFemaleAndSave","Select Gender as Female and save → Should reflect in profile",""
"passed","Tue Dec 02 22:18:28 UTC 2025","Tue Dec 02 22:18:32 UTC 2025","4348","HabitNuWebAppSuite","4. Lifestyle and Social","WebAppSanityPackage.DiscussAppClass","WebAppSanityPackage.DiscussAppClass","case8","Upload only a file (should not allow)",""
"passed","Tue Dec 02 21:38:52 UTC 2025","Tue Dec 02 21:38:55 UTC 2025","3568","HabitNuWebAppSuite","1. Core and Authentication","WebAppSanityPackage.ProfileAppClass","WebAppSanityPackage.ProfileAppClass","setTimeZoneEasternAndSave","Select Timezone as 'Eastern' and save → should update successfully",""
"passed","Tue Dec 02 21:56:54 UTC 2025","Tue Dec 02 21:56:56 UTC 2025","1602","HabitNuWebAppSuite","3. Nutrition and Recipes","WebAppSanityPackage.foodGrouping","WebAppSanityPackage.foodGrouping","case20","Logging 'My Meal' from exsiting group",""
"passed","Tue Dec 02 21:51:24 UTC 2025","Tue Dec 02 21:51:25 UTC 2025","982","HabitNuWebAppSuite","2. Health Metrics","WebAppSanityPackage.TobaccoSection","WebAppSanityPackage.TobaccoSection","case14","verify added today data in tobacco section ",""
"broken","Tue Dec 02 21:52:56 UTC 2025","Tue Dec 02 21:52:56 UTC 2025","390","HabitNuWebAppSuite","2. Health Metrics","WebAppSanityPackage.TobaccoSection","WebAppSanityPackage.TobaccoSection","case27","verify decimal data in Tobacco Count section",""
"passed","Tue Dec 02 21:34:39 UTC 2025","Tue Dec 02 21:34:41 UTC 2025","2449","HabitNuWebAppSuite","1. Core and Authentication","WebAppSanityPackage.Login","WebAppSanityPackage.Login","testLoginWithInvalidPassword","Verify error for a valid email with an invalid password",""
"passed","Tue Dec 02 22:18:24 UTC 2025","Tue Dec 02 22:18:28 UTC 2025","3387","HabitNuWebAppSuite","4. Lifestyle and Social","WebAppSanityPackage.DiscussAppClass","WebAppSanityPackage.DiscussAppClass","case7","Upload a message with description and add file (should upload the file)",""
"passed","Tue Dec 02 21:36:55 UTC 2025","Tue Dec 02 21:36:55 UTC 2025","589","HabitNuWebAppSuite","1. Core and Authentication","WebAppSanityPackage.HomePage","WebAppSanityPackage.HomePage","testMedicationPageLayout","Verify the Medication Log page layout and functionality",""
"passed","Tue Dec 02 21:49:26 UTC 2025","Tue Dec 02 21:49:36 UTC 2025","10229","HabitNuWebAppSuite","2. Health Metrics","WebAppSanityPackage.Medication","WebAppSanityPackage.Medication","case29_NavigateToLogAndCheckData","Weight loss medication Edit details on Log - Check for available medications",""
"passed","Tue Dec 02 21:51:04 UTC 2025","Tue Dec 02 21:51:04 UTC 2025","324","HabitNuWebAppSuite","2. Health Metrics","WebAppSanityPackage.TobaccoSection","WebAppSanityPackage.TobaccoSection","case6_setTargetMoreThan99","enter target more than 99 and assert messages",""
"broken","Tue Dec 02 21:39:59 UTC 2025","Tue Dec 02 21:40:01 UTC 2025","2671","HabitNuWebAppSuite","1. Core and Authentication","WebAppSanityPackage.ProfileAppClass","WebAppSanityPackage.ProfileAppClass","case70","Upload the name only and upload",""
"broken","Tue Dec 02 21:48:49 UTC 2025","Tue Dec 02 21:49:00 UTC 2025","10834","HabitNuWebAppSuite","2. Health Metrics","WebAppSanityPackage.Medication","WebAppSanityPackage.Medication","Case19addValidMedicationName","TC: Add valid Medication name and save",""
"broken","Tue Dec 02 22:10:40 UTC 2025","Tue Dec 02 22:10:40 UTC 2025","518","HabitNuWebAppSuite","3. Nutrition and Recipes","WebAppSanityPackage.Myrecipes","WebAppSanityPackage.Myrecipes","test12_savedrecipes","And user is able to save created recipes",""
"passed","Tue Dec 02 22:16:45 UTC 2025","Tue Dec 02 22:16:45 UTC 2025","239","HabitNuWebAppSuite","4. Lifestyle and Social","WebAppSanityPackage.HabitsAppClass","WebAppSanityPackage.HabitsAppClass","case25","Click on Calender and close it without making changes",""
"passed","Tue Dec 02 22:15:34 UTC 2025","Tue Dec 02 22:15:35 UTC 2025","661","HabitNuWebAppSuite","4. Lifestyle and Social","WebAppSanityPackage.HabitsAppClass","WebAppSanityPackage.HabitsAppClass","case8","double click on habit button and it should open the pop up",""
"passed","Tue Dec 02 21:46:01 UTC 2025","Tue Dec 02 21:46:04 UTC 2025","2749","HabitNuWebAppSuite","2. Health Metrics","WebAppSanityPackage.WebAppHealth_WeightSection","WebAppSanityPackage.WebAppHealth_WeightSection","graphcase2","Load web app -> Click on Health section -> Weight section -> click on three lines -> Click on graph -> click on filter as last month",""
"passed","Tue Dec 02 21:35:09 UTC 2025","Tue Dec 02 21:35:10 UTC 2025","1261","HabitNuWebAppSuite","1. Core and Authentication","WebAppSanityPackage.Login","WebAppSanityPackage.Login","testPasswordVisibilityToggle","Verify password visibility toggle",""
"passed","Tue Dec 02 21:45:53 UTC 2025","Tue Dec 02 21:45:57 UTC 2025","4448","HabitNuWebAppSuite","2. Health Metrics","WebAppSanityPackage.WebAppHealth_WeightSection","WebAppSanityPackage.WebAppHealth_WeightSection","case11","Add data and edit",""
"passed","Tue Dec 02 21:55:10 UTC 2025","Tue Dec 02 21:55:23 UTC 2025","12588","HabitNuWebAppSuite","3. Nutrition and Recipes","WebAppSanityPackage.foodGrouping","WebAppSanityPackage.foodGrouping","case12","Add food item to Breakfast section",""
"passed","Tue Dec 02 21:45:18 UTC 2025","Tue Dec 02 21:45:19 UTC 2025","363","HabitNuWebAppSuite","2. Health Metrics","WebAppSanityPackage.WebAppHealth_WeightSection","WebAppSanityPackage.WebAppHealth_WeightSection","editTargetWithNegatives","edit -  negative target values and assert messages",""
"passed","Tue Dec 02 22:05:46 UTC 2025","Tue Dec 02 22:05:50 UTC 2025","4251","HabitNuWebAppSuite","3. Nutrition and Recipes","WebAppSanityPackage.habiRecipe","WebAppSanityPackage.habiRecipe","case30_DeleteRecentlyGeneratedRecipes","Delete Recently Generated Recipes",""
"passed","Tue Dec 02 22:10:37 UTC 2025","Tue Dec 02 22:10:39 UTC 2025","2159","HabitNuWebAppSuite","3. Nutrition and Recipes","WebAppSanityPackage.Myrecipes","WebAppSanityPackage.Myrecipes","test9_addcustomingredient","When user is able to add custom ingredient",""
"passed","Tue Dec 02 21:43:10 UTC 2025","Tue Dec 02 21:43:10 UTC 2025","480","HabitNuWebAppSuite","2. Health Metrics","WebAppSanityPackage.Sugar_Section","WebAppSanityPackage.Sugar_Section","editTargetWithNegatives","edit -  negative target values and assert messages",""
"passed","Tue Dec 02 21:49:57 UTC 2025","Tue Dec 02 21:49:59 UTC 2025","1469","HabitNuWebAppSuite","2. Health Metrics","WebAppSanityPackage.ExerciseSection","WebAppSanityPackage.ExerciseSection","editTargetWithGreaterThan99","edit -  enter target more than 1440 and assert messages",""
"passed","Tue Dec 02 21:45:14 UTC 2025","Tue Dec 02 21:45:15 UTC 2025","1013","HabitNuWebAppSuite","2. Health Metrics","WebAppSanityPackage.WebAppHealth_WeightSection","WebAppSanityPackage.WebAppHealth_WeightSection","placeHolderOfTobaccoCountValueInputBox","verify placeholder - weight ",""
"passed","Tue Dec 02 22:19:13 UTC 2025","Tue Dec 02 22:19:13 UTC 2025","360","HabitNuWebAppSuite","4. Lifestyle and Social","WebAppSanityPackage.Weights_lbs_Kgs","WebAppSanityPackage.Weights_lbs_Kgs","setTargetMoreThan99","enter target more than 999 and assert messages",""
"passed","Tue Dec 02 21:39:26 UTC 2025","Tue Dec 02 21:39:27 UTC 2025","1473","HabitNuWebAppSuite","1. Core and Authentication","WebAppSanityPackage.ProfileAppClass","WebAppSanityPackage.ProfileAppClass","case47","Add Waist (in inches) as valid number and save",""
"passed","Tue Dec 02 21:39:35 UTC 2025","Tue Dec 02 21:39:35 UTC 2025","194","HabitNuWebAppSuite","1. Core and Authentication","WebAppSanityPackage.ProfileAppClass","WebAppSanityPackage.ProfileAppClass","case56","Click on close without editting Health parameters",""
"passed","Tue Dec 02 22:16:46 UTC 2025","Tue Dec 02 22:16:50 UTC 2025","3547","HabitNuWebAppSuite","4. Lifestyle and Social","WebAppSanityPackage.HabitsAppClass","WebAppSanityPackage.HabitsAppClass","case29","Click on Activate and add the habit back",""
"skipped","Tue Dec 02 21:49:36 UTC 2025","Tue Dec 02 21:49:36 UTC 2025","2","HabitNuWebAppSuite","2. Health Metrics","WebAppSanityPackage.Medication","WebAppSanityPackage.Medication","case32","Weight loss medication Review",""
"passed","Tue Dec 02 21:49:53 UTC 2025","Tue Dec 02 21:49:54 UTC 2025","338","HabitNuWebAppSuite","2. Health Metrics","WebAppSanityPackage.ExerciseSection","WebAppSanityPackage.ExerciseSection","setNegativeTarget","enter negative target values and assert messages",""
"passed","Tue Dec 02 22:11:15 UTC 2025","Tue Dec 02 22:11:36 UTC 2025","20821","HabitNuWebAppSuite","3. Nutrition and Recipes","WebAppSanityPackage.Myrecipes","WebAppSanityPackage.Myrecipes","test19_deleteallrecipes","Then user is able to delete all the recipes and validate no custom recipes",""
"broken","Tue Dec 02 21:40:12 UTC 2025","Tue Dec 02 21:40:14 UTC 2025","2686","HabitNuWebAppSuite","1. Core and Authentication","WebAppSanityPackage.ProfileAppClass","WebAppSanityPackage.ProfileAppClass","case74","Upload the file, name and file type and cancel",""
"passed","Tue Dec 02 21:44:28 UTC 2025","Tue Dec 02 21:44:39 UTC 2025","11297","HabitNuWebAppSuite","2. Health Metrics","WebAppSanityPackage.Sugar_Section","WebAppSanityPackage.Sugar_Section","case14","add yesterday's Blood Sugar n it should show last added data Before Meal",""
"passed","Tue Dec 02 21:47:37 UTC 2025","Tue Dec 02 21:47:37 UTC 2025","592","HabitNuWebAppSuite","2. Health Metrics","WebAppSanityPackage.Medication","WebAppSanityPackage.Medication","case7","Creating new Medications details like selecting Frequency ",""
"passed","Tue Dec 02 22:15:35 UTC 2025","Tue Dec 02 22:15:36 UTC 2025","836","HabitNuWebAppSuite","4. Lifestyle and Social","WebAppSanityPackage.HabitsAppClass","WebAppSanityPackage.HabitsAppClass","case9","Click on Edit and edit the habit",""
"passed","Tue Dec 02 21:42:22 UTC 2025","Tue Dec 02 21:42:23 UTC 2025","353","HabitNuWebAppSuite","2. Health Metrics","WebAppSanityPackage.BloodPressure_Section","WebAppSanityPackage.BloodPressure_Section","case11_editTargetWithNegatives","[MAIN CARD] Verify target edit validation error when entering negative systolic value",""
"passed","Tue Dec 02 21:36:48 UTC 2025","Tue Dec 02 21:36:50 UTC 2025","1398","HabitNuWebAppSuite","1. Core and Authentication","WebAppSanityPackage.HomePage","WebAppSanityPackage.HomePage","testSetTargetsSection","Verify 'Set Targets' page content and functionality",""
"passed","Tue Dec 02 21:40:28 UTC 2025","Tue Dec 02 21:40:29 UTC 2025","1822","HabitNuWebAppSuite","1. Core and Authentication","WebAppSanityPackage.ProfileAppClass","WebAppSanityPackage.ProfileAppClass","case83","Enter mismatched confirm password and click Change Password",""
"passed","Tue Dec 02 21:50:23 UTC 2025","Tue Dec 02 21:50:27 UTC 2025","4122","HabitNuWebAppSuite","2. Health Metrics","WebAppSanityPackage.ExerciseSection","WebAppSanityPackage.ExerciseSection","case8","verify negative data in exercise section",""
"broken","Tue Dec 02 22:03:30 UTC 2025","Tue Dec 02 22:04:57 UTC 2025","87097","HabitNuWebAppSuite","3. Nutrition and Recipes","WebAppSanityPackage.habiRecipe","WebAppSanityPackage.habiRecipe","case23_GenerateRecipeForMicronutrients","Generate New Recipe for Micronutrient considerations",""
"passed","Tue Dec 02 21:47:26 UTC 2025","Tue Dec 02 21:47:32 UTC 2025","5209","HabitNuWebAppSuite","2. Health Metrics","WebAppSanityPackage.Medication","WebAppSanityPackage.Medication","case1","Main Page - Navigate to Medications Section",""
"passed","Tue Dec 02 21:39:29 UTC 2025","Tue Dec 02 21:39:30 UTC 2025","1374","HabitNuWebAppSuite","1. Core and Authentication","WebAppSanityPackage.ProfileAppClass","WebAppSanityPackage.ProfileAppClass","case49","Add Hips (in inches) as 0 and save",""
"passed","Tue Dec 02 22:15:32 UTC 2025","Tue Dec 02 22:15:34 UTC 2025","2179","HabitNuWebAppSuite","4. Lifestyle and Social","WebAppSanityPackage.HabitsAppClass","WebAppSanityPackage.HabitsAppClass","case6","Single Click on habit button and mark a green",""
"passed","Tue Dec 02 21:46:44 UTC 2025","Tue Dec 02 21:46:47 UTC 2025","2810","HabitNuWebAppSuite","2. Health Metrics","WebAppSanityPackage.Hba1c","WebAppSanityPackage.Hba1c","case4","verify added today data in hba1c section ",""
"passed","Tue Dec 02 21:47:37 UTC 2025","Tue Dec 02 21:47:38 UTC 2025","1118","HabitNuWebAppSuite","2. Health Metrics","WebAppSanityPackage.Medication","WebAppSanityPackage.Medication","case8","Creating new Medications details like selecting add time (What time(s) do you want to take this medication?",""
"passed","Tue Dec 02 21:42:20 UTC 2025","Tue Dec 02 21:42:20 UTC 2025","400","HabitNuWebAppSuite","2. Health Metrics","WebAppSanityPackage.BloodPressure_Section","WebAppSanityPackage.BloodPressure_Section","case9_editTargetValid","[MAIN CARD] Verify successful editing of existing blood pressure target with valid values",""
"passed","Tue Dec 02 21:35:48 UTC 2025","Tue Dec 02 21:36:04 UTC 2025","16557","HabitNuWebAppSuite","1. Core and Authentication","WebAppSanityPackage.Login","WebAppSanityPackage.Login","testFullPasswordResetFlow","E2E Password Reset Flow (T-17, T-20, T-21, T-22, T-23)",""
"passed","Tue Dec 02 21:42:31 UTC 2025","Tue Dec 02 21:42:42 UTC 2025","11345","HabitNuWebAppSuite","2. Health Metrics","WebAppSanityPackage.BloodPressure_Section","WebAppSanityPackage.BloodPressure_Section","case18_addCurrentDayBloodPressureReading","[MODAL] Add current day blood pressure reading via modal form and verify entry appears in history table",""
"passed","Tue Dec 02 21:42:31 UTC 2025","Tue Dec 02 21:42:31 UTC 2025","72","HabitNuWebAppSuite","2. Health Metrics","WebAppSanityPackage.BloodPressure_Section","WebAppSanityPackage.BloodPressure_Section","case17_verifyNoDataFor30DaysMessage","[MAIN CARD] Verify 'No data for last 30 days' message displays correctly in widget",""
"passed","Tue Dec 02 21:43:32 UTC 2025","Tue Dec 02 21:43:34 UTC 2025","2049","HabitNuWebAppSuite","2. Health Metrics","WebAppSanityPackage.Sugar_Section","WebAppSanityPackage.Sugar_Section","case4","Click on Blood Sugar , click on add new button and add Blood Sugar After Meal for current year current date ",""
"skipped","Tue Dec 02 21:49:36 UTC 2025","Tue Dec 02 21:49:36 UTC 2025","1","HabitNuWebAppSuite","2. Health Metrics","WebAppSanityPackage.Medication","WebAppSanityPackage.Medication","case31","Weight loss medication Review",""
"passed","Tue Dec 02 21:42:13 UTC 2025","Tue Dec 02 21:42:16 UTC 2025","2879","HabitNuWebAppSuite","2. Health Metrics","WebAppSanityPackage.BloodPressure_Section","WebAppSanityPackage.BloodPressure_Section","case2_setTargetButCancel","[MAIN CARD] Verify Set Target button functionality - enter values and cancel without saving",""
"passed","Tue Dec 02 21:38:30 UTC 2025","Tue Dec 02 21:38:31 UTC 2025","1630","HabitNuWebAppSuite","1. Core and Authentication","WebAppSanityPackage.ProfileAppClass","WebAppSanityPackage.ProfileAppClass","replaceProfilePicture","Replace profile picture → should update",""
"passed","Tue Dec 02 21:47:04 UTC 2025","Tue Dec 02 21:47:13 UTC 2025","9430","HabitNuWebAppSuite","2. Health Metrics","WebAppSanityPackage.Hba1c","WebAppSanityPackage.Hba1c","case10","edit data in Hba1c section",""
"passed","Tue Dec 02 22:16:34 UTC 2025","Tue Dec 02 22:16:35 UTC 2025","901","HabitNuWebAppSuite","4. Lifestyle and Social","WebAppSanityPackage.HabitsAppClass","WebAppSanityPackage.HabitsAppClass","case23","Click on Edit and edit the habit",""
"broken","Tue Dec 02 22:08:01 UTC 2025","Tue Dec 02 22:08:27 UTC 2025","26479","HabitNuWebAppSuite","3. Nutrition and Recipes","WebAppSanityPackage.habiRecipe","WebAppSanityPackage.habiRecipe","case35_RegenerateSelectedRecipe","Selecting the Generated Recipe and Regenrating it",""
"passed","Tue Dec 02 21:57:26 UTC 2025","Tue Dec 02 21:57:43 UTC 2025","16890","HabitNuWebAppSuite","3. Nutrition and Recipes","WebAppSanityPackage.foodGrouping","WebAppSanityPackage.foodGrouping","case25","Create new 'My Meal' group, add random items, edit group name with edge cases, and validate",""
"passed","Tue Dec 02 21:39:09 UTC 2025","Tue Dec 02 21:39:12 UTC 2025","3334","HabitNuWebAppSuite","1. Core and Authentication","WebAppSanityPackage.ProfileAppClass","WebAppSanityPackage.ProfileAppClass","editStateAndSave","Edit State to 'California' and save",""
"passed","Tue Dec 02 21:48:09 UTC 2025","Tue Dec 02 21:48:11 UTC 2025","1956","HabitNuWebAppSuite","2. Health Metrics","WebAppSanityPackage.Medication","WebAppSanityPackage.Medication","case13","Weight loss medication Your Medication Edit detials on Yor Medication",""
"passed","Tue Dec 02 21:51:49 UTC 2025","Tue Dec 02 21:51:51 UTC 2025","1992","HabitNuWebAppSuite","2. Health Metrics","WebAppSanityPackage.TobaccoSection","WebAppSanityPackage.TobaccoSection","case20_case51e","verify added today data in tobacco section ",""
"passed","Tue Dec 02 21:36:51 UTC 2025","Tue Dec 02 21:36:53 UTC 2025","1307","HabitNuWebAppSuite","1. Core and Authentication","WebAppSanityPackage.HomePage","WebAppSanityPackage.HomePage","testRecipeBookPageLayoutAndTabs","Verify the Recipe Book page layout and tabs",""
"passed","Tue Dec 02 21:37:19 UTC 2025","Tue Dec 02 21:37:20 UTC 2025","386","HabitNuWebAppSuite","1. Core and Authentication","WebAppSanityPackage.HomePage","WebAppSanityPackage.HomePage","testDeleteWeights","Verify the Weight progress bar delete weights",""
"passed","Tue Dec 02 21:51:03 UTC 2025","Tue Dec 02 21:51:03 UTC 2025","332","HabitNuWebAppSuite","2. Health Metrics","WebAppSanityPackage.TobaccoSection","WebAppSanityPackage.TobaccoSection","case3_ditTargetWithBlankValue","edit -  tobacco cannot be blank",""
"passed","Tue Dec 02 21:42:27 UTC 2025","Tue Dec 02 21:42:31 UTC 2025","3393","HabitNuWebAppSuite","2. Health Metrics","WebAppSanityPackage.BloodPressure_Section","WebAppSanityPackage.BloodPressure_Section","case16_addHistoricalBloodPressureData","[MODAL] Open Blood Pressure modal and add historical data with date picker and form validation",""
"passed","Tue Dec 02 21:40:22 UTC 2025","Tue Dec 02 21:40:23 UTC 2025","268","HabitNuWebAppSuite","1. Core and Authentication","WebAppSanityPackage.ProfileAppClass","WebAppSanityPackage.ProfileAppClass","case80","Enter current password only and click Change Password",""
"passed","Tue Dec 02 21:47:16 UTC 2025","Tue Dec 02 21:47:16 UTC 2025","160","HabitNuWebAppSuite","2. Health Metrics","WebAppSanityPackage.Hba1c","WebAppSanityPackage.Hba1c","setTarget","enter target values and do click on 'x' mark and do not save",""
"broken","Tue Dec 02 22:04:57 UTC 2025","Tue Dec 02 22:05:09 UTC 2025","12234","HabitNuWebAppSuite","3. Nutrition and Recipes","WebAppSanityPackage.habiRecipe","WebAppSanityPackage.habiRecipe","case24_LogMicronutrientRecipe","Selecting the  Generated Recipe of Micronutrient considerations and Logging It",""
"passed","Tue Dec 02 21:51:04 UTC 2025","Tue Dec 02 21:51:04 UTC 2025","247","HabitNuWebAppSuite","2. Health Metrics","WebAppSanityPackage.TobaccoSection","WebAppSanityPackage.TobaccoSection","case7_setValidTarget","enter valid Target",""
"passed","Tue Dec 02 21:56:26 UTC 2025","Tue Dec 02 21:56:40 UTC 2025","13960","HabitNuWebAppSuite","3. Nutrition and Recipes","WebAppSanityPackage.foodGrouping","WebAppSanityPackage.foodGrouping","case18","Create 'My Meal' from logged foods in DINNER sections",""
"passed","Tue Dec 02 22:18:46 UTC 2025","Tue Dec 02 22:18:50 UTC 2025","3585","HabitNuWebAppSuite","4. Lifestyle and Social","WebAppSanityPackage.DiscussAppClass","WebAppSanityPackage.DiscussAppClass","Case13","Edit the post by adding a file (It should edit the post)",""
"passed","Tue Dec 02 21:47:01 UTC 2025","Tue Dec 02 21:47:04 UTC 2025","2532","HabitNuWebAppSuite","2. Health Metrics","WebAppSanityPackage.Hba1c","WebAppSanityPackage.Hba1c","case9","verify data should not be more than 14 in Hba1c count section",""
"passed","Tue Dec 02 21:34:45 UTC 2025","Tue Dec 02 21:34:46 UTC 2025","444","HabitNuWebAppSuite","1. Core and Authentication","WebAppSanityPackage.Login","WebAppSanityPackage.Login","testLoginWithInvalidEmailFormat","Verify error for an invalid email format",""
"passed","Tue Dec 02 21:39:20 UTC 2025","Tue Dec 02 21:39:20 UTC 2025","276","HabitNuWebAppSuite","1. Core and Authentication","WebAppSanityPackage.ProfileAppClass","WebAppSanityPackage.ProfileAppClass","clickOnEditHealthParameters","Click on Health parameters edit → Should open edit mode",""
"passed","Tue Dec 02 22:19:12 UTC 2025","Tue Dec 02 22:19:13 UTC 2025","379","HabitNuWebAppSuite","4. Lifestyle and Social","WebAppSanityPackage.Weights_lbs_Kgs","WebAppSanityPackage.Weights_lbs_Kgs","setNegativeTarget","enter negative target values and assert messages",""
"passed","Tue Dec 02 21:45:15 UTC 2025","Tue Dec 02 21:45:15 UTC 2025","693","HabitNuWebAppSuite","2. Health Metrics","WebAppSanityPackage.WebAppHealth_WeightSection","WebAppSanityPackage.WebAppHealth_WeightSection","setNegativeTarget","enter negative target values and assert messages",""
"passed","Tue Dec 02 22:00:00 UTC 2025","Tue Dec 02 22:01:19 UTC 2025","78581","HabitNuWebAppSuite","3. Nutrition and Recipes","WebAppSanityPackage.habiRecipe","WebAppSanityPackage.habiRecipe","case10_SetFoodAllergiesPreferences","Food allergies",""
"passed","Tue Dec 02 22:05:10 UTC 2025","Tue Dec 02 22:05:12 UTC 2025","2053","HabitNuWebAppSuite","3. Nutrition and Recipes","WebAppSanityPackage.habiRecipe","WebAppSanityPackage.habiRecipe","case25_SelectMicronutrientRecipeFromList","Selecting the Generated Recipe and Logging It",""
"passed","Tue Dec 02 22:16:12 UTC 2025","Tue Dec 02 22:16:14 UTC 2025","2474","HabitNuWebAppSuite","4. Lifestyle and Social","WebAppSanityPackage.HabitsAppClass","WebAppSanityPackage.HabitsAppClass","case18","Click on Active Habits dropdown",""
"passed","Tue Dec 02 22:10:37 UTC 2025","Tue Dec 02 22:10:37 UTC 2025","64","HabitNuWebAppSuite","3. Nutrition and Recipes","WebAppSanityPackage.Myrecipes","WebAppSanityPackage.Myrecipes","test8_validateingredient","Then user is able to validate added ingredient",""
"passed","Tue Dec 02 21:54:17 UTC 2025","Tue Dec 02 21:54:30 UTC 2025","13335","HabitNuWebAppSuite","3. Nutrition and Recipes","WebAppSanityPackage.foodGrouping","WebAppSanityPackage.foodGrouping","case6","add Meal to Lunch",""
"passed","Tue Dec 02 22:10:39 UTC 2025","Tue Dec 02 22:10:39 UTC 2025","228","HabitNuWebAppSuite","3. Nutrition and Recipes","WebAppSanityPackage.Myrecipes","WebAppSanityPackage.Myrecipes","test10_validatetotalcalories","And user is able to validate total calories & Detailed nutrients",""
"passed","Tue Dec 02 22:12:16 UTC 2025","Tue Dec 02 22:12:17 UTC 2025","1085","HabitNuWebAppSuite","3. Nutrition and Recipes","WebAppSanityPackage.WebAppClass","WebAppSanityPackage.WebAppClass","case10","Click on View Food Log, and add food - Lunch via frequent section",""
"passed","Tue Dec 02 22:18:14 UTC 2025","Tue Dec 02 22:18:18 UTC 2025","3606","HabitNuWebAppSuite","4. Lifestyle and Social","WebAppSanityPackage.DiscussAppClass","WebAppSanityPackage.DiscussAppClass","case5","Upload a message with subject, description, and file (should allow uploading)",""
"passed","Tue Dec 02 22:11:57 UTC 2025","Tue Dec 02 22:12:01 UTC 2025","3710","HabitNuWebAppSuite","3. Nutrition and Recipes","WebAppSanityPackage.WebAppClass","WebAppSanityPackage.WebAppClass","case4","Click on add food and add the food - Snacks",""
"passed","Tue Dec 02 22:16:45 UTC 2025","Tue Dec 02 22:16:46 UTC 2025","821","HabitNuWebAppSuite","4. Lifestyle and Social","WebAppSanityPackage.HabitsAppClass","WebAppSanityPackage.HabitsAppClass","case27","Click on Archive and add the habit to archive",""
"passed","Tue Dec 02 22:10:40 UTC 2025","Tue Dec 02 22:10:43 UTC 2025","2502","HabitNuWebAppSuite","3. Nutrition and Recipes","WebAppSanityPackage.Myrecipes","WebAppSanityPackage.Myrecipes","test13_addremovefavorite","And user is able to add &vremove the favorite recipes",""
"passed","Tue Dec 02 21:51:19 UTC 2025","Tue Dec 02 21:51:24 UTC 2025","5468","HabitNuWebAppSuite","2. Health Metrics","WebAppSanityPackage.TobaccoSection","WebAppSanityPackage.TobaccoSection","case13","Click on tobacco , click on add new button and add tobacco for last year and and Total count of the day should be 0",""
"passed","Tue Dec 02 21:34:42 UTC 2025","Tue Dec 02 21:34:43 UTC 2025","829","HabitNuWebAppSuite","1. Core and Authentication","WebAppSanityPackage.Login","WebAppSanityPackage.Login","testLoginWithEmptyCredentials","Verify validation errors for empty email and password fields",""
"passed","Tue Dec 02 22:12:01 UTC 2025","Tue Dec 02 22:12:01 UTC 2025","368","HabitNuWebAppSuite","3. Nutrition and Recipes","WebAppSanityPackage.WebAppClass","WebAppSanityPackage.WebAppClass","case5","Click on Add food, Go to All section and check whether the same food is listed",""
"passed","Tue Dec 02 21:59:20 UTC 2025","Tue Dec 02 21:59:22 UTC 2025","2358","HabitNuWebAppSuite","3. Nutrition and Recipes","WebAppSanityPackage.habiRecipe","WebAppSanityPackage.habiRecipe","case4_SelectGeneratedRecipeAndLog","Selecting the Generated Recipe and Logging It",""
"passed","Tue Dec 02 22:18:51 UTC 2025","Tue Dec 02 22:18:51 UTC 2025","313","HabitNuWebAppSuite","4. Lifestyle and Social","WebAppSanityPackage.DiscussAppClass","WebAppSanityPackage.DiscussAppClass","case15","Add the comment ( It should add the comment)",""
"passed","Tue Dec 02 22:16:28 UTC 2025","Tue Dec 02 22:16:33 UTC 2025","4619","HabitNuWebAppSuite","4. Lifestyle and Social","WebAppSanityPackage.HabitsAppClass","WebAppSanityPackage.HabitsAppClass","case20","Single Click on habit button and mark a green",""
"passed","Tue Dec 02 21:49:52 UTC 2025","Tue Dec 02 21:49:53 UTC 2025","228","HabitNuWebAppSuite","2. Health Metrics","WebAppSanityPackage.ExerciseSection","WebAppSanityPackage.ExerciseSection","AsetTarget","enter target values and do click on 'x' mark and do not save",""
"passed","Tue Dec 02 21:39:36 UTC 2025","Tue Dec 02 21:39:36 UTC 2025","167","HabitNuWebAppSuite","1. Core and Authentication","WebAppSanityPackage.ProfileAppClass","WebAppSanityPackage.ProfileAppClass","case61","Click on Devices button and it should take to device page",""
"passed","Tue Dec 02 21:50:19 UTC 2025","Tue Dec 02 21:50:20 UTC 2025","1668","HabitNuWebAppSuite","2. Health Metrics","WebAppSanityPackage.ExerciseSection","WebAppSanityPackage.ExerciseSection","case6","verify last added monthly and yesterday's data in details page in exercise section",""
"passed","Tue Dec 02 22:17:53 UTC 2025","Tue Dec 02 22:18:03 UTC 2025","10539","HabitNuWebAppSuite","4. Lifestyle and Social","WebAppSanityPackage.ChatandNotificationsClass","WebAppSanityPackage.ChatandNotificationsClass","case12","Click on Reminder : You have an appointment in an hour",""
"passed","Tue Dec 02 22:17:10 UTC 2025","Tue Dec 02 22:17:21 UTC 2025","10662","HabitNuWebAppSuite","4. Lifestyle and Social","WebAppSanityPackage.ChatandNotificationsClass","WebAppSanityPackage.ChatandNotificationsClass","case8","Click on It’s time to update your habit tracker and it will take you to habit tracker",""
"passed","Tue Dec 02 21:39:07 UTC 2025","Tue Dec 02 21:39:08 UTC 2025","1286","HabitNuWebAppSuite","1. Core and Authentication","WebAppSanityPackage.ProfileAppClass","WebAppSanityPackage.ProfileAppClass","editCityAndSave","Edit city to 'Los Angeles' and save → Should update successfully",""
"passed","Tue Dec 02 21:38:58 UTC 2025","Tue Dec 02 21:38:58 UTC 2025","210","HabitNuWebAppSuite","1. Core and Authentication","WebAppSanityPackage.ProfileAppClass","WebAppSanityPackage.ProfileAppClass","openContactDetailsEdit","Click on Contact Details edit button → Should enter edit mode",""
"passed","Tue Dec 02 21:47:46 UTC 2025","Tue Dec 02 21:48:09 UTC 2025","22645","HabitNuWebAppSuite","2. Health Metrics","WebAppSanityPackage.Medication","WebAppSanityPackage.Medication","editWeightLossMedication","Edit details of Weight Loss Medication",""
"passed","Tue Dec 02 21:51:29 UTC 2025","Tue Dec 02 21:51:34 UTC 2025","4479","HabitNuWebAppSuite","2. Health Metrics","WebAppSanityPackage.TobaccoSection","WebAppSanityPackage.TobaccoSection","case17_graphcase3","Load web app -> Click on Health section -> Weight section -> click on three lines -> Click on graph -> click on filter as last year",""
"passed","Tue Dec 02 21:38:33 UTC 2025","Tue Dec 02 21:38:38 UTC 2025","4677","HabitNuWebAppSuite","1. Core and Authentication","WebAppSanityPackage.ProfileAppClass","WebAppSanityPackage.ProfileAppClass","editLastName","Edit first + last name and save → should reflect",""
"passed","Tue Dec 02 21:50:29 UTC 2025","Tue Dec 02 21:50:30 UTC 2025","203","HabitNuWebAppSuite","2. Health Metrics","WebAppSanityPackage.ExerciseSection","WebAppSanityPackage.ExerciseSection","case10","verify others data",""
"passed","Tue Dec 02 21:50:30 UTC 2025","Tue Dec 02 21:50:30 UTC 2025","186","HabitNuWebAppSuite","2. Health Metrics","WebAppSanityPackage.ExerciseSection","WebAppSanityPackage.ExerciseSection","case11","verify negative data as others in exercise section",""
"passed","Tue Dec 02 22:15:56 UTC 2025","Tue Dec 02 22:15:59 UTC 2025","2738","HabitNuWebAppSuite","4. Lifestyle and Social","WebAppSanityPackage.HabitsAppClass","WebAppSanityPackage.HabitsAppClass","case16","Click on Back button and go back to Habits list",""
"passed","Tue Dec 02 21:55:07 UTC 2025","Tue Dec 02 21:55:10 UTC 2025","3563","HabitNuWebAppSuite","3. Nutrition and Recipes","WebAppSanityPackage.foodGrouping","WebAppSanityPackage.foodGrouping","case11","Verify the created group name in Food Group section and Log it In snacks",""
"passed","Tue Dec 02 22:08:27 UTC 2025","Tue Dec 02 22:08:39 UTC 2025","11809","HabitNuWebAppSuite","3. Nutrition and Recipes","WebAppSanityPackage.habiRecipe","WebAppSanityPackage.habiRecipe","case36_deletegeneratedRecipe","Selecting the Generated Recipe and delete it",""
"broken","Tue Dec 02 22:09:16 UTC 2025","Tue Dec 02 22:09:16 UTC 2025","32","HabitNuWebAppSuite","3. Nutrition and Recipes","WebAppSanityPackage.recipeBuilder","WebAppSanityPackage.recipeBuilder","verifyFavoriteRecipesByRecipeName","verify favorite food list under Food> by Recipe Name",""
"passed","Tue Dec 02 21:43:00 UTC 2025","Tue Dec 02 21:43:00 UTC 2025","192","HabitNuWebAppSuite","2. Health Metrics","WebAppSanityPackage.Sugar_Section","WebAppSanityPackage.Sugar_Section","placeHolderOfBPCountValueInputBox","verify placeholder - High and Low ",""
"passed","Tue Dec 02 21:49:12 UTC 2025","Tue Dec 02 21:49:13 UTC 2025","338","HabitNuWebAppSuite","2. Health Metrics","WebAppSanityPackage.Medication","WebAppSanityPackage.Medication","case23","Creating new Medications details like selecting Type/Form.",""
"passed","Tue Dec 02 21:47:19 UTC 2025","Tue Dec 02 21:47:20 UTC 2025","231","HabitNuWebAppSuite","2. Health Metrics","WebAppSanityPackage.Hba1c","WebAppSanityPackage.Hba1c","setTargetMoreThan99","enter target more than 14 and assert messages",""
"passed","Tue Dec 02 21:59:22 UTC 2025","Tue Dec 02 21:59:23 UTC 2025","1426","HabitNuWebAppSuite","3. Nutrition and Recipes","WebAppSanityPackage.habiRecipe","WebAppSanityPackage.habiRecipe","case5_SelectRecipeFromListAndLog","Selecting the Generated Recipe and Logging It",""
"broken","Tue Dec 02 21:49:00 UTC 2025","Tue Dec 02 21:49:12 UTC 2025","12348","HabitNuWebAppSuite","2. Health Metrics","WebAppSanityPackage.Medication","WebAppSanityPackage.Medication","case20","Creating new Medications details like selecting",""
"failed","Tue Dec 02 21:56:56 UTC 2025","Tue Dec 02 21:57:12 UTC 2025","16280","HabitNuWebAppSuite","3. Nutrition and Recipes","WebAppSanityPackage.foodGrouping","WebAppSanityPackage.foodGrouping","case21","editing 'My Meal' from exsiting group and adding Foods",""
"broken","Tue Dec 02 22:07:45 UTC 2025","Tue Dec 02 22:07:58 UTC 2025","12289","HabitNuWebAppSuite","3. Nutrition and Recipes","WebAppSanityPackage.habiRecipe","WebAppSanityPackage.habiRecipe","case33_LogAllPreferencesRecipe","Selecting the  Generated Recipe of All recipes and Logging It",""
"passed","Tue Dec 02 22:12:32 UTC 2025","Tue Dec 02 22:12:36 UTC 2025","4188","HabitNuWebAppSuite","3. Nutrition and Recipes","WebAppSanityPackage.WebAppClass","WebAppSanityPackage.WebAppClass","case16","Click on Date picker and pick any date from calendar and add food",""
"passed","Tue Dec 02 21:40:56 UTC 2025","Tue Dec 02 21:40:56 UTC 2025","76","HabitNuWebAppSuite","1. Core and Authentication","WebAppSanityPackage.GuidedTour","WebAppSanityPackage.GuidedTour","test3_registration","When user is able to enter the details in registration form",""
"passed","Tue Dec 02 22:13:10 UTC 2025","Tue Dec 02 22:13:10 UTC 2025","9","HabitNuWebAppSuite","3. Nutrition and Recipes","WebAppSanityPackage.WebAppClass","WebAppSanityPackage.WebAppClass","Case_28check_the_link_in_log","Checking the nutritional details pop-up",""
"passed","Tue Dec 02 21:59:55 UTC 2025","Tue Dec 02 21:59:59 UTC 2025","4278","HabitNuWebAppSuite","3. Nutrition and Recipes","WebAppSanityPackage.habiRecipe","WebAppSanityPackage.habiRecipe","case8_LogDietaryRestrictionsRecipe","Selecting the  Generated Recipe of Dietary restrictions and Logging It",""
"passed","Tue Dec 02 21:42:59 UTC 2025","Tue Dec 02 21:43:00 UTC 2025","344","HabitNuWebAppSuite","2. Health Metrics","WebAppSanityPackage.Sugar_Section","WebAppSanityPackage.Sugar_Section","setTarget","enter target values and do click on 'x' mark and do not save",""
"passed","Tue Dec 02 21:40:54 UTC 2025","Tue Dec 02 21:40:56 UTC 2025","1790","HabitNuWebAppSuite","1. Core and Authentication","WebAppSanityPackage.GuidedTour","WebAppSanityPackage.GuidedTour","test2_userregistration","When user is able to enter the  registration form",""
"passed","Tue Dec 02 22:12:19 UTC 2025","Tue Dec 02 22:12:20 UTC 2025","1836","HabitNuWebAppSuite","3. Nutrition and Recipes","WebAppSanityPackage.WebAppClass","WebAppSanityPackage.WebAppClass","case12","Click on View Food Log, and add food - Snacks",""
"passed","Tue Dec 02 21:42:45 UTC 2025","Tue Dec 02 21:42:45 UTC 2025","373","HabitNuWebAppSuite","2. Health Metrics","WebAppSanityPackage.BloodPressure_Section","WebAppSanityPackage.BloodPressure_Section","case26_verifyNegativeSystolicInputValidation","[MODAL] Verify negative systolic input validation in form (other)",""
"passed","Tue Dec 02 21:51:03 UTC 2025","Tue Dec 02 21:51:03 UTC 2025","231","HabitNuWebAppSuite","2. Health Metrics","WebAppSanityPackage.TobaccoSection","WebAppSanityPackage.TobaccoSection","case2_setTarget","enter target values and do click on 'x' mark and do not save",""
"passed","Tue Dec 02 21:41:14 UTC 2025","Tue Dec 02 21:41:15 UTC 2025","744","HabitNuWebAppSuite","1. Core and Authentication","WebAppSanityPackage.GuidedTour","WebAppSanityPackage.GuidedTour","test10_navigatingtourpage3","And user is navigating from second slide to third slide and validating",""
"passed","Tue Dec 02 21:50:07 UTC 2025","Tue Dec 02 21:50:07 UTC 2025","225","HabitNuWebAppSuite","2. Health Metrics","WebAppSanityPackage.ExerciseSection","WebAppSanityPackage.ExerciseSection","case3","Verify No data added for last 30 days",""
"passed","Tue Dec 02 21:59:29 UTC 2025","Tue Dec 02 21:59:55 UTC 2025","25991","HabitNuWebAppSuite","3. Nutrition and Recipes","WebAppSanityPackage.habiRecipe","WebAppSanityPackage.habiRecipe","case7_GenerateRecipeForDietaryRestrictions","Generate New Recipe for Dietary restrictions",""
"passed","Tue Dec 02 21:39:39 UTC 2025","Tue Dec 02 21:39:40 UTC 2025","259","HabitNuWebAppSuite","1. Core and Authentication","WebAppSanityPackage.ProfileAppClass","WebAppSanityPackage.ProfileAppClass","case63","Click on the Upload button",""
"passed","Tue Dec 02 22:19:16 UTC 2025","Tue Dec 02 22:19:17 UTC 2025","1492","HabitNuWebAppSuite","4. Lifestyle and Social","WebAppSanityPackage.Weights_lbs_Kgs","WebAppSanityPackage.Weights_lbs_Kgs","case10","Health section weights match selected unit",""
"passed","Tue Dec 02 21:39:23 UTC 2025","Tue Dec 02 21:39:24 UTC 2025","1386","HabitNuWebAppSuite","1. Core and Authentication","WebAppSanityPackage.ProfileAppClass","WebAppSanityPackage.ProfileAppClass","case44","Keep Waist (in inches) as blank and save",""
"passed","Tue Dec 02 22:02:37 UTC 2025","Tue Dec 02 22:02:44 UTC 2025","6825","HabitNuWebAppSuite","3. Nutrition and Recipes","WebAppSanityPackage.habiRecipe","WebAppSanityPackage.habiRecipe","case18_SetMacronutrientPreferences","Macronutrient considerations",""
"passed","Tue Dec 02 21:59:23 UTC 2025","Tue Dec 02 21:59:29 UTC 2025","5328","HabitNuWebAppSuite","3. Nutrition and Recipes","WebAppSanityPackage.habiRecipe","WebAppSanityPackage.habiRecipe","case6_SetDietaryRestrictionsPreferences","Dietary restrictions	",""
"passed","Tue Dec 02 21:34:50 UTC 2025","Tue Dec 02 21:34:52 UTC 2025","1932","HabitNuWebAppSuite","1. Core and Authentication","WebAppSanityPackage.Login","WebAppSanityPackage.Login","testLoginWithDeactivatedUser","Verify error for a disenrolled (deactivated) user",""
"passed","Tue Dec 02 22:11:38 UTC 2025","Tue Dec 02 22:11:49 UTC 2025","10352","HabitNuWebAppSuite","3. Nutrition and Recipes","WebAppSanityPackage.WebAppClass","WebAppSanityPackage.WebAppClass","case1","Click on add food and add the food - Breakfast",""
"passed","Tue Dec 02 22:03:23 UTC 2025","Tue Dec 02 22:03:30 UTC 2025","6768","HabitNuWebAppSuite","3. Nutrition and Recipes","WebAppSanityPackage.habiRecipe","WebAppSanityPackage.habiRecipe","case22_SetMicronutrientPreferences","Micronutrient considerations",""
"passed","Tue Dec 02 21:42:23 UTC 2025","Tue Dec 02 21:42:23 UTC 2025","469","HabitNuWebAppSuite","2. Health Metrics","WebAppSanityPackage.BloodPressure_Section","WebAppSanityPackage.BloodPressure_Section","case13_editsystolicTargetWithBlankValue","[MAIN CARD] Verify target edit validation error when clearing systolic field (blank/empty value)",""
"passed","Tue Dec 02 21:35:12 UTC 2025","Tue Dec 02 21:35:18 UTC 2025","5988","HabitNuWebAppSuite","1. Core and Authentication","WebAppSanityPackage.Login","WebAppSanityPackage.Login","testLoginWithValidOTP","Verify successful login using a valid OTP from email",""
"skipped","Tue Dec 02 21:49:36 UTC 2025","Tue Dec 02 21:49:36 UTC 2025","0","HabitNuWebAppSuite","2. Health Metrics","WebAppSanityPackage.Medication","WebAppSanityPackage.Medication","case34","Medication Log History ",""
"passed","Tue Dec 02 21:41:11 UTC 2025","Tue Dec 02 21:41:12 UTC 2025","1068","HabitNuWebAppSuite","1. Core and Authentication","WebAppSanityPackage.GuidedTour","WebAppSanityPackage.GuidedTour","test7_skipnewuser","And user is able to skip guide tour for the first time login",""
"passed","Tue Dec 02 22:09:57 UTC 2025","Tue Dec 02 22:10:14 UTC 2025","17697","HabitNuWebAppSuite","3. Nutrition and Recipes","WebAppSanityPackage.recipeBuilder","WebAppSanityPackage.recipeBuilder","logRecipeFromThreeDotMenu","Log recipe from three-dot menu and then delete logs",""
"passed","Tue Dec 02 22:16:14 UTC 2025","Tue Dec 02 22:16:28 UTC 2025","13743","HabitNuWebAppSuite","4. Lifestyle and Social","WebAppSanityPackage.HabitsAppClass","WebAppSanityPackage.HabitsAppClass","case19","Click on Add button it should take to create the habit page and create the habit using flexible days",""
"passed","Tue Dec 02 21:45:47 UTC 2025","Tue Dec 02 21:45:47 UTC 2025","191","HabitNuWebAppSuite","2. Health Metrics","WebAppSanityPackage.WebAppHealth_WeightSection","WebAppSanityPackage.WebAppHealth_WeightSection","case4","verify last added monthly and yesterday's data in details page",""
"passed","Tue Dec 02 21:42:17 UTC 2025","Tue Dec 02 21:42:18 UTC 2025","344","HabitNuWebAppSuite","2. Health Metrics","WebAppSanityPackage.BloodPressure_Section","WebAppSanityPackage.BloodPressure_Section","case7_setDiastolicTargetMoreThan200","[MAIN CARD] Verify Set Target validation error when entering diastolic target value greater than 200",""
"passed","Tue Dec 02 21:34:54 UTC 2025","Tue Dec 02 21:34:54 UTC 2025","401","HabitNuWebAppSuite","1. Core and Authentication","WebAppSanityPackage.Login","WebAppSanityPackage.Login","testLoginWithOnlyEmail","Verify error when only email is provided",""
"passed","Tue Dec 02 21:51:37 UTC 2025","Tue Dec 02 21:51:49 UTC 2025","12200","HabitNuWebAppSuite","2. Health Metrics","WebAppSanityPackage.TobaccoSection","WebAppSanityPackage.TobaccoSection","case19","Click on tobacco , click on add new button and add tobacco for last month and and Total count of the day should be 0",""
"passed","Tue Dec 02 21:59:59 UTC 2025","Tue Dec 02 22:00:00 UTC 2025","1287","HabitNuWebAppSuite","3. Nutrition and Recipes","WebAppSanityPackage.habiRecipe","WebAppSanityPackage.habiRecipe","case9_SelectExistingRecipeAndLog","Selecting the Generated Recipe and Logging It",""
"passed","Tue Dec 02 22:12:09 UTC 2025","Tue Dec 02 22:12:16 UTC 2025","6866","HabitNuWebAppSuite","3. Nutrition and Recipes","WebAppSanityPackage.WebAppClass","WebAppSanityPackage.WebAppClass","case9","Click on View Food Log, and add food - Breakfast via all section",""
"passed","Tue Dec 02 22:12:55 UTC 2025","Tue Dec 02 22:12:57 UTC 2025","2273","HabitNuWebAppSuite","3. Nutrition and Recipes","WebAppSanityPackage.WebAppClass","WebAppSanityPackage.WebAppClass","case20","Add food quantity as 0",""
"passed","Tue Dec 02 21:39:32 UTC 2025","Tue Dec 02 21:39:33 UTC 2025","1472","HabitNuWebAppSuite","1. Core and Authentication","WebAppSanityPackage.ProfileAppClass","WebAppSanityPackage.ProfileAppClass","case53","Select Activity level as valid reason and save",""
"passed","Tue Dec 02 22:08:48 UTC 2025","Tue Dec 02 22:08:49 UTC 2025","1355","HabitNuWebAppSuite","3. Nutrition and Recipes","WebAppSanityPackage.recipeBuilder","WebAppSanityPackage.recipeBuilder","searchForRecipe","Verify recipe loads upon searching and validate them",""
"passed","Tue Dec 02 21:47:23 UTC 2025","Tue Dec 02 21:47:24 UTC 2025","345","HabitNuWebAppSuite","2. Health Metrics","WebAppSanityPackage.Hba1c","WebAppSanityPackage.Hba1c","editTargetWithNegatives","edit -  negative target values and assert messages",""
"passed","Tue Dec 02 21:45:16 UTC 2025","Tue Dec 02 21:45:17 UTC 2025","1446","HabitNuWebAppSuite","2. Health Metrics","WebAppSanityPackage.WebAppHealth_WeightSection","WebAppSanityPackage.WebAppHealth_WeightSection","setValidTarget","enter valid Target",""
"broken","Tue Dec 02 21:40:37 UTC 2025","Tue Dec 02 21:40:39 UTC 2025","2191","HabitNuWebAppSuite","1. Core and Authentication","WebAppSanityPackage.ProfileAppClass","WebAppSanityPackage.ProfileAppClass","testToggleNotifications","Toggle notifications On/Off and validate state change",""
"passed","Tue Dec 02 21:42:25 UTC 2025","Tue Dec 02 21:42:27 UTC 2025","2202","HabitNuWebAppSuite","2. Health Metrics","WebAppSanityPackage.BloodPressure_Section","WebAppSanityPackage.BloodPressure_Section","case15_verifyNoDataMessageAndAddButton","[MAIN CARD] Verify Blood Pressure widget displays 'No data recorded yet' message and Add New button",""
"passed","Tue Dec 02 21:40:36 UTC 2025","Tue Dec 02 21:40:36 UTC 2025","410","HabitNuWebAppSuite","1. Core and Authentication","WebAppSanityPackage.ProfileAppClass","WebAppSanityPackage.ProfileAppClass","testToggleNotifications","Toggle notifications On/Off and validate state change",""
"passed","Tue Dec 02 21:39:25 UTC 2025","Tue Dec 02 21:39:26 UTC 2025","443","HabitNuWebAppSuite","1. Core and Authentication","WebAppSanityPackage.ProfileAppClass","WebAppSanityPackage.ProfileAppClass","case46","Add Waist (in inches) as letters and save",""
"passed","Tue Dec 02 22:18:52 UTC 2025","Tue Dec 02 22:18:52 UTC 2025","158","HabitNuWebAppSuite","4. Lifestyle and Social","WebAppSanityPackage.DiscussAppClass","WebAppSanityPackage.DiscussAppClass","case21","Click on my posts ( it should take to my post section)",""
"passed","Tue Dec 02 22:19:14 UTC 2025","Tue Dec 02 22:19:15 UTC 2025","1079","HabitNuWebAppSuite","4. Lifestyle and Social","WebAppSanityPackage.Weights_lbs_Kgs","WebAppSanityPackage.Weights_lbs_Kgs","case8","Set Targets with Unit Toggle and store selected unit",""
"passed","Tue Dec 02 21:58:51 UTC 2025","Tue Dec 02 21:59:01 UTC 2025","9477","HabitNuWebAppSuite","3. Nutrition and Recipes","WebAppSanityPackage.habiRecipe","WebAppSanityPackage.habiRecipe","case2_ValidateRecipePageAndGenerationFlows","Case 2 & 3: Validate Recipe Page and Generation Flows",""
"passed","Tue Dec 02 21:39:24 UTC 2025","Tue Dec 02 21:39:25 UTC 2025","1439","HabitNuWebAppSuite","1. Core and Authentication","WebAppSanityPackage.ProfileAppClass","WebAppSanityPackage.ProfileAppClass","case45","Add Waist (in inches) as 0 and save",""
"passed","Tue Dec 02 21:49:55 UTC 2025","Tue Dec 02 21:49:55 UTC 2025","314","HabitNuWebAppSuite","2. Health Metrics","WebAppSanityPackage.ExerciseSection","WebAppSanityPackage.ExerciseSection","editTargetValid","edit Target - valid",""
"passed","Tue Dec 02 22:10:39 UTC 2025","Tue Dec 02 22:10:40 UTC 2025","768","HabitNuWebAppSuite","3. Nutrition and Recipes","WebAppSanityPackage.Myrecipes","WebAppSanityPackage.Myrecipes","test11_removeingredient","And user is able to remove ingredient",""
"passed","Tue Dec 02 21:47:32 UTC 2025","Tue Dec 02 21:47:35 UTC 2025","3074","HabitNuWebAppSuite","2. Health Metrics","WebAppSanityPackage.Medication","WebAppSanityPackage.Medication","case2","Navigate to Log page and open Weight Loss Medication form",""
"passed","Tue Dec 02 21:39:42 UTC 2025","Tue Dec 02 21:39:45 UTC 2025","2744","HabitNuWebAppSuite","1. Core and Authentication","WebAppSanityPackage.ProfileAppClass","WebAppSanityPackage.ProfileAppClass","case66","Upload a file more than 15 MB",""
"passed","Tue Dec 02 21:44:17 UTC 2025","Tue Dec 02 21:44:28 UTC 2025","10869","HabitNuWebAppSuite","2. Health Metrics","WebAppSanityPackage.Sugar_Section","WebAppSanityPackage.Sugar_Section","case13","add yesterday's Blood Sugar n it should show last added data After Meal",""
"passed","Tue Dec 02 22:15:52 UTC 2025","Tue Dec 02 22:15:55 UTC 2025","3273","HabitNuWebAppSuite","4. Lifestyle and Social","WebAppSanityPackage.HabitsAppClass","WebAppSanityPackage.HabitsAppClass","case13","Click on Archive and add the habit to archive",""
"passed","Tue Dec 02 21:42:20 UTC 2025","Tue Dec 02 21:42:22 UTC 2025","2301","HabitNuWebAppSuite","2. Health Metrics","WebAppSanityPackage.BloodPressure_Section","WebAppSanityPackage.BloodPressure_Section","case10_editTargetButDoNotSave","[MAIN CARD] Verify edit target functionality - modify values but cancel without saving",""
"passed","Tue Dec 02 21:42:45 UTC 2025","Tue Dec 02 21:42:46 UTC 2025","393","HabitNuWebAppSuite","2. Health Metrics","WebAppSanityPackage.BloodPressure_Section","WebAppSanityPackage.BloodPressure_Section","case27_verifyNegativeDiastolicInputValidation","[MODAL] Verify negative diastolic input validation in form (alternative test scenario)",""
"passed","Tue Dec 02 21:43:44 UTC 2025","Tue Dec 02 21:43:45 UTC 2025","864","HabitNuWebAppSuite","2. Health Metrics","WebAppSanityPackage.Sugar_Section","WebAppSanityPackage.Sugar_Section","case6","Click on Blood Sugar , click on add new button and add Blood Sugar Before Meal for current  year , current date -1 ",""
"passed","Tue Dec 02 21:51:04 UTC 2025","Tue Dec 02 21:51:08 UTC 2025","3279","HabitNuWebAppSuite","2. Health Metrics","WebAppSanityPackage.TobaccoSection","WebAppSanityPackage.TobaccoSection","case8_editTargetValid","edit Target - valid",""
"broken","Tue Dec 02 21:48:33 UTC 2025","Tue Dec 02 21:48:44 UTC 2025","10374","HabitNuWebAppSuite","2. Health Metrics","WebAppSanityPackage.Medication","WebAppSanityPackage.Medication","Case16verifyAddNewMedicationElements","TC: Verify the elements of Add New Medication popup",""
"passed","Tue Dec 02 21:46:34 UTC 2025","Tue Dec 02 21:46:44 UTC 2025","9977","HabitNuWebAppSuite","2. Health Metrics","WebAppSanityPackage.Hba1c","WebAppSanityPackage.Hba1c","case3","Click on hba1c , click on add new button and add hba1c for last month and and Total count of the day should be 0",""
"passed","Tue Dec 02 21:35:37 UTC 2025","Tue Dec 02 21:35:39 UTC 2025","1521","HabitNuWebAppSuite","1. Core and Authentication","WebAppSanityPackage.Login","WebAppSanityPackage.Login","testForgotPasswordWithValidEmail","Verify forgot password with valid email shows success message",""
"passed","Tue Dec 02 21:38:05 UTC 2025","Tue Dec 02 21:38:15 UTC 2025","9685","HabitNuWebAppSuite","1. Core and Authentication","WebAppSanityPackage.HomePage","WebAppSanityPackage.HomePage","testWeightLossProgressCardAndValidation","Verify the progress bar updates correctly as wweights are added",""
"passed","Tue Dec 02 21:41:06 UTC 2025","Tue Dec 02 21:41:08 UTC 2025","1597","HabitNuWebAppSuite","1. Core and Authentication","WebAppSanityPackage.GuidedTour","WebAppSanityPackage.GuidedTour","test5_navigatingguidedtour","And user is navigating to Habi page by clicking Finish button",""
"passed","Tue Dec 02 21:46:57 UTC 2025","Tue Dec 02 21:47:01 UTC 2025","4457","HabitNuWebAppSuite","2. Health Metrics","WebAppSanityPackage.Hba1c","WebAppSanityPackage.Hba1c","case8","verify negative data in Hba1c count section",""
"passed","Tue Dec 02 21:34:56 UTC 2025","Tue Dec 02 21:34:57 UTC 2025","342","HabitNuWebAppSuite","1. Core and Authentication","WebAppSanityPackage.Login","WebAppSanityPackage.Login","testLoginWithOnlyPassword","Verify error when only password is provided",""
"passed","Tue Dec 02 21:47:20 UTC 2025","Tue Dec 02 21:47:20 UTC 2025","212","HabitNuWebAppSuite","2. Health Metrics","WebAppSanityPackage.Hba1c","WebAppSanityPackage.Hba1c","setValidTarget","enter valid Target",""
"passed","Tue Dec 02 21:49:12 UTC 2025","Tue Dec 02 21:49:12 UTC 2025","182","HabitNuWebAppSuite","2. Health Metrics","WebAppSanityPackage.Medication","WebAppSanityPackage.Medication","case21","Adding Strength",""
"passed","Tue Dec 02 21:40:30 UTC 2025","Tue Dec 02 21:40:32 UTC 2025","1783","HabitNuWebAppSuite","1. Core and Authentication","WebAppSanityPackage.ProfileAppClass","WebAppSanityPackage.ProfileAppClass","case86","Change language to Spanish and verify UI text",""
"passed","Tue Dec 02 21:42:16 UTC 2025","Tue Dec 02 21:42:17 UTC 2025","376","HabitNuWebAppSuite","2. Health Metrics","WebAppSanityPackage.BloodPressure_Section","WebAppSanityPackage.BloodPressure_Section","case4_setNegativeSystolicTarget","[MAIN CARD] Verify Set Target validation error when entering negative systolic target value",""
"passed","Tue Dec 02 22:18:13 UTC 2025","Tue Dec 02 22:18:14 UTC 2025","685","HabitNuWebAppSuite","4. Lifestyle and Social","WebAppSanityPackage.DiscussAppClass","WebAppSanityPackage.DiscussAppClass","case4","Click on post button without entering message (should not allow posting)",""
"passed","Tue Dec 02 21:43:34 UTC 2025","Tue Dec 02 21:43:44 UTC 2025","10592","HabitNuWebAppSuite","2. Health Metrics","WebAppSanityPackage.Sugar_Section","WebAppSanityPackage.Sugar_Section","case5","Click on Blood Sugar , click on add new button and add Blood Sugar fasting for current year current date -1 ",""
"passed","Tue Dec 02 21:45:19 UTC 2025","Tue Dec 02 21:45:19 UTC 2025","373","HabitNuWebAppSuite","2. Health Metrics","WebAppSanityPackage.WebAppHealth_WeightSection","WebAppSanityPackage.WebAppHealth_WeightSection","editTargetWithGreaterThan99","edit -  enter target more than 999 and assert messages",""
"passed","Tue Dec 02 21:43:45 UTC 2025","Tue Dec 02 21:43:46 UTC 2025","653","HabitNuWebAppSuite","2. Health Metrics","WebAppSanityPackage.Sugar_Section","WebAppSanityPackage.Sugar_Section","case7","Click on Blood Sugar , click on add new button and add Blood Sugar After Meal for current year current date -1",""
"passed","Tue Dec 02 21:41:08 UTC 2025","Tue Dec 02 21:41:11 UTC 2025","2941","HabitNuWebAppSuite","1. Core and Authentication","WebAppSanityPackage.GuidedTour","WebAppSanityPackage.GuidedTour","test6_navigatingtourpage1","And user is navigating to first slide and refresh the tour page",""
"passed","Tue Dec 02 22:17:42 UTC 2025","Tue Dec 02 22:17:53 UTC 2025","10729","HabitNuWebAppSuite","4. Lifestyle and Social","WebAppSanityPackage.ChatandNotificationsClass","WebAppSanityPackage.ChatandNotificationsClass","case11","HabitNu: This is a reminder for you to keep stepping on your scale, recording your meals, and logging your activity! Check in on our discussion forum to stay in touch with your coach and other Team members!",""
"passed","Tue Dec 02 22:10:22 UTC 2025","Tue Dec 02 22:10:22 UTC 2025","867","HabitNuWebAppSuite","3. Nutrition and Recipes","WebAppSanityPackage.Myrecipes","WebAppSanityPackage.Myrecipes","test2_clickonMyRecipes","When user Click on My Recipe",""
"passed","Tue Dec 02 22:08:58 UTC 2025","Tue Dec 02 22:08:59 UTC 2025","669","HabitNuWebAppSuite","3. Nutrition and Recipes","WebAppSanityPackage.recipeBuilder","WebAppSanityPackage.recipeBuilder","viewTheFavoritedRecipePage","view fav recipe",""
"passed","Tue Dec 02 21:58:05 UTC 2025","Tue Dec 02 21:58:06 UTC 2025","1249","HabitNuWebAppSuite","3. Nutrition and Recipes","WebAppSanityPackage.waterLog","WebAppSanityPackage.waterLog","case4","24 oz Water Log",""
"passed","Tue Dec 02 21:34:47 UTC 2025","Tue Dec 02 21:34:49 UTC 2025","1467","HabitNuWebAppSuite","1. Core and Authentication","WebAppSanityPackage.Login","WebAppSanityPackage.Login","testLoginWithInactiveUser","Verify error for an inactive user account",""
"passed","Tue Dec 02 22:19:07 UTC 2025","Tue Dec 02 22:19:08 UTC 2025","863","HabitNuWebAppSuite","4. Lifestyle and Social","WebAppSanityPackage.Weights_lbs_Kgs","WebAppSanityPackage.Weights_lbs_Kgs","case2","Dashboard weights match unit selected",""
"passed","Tue Dec 02 22:13:06 UTC 2025","Tue Dec 02 22:13:07 UTC 2025","1881","HabitNuWebAppSuite","3. Nutrition and Recipes","WebAppSanityPackage.WebAppClass","WebAppSanityPackage.WebAppClass","case23","Deleting the Food from Frequent section",""
"passed","Tue Dec 02 22:15:56 UTC 2025","Tue Dec 02 22:15:56 UTC 2025","759","HabitNuWebAppSuite","4. Lifestyle and Social","WebAppSanityPackage.HabitsAppClass","WebAppSanityPackage.HabitsAppClass","case15","Click on Activate and add the habit back",""
"passed","Tue Dec 02 22:01:56 UTC 2025","Tue Dec 02 22:02:02 UTC 2025","6723","HabitNuWebAppSuite","3. Nutrition and Recipes","WebAppSanityPackage.habiRecipe","WebAppSanityPackage.habiRecipe","case14_SetDietTypePreferences","Diet type",""
"passed","Tue Dec 02 22:15:02 UTC 2025","Tue Dec 02 22:15:15 UTC 2025","13348","HabitNuWebAppSuite","4. Lifestyle and Social","WebAppSanityPackage.HabitsAppClass","WebAppSanityPackage.HabitsAppClass","case4","click on forward arrowmark it should take you to current week",""
"passed","Tue Dec 02 21:46:22 UTC 2025","Tue Dec 02 21:46:26 UTC 2025","4903","HabitNuWebAppSuite","2. Health Metrics","WebAppSanityPackage.Hba1c","WebAppSanityPackage.Hba1c","case1","Click on Health tab and verify 'No data recorded yet' in HbA1c section",""
"passed","Tue Dec 02 22:18:52 UTC 2025","Tue Dec 02 22:18:52 UTC 2025","98","HabitNuWebAppSuite","4. Lifestyle and Social","WebAppSanityPackage.DiscussAppClass","WebAppSanityPackage.DiscussAppClass","case20","Click on - button of members ( it should go back )",""
"passed","Tue Dec 02 22:16:35 UTC 2025","Tue Dec 02 22:16:45 UTC 2025","9830","HabitNuWebAppSuite","4. Lifestyle and Social","WebAppSanityPackage.HabitsAppClass","WebAppSanityPackage.HabitsAppClass","case24","Click on Calender and edit  and save the details",""
"passed","Tue Dec 02 21:41:15 UTC 2025","Tue Dec 02 21:41:16 UTC 2025","813","HabitNuWebAppSuite","1. Core and Authentication","WebAppSanityPackage.GuidedTour","WebAppSanityPackage.GuidedTour","test11_navigatingtourpage4","And user is navigating from third slide to fourth slide and validating",""
"passed","Tue Dec 02 21:38:23 UTC 2025","Tue Dec 02 21:38:29 UTC 2025","6200","HabitNuWebAppSuite","1. Core and Authentication","WebAppSanityPackage.ProfileAppClass","WebAppSanityPackage.ProfileAppClass","uploadProfilePicture","Add profile picture → should upload",""
"broken","Tue Dec 02 21:39:22 UTC 2025","Tue Dec 02 21:39:23 UTC 2025","303","HabitNuWebAppSuite","1. Core and Authentication","WebAppSanityPackage.ProfileAppClass","WebAppSanityPackage.ProfileAppClass","addWaistAsLettersAndValidate","Add Waist as letters → Should show validation error",""
"passed","Tue Dec 02 22:15:50 UTC 2025","Tue Dec 02 22:15:52 UTC 2025","2199","HabitNuWebAppSuite","4. Lifestyle and Social","WebAppSanityPackage.HabitsAppClass","WebAppSanityPackage.HabitsAppClass","case12","Click on Archive and do not add the habit to archive",""
"passed","Tue Dec 02 22:18:55 UTC 2025","Tue Dec 02 22:18:57 UTC 2025","2323","HabitNuWebAppSuite","4. Lifestyle and Social","WebAppSanityPackage.DiscussAppClass","WebAppSanityPackage.DiscussAppClass","case24","upload a message in my post",""
"passed","Tue Dec 02 22:12:09 UTC 2025","Tue Dec 02 22:12:09 UTC 2025","1","HabitNuWebAppSuite","3. Nutrition and Recipes","WebAppSanityPackage.WebAppClass","WebAppSanityPackage.WebAppClass","case8","Click on Add Food, go to recipes and search and add it",""
"passed","Tue Dec 02 21:50:18 UTC 2025","Tue Dec 02 21:50:19 UTC 2025","773","HabitNuWebAppSuite","2. Health Metrics","WebAppSanityPackage.ExerciseSection","WebAppSanityPackage.ExerciseSection","case5","add yesterday's Exercise n it should show last added data",""
"passed","Tue Dec 02 22:07:58 UTC 2025","Tue Dec 02 22:08:01 UTC 2025","2637","HabitNuWebAppSuite","3. Nutrition and Recipes","WebAppSanityPackage.habiRecipe","WebAppSanityPackage.habiRecipe","case34_SelectAllPreferencesRecipeFromList","Selecting the Generated Recipe and Logging It",""
"passed","Tue Dec 02 21:56:40 UTC 2025","Tue Dec 02 21:56:54 UTC 2025","14016","HabitNuWebAppSuite","3. Nutrition and Recipes","WebAppSanityPackage.foodGrouping","WebAppSanityPackage.foodGrouping","case19","Create 'My Meal' from logged foods in SNACKS sections",""
"passed","Tue Dec 02 21:47:16 UTC 2025","Tue Dec 02 21:47:16 UTC 2025","294","HabitNuWebAppSuite","2. Health Metrics","WebAppSanityPackage.Hba1c","WebAppSanityPackage.Hba1c","setNegativeTarget","enter negative target values and assert messages",""
"passed","Tue Dec 02 21:53:50 UTC 2025","Tue Dec 02 21:53:50 UTC 2025","65","HabitNuWebAppSuite","3. Nutrition and Recipes","WebAppSanityPackage.foodGrouping","WebAppSanityPackage.foodGrouping","case3","Verify the created group name in Food Group section",""
"passed","Tue Dec 02 21:41:16 UTC 2025","Tue Dec 02 21:41:17 UTC 2025","749","HabitNuWebAppSuite","1. Core and Authentication","WebAppSanityPackage.GuidedTour","WebAppSanityPackage.GuidedTour","test12_navigatingtourpage5","And user is navigating from fourth slide to fifth and validating",""
"passed","Tue Dec 02 22:12:17 UTC 2025","Tue Dec 02 22:12:19 UTC 2025","1680","HabitNuWebAppSuite","3. Nutrition and Recipes","WebAppSanityPackage.WebAppClass","WebAppSanityPackage.WebAppClass","case11","Click on View Food Log, and add food - Dinner",""
"passed","Tue Dec 02 21:35:41 UTC 2025","Tue Dec 02 21:35:42 UTC 2025","981","HabitNuWebAppSuite","1. Core and Authentication","WebAppSanityPackage.Login","WebAppSanityPackage.Login","testForgotPasswordWithInvalidEmail","Verify forgot password with invalid/unregistered email",""
"passed","Tue Dec 02 22:16:54 UTC 2025","Tue Dec 02 22:16:57 UTC 2025","3209","HabitNuWebAppSuite","4. Lifestyle and Social","WebAppSanityPackage.ChatandNotificationsClass","WebAppSanityPackage.ChatandNotificationsClass","case1","Click on chat ( it should open the chat box)",""
"passed","Tue Dec 02 21:42:16 UTC 2025","Tue Dec 02 21:42:16 UTC 2025","198","HabitNuWebAppSuite","2. Health Metrics","WebAppSanityPackage.BloodPressure_Section","WebAppSanityPackage.BloodPressure_Section","case3_verifyPlaceholderText","[MAIN CARD] Verify Set Target modal placeholder text displays correctly for systolic and diastolic input fields",""
"passed","Tue Dec 02 21:53:41 UTC 2025","Tue Dec 02 21:53:50 UTC 2025","8259","HabitNuWebAppSuite","3. Nutrition and Recipes","WebAppSanityPackage.foodGrouping","WebAppSanityPackage.foodGrouping","case2","Create Meal in My Meals Section",""
"passed","Tue Dec 02 22:16:57 UTC 2025","Tue Dec 02 22:17:00 UTC 2025","3342","HabitNuWebAppSuite","4. Lifestyle and Social","WebAppSanityPackage.ChatandNotificationsClass","WebAppSanityPackage.ChatandNotificationsClass","case2","Send a message in chatbox and click enter",""
"passed","Tue Dec 02 22:18:50 UTC 2025","Tue Dec 02 22:18:51 UTC 2025","630","HabitNuWebAppSuite","4. Lifestyle and Social","WebAppSanityPackage.DiscussAppClass","WebAppSanityPackage.DiscussAppClass","case14","Edit the post message and then cancel it ( It should not edit the post)",""
"passed","Tue Dec 02 22:10:45 UTC 2025","Tue Dec 02 22:10:50 UTC 2025","5125","HabitNuWebAppSuite","3. Nutrition and Recipes","WebAppSanityPackage.Myrecipes","WebAppSanityPackage.Myrecipes","test15_foodsection","And user is navigating to food section",""
"passed","Tue Dec 02 22:05:43 UTC 2025","Tue Dec 02 22:05:46 UTC 2025","2856","HabitNuWebAppSuite","3. Nutrition and Recipes","WebAppSanityPackage.habiRecipe","WebAppSanityPackage.habiRecipe","case29_SelectLocalFoodRecipeFromList","Selecting the Generated Recipe and Logging It",""
"passed","Tue Dec 02 21:54:15 UTC 2025","Tue Dec 02 21:54:17 UTC 2025","1391","HabitNuWebAppSuite","3. Nutrition and Recipes","WebAppSanityPackage.foodGrouping","WebAppSanityPackage.foodGrouping","case5","Verify the created group name in Food Group section and Log it",""
"passed","Tue Dec 02 21:47:38 UTC 2025","Tue Dec 02 21:47:40 UTC 2025","1437","HabitNuWebAppSuite","2. Health Metrics","WebAppSanityPackage.Medication","WebAppSanityPackage.Medication","case9","Creating new Medications details like selecting add time (What time(s) do you want to take this medication?",""
"passed","Tue Dec 02 21:49:53 UTC 2025","Tue Dec 02 21:49:53 UTC 2025","367","HabitNuWebAppSuite","2. Health Metrics","WebAppSanityPackage.ExerciseSection","WebAppSanityPackage.ExerciseSection","BeditTargetWithBlankValue","edit -  Exercise cannot be blank",""
"passed","Tue Dec 02 22:11:53 UTC 2025","Tue Dec 02 22:11:57 UTC 2025","4206","HabitNuWebAppSuite","3. Nutrition and Recipes","WebAppSanityPackage.WebAppClass","WebAppSanityPackage.WebAppClass","case3","Click on add food and add the food - Dinner",""
"passed","Tue Dec 02 22:10:58 UTC 2025","Tue Dec 02 22:11:15 UTC 2025","17024","HabitNuWebAppSuite","3. Nutrition and Recipes","WebAppSanityPackage.Myrecipes","WebAppSanityPackage.Myrecipes","test18_searchrecipe","And user is able to search the recipe",""
"passed","Tue Dec 02 21:34:23 UTC 2025","Tue Dec 02 21:34:37 UTC 2025","14420","HabitNuWebAppSuite","1. Core and Authentication","WebAppSanityPackage.Login","WebAppSanityPackage.Login","testLogout","Verify error for a valid email with an invalid password",""
"passed","Tue Dec 02 22:12:20 UTC 2025","Tue Dec 02 22:12:24 UTC 2025","3568","HabitNuWebAppSuite","3. Nutrition and Recipes","WebAppSanityPackage.WebAppClass","WebAppSanityPackage.WebAppClass","case13","Click on View Food Log, Edit a Food Item, Change Date and Save",""
"passed","Tue Dec 02 21:42:17 UTC 2025","Tue Dec 02 21:42:17 UTC 2025","333","HabitNuWebAppSuite","2. Health Metrics","WebAppSanityPackage.BloodPressure_Section","WebAppSanityPackage.BloodPressure_Section","case5_setNegativeDiastolicTarget","[MAIN CARD] Verify Set Target validation error when entering negative diastolic target value",""
"passed","Tue Dec 02 22:19:08 UTC 2025","Tue Dec 02 22:19:12 UTC 2025","3859","HabitNuWebAppSuite","4. Lifestyle and Social","WebAppSanityPackage.Weights_lbs_Kgs","WebAppSanityPackage.Weights_lbs_Kgs","case3","Health section weights match selected unit",""
"passed","Tue Dec 02 21:42:07 UTC 2025","Tue Dec 02 21:42:13 UTC 2025","6548","HabitNuWebAppSuite","2. Health Metrics","WebAppSanityPackage.BloodPressure_Section","WebAppSanityPackage.BloodPressure_Section","case1_addInitialBloodPressureData","[MAIN CARD] Navigate to Health tab and add initial blood pressure data using the Add New button",""
"passed","Tue Dec 02 22:10:50 UTC 2025","Tue Dec 02 22:10:57 UTC 2025","7481","HabitNuWebAppSuite","3. Nutrition and Recipes","WebAppSanityPackage.Myrecipes","WebAppSanityPackage.Myrecipes","test16_logmeal","And user is able to add Meal which is logged from my recipe",""
"passed","Tue Dec 02 21:43:01 UTC 2025","Tue Dec 02 21:43:01 UTC 2025","350","HabitNuWebAppSuite","2. Health Metrics","WebAppSanityPackage.Sugar_Section","WebAppSanityPackage.Sugar_Section","setLowTargetMoreThan200","enter Low target more than 1000 and assert messages",""
"passed","Tue Dec 02 22:02:31 UTC 2025","Tue Dec 02 22:02:35 UTC 2025","4200","HabitNuWebAppSuite","3. Nutrition and Recipes","WebAppSanityPackage.habiRecipe","WebAppSanityPackage.habiRecipe","case16_LogDietTypeRecipe","Selecting the  Generated Recipe of diet type and Logging It",""
"passed","Tue Dec 02 21:40:29 UTC 2025","Tue Dec 02 21:40:30 UTC 2025","331","HabitNuWebAppSuite","1. Core and Authentication","WebAppSanityPackage.ProfileAppClass","WebAppSanityPackage.ProfileAppClass","case85","Click on Language Preferences section",""
"passed","Tue Dec 02 21:39:55 UTC 2025","Tue Dec 02 21:39:59 UTC 2025","3887","HabitNuWebAppSuite","1. Core and Authentication","WebAppSanityPackage.ProfileAppClass","WebAppSanityPackage.ProfileAppClass","case69","Upload file, name, type and cancel",""
"passed","Tue Dec 02 22:16:33 UTC 2025","Tue Dec 02 22:16:34 UTC 2025","1071","HabitNuWebAppSuite","4. Lifestyle and Social","WebAppSanityPackage.HabitsAppClass","WebAppSanityPackage.HabitsAppClass","case22","double click on habit button and it should open the pop up",""
"passed","Tue Dec 02 21:42:43 UTC 2025","Tue Dec 02 21:42:43 UTC 2025","176","HabitNuWebAppSuite","2. Health Metrics","WebAppSanityPackage.BloodPressure_Section","WebAppSanityPackage.BloodPressure_Section","case20_verifyHistoryTableDateTime","[MODAL] Verify blood pressure history table displays correct date/time entries with proper formatting",""
"passed","Tue Dec 02 21:46:52 UTC 2025","Tue Dec 02 21:46:57 UTC 2025","4498","HabitNuWebAppSuite","2. Health Metrics","WebAppSanityPackage.Hba1c","WebAppSanityPackage.Hba1c","case7","verify blank data in Hba1c section",""
"passed","Tue Dec 02 21:50:30 UTC 2025","Tue Dec 02 21:50:32 UTC 2025","2660","HabitNuWebAppSuite","2. Health Metrics","WebAppSanityPackage.ExerciseSection","WebAppSanityPackage.ExerciseSection","case12","edit data in exercise section",""
"passed","Tue Dec 02 21:50:32 UTC 2025","Tue Dec 02 21:50:33 UTC 2025","1008","HabitNuWebAppSuite","2. Health Metrics","WebAppSanityPackage.ExerciseSection","WebAppSanityPackage.ExerciseSection","case13","verify decimal data as others in exercise section",""
"passed","Tue Dec 02 21:36:36 UTC 2025","Tue Dec 02 21:36:38 UTC 2025","1449","HabitNuWebAppSuite","1. Core and Authentication","WebAppSanityPackage.HomePage","WebAppSanityPackage.HomePage","testLearnOrVideosSection","Verify content of the Learn or Videos page",""
"broken","Tue Dec 02 21:35:20 UTC 2025","Tue Dec 02 21:35:32 UTC 2025","12529","HabitNuWebAppSuite","1. Core and Authentication","WebAppSanityPackage.Login","WebAppSanityPackage.Login","testLoginWithInvalidOTP","Verify error message when using an invalid OTP",""
"passed","Tue Dec 02 21:58:28 UTC 2025","Tue Dec 02 21:58:40 UTC 2025","12242","HabitNuWebAppSuite","3. Nutrition and Recipes","WebAppSanityPackage.waterLog","WebAppSanityPackage.waterLog","case18","Validate setting reminders and verifying active time slots",""
"passed","Tue Dec 02 22:13:10 UTC 2025","Tue Dec 02 22:13:10 UTC 2025","448","HabitNuWebAppSuite","3. Nutrition and Recipes","WebAppSanityPackage.WebAppClass","WebAppSanityPackage.WebAppClass","case27","Validating data from View Food Log section",""
"passed","Tue Dec 02 21:47:35 UTC 2025","Tue Dec 02 21:47:37 UTC 2025","1246","HabitNuWebAppSuite","2. Health Metrics","WebAppSanityPackage.Medication","WebAppSanityPackage.Medication","case6","Coach- Users- Medication- Creating new Medications details like selecting Dosage",""
"passed","Tue Dec 02 21:58:06 UTC 2025","Tue Dec 02 21:58:07 UTC 2025","1244","HabitNuWebAppSuite","3. Nutrition and Recipes","WebAppSanityPackage.waterLog","WebAppSanityPackage.waterLog","case5","32 oz Water Log",""
"passed","Tue Dec 02 21:42:23 UTC 2025","Tue Dec 02 21:42:25 UTC 2025","1682","HabitNuWebAppSuite","2. Health Metrics","WebAppSanityPackage.BloodPressure_Section","WebAppSanityPackage.BloodPressure_Section","case14_editdiastolicTargetWithBlankValue","[MAIN CARD] Verify target edit validation error when clearing diastolic field (blank/empty value)",""
"passed","Tue Dec 02 22:13:10 UTC 2025","Tue Dec 02 22:13:36 UTC 2025","25935","HabitNuWebAppSuite","3. Nutrition and Recipes","WebAppSanityPackage.WebAppClass","WebAppSanityPackage.WebAppClass","case30","Coach-Users Test Case in meals section",""
"passed","Tue Dec 02 21:36:38 UTC 2025","Tue Dec 02 21:36:47 UTC 2025","9348","HabitNuWebAppSuite","1. Core and Authentication","WebAppSanityPackage.HomePage","WebAppSanityPackage.HomePage","testHabitsSection","Verify Habits panel content and functionality",""
"passed","Tue Dec 02 21:39:33 UTC 2025","Tue Dec 02 21:39:35 UTC 2025","1473","HabitNuWebAppSuite","1. Core and Authentication","WebAppSanityPackage.ProfileAppClass","WebAppSanityPackage.ProfileAppClass","case55","Select My diabetes status as valid reason and save",""
"passed","Tue Dec 02 21:39:13 UTC 2025","Tue Dec 02 21:39:13 UTC 2025","453","HabitNuWebAppSuite","1. Core and Authentication","WebAppSanityPackage.ProfileAppClass","WebAppSanityPackage.ProfileAppClass","keepZipcodevalidAndSaveforminus","Keep Zipcode with valid numbers and save → Should show validation error for missing '-' ",""
"passed","Tue Dec 02 22:09:10 UTC 2025","Tue Dec 02 22:09:10 UTC 2025","193","HabitNuWebAppSuite","3. Nutrition and Recipes","WebAppSanityPackage.recipeBuilder","WebAppSanityPackage.recipeBuilder","verifyLoggedRecipeUnderFood","verify logged recipe > under view food log",""
"passed","Tue Dec 02 21:51:08 UTC 2025","Tue Dec 02 21:51:13 UTC 2025","5266","HabitNuWebAppSuite","2. Health Metrics","WebAppSanityPackage.TobaccoSection","WebAppSanityPackage.TobaccoSection","case9_editTargetButDoNotSave","edit target values and do click on 'x' mark and do not save",""
"passed","Tue Dec 02 21:39:03 UTC 2025","Tue Dec 02 21:39:05 UTC 2025","1924","HabitNuWebAppSuite","1. Core and Authentication","WebAppSanityPackage.ProfileAppClass","WebAppSanityPackage.ProfileAppClass","keepAddressLine2BlankAndSave","Keep Address line 2 as blank and save",""
"passed","Tue Dec 02 22:02:02 UTC 2025","Tue Dec 02 22:02:31 UTC 2025","28890","HabitNuWebAppSuite","3. Nutrition and Recipes","WebAppSanityPackage.habiRecipe","WebAppSanityPackage.habiRecipe","case15_GenerateRecipeForDietType","Generate New Recipe for diet type",""
"passed","Tue Dec 02 22:12:47 UTC 2025","Tue Dec 02 22:12:51 UTC 2025","4332","HabitNuWebAppSuite","3. Nutrition and Recipes","WebAppSanityPackage.WebAppClass","WebAppSanityPackage.WebAppClass","case18","Attempt to Edit Food without Mandatory Fields",""
"passed","Tue Dec 02 21:44:56 UTC 2025","Tue Dec 02 21:44:57 UTC 2025","1667","HabitNuWebAppSuite","2. Health Metrics","WebAppSanityPackage.Sugar_Section","WebAppSanityPackage.Sugar_Section","case19","verify decimal data in Blood Sugar section After meal",""
"passed","Tue Dec 02 21:34:58 UTC 2025","Tue Dec 02 21:35:00 UTC 2025","1951","HabitNuWebAppSuite","1. Core and Authentication","WebAppSanityPackage.Login","WebAppSanityPackage.Login","testEmailCaseInsensitive","Verify email input is case-insensitive",""
"passed","Tue Dec 02 22:19:13 UTC 2025","Tue Dec 02 22:19:14 UTC 2025","933","HabitNuWebAppSuite","4. Lifestyle and Social","WebAppSanityPackage.Weights_lbs_Kgs","WebAppSanityPackage.Weights_lbs_Kgs","setValidTarget","enter valid Target",""
"passed","Tue Dec 02 21:43:02 UTC 2025","Tue Dec 02 21:43:02 UTC 2025","287","HabitNuWebAppSuite","2. Health Metrics","WebAppSanityPackage.Sugar_Section","WebAppSanityPackage.Sugar_Section","setValidTarget","enter valid Target",""
"passed","Tue Dec 02 21:40:39 UTC 2025","Tue Dec 02 21:40:40 UTC 2025","1312","HabitNuWebAppSuite","1. Core and Authentication","WebAppSanityPackage.ProfileAppClass","WebAppSanityPackage.ProfileAppClass","case90","Click on Manage Devices and validate connected devices",""
"passed","Tue Dec 02 21:36:27 UTC 2025","Tue Dec 02 21:36:27 UTC 2025","343","HabitNuWebAppSuite","1. Core and Authentication","WebAppSanityPackage.HomePage","WebAppSanityPackage.HomePage","testWeightLossProgressCardData","Verify the Weight Loss Progress card displays correct data",""
"passed","Tue Dec 02 21:36:29 UTC 2025","Tue Dec 02 21:36:35 UTC 2025","6148","HabitNuWebAppSuite","1. Core and Authentication","WebAppSanityPackage.HomePage","WebAppSanityPackage.HomePage","testFoodSection","Verify Food panel content and functionality",""
"passed","Tue Dec 02 21:42:43 UTC 2025","Tue Dec 02 21:42:43 UTC 2025","499","HabitNuWebAppSuite","2. Health Metrics","WebAppSanityPackage.BloodPressure_Section","WebAppSanityPackage.BloodPressure_Section","case21_verifyRequiredFieldValidation","[MODAL] Verify required field validation when submitting form with empty systolic and diastolic inputs",""
