"Status","Start Time","Stop Time","Duration in ms","Parent Suite","Suite","Sub Suite","Test Class","Test Method","Name","Description"
"passed","Sun Jun 07 23:02:33 UTC 2026","Sun Jun 07 23:02:37 UTC 2026","3541","HabitNuCoachPortalSuite","HabitNuCoachesPortalRegression-PartA","CoachesPortal.LearnModule.CustomerAdminCourseDocument","CoachesPortal.LearnModule.CustomerAdminCourseDocument","verifyDocuentVideoEditAndSave","Video Edit and Save",""
"passed","Sun Jun 07 23:29:25 UTC 2026","Sun Jun 07 23:29:30 UTC 2026","5131","HabitNuCoachPortalSuite","HabitNuCoachesPortalRegression-PartB","CoachesPortal.PatientDetails.PatientProfileDemographic","CoachesPortal.PatientDetails.PatientProfileDemographic","testSelectEmotionalYes","test1 > Given I am logged in as coach, testSelectEmotionalYes","test1 > Given I am logged in as coach, testSelectEmotionalYes"
"passed","Sun Jun 07 23:24:59 UTC 2026","Sun Jun 07 23:25:11 UTC 2026","11844","HabitNuCoachPortalSuite","HabitNuCoachesPortalRegression-PartB","CoachesPortal.PatientDetails.PatientProfileDemographic","CoachesPortal.PatientDetails.PatientProfileDemographic","updateethnicity_race_info","test1 > Given I am logged in as customer admin, ethnicity_race_info","test1 > Given I am logged in as customer admin, ethnicity_race_info"
"passed","Sun Jun 07 23:55:27 UTC 2026","Sun Jun 07 23:55:28 UTC 2026","1099","HabitNuCoachPortalSuite","HabitNuCoachesPortalRegression-PartC","CoachesPortal.PatientDetails.PatientProfileHealthProviders","CoachesPortal.PatientDetails.PatientProfileHealthProviders","deleteHealthProvider","delete HealthProvider for Ethylen",""
"passed","Sun Jun 07 23:54:46 UTC 2026","Sun Jun 07 23:55:01 UTC 2026","15248","HabitNuCoachPortalSuite","HabitNuCoachesPortalRegression-PartC","CoachesPortal.PatientDetails.PatientProfilePayerType","CoachesPortal.PatientDetails.PatientProfilePayerType","deletePayerTypes","verify PayerType can be deleted",""
"passed","Sun Jun 07 23:36:32 UTC 2026","Sun Jun 07 23:36:47 UTC 2026","15014","HabitNuCoachPortalSuite","UserActivities","CoachesPortal.PatientDetails.UserActivitiesTobacco","CoachesPortal.PatientDetails.UserActivitiesTobacco","verifyUserData_on_coachesPortal","Verify user data added on web on coaches portal",""
"passed","Sun Jun 07 23:01:11 UTC 2026","Sun Jun 07 23:01:16 UTC 2026","4674","HabitNuCoachPortalSuite","HabitNuCoachesPortalRegression-PartA","CoachesPortal.LearnModule.CustomerAdminCourseDocument","CoachesPortal.LearnModule.CustomerAdminCourseDocument","verifyAddValidUploadRequired","Add Valid upload Required",""
"passed","Sun Jun 07 23:00:44 UTC 2026","Sun Jun 07 23:00:48 UTC 2026","3251","HabitNuCoachPortalSuite","HabitNuCoachesPortalRegression-PartA","CoachesPortal.LearnModule.CustomerAdminCourseDocument","CoachesPortal.LearnModule.CustomerAdminCourseDocument","verifyLinkEditAndSave","Link Edit and Save",""
"passed","Mon Jun 08 00:02:09 UTC 2026","Mon Jun 08 00:02:11 UTC 2026","1316","HabitNuCoachPortalSuite","GroupDPPClassPlanner","CoachesPortal.ClassPlanner","CoachesPortal.ClassPlanner","case35","validate user is able to view classPlanner item==text",""
"passed","Sun Jun 07 23:48:00 UTC 2026","Sun Jun 07 23:48:02 UTC 2026","2056","HabitNuCoachPortalSuite","Paywal","CoachesPortal.payWall","CoachesPortal.payWall","testFilterTransactions","COP-T400: Validate all transaction filters",""
"broken","Sun Jun 07 23:38:43 UTC 2026","Sun Jun 07 23:39:07 UTC 2026","23382","HabitNuCoachPortalSuite","Scheduler","CoachesPortal.Schedular","CoachesPortal.Schedular","rescheduleMeeting","test6 >  Given I am logged in as coach, and on time slot page, When I click on created appointment, Then I should see Reschedule button, When I click on it and submit details, Then I should be able to save it","coach login - User should be able to reschedule appointment"
"passed","Mon Jun 08 00:02:23 UTC 2026","Mon Jun 08 00:02:42 UTC 2026","19244","HabitNuCoachPortalSuite","GeneralContent","CoachesPortal.generalContent_WEb_Coaches","CoachesPortal.generalContent_WEb_Coaches","Case5_selectRandomVideoTags","Selecting Random Video Tags for Video",""
"passed","Sun Jun 07 23:47:43 UTC 2026","Sun Jun 07 23:47:45 UTC 2026","1910","HabitNuCoachPortalSuite","Paywal","CoachesPortal.payWall","CoachesPortal.payWall","testFilterSubscriptions","COP-T397–399: Validate subscription filters",""
"passed","Mon Jun 08 00:15:31 UTC 2026","Mon Jun 08 00:15:34 UTC 2026","3218","HabitNuCoachPortalSuite","ParticipationsTable","CoachesPortal.participations","CoachesPortal.participations","test10_searchpartner","And user is able to search the user with participation ID",""
"passed","Mon Jun 08 00:05:17 UTC 2026","Mon Jun 08 00:05:28 UTC 2026","10522","HabitNuCoachPortalSuite","Milestones","CoachesPortal.VAMilestone","CoachesPortal.VAMilestone","test8_validating_VAHeaders_data","And user is validating to VAHeaders data by clicking arrow button",""
"passed","Sun Jun 07 23:54:39 UTC 2026","Sun Jun 07 23:54:40 UTC 2026","628","HabitNuCoachPortalSuite","HabitNuCoachesPortalRegression-PartC","CoachesPortal.PatientDetails.PatientProfilePayerType","CoachesPortal.PatientDetails.PatientProfilePayerType","deletePayertype","delete Payertype for Ethylen",""
"passed","Sun Jun 07 23:13:11 UTC 2026","Sun Jun 07 23:13:12 UTC 2026","261","HabitNuCoachPortalSuite","HabitNuCoachesPortalRegression-PartA","CoachesPortal.DiscussionForumPage","CoachesPortal.DiscussionForumPage","verifyFileIsNotBroken","test1 > Given I am logged in as coach, I am validating verify file is not broken","test1 > Given I am logged in as coach, I am validating verify file is not broken"
"passed","Mon Jun 08 00:00:53 UTC 2026","Mon Jun 08 00:00:53 UTC 2026","209","HabitNuCoachPortalSuite","GroupDPPClassPlanner","CoachesPortal.ClassPlanner","CoachesPortal.ClassPlanner","case6","Cancel the Edit list",""
"broken","Sun Jun 07 23:55:38 UTC 2026","Sun Jun 07 23:56:00 UTC 2026","21988","HabitNuCoachPortalSuite","LoginPageCases","CoachesPortal.LoginPageCases","CoachesPortal.LoginPageCases","testRestpasswordCase1","validate users be able to reset password, while doing so entering passwords that matches with previous ones ",""
"passed","Sun Jun 07 23:19:21 UTC 2026","Sun Jun 07 23:19:21 UTC 2026","38","HabitNuCoachPortalSuite","HabitNuCoachesPortalRegression-PartB","CoachesPortal.OnsiteUsersListDashboard","CoachesPortal.OnsiteUsersListDashboard","case45","test1 > Given I am logged in as customerAdmin, validate disenrolled status under Milestone column - colorcode","test1 > Given I am logged in as customerAdmin, validate disenrolled status under Milestone column - colorcode"
"passed","Sun Jun 07 23:45:10 UTC 2026","Sun Jun 07 23:45:14 UTC 2026","4087","HabitNuCoachPortalSuite","Paywal","CoachesPortal.payWall","CoachesPortal.payWall","testPublishAnnualPaymentPlan","COP-T390B: Publish the Annual Payment Plan",""
"broken","Mon Jun 08 00:18:32 UTC 2026","Mon Jun 08 00:19:13 UTC 2026","41276","HabitNuCoachPortalSuite","DifferentTypeOfDashboards","CoachesPortal.CohortLevelDashboard.ParticipantsProgressTracker","CoachesPortal.CohortLevelDashboard.ParticipantsProgressTracker","test2_participants","And user is navigating to participants and create a new user.",""
"passed","Sun Jun 07 23:25:35 UTC 2026","Sun Jun 07 23:25:46 UTC 2026","11195","HabitNuCoachPortalSuite","HabitNuCoachesPortalRegression-PartB","CoachesPortal.PatientDetails.PatientProfileDemographic","CoachesPortal.PatientDetails.PatientProfileDemographic","updateCurrentGender","test1 > Given I am logged in as customer admin, Current Gender","test1 > Given I am logged in as customer admin, Current Gender"
"passed","Sun Jun 07 23:18:51 UTC 2026","Sun Jun 07 23:18:55 UTC 2026","3232","HabitNuCoachPortalSuite","HabitNuCoachesPortalRegression-PartB","CoachesPortal.OnsiteUsersListDashboard","CoachesPortal.OnsiteUsersListDashboard","case36","test1 > Given I am logged in as customerAdmin, sorting users table with Join Date in asc order","test1 > Given I am logged in as customerAdmin, sorting users table with Join Date in asc order"
"passed","Sun Jun 07 23:32:25 UTC 2026","Sun Jun 07 23:32:38 UTC 2026","12350","HabitNuCoachPortalSuite","UserActivities","CoachesPortal.PatientDetails.UserActivitiesBloodSugar","CoachesPortal.PatientDetails.UserActivitiesBloodSugar","verifyBloodSugarInCoachPortal","Verify user as Ethelyn in useractivities tab added current date blood sugar fasting ,before meal and after meal",""
"passed","Mon Jun 08 00:00:51 UTC 2026","Mon Jun 08 00:00:52 UTC 2026","1276","HabitNuCoachPortalSuite","GroupDPPClassPlanner","CoachesPortal.ClassPlanner","CoachesPortal.ClassPlanner","case4","create multiple lists",""
"skipped","Mon Jun 08 00:12:18 UTC 2026","Mon Jun 08 00:12:18 UTC 2026","0","HabitNuCoachPortalSuite","UserDashboard","CoachesPortal.PatientDashboard","CoachesPortal.PatientDashboard","patientWeeklyStatus_WEIGHTS","patientWeeklyStatus_WEIGHTS",""
"passed","Sun Jun 07 23:19:29 UTC 2026","Sun Jun 07 23:19:35 UTC 2026","5259","HabitNuCoachPortalSuite","HabitNuCoachesPortalRegression-PartB","CoachesPortal.OnsiteUsersListDashboard","CoachesPortal.OnsiteUsersListDashboard","case52","test1 > Given I am logged in as customerAdmin, validate 'Show unassigned users' checkbox","test1 > Given I am logged in as customerAdmin, validate 'Show unassigned users' checkbox"
"passed","Mon Jun 08 00:04:18 UTC 2026","Mon Jun 08 00:04:20 UTC 2026","2249","HabitNuCoachPortalSuite","Milestones","CoachesPortal.BPSMMilestone","CoachesPortal.BPSMMilestone","test9_validating_BPSMHeaders_data","And user is validating to BPSmHeaders data by clicking arrow button",""
"passed","Sun Jun 07 23:28:21 UTC 2026","Sun Jun 07 23:28:23 UTC 2026","2722","HabitNuCoachPortalSuite","HabitNuCoachesPortalRegression-PartB","CoachesPortal.PatientDetails.PatientProfileDemographic","CoachesPortal.PatientDetails.PatientProfileDemographic","updateAndVerifyBaselineHealthData","test1 > Given I am logged in as coach, updateAndVerifyBaselineHealthData","test1 > Given I am logged in as coach, updateAndVerifyBaselineHealthData"
"passed","Sun Jun 07 23:58:02 UTC 2026","Sun Jun 07 23:58:07 UTC 2026","5564","HabitNuCoachPortalSuite","LogClassSession","CoachesPortal.LogClassSession","CoachesPortal.LogClassSession","verifyAddOnlyLF","Verify error message=='Weight is required' & 'Date is required' are displayed, when coach tries to save logclass session with Only LF' ",""
"passed","Sun Jun 07 23:28:18 UTC 2026","Sun Jun 07 23:28:18 UTC 2026","17","HabitNuCoachPortalSuite","HabitNuCoachesPortalRegression-PartB","CoachesPortal.PatientDetails.PatientProfileDemographic","CoachesPortal.PatientDetails.PatientProfileDemographic","verifyScaleOrderDetails","test1 > Given I am logged in as coach, verifyScaleOrderDetails","test1 > Given I am logged in as coach, verifyScaleOrderDetails"
"passed","Sun Jun 07 23:14:14 UTC 2026","Sun Jun 07 23:14:15 UTC 2026","694","HabitNuCoachPortalSuite","HabitNuCoachesPortalRegression-PartA","CoachesPortal.DiscussionForumPage","CoachesPortal.DiscussionForumPage","case24","test1 > Given I am logged in as coach, I am validating Pin The post","test1 > Given I am logged in as coach, I am validating Pin The post"
"passed","Sun Jun 07 23:45:03 UTC 2026","Sun Jun 07 23:45:07 UTC 2026","3395","HabitNuCoachPortalSuite","Paywal","CoachesPortal.payWall","CoachesPortal.payWall","testEditDraftPaymentPlan","COP-T389: Edit the Monthly Draft Payment Plan",""
"passed","Sun Jun 07 23:49:23 UTC 2026","Sun Jun 07 23:49:30 UTC 2026","6504","HabitNuCoachPortalSuite","Paywal","CoachesPortal.payWall","CoachesPortal.payWall","testSubscriptionFailureScenario","COP-T415: Validate subscription failure scenario",""
"passed","Sun Jun 07 23:23:14 UTC 2026","Sun Jun 07 23:23:14 UTC 2026","17","HabitNuCoachPortalSuite","HabitNuCoachesPortalRegression-PartB","CoachesPortal.PatientDetails.PatientProfileDemographic","CoachesPortal.PatientDetails.PatientProfileDemographic","verifyScaleOrderDetails","test1 > Given I am logged in as customer admin, verifyScaleOrderDetails","test1 > Given I am logged in as customer admin, verifyScaleOrderDetails"
"skipped","Mon Jun 08 00:12:18 UTC 2026","Mon Jun 08 00:12:18 UTC 2026","0","HabitNuCoachPortalSuite","UserDashboard","CoachesPortal.PatientDashboard","CoachesPortal.PatientDashboard","patientWeeklyStatus_STEPS","patientWeeklyStatus_STEPS",""
"broken","Mon Jun 08 00:10:27 UTC 2026","Mon Jun 08 00:11:28 UTC 2026","60537","HabitNuCoachPortalSuite","UserDashboard","CoachesPortal.PatientDashboard","CoachesPortal.PatientDashboard","habitCard_NotDone","test16 > Given I am logged in as admin, when I am on adding a habit for the user, Then I should be able to see added habit and as 'NOT DONE' on Habits graph","admin login - user/patient/partcipant dashboard validation"
"broken","Sun Jun 07 23:56:47 UTC 2026","Sun Jun 07 23:57:08 UTC 2026","20343","HabitNuCoachPortalSuite","LoginPageCases","CoachesPortal.LoginPageCases","CoachesPortal.LoginPageCases","testClickOnForgetPasswordLink","validate forget-password link button",""
"passed","Mon Jun 08 00:18:15 UTC 2026","Mon Jun 08 00:18:15 UTC 2026","39","HabitNuCoachPortalSuite","DifferentTypeOfDashboards","CoachesPortal.CohortLevelDashboard.DSMEDashboardCoachesPortal","CoachesPortal.CohortLevelDashboard.DSMEDashboardCoachesPortal","test17_verifyWeightLossByPatientsWithAllDefaultOption","Verify Weight Loss by Patients Should be selected by dropdownCard with all as default option",""
"broken","Sun Jun 07 23:37:42 UTC 2026","Sun Jun 07 23:37:42 UTC 2026","121","HabitNuCoachPortalSuite","Scheduler","CoachesPortal.Schedular","CoachesPortal.Schedular","openAppoitmentCreateForm","test2 > Given I am logged in as coach, When I click on time slot, Then I should be able to see the create appointment form","coach login - It should open meeting form"
"passed","Sun Jun 07 22:52:25 UTC 2026","Sun Jun 07 22:52:27 UTC 2026","1810","HabitNuCoachPortalSuite","HabitNuCoachesPortalRegression-PartA","CoachesPortal.LearnModule.Learn","CoachesPortal.LearnModule.Learn","checkLearnTabOnCoachesWhenCourseIsPublished","check learn tab on coaches portal when course is published",""
"passed","Sun Jun 07 22:52:31 UTC 2026","Sun Jun 07 22:52:40 UTC 2026","9612","HabitNuCoachPortalSuite","HabitNuCoachesPortalRegression-PartA","CoachesPortal.LearnModule.Learn","CoachesPortal.LearnModule.Learn","checkLearnTabOnWebWhenCourseIsPublished","check learn tab visibilty on web app when no course is published from coaches portal",""
"broken","Sun Jun 07 23:21:37 UTC 2026","Sun Jun 07 23:22:12 UTC 2026","35373","HabitNuCoachPortalSuite","HabitNuCoachesPortalRegression-PartB","CoachesPortal.OnsiteUsersListDashboard","CoachesPortal.OnsiteUsersListDashboard","verifyConfirmed_By_CoachNo","test1 > Given I am logged in as customerAdmin, verifyConfirmed_By_Coach is updated to TRUE when coach update to No from user profile","test1 > Given I am logged in as customerAdmin, verifyConfirmed_By_Coach is updated to TRUE when coach update to No from user profile"
"passed","Sun Jun 07 23:29:30 UTC 2026","Sun Jun 07 23:29:30 UTC 2026","5","HabitNuCoachPortalSuite","HabitNuCoachesPortalRegression-PartB","CoachesPortal.PatientDetails.PatientProfileDemographic","CoachesPortal.PatientDetails.PatientProfileDemographic","deleteEthnicityAndRace","test1 > Given I am logged in as coach, Ethnicity and Race","test1 > Given I am logged in as coach, Ethnicity and Race"
"passed","Sun Jun 07 23:41:43 UTC 2026","Sun Jun 07 23:42:47 UTC 2026","63393","HabitNuCoachPortalSuite","Scheduler","CoachesPortal.Schedular","CoachesPortal.Schedular","validateInteractionEntries_InteractionOn","test1 > Given I am logged in as coach, verify group interaction entries are made automatically when meet is attended for min of 1min > Validating field==InteractionOn","test1 > Given I am logged in as coach, verify group interaction entries are made automatically when meet is attended for min of 1min > Validating field==InteractionOn"
"passed","Sun Jun 07 23:56:44 UTC 2026","Sun Jun 07 23:56:47 UTC 2026","2520","HabitNuCoachPortalSuite","LoginPageCases","CoachesPortal.LoginPageCases","CoachesPortal.LoginPageCases","case15","Coaches Portal Feedback URL -> Add Feedback-> Keep other fields empty -> Click on Submit Feedback",""
"skipped","Sun Jun 07 23:49:30 UTC 2026","Sun Jun 07 23:49:30 UTC 2026","0","HabitNuCoachPortalSuite","Paywal","CoachesPortal.payWall","CoachesPortal.payWall","testMultiplePlansLinkedToProgram","COP-T412: Validate multiple plans linked to a program",""
"skipped","Mon Jun 08 00:12:18 UTC 2026","Mon Jun 08 00:12:18 UTC 2026","0","HabitNuCoachPortalSuite","UserDashboard","CoachesPortal.PatientDashboard","CoachesPortal.PatientDashboard","habitCard_NotDone","Physical Activity History section",""
"passed","Sun Jun 07 23:42:47 UTC 2026","Sun Jun 07 23:42:47 UTC 2026","58","HabitNuCoachPortalSuite","Scheduler","CoachesPortal.Schedular","CoachesPortal.Schedular","validateInteractionEntries_Claimed","test1 > Given I am logged in as coach, verify group interaction entries are made automatically when meet is attended for min of 1min > Validating field==Claimed","test1 > Given I am logged in as coach, verify group interaction entries are made automatically when meet is attended for min of 1min > Validating field==Claimed"
"passed","Sun Jun 07 23:47:28 UTC 2026","Sun Jun 07 23:47:31 UTC 2026","3749","HabitNuCoachPortalSuite","Paywal","CoachesPortal.payWall","CoachesPortal.payWall","testFilterSubscriptions","COP-T397–399: Validate subscription filters",""
"passed","Sun Jun 07 23:00:35 UTC 2026","Sun Jun 07 23:00:36 UTC 2026","723","HabitNuCoachPortalSuite","HabitNuCoachesPortalRegression-PartA","CoachesPortal.LearnModule.CustomerAdminCourseDocument","CoachesPortal.LearnModule.CustomerAdminCourseDocument","verifyCustAdminCourseDocument","Verify Customer Admin Should have CourseDocument",""
"passed","Sun Jun 07 23:57:35 UTC 2026","Sun Jun 07 23:57:37 UTC 2026","2457","HabitNuCoachPortalSuite","LogClassSession","CoachesPortal.LogClassSession","CoachesPortal.LogClassSession","verifyDashboardClickParticipant","Verify on Clicking a Searched Participant, it should take to that participant's dashboard",""
"passed","Sun Jun 07 23:07:51 UTC 2026","Sun Jun 07 23:07:54 UTC 2026","2768","HabitNuCoachPortalSuite","HabitNuCoachesPortalRegression-PartA","CoachesPortal.DiscussionForumPage","CoachesPortal.DiscussionForumPage","case28","test1 > Given I am logged in as customerAdmin, I am validating Delete all posts","test1 > Given I am logged in as customerAdmin, I am validating Delete all posts"
"passed","Mon Jun 08 00:05:06 UTC 2026","Mon Jun 08 00:05:11 UTC 2026","4603","HabitNuCoachPortalSuite","Milestones","CoachesPortal.VAMilestone","CoachesPortal.VAMilestone","test1_navigatingcoach","Given user is navigating to coaches portal",""
"passed","Sun Jun 07 23:14:03 UTC 2026","Sun Jun 07 23:14:04 UTC 2026","1309","HabitNuCoachPortalSuite","HabitNuCoachesPortalRegression-PartA","CoachesPortal.DiscussionForumPage","CoachesPortal.DiscussionForumPage","case18","test1 > Given I am logged in as coach, I am validating Edit Post- Subject only- Update- Success","test1 > Given I am logged in as coach, I am validating Edit Post- Subject only- Update- Success"
"passed","Sun Jun 07 23:05:15 UTC 2026","Sun Jun 07 23:05:16 UTC 2026","1298","HabitNuCoachPortalSuite","HabitNuCoachesPortalRegression-PartA","CoachesPortal.DiscussionForumPage","CoachesPortal.DiscussionForumPage","case18","test1 > Given I am logged in as customerAdmin, I am validating Edit Post- Subject only- Update- Success","test1 > Given I am logged in as customerAdmin, I am validating Edit Post- Subject only- Update- Success"
"passed","Sun Jun 07 23:01:35 UTC 2026","Sun Jun 07 23:01:46 UTC 2026","10845","HabitNuCoachPortalSuite","HabitNuCoachesPortalRegression-PartA","CoachesPortal.LearnModule.CustomerAdminCourseDocument","CoachesPortal.LearnModule.CustomerAdminCourseDocument","verifyAddVideo","Add Video",""
"passed","Sun Jun 07 23:17:21 UTC 2026","Sun Jun 07 23:17:32 UTC 2026","10450","HabitNuCoachPortalSuite","HabitNuCoachesPortalRegression-PartB","CoachesPortal.OnsiteUsersListDashboard","CoachesPortal.OnsiteUsersListDashboard","case14","test1 > Given I am logged in as coach, SDOH Risk Area flag test case.","test1 > Given I am logged in as coach, SDOH Risk Area flag test case."
"passed","Sun Jun 07 23:28:27 UTC 2026","Sun Jun 07 23:28:27 UTC 2026","44","HabitNuCoachPortalSuite","HabitNuCoachesPortalRegression-PartB","CoachesPortal.PatientDetails.PatientProfileDemographic","CoachesPortal.PatientDetails.PatientProfileDemographic","verifyOtherdetails","test1 > Given I am logged in as coach, verifyOtherdetails","test1 > Given I am logged in as coach, verifyOtherdetails"
"passed","Mon Jun 08 00:09:52 UTC 2026","Mon Jun 08 00:10:01 UTC 2026","8774","HabitNuCoachPortalSuite","UserDashboard","CoachesPortal.PatientDashboard","CoachesPortal.PatientDashboard","patientWeeklyStatus_STEPS","test4 > Given I am logged in as admin, wehn I am on adding steps from user Dashboard, Then I should be able to see added exercise steps count==1 under patientWeeklyStatus_STEPS","admin login - user/patient/partcipant dashboard validation"
"broken","Sun Jun 07 23:23:35 UTC 2026","Sun Jun 07 23:24:10 UTC 2026","35146","HabitNuCoachPortalSuite","HabitNuCoachesPortalRegression-PartB","CoachesPortal.PatientDetails.PatientProfileDemographic","CoachesPortal.PatientDetails.PatientProfileDemographic","testSelectRememberingUnknown","test1 > Given I am logged in as customer admin, testSelectRememberingUnknown","test1 > Given I am logged in as customer admin, testSelectRememberingUnknown"
"broken","Mon Jun 08 00:13:43 UTC 2026","Mon Jun 08 00:14:08 UTC 2026","24670","HabitNuCoachPortalSuite","FeatureFlags","CoachesPortal.FeatureFlags","CoachesPortal.FeatureFlags","test15_addrulesforuser_multipletimes","And user is able to add the rule for user level multiple times",""
"passed","Mon Jun 08 00:04:14 UTC 2026","Mon Jun 08 00:04:16 UTC 2026","2252","HabitNuCoachPortalSuite","Milestones","CoachesPortal.BPSMMilestone","CoachesPortal.BPSMMilestone","test7_validating_BPSMHeaders_data","And user is validating to BPSmHeaders data by clicking arrow button",""
"passed","Mon Jun 08 00:02:00 UTC 2026","Mon Jun 08 00:02:01 UTC 2026","1326","HabitNuCoachPortalSuite","GroupDPPClassPlanner","CoachesPortal.ClassPlanner","CoachesPortal.ClassPlanner","case31","Login to coach portal -> select the cohort -> Class planner -> Click on Edit (pencil) button -> add the participant -> Done",""
"passed","Mon Jun 08 00:03:31 UTC 2026","Mon Jun 08 00:03:32 UTC 2026","1838","HabitNuCoachPortalSuite","GeneralContent","CoachesPortal.generalContent_WEb_Coaches","CoachesPortal.generalContent_WEb_Coaches","CoachesPortalGroup","delecting created Group",""
"passed","Sun Jun 07 23:25:46 UTC 2026","Sun Jun 07 23:25:56 UTC 2026","10705","HabitNuCoachPortalSuite","HabitNuCoachesPortalRegression-PartB","CoachesPortal.PatientDetails.PatientProfileDemographic","CoachesPortal.PatientDetails.PatientProfileDemographic","updateMaritalStatus","test1 > Given I am logged in as customer admin, Marital Status","test1 > Given I am logged in as customer admin, Marital Status"
"passed","Sun Jun 07 23:55:28 UTC 2026","Sun Jun 07 23:55:29 UTC 2026","473","HabitNuCoachPortalSuite","HabitNuCoachesPortalRegression-PartC","CoachesPortal.PatientDetails.PatientProfileHealthProviders","CoachesPortal.PatientDetails.PatientProfileHealthProviders","verifyHealthProvider","verify HealthProvider for Ethylen",""
"passed","Sun Jun 07 23:30:37 UTC 2026","Sun Jun 07 23:30:50 UTC 2026","12643","HabitNuCoachPortalSuite","UserActivities","CoachesPortal.PatientDetails.UserActivitiesBloodPressure","CoachesPortal.PatientDetails.UserActivitiesBloodPressure","verifyAddCurrentDateBloodPressure","Verify user as Ethelyn in useractivities tab and add current date blood pressure",""
"passed","Sun Jun 07 23:16:59 UTC 2026","Sun Jun 07 23:16:59 UTC 2026","236","HabitNuCoachPortalSuite","HabitNuCoachesPortalRegression-PartB","CoachesPortal.OnsiteUsersListDashboard","CoachesPortal.OnsiteUsersListDashboard","case2","test1 > Given I am logged in as coach, Users- All expected elements is displayed.","test1 > Given I am logged in as coach, Users- All expected elements is displayed."
"passed","Sun Jun 07 23:30:20 UTC 2026","Sun Jun 07 23:30:24 UTC 2026","3773","HabitNuCoachPortalSuite","PatientsProfileAllergies","CoachesPortal.PatientDetails.PatientsProfileAllergies","CoachesPortal.PatientDetails.PatientsProfileAllergies","verifyMedication","verify allergy for Ethylen",""
"passed","Sun Jun 07 23:43:50 UTC 2026","Sun Jun 07 23:43:50 UTC 2026","0","HabitNuCoachPortalSuite","Scheduler","CoachesPortal.Schedular","CoachesPortal.Schedular","validateInteractionEntries_Duration","test1 > Given I am logged in as admin, verify group interaction entries are made automatically when meet is attended for min of 1min > Validating field==Duration","test1 > Given I am logged in as admin, verify group interaction entries are made automatically when meet is attended for min of 1min > Validating field==Duration"
"passed","Sun Jun 07 23:19:29 UTC 2026","Sun Jun 07 23:19:29 UTC 2026","33","HabitNuCoachPortalSuite","HabitNuCoachesPortalRegression-PartB","CoachesPortal.OnsiteUsersListDashboard","CoachesPortal.OnsiteUsersListDashboard","case51","test1 > Given I am logged in as customerAdmin, validate enrolled status under Milestone column - colorcode","test1 > Given I am logged in as customerAdmin, validate enrolled status under Milestone column - colorcode"
"skipped","Mon Jun 08 00:12:18 UTC 2026","Mon Jun 08 00:12:18 UTC 2026","0","HabitNuCoachPortalSuite","UserDashboard","CoachesPortal.PatientDashboard","CoachesPortal.PatientDashboard","bloodPressureHistory","bloodPressureHistory",""
"passed","Sun Jun 07 23:43:50 UTC 2026","Sun Jun 07 23:43:50 UTC 2026","0","HabitNuCoachPortalSuite","Scheduler","CoachesPortal.Schedular","CoachesPortal.Schedular","validateInteractionEntries_Claimed","test1 > Given I am logged in as admin, verify group interaction entries are made automatically when meet is attended for min of 1min > Validating field==Claimed","test1 > Given I am logged in as admin, verify group interaction entries are made automatically when meet is attended for min of 1min > Validating field==Claimed"
"skipped","Mon Jun 08 00:12:18 UTC 2026","Mon Jun 08 00:12:18 UTC 2026","0","HabitNuCoachPortalSuite","UserDashboard","CoachesPortal.PatientDashboard","CoachesPortal.PatientDashboard","Last_AFterMeal_Blood_Sugar","Physical Activity History section",""
"passed","Sun Jun 07 23:23:14 UTC 2026","Sun Jun 07 23:23:14 UTC 2026","31","HabitNuCoachPortalSuite","HabitNuCoachesPortalRegression-PartB","CoachesPortal.PatientDetails.PatientProfileDemographic","CoachesPortal.PatientDetails.PatientProfileDemographic","verifyDisenrollmentDetails","test1 > Given I am logged in as customer admin, verifyDisenrollmentDetails","test1 > Given I am logged in as customer admin, verifyDisenrollmentDetails"
"skipped","Mon Jun 08 00:12:18 UTC 2026","Mon Jun 08 00:12:18 UTC 2026","0","HabitNuCoachPortalSuite","UserDashboard","CoachesPortal.PatientDashboard","CoachesPortal.PatientDashboard","patientVWeeklyStatusVideo_when_partiallyWatched","Physical Activity History section",""
"broken","Mon Jun 08 00:19:54 UTC 2026","Mon Jun 08 00:20:38 UTC 2026","43897","HabitNuCoachPortalSuite","DifferentTypeOfDashboards","CoachesPortal.CohortLevelDashboard.ParticipantsProgressTracker","CoachesPortal.CohortLevelDashboard.ParticipantsProgressTracker","test4_Change_Filter_Status","And user is able to change the participants status",""
"passed","Sun Jun 07 23:19:21 UTC 2026","Sun Jun 07 23:19:21 UTC 2026","160","HabitNuCoachPortalSuite","HabitNuCoachesPortalRegression-PartB","CoachesPortal.OnsiteUsersListDashboard","CoachesPortal.OnsiteUsersListDashboard","case46","test1 > Given I am logged in as customerAdmin, hover over milestone dot to validate disenrolled state text","test1 > Given I am logged in as customerAdmin, hover over milestone dot to validate disenrolled state text"
"passed","Sun Jun 07 23:25:11 UTC 2026","Sun Jun 07 23:25:23 UTC 2026","12286","HabitNuCoachPortalSuite","HabitNuCoachesPortalRegression-PartB","CoachesPortal.PatientDetails.PatientProfileDemographic","CoachesPortal.PatientDetails.PatientProfileDemographic","updatepreferred_name","test1 > Given I am logged in as customer admin, preferred_name","test1 > Given I am logged in as customer admin, preferred_name"
"passed","Sun Jun 07 23:27:16 UTC 2026","Sun Jun 07 23:27:18 UTC 2026","2257","HabitNuCoachPortalSuite","HabitNuCoachesPortalRegression-PartB","CoachesPortal.PatientDetails.PatientProfileDemographic","CoachesPortal.PatientDetails.PatientProfileDemographic","verifyConfirmed_By_CoachYes","test1 > Given I am logged in as customer admin, verifyConfirmed_By_Coach by clicking on Yes","test1 > Given I am logged in as customer admin, verifyConfirmed_By_Coach by clicking on Yes"
"failed","Sun Jun 07 23:42:47 UTC 2026","Sun Jun 07 23:42:47 UTC 2026","129","HabitNuCoachPortalSuite","Scheduler","CoachesPortal.Schedular","CoachesPortal.Schedular","validateInteractionEntries_Duration","test1 > Given I am logged in as coach, verify group interaction entries are made automatically when meet is attended for min of 1min > Validating field==Duration","test1 > Given I am logged in as coach, verify group interaction entries are made automatically when meet is attended for min of 1min > Validating field==Duration"
"failed","Mon Jun 08 00:10:21 UTC 2026","Mon Jun 08 00:10:21 UTC 2026","98","HabitNuCoachPortalSuite","UserDashboard","CoachesPortal.PatientDashboard","CoachesPortal.PatientDashboard","patientWeeklyStatus_GroupClasses","test10 > Given I am logged in as admin, when I am on adding groupInteraction from user Interaction tab, Then I should be able to see added interaction count==1 under patientWeeklyStatus_GroupClasses","admin login - user/patient/partcipant dashboard validation"
"passed","Mon Jun 08 00:04:12 UTC 2026","Mon Jun 08 00:04:14 UTC 2026","1837","HabitNuCoachPortalSuite","Milestones","CoachesPortal.BPSMMilestone","CoachesPortal.BPSMMilestone","test6_validating_BPSMHeaders_Name","And user is validating to BPSMHeaders data by clicking arrow button",""
"passed","Sun Jun 07 23:03:52 UTC 2026","Sun Jun 07 23:03:54 UTC 2026","2195","HabitNuCoachPortalSuite","HabitNuCoachesPortalRegression-PartA","CoachesPortal.DiscussionForumPage","CoachesPortal.DiscussionForumPage","case7","test1 > Given I am logged in as customerAdmin, I am validating Add subject and describe- success post.","test1 > Given I am logged in as customerAdmin, I am validating Add subject and describe- success post."
"passed","Sun Jun 07 22:50:36 UTC 2026","Sun Jun 07 22:50:41 UTC 2026","5205","HabitNuCoachPortalSuite","HabitNuCoachesPortalRegression-PartA","CoachesPortal.LearnModule.Learn","CoachesPortal.LearnModule.Learn","verifyCourseActions","Verify course Actions on hovering shows all the buttons",""
"passed","Sun Jun 07 23:29:30 UTC 2026","Sun Jun 07 23:29:32 UTC 2026","2253","HabitNuCoachPortalSuite","HabitNuCoachesPortalRegression-PartB","CoachesPortal.PatientDetails.PatientProfileDemographic","CoachesPortal.PatientDetails.PatientProfileDemographic","verifyConfirmed_By_CoachYes","test1 > Given I am logged in as coach, verifyConfirmed_By_Coach by clicking on Yes","test1 > Given I am logged in as coach, verifyConfirmed_By_Coach by clicking on Yes"
"passed","Sun Jun 07 23:00:36 UTC 2026","Sun Jun 07 23:00:36 UTC 2026","44","HabitNuCoachPortalSuite","HabitNuCoachesPortalRegression-PartA","CoachesPortal.LearnModule.CustomerAdminCourseDocument","CoachesPortal.LearnModule.CustomerAdminCourseDocument","verifyAllElementsInCourseDocuments_","Verify all Elements In CourseDocument",""
"broken","Mon Jun 08 00:16:53 UTC 2026","Mon Jun 08 00:17:07 UTC 2026","13452","HabitNuCoachPortalSuite","DifferentTypeOfDashboards","CoachesPortal.CohortLevelDashboard.DSMEDashboardCoachesPortal","CoachesPortal.CohortLevelDashboard.DSMEDashboardCoachesPortal","test6_Disenrolled","And user is validating Disenrolled",""
"passed","Sun Jun 07 23:03:49 UTC 2026","Sun Jun 07 23:03:51 UTC 2026","2498","HabitNuCoachPortalSuite","HabitNuCoachesPortalRegression-PartA","CoachesPortal.DiscussionForumPage","CoachesPortal.DiscussionForumPage","case2","test1 > Given I am logged in as customerAdmin, I am validating Discussions- All elements check","test1 > Given I am logged in as customerAdmin, I am validating Discussions- All elements check"
"passed","Sun Jun 07 23:56:44 UTC 2026","Sun Jun 07 23:56:44 UTC 2026","88","HabitNuCoachPortalSuite","LoginPageCases","CoachesPortal.LoginPageCases","CoachesPortal.LoginPageCases","case12","Coaches Portal Feedback URL -> Keep the feedback page empty -> Click on Submit Feedback",""
"passed","Sun Jun 07 23:13:13 UTC 2026","Sun Jun 07 23:13:17 UTC 2026","4104","HabitNuCoachPortalSuite","HabitNuCoachesPortalRegression-PartA","CoachesPortal.DiscussionForumPage","CoachesPortal.DiscussionForumPage","case14","test1 > Given I am logged in as coach, I am validating File upload-error ","test1 > Given I am logged in as coach, I am validating File upload-error "
"passed","Sun Jun 07 22:52:27 UTC 2026","Sun Jun 07 22:52:31 UTC 2026","4087","HabitNuCoachPortalSuite","HabitNuCoachesPortalRegression-PartA","CoachesPortal.LearnModule.Learn","CoachesPortal.LearnModule.Learn","removeCourseFromTheCohort","remove course from the cohort",""
"broken","Sun Jun 07 23:56:22 UTC 2026","Sun Jun 07 23:56:23 UTC 2026","82","HabitNuCoachPortalSuite","LoginPageCases","CoachesPortal.LoginPageCases","CoachesPortal.LoginPageCases","testLoginWithoutEmailAndPassword","try login without email and password",""
"passed","Sun Jun 07 23:48:10 UTC 2026","Sun Jun 07 23:48:12 UTC 2026","1635","HabitNuCoachPortalSuite","Paywal","CoachesPortal.payWall","CoachesPortal.payWall","testFilterTransactions","COP-T400: Validate all transaction filters",""
"passed","Mon Jun 08 00:12:29 UTC 2026","Mon Jun 08 00:12:29 UTC 2026","69","HabitNuCoachPortalSuite","FeatureFlags","CoachesPortal.FeatureFlags","CoachesPortal.FeatureFlags","test10_clickaddrule","And user is able to click on add rule button",""
"passed","Sun Jun 07 23:28:34 UTC 2026","Sun Jun 07 23:28:39 UTC 2026","5118","HabitNuCoachPortalSuite","HabitNuCoachesPortalRegression-PartB","CoachesPortal.PatientDetails.PatientProfileDemographic","CoachesPortal.PatientDetails.PatientProfileDemographic","testSelectBlindNo","test1 > Given I am logged in as coach, testSelectBlindNo","test1 > Given I am logged in as coach, testSelectBlindNo"
"passed","Mon Jun 08 00:23:00 UTC 2026","Mon Jun 08 00:23:21 UTC 2026","20561","HabitNuCoachPortalSuite","DifferentTypeOfDashboards","CoachesPortal.CohortLevelDashboard.ParticipantsProgressTracker","CoachesPortal.CohortLevelDashboard.ParticipantsProgressTracker","test6_Search_Users","And user is able to search the users",""
"passed","Sun Jun 07 23:17:08 UTC 2026","Sun Jun 07 23:17:18 UTC 2026","10396","HabitNuCoachPortalSuite","HabitNuCoachesPortalRegression-PartB","CoachesPortal.OnsiteUsersListDashboard","CoachesPortal.OnsiteUsersListDashboard","case10","test1 > Given I am logged in as coach, Choose Cohort which does not have form- multiple_classes_ofChild.","test1 > Given I am logged in as coach, Choose Cohort which does not have form- multiple_classes_ofChild."
"passed","Mon Jun 08 00:00:57 UTC 2026","Mon Jun 08 00:00:58 UTC 2026","986","HabitNuCoachPortalSuite","GroupDPPClassPlanner","CoachesPortal.ClassPlanner","CoachesPortal.ClassPlanner","case12","Edit the Created card",""
"passed","Sun Jun 07 23:24:21 UTC 2026","Sun Jun 07 23:24:26 UTC 2026","5102","HabitNuCoachPortalSuite","HabitNuCoachesPortalRegression-PartB","CoachesPortal.PatientDetails.PatientProfileDemographic","CoachesPortal.PatientDetails.PatientProfileDemographic","testSelectEmotionalYes","test1 > Given I am logged in as customer admin, testSelectEmotionalYes","test1 > Given I am logged in as customer admin, testSelectEmotionalYes"
"passed","Mon Jun 08 00:01:39 UTC 2026","Mon Jun 08 00:01:43 UTC 2026","3614","HabitNuCoachPortalSuite","GroupDPPClassPlanner","CoachesPortal.ClassPlanner","CoachesPortal.ClassPlanner","case25","Edit (lock)button of class planner in cohort by adding new card",""
"passed","Sun Jun 07 23:30:19 UTC 2026","Sun Jun 07 23:30:20 UTC 2026","730","HabitNuCoachPortalSuite","PatientsProfileAllergies","CoachesPortal.PatientDetails.PatientsProfileAllergies","CoachesPortal.PatientDetails.PatientsProfileAllergies","editMedication","edit allergy for Ethylen",""
"passed","Sun Jun 07 23:03:55 UTC 2026","Sun Jun 07 23:03:56 UTC 2026","1124","HabitNuCoachPortalSuite","HabitNuCoachesPortalRegression-PartA","CoachesPortal.DiscussionForumPage","CoachesPortal.DiscussionForumPage","case9","test1 > Given I am logged in as customerAdmin, I am validating Post empty comment- error message.","test1 > Given I am logged in as customerAdmin, I am validating Post empty comment- error message."
"passed","Mon Jun 08 00:11:46 UTC 2026","Mon Jun 08 00:11:54 UTC 2026","8179","HabitNuCoachPortalSuite","UserDashboard","CoachesPortal.PatientDashboard","CoachesPortal.PatientDashboard","Last_Fasting_Blood_Sugar","test19 > Given I am logged in as admin, wehn I am on Participants dashboard page, when I add bloodsugar FASTING type, Then I should be able to see the added data on dashboard card==Last_Fasting_Blood_Sugar","admin login - clicking on scheduler should open the scheduler page in coaches portal"
"passed","Sun Jun 07 23:58:22 UTC 2026","Sun Jun 07 23:58:28 UTC 2026","5440","HabitNuCoachPortalSuite","LogClassSession","CoachesPortal.LogClassSession","CoachesPortal.LogClassSession","verifyMaxValueinWeightNotAllowed","Verify entering 1000 Value in weight should limit to 3 chars which is 100",""
"passed","Sun Jun 07 23:08:02 UTC 2026","Sun Jun 07 23:08:05 UTC 2026","2064","HabitNuCoachPortalSuite","HabitNuCoachesPortalRegression-PartA","CoachesPortal.DiscussionForumPage","CoachesPortal.DiscussionForumPage","case2","test1 > Given I am logged in as admin, I am validating Discussions- All elements check","test1 > Given I am logged in as admin, I am validating Discussions- All elements check"
"passed","Sun Jun 07 23:17:00 UTC 2026","Sun Jun 07 23:17:01 UTC 2026","1031","HabitNuCoachPortalSuite","HabitNuCoachesPortalRegression-PartB","CoachesPortal.OnsiteUsersListDashboard","CoachesPortal.OnsiteUsersListDashboard","case6","test1 > Given I am logged in as coach, Seach user by ID.","test1 > Given I am logged in as coach, Seach user by ID."
"passed","Sun Jun 07 23:17:33 UTC 2026","Sun Jun 07 23:17:38 UTC 2026","5140","HabitNuCoachPortalSuite","HabitNuCoachesPortalRegression-PartB","CoachesPortal.OnsiteUsersListDashboard","CoachesPortal.OnsiteUsersListDashboard","case16","test1 > Given I am logged in as coach, Click on headphone icon- check for Pop up.","test1 > Given I am logged in as coach, Click on headphone icon- check for Pop up."
"passed","Sun Jun 07 23:13:17 UTC 2026","Sun Jun 07 23:13:42 UTC 2026","25247","HabitNuCoachPortalSuite","HabitNuCoachesPortalRegression-PartA","CoachesPortal.DiscussionForumPage","CoachesPortal.DiscussionForumPage","case15","test1 > Given I am logged in as coach, I am validating upload upto 5 files.","test1 > Given I am logged in as coach, I am validating upload upto 5 files. "
"passed","Mon Jun 08 00:01:16 UTC 2026","Mon Jun 08 00:01:16 UTC 2026","91","HabitNuCoachPortalSuite","GroupDPPClassPlanner","CoachesPortal.ClassPlanner","CoachesPortal.ClassPlanner","case18","Click on Lock button",""
"passed","Sun Jun 07 22:51:52 UTC 2026","Sun Jun 07 22:51:55 UTC 2026","3145","HabitNuCoachPortalSuite","HabitNuCoachesPortalRegression-PartA","CoachesPortal.LearnModule.Learn","CoachesPortal.LearnModule.Learn","checkDefaultCourseInfoMessage","add course to the cohort",""
"passed","Sun Jun 07 23:00:15 UTC 2026","Sun Jun 07 23:00:26 UTC 2026","11113","HabitNuCoachPortalSuite","HabitNuCoachesPortalRegression-PartA","CoachesPortal.LearnModule.Learn","CoachesPortal.LearnModule.Learn","selectNotificationsAndConfigure","Send a notification before a chapter getting released",""
"passed","Sun Jun 07 23:14:05 UTC 2026","Sun Jun 07 23:14:11 UTC 2026","6221","HabitNuCoachPortalSuite","HabitNuCoachesPortalRegression-PartA","CoachesPortal.DiscussionForumPage","CoachesPortal.DiscussionForumPage","case20","test1 > Given I am logged in as coach, I am validating Edit Post- Upload File","test1 > Given I am logged in as coach, I am validating Edit Post- Upload File"
"passed","Sun Jun 07 23:43:17 UTC 2026","Sun Jun 07 23:43:25 UTC 2026","8383","HabitNuCoachPortalSuite","Scheduler","CoachesPortal.Schedular","CoachesPortal.Schedular","editAppointment","test4 >  Given I am logged in as admin, and on time slot page, When I click on created appointment, Then I should be able to see edit appointment page with edit button, When I click on it and edit details, Then I should be able to save it","admin login - User should be able to edit and save appointment"
"skipped","Mon Jun 08 00:12:18 UTC 2026","Mon Jun 08 00:12:18 UTC 2026","0","HabitNuCoachPortalSuite","UserDashboard","CoachesPortal.PatientDashboard","CoachesPortal.PatientDashboard","habitCard_Done","Physical Activity History section",""
"passed","Sun Jun 07 23:17:05 UTC 2026","Sun Jun 07 23:17:08 UTC 2026","3262","HabitNuCoachPortalSuite","HabitNuCoachesPortalRegression-PartB","CoachesPortal.OnsiteUsersListDashboard","CoachesPortal.OnsiteUsersListDashboard","case9","test1 > Given I am logged in as coach, Form Survey for cohort- Disability.","test1 > Given I am logged in as coach, Form Survey for cohort- Disability."
"passed","Sun Jun 07 23:59:00 UTC 2026","Sun Jun 07 23:59:16 UTC 2026","16446","HabitNuCoachPortalSuite","LogClassSession","CoachesPortal.LogClassSession","CoachesPortal.LogClassSession","verifyAddWeightAttendanceDateAndPAAndLF","Verify coach can save log class session by adding weight,attendance date and PA And LF",""
"passed","Sun Jun 07 23:18:55 UTC 2026","Sun Jun 07 23:18:58 UTC 2026","3197","HabitNuCoachPortalSuite","HabitNuCoachesPortalRegression-PartB","CoachesPortal.OnsiteUsersListDashboard","CoachesPortal.OnsiteUsersListDashboard","case37","test1 > Given I am logged in as customerAdmin, sorting users table with Join Date in desc order","test1 > Given I am logged in as customerAdmin, sorting users table with Join Date in desc order"
"passed","Sun Jun 07 23:08:10 UTC 2026","Sun Jun 07 23:08:19 UTC 2026","9159","HabitNuCoachPortalSuite","HabitNuCoachesPortalRegression-PartA","CoachesPortal.DiscussionForumPage","CoachesPortal.DiscussionForumPage","case11","test1 > Given I am logged in as admin, I am validating File upload- error","test1 > Given I am logged in as admin, I am validating File upload- error"
"passed","Sun Jun 07 23:29:14 UTC 2026","Sun Jun 07 23:29:20 UTC 2026","5101","HabitNuCoachPortalSuite","HabitNuCoachesPortalRegression-PartB","CoachesPortal.PatientDetails.PatientProfileDemographic","CoachesPortal.PatientDetails.PatientProfileDemographic","testSelectWalkingYes","test1 > Given I am logged in as coach, testSelectWalkingYes","test1 > Given I am logged in as coach, testSelectWalkingYes"
"passed","Sun Jun 07 22:52:40 UTC 2026","Sun Jun 07 22:52:59 UTC 2026","18900","HabitNuCoachPortalSuite","HabitNuCoachesPortalRegression-PartA","CoachesPortal.LearnModule.Learn","CoachesPortal.LearnModule.Learn","verifyFromCoachesEndAfterCourseisRemoved","verify from coaches portal after course has been removed",""
"passed","Sun Jun 07 23:08:07 UTC 2026","Sun Jun 07 23:08:08 UTC 2026","688","HabitNuCoachPortalSuite","HabitNuCoachesPortalRegression-PartA","CoachesPortal.DiscussionForumPage","CoachesPortal.DiscussionForumPage","case8","test1 > Given I am logged in as admin, I am validating Add describe only- success post.","test1 > Given I am logged in as admin, I am validating Add describe only- success post."
"passed","Sun Jun 07 22:50:41 UTC 2026","Sun Jun 07 22:50:42 UTC 2026","570","HabitNuCoachPortalSuite","HabitNuCoachesPortalRegression-PartA","CoachesPortal.LearnModule.Learn","CoachesPortal.LearnModule.Learn","checkToastMessage","to verify toast message when no content is added to the course",""
"passed","Mon Jun 08 00:00:44 UTC 2026","Mon Jun 08 00:00:49 UTC 2026","5178","HabitNuCoachPortalSuite","GroupDPPClassPlanner","CoachesPortal.ClassPlanner","CoachesPortal.ClassPlanner","case1","It should open the class planner creation page",""
"passed","Sun Jun 07 23:58:07 UTC 2026","Sun Jun 07 23:58:13 UTC 2026","5581","HabitNuCoachPortalSuite","LogClassSession","CoachesPortal.LogClassSession","CoachesPortal.LogClassSession","verifyAddOnlyMUP","Verify error message=='Weight is required' & 'Date is required' are displayed, when coach tries to save logclass session with Only MUP'",""
"passed","Sun Jun 07 23:12:35 UTC 2026","Sun Jun 07 23:12:37 UTC 2026","2040","HabitNuCoachPortalSuite","HabitNuCoachesPortalRegression-PartA","CoachesPortal.DiscussionForumPage","CoachesPortal.DiscussionForumPage","case2","test1 > Given I am logged in as coach, I am validating Discussions- All elements check","test1 > Given I am logged in as coach, I am validating Discussions- All elements check"
"passed","Mon Jun 08 00:01:43 UTC 2026","Mon Jun 08 00:01:54 UTC 2026","11175","HabitNuCoachPortalSuite","GroupDPPClassPlanner","CoachesPortal.ClassPlanner","CoachesPortal.ClassPlanner","case26","Edit (lock)button of class planner in cohort by editing card from user dashboard",""
"passed","Mon Jun 08 00:18:15 UTC 2026","Mon Jun 08 00:18:16 UTC 2026","113","HabitNuCoachPortalSuite","DifferentTypeOfDashboards","CoachesPortal.CohortLevelDashboard.DSMEDashboardCoachesPortal","CoachesPortal.CohortLevelDashboard.DSMEDashboardCoachesPortal","test19_verifyWeightByPatientsWithallPosibleActionsSelection","Verify Weight Loss by Patients dropdown card with possible options selected and verify it's selection",""
"passed","Mon Jun 08 00:06:34 UTC 2026","Mon Jun 08 00:06:44 UTC 2026","10436","HabitNuCoachPortalSuite","Milestones","CoachesPortal.VAMilestone","CoachesPortal.VAMilestone","test20_validating_VAHeaders_data","And user is validating to VAHeaders data by clicking arrow button",""
"skipped","Mon Jun 08 00:12:18 UTC 2026","Mon Jun 08 00:12:18 UTC 2026","0","HabitNuCoachPortalSuite","UserDashboard","CoachesPortal.PatientDashboard","CoachesPortal.PatientDashboard","patientWeeklyStatus_CoachInteractions","patientWeeklyStatus_CoachInteractions",""
"passed","Sun Jun 07 23:27:33 UTC 2026","Sun Jun 07 23:27:34 UTC 2026","767","HabitNuCoachPortalSuite","HabitNuCoachesPortalRegression-PartB","CoachesPortal.PatientDetails.PatientProfileDemographic","CoachesPortal.PatientDetails.PatientProfileDemographic","verifyProgramDetails","test1 > Given I am logged in as coach, Verify user as Ethelyn in demographic with Program Details","test1 > Given I am logged in as coach, Verify user as Ethelyn in demographic with Program Details"
"passed","Sun Jun 07 23:36:30 UTC 2026","Sun Jun 07 23:36:32 UTC 2026","1635","HabitNuCoachPortalSuite","UserActivities","CoachesPortal.PatientDetails.UserActivitiesTobacco","CoachesPortal.PatientDetails.UserActivitiesTobacco","verifyUser_isNot_allowed_edit_coachAddedData","Verify user is not allowed to edit data added by coaches",""
"passed","Sun Jun 07 23:29:30 UTC 2026","Sun Jun 07 23:29:30 UTC 2026","5","HabitNuCoachPortalSuite","HabitNuCoachesPortalRegression-PartB","CoachesPortal.PatientDetails.PatientProfileDemographic","CoachesPortal.PatientDetails.PatientProfileDemographic","updateMaritalStatus","test1 > Given I am logged in as coach, Marital Status","test1 > Given I am logged in as coach, Marital Status"
"passed","Sun Jun 07 23:42:57 UTC 2026","Sun Jun 07 23:43:06 UTC 2026","9342","HabitNuCoachPortalSuite","Scheduler","CoachesPortal.Schedular","CoachesPortal.Schedular","clickOnSchedular","test1 > Given I am logged in as admin, wehn I click on Scheduler module, Then I should be taken to meeting time slot pick up page","admin login - clicking on scheduler should open the scheduler page in coaches portal"
"failed","Sun Jun 07 23:47:31 UTC 2026","Sun Jun 07 23:47:36 UTC 2026","4171","HabitNuCoachPortalSuite","Paywal","CoachesPortal.payWall","CoachesPortal.payWall","testFilterSubscriptions","COP-T397–399: Validate subscription filters",""
"passed","Sun Jun 07 23:36:14 UTC 2026","Sun Jun 07 23:36:19 UTC 2026","4979","HabitNuCoachPortalSuite","UserActivities","CoachesPortal.PatientDetails.UserActivitiesTobacco","CoachesPortal.PatientDetails.UserActivitiesTobacco","verifyYesterdayBPDataInCoachesPortal","As a coach adding tobacco to previous date",""
"passed","Sun Jun 07 23:43:50 UTC 2026","Sun Jun 07 23:43:50 UTC 2026","1","HabitNuCoachPortalSuite","Scheduler","CoachesPortal.Schedular","CoachesPortal.Schedular","userYesToTheMeet","test1 > Given I am logged in as admin, verify user response to meet attendance - YES","test1 > Given I am logged in as admin, verify user response to meet attendance - YES"
"passed","Sun Jun 07 23:18:47 UTC 2026","Sun Jun 07 23:18:49 UTC 2026","2387","HabitNuCoachPortalSuite","HabitNuCoachesPortalRegression-PartB","CoachesPortal.OnsiteUsersListDashboard","CoachesPortal.OnsiteUsersListDashboard","case34","test1 > Given I am logged in as customerAdmin, validate userList as customerAdmin-Move a user from one cohort to another","test1 > Given I am logged in as customerAdmin, validate userList as customerAdmin-Move a user from one cohort to another"
"passed","Sun Jun 07 23:12:40 UTC 2026","Sun Jun 07 23:12:41 UTC 2026","1145","HabitNuCoachPortalSuite","HabitNuCoachesPortalRegression-PartA","CoachesPortal.DiscussionForumPage","CoachesPortal.DiscussionForumPage","case9","test1 > Given I am logged in as coach, I am validating Post empty comment- error message.","test1 > Given I am logged in as coach, I am validating Post empty comment- error message."
"passed","Mon Jun 08 00:05:29 UTC 2026","Mon Jun 08 00:05:39 UTC 2026","10398","HabitNuCoachPortalSuite","Milestones","CoachesPortal.VAMilestone","CoachesPortal.VAMilestone","test10_validating_VAHeaders_data","And user is validating to VAHeaders data by clicking arrow button",""
"passed","Sun Jun 07 23:45:07 UTC 2026","Sun Jun 07 23:45:10 UTC 2026","3586","HabitNuCoachPortalSuite","Paywal","CoachesPortal.payWall","CoachesPortal.payWall","testPublishPaymentPlan","COP-T390: Publish the monthly Payment Plan",""
"passed","Sun Jun 07 23:08:38 UTC 2026","Sun Jun 07 23:08:40 UTC 2026","1660","HabitNuCoachPortalSuite","HabitNuCoachesPortalRegression-PartA","CoachesPortal.DiscussionForumPage","CoachesPortal.DiscussionForumPage","verifyFileIsOpenedOnClickingViewButton","test1 > Given I am logged in as admin, I am validating verify file opened on clicking view button","test1 > Given I am logged in as admin, I am validating verify file opened on clicking view button"
"passed","Mon Jun 08 00:00:54 UTC 2026","Mon Jun 08 00:00:55 UTC 2026","1512","HabitNuCoachPortalSuite","GroupDPPClassPlanner","CoachesPortal.ClassPlanner","CoachesPortal.ClassPlanner","case8","Create the DOCUMENT cards under the list",""
"passed","Sun Jun 07 23:43:30 UTC 2026","Sun Jun 07 23:43:42 UTC 2026","12312","HabitNuCoachPortalSuite","Scheduler","CoachesPortal.Schedular","CoachesPortal.Schedular","rescheduleMeeting","test6 >  Given I am logged in as admin, and on time slot page, When I click on created appointment, Then I should see Reschedule button, When I click on it and submit details, Then I should be able to save it","admin login - User should be able to reschedule appointment"
"passed","Sun Jun 07 23:17:51 UTC 2026","Sun Jun 07 23:18:29 UTC 2026","37761","HabitNuCoachPortalSuite","HabitNuCoachesPortalRegression-PartB","CoachesPortal.OnsiteUsersListDashboard","CoachesPortal.OnsiteUsersListDashboard","case29","test1 > Given I am logged in as customerAdmin, Given I am logged in as customerAdmin, validate userList as customerAdmin","test1 > Given I am logged in as customerAdmin, Given I am logged in as customerAdmin, validate userList as customerAdmin"
"skipped","Mon Jun 08 00:12:18 UTC 2026","Mon Jun 08 00:12:18 UTC 2026","0","HabitNuCoachPortalSuite","UserDashboard","CoachesPortal.PatientDashboard","CoachesPortal.PatientDashboard","foodLog","foodLog",""
"broken","Sun Jun 07 22:56:22 UTC 2026","Sun Jun 07 22:56:28 UTC 2026","6360","HabitNuCoachPortalSuite","HabitNuCoachesPortalRegression-PartA","CoachesPortal.LearnModule.Learn","CoachesPortal.LearnModule.Learn","checkWebAPPAfterCourseAddedByAdmin","verify on clone course page, course created by admin is available",""
"broken","Mon Jun 08 00:13:20 UTC 2026","Mon Jun 08 00:13:43 UTC 2026","22864","HabitNuCoachPortalSuite","FeatureFlags","CoachesPortal.FeatureFlags","CoachesPortal.FeatureFlags","test14_addrulesforpartner","And user is able to add the rule for partner level",""
"passed","Mon Jun 08 00:05:16 UTC 2026","Mon Jun 08 00:05:17 UTC 2026","1221","HabitNuCoachPortalSuite","Milestones","CoachesPortal.VAMilestone","CoachesPortal.VAMilestone","test7_validating_VAHeaders_data","And user is validating to VAHeaders data by clicking arrow button",""
"passed","Mon Jun 08 00:06:01 UTC 2026","Mon Jun 08 00:06:12 UTC 2026","10406","HabitNuCoachPortalSuite","Milestones","CoachesPortal.VAMilestone","CoachesPortal.VAMilestone","test14_validating_VAHeaders_data","And user is validating to VAHeaders data by clicking arrow button",""
"passed","Sun Jun 07 23:03:56 UTC 2026","Sun Jun 07 23:04:06 UTC 2026","9115","HabitNuCoachPortalSuite","HabitNuCoachesPortalRegression-PartA","CoachesPortal.DiscussionForumPage","CoachesPortal.DiscussionForumPage","case11","test1 > Given I am logged in as customerAdmin, I am validating File upload- error","test1 > Given I am logged in as customerAdmin, I am validating File upload- error"
"passed","Mon Jun 08 00:00:52 UTC 2026","Mon Jun 08 00:00:53 UTC 2026","894","HabitNuCoachPortalSuite","GroupDPPClassPlanner","CoachesPortal.ClassPlanner","CoachesPortal.ClassPlanner","case5","Edit the list to class planner",""
"passed","Sun Jun 07 23:30:19 UTC 2026","Sun Jun 07 23:30:19 UTC 2026","584","HabitNuCoachPortalSuite","PatientsProfileAllergies","CoachesPortal.PatientDetails.PatientsProfileAllergies","CoachesPortal.PatientDetails.PatientsProfileAllergies","deleteMedication","delete allergy for Ethylen",""
"passed","Mon Jun 08 00:03:44 UTC 2026","Mon Jun 08 00:03:44 UTC 2026","380","HabitNuCoachPortalSuite","GeneralContent","CoachesPortal.generalContent_WEb_Coaches","CoachesPortal.generalContent_WEb_Coaches","RedirectToWebForDelete","Redirecting To Web page for delete validation",""
"passed","Sun Jun 07 23:04:25 UTC 2026","Sun Jun 07 23:04:29 UTC 2026","4109","HabitNuCoachPortalSuite","HabitNuCoachesPortalRegression-PartA","CoachesPortal.DiscussionForumPage","CoachesPortal.DiscussionForumPage","case14","test1 > Given I am logged in as customerAdmin, I am validating File upload-error ","test1 > Given I am logged in as customerAdmin, I am validating File upload-error "
"passed","Sun Jun 07 23:09:41 UTC 2026","Sun Jun 07 23:09:42 UTC 2026","698","HabitNuCoachPortalSuite","HabitNuCoachesPortalRegression-PartA","CoachesPortal.DiscussionForumPage","CoachesPortal.DiscussionForumPage","case24","test1 > Given I am logged in as admin, I am validating Pin The post","test1 > Given I am logged in as admin, I am validating Pin The post"
"broken","Mon Jun 08 00:25:35 UTC 2026","Mon Jun 08 00:25:49 UTC 2026","14053","HabitNuCoachPortalSuite","DifferentTypeOfDashboards","CoachesPortal.CohortLevelDashboard.ParticipantsProgressTracker","CoachesPortal.CohortLevelDashboard.ParticipantsProgressTracker","test11_CreateRecursivemeeting","And User is able to navigating to schedular and creating a recursive meeting",""
"passed","Sun Jun 07 22:50:53 UTC 2026","Sun Jun 07 22:51:22 UTC 2026","29202","HabitNuCoachPortalSuite","HabitNuCoachesPortalRegression-PartA","CoachesPortal.LearnModule.Learn","CoachesPortal.LearnModule.Learn","createContentToTheCourse","create content to the course",""
"passed","Sun Jun 07 23:00:26 UTC 2026","Sun Jun 07 23:00:26 UTC 2026","50","HabitNuCoachPortalSuite","HabitNuCoachesPortalRegression-PartA","CoachesPortal.LearnModule.Learn","CoachesPortal.LearnModule.Learn","activeConfiguredNotificationsCheck","verify active is displayed against course notifications configured",""
"passed","Sun Jun 07 23:05:17 UTC 2026","Sun Jun 07 23:05:23 UTC 2026","6181","HabitNuCoachPortalSuite","HabitNuCoachesPortalRegression-PartA","CoachesPortal.DiscussionForumPage","CoachesPortal.DiscussionForumPage","case20","test1 > Given I am logged in as customerAdmin, I am validating Edit Post- Upload File","test1 > Given I am logged in as customerAdmin, I am validating Edit Post- Upload File"
"passed","Sun Jun 07 23:57:50 UTC 2026","Sun Jun 07 23:57:56 UTC 2026","6292","HabitNuCoachPortalSuite","LogClassSession","CoachesPortal.LogClassSession","CoachesPortal.LogClassSession","verifyAddOnlyAttendanceDate","Verify error message=='Weight is required' is displayed, when coach tries to save logclass session with Only AttendanceDate",""
"passed","Sun Jun 07 23:29:30 UTC 2026","Sun Jun 07 23:29:30 UTC 2026","108","HabitNuCoachPortalSuite","HabitNuCoachesPortalRegression-PartB","CoachesPortal.PatientDetails.PatientProfileDemographic","CoachesPortal.PatientDetails.PatientProfileDemographic","testDropdownOptions","test1 > Given I am logged in as coach, testDropdownOptions","test1 > Given I am logged in as coach, testDropdownOptions"
"passed","Mon Jun 08 00:14:50 UTC 2026","Mon Jun 08 00:14:51 UTC 2026","535","HabitNuCoachPortalSuite","ParticipationsTable","CoachesPortal.participations","CoachesPortal.participations","test4_validatingadmin_defaultpage","When user is validating to Admin default section ",""
"skipped","Mon Jun 08 00:12:18 UTC 2026","Mon Jun 08 00:12:18 UTC 2026","0","HabitNuCoachPortalSuite","UserDashboard","CoachesPortal.PatientDashboard","CoachesPortal.PatientDashboard","patientWeeklyStatus_Meals","patientWeeklyStatus_Meals",""
"passed","Sun Jun 07 23:48:09 UTC 2026","Sun Jun 07 23:48:10 UTC 2026","1551","HabitNuCoachPortalSuite","Paywal","CoachesPortal.payWall","CoachesPortal.payWall","testFilterTransactions","COP-T400: Validate all transaction filters",""
"passed","Sun Jun 07 23:00:40 UTC 2026","Sun Jun 07 23:00:41 UTC 2026","1002","HabitNuCoachPortalSuite","HabitNuCoachesPortalRegression-PartA","CoachesPortal.LearnModule.CustomerAdminCourseDocument","CoachesPortal.LearnModule.CustomerAdminCourseDocument","verifyAddUrlLinkRequired","Add Url Required",""
"passed","Mon Jun 08 00:14:39 UTC 2026","Mon Jun 08 00:14:39 UTC 2026","35","HabitNuCoachPortalSuite","FeatureFlags","CoachesPortal.FeatureFlags","CoachesPortal.FeatureFlags","test22_deleteuser","delete rule",""
"passed","Sun Jun 07 23:43:50 UTC 2026","Sun Jun 07 23:43:50 UTC 2026","0","HabitNuCoachPortalSuite","Scheduler","CoachesPortal.Schedular","CoachesPortal.Schedular","validateInteractionEntries_UpdatedBy","test1 > Given I am logged in as admin, verify group interaction entries are made automatically when meet is attended for min of 1min > Validating field==UpdatedBy","test1 > Given I am logged in as admin, verify group interaction entries are made automatically when meet is attended for min of 1min > Validating field==UpdatedBy"
"passed","Mon Jun 08 00:12:20 UTC 2026","Mon Jun 08 00:12:24 UTC 2026","4622","HabitNuCoachPortalSuite","FeatureFlags","CoachesPortal.FeatureFlags","CoachesPortal.FeatureFlags","test1_navigatingcoach","Given user is navigating to coaches portal",""
"passed","Sun Jun 07 23:25:23 UTC 2026","Sun Jun 07 23:25:35 UTC 2026","11261","HabitNuCoachPortalSuite","HabitNuCoachesPortalRegression-PartB","CoachesPortal.PatientDetails.PatientProfileDemographic","CoachesPortal.PatientDetails.PatientProfileDemographic","updateSexAtbirth","test1 > Given I am logged in as customer admin, Sex at Birth","test1 > Given I am logged in as customer admin, Sex at Birth"
"passed","Sun Jun 07 23:08:44 UTC 2026","Sun Jun 07 23:09:09 UTC 2026","25226","HabitNuCoachPortalSuite","HabitNuCoachesPortalRegression-PartA","CoachesPortal.DiscussionForumPage","CoachesPortal.DiscussionForumPage","case15","test1 > Given I am logged in as admin, I am validating upload upto 5 files.","test1 > Given I am logged in as admin, I am validating upload upto 5 files. "
"passed","Sun Jun 07 23:12:41 UTC 2026","Sun Jun 07 23:12:44 UTC 2026","2192","HabitNuCoachPortalSuite","HabitNuCoachesPortalRegression-PartA","CoachesPortal.DiscussionForumPage","CoachesPortal.DiscussionForumPage","case10","test1 > Given I am logged in as coach, I am validating post comment-success.","test1 > Given I am logged in as coach, I am validating post comment-success."
"passed","Sun Jun 07 23:53:59 UTC 2026","Sun Jun 07 23:54:00 UTC 2026","490","HabitNuCoachPortalSuite","HabitNuCoachesPortalRegression-PartC","CoachesPortal.PatientDetails.PatientProfileImmunizations","CoachesPortal.PatientDetails.PatientProfileImmunizations","verifyImmunication","verify immunization for Ethylen",""
"passed","Sun Jun 07 23:22:36 UTC 2026","Sun Jun 07 23:22:36 UTC 2026","45","HabitNuCoachPortalSuite","HabitNuCoachesPortalRegression-PartB","CoachesPortal.PatientDetails.PatientProfileDemographic","CoachesPortal.PatientDetails.PatientProfileDemographic","verifyContactDetails","test1 > Given I am logged in as customer admin, verifyContactDetails","test1 > Given I am logged in as customer admin, verifyContactDetails"
"broken","Mon Jun 08 00:18:17 UTC 2026","Mon Jun 08 00:18:32 UTC 2026","14552","HabitNuCoachPortalSuite","DifferentTypeOfDashboards","CoachesPortal.CohortLevelDashboard.ParticipantsProgressTracker","CoachesPortal.CohortLevelDashboard.ParticipantsProgressTracker","test1_navigating","Given user is navigating to coaches portal",""
"failed","Sun Jun 07 23:47:51 UTC 2026","Sun Jun 07 23:47:55 UTC 2026","4158","HabitNuCoachPortalSuite","Paywal","CoachesPortal.payWall","CoachesPortal.payWall","testFilterSubscriptions","COP-T397–399: Validate subscription filters",""
"passed","Sun Jun 07 23:09:42 UTC 2026","Sun Jun 07 23:09:48 UTC 2026","5760","HabitNuCoachPortalSuite","HabitNuCoachesPortalRegression-PartA","CoachesPortal.DiscussionForumPage","CoachesPortal.DiscussionForumPage","case25","test1 > Given I am logged in as admin, I am validating Comment on pinned post.","test1 > Given I am logged in as admin, I am validating Comment on pinned post."
"passed","Mon Jun 08 00:02:20 UTC 2026","Mon Jun 08 00:02:21 UTC 2026","1394","HabitNuCoachPortalSuite","GeneralContent","CoachesPortal.generalContent_WEb_Coaches","CoachesPortal.generalContent_WEb_Coaches","case3","Creating tags for Food",""
"passed","Sun Jun 07 23:43:42 UTC 2026","Sun Jun 07 23:43:45 UTC 2026","2957","HabitNuCoachPortalSuite","Scheduler","CoachesPortal.Schedular","CoachesPortal.Schedular","joinTheMeeting","test7 >  Given I am logged in as admin, and on time slot page, When I click on created appointment, Then I should see the Join the meet button, When I click on it, Then I should be taken to joinmeeting page in new tab","admin login - User should be able to join the meet"
"passed","Sun Jun 07 23:32:07 UTC 2026","Sun Jun 07 23:32:14 UTC 2026","7290","HabitNuCoachPortalSuite","UserActivities","CoachesPortal.PatientDetails.UserActivitiesBloodSugar","CoachesPortal.PatientDetails.UserActivitiesBloodSugar","verifyBloodSugareRequired","Verify bloodsugar required",""
"skipped","Sun Jun 07 23:49:30 UTC 2026","Sun Jun 07 23:49:30 UTC 2026","0","HabitNuCoachPortalSuite","Paywal","CoachesPortal.payWall","CoachesPortal.payWall","testUnlinkPlanFromProgram","COP-T413: Validate unlinking a plan from a program",""
"passed","Sun Jun 07 23:31:09 UTC 2026","Sun Jun 07 23:31:24 UTC 2026","15201","HabitNuCoachPortalSuite","UserActivities","CoachesPortal.PatientDetails.UserActivitiesBloodPressure","CoachesPortal.PatientDetails.UserActivitiesBloodPressure","verifyUserData_on_coachesPortal","Verify user data added on web on coaches portal",""
"passed","Mon Jun 08 00:18:10 UTC 2026","Mon Jun 08 00:18:15 UTC 2026","5185","HabitNuCoachPortalSuite","DifferentTypeOfDashboards","CoachesPortal.CohortLevelDashboard.DSMEDashboardCoachesPortal","CoachesPortal.CohortLevelDashboard.DSMEDashboardCoachesPortal","test12_verifyBloodSugarByPatientsInOutcomesTab","Verify Blood Sugar by Patients Should be displayed under outcomes tab",""
"passed","Mon Jun 08 00:05:11 UTC 2026","Mon Jun 08 00:05:13 UTC 2026","1741","HabitNuCoachPortalSuite","Milestones","CoachesPortal.VAMilestone","CoachesPortal.VAMilestone","test2_changecohort","When user is able to change the cohort",""
"passed","Sun Jun 07 23:00:48 UTC 2026","Sun Jun 07 23:00:49 UTC 2026","1638","HabitNuCoachPortalSuite","HabitNuCoachesPortalRegression-PartA","CoachesPortal.LearnModule.CustomerAdminCourseDocument","CoachesPortal.LearnModule.CustomerAdminCourseDocument","verifyLinkEditAndClose","Link Edit and Close",""
"passed","Sun Jun 07 23:23:25 UTC 2026","Sun Jun 07 23:23:30 UTC 2026","5189","HabitNuCoachPortalSuite","HabitNuCoachesPortalRegression-PartB","CoachesPortal.PatientDetails.PatientProfileDemographic","CoachesPortal.PatientDetails.PatientProfileDemographic","testSelectHearingYes","test1 > Given I am logged in as customer admin, testSelectHearingYes","test1 > Given I am logged in as customer admin, testSelectHearingYes"
"passed","Sun Jun 07 23:08:19 UTC 2026","Sun Jun 07 23:08:29 UTC 2026","9256","HabitNuCoachPortalSuite","HabitNuCoachesPortalRegression-PartA","CoachesPortal.DiscussionForumPage","CoachesPortal.DiscussionForumPage","case12","test1 > Given I am logged in as admin, I am validating File upload- subject only- error.","test1 > Given I am logged in as admin, I am validating File upload- subject only- error."
"broken","Sun Jun 07 23:56:02 UTC 2026","Sun Jun 07 23:56:22 UTC 2026","20364","HabitNuCoachPortalSuite","LoginPageCases","CoachesPortal.LoginPageCases","CoachesPortal.LoginPageCases","testRestpasswordAuthentication","validate user is able to login with the reset password",""
"passed","Sun Jun 07 23:43:53 UTC 2026","Sun Jun 07 23:44:59 UTC 2026","66350","HabitNuCoachPortalSuite","Paywal","CoachesPortal.payWall","CoachesPortal.payWall","validatePaywallPage","Navigate to Paywall and validate header tabs",""
"passed","Sun Jun 07 23:12:07 UTC 2026","Sun Jun 07 23:12:10 UTC 2026","2782","HabitNuCoachPortalSuite","HabitNuCoachesPortalRegression-PartA","CoachesPortal.DiscussionForumPage","CoachesPortal.DiscussionForumPage","case28","test1 > Given I am logged in as admin, I am validating Delete all posts","test1 > Given I am logged in as admin, I am validating Delete all posts"
"passed","Mon Jun 08 00:14:44 UTC 2026","Mon Jun 08 00:14:48 UTC 2026","4642","HabitNuCoachPortalSuite","ParticipationsTable","CoachesPortal.participations","CoachesPortal.participations","test1_navigatingcoach","Given user is navigating to coaches portal",""
"passed","Mon Jun 08 00:01:36 UTC 2026","Mon Jun 08 00:01:39 UTC 2026","3064","HabitNuCoachPortalSuite","GroupDPPClassPlanner","CoachesPortal.ClassPlanner","CoachesPortal.ClassPlanner","case24","Verify the elements of Group class planner in cohort",""
"failed","Sun Jun 07 23:47:45 UTC 2026","Sun Jun 07 23:47:48 UTC 2026","3218","HabitNuCoachPortalSuite","Paywal","CoachesPortal.payWall","CoachesPortal.payWall","testFilterSubscriptions","COP-T397–399: Validate subscription filters",""
"passed","Sun Jun 07 23:22:40 UTC 2026","Sun Jun 07 23:23:14 UTC 2026","34056","HabitNuCoachPortalSuite","HabitNuCoachesPortalRegression-PartB","CoachesPortal.PatientDetails.PatientProfileDemographic","CoachesPortal.PatientDetails.PatientProfileDemographic","updateAndVerifyAddressDetails","test1 > Given I am logged in as customer admin, updateAndVerifyAddressDetails","test1 > Given I am logged in as customer admin, updateAndVerifyAddressDetails"
"passed","Sun Jun 07 23:17:01 UTC 2026","Sun Jun 07 23:17:02 UTC 2026","172","HabitNuCoachPortalSuite","HabitNuCoachesPortalRegression-PartB","CoachesPortal.OnsiteUsersListDashboard","CoachesPortal.OnsiteUsersListDashboard","case7","test1 > Given I am logged in as coach, Form Survey for cohort- Check for options displayed.","test1 > Given I am logged in as coach, Form Survey for cohort- Check for options displayed."
"passed","Sun Jun 07 23:16:59 UTC 2026","Sun Jun 07 23:17:00 UTC 2026","744","HabitNuCoachPortalSuite","HabitNuCoachesPortalRegression-PartB","CoachesPortal.OnsiteUsersListDashboard","CoachesPortal.OnsiteUsersListDashboard","case4","test1 > Given I am logged in as coach, Seach user by name.","test1 > Given I am logged in as coach, Seach user by name."
"passed","Sun Jun 07 23:13:02 UTC 2026","Sun Jun 07 23:13:11 UTC 2026","9430","HabitNuCoachPortalSuite","HabitNuCoachesPortalRegression-PartA","CoachesPortal.DiscussionForumPage","CoachesPortal.DiscussionForumPage","case13","test1 > Given I am logged in as coach, I am validating File upload- description only- success.","test1 > Given I am logged in as coach, I am validating File upload- description only- success."
"passed","Sun Jun 07 23:44:59 UTC 2026","Sun Jun 07 23:45:02 UTC 2026","2432","HabitNuCoachPortalSuite","Paywal","CoachesPortal.payWall","CoachesPortal.payWall","testCreateMonthlyPaymentPlan","COP-T388: Create Monthly Payment Plan",""
"passed","Sun Jun 07 23:28:18 UTC 2026","Sun Jun 07 23:28:19 UTC 2026","48","HabitNuCoachPortalSuite","HabitNuCoachesPortalRegression-PartB","CoachesPortal.PatientDetails.PatientProfileDemographic","CoachesPortal.PatientDetails.PatientProfileDemographic","verifyCallDetails","test1 > Given I am logged in as coach, verifyCallDetails","test1 > Given I am logged in as coach, verifyCallDetails"
"broken","Sun Jun 07 23:35:23 UTC 2026","Sun Jun 07 23:36:05 UTC 2026","41586","HabitNuCoachPortalSuite","UserActivities","CoachesPortal.PatientDetails.UserActivitiesBloodSugar","CoachesPortal.PatientDetails.UserActivitiesBloodSugar","verifyUserData_on_coachesPortal","Verify user data added on web on coaches portal",""
"passed","Mon Jun 08 00:18:15 UTC 2026","Mon Jun 08 00:18:15 UTC 2026","40","HabitNuCoachPortalSuite","DifferentTypeOfDashboards","CoachesPortal.CohortLevelDashboard.DSMEDashboardCoachesPortal","CoachesPortal.CohortLevelDashboard.DSMEDashboardCoachesPortal","test14_verifyBloodSugarByPatientsWithallPosibleActions","Verify Blood Sugar by Patients dropdown card with possible options listed",""
"passed","Sun Jun 07 23:17:02 UTC 2026","Sun Jun 07 23:17:05 UTC 2026","3151","HabitNuCoachPortalSuite","HabitNuCoachesPortalRegression-PartB","CoachesPortal.OnsiteUsersListDashboard","CoachesPortal.OnsiteUsersListDashboard","case8","test1 > Given I am logged in as coach, Form Survey for cohort- validate sdoh tag present against form set.","test1 > Given I am logged in as coach, Form Survey for cohort- validate sdoh tag present against form set."
"passed","Mon Jun 08 00:03:44 UTC 2026","Mon Jun 08 00:03:49 UTC 2026","4682","HabitNuCoachPortalSuite","GeneralContent","CoachesPortal.generalContent_WEb_Coaches","CoachesPortal.generalContent_WEb_Coaches","validateDeleteinWeb","Validate Delete in Web Main Page",""
"failed","Sun Jun 07 23:28:27 UTC 2026","Sun Jun 07 23:28:29 UTC 2026","2007","HabitNuCoachPortalSuite","HabitNuCoachesPortalRegression-PartB","CoachesPortal.PatientDetails.PatientProfileDemographic","CoachesPortal.PatientDetails.PatientProfileDemographic","updateAndVerifyOtherDetails","test1 > Given I am logged in as coach, updateAndVerifyOtherDetails","test1 > Given I am logged in as coach, updateAndVerifyOtherDetails"
"passed","Mon Jun 08 00:17:32 UTC 2026","Mon Jun 08 00:17:39 UTC 2026","6559","HabitNuCoachPortalSuite","DifferentTypeOfDashboards","CoachesPortal.CohortLevelDashboard.DSMEDashboardCoachesPortal","CoachesPortal.CohortLevelDashboard.DSMEDashboardCoachesPortal","test8_Complete","And user is validating Complete",""
"passed","Sun Jun 07 23:27:40 UTC 2026","Sun Jun 07 23:27:41 UTC 2026","304","HabitNuCoachPortalSuite","HabitNuCoachesPortalRegression-PartB","CoachesPortal.PatientDetails.PatientProfileDemographic","CoachesPortal.PatientDetails.PatientProfileDemographic","updateverifyProgramDetailsWithIsActive","test1 > Given I am logged in as coach, update patientId and payertype","test1 > Given I am logged in as coach, update patientId and payertype"
"passed","Mon Jun 08 00:15:09 UTC 2026","Mon Jun 08 00:15:27 UTC 2026","17528","HabitNuCoachPortalSuite","ParticipationsTable","CoachesPortal.participations","CoachesPortal.participations","test8_navigatingnextpage","And user is navigating to second page and user can come back to previous page",""
"skipped","Sun Jun 07 23:49:30 UTC 2026","Sun Jun 07 23:49:30 UTC 2026","0","HabitNuCoachPortalSuite","Paywal","CoachesPortal.payWall","CoachesPortal.payWall","testUserSeesAndSubscribesToPlan","COP-T408 & T409: Verify user can see and subscribe to a linked plan",""
"passed","Sun Jun 07 23:43:50 UTC 2026","Sun Jun 07 23:43:50 UTC 2026","0","HabitNuCoachPortalSuite","Scheduler","CoachesPortal.Schedular","CoachesPortal.Schedular","validateInteractionEntries_UpdatedAt","test1 > Given I am logged in as admin, verify group interaction entries are made automatically when meet is attended for min of 1min > Validating field==UpdatedAt","test1 > Given I am logged in as admin, verify group interaction entries are made automatically when meet is attended for min of 1min > Validating field==UpdatedAt"
"passed","Sun Jun 07 23:23:14 UTC 2026","Sun Jun 07 23:23:14 UTC 2026","44","HabitNuCoachPortalSuite","HabitNuCoachesPortalRegression-PartB","CoachesPortal.PatientDetails.PatientProfileDemographic","CoachesPortal.PatientDetails.PatientProfileDemographic","verifyCallDetails","test1 > Given I am logged in as customer admin, verifyCallDetails","test1 > Given I am logged in as customer admin, verifyCallDetails"
"passed","Sun Jun 07 23:36:19 UTC 2026","Sun Jun 07 23:36:30 UTC 2026","11505","HabitNuCoachPortalSuite","UserActivities","CoachesPortal.PatientDetails.UserActivitiesTobacco","CoachesPortal.PatientDetails.UserActivitiesTobacco","verifyCurrentAndYesterdayBPDataInCoachesPortal","Verify current and yesterday tobacco in coaches and webportal",""
"passed","Sun Jun 07 22:51:28 UTC 2026","Sun Jun 07 22:51:30 UTC 2026","1810","HabitNuCoachPortalSuite","HabitNuCoachesPortalRegression-PartA","CoachesPortal.LearnModule.Learn","CoachesPortal.LearnModule.Learn","verifyContentAdded","verifying add content to the course",""
"passed","Sun Jun 07 22:59:48 UTC 2026","Sun Jun 07 22:59:59 UTC 2026","11789","HabitNuCoachPortalSuite","HabitNuCoachesPortalRegression-PartA","CoachesPortal.LearnModule.Learn","CoachesPortal.LearnModule.Learn","verifyCourseHistory","verify chapter timeline history",""
"broken","Mon Jun 08 00:16:26 UTC 2026","Mon Jun 08 00:16:35 UTC 2026","9781","HabitNuCoachPortalSuite","DifferentTypeOfDashboards","CoachesPortal.CohortLevelDashboard.DSMEDashboardCoachesPortal","CoachesPortal.CohortLevelDashboard.DSMEDashboardCoachesPortal","test4_Nurture","And user is validating Nurture",""
"skipped","Mon Jun 08 00:12:18 UTC 2026","Mon Jun 08 00:12:18 UTC 2026","1","HabitNuCoachPortalSuite","UserDashboard","CoachesPortal.PatientDashboard","CoachesPortal.PatientDashboard","patientWeeklyStatus_GroupClasses","patientWeeklyStatus_GroupClasses",""
"passed","Sun Jun 07 23:14:23 UTC 2026","Sun Jun 07 23:16:39 UTC 2026","136353","HabitNuCoachPortalSuite","HabitNuCoachesPortalRegression-PartA","CoachesPortal.DiscussionForumPage","CoachesPortal.DiscussionForumPage","case27","test1 > Given I am logged in as coach, I am validating add max number of pinned posts(20).","test1 > Given I am logged in as coach, I am validating add max number of pinned posts(20)."
"passed","Mon Jun 08 00:04:06 UTC 2026","Mon Jun 08 00:04:07 UTC 2026","1235","HabitNuCoachPortalSuite","Milestones","CoachesPortal.BPSMMilestone","CoachesPortal.BPSMMilestone","test2_changecohort","When user is able to change the cohort",""
"passed","Sun Jun 07 23:14:15 UTC 2026","Sun Jun 07 23:14:21 UTC 2026","5791","HabitNuCoachPortalSuite","HabitNuCoachesPortalRegression-PartA","CoachesPortal.DiscussionForumPage","CoachesPortal.DiscussionForumPage","case25","test1 > Given I am logged in as coach, I am validating Comment on pinned post.","test1 > Given I am logged in as coach, I am validating Comment on pinned post."
"passed","Sun Jun 07 23:28:18 UTC 2026","Sun Jun 07 23:28:18 UTC 2026","31","HabitNuCoachPortalSuite","HabitNuCoachesPortalRegression-PartB","CoachesPortal.PatientDetails.PatientProfileDemographic","CoachesPortal.PatientDetails.PatientProfileDemographic","verifyDisenrollmentDetails","test1 > Given I am logged in as coach, verifyDisenrollmentDetails","test1 > Given I am logged in as coach, verifyDisenrollmentDetails"
"passed","Mon Jun 08 00:10:02 UTC 2026","Mon Jun 08 00:10:12 UTC 2026","9457","HabitNuCoachPortalSuite","UserDashboard","CoachesPortal.PatientDashboard","CoachesPortal.PatientDashboard","hbA1cHistory","test7 > Given I am logged in as admin, wehn I am on adding hba1c from user Dashboard, Then I should be able to see added hba1c on Hba1c graph","admin login - user/patient/partcipant dashboard validation"
"passed","Sun Jun 07 23:57:24 UTC 2026","Sun Jun 07 23:57:25 UTC 2026","120","HabitNuCoachPortalSuite","LogClassSession","CoachesPortal.LogClassSession","CoachesPortal.LogClassSession","verifyLogClasssessionWithPatientFields","Verify Log Class Session page fields",""
"broken","Sun Jun 07 23:39:07 UTC 2026","Sun Jun 07 23:39:27 UTC 2026","20369","HabitNuCoachPortalSuite","Scheduler","CoachesPortal.Schedular","CoachesPortal.Schedular","joinTheMeeting","test7 >  Given I am logged in as coach, and on time slot page, When I click on created appointment, Then I should see the Join the meet button, When I click on it, Then I should be taken to joinmeeting page in new tab","coach login - User should be able to join the meet"
"broken","Sun Jun 07 23:53:21 UTC 2026","Sun Jun 07 23:53:22 UTC 2026","1202","HabitNuCoachPortalSuite","HabitNuCoachesPortalRegression-PartC","CoachesPortal.PatientDetails.PatientProfilePreAuth","CoachesPortal.PatientDetails.PatientProfilePreAuth","verifyPreAuth","verify PreAuth for Ethylen",""
"passed","Mon Jun 08 00:01:54 UTC 2026","Mon Jun 08 00:01:59 UTC 2026","4730","HabitNuCoachPortalSuite","GroupDPPClassPlanner","CoachesPortal.ClassPlanner","CoachesPortal.ClassPlanner","case29","Login to coach portal -> select the cohort -> Class planner -> Click on Edit (pencil) button",""
"passed","Sun Jun 07 22:51:41 UTC 2026","Sun Jun 07 22:51:43 UTC 2026","1618","HabitNuCoachPortalSuite","HabitNuCoachesPortalRegression-PartA","CoachesPortal.LearnModule.Learn","CoachesPortal.LearnModule.Learn","addCourseToTheProgram","adding  the course to the program",""
"passed","Sun Jun 07 23:17:18 UTC 2026","Sun Jun 07 23:17:19 UTC 2026","643","HabitNuCoachPortalSuite","HabitNuCoachesPortalRegression-PartB","CoachesPortal.OnsiteUsersListDashboard","CoachesPortal.OnsiteUsersListDashboard","case11","test1 > Given I am logged in as coach, Choose Cohort- Form survey- SDOH- No form configured. Please contact admin.","test1 > Given I am logged in as coach, Choose Cohort- Form survey- SDOH- No form configured. Please contact admin."
"passed","Sun Jun 07 23:00:41 UTC 2026","Sun Jun 07 23:00:42 UTC 2026","1059","HabitNuCoachPortalSuite","HabitNuCoachesPortalRegression-PartA","CoachesPortal.LearnModule.CustomerAdminCourseDocument","CoachesPortal.LearnModule.CustomerAdminCourseDocument","verifyAddOnlyDiscription","Add Only Discription And verify url and title Required",""
"passed","Sun Jun 07 22:50:48 UTC 2026","Sun Jun 07 22:50:53 UTC 2026","5210","HabitNuCoachPortalSuite","HabitNuCoachesPortalRegression-PartA","CoachesPortal.LearnModule.Learn","CoachesPortal.LearnModule.Learn","verifyChapterActions","Verify chapter Actions on hovering shows all the buttons",""
"passed","Sun Jun 07 23:43:06 UTC 2026","Sun Jun 07 23:43:07 UTC 2026","909","HabitNuCoachPortalSuite","Scheduler","CoachesPortal.Schedular","CoachesPortal.Schedular","openAppoitmentCreateForm","test2 > Given I am logged in as admin, When I click on time slot, Then I should be able to see the create appointment form","admin login - It should open meeting form"
"failed","Sun Jun 07 23:45:16 UTC 2026","Sun Jun 07 23:47:23 UTC 2026","127138","HabitNuCoachPortalSuite","Paywal","CoachesPortal.payWall","CoachesPortal.payWall","testEditSyncedPlanAndManualSync","COP-T393 & T394: Edit a synced plan and verify manual sync",""
"passed","Sun Jun 07 22:53:23 UTC 2026","Sun Jun 07 22:53:33 UTC 2026","10490","HabitNuCoachPortalSuite","HabitNuCoachesPortalRegression-PartA","CoachesPortal.LearnModule.Learn","CoachesPortal.LearnModule.Learn","select_content_from_list","filter down course content by Video and assert Pagination",""
"passed","Sun Jun 07 23:57:25 UTC 2026","Sun Jun 07 23:57:25 UTC 2026","437","HabitNuCoachPortalSuite","LogClassSession","CoachesPortal.LogClassSession","CoachesPortal.LogClassSession","addDataLogClasssessionWithPatient","Given coach is on logclass session page, when 'weight-date-PA-delivery Mode' is added, then coach should be able to save log class session ",""
"broken","Mon Jun 08 00:14:09 UTC 2026","Mon Jun 08 00:14:30 UTC 2026","21685","HabitNuCoachPortalSuite","FeatureFlags","CoachesPortal.FeatureFlags","CoachesPortal.FeatureFlags","test17_addrulesforcohort_multipletimes","And user is able to add the rule for cohort level multiple times",""
"passed","Sun Jun 07 23:56:47 UTC 2026","Sun Jun 07 23:56:47 UTC 2026","465","HabitNuCoachPortalSuite","LoginPageCases","CoachesPortal.LoginPageCases","CoachesPortal.LoginPageCases","case16","Coaches Portal Login URL -> Click on Privacy Policy Link",""
"passed","Mon Jun 08 00:14:30 UTC 2026","Mon Jun 08 00:14:31 UTC 2026","549","HabitNuCoachPortalSuite","FeatureFlags","CoachesPortal.FeatureFlags","CoachesPortal.FeatureFlags","test18_deleteuser","delete rule",""
"skipped","Sun Jun 07 23:49:30 UTC 2026","Sun Jun 07 23:49:30 UTC 2026","0","HabitNuCoachPortalSuite","Paywal","CoachesPortal.payWall","CoachesPortal.payWall","testUnpublishedPlanIsHiddenFromUser","COP-T414: Validate user cannot see unpublished plans",""
"broken","Sun Jun 07 23:20:06 UTC 2026","Sun Jun 07 23:20:43 UTC 2026","36267","HabitNuCoachPortalSuite","HabitNuCoachesPortalRegression-PartB","CoachesPortal.OnsiteUsersListDashboard","CoachesPortal.OnsiteUsersListDashboard","case55","test1 > Given I am logged in as customerAdmin, verify milestonecolor==green when coach updates 'confirm By participant' to true","test1 > Given I am logged in as customerAdmin, verify milestonecolor==green when coach updates 'confirm By participant' to true"
"passed","Sun Jun 07 22:52:04 UTC 2026","Sun Jun 07 22:52:12 UTC 2026","8302","HabitNuCoachPortalSuite","HabitNuCoachesPortalRegression-PartA","CoachesPortal.LearnModule.Learn","CoachesPortal.LearnModule.Learn","accessCourseFromWebApp","accessCourseFromWebApp",""
"passed","Sun Jun 07 23:05:23 UTC 2026","Sun Jun 07 23:05:24 UTC 2026","759","HabitNuCoachPortalSuite","HabitNuCoachesPortalRegression-PartA","CoachesPortal.DiscussionForumPage","CoachesPortal.DiscussionForumPage","case21","test1 > Given I am logged in as customerAdmin, I am validating Edit Post-Remove File.","test1 > Given I am logged in as customerAdmin, I am validating Edit Post-Remove File."
"passed","Sun Jun 07 23:00:26 UTC 2026","Sun Jun 07 23:00:26 UTC 2026","135","HabitNuCoachPortalSuite","HabitNuCoachesPortalRegression-PartA","CoachesPortal.LearnModule.Learn","CoachesPortal.LearnModule.Learn","editByDisablingDeliveryMode","verify 'Please enable atleast one delivery mode.'",""
"passed","Sun Jun 07 23:00:12 UTC 2026","Sun Jun 07 23:00:15 UTC 2026","2390","HabitNuCoachPortalSuite","HabitNuCoachesPortalRegression-PartA","CoachesPortal.LearnModule.Learn","CoachesPortal.LearnModule.Learn","editByErasingMessageContent","verify, Please enter message content for email",""
"passed","Mon Jun 08 00:14:51 UTC 2026","Mon Jun 08 00:15:09 UTC 2026","18525","HabitNuCoachPortalSuite","ParticipationsTable","CoachesPortal.participations","CoachesPortal.participations","tes7_validatingparticipations_columns","And user is validating paricipations columns section",""
"passed","Sun Jun 07 23:27:41 UTC 2026","Sun Jun 07 23:27:41 UTC 2026","56","HabitNuCoachPortalSuite","HabitNuCoachesPortalRegression-PartB","CoachesPortal.PatientDetails.PatientProfileDemographic","CoachesPortal.PatientDetails.PatientProfileDemographic","verifyContactDetails","test1 > Given I am logged in as coach, verifyContactDetails","test1 > Given I am logged in as coach, verifyContactDetails"
"passed","Sun Jun 07 23:24:15 UTC 2026","Sun Jun 07 23:24:21 UTC 2026","5138","HabitNuCoachPortalSuite","HabitNuCoachesPortalRegression-PartB","CoachesPortal.PatientDetails.PatientProfileDemographic","CoachesPortal.PatientDetails.PatientProfileDemographic","testSelectDressingNo","test1 > Given I am logged in as customer admin, testSelectDressingNo","test1 > Given I am logged in as customer admin, testSelectDressingNo"
"passed","Mon Jun 08 00:05:51 UTC 2026","Mon Jun 08 00:06:01 UTC 2026","10441","HabitNuCoachPortalSuite","Milestones","CoachesPortal.VAMilestone","CoachesPortal.VAMilestone","test13_validating_VAHeaders_data","And user is validating to VAHeaders data by clicking arrow button",""
"passed","Sun Jun 07 23:54:40 UTC 2026","Sun Jun 07 23:54:46 UTC 2026","5741","HabitNuCoachPortalSuite","HabitNuCoachesPortalRegression-PartC","CoachesPortal.PatientDetails.PatientProfilePayerType","CoachesPortal.PatientDetails.PatientProfilePayerType","editPayerType_click_Cancel","edit PayerType for Ethylen, but click on cancel button rather update button",""
"passed","Sun Jun 07 23:28:23 UTC 2026","Sun Jun 07 23:28:27 UTC 2026","3590","HabitNuCoachPortalSuite","HabitNuCoachesPortalRegression-PartB","CoachesPortal.PatientDetails.PatientProfileDemographic","CoachesPortal.PatientDetails.PatientProfileDemographic","updateAndVerifyCDCDetails","test1 > Given I am logged in as coach, updateAndVerifyCDCDetails","test1 > Given I am logged in as coach, updateAndVerifyCDCDetails"
"broken","Sun Jun 07 23:56:00 UTC 2026","Sun Jun 07 23:56:01 UTC 2026","1264","HabitNuCoachPortalSuite","LoginPageCases","CoachesPortal.LoginPageCases","CoachesPortal.LoginPageCases","testRestpasswordCase2","validate users be able to reset password, while doing so entering new password, but entering different one in confirm password",""
"passed","Mon Jun 08 00:04:07 UTC 2026","Mon Jun 08 00:04:09 UTC 2026","2132","HabitNuCoachPortalSuite","Milestones","CoachesPortal.BPSMMilestone","CoachesPortal.BPSMMilestone","test3_currentcohort_dashboard","And user is navigated to current cohort dashboard",""
"passed","Sun Jun 07 23:04:06 UTC 2026","Sun Jun 07 23:04:15 UTC 2026","9258","HabitNuCoachPortalSuite","HabitNuCoachesPortalRegression-PartA","CoachesPortal.DiscussionForumPage","CoachesPortal.DiscussionForumPage","case12","test1 > Given I am logged in as customerAdmin, I am validating File upload- subject only- error.","test1 > Given I am logged in as customerAdmin, I am validating File upload- subject only- error."
"passed","Sun Jun 07 23:18:34 UTC 2026","Sun Jun 07 23:18:35 UTC 2026","964","HabitNuCoachPortalSuite","HabitNuCoachesPortalRegression-PartB","CoachesPortal.OnsiteUsersListDashboard","CoachesPortal.OnsiteUsersListDashboard","case31","test1 > Given I am logged in as customerAdmin, validate userList as customerAdmin-Add Cohort for a user- cancel scenario.","test1 > Given I am logged in as customerAdmin, validate userList as customerAdmin-Add Cohort for a user- cancel scenario."
"passed","Sun Jun 07 23:03:51 UTC 2026","Sun Jun 07 23:03:52 UTC 2026","61","HabitNuCoachPortalSuite","HabitNuCoachesPortalRegression-PartA","CoachesPortal.DiscussionForumPage","CoachesPortal.DiscussionForumPage","case3","test1 > Given I am logged in as customerAdmin, I am validating Discussions- All elements check2","test1 > Given I am logged in as customerAdmin, I am validating Discussions- All elements check2"
"broken","Sun Jun 07 23:34:40 UTC 2026","Sun Jun 07 23:35:23 UTC 2026","42231","HabitNuCoachPortalSuite","UserActivities","CoachesPortal.PatientDetails.UserActivitiesBloodSugar","CoachesPortal.PatientDetails.UserActivitiesBloodSugar","verifyEditBSDataInCoachesPortal","Edit BS data in webapp and verify in webapp as well as in coaches portal",""
"broken","Sun Jun 07 22:56:28 UTC 2026","Sun Jun 07 22:57:41 UTC 2026","72549","HabitNuCoachPortalSuite","HabitNuCoachesPortalRegression-PartA","CoachesPortal.LearnModule.Learn","CoachesPortal.LearnModule.Learn","replaceCourseContent","replace course content",""
"passed","Sun Jun 07 23:00:37 UTC 2026","Sun Jun 07 23:00:39 UTC 2026","2645","HabitNuCoachPortalSuite","HabitNuCoachesPortalRegression-PartA","CoachesPortal.LearnModule.CustomerAdminCourseDocument","CoachesPortal.LearnModule.CustomerAdminCourseDocument","verifyAddLinkDocument","Add link Document",""
"passed","Sun Jun 07 23:32:01 UTC 2026","Sun Jun 07 23:32:07 UTC 2026","5869","HabitNuCoachPortalSuite","UserActivities","CoachesPortal.PatientDetails.UserActivitiesBloodSugar","CoachesPortal.PatientDetails.UserActivitiesBloodSugar","verifyreadingTimeRequired","Verify reading time required",""
"passed","Mon Jun 08 00:05:50 UTC 2026","Mon Jun 08 00:05:51 UTC 2026","1197","HabitNuCoachPortalSuite","Milestones","CoachesPortal.VAMilestone","CoachesPortal.VAMilestone","test12_validating_VAHeaders_data","And user is validating to VAHeaders data by clicking arrow button",""
"passed","Sun Jun 07 23:54:00 UTC 2026","Sun Jun 07 23:54:39 UTC 2026","39160","HabitNuCoachPortalSuite","HabitNuCoachesPortalRegression-PartC","CoachesPortal.PatientDetails.PatientProfilePayerType","CoachesPortal.PatientDetails.PatientProfilePayerType","verifyAddPayerTypeDetails","Add PayerType of Ethlen",""
"passed","Sun Jun 07 23:01:06 UTC 2026","Sun Jun 07 23:01:07 UTC 2026","1027","HabitNuCoachPortalSuite","HabitNuCoachesPortalRegression-PartA","CoachesPortal.LearnModule.CustomerAdminCourseDocument","CoachesPortal.LearnModule.CustomerAdminCourseDocument","verifyAddDocumentUploadRequired","Add Document upload Required",""
"broken","Sun Jun 07 23:38:03 UTC 2026","Sun Jun 07 23:38:23 UTC 2026","20383","HabitNuCoachPortalSuite","Scheduler","CoachesPortal.Schedular","CoachesPortal.Schedular","editAppointment","test4 >  Given I am logged in as coach, and on time slot page, When I click on created appointment, Then I should be able to see edit appointment page with edit button, When I click on it and edit details, Then I should be able to save it","coach login - User should be able to edit and save appointment"
"broken","Mon Jun 08 00:12:18 UTC 2026","Mon Jun 08 00:12:18 UTC 2026","1","HabitNuCoachPortalSuite","UserDashboard","CoachesPortal.PatientDashboard","CoachesPortal.PatientDashboard","setup","setup",""
"broken","Mon Jun 08 00:03:30 UTC 2026","Mon Jun 08 00:03:30 UTC 2026","672","HabitNuCoachPortalSuite","GeneralContent","CoachesPortal.generalContent_WEb_Coaches","CoachesPortal.generalContent_WEb_Coaches","case12","Verify Fitness Videos Details Consistency",""
"passed","Mon Jun 08 00:06:12 UTC 2026","Mon Jun 08 00:06:13 UTC 2026","1201","HabitNuCoachPortalSuite","Milestones","CoachesPortal.VAMilestone","CoachesPortal.VAMilestone","test16_validating_VAHeaders_data","And user is validating to VAHeaders data by clicking arrow button",""
"passed","Sun Jun 07 23:47:27 UTC 2026","Sun Jun 07 23:47:28 UTC 2026","920","HabitNuCoachPortalSuite","Paywal","CoachesPortal.payWall","CoachesPortal.payWall","testViewSubscriptionDetails","COP-T396: View subscription details",""
"passed","Mon Jun 08 00:11:37 UTC 2026","Mon Jun 08 00:11:46 UTC 2026","8646","HabitNuCoachPortalSuite","UserDashboard","CoachesPortal.PatientDashboard","CoachesPortal.PatientDashboard","Last_BeforeMeal_Blood_Sugar","test20 > Given I am logged in as admin, wehn I am on Participants dashboard page, when I add bloodsugar BEFORE-MEAL type, Then I should be able to see the added data on dashboard card==Last_BeforeMeal_Blood_Sugar","admin login - clicking on scheduler should open the scheduler page in coaches portal"
"passed","Mon Jun 08 00:11:28 UTC 2026","Mon Jun 08 00:11:37 UTC 2026","8944","HabitNuCoachPortalSuite","UserDashboard","CoachesPortal.PatientDashboard","CoachesPortal.PatientDashboard","Last_AFterMeal_Blood_Sugar","test21 > Given I am logged in as admin, wehn I am on Participants dashboard page, when I add bloodsugar AFTER-MEAL type, Then I should be able to see the added data on dashboard card==Last_AfterMeal_Blood_Sugar","admin login - clicking on scheduler should open the scheduler page in coaches portal"
"passed","Mon Jun 08 00:10:12 UTC 2026","Mon Jun 08 00:10:21 UTC 2026","8548","HabitNuCoachPortalSuite","UserDashboard","CoachesPortal.PatientDashboard","CoachesPortal.PatientDashboard","bloodPressureHistory","test8 > Given I am logged in as admin, wehn I am on adding bloodpressure from user Dashboard, Then I should be able to see added bloodpressure on bloodpressureHistory graph","admin login - user/patient/partcipant dashboard validation"
"passed","Sun Jun 07 23:57:56 UTC 2026","Sun Jun 07 23:58:02 UTC 2026","5656","HabitNuCoachPortalSuite","LogClassSession","CoachesPortal.LogClassSession","CoachesPortal.LogClassSession","verifyAddOnlyminsofactivity","Verify error message=='Weight is required' & 'Date is required' are displayed, when coach tries to save logclass session with Only ' mins of activity' ",""
"passed","Sun Jun 07 23:12:37 UTC 2026","Sun Jun 07 23:12:40 UTC 2026","2212","HabitNuCoachPortalSuite","HabitNuCoachesPortalRegression-PartA","CoachesPortal.DiscussionForumPage","CoachesPortal.DiscussionForumPage","case7","test1 > Given I am logged in as coach, I am validating Add subject and describe- success post.","test1 > Given I am logged in as coach, I am validating Add subject and describe- success post."
"passed","Mon Jun 08 00:01:32 UTC 2026","Mon Jun 08 00:01:36 UTC 2026","4615","HabitNuCoachPortalSuite","GroupDPPClassPlanner","CoachesPortal.ClassPlanner","CoachesPortal.ClassPlanner","case23","Login to coach portal -> select the cohort -> Class planner -> Activate class planner ",""
"broken","Mon Jun 08 00:12:34 UTC 2026","Mon Jun 08 00:12:58 UTC 2026","23790","HabitNuCoachPortalSuite","FeatureFlags","CoachesPortal.FeatureFlags","CoachesPortal.FeatureFlags","test12_addrulesforcohort","And user is able to add the rule for cohort level",""
"broken","Mon Jun 08 00:12:29 UTC 2026","Mon Jun 08 00:12:34 UTC 2026","4768","HabitNuCoachPortalSuite","FeatureFlags","CoachesPortal.FeatureFlags","CoachesPortal.FeatureFlags","test11_addrulesforuser","And user is able to add the rule for user level",""
"passed","Mon Jun 08 00:18:15 UTC 2026","Mon Jun 08 00:18:15 UTC 2026","136","HabitNuCoachPortalSuite","DifferentTypeOfDashboards","CoachesPortal.CohortLevelDashboard.DSMEDashboardCoachesPortal","CoachesPortal.CohortLevelDashboard.DSMEDashboardCoachesPortal","test15_verifyBloodSugarByPatientsWithCalender","Verify Blood Sugar by Patients with Calender as default date today selected",""
"passed","Sun Jun 07 23:29:30 UTC 2026","Sun Jun 07 23:29:30 UTC 2026","5","HabitNuCoachPortalSuite","HabitNuCoachesPortalRegression-PartB","CoachesPortal.PatientDetails.PatientProfileDemographic","CoachesPortal.PatientDetails.PatientProfileDemographic","updateMiddleName","test1 > Given I am logged in as coach, Middle Name","test1 > Given I am logged in as coach, Middle Name"
"passed","Sun Jun 07 23:30:50 UTC 2026","Sun Jun 07 23:30:54 UTC 2026","4532","HabitNuCoachPortalSuite","UserActivities","CoachesPortal.PatientDetails.UserActivitiesBloodPressure","CoachesPortal.PatientDetails.UserActivitiesBloodPressure","verifyYesterdayBPDataInCoachesPortal","Add yesterday date blood pressure",""
"passed","Sun Jun 07 22:50:41 UTC 2026","Sun Jun 07 22:50:41 UTC 2026","340","HabitNuCoachPortalSuite","HabitNuCoachesPortalRegression-PartA","CoachesPortal.LearnModule.Learn","CoachesPortal.LearnModule.Learn","publishCourse","Verify CustomerAdmin can publish the course",""
"passed","Sun Jun 07 23:48:17 UTC 2026","Sun Jun 07 23:48:19 UTC 2026","2040","HabitNuCoachPortalSuite","Paywal","CoachesPortal.payWall","CoachesPortal.payWall","testFilterTransactions","COP-T400: Validate all transaction filters",""
"passed","Mon Jun 08 00:06:13 UTC 2026","Mon Jun 08 00:06:23 UTC 2026","10464","HabitNuCoachPortalSuite","Milestones","CoachesPortal.VAMilestone","CoachesPortal.VAMilestone","test17_validating_VAHeaders_data","And user is validating to VAHeaders data by clicking arrow button",""
"passed","Sun Jun 07 23:29:30 UTC 2026","Sun Jun 07 23:29:30 UTC 2026","4","HabitNuCoachPortalSuite","HabitNuCoachesPortalRegression-PartB","CoachesPortal.PatientDetails.PatientProfileDemographic","CoachesPortal.PatientDetails.PatientProfileDemographic","updateethnicity_race_info","test1 > Given I am logged in as coach, ethnicity_race_info","test1 > Given I am logged in as coach, ethnicity_race_info"
"passed","Sun Jun 07 23:05:00 UTC 2026","Sun Jun 07 23:05:15 UTC 2026","15276","HabitNuCoachPortalSuite","HabitNuCoachesPortalRegression-PartA","CoachesPortal.DiscussionForumPage","CoachesPortal.DiscussionForumPage","case17","test1 > Given I am logged in as customerAdmin, I am validating Upload more than 5 files.- Error.","test1 > Given I am logged in as customerAdmin, I am validating Upload more than 5 files.- Error"
"broken","Sun Jun 07 22:58:44 UTC 2026","Sun Jun 07 22:59:48 UTC 2026","63494","HabitNuCoachPortalSuite","HabitNuCoachesPortalRegression-PartA","CoachesPortal.LearnModule.Learn","CoachesPortal.LearnModule.Learn","deleteCourseContent","delete course content",""
"passed","Sun Jun 07 23:05:35 UTC 2026","Sun Jun 07 23:07:51 UTC 2026","135911","HabitNuCoachPortalSuite","HabitNuCoachesPortalRegression-PartA","CoachesPortal.DiscussionForumPage","CoachesPortal.DiscussionForumPage","case27","test1 > Given I am logged in as customerAdmin, I am validating add max number of pinned posts(20).","test1 > Given I am logged in as customerAdmin, I am validating add max number of pinned posts(20)."
"skipped","Sun Jun 07 23:49:30 UTC 2026","Sun Jun 07 23:49:30 UTC 2026","1","HabitNuCoachPortalSuite","Paywal","CoachesPortal.payWall","CoachesPortal.payWall","testValidateTransactionEntryAfterSubscription","COP-T411: Validate transaction entry after user subscription",""
"passed","Sun Jun 07 23:23:22 UTC 2026","Sun Jun 07 23:23:23 UTC 2026","79","HabitNuCoachPortalSuite","HabitNuCoachesPortalRegression-PartB","CoachesPortal.PatientDetails.PatientProfileDemographic","CoachesPortal.PatientDetails.PatientProfileDemographic","verifyOtherdetails","test1 > Given I am logged in as customer admin, verifyOtherdetails","test1 > Given I am logged in as customer admin, verifyOtherdetails"
"passed","Sun Jun 07 22:59:59 UTC 2026","Sun Jun 07 23:00:12 UTC 2026","12884","HabitNuCoachPortalSuite","HabitNuCoachesPortalRegression-PartA","CoachesPortal.LearnModule.Learn","CoachesPortal.LearnModule.Learn","configNofifications","verify list of default list notifications",""
"passed","Sun Jun 07 23:02:14 UTC 2026","Sun Jun 07 23:02:23 UTC 2026","9260","HabitNuCoachPortalSuite","HabitNuCoachesPortalRegression-PartA","CoachesPortal.LearnModule.CustomerAdminCourseDocument","CoachesPortal.LearnModule.CustomerAdminCourseDocument","verifyAddVideoTitleRequired","Add Title Required",""
"skipped","Mon Jun 08 00:12:18 UTC 2026","Mon Jun 08 00:12:18 UTC 2026","0","HabitNuCoachPortalSuite","UserDashboard","CoachesPortal.PatientDashboard","CoachesPortal.PatientDashboard","goToUserDashboard","goToUserDashboard",""
"failed","Mon Jun 08 00:09:41 UTC 2026","Mon Jun 08 00:09:51 UTC 2026","9461","HabitNuCoachPortalSuite","UserDashboard","CoachesPortal.PatientDashboard","CoachesPortal.PatientDashboard","patientWeeklyStatus_WEIGHTS","test2 > Given I am logged in as admin, wehn I am on adding weight from user Dashboard, Then I should be able to see added weight count==1 under patientWeeklyStatus_WEIGHTS","admin login - user/patient/partcipant dashboard validation"
"passed","Sun Jun 07 23:29:30 UTC 2026","Sun Jun 07 23:29:30 UTC 2026","4","HabitNuCoachPortalSuite","HabitNuCoachesPortalRegression-PartB","CoachesPortal.PatientDetails.PatientProfileDemographic","CoachesPortal.PatientDetails.PatientProfileDemographic","updatelastName","test1 > Given I am logged in as coach, Last Name","test1 > Given I am logged in as coach, Last Name"
"passed","Mon Jun 08 00:10:21 UTC 2026","Mon Jun 08 00:10:21 UTC 2026","26","HabitNuCoachPortalSuite","UserDashboard","CoachesPortal.PatientDashboard","CoachesPortal.PatientDashboard","patientVWeeklyStatusVideo_when_partiallyWatched","test14 > Given I am logged in as admin, when I am on watching a video partally by logging into user app, Then I should be able to see watched Video count==0 under patientVWeeklyStatusVideo","admin login - user/patient/partcipant dashboard validation"
"broken","Sun Jun 07 23:52:57 UTC 2026","Sun Jun 07 23:53:18 UTC 2026","20699","HabitNuCoachPortalSuite","HabitNuCoachesPortalRegression-PartC","CoachesPortal.PatientDetails.PatientProfilePreAuth","CoachesPortal.PatientDetails.PatientProfilePreAuth","verifyAddPreAuthDetails","Add PreAuth of Ethlen",""
"broken","Mon Jun 08 00:17:39 UTC 2026","Mon Jun 08 00:17:55 UTC 2026","16772","HabitNuCoachPortalSuite","DifferentTypeOfDashboards","CoachesPortal.CohortLevelDashboard.DSMEDashboardCoachesPortal","CoachesPortal.CohortLevelDashboard.DSMEDashboardCoachesPortal","test9_All","And user is validating All",""
"passed","Sun Jun 07 23:08:00 UTC 2026","Sun Jun 07 23:08:02 UTC 2026","2214","HabitNuCoachPortalSuite","HabitNuCoachesPortalRegression-PartA","CoachesPortal.DiscussionForumPage","CoachesPortal.DiscussionForumPage","case1","test1 > Given I am logged in as admin, I am validating Coaches - Discussions module","test1 > Given I am logged in as admin, I am validating - Discussions module"
"passed","Sun Jun 07 23:04:29 UTC 2026","Sun Jun 07 23:04:54 UTC 2026","25222","HabitNuCoachPortalSuite","HabitNuCoachesPortalRegression-PartA","CoachesPortal.DiscussionForumPage","CoachesPortal.DiscussionForumPage","case15","test1 > Given I am logged in as customerAdmin, I am validating upload upto 5 files.","test1 > Given I am logged in as customerAdmin, I am validating upload upto 5 files. "
"passed","Sun Jun 07 23:01:07 UTC 2026","Sun Jun 07 23:01:08 UTC 2026","1102","HabitNuCoachPortalSuite","HabitNuCoachesPortalRegression-PartA","CoachesPortal.LearnModule.CustomerAdminCourseDocument","CoachesPortal.LearnModule.CustomerAdminCourseDocument","verifyAddOnlyDiscriptionDocument","Add Only Discription And verify documentupload and title Required",""
"passed","Sun Jun 07 23:55:31 UTC 2026","Sun Jun 07 23:55:38 UTC 2026","6930","HabitNuCoachPortalSuite","LoginPageCases","CoachesPortal.LoginPageCases","CoachesPortal.LoginPageCases","testLockAccount","validate users account gets locked after entering incorrect password for 3 times",""
"passed","Mon Jun 08 00:02:01 UTC 2026","Mon Jun 08 00:02:06 UTC 2026","4982","HabitNuCoachPortalSuite","GroupDPPClassPlanner","CoachesPortal.ClassPlanner","CoachesPortal.ClassPlanner","case32","validate user is able to add notes",""
"passed","Sun Jun 07 23:49:30 UTC 2026","Sun Jun 07 23:49:30 UTC 2026","20","HabitNuCoachPortalSuite","Paywal","CoachesPortal.payWall","CoachesPortal.payWall","testPlanConsistencyAcrossSystems","COP-T419: Validate plan details consistency across systems",""
"failed","Sun Jun 07 22:52:24 UTC 2026","Sun Jun 07 22:52:25 UTC 2026","534","HabitNuCoachPortalSuite","HabitNuCoachesPortalRegression-PartA","CoachesPortal.LearnModule.Learn","CoachesPortal.LearnModule.Learn","courseProgressUnderUserTab","check course tab from main dashboard",""
"skipped","Mon Jun 08 00:12:18 UTC 2026","Mon Jun 08 00:12:18 UTC 2026","0","HabitNuCoachPortalSuite","UserDashboard","CoachesPortal.PatientDashboard","CoachesPortal.PatientDashboard","bloodSugarHistory","bloodSugarHistory",""
"passed","Sun Jun 07 23:02:23 UTC 2026","Sun Jun 07 23:02:33 UTC 2026","10145","HabitNuCoachPortalSuite","HabitNuCoachesPortalRegression-PartA","CoachesPortal.LearnModule.CustomerAdminCourseDocument","CoachesPortal.LearnModule.CustomerAdminCourseDocument","verifyAddValidUploadVideoRequired","Add Valid upload Video Required",""
"passed","Sun Jun 07 23:58:13 UTC 2026","Sun Jun 07 23:58:22 UTC 2026","9629","HabitNuCoachPortalSuite","LogClassSession","CoachesPortal.LogClassSession","CoachesPortal.LogClassSession","verifyNegativeValueinWeightNotAllowed","Verify error message=='Weight is required' is displayed, when coach tries to save logclass session with Negative Value",""
"passed","Sun Jun 07 23:09:09 UTC 2026","Sun Jun 07 23:09:14 UTC 2026","5192","HabitNuCoachPortalSuite","HabitNuCoachesPortalRegression-PartA","CoachesPortal.DiscussionForumPage","CoachesPortal.DiscussionForumPage","case16","test1 > Given I am logged in as admin, I am validating upload upto 5 files with Description- Success.","test1 > Given I am logged in as admin, I am validating upload upto 5 files with Description- Success."
"passed","Sun Jun 07 23:01:26 UTC 2026","Sun Jun 07 23:01:35 UTC 2026","8490","HabitNuCoachPortalSuite","HabitNuCoachesPortalRegression-PartA","CoachesPortal.LearnModule.CustomerAdminCourseDocument","CoachesPortal.LearnModule.CustomerAdminCourseDocument","verifyDocumentArchiveCancelAndConfirm","Document Archive Cancel And Confirm",""
"passed","Sun Jun 07 22:51:35 UTC 2026","Sun Jun 07 22:51:41 UTC 2026","6572","HabitNuCoachPortalSuite","HabitNuCoachesPortalRegression-PartA","CoachesPortal.LearnModule.Learn","CoachesPortal.LearnModule.Learn","accessCourseContentFromCoachesPortal","access the course content to verify",""
"passed","Mon Jun 08 00:03:07 UTC 2026","Mon Jun 08 00:03:10 UTC 2026","2437","HabitNuCoachPortalSuite","GeneralContent","CoachesPortal.generalContent_WEb_Coaches","CoachesPortal.generalContent_WEb_Coaches","RedirectToWeb","Redirecting To Web page",""
"broken","Sun Jun 07 23:18:29 UTC 2026","Sun Jun 07 23:18:34 UTC 2026","5408","HabitNuCoachPortalSuite","HabitNuCoachesPortalRegression-PartB","CoachesPortal.OnsiteUsersListDashboard","CoachesPortal.OnsiteUsersListDashboard","case30","test1 > Given I am logged in as customerAdmin, validate userList as customerAdmin-Verify all elements are present.","test1 > Given I am logged in as customerAdmin, validate userList as customerAdmin-Verify all elements are present."
"passed","Mon Jun 08 00:05:14 UTC 2026","Mon Jun 08 00:05:15 UTC 2026","744","HabitNuCoachPortalSuite","Milestones","CoachesPortal.VAMilestone","CoachesPortal.VAMilestone","test4_navigating_milestone","And user is navigating to milestone",""
"passed","Mon Jun 08 00:02:21 UTC 2026","Mon Jun 08 00:02:23 UTC 2026","1844","HabitNuCoachPortalSuite","GeneralContent","CoachesPortal.generalContent_WEb_Coaches","CoachesPortal.generalContent_WEb_Coaches","case4","Creating tags for Sleep",""
"passed","Mon Jun 08 00:01:16 UTC 2026","Mon Jun 08 00:01:26 UTC 2026","9948","HabitNuCoachPortalSuite","GroupDPPClassPlanner","CoachesPortal.ClassPlanner","CoachesPortal.ClassPlanner","case21","There is no Class Planner for this Cohort - before activating class planner",""
"passed","Mon Jun 08 00:00:53 UTC 2026","Mon Jun 08 00:00:54 UTC 2026","886","HabitNuCoachPortalSuite","GroupDPPClassPlanner","CoachesPortal.ClassPlanner","CoachesPortal.ClassPlanner","case7","Create the TEXT cards under the list",""
"passed","Mon Jun 08 00:10:21 UTC 2026","Mon Jun 08 00:10:21 UTC 2026","47","HabitNuCoachPortalSuite","UserDashboard","CoachesPortal.PatientDashboard","CoachesPortal.PatientDashboard","patientWeeklyStatus_Meals","test11 > Given I am logged in as admin, when I am on adding Meal by logging into user app, Then I should be able to see added Meal count==1 under patientWeeklyStatus_Meals","admin login - user/patient/partcipant dashboard validation"
"passed","Sun Jun 07 23:41:37 UTC 2026","Sun Jun 07 23:41:43 UTC 2026","6318","HabitNuCoachPortalSuite","Scheduler","CoachesPortal.Schedular","CoachesPortal.Schedular","userNoToTheMeet","test1 > Given I am logged in as coach, verify user response to meet attendance - NO","test1 > Given I am logged in as coach, verify user response to meet attendance - NO"
"passed","Sun Jun 07 23:57:37 UTC 2026","Sun Jun 07 23:57:50 UTC 2026","12187","HabitNuCoachPortalSuite","LogClassSession","CoachesPortal.LogClassSession","CoachesPortal.LogClassSession","verifyAddOnlyWeight","Verify error message=='Date is required' is displayed, when coach tries to save logclass session with only weight",""
"passed","Mon Jun 08 00:14:08 UTC 2026","Mon Jun 08 00:14:09 UTC 2026","545","HabitNuCoachPortalSuite","FeatureFlags","CoachesPortal.FeatureFlags","CoachesPortal.FeatureFlags","test16_deleteuser","delete rule",""
"passed","Mon Jun 08 00:14:51 UTC 2026","Mon Jun 08 00:14:51 UTC 2026","103","HabitNuCoachPortalSuite","ParticipationsTable","CoachesPortal.participations","CoachesPortal.participations","test6_validatingparticipations","And user is validating paricipations section",""
"failed","Sun Jun 07 23:47:48 UTC 2026","Sun Jun 07 23:47:51 UTC 2026","2474","HabitNuCoachPortalSuite","Paywal","CoachesPortal.payWall","CoachesPortal.payWall","testFilterSubscriptions","COP-T397–399: Validate subscription filters",""
"passed","Sun Jun 07 23:00:36 UTC 2026","Sun Jun 07 23:00:36 UTC 2026","169","HabitNuCoachPortalSuite","HabitNuCoachesPortalRegression-PartA","CoachesPortal.LearnModule.CustomerAdminCourseDocument","CoachesPortal.LearnModule.CustomerAdminCourseDocument","verifyOpeningCustAdminCourseDocument","Verify Opening Customer Admin Should have CourseDocument",""
"broken","Sun Jun 07 23:56:23 UTC 2026","Sun Jun 07 23:56:23 UTC 2026","82","HabitNuCoachPortalSuite","LoginPageCases","CoachesPortal.LoginPageCases","CoachesPortal.LoginPageCases","testLoginWithValidEmailAndEmptyPassword","try login with valid email and empty password",""
"passed","Sun Jun 07 22:50:31 UTC 2026","Sun Jun 07 22:50:33 UTC 2026","2490","HabitNuCoachPortalSuite","HabitNuCoachesPortalRegression-PartA","CoachesPortal.LearnModule.Learn","CoachesPortal.LearnModule.Learn","verifyAdminModuleIsAvailable","Verify CustomerAdmin can click on admin option from profile Icon",""
"passed","Sun Jun 07 23:17:38 UTC 2026","Sun Jun 07 23:17:39 UTC 2026","576","HabitNuCoachPortalSuite","HabitNuCoachesPortalRegression-PartB","CoachesPortal.OnsiteUsersListDashboard","CoachesPortal.OnsiteUsersListDashboard","case17","test1 > Given I am logged in as coach, Enter call details from list section using headset button","test1 > Given I am logged in as coach, Enter call details from list section using headset button"
"passed","Mon Jun 08 00:18:15 UTC 2026","Mon Jun 08 00:18:15 UTC 2026","47","HabitNuCoachPortalSuite","DifferentTypeOfDashboards","CoachesPortal.CohortLevelDashboard.DSMEDashboardCoachesPortal","CoachesPortal.CohortLevelDashboard.DSMEDashboardCoachesPortal","test13_verifyBloodSugarByPatientsWithAllDefaultOption","Verify Blood Sugar by Patients Should be selected by dropdownCard with all as default option",""
"passed","Mon Jun 08 00:06:23 UTC 2026","Mon Jun 08 00:06:34 UTC 2026","10443","HabitNuCoachPortalSuite","Milestones","CoachesPortal.VAMilestone","CoachesPortal.VAMilestone","test19_validating_VAHeaders_data","And user is validating to VAHeaders data by clicking arrow button",""
"passed","Mon Jun 08 00:10:01 UTC 2026","Mon Jun 08 00:10:02 UTC 2026","1677","HabitNuCoachPortalSuite","UserDashboard","CoachesPortal.PatientDashboard","CoachesPortal.PatientDashboard","physicalActivityHistory","test5 > Given I am logged in as admin, wehn I am on adding steps from user Dashboard, Then I should be able to see added Steps on physicalActivityHistory graph","admin login - user/patient/partcipant dashboard validation"
"passed","Sun Jun 07 23:28:23 UTC 2026","Sun Jun 07 23:28:23 UTC 2026","51","HabitNuCoachPortalSuite","HabitNuCoachesPortalRegression-PartB","CoachesPortal.PatientDetails.PatientProfileDemographic","CoachesPortal.PatientDetails.PatientProfileDemographic","verifyCDCdetails","test1 > Given I am logged in as coach, verifyCDCdetails","test1 > Given I am logged in as coach, verifyCDCdetails"
"passed","Sun Jun 07 23:19:21 UTC 2026","Sun Jun 07 23:19:25 UTC 2026","3251","HabitNuCoachPortalSuite","HabitNuCoachesPortalRegression-PartB","CoachesPortal.OnsiteUsersListDashboard","CoachesPortal.OnsiteUsersListDashboard","case47","test1 > Given I am logged in as customerAdmin, sorting users table with 'cohort' in asc order","test1 > Given I am logged in as customerAdmin, sorting users table with 'cohort' in asc order"
"passed","Mon Jun 08 00:02:42 UTC 2026","Mon Jun 08 00:03:01 UTC 2026","18630","HabitNuCoachPortalSuite","GeneralContent","CoachesPortal.generalContent_WEb_Coaches","CoachesPortal.generalContent_WEb_Coaches","case6","Creating tags for Groups",""
"passed","Mon Jun 08 00:26:20 UTC 2026","Mon Jun 08 00:26:28 UTC 2026","8211","HabitNuCoachPortalSuite","DifferentTypeOfCohorts","CoachesPortal.liteCohorts","CoachesPortal.liteCohorts","case1","test1 > Given I am logged in as admin, I am validating Lite cohorts modules","test1 > Given I am logged in as admin, I am validating Lite cohorts modules, where cohort's Program type=NDPP, Delivery type=Online"
"passed","Sun Jun 07 23:01:46 UTC 2026","Sun Jun 07 23:01:47 UTC 2026","1595","HabitNuCoachPortalSuite","HabitNuCoachesPortalRegression-PartA","CoachesPortal.LearnModule.CustomerAdminCourseDocument","CoachesPortal.LearnModule.CustomerAdminCourseDocument","verifyAddUrlTitleVideoRequired","Add Video upload And Title Required",""
"passed","Sun Jun 07 23:57:12 UTC 2026","Sun Jun 07 23:57:17 UTC 2026","5961","HabitNuCoachPortalSuite","LogClassSession","CoachesPortal.LogClassSession","CoachesPortal.LogClassSession","validateLogClassSessionAvailibility","Given I am logged in as coach to coach portal, when cohort's programDeliveryType==Onsite, then Log class session module should be available",""
"passed","Sun Jun 07 23:13:42 UTC 2026","Sun Jun 07 23:13:47 UTC 2026","5186","HabitNuCoachPortalSuite","HabitNuCoachesPortalRegression-PartA","CoachesPortal.DiscussionForumPage","CoachesPortal.DiscussionForumPage","case16","test1 > Given I am logged in as coach, I am validating upload upto 5 files with Description- Success.","test1 > Given I am logged in as coach, I am validating upload upto 5 files with Description- Success."
"passed","Sun Jun 07 23:00:39 UTC 2026","Sun Jun 07 23:00:40 UTC 2026","779","HabitNuCoachPortalSuite","HabitNuCoachesPortalRegression-PartA","CoachesPortal.LearnModule.CustomerAdminCourseDocument","CoachesPortal.LearnModule.CustomerAdminCourseDocument","verifyAddUrlTitleLinkRequired","Add Url And Title Required",""
"passed","Sun Jun 07 23:32:14 UTC 2026","Sun Jun 07 23:32:25 UTC 2026","10771","HabitNuCoachPortalSuite","UserActivities","CoachesPortal.PatientDetails.UserActivitiesBloodSugar","CoachesPortal.PatientDetails.UserActivitiesBloodSugar","verifyandCancelCurrentDateBloodSugar","Verify user as Ethelyn in useractivities tab and Cancel filled current date blood sugar",""
"passed","Sun Jun 07 23:57:20 UTC 2026","Sun Jun 07 23:57:24 UTC 2026","3975","HabitNuCoachPortalSuite","LogClassSession","CoachesPortal.LogClassSession","CoachesPortal.LogClassSession","verifyLogClasssessionWithPatient","Verify coach can search for participant in log class session search box",""
"passed","Sun Jun 07 23:18:46 UTC 2026","Sun Jun 07 23:18:47 UTC 2026","908","HabitNuCoachPortalSuite","HabitNuCoachesPortalRegression-PartB","CoachesPortal.OnsiteUsersListDashboard","CoachesPortal.OnsiteUsersListDashboard","case33","test1 > Given I am logged in as customerAdmin, validate userList as customerAdmin-Move a user from one cohort to another- cancel scenario.","test1 > Given I am logged in as customerAdmin, validate userList as customerAdmin-Move a user from one cohort to another- cancel scenario."
"passed","Sun Jun 07 23:30:54 UTC 2026","Sun Jun 07 23:31:08 UTC 2026","13302","HabitNuCoachPortalSuite","UserActivities","CoachesPortal.PatientDetails.UserActivitiesBloodPressure","CoachesPortal.PatientDetails.UserActivitiesBloodPressure","verifyCurrentAndYesterdayBPDataInCoachesPortal","Verify current and yesterday BPdata in coaches and webportal",""
"broken","Mon Jun 08 00:19:13 UTC 2026","Mon Jun 08 00:19:54 UTC 2026","40897","HabitNuCoachPortalSuite","DifferentTypeOfDashboards","CoachesPortal.CohortLevelDashboard.ParticipantsProgressTracker","CoachesPortal.CohortLevelDashboard.ParticipantsProgressTracker","test3_participants_filter_actions_options","And user is navigating to participants and validating the filter status.",""
"passed","Sun Jun 07 23:24:26 UTC 2026","Sun Jun 07 23:24:37 UTC 2026","11289","HabitNuCoachPortalSuite","HabitNuCoachesPortalRegression-PartB","CoachesPortal.PatientDetails.PatientProfileDemographic","CoachesPortal.PatientDetails.PatientProfileDemographic","updateFirstName","test1 > Given I am logged in as customer admin, First Name","test1 > Given I am logged in as customer admin, First Name"
"passed","Sun Jun 07 23:01:22 UTC 2026","Sun Jun 07 23:01:26 UTC 2026","4032","HabitNuCoachPortalSuite","HabitNuCoachesPortalRegression-PartA","CoachesPortal.LearnModule.CustomerAdminCourseDocument","CoachesPortal.LearnModule.CustomerAdminCourseDocument","verifyDocumentPublishCancelAndConfirm","Document Publish Cancel And Confirm",""
"passed","Mon Jun 08 00:01:26 UTC 2026","Mon Jun 08 00:01:32 UTC 2026","6079","HabitNuCoachPortalSuite","GroupDPPClassPlanner","CoachesPortal.ClassPlanner","CoachesPortal.ClassPlanner","case22","Activate the class planner - It should activate the class planner",""
"passed","Sun Jun 07 23:53:59 UTC 2026","Sun Jun 07 23:53:59 UTC 2026","361","HabitNuCoachPortalSuite","HabitNuCoachesPortalRegression-PartC","CoachesPortal.PatientDetails.PatientProfileImmunizations","CoachesPortal.PatientDetails.PatientProfileImmunizations","editImmunication","edit immunization for Ethylen",""
"passed","Sun Jun 07 23:29:20 UTC 2026","Sun Jun 07 23:29:25 UTC 2026","5113","HabitNuCoachPortalSuite","HabitNuCoachesPortalRegression-PartB","CoachesPortal.PatientDetails.PatientProfileDemographic","CoachesPortal.PatientDetails.PatientProfileDemographic","testSelectDressingNo","test1 > Given I am logged in as coach, testSelectDressingNo","test1 > Given I am logged in as coach, testSelectDressingNo"
"passed","Sun Jun 07 23:00:54 UTC 2026","Sun Jun 07 23:00:57 UTC 2026","3741","HabitNuCoachPortalSuite","HabitNuCoachesPortalRegression-PartA","CoachesPortal.LearnModule.CustomerAdminCourseDocument","CoachesPortal.LearnModule.CustomerAdminCourseDocument","verifyLinkArchiveCancelAndConfirm","Link Archive Cancel And Confirm",""
"broken","Sun Jun 07 23:33:18 UTC 2026","Sun Jun 07 23:34:02 UTC 2026","44180","HabitNuCoachPortalSuite","UserActivities","CoachesPortal.PatientDetails.UserActivitiesBloodSugar","CoachesPortal.PatientDetails.UserActivitiesBloodSugar","verifyBloodSugarInCoachPortalYesterdaysData","Verify user as Ethelyn in useractivities tab added yesterday date blood sugar fasting ,before meal and after meal",""
"passed","Mon Jun 08 00:12:24 UTC 2026","Mon Jun 08 00:12:24 UTC 2026","138","HabitNuCoachPortalSuite","FeatureFlags","CoachesPortal.FeatureFlags","CoachesPortal.FeatureFlags","test2_navigatingadmin","When user is navigating to Admin section ",""
"passed","Mon Jun 08 00:05:28 UTC 2026","Mon Jun 08 00:05:29 UTC 2026","1251","HabitNuCoachPortalSuite","Milestones","CoachesPortal.VAMilestone","CoachesPortal.VAMilestone","test9_validating_VAHeaders_data","And user is validating to VAHeaders data by clicking arrow button",""
"passed","Sun Jun 07 23:31:45 UTC 2026","Sun Jun 07 23:32:01 UTC 2026","16164","HabitNuCoachPortalSuite","UserActivities","CoachesPortal.PatientDetails.UserActivitiesBloodSugar","CoachesPortal.PatientDetails.UserActivitiesBloodSugar","verifyandAddCurrentDateBloodSugar","Verify user as Ethelyn in useractivities tab and add current date blood sugar",""
"failed","Mon Jun 08 00:17:07 UTC 2026","Mon Jun 08 00:17:32 UTC 2026","25378","HabitNuCoachPortalSuite","DifferentTypeOfDashboards","CoachesPortal.CohortLevelDashboard.DSMEDashboardCoachesPortal","CoachesPortal.CohortLevelDashboard.DSMEDashboardCoachesPortal","test7_Active","And user is validating Nurture",""
"skipped","Mon Jun 08 00:12:18 UTC 2026","Mon Jun 08 00:12:18 UTC 2026","0","HabitNuCoachPortalSuite","UserDashboard","CoachesPortal.PatientDashboard","CoachesPortal.PatientDashboard","Profile_in_Green","Profile in Green",""
"passed","Sun Jun 07 23:56:44 UTC 2026","Sun Jun 07 23:56:44 UTC 2026","235","HabitNuCoachPortalSuite","LoginPageCases","CoachesPortal.LoginPageCases","CoachesPortal.LoginPageCases","case13","Coaches Portal Feedback URL -> Add valid email address -> Keep other fields empty -> Click on Submit Feedback",""
"broken","Mon Jun 08 00:12:58 UTC 2026","Mon Jun 08 00:13:20 UTC 2026","22873","HabitNuCoachPortalSuite","FeatureFlags","CoachesPortal.FeatureFlags","CoachesPortal.FeatureFlags","test13_addrulesforprogram","And user is able to add the rule for program level",""
"passed","Sun Jun 07 23:05:33 UTC 2026","Sun Jun 07 23:05:35 UTC 2026","2068","HabitNuCoachPortalSuite","HabitNuCoachesPortalRegression-PartA","CoachesPortal.DiscussionForumPage","CoachesPortal.DiscussionForumPage","case26","test1 > Given I am logged in as customerAdmin, I am validating UnPin The post","test1 > Given I am logged in as customerAdmin, I am validating UnPin The post"
"passed","Sun Jun 07 22:50:35 UTC 2026","Sun Jun 07 22:50:36 UTC 2026","592","HabitNuCoachPortalSuite","HabitNuCoachesPortalRegression-PartA","CoachesPortal.LearnModule.Learn","CoachesPortal.LearnModule.Learn","createCourse","Verify CustomerAdmin can create course",""
"passed","Sun Jun 07 23:04:54 UTC 2026","Sun Jun 07 23:05:00 UTC 2026","5195","HabitNuCoachPortalSuite","HabitNuCoachesPortalRegression-PartA","CoachesPortal.DiscussionForumPage","CoachesPortal.DiscussionForumPage","case16","test1 > Given I am logged in as customerAdmin, I am validating upload upto 5 files with Description- Success.","test1 > Given I am logged in as customerAdmin, I am validating upload upto 5 files with Description- Success."
"passed","Sun Jun 07 23:14:04 UTC 2026","Sun Jun 07 23:14:05 UTC 2026","858","HabitNuCoachPortalSuite","HabitNuCoachesPortalRegression-PartA","CoachesPortal.DiscussionForumPage","CoachesPortal.DiscussionForumPage","case19","test1 > Given I am logged in as coach, I am validating Edit Post- Description only- Success","test1 > Given I am logged in as coach, I am validating Edit Post- Description only- Success"
"broken","Sun Jun 07 23:02:38 UTC 2026","Sun Jun 07 23:03:01 UTC 2026","22888","HabitNuCoachPortalSuite","HabitNuCoachesPortalRegression-PartA","CoachesPortal.LearnModule.CustomerAdminCourseDocument","CoachesPortal.LearnModule.CustomerAdminCourseDocument","verifyVideoPublishCancelAndConfirm","Video Publish Cancel And Confirm",""
"passed","Mon Jun 08 00:00:59 UTC 2026","Mon Jun 08 00:01:09 UTC 2026","10160","HabitNuCoachPortalSuite","GroupDPPClassPlanner","CoachesPortal.ClassPlanner","CoachesPortal.ClassPlanner","case16","Cancel Unarchive card",""
"failed","Mon Jun 08 00:10:21 UTC 2026","Mon Jun 08 00:10:21 UTC 2026","83","HabitNuCoachPortalSuite","UserDashboard","CoachesPortal.PatientDashboard","CoachesPortal.PatientDashboard","patientWeeklyStatus_CoachInteractions","test9 > Given I am logged in as admin, wehn I am on adding coachInteraction from user Interaction tab, Then I should be able to see added interaction count==1 under patientWeeklyStatus_CoachInteractions","admin login - user/patient/partcipant dashboard validation"
"passed","Mon Jun 08 00:14:48 UTC 2026","Mon Jun 08 00:14:49 UTC 2026","147","HabitNuCoachPortalSuite","ParticipationsTable","CoachesPortal.participations","CoachesPortal.participations","test2_navigatingadmin","When user is navigating to Admin section ",""
"broken","Mon Jun 08 00:16:35 UTC 2026","Mon Jun 08 00:16:53 UTC 2026","17816","HabitNuCoachPortalSuite","DifferentTypeOfDashboards","CoachesPortal.CohortLevelDashboard.DSMEDashboardCoachesPortal","CoachesPortal.CohortLevelDashboard.DSMEDashboardCoachesPortal","test5_Enrolled","And user is validating Enrolled",""
"passed","Sun Jun 07 23:43:50 UTC 2026","Sun Jun 07 23:43:50 UTC 2026","1","HabitNuCoachPortalSuite","Scheduler","CoachesPortal.Schedular","CoachesPortal.Schedular","validateInteractionEntries_Interaction_Type","test1 > Given I am logged in as admin, verify group interaction entries are made automatically when meet is attended for min of 1min > Validating field==Interaction_Typ","test1 > Given I am logged in as admin, verify group interaction entries are made automatically when meet is attended for min of 1min > Validating field==Interaction_Typ"
"passed","Sun Jun 07 23:09:38 UTC 2026","Sun Jun 07 23:09:39 UTC 2026","1207","HabitNuCoachPortalSuite","HabitNuCoachesPortalRegression-PartA","CoachesPortal.DiscussionForumPage","CoachesPortal.DiscussionForumPage","case21","test1 > Given I am logged in as admin, I am validating Edit Post-Remove File.","test1 > Given I am logged in as admin, I am validating Edit Post-Remove File."
"passed","Sun Jun 07 23:01:16 UTC 2026","Sun Jun 07 23:01:22 UTC 2026","5969","HabitNuCoachPortalSuite","HabitNuCoachesPortalRegression-PartA","CoachesPortal.LearnModule.CustomerAdminCourseDocument","CoachesPortal.LearnModule.CustomerAdminCourseDocument","verifyDocuentEditAndSave","Document Edit and Save",""
"passed","Sun Jun 07 23:36:05 UTC 2026","Sun Jun 07 23:36:14 UTC 2026","8578","HabitNuCoachPortalSuite","UserActivities","CoachesPortal.PatientDetails.UserActivitiesTobacco","CoachesPortal.PatientDetails.UserActivitiesTobacco","verifyAddCurrentDateBloodPressure","Verify user as Ethelyn in useractivities tab and add tobacco to current date",""
"broken","Sun Jun 07 23:56:23 UTC 2026","Sun Jun 07 23:56:23 UTC 2026","83","HabitNuCoachPortalSuite","LoginPageCases","CoachesPortal.LoginPageCases","CoachesPortal.LoginPageCases","testLoginWithEmptyEmailAndValidPassword","try login with empty email and valid password",""
"broken","Sun Jun 07 23:59:16 UTC 2026","Sun Jun 07 23:59:18 UTC 2026","1526","HabitNuCoachPortalSuite","LogClassSession","CoachesPortal.LogClassSession","CoachesPortal.LogClassSession","verifyAddWeightAttendanceDateAndPAAndLFAndMUPOnline","Verify coach can save log class session by adding weight,attendance date and PA And LF And MUP Online Mode",""
"passed","Mon Jun 08 00:00:49 UTC 2026","Mon Jun 08 00:00:50 UTC 2026","1071","HabitNuCoachPortalSuite","GroupDPPClassPlanner","CoachesPortal.ClassPlanner","CoachesPortal.ClassPlanner","case2","It should have an Activate button, Add List, and Show Archived.",""
"passed","Sun Jun 07 23:08:09 UTC 2026","Sun Jun 07 23:08:10 UTC 2026","1226","HabitNuCoachPortalSuite","HabitNuCoachesPortalRegression-PartA","CoachesPortal.DiscussionForumPage","CoachesPortal.DiscussionForumPage","case10","test1 > Given I am logged in as admin, I am validating post comment-success.","test1 > Given I am logged in as admin, I am validating post comment-success."
"passed","Mon Jun 08 00:03:18 UTC 2026","Mon Jun 08 00:03:30 UTC 2026","11577","HabitNuCoachPortalSuite","GeneralContent","CoachesPortal.generalContent_WEb_Coaches","CoachesPortal.generalContent_WEb_Coaches","case11","Fitness Videos Details",""
"broken","Sun Jun 07 23:02:37 UTC 2026","Sun Jun 07 23:02:38 UTC 2026","1135","HabitNuCoachPortalSuite","HabitNuCoachesPortalRegression-PartA","CoachesPortal.LearnModule.CustomerAdminCourseDocument","CoachesPortal.LearnModule.CustomerAdminCourseDocument","verifyVideoEditAndClose","Video Edit and Close",""
"passed","Sun Jun 07 23:42:47 UTC 2026","Sun Jun 07 23:42:47 UTC 2026","48","HabitNuCoachPortalSuite","Scheduler","CoachesPortal.Schedular","CoachesPortal.Schedular","validateInteractionEntries_SessionName","test1 > Given I am logged in as coach, verify group interaction entries are made automatically when meet is attended for min of 1min > Validating field==SessionName","test1 > Given I am logged in as coach, verify group interaction entries are made automatically when meet is attended for min of 1min > Validating field==SessionName"
"passed","Sun Jun 07 23:27:44 UTC 2026","Sun Jun 07 23:28:18 UTC 2026","34021","HabitNuCoachPortalSuite","HabitNuCoachesPortalRegression-PartB","CoachesPortal.PatientDetails.PatientProfileDemographic","CoachesPortal.PatientDetails.PatientProfileDemographic","updateAndVerifyAddressDetails","test1 > Given I am logged in as coach, updateAndVerifyAddressDetails","test1 > Given I am logged in as coach, updateAndVerifyAddressDetails"
"broken","Sun Jun 07 23:38:23 UTC 2026","Sun Jun 07 23:38:43 UTC 2026","20379","HabitNuCoachPortalSuite","Scheduler","CoachesPortal.Schedular","CoachesPortal.Schedular","viewAppointment","test5 >  Given I am logged in as coach, and on time slot page, When I click on created appointment, Then I should be able to view the appointment","coach login - User should be able to view appointment"
"passed","Sun Jun 07 23:48:13 UTC 2026","Sun Jun 07 23:48:15 UTC 2026","1360","HabitNuCoachPortalSuite","Paywal","CoachesPortal.payWall","CoachesPortal.payWall","testFilterTransactions","COP-T400: Validate all transaction filters",""
"passed","Sun Jun 07 23:58:43 UTC 2026","Sun Jun 07 23:59:00 UTC 2026","16534","HabitNuCoachPortalSuite","LogClassSession","CoachesPortal.LogClassSession","CoachesPortal.LogClassSession","verifyAddWeightAttendanceDateAndPA","Verify coach can save log class session by adding weight,attendance date and PA",""
"passed","Sun Jun 07 23:22:29 UTC 2026","Sun Jun 07 23:22:30 UTC 2026","768","HabitNuCoachPortalSuite","HabitNuCoachesPortalRegression-PartB","CoachesPortal.PatientDetails.PatientProfileDemographic","CoachesPortal.PatientDetails.PatientProfileDemographic","verifyProgramDetails","test1 > Given I am logged in as customer admin, Verify user as Ethelyn in demographic with Program Details","test1 > Given I am logged in as customer admin, Verify user as Ethelyn in demographic with Program Details"
"passed","Sun Jun 07 23:29:30 UTC 2026","Sun Jun 07 23:29:30 UTC 2026","4","HabitNuCoachPortalSuite","HabitNuCoachesPortalRegression-PartB","CoachesPortal.PatientDetails.PatientProfileDemographic","CoachesPortal.PatientDetails.PatientProfileDemographic","updatepreferred_name","test1 > Given I am logged in as coach, preferred_name","test1 > Given I am logged in as coach, preferred_name"
"passed","Mon Jun 08 00:01:09 UTC 2026","Mon Jun 08 00:01:16 UTC 2026","6230","HabitNuCoachPortalSuite","GroupDPPClassPlanner","CoachesPortal.ClassPlanner","CoachesPortal.ClassPlanner","case17","Unarchive the DOC Created card",""
"skipped","Mon Jun 08 00:12:18 UTC 2026","Mon Jun 08 00:12:18 UTC 2026","0","HabitNuCoachPortalSuite","UserDashboard","CoachesPortal.PatientDashboard","CoachesPortal.PatientDashboard","physicalActivityHistory","physicalActivityHistory",""
"passed","Sun Jun 07 23:00:36 UTC 2026","Sun Jun 07 23:00:36 UTC 2026","26","HabitNuCoachPortalSuite","HabitNuCoachesPortalRegression-PartA","CoachesPortal.LearnModule.CustomerAdminCourseDocument","CoachesPortal.LearnModule.CustomerAdminCourseDocument","verifyNoOfElementsInCourseDocuments","Verify No of Elements In CourseDocument",""
"broken","Mon Jun 08 00:24:43 UTC 2026","Mon Jun 08 00:25:14 UTC 2026","30747","HabitNuCoachPortalSuite","DifferentTypeOfDashboards","CoachesPortal.CohortLevelDashboard.ParticipantsProgressTracker","CoachesPortal.CohortLevelDashboard.ParticipantsProgressTracker","test9_Download_Report","And user is able to download the annual assessment report",""
"broken","Sun Jun 07 22:55:13 UTC 2026","Sun Jun 07 22:55:42 UTC 2026","29526","HabitNuCoachPortalSuite","HabitNuCoachesPortalRegression-PartA","CoachesPortal.LearnModule.Learn","CoachesPortal.LearnModule.Learn","publishTheClonedCourse","verify on clone course page, course created by admin is available",""
"passed","Sun Jun 07 23:27:44 UTC 2026","Sun Jun 07 23:27:44 UTC 2026","44","HabitNuCoachPortalSuite","HabitNuCoachesPortalRegression-PartB","CoachesPortal.PatientDetails.PatientProfileDemographic","CoachesPortal.PatientDetails.PatientProfileDemographic","verifyAddressDetails","test1 > Given I am logged in as coach, verifyAddressDetails","test1 > Given I am logged in as coach, verifyAddressDetails"
"passed","Sun Jun 07 23:24:10 UTC 2026","Sun Jun 07 23:24:15 UTC 2026","5101","HabitNuCoachPortalSuite","HabitNuCoachesPortalRegression-PartB","CoachesPortal.PatientDetails.PatientProfileDemographic","CoachesPortal.PatientDetails.PatientProfileDemographic","testSelectWalkingYes","test1 > Given I am logged in as customer admin, testSelectWalkingYes","test1 > Given I am logged in as customer admin, testSelectWalkingYes"
"passed","Sun Jun 07 23:19:11 UTC 2026","Sun Jun 07 23:19:14 UTC 2026","3761","HabitNuCoachPortalSuite","HabitNuCoachesPortalRegression-PartB","CoachesPortal.OnsiteUsersListDashboard","CoachesPortal.OnsiteUsersListDashboard","case42","test1 > Given I am logged in as customerAdmin, disenroll user validation - on CANCEL check","test1 > Given I am logged in as customerAdmin, disenroll user validation - on CANCEL check"
"passed","Sun Jun 07 22:53:04 UTC 2026","Sun Jun 07 22:53:23 UTC 2026","18795","HabitNuCoachPortalSuite","HabitNuCoachesPortalRegression-PartA","CoachesPortal.LearnModule.Learn","CoachesPortal.LearnModule.Learn","loginAsAdmin","No course configured for the program.",""
"passed","Sun Jun 07 23:00:57 UTC 2026","Sun Jun 07 23:01:05 UTC 2026","7262","HabitNuCoachPortalSuite","HabitNuCoachesPortalRegression-PartA","CoachesPortal.LearnModule.CustomerAdminCourseDocument","CoachesPortal.LearnModule.CustomerAdminCourseDocument","verifyAddDocument","Add Document",""
"passed","Sun Jun 07 23:24:37 UTC 2026","Sun Jun 07 23:24:48 UTC 2026","11239","HabitNuCoachPortalSuite","HabitNuCoachesPortalRegression-PartB","CoachesPortal.PatientDetails.PatientProfileDemographic","CoachesPortal.PatientDetails.PatientProfileDemographic","updateMiddleName","test1 > Given I am logged in as customer admin, Middle Name","test1 > Given I am logged in as customer admin, Middle Name"
"passed","Sun Jun 07 23:17:51 UTC 2026","Sun Jun 07 23:17:51 UTC 2026","283","HabitNuCoachPortalSuite","HabitNuCoachesPortalRegression-PartB","CoachesPortal.OnsiteUsersListDashboard","CoachesPortal.OnsiteUsersListDashboard","case23","test1 > Given I am logged in as coach, Action- Request Form Survey.","test1 > Given I am logged in as coach, Action- Request Form Survey."
"passed","Sun Jun 07 23:43:25 UTC 2026","Sun Jun 07 23:43:30 UTC 2026","5184","HabitNuCoachPortalSuite","Scheduler","CoachesPortal.Schedular","CoachesPortal.Schedular","viewAppointment","test5 >  Given I am logged in as admin, and on time slot page, When I click on created appointment, Then I should be able to view the appointment","admin login - User should be able to view appointment"
"broken","Sun Jun 07 23:12:14 UTC 2026","Sun Jun 07 23:12:35 UTC 2026","20534","HabitNuCoachPortalSuite","HabitNuCoachesPortalRegression-PartA","CoachesPortal.DiscussionForumPage","CoachesPortal.DiscussionForumPage","case1","test1 > Given I am logged in as coach, I am validating Coaches - Discussions module","test1 > Given I am logged in as coach, I am validating - Discussions module"
"passed","Sun Jun 07 23:09:50 UTC 2026","Sun Jun 07 23:12:07 UTC 2026","136919","HabitNuCoachPortalSuite","HabitNuCoachesPortalRegression-PartA","CoachesPortal.DiscussionForumPage","CoachesPortal.DiscussionForumPage","case27","test1 > Given I am logged in as admin, I am validating add max number of pinned posts(20).","test1 > Given I am logged in as admin, I am validating add max number of pinned posts(20)."
"broken","Mon Jun 08 00:11:28 UTC 2026","Mon Jun 08 00:11:28 UTC 2026","65","HabitNuCoachPortalSuite","UserDashboard","CoachesPortal.PatientDashboard","CoachesPortal.PatientDashboard","habitCard_Done","test17 > Given I am logged in as admin, when I am on updating with a habit for the user to DONE, Then I should be able to see updated habit as 'DONE' on Habits graph","admin login - user/patient/partcipant dashboard validation"
"passed","Mon Jun 08 00:12:27 UTC 2026","Mon Jun 08 00:12:27 UTC 2026","70","HabitNuCoachPortalSuite","FeatureFlags","CoachesPortal.FeatureFlags","CoachesPortal.FeatureFlags","test7_navigatingflag","And user is able to navigating the flag details section",""
"passed","Mon Jun 08 00:12:24 UTC 2026","Mon Jun 08 00:12:26 UTC 2026","2062","HabitNuCoachPortalSuite","FeatureFlags","CoachesPortal.FeatureFlags","CoachesPortal.FeatureFlags","test3_validatingadmin","When user is validating to Admin section ",""
"passed","Mon Jun 08 00:04:16 UTC 2026","Mon Jun 08 00:04:18 UTC 2026","1751","HabitNuCoachPortalSuite","Milestones","CoachesPortal.BPSMMilestone","CoachesPortal.BPSMMilestone","test8_validating_BPSMHeaders_data","And user is validating to BPSmHeaders data by clicking arrow button",""
"passed","Sun Jun 07 22:50:33 UTC 2026","Sun Jun 07 22:50:34 UTC 2026","1101","HabitNuCoachPortalSuite","HabitNuCoachesPortalRegression-PartA","CoachesPortal.LearnModule.Learn","CoachesPortal.LearnModule.Learn","verifyLandingPageWhichIsProgramsHeadlined","Verify CustomerAdmin now lands on Course configuration page (Programs)",""
"passed","Sun Jun 07 23:43:50 UTC 2026","Sun Jun 07 23:43:50 UTC 2026","0","HabitNuCoachPortalSuite","Scheduler","CoachesPortal.Schedular","CoachesPortal.Schedular","validateInteractionEntries_SessionName","test1 > Given I am logged in as admin, verify group interaction entries are made automatically when meet is attended for min of 1min > Validating field==SessionName","test1 > Given I am logged in as admin, verify group interaction entries are made automatically when meet is attended for min of 1min > Validating field==SessionName"
"passed","Sun Jun 07 23:23:30 UTC 2026","Sun Jun 07 23:23:35 UTC 2026","5117","HabitNuCoachPortalSuite","HabitNuCoachesPortalRegression-PartB","CoachesPortal.PatientDetails.PatientProfileDemographic","CoachesPortal.PatientDetails.PatientProfileDemographic","testSelectBlindNo","test1 > Given I am logged in as customer admin, testSelectBlindNo","test1 > Given I am logged in as customer admin, testSelectBlindNo"
"passed","Sun Jun 07 23:23:23 UTC 2026","Sun Jun 07 23:23:25 UTC 2026","2407","HabitNuCoachPortalSuite","HabitNuCoachesPortalRegression-PartB","CoachesPortal.PatientDetails.PatientProfileDemographic","CoachesPortal.PatientDetails.PatientProfileDemographic","updateAndVerifyOtherDetails","test1 > Given I am logged in as customer admin, updateAndVerifyOtherDetails","test1 > Given I am logged in as customer admin, updateAndVerifyOtherDetails"
"passed","Sun Jun 07 23:27:40 UTC 2026","Sun Jun 07 23:27:40 UTC 2026","804","HabitNuCoachPortalSuite","HabitNuCoachesPortalRegression-PartB","CoachesPortal.PatientDetails.PatientProfileDemographic","CoachesPortal.PatientDetails.PatientProfileDemographic","editverifyProgramDetailsWithIsActive","test1 > Given I am logged in as coach, verify cancel and update buttons are present for program details","test1 > Given I am logged in as coach, verify cancel and update buttons are present for program details"
"passed","Mon Jun 08 00:03:01 UTC 2026","Mon Jun 08 00:03:07 UTC 2026","6356","HabitNuCoachPortalSuite","GeneralContent","CoachesPortal.generalContent_WEb_Coaches","CoachesPortal.generalContent_WEb_Coaches","validateAndPublishGroup","Validating Created Group Name, Tag Type, and Video Tags",""
"passed","Sun Jun 07 23:00:36 UTC 2026","Sun Jun 07 23:00:37 UTC 2026","291","HabitNuCoachPortalSuite","HabitNuCoachesPortalRegression-PartA","CoachesPortal.LearnModule.CustomerAdminCourseDocument","CoachesPortal.LearnModule.CustomerAdminCourseDocument","verifyopenAndCloseDocument","Verify open and close new document",""
"passed","Sun Jun 07 23:00:26 UTC 2026","Sun Jun 07 23:00:29 UTC 2026","3149","HabitNuCoachPortalSuite","HabitNuCoachesPortalRegression-PartA","CoachesPortal.LearnModule.Learn","CoachesPortal.LearnModule.Learn","editByDisablingNotifications","verify inactive notifications",""
"broken","Sun Jun 07 23:56:23 UTC 2026","Sun Jun 07 23:56:44 UTC 2026","20677","HabitNuCoachPortalSuite","LoginPageCases","CoachesPortal.LoginPageCases","CoachesPortal.LoginPageCases","testLoginWithValidEmailAndInvalidPassword","try login with valid email and invalid password",""
"passed","Mon Jun 08 00:00:58 UTC 2026","Mon Jun 08 00:00:58 UTC 2026","389","HabitNuCoachPortalSuite","GroupDPPClassPlanner","CoachesPortal.ClassPlanner","CoachesPortal.ClassPlanner","case13","click on CANCEL while editing the Created card",""
"passed","Sun Jun 07 23:43:50 UTC 2026","Sun Jun 07 23:43:50 UTC 2026","0","HabitNuCoachPortalSuite","Scheduler","CoachesPortal.Schedular","CoachesPortal.Schedular","userNoToTheMeet","test1 > Given I am logged in as admin, verify user response to meet attendance - NO","test1 > Given I am logged in as admin, verify user response to meet attendance - NO"
"passed","Sun Jun 07 23:17:39 UTC 2026","Sun Jun 07 23:17:45 UTC 2026","6390","HabitNuCoachPortalSuite","HabitNuCoachesPortalRegression-PartB","CoachesPortal.OnsiteUsersListDashboard","CoachesPortal.OnsiteUsersListDashboard","case18","test1 > Given I am logged in as coach, Enter call details and then to profile section and check for the details saved.","test1 > Given I am logged in as coach, Enter call details and then to profile section and check for the details saved."
"broken","Sun Jun 07 23:20:46 UTC 2026","Sun Jun 07 23:21:10 UTC 2026","23665","HabitNuCoachPortalSuite","HabitNuCoachesPortalRegression-PartB","CoachesPortal.OnsiteUsersListDashboard","CoachesPortal.OnsiteUsersListDashboard","case57","test1 > Given I am logged in as customerAdmin, verify milestonecolor==green when user completes registration banner","test1 > Given I am logged in as customerAdmin, verify milestonecolor==green when user completes registration banner"
"passed","Mon Jun 08 00:01:59 UTC 2026","Mon Jun 08 00:02:00 UTC 2026","822","HabitNuCoachPortalSuite","GroupDPPClassPlanner","CoachesPortal.ClassPlanner","CoachesPortal.ClassPlanner","case30","Login to coach portal -> select the cohort -> Class planner -> Click on Edit (pencil) button -> remove the participant -> Done",""
"passed","Sun Jun 07 23:54:40 UTC 2026","Sun Jun 07 23:54:40 UTC 2026","64","HabitNuCoachPortalSuite","HabitNuCoachesPortalRegression-PartC","CoachesPortal.PatientDetails.PatientProfilePayerType","CoachesPortal.PatientDetails.PatientProfilePayerType","verifyPayerType","verify PayerType for Ethylen",""
"passed","Sun Jun 07 23:47:58 UTC 2026","Sun Jun 07 23:48:00 UTC 2026","2070","HabitNuCoachPortalSuite","Paywal","CoachesPortal.payWall","CoachesPortal.payWall","testFilterTransactions","COP-T400: Validate all transaction filters",""
"broken","Sun Jun 07 22:55:42 UTC 2026","Sun Jun 07 22:56:22 UTC 2026","39298","HabitNuCoachPortalSuite","HabitNuCoachesPortalRegression-PartA","CoachesPortal.LearnModule.Learn","CoachesPortal.LearnModule.Learn","addClonedCourseToCohort","verify on clone course page, course created by admin is available",""
"passed","Sun Jun 07 23:58:28 UTC 2026","Sun Jun 07 23:58:43 UTC 2026","15664","HabitNuCoachPortalSuite","LogClassSession","CoachesPortal.LogClassSession","CoachesPortal.LogClassSession","verifyAddWeightAndAttendanceDate","Verify coach can save log class session by adding only weight and attendance date",""
"passed","Mon Jun 08 00:26:28 UTC 2026","Mon Jun 08 00:26:31 UTC 2026","3035","HabitNuCoachPortalSuite","DifferentTypeOfCohorts","CoachesPortal.liteCohorts","CoachesPortal.liteCohorts","case2","test1 > Given I am logged in as admin, I am validating Lite cohorts modules","test1 > Given I am logged in as admin, I am validating Lite cohorts modules, where cohort's Program type=NDPP, Delivery type=Onsite"
"passed","Sun Jun 07 23:23:19 UTC 2026","Sun Jun 07 23:23:22 UTC 2026","3595","HabitNuCoachPortalSuite","HabitNuCoachesPortalRegression-PartB","CoachesPortal.PatientDetails.PatientProfileDemographic","CoachesPortal.PatientDetails.PatientProfileDemographic","updateAndVerifyCDCDetails","test1 > Given I am logged in as customer admin, updateAndVerifyCDCDetails","test1 > Given I am logged in as customer admin, updateAndVerifyCDCDetails"
"passed","Sun Jun 07 23:09:48 UTC 2026","Sun Jun 07 23:09:50 UTC 2026","2071","HabitNuCoachPortalSuite","HabitNuCoachesPortalRegression-PartA","CoachesPortal.DiscussionForumPage","CoachesPortal.DiscussionForumPage","case26","test1 > Given I am logged in as admin, I am validating UnPin The post","test1 > Given I am logged in as admin, I am validating UnPin The post"
"passed","Mon Jun 08 00:03:30 UTC 2026","Mon Jun 08 00:03:31 UTC 2026","140","HabitNuCoachPortalSuite","GeneralContent","CoachesPortal.generalContent_WEb_Coaches","CoachesPortal.generalContent_WEb_Coaches","RedirectToCoaches","Redirecting To Coaches page",""
"passed","Sun Jun 07 23:19:04 UTC 2026","Sun Jun 07 23:19:07 UTC 2026","3222","HabitNuCoachPortalSuite","HabitNuCoachesPortalRegression-PartB","CoachesPortal.OnsiteUsersListDashboard","CoachesPortal.OnsiteUsersListDashboard","case40","test1 > Given I am logged in as customerAdmin, sorting users table with 'Name' in asc order","test1 > Given I am logged in as customerAdmin, sorting users table with 'Name' in asc order"
"passed","Sun Jun 07 23:17:47 UTC 2026","Sun Jun 07 23:17:51 UTC 2026","3457","HabitNuCoachPortalSuite","HabitNuCoachesPortalRegression-PartB","CoachesPortal.OnsiteUsersListDashboard","CoachesPortal.OnsiteUsersListDashboard","case21","test1 > Given I am logged in as coach, Disenroll pop up is displayed when tried to disenrol user","test1 > Given I am logged in as coach, Disenroll pop up is displayed when tried to disenrol user"
"passed","Mon Jun 08 00:14:35 UTC 2026","Mon Jun 08 00:14:39 UTC 2026","3930","HabitNuCoachPortalSuite","FeatureFlags","CoachesPortal.FeatureFlags","CoachesPortal.FeatureFlags","test21_addrulesforpartner_multipletimes","And user is able to add the rule for partner level multiple times",""
"passed","Sun Jun 07 23:48:02 UTC 2026","Sun Jun 07 23:48:04 UTC 2026","1360","HabitNuCoachPortalSuite","Paywal","CoachesPortal.payWall","CoachesPortal.payWall","testFilterTransactions","COP-T400: Validate all transaction filters",""
"passed","Sun Jun 07 23:22:40 UTC 2026","Sun Jun 07 23:22:40 UTC 2026","48","HabitNuCoachPortalSuite","HabitNuCoachesPortalRegression-PartB","CoachesPortal.PatientDetails.PatientProfileDemographic","CoachesPortal.PatientDetails.PatientProfileDemographic","verifyAddressDetails","test1 > Given I am logged in as customer admin, verifyAddressDetails","test1 > Given I am logged in as customer admin, verifyAddressDetails"
"passed","Mon Jun 08 00:03:01 UTC 2026","Mon Jun 08 00:03:01 UTC 2026","118","HabitNuCoachPortalSuite","GeneralContent","CoachesPortal.generalContent_WEb_Coaches","CoachesPortal.generalContent_WEb_Coaches","printGroupDetails","Printing Group Details",""
"passed","Sun Jun 07 23:13:47 UTC 2026","Sun Jun 07 23:14:03 UTC 2026","15275","HabitNuCoachPortalSuite","HabitNuCoachesPortalRegression-PartA","CoachesPortal.DiscussionForumPage","CoachesPortal.DiscussionForumPage","case17","test1 > Given I am logged in as coach, I am validating Upload more than 5 files.- Error.","test1 > Given I am logged in as coach, I am validating Upload more than 5 files.- Error"
"passed","Mon Jun 08 00:10:21 UTC 2026","Mon Jun 08 00:10:21 UTC 2026","163","HabitNuCoachPortalSuite","UserDashboard","CoachesPortal.PatientDashboard","CoachesPortal.PatientDashboard","videoActivity","test13 > Given I am logged in as admin, when I am on watching a video by logging into user app, Then I should be able to see watched Video progress data on VideoActivity graph","admin login - user/patient/partcipant dashboard validation"
"failed","Sun Jun 07 23:47:36 UTC 2026","Sun Jun 07 23:47:39 UTC 2026","2990","HabitNuCoachPortalSuite","Paywal","CoachesPortal.payWall","CoachesPortal.payWall","testFilterSubscriptions","COP-T397–399: Validate subscription filters",""
"passed","Sun Jun 07 23:16:53 UTC 2026","Sun Jun 07 23:16:59 UTC 2026","6129","HabitNuCoachPortalSuite","HabitNuCoachesPortalRegression-PartB","CoachesPortal.OnsiteUsersListDashboard","CoachesPortal.OnsiteUsersListDashboard","case1","test1 > Given I am logged in as coach, Search for 'automationForLogclass' and click on users.","test1 > Given I am logged in as coach, Search for 'automationForLogclass' and click on users."
"passed","Mon Jun 08 00:09:23 UTC 2026","Mon Jun 08 00:09:41 UTC 2026","18820","HabitNuCoachPortalSuite","UserDashboard","CoachesPortal.PatientDashboard","CoachesPortal.PatientDashboard","bloodSugarHistory","test6 > Given I am logged in as admin, wehn I am on adding bloodsugar from user Dashboard, Then I should be able to see added bloodsugar on bloodSugarHistory graph","admin login - user/patient/partcipant dashboard validation"
"passed","Sun Jun 07 23:27:24 UTC 2026","Sun Jun 07 23:27:33 UTC 2026","9804","HabitNuCoachPortalSuite","HabitNuCoachesPortalRegression-PartB","CoachesPortal.PatientDetails.PatientProfileDemographic","CoachesPortal.PatientDetails.PatientProfileDemographic","verifyPersonalDetails","test1 > Given I am logged in as coach, Verify user as Ethelyn in demographic with Personal Details","test1 > Given I am logged in as coach, Verify user as Ethelyn in demographic with Personal Details"
"passed","Sun Jun 07 23:42:47 UTC 2026","Sun Jun 07 23:42:47 UTC 2026","29","HabitNuCoachPortalSuite","Scheduler","CoachesPortal.Schedular","CoachesPortal.Schedular","validateInteractionEntries_UpdatedAt","test1 > Given I am logged in as coach, verify group interaction entries are made automatically when meet is attended for min of 1min > Validating field==UpdatedAt","test1 > Given I am logged in as coach, verify group interaction entries are made automatically when meet is attended for min of 1min > Validating field==UpdatedAt"
"passed","Sun Jun 07 22:50:34 UTC 2026","Sun Jun 07 22:50:35 UTC 2026","638","HabitNuCoachPortalSuite","HabitNuCoachesPortalRegression-PartA","CoachesPortal.LearnModule.Learn","CoachesPortal.LearnModule.Learn","clickOnCourseModule","Verify CustomerAdmin can click on course",""
"passed","Sun Jun 07 23:23:14 UTC 2026","Sun Jun 07 23:23:16 UTC 2026","2018","HabitNuCoachPortalSuite","HabitNuCoachesPortalRegression-PartB","CoachesPortal.PatientDetails.PatientProfileDemographic","CoachesPortal.PatientDetails.PatientProfileDemographic","updateAndVerifyCallDetails","test1 > Given I am logged in as customer admin, updateAndVerifyCallDetails","test1 > Given I am logged in as customer admin, updateAndVerifyCallDetails"
"passed","Sun Jun 07 23:09:31 UTC 2026","Sun Jun 07 23:09:32 UTC 2026","834","HabitNuCoachPortalSuite","HabitNuCoachesPortalRegression-PartA","CoachesPortal.DiscussionForumPage","CoachesPortal.DiscussionForumPage","case19","test1 > Given I am logged in as admin, I am validating Edit Post- Description only- Success","test1 > Given I am logged in as admin, I am validating Edit Post- Description only- Success"
"passed","Sun Jun 07 23:20:43 UTC 2026","Sun Jun 07 23:20:46 UTC 2026","3815","HabitNuCoachPortalSuite","HabitNuCoachesPortalRegression-PartB","CoachesPortal.OnsiteUsersListDashboard","CoachesPortal.OnsiteUsersListDashboard","case56","test1 > Given I am logged in as customerAdmin, verify Mail hasn't sent & unverified address.","test1 > Given I am logged in as customerAdmin, verify Mail hasn't sent & unverified address."
"passed","Sun Jun 07 23:22:36 UTC 2026","Sun Jun 07 23:22:36 UTC 2026","327","HabitNuCoachPortalSuite","HabitNuCoachesPortalRegression-PartB","CoachesPortal.PatientDetails.PatientProfileDemographic","CoachesPortal.PatientDetails.PatientProfileDemographic","updateverifyProgramDetailsWithIsActive","test1 > Given I am logged in as customer admin, update patientId and payertype","test1 > Given I am logged in as customer admin, update patientId and payertype"
"passed","Sun Jun 07 23:09:32 UTC 2026","Sun Jun 07 23:09:38 UTC 2026","6204","HabitNuCoachPortalSuite","HabitNuCoachesPortalRegression-PartA","CoachesPortal.DiscussionForumPage","CoachesPortal.DiscussionForumPage","case20","test1 > Given I am logged in as admin, I am validating Edit Post- Upload File","test1 > Given I am logged in as admin, I am validating Edit Post- Upload File"
"passed","Sun Jun 07 23:21:31 UTC 2026","Sun Jun 07 23:21:37 UTC 2026","5991","HabitNuCoachPortalSuite","HabitNuCoachesPortalRegression-PartB","CoachesPortal.OnsiteUsersListDashboard","CoachesPortal.OnsiteUsersListDashboard","verifyConfirmed_By_CoachYes","test1 > Given I am logged in as customerAdmin, verifyConfirmed_By_Coach is updated to TRUE when coach update to Yes from user profile","test1 > Given I am logged in as customerAdmin, verifyConfirmed_By_Coach is updated to TRUE when coach update to Yes from user profile"
"passed","Sun Jun 07 23:47:23 UTC 2026","Sun Jun 07 23:47:27 UTC 2026","3416","HabitNuCoachPortalSuite","Paywal","CoachesPortal.payWall","CoachesPortal.payWall","testSubscriptionPageLayoutAndContent","COP-T395: Verify Subscriptions page layout, filters, content, and pagination",""
"passed","Mon Jun 08 00:09:17 UTC 2026","Mon Jun 08 00:09:23 UTC 2026","5573","HabitNuCoachPortalSuite","UserDashboard","CoachesPortal.PatientDashboard","CoachesPortal.PatientDashboard","foodLog","test12 > Given I am logged in as admin, when I am on adding Meal by logging into user app, Then I should be able to see added Meal data on FoodLog graph","admin login - user/patient/partcipant dashboard validation"
"passed","Sun Jun 07 22:50:42 UTC 2026","Sun Jun 07 22:50:46 UTC 2026","4211","HabitNuCoachPortalSuite","HabitNuCoachesPortalRegression-PartA","CoachesPortal.LearnModule.Learn","CoachesPortal.LearnModule.Learn","addChapterToTheCourse","adding a chapter to the course",""
"broken","Sun Jun 07 23:42:47 UTC 2026","Sun Jun 07 23:42:47 UTC 2026","88","HabitNuCoachPortalSuite","Scheduler","CoachesPortal.Schedular","CoachesPortal.Schedular","validateUserNoInSchedular","test1 > Given I am logged in as coach, verify when user responds to meet with NO, same can be validated by coach in coaches portal in Attended dropdown","test1 > Given I am logged in as coach, verify when user responds to meet with NO, same can be validated by coach in coaches portal in Attended dropdown"
"skipped","Sun Jun 07 23:49:30 UTC 2026","Sun Jun 07 23:49:30 UTC 2026","0","HabitNuCoachPortalSuite","Paywal","CoachesPortal.payWall","CoachesPortal.payWall","testProgramPlanReordering","COP-T420-T423: Verify reordering plans and validate persistence",""
"passed","Sun Jun 07 23:57:17 UTC 2026","Sun Jun 07 23:57:19 UTC 2026","1731","HabitNuCoachPortalSuite","LogClassSession","CoachesPortal.LogClassSession","CoachesPortal.LogClassSession","validateLogClassSession_Non_Availibility","Given I am logged in as coach to coach portal, when cohort's programDeliveryType!=Onsite, then Log class session module should not be available",""
"passed","Mon Jun 08 00:10:21 UTC 2026","Mon Jun 08 00:10:27 UTC 2026","6505","HabitNuCoachPortalSuite","UserDashboard","CoachesPortal.PatientDashboard","CoachesPortal.PatientDashboard","patientVWeeklyStatusVideo_when_100_percentWatched","test15 > Given I am logged in as admin, when I am on watching a video completely by logging into user app, Then I should be able to see watched Video count==1 under patientVWeeklyStatusVideo","admin login - user/patient/partcipant dashboard validation"
"passed","Sun Jun 07 23:14:21 UTC 2026","Sun Jun 07 23:14:23 UTC 2026","2073","HabitNuCoachPortalSuite","HabitNuCoachesPortalRegression-PartA","CoachesPortal.DiscussionForumPage","CoachesPortal.DiscussionForumPage","case26","test1 > Given I am logged in as coach, I am validating UnPin The post","test1 > Given I am logged in as coach, I am validating UnPin The post"
"broken","Mon Jun 08 00:16:16 UTC 2026","Mon Jun 08 00:16:26 UTC 2026","9781","HabitNuCoachPortalSuite","DifferentTypeOfDashboards","CoachesPortal.CohortLevelDashboard.DSMEDashboardCoachesPortal","CoachesPortal.CohortLevelDashboard.DSMEDashboardCoachesPortal","test3_pending","And user is validating pending",""
"passed","Sun Jun 07 23:17:45 UTC 2026","Sun Jun 07 23:17:47 UTC 2026","2290","HabitNuCoachPortalSuite","HabitNuCoachesPortalRegression-PartB","CoachesPortal.OnsiteUsersListDashboard","CoachesPortal.OnsiteUsersListDashboard","case19","test1 > Given I am logged in as coach, Cancel Scenarios- Call","test1 > Given I am logged in as coach, Cancel Scenarios- Call"
"broken","Sun Jun 07 23:19:35 UTC 2026","Sun Jun 07 23:20:06 UTC 2026","31603","HabitNuCoachPortalSuite","HabitNuCoachesPortalRegression-PartB","CoachesPortal.OnsiteUsersListDashboard","CoachesPortal.OnsiteUsersListDashboard","case53","test1 > Given I am logged in as customerAdmin, verify milestonecolor==yellow after participant just register and login to app and do not fill the banner","test1 > Given I am logged in as customerAdmin, verify milestonecolor==yellow after participant just register and login to app and do not fill the banner"
"passed","Sun Jun 07 23:13:12 UTC 2026","Sun Jun 07 23:13:13 UTC 2026","1162","HabitNuCoachPortalSuite","HabitNuCoachesPortalRegression-PartA","CoachesPortal.DiscussionForumPage","CoachesPortal.DiscussionForumPage","verifyFileIsOpenedOnClickingViewButton","test1 > Given I am logged in as coach, I am validating verify file opened on clicking view button","test1 > Given I am logged in as coach, I am validating verify file opened on clicking view button"
"passed","Mon Jun 08 00:17:55 UTC 2026","Mon Jun 08 00:18:03 UTC 2026","7292","HabitNuCoachPortalSuite","DifferentTypeOfDashboards","CoachesPortal.CohortLevelDashboard.DSMEDashboardCoachesPortal","CoachesPortal.CohortLevelDashboard.DSMEDashboardCoachesPortal","test10_AddParticipants_danger_text_validations","And user is validating Add participants danger text validations",""
"skipped","Sun Jun 07 23:49:23 UTC 2026","Sun Jun 07 23:49:23 UTC 2026","0","HabitNuCoachPortalSuite","Paywal","CoachesPortal.payWall","CoachesPortal.payWall","testVerifyLinkedPlanDisplays","COP-T407: Validate linked plan displays in Program details",""
"passed","Mon Jun 08 00:12:27 UTC 2026","Mon Jun 08 00:12:28 UTC 2026","604","HabitNuCoachPortalSuite","FeatureFlags","CoachesPortal.FeatureFlags","CoachesPortal.FeatureFlags","test8_validatingflag","And user is able to view the flag details",""
"passed","Mon Jun 08 00:04:45 UTC 2026","Mon Jun 08 00:05:05 UTC 2026","19532","HabitNuCoachPortalSuite","Milestones","CoachesPortal.BPSMMilestone","CoachesPortal.BPSMMilestone","test11_groupinteraction","And user is able to add group interaction without seminar name",""
"passed","Sun Jun 07 23:57:25 UTC 2026","Sun Jun 07 23:57:25 UTC 2026","379","HabitNuCoachPortalSuite","LogClassSession","CoachesPortal.LogClassSession","CoachesPortal.LogClassSession","verify10DaysBackDateInLogClasssessionWithPatient","Given coach is on logclass session page, when 'weight-date==10days back, -PA-delivery Mode' is added, then coach should be able to save log class session for dated which is 10 days old",""
"broken","Sun Jun 07 22:57:41 UTC 2026","Sun Jun 07 22:58:44 UTC 2026","63497","HabitNuCoachPortalSuite","HabitNuCoachesPortalRegression-PartA","CoachesPortal.LearnModule.Learn","CoachesPortal.LearnModule.Learn","editCourseContent","edit course content",""
"skipped","Mon Jun 08 00:12:18 UTC 2026","Mon Jun 08 00:12:18 UTC 2026","0","HabitNuCoachPortalSuite","UserDashboard","CoachesPortal.PatientDashboard","CoachesPortal.PatientDashboard","Last_Fasting_Blood_Sugar","Physical Activity History section",""
"passed","Sun Jun 07 23:24:26 UTC 2026","Sun Jun 07 23:24:26 UTC 2026","116","HabitNuCoachPortalSuite","HabitNuCoachesPortalRegression-PartB","CoachesPortal.PatientDetails.PatientProfileDemographic","CoachesPortal.PatientDetails.PatientProfileDemographic","testDropdownOptions","test1 > Given I am logged in as customer admin, testDropdownOptions","test1 > Given I am logged in as customer admin, testDropdownOptions"
"broken","Sun Jun 07 23:56:23 UTC 2026","Sun Jun 07 23:56:23 UTC 2026","98","HabitNuCoachPortalSuite","LoginPageCases","CoachesPortal.LoginPageCases","CoachesPortal.LoginPageCases","testLoginWithInvalidEmailAndValidPassword","try login with invalid email and valid password",""
"passed","Sun Jun 07 23:42:47 UTC 2026","Sun Jun 07 23:42:47 UTC 2026","47","HabitNuCoachPortalSuite","Scheduler","CoachesPortal.Schedular","CoachesPortal.Schedular","validateInteractionEntries_UpdatedBy","test1 > Given I am logged in as coach, verify group interaction entries are made automatically when meet is attended for min of 1min > Validating field==UpdatedBy","test1 > Given I am logged in as coach, verify group interaction entries are made automatically when meet is attended for min of 1min > Validating field==UpdatedBy"
"passed","Mon Jun 08 00:05:15 UTC 2026","Mon Jun 08 00:05:16 UTC 2026","689","HabitNuCoachPortalSuite","Milestones","CoachesPortal.VAMilestone","CoachesPortal.VAMilestone","test5_navigating_VAmilestone","And user is navigating to VA_Milestone",""
"passed","Mon Jun 08 00:01:16 UTC 2026","Mon Jun 08 00:01:16 UTC 2026","74","HabitNuCoachPortalSuite","GroupDPPClassPlanner","CoachesPortal.ClassPlanner","CoachesPortal.ClassPlanner","case19","Click on Unlock button",""
"passed","Sun Jun 07 23:22:35 UTC 2026","Sun Jun 07 23:22:36 UTC 2026","814","HabitNuCoachPortalSuite","HabitNuCoachesPortalRegression-PartB","CoachesPortal.PatientDetails.PatientProfileDemographic","CoachesPortal.PatientDetails.PatientProfileDemographic","editverifyProgramDetailsWithIsActive","test1 > Given I am logged in as customer admin, verify cancel and update buttons are present for program details","test1 > Given I am logged in as customer admin, verify cancel and update buttons are present for program details"
"passed","Sun Jun 07 22:52:59 UTC 2026","Sun Jun 07 22:53:04 UTC 2026","5045","HabitNuCoachPortalSuite","HabitNuCoachesPortalRegression-PartA","CoachesPortal.LearnModule.Learn","CoachesPortal.LearnModule.Learn","nocourseconfiguredfortheprogram","No course configured for the program.",""
"passed","Sun Jun 07 23:01:05 UTC 2026","Sun Jun 07 23:01:06 UTC 2026","816","HabitNuCoachPortalSuite","HabitNuCoachesPortalRegression-PartA","CoachesPortal.LearnModule.CustomerAdminCourseDocument","CoachesPortal.LearnModule.CustomerAdminCourseDocument","verifyAddUrlTitleDocumentRequired","Add Documentupload And Title Required",""
"passed","Mon Jun 08 00:14:49 UTC 2026","Mon Jun 08 00:14:50 UTC 2026","1559","HabitNuCoachPortalSuite","ParticipationsTable","CoachesPortal.participations","CoachesPortal.participations","test3_validatingadmin","When user is validating to Admin section ",""
"passed","Sun Jun 07 23:17:47 UTC 2026","Sun Jun 07 23:17:47 UTC 2026","146","HabitNuCoachPortalSuite","HabitNuCoachesPortalRegression-PartB","CoachesPortal.OnsiteUsersListDashboard","CoachesPortal.OnsiteUsersListDashboard","case20","test1 > Given I am logged in as coach, Clicking on Cohort should navigate to Dashboard.","test1 > Given I am logged in as coach, Clicking on Cohort should navigate to Dashboard."
"passed","Sun Jun 07 23:09:39 UTC 2026","Sun Jun 07 23:09:41 UTC 2026","2070","HabitNuCoachPortalSuite","HabitNuCoachesPortalRegression-PartA","CoachesPortal.DiscussionForumPage","CoachesPortal.DiscussionForumPage","case23","test1 > Given I am logged in as admin, I am validating Click Delete - Cancel","test1 > Given I am logged in as admin, I am validating Click Delete - Cancel"
"passed","Mon Jun 08 00:00:57 UTC 2026","Mon Jun 08 00:00:57 UTC 2026","8","HabitNuCoachPortalSuite","GroupDPPClassPlanner","CoachesPortal.ClassPlanner","CoachesPortal.ClassPlanner","case11","Create multiple cards under List",""
"passed","Sun Jun 07 22:51:43 UTC 2026","Sun Jun 07 22:51:52 UTC 2026","8805","HabitNuCoachPortalSuite","HabitNuCoachesPortalRegression-PartA","CoachesPortal.LearnModule.Learn","CoachesPortal.LearnModule.Learn","addCourseToTheCohort","add course to the cohort",""
"passed","Sun Jun 07 23:05:24 UTC 2026","Sun Jun 07 23:05:26 UTC 2026","2097","HabitNuCoachPortalSuite","HabitNuCoachesPortalRegression-PartA","CoachesPortal.DiscussionForumPage","CoachesPortal.DiscussionForumPage","case23","test1 > Given I am logged in as customerAdmin, I am validating Click Delete - Cancel","test1 > Given I am logged in as customerAdmin, I am validating Click Delete - Cancel"
"passed","Mon Jun 08 00:00:59 UTC 2026","Mon Jun 08 00:00:59 UTC 2026","122","HabitNuCoachPortalSuite","GroupDPPClassPlanner","CoachesPortal.ClassPlanner","CoachesPortal.ClassPlanner","case15","Cancel the archive pop up",""
"passed","Sun Jun 07 22:51:22 UTC 2026","Sun Jun 07 22:51:28 UTC 2026","5709","HabitNuCoachPortalSuite","HabitNuCoachesPortalRegression-PartA","CoachesPortal.LearnModule.Learn","CoachesPortal.LearnModule.Learn","addContentToTheCourse","add content to the course",""
"passed","Sun Jun 07 23:47:57 UTC 2026","Sun Jun 07 23:47:58 UTC 2026","762","HabitNuCoachPortalSuite","Paywal","CoachesPortal.payWall","CoachesPortal.payWall","testViewTransactionDetails","COP-T401: View transaction details",""
"passed","Sun Jun 07 23:48:05 UTC 2026","Sun Jun 07 23:48:07 UTC 2026","2044","HabitNuCoachPortalSuite","Paywal","CoachesPortal.payWall","CoachesPortal.payWall","testFilterTransactions","COP-T400: Validate all transaction filters",""
"passed","Sun Jun 07 23:35:23 UTC 2026","Sun Jun 07 23:35:23 UTC 2026","726","HabitNuCoachPortalSuite","UserActivities","CoachesPortal.PatientDetails.UserActivitiesBloodSugar","CoachesPortal.PatientDetails.UserActivitiesBloodSugar","verifyUser_isNot_allowed_edit_coachAddedData","Verify user is not allowed to edit data added by coaches",""
"passed","Sun Jun 07 23:05:27 UTC 2026","Sun Jun 07 23:05:33 UTC 2026","5792","HabitNuCoachPortalSuite","HabitNuCoachesPortalRegression-PartA","CoachesPortal.DiscussionForumPage","CoachesPortal.DiscussionForumPage","case25","test1 > Given I am logged in as customerAdmin, I am validating Comment on pinned post.","test1 > Given I am logged in as customerAdmin, I am validating Comment on pinned post."
"failed","Sun Jun 07 22:52:12 UTC 2026","Sun Jun 07 22:52:24 UTC 2026","12027","HabitNuCoachPortalSuite","HabitNuCoachesPortalRegression-PartA","CoachesPortal.LearnModule.Learn","CoachesPortal.LearnModule.Learn","verifyFromCoachesEndAfterUserWatchesCourse","verify from coaches portal",""
"passed","Sun Jun 07 23:56:44 UTC 2026","Sun Jun 07 23:56:44 UTC 2026","95","HabitNuCoachPortalSuite","LoginPageCases","CoachesPortal.LoginPageCases","CoachesPortal.LoginPageCases","case11","TC11- Click on Ask us",""
"passed","Sun Jun 07 23:43:07 UTC 2026","Sun Jun 07 23:43:17 UTC 2026","9498","HabitNuCoachPortalSuite","Scheduler","CoachesPortal.Schedular","CoachesPortal.Schedular","createAppointment","test3 >  Given I am logged in as admin, and on create appointment page, When I fill in all the required details, Then I should be able to save the appointment","admin login - User should be able to create and save appointment"
"failed","Sun Jun 07 23:49:30 UTC 2026","Sun Jun 07 23:52:37 UTC 2026","187659","HabitNuCoachPortalSuite","Paywal","CoachesPortal.payWall","CoachesPortal.payWall","testProgramWithoutPlanHidesSubscription","COP-T416: Validate program without plan shows no subscription option",""
"passed","Sun Jun 07 23:23:16 UTC 2026","Sun Jun 07 23:23:16 UTC 2026","33","HabitNuCoachPortalSuite","HabitNuCoachesPortalRegression-PartB","CoachesPortal.PatientDetails.PatientProfileDemographic","CoachesPortal.PatientDetails.PatientProfileDemographic","verifyBaselineHealthData","test1 > Given I am logged in as customer admin, verifyBaselineHealthData","test1 > Given I am logged in as customer admin, verifyBaselineHealthData"
"passed","Sun Jun 07 23:05:26 UTC 2026","Sun Jun 07 23:05:27 UTC 2026","690","HabitNuCoachPortalSuite","HabitNuCoachesPortalRegression-PartA","CoachesPortal.DiscussionForumPage","CoachesPortal.DiscussionForumPage","case24","test1 > Given I am logged in as customerAdmin, I am validating Pin The post","test1 > Given I am logged in as customerAdmin, I am validating Pin The post"
"passed","Mon Jun 08 00:00:58 UTC 2026","Mon Jun 08 00:00:59 UTC 2026","791","HabitNuCoachPortalSuite","GroupDPPClassPlanner","CoachesPortal.ClassPlanner","CoachesPortal.ClassPlanner","case14","Archive the TEXT Created card",""
"failed","Sun Jun 07 23:48:19 UTC 2026","Sun Jun 07 23:49:23 UTC 2026","64236","HabitNuCoachPortalSuite","Paywal","CoachesPortal.payWall","CoachesPortal.payWall","testLinkPaymentPlantoProgram","COP-T406: Link Payment Plan to Program",""
"passed","Sun Jun 07 23:09:30 UTC 2026","Sun Jun 07 23:09:31 UTC 2026","1350","HabitNuCoachPortalSuite","HabitNuCoachesPortalRegression-PartA","CoachesPortal.DiscussionForumPage","CoachesPortal.DiscussionForumPage","case18","test1 > Given I am logged in as admin, I am validating Edit Post- Subject only- Update- Success","test1 > Given I am logged in as admin, I am validating Edit Post- Subject only- Update- Success"
"passed","Mon Jun 08 00:09:09 UTC 2026","Mon Jun 08 00:09:17 UTC 2026","7712","HabitNuCoachPortalSuite","UserDashboard","CoachesPortal.PatientDashboard","CoachesPortal.PatientDashboard","goToUserDashboard","test1 > Given I am logged in as admin, wehn I click on Participants module, Then I should be taken to users/participants list page, when I click on a user, Then I should be taken to user dashboard","admin login - clicking on scheduler should open the scheduler page in coaches portal"
"passed","Mon Jun 08 00:11:28 UTC 2026","Mon Jun 08 00:11:28 UTC 2026","129","HabitNuCoachPortalSuite","UserDashboard","CoachesPortal.PatientDashboard","CoachesPortal.PatientDashboard","Profile_in_Green","test18 > Given I am logged in as admin, wehn I am on Participants dashboard page, Then I should be able to see all particiapnt data on the photocard","admin login - clicking on scheduler should open the scheduler page in coaches portal"
"broken","Sun Jun 07 23:21:10 UTC 2026","Sun Jun 07 23:21:31 UTC 2026","20728","HabitNuCoachPortalSuite","HabitNuCoachesPortalRegression-PartB","CoachesPortal.OnsiteUsersListDashboard","CoachesPortal.OnsiteUsersListDashboard","case58","test1 > Given I am logged in as customerAdmin, verify milestonecolor==green when user completes registration banner and verifies address","test1 > Given I am logged in as customerAdmin, verify milestonecolor==green when user completes registration banner and verifies address"
"passed","Sun Jun 07 23:24:48 UTC 2026","Sun Jun 07 23:24:59 UTC 2026","10756","HabitNuCoachPortalSuite","HabitNuCoachesPortalRegression-PartB","CoachesPortal.PatientDetails.PatientProfileDemographic","CoachesPortal.PatientDetails.PatientProfileDemographic","updatelastName","test1 > Given I am logged in as customer admin, Last Name","test1 > Given I am logged in as customer admin, Last Name"
"passed","Mon Jun 08 00:00:50 UTC 2026","Mon Jun 08 00:00:51 UTC 2026","700","HabitNuCoachPortalSuite","GroupDPPClassPlanner","CoachesPortal.ClassPlanner","CoachesPortal.ClassPlanner","case3","Add the list to class planner",""
"passed","Mon Jun 08 00:02:13 UTC 2026","Mon Jun 08 00:02:18 UTC 2026","4913","HabitNuCoachPortalSuite","GeneralContent","CoachesPortal.generalContent_WEb_Coaches","CoachesPortal.generalContent_WEb_Coaches","case1","going to general content throgh Profile.",""
"passed","Sun Jun 07 22:54:03 UTC 2026","Sun Jun 07 22:55:12 UTC 2026","68150","HabitNuCoachPortalSuite","HabitNuCoachesPortalRegression-PartA","CoachesPortal.LearnModule.Learn","CoachesPortal.LearnModule.Learn","verifycloneCoursePage","verify on clone course page, course created by admin is available",""
"passed","Mon Jun 08 00:12:26 UTC 2026","Mon Jun 08 00:12:26 UTC 2026","39","HabitNuCoachPortalSuite","FeatureFlags","CoachesPortal.FeatureFlags","CoachesPortal.FeatureFlags","test4_validatingadmin_defaultpage","When user is validating to Admin default section ",""
"passed","Sun Jun 07 23:41:32 UTC 2026","Sun Jun 07 23:41:37 UTC 2026","5112","HabitNuCoachPortalSuite","Scheduler","CoachesPortal.Schedular","CoachesPortal.Schedular","userYesToTheMeet","test1 > Given I am logged in as coach, verify user response to meet attendance - YES","test1 > Given I am logged in as coach, verify user response to meet attendance - YES"
"passed","Sun Jun 07 23:43:45 UTC 2026","Sun Jun 07 23:43:46 UTC 2026","720","HabitNuCoachPortalSuite","Scheduler","CoachesPortal.Schedular","CoachesPortal.Schedular","cancelMeeting","test8 >  Given I am logged in as admin, and on time slot page, When I click on created appointment, Then I should see Cancel meeting button, When I click on it, Then Should be able to cancel it","admin login - User should be able to cancel appointment"
"passed","Sun Jun 07 23:14:11 UTC 2026","Sun Jun 07 23:14:12 UTC 2026","754","HabitNuCoachPortalSuite","HabitNuCoachesPortalRegression-PartA","CoachesPortal.DiscussionForumPage","CoachesPortal.DiscussionForumPage","case21","test1 > Given I am logged in as coach, I am validating Edit Post-Remove File.","test1 > Given I am logged in as coach, I am validating Edit Post-Remove File."
"passed","Sun Jun 07 23:03:54 UTC 2026","Sun Jun 07 23:03:55 UTC 2026","688","HabitNuCoachPortalSuite","HabitNuCoachesPortalRegression-PartA","CoachesPortal.DiscussionForumPage","CoachesPortal.DiscussionForumPage","case8","test1 > Given I am logged in as customerAdmin, I am validating Add describe only- success post.","test1 > Given I am logged in as customerAdmin, I am validating Add describe only- success post."
"passed","Sun Jun 07 23:04:24 UTC 2026","Sun Jun 07 23:04:25 UTC 2026","669","HabitNuCoachPortalSuite","HabitNuCoachesPortalRegression-PartA","CoachesPortal.DiscussionForumPage","CoachesPortal.DiscussionForumPage","verifyFileIsOpenedOnClickingViewButton","test1 > Given I am logged in as customerAdmin, I am validating verify file opened on clicking view button","test1 > Given I am logged in as customerAdmin, I am validating verify file opened on clicking view button"
"passed","Mon Jun 08 00:02:18 UTC 2026","Mon Jun 08 00:02:20 UTC 2026","1807","HabitNuCoachPortalSuite","GeneralContent","CoachesPortal.generalContent_WEb_Coaches","CoachesPortal.generalContent_WEb_Coaches","case2","Creating tags for Exercise",""
"passed","Mon Jun 08 00:14:51 UTC 2026","Mon Jun 08 00:14:51 UTC 2026","142","HabitNuCoachPortalSuite","ParticipationsTable","CoachesPortal.participations","CoachesPortal.participations","test5_navigatingparticipations","And user is navigating to Participations section ",""
"passed","Sun Jun 07 23:31:08 UTC 2026","Sun Jun 07 23:31:09 UTC 2026","1281","HabitNuCoachPortalSuite","UserActivities","CoachesPortal.PatientDetails.UserActivitiesBloodPressure","CoachesPortal.PatientDetails.UserActivitiesBloodPressure","verifyUser_isNot_allowed_edit_coachAddedData","Verify user is not allowed to edit data added by coaches",""
"broken","Sun Jun 07 23:01:47 UTC 2026","Sun Jun 07 23:02:11 UTC 2026","23467","HabitNuCoachPortalSuite","HabitNuCoachesPortalRegression-PartA","CoachesPortal.LearnModule.CustomerAdminCourseDocument","CoachesPortal.LearnModule.CustomerAdminCourseDocument","verifyAddVideoUploadRequired","Add Video upload Required",""
"passed","Sun Jun 07 23:02:11 UTC 2026","Sun Jun 07 23:02:14 UTC 2026","3179","HabitNuCoachPortalSuite","HabitNuCoachesPortalRegression-PartA","CoachesPortal.LearnModule.CustomerAdminCourseDocument","CoachesPortal.LearnModule.CustomerAdminCourseDocument","verifyAddOnlyDiscriptionVideo","Add Only Discription And verify videoupload and title Required",""
"passed","Sun Jun 07 23:00:43 UTC 2026","Sun Jun 07 23:00:44 UTC 2026","1092","HabitNuCoachPortalSuite","HabitNuCoachesPortalRegression-PartA","CoachesPortal.LearnModule.CustomerAdminCourseDocument","CoachesPortal.LearnModule.CustomerAdminCourseDocument","verifyAddValidUrlRequired","Add Valid Url Required",""
"passed","Mon Jun 08 00:00:55 UTC 2026","Mon Jun 08 00:00:57 UTC 2026","1436","HabitNuCoachPortalSuite","GroupDPPClassPlanner","CoachesPortal.ClassPlanner","CoachesPortal.ClassPlanner","case9","Create the APP LINK cards under the list",""
"passed","Sun Jun 07 23:05:16 UTC 2026","Sun Jun 07 23:05:17 UTC 2026","872","HabitNuCoachPortalSuite","HabitNuCoachesPortalRegression-PartA","CoachesPortal.DiscussionForumPage","CoachesPortal.DiscussionForumPage","case19","test1 > Given I am logged in as customerAdmin, I am validating Edit Post- Description only- Success","test1 > Given I am logged in as customerAdmin, I am validating Edit Post- Description only- Success"
"passed","Sun Jun 07 23:31:24 UTC 2026","Sun Jun 07 23:31:45 UTC 2026","21059","HabitNuCoachPortalSuite","UserActivities","CoachesPortal.PatientDetails.UserActivitiesBloodPressure","CoachesPortal.PatientDetails.UserActivitiesBloodPressure","verifyEditCurrentAndYesterdayBPDataInCoachesPortal","Verify current and yesterday edit BPdata in coaches portal and reflect in web portal",""
"passed","Sun Jun 07 23:53:22 UTC 2026","Sun Jun 07 23:53:59 UTC 2026","36231","HabitNuCoachPortalSuite","HabitNuCoachesPortalRegression-PartC","CoachesPortal.PatientDetails.PatientProfileImmunizations","CoachesPortal.PatientDetails.PatientProfileImmunizations","verifyPersonalDetails","Add medication of Ethlen",""
"passed","Sun Jun 07 23:57:31 UTC 2026","Sun Jun 07 23:57:35 UTC 2026","4311","HabitNuCoachPortalSuite","LogClassSession","CoachesPortal.LogClassSession","CoachesPortal.LogClassSession","verifySearchPatientById","Verify coach can Search Participant By ID in log class session page",""
"passed","Sun Jun 07 23:56:47 UTC 2026","Sun Jun 07 23:56:47 UTC 2026","104","HabitNuCoachPortalSuite","LoginPageCases","CoachesPortal.LoginPageCases","CoachesPortal.LoginPageCases","case17","Coaches Portal Login URL -> Click on terms of use",""
"passed","Sun Jun 07 23:08:08 UTC 2026","Sun Jun 07 23:08:09 UTC 2026","1131","HabitNuCoachPortalSuite","HabitNuCoachesPortalRegression-PartA","CoachesPortal.DiscussionForumPage","CoachesPortal.DiscussionForumPage","case9","test1 > Given I am logged in as admin, I am validating Post empty comment- error message.","test1 > Given I am logged in as admin, I am validating Post empty comment- error message."
"passed","Sun Jun 07 23:19:25 UTC 2026","Sun Jun 07 23:19:26 UTC 2026","714","HabitNuCoachPortalSuite","HabitNuCoachesPortalRegression-PartB","CoachesPortal.OnsiteUsersListDashboard","CoachesPortal.OnsiteUsersListDashboard","case49","test1 > Given I am logged in as customerAdmin, enroll user but click - YES","test1 > Given I am logged in as customerAdmin, enroll user but click - YES"
"passed","Mon Jun 08 00:15:42 UTC 2026","Mon Jun 08 00:15:49 UTC 2026","6923","HabitNuCoachPortalSuite","DifferentTypeOfDashboards","CoachesPortal.CohortLevelDashboard.DSMEDashboardCoachesPortal","CoachesPortal.CohortLevelDashboard.DSMEDashboardCoachesPortal","test1_Navigating","Given user is navigating to coaches portal",""
"passed","Sun Jun 07 23:14:12 UTC 2026","Sun Jun 07 23:14:14 UTC 2026","2065","HabitNuCoachPortalSuite","HabitNuCoachesPortalRegression-PartA","CoachesPortal.DiscussionForumPage","CoachesPortal.DiscussionForumPage","case23","test1 > Given I am logged in as coach, I am validating Click Delete - Cancel","test1 > Given I am logged in as coach, I am validating Click Delete - Cancel"
"broken","Sun Jun 07 23:28:39 UTC 2026","Sun Jun 07 23:29:14 UTC 2026","35136","HabitNuCoachPortalSuite","HabitNuCoachesPortalRegression-PartB","CoachesPortal.PatientDetails.PatientProfileDemographic","CoachesPortal.PatientDetails.PatientProfileDemographic","testSelectRememberingUnknown","test1 > Given I am logged in as coach, testSelectRememberingUnknown","test1 > Given I am logged in as coach, testSelectRememberingUnknown"
"passed","Sun Jun 07 23:04:15 UTC 2026","Sun Jun 07 23:04:24 UTC 2026","9377","HabitNuCoachPortalSuite","HabitNuCoachesPortalRegression-PartA","CoachesPortal.DiscussionForumPage","CoachesPortal.DiscussionForumPage","case13","test1 > Given I am logged in as customerAdmin, I am validating File upload- description only- success.","test1 > Given I am logged in as customerAdmin, I am validating File upload- description only- success."
"broken","Sun Jun 07 23:37:42 UTC 2026","Sun Jun 07 23:38:03 UTC 2026","20392","HabitNuCoachPortalSuite","Scheduler","CoachesPortal.Schedular","CoachesPortal.Schedular","createAppointment","test3 >  Given I am logged in as coach, and on create appointment page, When I fill in all the required details, Then I should be able to save the appointment","coach login - User should be able to create and save appointment"
"passed","Mon Jun 08 00:05:39 UTC 2026","Mon Jun 08 00:05:50 UTC 2026","10407","HabitNuCoachPortalSuite","Milestones","CoachesPortal.VAMilestone","CoachesPortal.VAMilestone","test11_validating_VAHeaders_data","And user is validating to VAHeaders data by clicking arrow button",""
"skipped","Mon Jun 08 00:12:18 UTC 2026","Mon Jun 08 00:12:18 UTC 2026","0","HabitNuCoachPortalSuite","UserDashboard","CoachesPortal.PatientDashboard","CoachesPortal.PatientDashboard","patientVWeeklyStatusVideo_when_100_percentWatched","Physical Activity History section",""
"passed","Sun Jun 07 23:19:26 UTC 2026","Sun Jun 07 23:19:29 UTC 2026","3176","HabitNuCoachPortalSuite","HabitNuCoachesPortalRegression-PartB","CoachesPortal.OnsiteUsersListDashboard","CoachesPortal.OnsiteUsersListDashboard","case50","test1 > Given I am logged in as customerAdmin, hover over milestone dot to validate enrolled state text","test1 > Given I am logged in as customerAdmin, hover over milestone dot to validate enrolled state text"
"passed","Sun Jun 07 23:18:35 UTC 2026","Sun Jun 07 23:18:46 UTC 2026","10407","HabitNuCoachPortalSuite","HabitNuCoachesPortalRegression-PartB","CoachesPortal.OnsiteUsersListDashboard","CoachesPortal.OnsiteUsersListDashboard","case32","test1 > Given I am logged in as customerAdmin, validate userListSAVEerAdmin-Add Cohort for a user- Add scenario.","test1 > Given I am logged in as customerAdmin, validate userListSAVEerAdmin-Add Cohort for a user- Add scenario."
"passed","Sun Jun 07 23:28:21 UTC 2026","Sun Jun 07 23:28:21 UTC 2026","36","HabitNuCoachPortalSuite","HabitNuCoachesPortalRegression-PartB","CoachesPortal.PatientDetails.PatientProfileDemographic","CoachesPortal.PatientDetails.PatientProfileDemographic","verifyBaselineHealthData","test1 > Given I am logged in as coach, verifyBaselineHealthData","test1 > Given I am logged in as coach, verifyBaselineHealthData"
"passed","Mon Jun 08 00:26:31 UTC 2026","Mon Jun 08 00:26:35 UTC 2026","3534","HabitNuCoachPortalSuite","DifferentTypeOfCohorts","CoachesPortal.liteCohorts","CoachesPortal.liteCohorts","case3","test1 > Given I am logged in as admin, I am validating Lite cohorts modules","test1 > Given I am logged in as admin, I am validating Lite cohorts modules, where cohort's Program type=DSME, Delivery type=Onsite"
"passed","Sun Jun 07 22:51:30 UTC 2026","Sun Jun 07 22:51:35 UTC 2026","4790","HabitNuCoachPortalSuite","HabitNuCoachesPortalRegression-PartA","CoachesPortal.LearnModule.Learn","CoachesPortal.LearnModule.Learn","letsPublishCourseNow","publish the course",""
"passed","Mon Jun 08 00:23:21 UTC 2026","Mon Jun 08 00:24:02 UTC 2026","40892","HabitNuCoachPortalSuite","DifferentTypeOfDashboards","CoachesPortal.CohortLevelDashboard.ParticipantsProgressTracker","CoachesPortal.CohortLevelDashboard.ParticipantsProgressTracker","test7_Activate_Session","And user is able to activate the session.",""
"passed","Sun Jun 07 23:18:49 UTC 2026","Sun Jun 07 23:18:51 UTC 2026","2291","HabitNuCoachPortalSuite","HabitNuCoachesPortalRegression-PartB","CoachesPortal.OnsiteUsersListDashboard","CoachesPortal.OnsiteUsersListDashboard","case35","test1 > Given I am logged in as customerAdmin, Remove Cohort for a user.","test1 > Given I am logged in as customerAdmin, Remove Cohort for a user."
"passed","Mon Jun 08 00:04:01 UTC 2026","Mon Jun 08 00:04:06 UTC 2026","5126","HabitNuCoachPortalSuite","Milestones","CoachesPortal.BPSMMilestone","CoachesPortal.BPSMMilestone","test1_navigatingcoach","Given user is navigating to coaches portal",""
"passed","Sun Jun 07 23:16:39 UTC 2026","Sun Jun 07 23:16:42 UTC 2026","2759","HabitNuCoachPortalSuite","HabitNuCoachesPortalRegression-PartA","CoachesPortal.DiscussionForumPage","CoachesPortal.DiscussionForumPage","case28","test1 > Given I am logged in as coach, I am validating Delete all posts","test1 > Given I am logged in as coach, I am validating Delete all posts"
"passed","Sun Jun 07 23:17:19 UTC 2026","Sun Jun 07 23:17:21 UTC 2026","2201","HabitNuCoachPortalSuite","HabitNuCoachesPortalRegression-PartB","CoachesPortal.OnsiteUsersListDashboard","CoachesPortal.OnsiteUsersListDashboard","case13","test1 > Given I am logged in as coach, Click on +, wait till all elements are displayed and then validate.","test1 > Given I am logged in as coach, Click on +, wait till all elements are displayed and then validate."
"passed","Sun Jun 07 23:01:22 UTC 2026","Sun Jun 07 23:01:22 UTC 2026","322","HabitNuCoachPortalSuite","HabitNuCoachesPortalRegression-PartA","CoachesPortal.LearnModule.CustomerAdminCourseDocument","CoachesPortal.LearnModule.CustomerAdminCourseDocument","verifyDocumentEditAndClose","Document Edit and Close",""
"passed","Sun Jun 07 23:48:04 UTC 2026","Sun Jun 07 23:48:05 UTC 2026","1368","HabitNuCoachPortalSuite","Paywal","CoachesPortal.payWall","CoachesPortal.payWall","testFilterTransactions","COP-T400: Validate all transaction filters",""
"passed","Sun Jun 07 23:19:01 UTC 2026","Sun Jun 07 23:19:04 UTC 2026","3185","HabitNuCoachPortalSuite","HabitNuCoachesPortalRegression-PartB","CoachesPortal.OnsiteUsersListDashboard","CoachesPortal.OnsiteUsersListDashboard","case39","test1 > Given I am logged in as customerAdmin, sorting users table with 'cohort' in desc order","test1 > Given I am logged in as customerAdmin, sorting users table with 'cohort' in desc order"
"passed","Sun Jun 07 23:54:40 UTC 2026","Sun Jun 07 23:54:40 UTC 2026","511","HabitNuCoachPortalSuite","HabitNuCoachesPortalRegression-PartC","CoachesPortal.PatientDetails.PatientProfilePayerType","CoachesPortal.PatientDetails.PatientProfilePayerType","editPayerType","edit PayerType for Ethylen",""
"passed","Sun Jun 07 23:08:40 UTC 2026","Sun Jun 07 23:08:44 UTC 2026","4102","HabitNuCoachPortalSuite","HabitNuCoachesPortalRegression-PartA","CoachesPortal.DiscussionForumPage","CoachesPortal.DiscussionForumPage","case14","test1 > Given I am logged in as admin, I am validating File upload-error ","test1 > Given I am logged in as admin, I am validating File upload-error "
"broken","Sun Jun 07 22:51:55 UTC 2026","Sun Jun 07 22:52:04 UTC 2026","8939","HabitNuCoachPortalSuite","HabitNuCoachesPortalRegression-PartA","CoachesPortal.LearnModule.Learn","CoachesPortal.LearnModule.Learn","checkLearnTabWhenNoCourse","check learn tab visibilty on web app when course is published from coaches portal",""
"broken","Sun Jun 07 23:59:50 UTC 2026","Sun Jun 07 23:59:51 UTC 2026","1533","HabitNuCoachPortalSuite","LogClassSession","CoachesPortal.LogClassSession","CoachesPortal.LogClassSession","verifyAddWeightAttendanceDateAndPAAndLFAndMUPDistanceLearning","Verify coach can save log class session by adding weight,attendance date and PA And LF And MUP In Distance Learning",""
"broken","Sun Jun 07 23:03:01 UTC 2026","Sun Jun 07 23:03:24 UTC 2026","22915","HabitNuCoachPortalSuite","HabitNuCoachesPortalRegression-PartA","CoachesPortal.LearnModule.CustomerAdminCourseDocument","CoachesPortal.LearnModule.CustomerAdminCourseDocument","verifyVideoArchiveCancelAndConfirm","Video Archive Cancel And Confirm",""
"skipped","Mon Jun 08 00:12:18 UTC 2026","Mon Jun 08 00:12:18 UTC 2026","0","HabitNuCoachPortalSuite","UserDashboard","CoachesPortal.PatientDashboard","CoachesPortal.PatientDashboard","hbA1cHistory","hbA1cHistory",""
"passed","Mon Jun 08 00:02:06 UTC 2026","Mon Jun 08 00:02:09 UTC 2026","2511","HabitNuCoachPortalSuite","GroupDPPClassPlanner","CoachesPortal.ClassPlanner","CoachesPortal.ClassPlanner","case33","validate user is able to view notes",""
"passed","Sun Jun 07 23:45:02 UTC 2026","Sun Jun 07 23:45:03 UTC 2026","1737","HabitNuCoachPortalSuite","Paywal","CoachesPortal.payWall","CoachesPortal.payWall","testCreateAnnualPaymentPlan","COP-T388B: Create Annual Payment Plan",""
"passed","Mon Jun 08 00:02:11 UTC 2026","Mon Jun 08 00:02:11 UTC 2026","642","HabitNuCoachPortalSuite","GroupDPPClassPlanner","CoachesPortal.ClassPlanner","CoachesPortal.ClassPlanner","case36","validate user is able to view classPlanner item==app-link",""
"failed","Sun Jun 07 23:47:39 UTC 2026","Sun Jun 07 23:47:43 UTC 2026","4113","HabitNuCoachPortalSuite","Paywal","CoachesPortal.payWall","CoachesPortal.payWall","testFilterSubscriptions","COP-T397–399: Validate subscription filters",""
"passed","Sun Jun 07 23:36:47 UTC 2026","Sun Jun 07 23:37:06 UTC 2026","19424","HabitNuCoachPortalSuite","UserActivities","CoachesPortal.PatientDetails.UserActivitiesTobacco","CoachesPortal.PatientDetails.UserActivitiesTobacco","verifyEditCurrentAndYesterdayBPDataInCoachesPortal","Verify current and yesterday edit tobacco in coaches portal and reflect in web portal",""
"passed","Mon Jun 08 00:26:35 UTC 2026","Mon Jun 08 00:26:43 UTC 2026","8436","HabitNuCoachPortalSuite","DifferentTypeOfCohorts","CoachesPortal.connectCohorts","CoachesPortal.connectCohorts","case1","test1 > Given I am logged in as admin, I am validating connect cohorts modules","test1 > Given I am logged in as admin, I am validating connect cohorts modules"
"passed","Sun Jun 07 23:17:00 UTC 2026","Sun Jun 07 23:17:00 UTC 2026","751","HabitNuCoachPortalSuite","HabitNuCoachesPortalRegression-PartB","CoachesPortal.OnsiteUsersListDashboard","CoachesPortal.OnsiteUsersListDashboard","case5","test1 > Given I am logged in as coach, Seach user by email.","test1 > Given I am logged in as coach, Seach user by email."
"passed","Mon Jun 08 00:05:13 UTC 2026","Mon Jun 08 00:05:14 UTC 2026","1609","HabitNuCoachPortalSuite","Milestones","CoachesPortal.VAMilestone","CoachesPortal.VAMilestone","test3_currentcohort_dashboard","And user is navigated to current cohort dashboard",""
"passed","Sun Jun 07 23:12:44 UTC 2026","Sun Jun 07 23:12:53 UTC 2026","9117","HabitNuCoachPortalSuite","HabitNuCoachesPortalRegression-PartA","CoachesPortal.DiscussionForumPage","CoachesPortal.DiscussionForumPage","case11","test1 > Given I am logged in as coach, I am validating File upload- error","test1 > Given I am logged in as coach, I am validating File upload- error"
"failed","Mon Jun 08 00:15:49 UTC 2026","Mon Jun 08 00:16:16 UTC 2026","26929","HabitNuCoachPortalSuite","DifferentTypeOfDashboards","CoachesPortal.CohortLevelDashboard.DSMEDashboardCoachesPortal","CoachesPortal.CohortLevelDashboard.DSMEDashboardCoachesPortal","test2_Flagged","And user is navigated to Flagged",""
"passed","Sun Jun 07 23:29:45 UTC 2026","Sun Jun 07 23:30:19 UTC 2026","33876","HabitNuCoachPortalSuite","PatientsProfileAllergies","CoachesPortal.PatientDetails.PatientsProfileAllergies","CoachesPortal.PatientDetails.PatientsProfileAllergies","verifyPersonalDetails","Add Allergy of Ethlen",""
"passed","Sun Jun 07 22:53:33 UTC 2026","Sun Jun 07 22:54:03 UTC 2026","29943","HabitNuCoachPortalSuite","HabitNuCoachesPortalRegression-PartA","CoachesPortal.LearnModule.Learn","CoachesPortal.LearnModule.Learn","addVideoToTheContent","filter down course content by Video and assert Pagination",""
"passed","Mon Jun 08 00:15:38 UTC 2026","Mon Jun 08 00:15:40 UTC 2026","2060","HabitNuCoachPortalSuite","ParticipationsTable","CoachesPortal.participations","CoachesPortal.participations","test13_exitadmin","And user is able to exit from admin section",""
"broken","Sun Jun 07 23:37:14 UTC 2026","Sun Jun 07 23:37:42 UTC 2026","28514","HabitNuCoachPortalSuite","Scheduler","CoachesPortal.Schedular","CoachesPortal.Schedular","clickOnSchedular","test1 > Given I am logged in as coach, wehn I click on Scheduler module, Then I should be taken to meeting time slot pick up page","coach login - clicking on scheduler should open the scheduler page in coaches portal"
"broken","Sun Jun 07 23:20:06 UTC 2026","Sun Jun 07 23:20:06 UTC 2026","93","HabitNuCoachPortalSuite","HabitNuCoachesPortalRegression-PartB","CoachesPortal.OnsiteUsersListDashboard","CoachesPortal.OnsiteUsersListDashboard","case54","test1 > Given I am logged in as customerAdmin, verify milestone tooltiptext after participant just register and login to app and do not fill the banner","test1 > Given I am logged in as customerAdmin, verify milestone tooltiptext after participant just register and login to app and do not fill the banner"
"failed","Sun Jun 07 23:45:14 UTC 2026","Sun Jun 07 23:45:16 UTC 2026","1734","HabitNuCoachPortalSuite","Paywal","CoachesPortal.payWall","CoachesPortal.payWall","testVerifySyncStatusIsDisplayedOnPlanDetails","COP-T391: Verify Sync Status is displayed on the Plan Details page",""
"passed","Sun Jun 07 23:57:25 UTC 2026","Sun Jun 07 23:57:31 UTC 2026","5303","HabitNuCoachPortalSuite","LogClassSession","CoachesPortal.LogClassSession","CoachesPortal.LogClassSession","verifySearchPatientByName","verify coach can Search Participant By Name in log class session page",""
"passed","Sun Jun 07 23:28:29 UTC 2026","Sun Jun 07 23:28:34 UTC 2026","5189","HabitNuCoachPortalSuite","HabitNuCoachesPortalRegression-PartB","CoachesPortal.PatientDetails.PatientProfileDemographic","CoachesPortal.PatientDetails.PatientProfileDemographic","testSelectHearingYes","test1 > Given I am logged in as coach, testSelectHearingYes","test1 > Given I am logged in as coach, testSelectHearingYes"
"passed","Sun Jun 07 23:19:07 UTC 2026","Sun Jun 07 23:19:11 UTC 2026","3245","HabitNuCoachPortalSuite","HabitNuCoachesPortalRegression-PartB","CoachesPortal.OnsiteUsersListDashboard","CoachesPortal.OnsiteUsersListDashboard","case41","test1 > Given I am logged in as customerAdmin, sorting users table with 'Name' in desc order","test1 > Given I am logged in as customerAdmin, sorting users table with 'Name' in desc order"
"passed","Mon Jun 08 00:03:30 UTC 2026","Mon Jun 08 00:03:30 UTC 2026","19","HabitNuCoachPortalSuite","GeneralContent","CoachesPortal.generalContent_WEb_Coaches","CoachesPortal.generalContent_WEb_Coaches","Case13_verifyGroup","verifyGroup creation",""
"passed","Sun Jun 07 23:27:41 UTC 2026","Sun Jun 07 23:27:44 UTC 2026","3658","HabitNuCoachPortalSuite","HabitNuCoachesPortalRegression-PartB","CoachesPortal.PatientDetails.PatientProfileDemographic","CoachesPortal.PatientDetails.PatientProfileDemographic","updateAndVerifyContactDetails","test1 > Given I am logged in as coach, updateAndVerifyContactDetails","test1 > Given I am logged in as coach, updateAndVerifyContactDetails"
"passed","Mon Jun 08 00:14:31 UTC 2026","Mon Jun 08 00:14:35 UTC 2026","4459","HabitNuCoachPortalSuite","FeatureFlags","CoachesPortal.FeatureFlags","CoachesPortal.FeatureFlags","test19_addrulesforprogram_multipletimes","And user is able to add the rule for program level multiple times",""
"passed","Sun Jun 07 23:00:49 UTC 2026","Sun Jun 07 23:00:54 UTC 2026","4469","HabitNuCoachPortalSuite","HabitNuCoachesPortalRegression-PartA","CoachesPortal.LearnModule.CustomerAdminCourseDocument","CoachesPortal.LearnModule.CustomerAdminCourseDocument","verifyLinkPublishCancelAndConfirm","Link Publish Cancel And Confirm",""
"passed","Sun Jun 07 23:43:50 UTC 2026","Sun Jun 07 23:43:50 UTC 2026","0","HabitNuCoachPortalSuite","Scheduler","CoachesPortal.Schedular","CoachesPortal.Schedular","validateUserNoInSchedular","test1 > Given I am logged in as admin, verify when user responds to meet with NO, same can be validated by coach in coaches portal in Attended dropdown","test1 > Given I am logged in as admin, verify when user responds to meet with NO, same can be validated by coach in coaches portal in Attended dropdown"
"broken","Mon Jun 08 00:25:49 UTC 2026","Mon Jun 08 00:26:20 UTC 2026","30761","HabitNuCoachPortalSuite","DifferentTypeOfDashboards","CoachesPortal.CohortLevelDashboard.ParticipantsProgressTracker","CoachesPortal.CohortLevelDashboard.ParticipantsProgressTracker","test12_Completedunits","And User is validating the completed units",""
"passed","Mon Jun 08 00:15:34 UTC 2026","Mon Jun 08 00:15:36 UTC 2026","2183","HabitNuCoachPortalSuite","ParticipationsTable","CoachesPortal.participations","CoachesPortal.participations","test11_searchprogram","And user is able to search the user with program name",""
"passed","Sun Jun 07 23:12:53 UTC 2026","Sun Jun 07 23:13:02 UTC 2026","9297","HabitNuCoachPortalSuite","HabitNuCoachesPortalRegression-PartA","CoachesPortal.DiscussionForumPage","CoachesPortal.DiscussionForumPage","case12","test1 > Given I am logged in as coach, I am validating File upload- subject only- error.","test1 > Given I am logged in as coach, I am validating File upload- subject only- error."
"passed","Sun Jun 07 23:29:30 UTC 2026","Sun Jun 07 23:29:30 UTC 2026","10","HabitNuCoachPortalSuite","HabitNuCoachesPortalRegression-PartB","CoachesPortal.PatientDetails.PatientProfileDemographic","CoachesPortal.PatientDetails.PatientProfileDemographic","updateSexAtbirth","test1 > Given I am logged in as coach, Sex at Birth","test1 > Given I am logged in as coach, Sex at Birth"
"passed","Mon Jun 08 00:14:35 UTC 2026","Mon Jun 08 00:14:35 UTC 2026","36","HabitNuCoachPortalSuite","FeatureFlags","CoachesPortal.FeatureFlags","CoachesPortal.FeatureFlags","test20_deleteuser","delete rule",""
"passed","Sun Jun 07 23:22:19 UTC 2026","Sun Jun 07 23:22:29 UTC 2026","10236","HabitNuCoachPortalSuite","HabitNuCoachesPortalRegression-PartB","CoachesPortal.PatientDetails.PatientProfileDemographic","CoachesPortal.PatientDetails.PatientProfileDemographic","verifyPersonalDetails","test1 > Given I am logged in as customer admin, Verify user as Ethelyn in demographic with Personal Details","test1 > Given I am logged in as customer admin, Verify user as Ethelyn in demographic with Personal Details"
"passed","Sun Jun 07 23:29:30 UTC 2026","Sun Jun 07 23:29:30 UTC 2026","5","HabitNuCoachPortalSuite","HabitNuCoachesPortalRegression-PartB","CoachesPortal.PatientDetails.PatientProfileDemographic","CoachesPortal.PatientDetails.PatientProfileDemographic","updateCurrentGender","test1 > Given I am logged in as coach, Current Gender","test1 > Given I am logged in as coach, Current Gender"
"skipped","Mon Jun 08 00:12:18 UTC 2026","Mon Jun 08 00:12:18 UTC 2026","0","HabitNuCoachPortalSuite","UserDashboard","CoachesPortal.PatientDashboard","CoachesPortal.PatientDashboard","Weight_History","Weight_History",""
"passed","Sun Jun 07 23:27:34 UTC 2026","Sun Jun 07 23:27:40 UTC 2026","5322","HabitNuCoachPortalSuite","HabitNuCoachesPortalRegression-PartB","CoachesPortal.PatientDetails.PatientProfileDemographic","CoachesPortal.PatientDetails.PatientProfileDemographic","verifyConfirmed_By_CoachNo","test1 > Given I am logged in as coach, verifyConfirmed_By_Coach by clicking on No","test1 > Given I am logged in as coach, verifyConfirmed_By_Coach by clicking on No"
"passed","Mon Jun 08 00:18:03 UTC 2026","Mon Jun 08 00:18:10 UTC 2026","7201","HabitNuCoachPortalSuite","DifferentTypeOfDashboards","CoachesPortal.CohortLevelDashboard.DSMEDashboardCoachesPortal","CoachesPortal.CohortLevelDashboard.DSMEDashboardCoachesPortal","test11_ReferralManager_addparticipantsreferral_addnotes","And user is able to add notes in referral manager",""
"passed","Mon Jun 08 00:15:36 UTC 2026","Mon Jun 08 00:15:38 UTC 2026","2213","HabitNuCoachPortalSuite","ParticipationsTable","CoachesPortal.participations","CoachesPortal.participations","test12_searchcohort","And user is able to search the user with cohort name",""
"passed","Sun Jun 07 23:43:50 UTC 2026","Sun Jun 07 23:43:50 UTC 2026","0","HabitNuCoachPortalSuite","Scheduler","CoachesPortal.Schedular","CoachesPortal.Schedular","validateInteractionEntries_InteractionOn","test1 > Given I am logged in as admin, verify group interaction entries are made automatically when meet is attended for min of 1min > Validating field==InteractionOn","test1 > Given I am logged in as admin, verify group interaction entries are made automatically when meet is attended for min of 1min > Validating field==InteractionOn"
"passed","Mon Jun 08 00:20:38 UTC 2026","Mon Jun 08 00:23:00 UTC 2026","142528","HabitNuCoachPortalSuite","DifferentTypeOfDashboards","CoachesPortal.CohortLevelDashboard.ParticipantsProgressTracker","CoachesPortal.CohortLevelDashboard.ParticipantsProgressTracker","test5_Actions_Options","And user is able to select the Actions options.",""
"passed","Mon Jun 08 00:12:27 UTC 2026","Mon Jun 08 00:12:27 UTC 2026","67","HabitNuCoachPortalSuite","FeatureFlags","CoachesPortal.FeatureFlags","CoachesPortal.FeatureFlags","test5_navigatingfeatureflags","And user is navigating to Feature Flags section ",""
"passed","Sun Jun 07 23:22:36 UTC 2026","Sun Jun 07 23:22:40 UTC 2026","3637","HabitNuCoachPortalSuite","HabitNuCoachesPortalRegression-PartB","CoachesPortal.PatientDetails.PatientProfileDemographic","CoachesPortal.PatientDetails.PatientProfileDemographic","updateAndVerifyContactDetails","test1 > Given I am logged in as customer admin, updateAndVerifyContactDetails","test1 > Given I am logged in as customer admin, updateAndVerifyContactDetails"
"passed","Sun Jun 07 23:42:47 UTC 2026","Sun Jun 07 23:42:47 UTC 2026","41","HabitNuCoachPortalSuite","Scheduler","CoachesPortal.Schedular","CoachesPortal.Schedular","validateInteractionEntries_Interaction_Type","test1 > Given I am logged in as coach, verify group interaction entries are made automatically when meet is attended for min of 1min > Validating field==Interaction_Typ","test1 > Given I am logged in as coach, verify group interaction entries are made automatically when meet is attended for min of 1min > Validating field==Interaction_Typ"
"broken","Sun Jun 07 23:59:18 UTC 2026","Sun Jun 07 23:59:50 UTC 2026","31687","HabitNuCoachPortalSuite","LogClassSession","CoachesPortal.LogClassSession","CoachesPortal.LogClassSession","verifyAddWeightAttendanceDateAndPAAndLFAndMUPIn_Person","Verify coach can save log class session by adding weight,attendance date and PA And LF And MUP In Person Mode",""
"passed","Sun Jun 07 23:23:16 UTC 2026","Sun Jun 07 23:23:19 UTC 2026","2703","HabitNuCoachPortalSuite","HabitNuCoachesPortalRegression-PartB","CoachesPortal.PatientDetails.PatientProfileDemographic","CoachesPortal.PatientDetails.PatientProfileDemographic","updateAndVerifyBaselineHealthData","test1 > Given I am logged in as customer admin, updateAndVerifyBaselineHealthData","test1 > Given I am logged in as customer admin, updateAndVerifyBaselineHealthData"
"passed","Sun Jun 07 23:08:05 UTC 2026","Sun Jun 07 23:08:07 UTC 2026","2165","HabitNuCoachPortalSuite","HabitNuCoachesPortalRegression-PartA","CoachesPortal.DiscussionForumPage","CoachesPortal.DiscussionForumPage","case7","test1 > Given I am logged in as admin, I am validating Add subject and describe- success post.","test1 > Given I am logged in as admin, I am validating Add subject and describe- success post."
"passed","Sun Jun 07 23:00:29 UTC 2026","Sun Jun 07 23:00:35 UTC 2026","6389","HabitNuCoachPortalSuite","HabitNuCoachesPortalRegression-PartA","CoachesPortal.LearnModule.Learn","CoachesPortal.LearnModule.Learn","pushNotifications","verify push  notification settings",""
"passed","Sun Jun 07 23:09:14 UTC 2026","Sun Jun 07 23:09:30 UTC 2026","15280","HabitNuCoachPortalSuite","HabitNuCoachesPortalRegression-PartA","CoachesPortal.DiscussionForumPage","CoachesPortal.DiscussionForumPage","case17","test1 > Given I am logged in as admin, I am validating Upload more than 5 files.- Error.","test1 > Given I am logged in as admin, I am validating Upload more than 5 files.- Error"
"passed","Sun Jun 07 23:17:32 UTC 2026","Sun Jun 07 23:17:33 UTC 2026","1112","HabitNuCoachPortalSuite","HabitNuCoachesPortalRegression-PartB","CoachesPortal.OnsiteUsersListDashboard","CoachesPortal.OnsiteUsersListDashboard","case15","test1 > Given I am logged in as coach, Click on a user and check whether its navigating to the dashboard.","test1 > Given I am logged in as coach, Click on a user and check whether its navigating to the dashboard."
"broken","Sun Jun 07 23:32:38 UTC 2026","Sun Jun 07 23:33:18 UTC 2026","40006","HabitNuCoachPortalSuite","UserActivities","CoachesPortal.PatientDetails.UserActivitiesBloodSugar","CoachesPortal.PatientDetails.UserActivitiesBloodSugar","verifyAndAddYesterdayBloodSugar","Verify user as Ethelyn in useractivities tab and add past date blood sugar",""
"skipped","Mon Jun 08 00:12:18 UTC 2026","Mon Jun 08 00:12:18 UTC 2026","1","HabitNuCoachPortalSuite","UserDashboard","CoachesPortal.PatientDashboard","CoachesPortal.PatientDashboard","Last_BeforeMeal_Blood_Sugar","Physical Activity History section",""
"passed","Sun Jun 07 23:48:07 UTC 2026","Sun Jun 07 23:48:09 UTC 2026","1550","HabitNuCoachPortalSuite","Paywal","CoachesPortal.payWall","CoachesPortal.payWall","testFilterTransactions","COP-T400: Validate all transaction filters",""
"passed","Sun Jun 07 23:48:12 UTC 2026","Sun Jun 07 23:48:13 UTC 2026","1554","HabitNuCoachPortalSuite","Paywal","CoachesPortal.payWall","CoachesPortal.payWall","testFilterTransactions","COP-T400: Validate all transaction filters",""
"broken","Sun Jun 07 23:59:51 UTC 2026","Mon Jun 08 00:00:39 UTC 2026","47357","HabitNuCoachPortalSuite","LogClassSession","CoachesPortal.LogClassSession","CoachesPortal.LogClassSession","verifylogClassDataonDashboard_WeightHistory","Given coach adds weight for user ABC via log class session, when this user dashboard is opened,  then this weight data should be plotted on weight history graph",""
"passed","Sun Jun 07 22:50:46 UTC 2026","Sun Jun 07 22:50:48 UTC 2026","2037","HabitNuCoachPortalSuite","HabitNuCoachesPortalRegression-PartA","CoachesPortal.LearnModule.Learn","CoachesPortal.LearnModule.Learn","checkChapterAddition","verify course addition",""
"passed","Sun Jun 07 23:28:19 UTC 2026","Sun Jun 07 23:28:21 UTC 2026","2041","HabitNuCoachPortalSuite","HabitNuCoachesPortalRegression-PartB","CoachesPortal.PatientDetails.PatientProfileDemographic","CoachesPortal.PatientDetails.PatientProfileDemographic","updateAndVerifyCallDetails","test1 > Given I am logged in as coach, updateAndVerifyCallDetails","test1 > Given I am logged in as coach, updateAndVerifyCallDetails"
"passed","Mon Jun 08 00:05:16 UTC 2026","Mon Jun 08 00:05:16 UTC 2026","115","HabitNuCoachPortalSuite","Milestones","CoachesPortal.VAMilestone","CoachesPortal.VAMilestone","test6_validating_Headers","And user is validating headers",""
"passed","Sun Jun 07 23:19:18 UTC 2026","Sun Jun 07 23:19:21 UTC 2026","3067","HabitNuCoachPortalSuite","HabitNuCoachesPortalRegression-PartB","CoachesPortal.OnsiteUsersListDashboard","CoachesPortal.OnsiteUsersListDashboard","case44","test1 > Given I am logged in as customerAdmin, validate disenrolled date on list page","test1 > Given I am logged in as customerAdmin, validate disenrolled date on list page"
"passed","Sun Jun 07 23:19:14 UTC 2026","Sun Jun 07 23:19:18 UTC 2026","3666","HabitNuCoachPortalSuite","HabitNuCoachesPortalRegression-PartB","CoachesPortal.OnsiteUsersListDashboard","CoachesPortal.OnsiteUsersListDashboard","case43","test1 > Given I am logged in as customerAdmin, disenroll user validation - on DISENROLL check","test1 > Given I am logged in as customerAdmin, disenroll user validation - on DISENROLL check"
"passed","Mon Jun 08 00:15:27 UTC 2026","Mon Jun 08 00:15:31 UTC 2026","3610","HabitNuCoachPortalSuite","ParticipationsTable","CoachesPortal.participations","CoachesPortal.participations","test9_searchuser","And user is able to search the user with user email",""
"passed","Sun Jun 07 23:43:46 UTC 2026","Sun Jun 07 23:43:50 UTC 2026","3551","HabitNuCoachPortalSuite","Scheduler","CoachesPortal.Schedular","CoachesPortal.Schedular","validateCreatedMeetingAvailable_for_user","test1 > Given I am logged in as admin, verify meet created by system user is available for users","test1 > Given I am logged in as admin, verify meet created by system user is available for users"
"broken","Mon Jun 08 00:04:20 UTC 2026","Mon Jun 08 00:04:45 UTC 2026","25166","HabitNuCoachPortalSuite","Milestones","CoachesPortal.BPSMMilestone","CoachesPortal.BPSMMilestone","test10_groupinteraction","And user is able to add group interaction with seminar name",""
"passed","Sun Jun 07 23:22:30 UTC 2026","Sun Jun 07 23:22:35 UTC 2026","5333","HabitNuCoachPortalSuite","HabitNuCoachesPortalRegression-PartB","CoachesPortal.PatientDetails.PatientProfileDemographic","CoachesPortal.PatientDetails.PatientProfileDemographic","verifyConfirmed_By_CoachNo","test1 > Given I am logged in as customer admin, verifyConfirmed_By_Coach by clicking on No","test1 > Given I am logged in as customer admin, verifyConfirmed_By_Coach by clicking on No"
"passed","Sun Jun 07 23:29:30 UTC 2026","Sun Jun 07 23:29:30 UTC 2026","7","HabitNuCoachPortalSuite","HabitNuCoachesPortalRegression-PartB","CoachesPortal.PatientDetails.PatientProfileDemographic","CoachesPortal.PatientDetails.PatientProfileDemographic","updateFirstName","test1 > Given I am logged in as coach, First Name","test1 > Given I am logged in as coach, First Name"
"broken","Mon Jun 08 00:25:14 UTC 2026","Mon Jun 08 00:25:35 UTC 2026","21548","HabitNuCoachPortalSuite","DifferentTypeOfDashboards","CoachesPortal.CohortLevelDashboard.ParticipantsProgressTracker","CoachesPortal.CohortLevelDashboard.ParticipantsProgressTracker","test10_Createmeeting","And User is able to navigating to schedular and creating a meeting",""
"passed","Sun Jun 07 23:08:29 UTC 2026","Sun Jun 07 23:08:38 UTC 2026","9339","HabitNuCoachPortalSuite","HabitNuCoachesPortalRegression-PartA","CoachesPortal.DiscussionForumPage","CoachesPortal.DiscussionForumPage","case13","test1 > Given I am logged in as admin, I am validating File upload- description only- success.","test1 > Given I am logged in as admin, I am validating File upload- description only- success."
"passed","Sun Jun 07 22:55:12 UTC 2026","Sun Jun 07 22:55:13 UTC 2026","1220","HabitNuCoachPortalSuite","HabitNuCoachesPortalRegression-PartA","CoachesPortal.LearnModule.Learn","CoachesPortal.LearnModule.Learn","cloneCourse","verify cloning of course",""
"broken","Sun Jun 07 23:39:27 UTC 2026","Sun Jun 07 23:39:48 UTC 2026","20409","HabitNuCoachPortalSuite","Scheduler","CoachesPortal.Schedular","CoachesPortal.Schedular","cancelMeeting","test8 >  Given I am logged in as coach, and on time slot page, When I click on created appointment, Then I should see Cancel meeting button, When I click on it, Then Should be able to cancel it","coach login - User should be able to cancel appointment"
"passed","Sun Jun 07 23:00:42 UTC 2026","Sun Jun 07 23:00:43 UTC 2026","1086","HabitNuCoachPortalSuite","HabitNuCoachesPortalRegression-PartA","CoachesPortal.LearnModule.CustomerAdminCourseDocument","CoachesPortal.LearnModule.CustomerAdminCourseDocument","verifyAddTitleLinkRequired","Add Title Required",""
"failed","Sun Jun 07 23:26:36 UTC 2026","Sun Jun 07 23:27:16 UTC 2026","39544","HabitNuCoachPortalSuite","HabitNuCoachesPortalRegression-PartB","CoachesPortal.PatientDetails.PatientProfileDemographic","CoachesPortal.PatientDetails.PatientProfileDemographic","deleteEthnicityAndRace","test1 > Given I am logged in as customer admin, Ethnicity and Race","test1 > Given I am logged in as customer admin, Ethnicity and Race"
"passed","Sun Jun 07 23:47:55 UTC 2026","Sun Jun 07 23:47:57 UTC 2026","1921","HabitNuCoachPortalSuite","Paywal","CoachesPortal.payWall","CoachesPortal.payWall","testViewAllTransactionsPage","COP-T400: View all transactions and validate page layout",""
"broken","Sun Jun 07 23:03:29 UTC 2026","Sun Jun 07 23:03:49 UTC 2026","20432","HabitNuCoachPortalSuite","HabitNuCoachesPortalRegression-PartA","CoachesPortal.DiscussionForumPage","CoachesPortal.DiscussionForumPage","case1","test1 > Given I am logged in as customerAdmin, I am validating Coaches - Discussions module","test1 > Given I am logged in as customerAdmin, I am validating - Discussions module"
"passed","Sun Jun 07 23:56:44 UTC 2026","Sun Jun 07 23:56:44 UTC 2026","177","HabitNuCoachPortalSuite","LoginPageCases","CoachesPortal.LoginPageCases","CoachesPortal.LoginPageCases","case14","Coaches Portal Feedback URL -> Add subject-> Keep other fields empty -> Click on Submit Feedback",""
"passed","Mon Jun 08 00:09:51 UTC 2026","Mon Jun 08 00:09:52 UTC 2026","1198","HabitNuCoachPortalSuite","UserDashboard","CoachesPortal.PatientDashboard","CoachesPortal.PatientDashboard","Weight_History","test3 > Given I am logged in as admin, wehn I am on adding weight from user Dashboard, Then I should be able to see added weight on the weight history graph","admin login - user/patient/partcipant dashboard validation"
"passed","Sun Jun 07 23:19:25 UTC 2026","Sun Jun 07 23:19:25 UTC 2026","734","HabitNuCoachPortalSuite","HabitNuCoachesPortalRegression-PartB","CoachesPortal.OnsiteUsersListDashboard","CoachesPortal.OnsiteUsersListDashboard","case48","test1 > Given I am logged in as customerAdmin, enroll user but click - N0","test1 > Given I am logged in as customerAdmin, enroll user but click - N0"
"passed","Mon Jun 08 00:18:15 UTC 2026","Mon Jun 08 00:18:15 UTC 2026","44","HabitNuCoachPortalSuite","DifferentTypeOfDashboards","CoachesPortal.CohortLevelDashboard.DSMEDashboardCoachesPortal","CoachesPortal.CohortLevelDashboard.DSMEDashboardCoachesPortal","test18_verifyWeightLossByPatientsWithallPosibleActions","Verify Weight Loss by Patients dropdown card with possible options listed",""
"passed","Sun Jun 07 23:01:08 UTC 2026","Sun Jun 07 23:01:11 UTC 2026","3746","HabitNuCoachPortalSuite","HabitNuCoachesPortalRegression-PartA","CoachesPortal.LearnModule.CustomerAdminCourseDocument","CoachesPortal.LearnModule.CustomerAdminCourseDocument","verifyAddDocumentTitleRequired","Add Title Required",""
"passed","Mon Jun 08 00:04:09 UTC 2026","Mon Jun 08 00:04:09 UTC 2026","193","HabitNuCoachPortalSuite","Milestones","CoachesPortal.BPSMMilestone","CoachesPortal.BPSMMilestone","test4_navigating_milestone","And user is navigating to milestone",""
"passed","Sun Jun 07 23:57:19 UTC 2026","Sun Jun 07 23:57:20 UTC 2026","1229","HabitNuCoachPortalSuite","LogClassSession","CoachesPortal.LogClassSession","CoachesPortal.LogClassSession","validateLogClassSession_Non_Availibility_forDSME","Verify Log Class session is unavailable for programDeliveryType==Onsite and programType == DSME ",""
"passed","Mon Jun 08 00:03:32 UTC 2026","Mon Jun 08 00:03:44 UTC 2026","11186","HabitNuCoachPortalSuite","GeneralContent","CoachesPortal.generalContent_WEb_Coaches","CoachesPortal.generalContent_WEb_Coaches","deleteGroup","Deleting Groups",""
"passed","Mon Jun 08 00:04:09 UTC 2026","Mon Jun 08 00:04:12 UTC 2026","2786","HabitNuCoachPortalSuite","Milestones","CoachesPortal.BPSMMilestone","CoachesPortal.BPSMMilestone","test5_validating_Headers","And user is validating headers",""
"skipped","Mon Jun 08 00:12:18 UTC 2026","Mon Jun 08 00:12:18 UTC 2026","0","HabitNuCoachPortalSuite","UserDashboard","CoachesPortal.PatientDashboard","CoachesPortal.PatientDashboard","videoActivity","videoActivity",""
"passed","Sun Jun 07 23:55:28 UTC 2026","Sun Jun 07 23:55:28 UTC 2026","427","HabitNuCoachPortalSuite","HabitNuCoachesPortalRegression-PartC","CoachesPortal.PatientDetails.PatientProfileHealthProviders","CoachesPortal.PatientDetails.PatientProfileHealthProviders","editHealthProvider","edit HealthProvider for Ethylen",""
"passed","Mon Jun 08 00:02:09 UTC 2026","Mon Jun 08 00:02:09 UTC 2026","790","HabitNuCoachPortalSuite","GroupDPPClassPlanner","CoachesPortal.ClassPlanner","CoachesPortal.ClassPlanner","case34","validate user is able to view classPlanner item==document",""
"broken","Sun Jun 07 23:56:01 UTC 2026","Sun Jun 07 23:56:02 UTC 2026","1266","HabitNuCoachPortalSuite","LoginPageCases","CoachesPortal.LoginPageCases","CoachesPortal.LoginPageCases","testRestpasswordCase3","validate users be able to reset password, while doing so entering passwords that do not match with previous ones",""
"passed","Mon Jun 08 00:12:28 UTC 2026","Mon Jun 08 00:12:29 UTC 2026","1132","HabitNuCoachPortalSuite","FeatureFlags","CoachesPortal.FeatureFlags","CoachesPortal.FeatureFlags","test9_disableglobally","And user is able to disable the flag globally",""
"passed","Sun Jun 07 23:23:19 UTC 2026","Sun Jun 07 23:23:19 UTC 2026","47","HabitNuCoachPortalSuite","HabitNuCoachesPortalRegression-PartB","CoachesPortal.PatientDetails.PatientProfileDemographic","CoachesPortal.PatientDetails.PatientProfileDemographic","verifyCDCdetails","test1 > Given I am logged in as customer admin, verifyCDCdetails","test1 > Given I am logged in as customer admin, verifyCDCdetails"
"passed","Sun Jun 07 23:53:59 UTC 2026","Sun Jun 07 23:53:59 UTC 2026","482","HabitNuCoachPortalSuite","HabitNuCoachesPortalRegression-PartC","CoachesPortal.PatientDetails.PatientProfileImmunizations","CoachesPortal.PatientDetails.PatientProfileImmunizations","deleteImmunization","delete immunization for Ethylen",""
"broken","Sun Jun 07 23:34:02 UTC 2026","Sun Jun 07 23:34:40 UTC 2026","38732","HabitNuCoachPortalSuite","UserActivities","CoachesPortal.PatientDetails.UserActivitiesBloodSugar","CoachesPortal.PatientDetails.UserActivitiesBloodSugar","verifyBloodSugarInWebPortal","Verify login to webapp and data reflected in bloodsugar section",""
"passed","Sun Jun 07 23:55:01 UTC 2026","Sun Jun 07 23:55:27 UTC 2026","25545","HabitNuCoachPortalSuite","HabitNuCoachesPortalRegression-PartC","CoachesPortal.PatientDetails.PatientProfileHealthProviders","CoachesPortal.PatientDetails.PatientProfileHealthProviders","verifyAddHealthProviderDetails","Add HealthProvider of Ethlen",""
"passed","Sun Jun 07 23:48:15 UTC 2026","Sun Jun 07 23:48:17 UTC 2026","2042","HabitNuCoachPortalSuite","Paywal","CoachesPortal.payWall","CoachesPortal.payWall","testFilterTransactions","COP-T400: Validate all transaction filters",""
"passed","Sun Jun 07 23:39:48 UTC 2026","Sun Jun 07 23:41:32 UTC 2026","104144","HabitNuCoachPortalSuite","Scheduler","CoachesPortal.Schedular","CoachesPortal.Schedular","validateCreatedMeetingAvailable_for_user","test1 > Given I am logged in as coach, verify meet created by system user is available for users","test1 > Given I am logged in as coach, verify meet created by system user is available for users"
"passed","Mon Jun 08 00:03:49 UTC 2026","Mon Jun 08 00:03:59 UTC 2026","10125","HabitNuCoachPortalSuite","GeneralContent","CoachesPortal.generalContent_WEb_Coaches","CoachesPortal.generalContent_WEb_Coaches","verifyGroupDeletion","Verify Group Deletion",""
"passed","Mon Jun 08 00:24:02 UTC 2026","Mon Jun 08 00:24:43 UTC 2026","40890","HabitNuCoachPortalSuite","DifferentTypeOfDashboards","CoachesPortal.CohortLevelDashboard.ParticipantsProgressTracker","CoachesPortal.CohortLevelDashboard.ParticipantsProgressTracker","test8_Session","And user is able to increase the session count",""
"passed","Sun Jun 07 23:17:51 UTC 2026","Sun Jun 07 23:17:51 UTC 2026","177","HabitNuCoachPortalSuite","HabitNuCoachesPortalRegression-PartB","CoachesPortal.OnsiteUsersListDashboard","CoachesPortal.OnsiteUsersListDashboard","case22","test1 > Given I am logged in as coach, Actions- Request form survey and Reset password should be displayed.","test1 > Given I am logged in as coach, Actions- Request form survey and Reset password should be displayed."
"passed","Mon Jun 08 00:03:10 UTC 2026","Mon Jun 08 00:03:18 UTC 2026","8296","HabitNuCoachPortalSuite","GeneralContent","CoachesPortal.generalContent_WEb_Coaches","CoachesPortal.generalContent_WEb_Coaches","case10","Main Page",""
"passed","Mon Jun 08 00:12:27 UTC 2026","Mon Jun 08 00:12:27 UTC 2026","607","HabitNuCoachPortalSuite","FeatureFlags","CoachesPortal.FeatureFlags","CoachesPortal.FeatureFlags","test6_validatingfeatureflags","And user is validating the Feature Flags section ",""
"broken","Sun Jun 07 23:53:18 UTC 2026","Sun Jun 07 23:53:20 UTC 2026","2178","HabitNuCoachPortalSuite","HabitNuCoachesPortalRegression-PartC","CoachesPortal.PatientDetails.PatientProfilePreAuth","CoachesPortal.PatientDetails.PatientProfilePreAuth","deletePerAuth","delete PreAuth for Ethylen",""
"passed","Mon Jun 08 00:18:15 UTC 2026","Mon Jun 08 00:18:15 UTC 2026","17","HabitNuCoachPortalSuite","DifferentTypeOfDashboards","CoachesPortal.CohortLevelDashboard.DSMEDashboardCoachesPortal","CoachesPortal.CohortLevelDashboard.DSMEDashboardCoachesPortal","test16_verifyBloodSugarByPatientsWithCalenderDefaultWeek","Verify Blood Sugar by Patients with Calender as week selection as current week by default",""
"broken","Sun Jun 07 23:53:20 UTC 2026","Sun Jun 07 23:53:21 UTC 2026","1162","HabitNuCoachPortalSuite","HabitNuCoachesPortalRegression-PartC","CoachesPortal.PatientDetails.PatientProfilePreAuth","CoachesPortal.PatientDetails.PatientProfilePreAuth","editPreAuth","edit PreAuth for Ethylen",""
