"Status","Start Time","Stop Time","Duration in ms","Parent Suite","Suite","Sub Suite","Test Class","Test Method","Name","Description"
"passed","Wed Nov 19 07:57:42 UTC 2025","Wed Nov 19 07:57:55 UTC 2025","12610","HabitNuWebAppSuite","HabitNuWebAppRegression","WebAppSanityPackage.foodGrouping","WebAppSanityPackage.foodGrouping","case13","Add food item to Lunch section",""
"passed","Wed Nov 19 07:52:09 UTC 2025","Wed Nov 19 07:52:09 UTC 2025","360","HabitNuWebAppSuite","HabitNuWebAppRegression","WebAppSanityPackage.BloodPressure_Section","WebAppSanityPackage.BloodPressure_Section","case5_setNegativeDiastolicTarget","[MAIN CARD] Verify Set Target validation error when entering negative diastolic target value",""
"passed","Wed Nov 19 08:10:48 UTC 2025","Wed Nov 19 08:10:48 UTC 2025","306","HabitNuWebAppSuite","HabitNuWebAppRegression","WebAppSanityPackage.Login","WebAppSanityPackage.Login","testLoginWithEmptyCredentials","Verify validation errors for empty email and password fields",""
"passed","Wed Nov 19 08:04:11 UTC 2025","Wed Nov 19 08:04:18 UTC 2025","6613","HabitNuWebAppSuite","HabitNuWebAppRegression","WebAppSanityPackage.habiRecipe","WebAppSanityPackage.habiRecipe","case14_SetDietTypePreferences","Diet type",""
"passed","Wed Nov 19 08:20:02 UTC 2025","Wed Nov 19 08:20:02 UTC 2025","287","HabitNuWebAppSuite","HabitNuWebAppRegression","WebAppSanityPackage.Sugar_Section","WebAppSanityPackage.Sugar_Section","lowTargetWithBlankValue","edit -  low BS cannot be blank",""
"passed","Wed Nov 19 08:26:46 UTC 2025","Wed Nov 19 08:26:50 UTC 2025","3292","HabitNuWebAppSuite","HabitNuWebAppRegression","WebAppSanityPackage.WebAppClass","WebAppSanityPackage.WebAppClass","case19","Add/Edit Food - without optional fields (Should successfully update and show the updated values)",""
"broken","Wed Nov 19 08:05:17 UTC 2025","Wed Nov 19 08:05:29 UTC 2025","12393","HabitNuWebAppSuite","HabitNuWebAppRegression","WebAppSanityPackage.habiRecipe","WebAppSanityPackage.habiRecipe","case20_LogMacronutrientRecipe","Selecting the  Generated Recipe of Macronutrient considerations and Logging It",""
"passed","Wed Nov 19 08:18:42 UTC 2025","Wed Nov 19 08:18:43 UTC 2025","1326","HabitNuWebAppSuite","HabitNuWebAppRegression","WebAppSanityPackage.ProfileAppClass","WebAppSanityPackage.ProfileAppClass","case92","Sign out and validate Terms of Use link visible",""
"passed","Wed Nov 19 08:16:03 UTC 2025","Wed Nov 19 08:16:14 UTC 2025","10410","HabitNuWebAppSuite","HabitNuWebAppRegression","WebAppSanityPackage.Myrecipes","WebAppSanityPackage.Myrecipes","test19_deleteallrecipes","Then user is able to delete all the recipes and validate no custom recipes",""
"passed","Wed Nov 19 08:00:52 UTC 2025","Wed Nov 19 08:01:09 UTC 2025","17506","HabitNuWebAppSuite","HabitNuWebAppRegression","WebAppSanityPackage.HabitsAppClass","WebAppSanityPackage.HabitsAppClass","case5","Click on Add button it should take to create the habit page and create the habit",""
"passed","Wed Nov 19 07:52:52 UTC 2025","Wed Nov 19 07:53:03 UTC 2025","10496","HabitNuWebAppSuite","HabitNuWebAppRegression","WebAppSanityPackage.ChatandNotificationsClass","WebAppSanityPackage.ChatandNotificationsClass","case8","Click on It’s time to update your habit tracker and it will take you to habit tracker",""
"passed","Wed Nov 19 08:18:21 UTC 2025","Wed Nov 19 08:18:21 UTC 2025","288","HabitNuWebAppSuite","HabitNuWebAppRegression","WebAppSanityPackage.ProfileAppClass","WebAppSanityPackage.ProfileAppClass","case78","Click On change password section",""
"passed","Wed Nov 19 07:52:34 UTC 2025","Wed Nov 19 07:52:34 UTC 2025","419","HabitNuWebAppSuite","HabitNuWebAppRegression","WebAppSanityPackage.BloodPressure_Section","WebAppSanityPackage.BloodPressure_Section","case25_verifyDiastolicMaxValueValidation","[MODAL] Verify diastolic field maximum value validation (max=200) with extremely large input",""
"passed","Wed Nov 19 08:26:03 UTC 2025","Wed Nov 19 08:26:04 UTC 2025","1113","HabitNuWebAppSuite","HabitNuWebAppRegression","WebAppSanityPackage.WebAppClass","WebAppSanityPackage.WebAppClass","case10","Click on View Food Log, and add food - Lunch via frequent section",""
"passed","Wed Nov 19 08:18:37 UTC 2025","Wed Nov 19 08:18:37 UTC 2025","409","HabitNuWebAppSuite","HabitNuWebAppRegression","WebAppSanityPackage.ProfileAppClass","WebAppSanityPackage.ProfileAppClass","testToggleNotifications","Toggle notifications On/Off and validate state change",""
"passed","Wed Nov 19 08:01:25 UTC 2025","Wed Nov 19 08:01:28 UTC 2025","2772","HabitNuWebAppSuite","HabitNuWebAppRegression","WebAppSanityPackage.HabitsAppClass","WebAppSanityPackage.HabitsAppClass","case13","Click on Archive and add the habit to archive",""
"passed","Wed Nov 19 08:19:07 UTC 2025","Wed Nov 19 08:19:10 UTC 2025","3358","HabitNuWebAppSuite","HabitNuWebAppRegression","WebAppSanityPackage.recipeBuilder","WebAppSanityPackage.recipeBuilder","verifyFavoriteRecipesByRecipeCal","verify favorite food list under Food > by Recipe Calories",""
"passed","Wed Nov 19 08:27:00 UTC 2025","Wed Nov 19 08:27:01 UTC 2025","1238","HabitNuWebAppSuite","HabitNuWebAppRegression","WebAppSanityPackage.WebAppClass","WebAppSanityPackage.WebAppClass","case24","Custom food delete",""
"passed","Wed Nov 19 08:22:59 UTC 2025","Wed Nov 19 08:23:02 UTC 2025","2809","HabitNuWebAppSuite","HabitNuWebAppRegression","WebAppSanityPackage.TobaccoSection","WebAppSanityPackage.TobaccoSection","case18_graphCase6","Load web app -> Click on Health section -> Tobacco section ->>It should verify all the values added in graph",""
"passed","Wed Nov 19 08:13:46 UTC 2025","Wed Nov 19 08:13:46 UTC 2025","276","HabitNuWebAppSuite","HabitNuWebAppRegression","WebAppSanityPackage.Medication","WebAppSanityPackage.Medication","case25","Before Food or After Food Selection",""
"passed","Wed Nov 19 08:18:50 UTC 2025","Wed Nov 19 08:18:50 UTC 2025","376","HabitNuWebAppSuite","HabitNuWebAppRegression","WebAppSanityPackage.recipeBuilder","WebAppSanityPackage.recipeBuilder","clickOnRecipeAndValidateRecipeFieldPage","Verify recipe page fields",""
"passed","Wed Nov 19 08:16:26 UTC 2025","Wed Nov 19 08:16:26 UTC 2025","228","HabitNuWebAppSuite","HabitNuWebAppRegression","WebAppSanityPackage.ProfileAppClass","WebAppSanityPackage.ProfileAppClass","editBasicInfo","Click 'Edit' on Basic information → enter edit mode",""
"passed","Wed Nov 19 08:23:49 UTC 2025","Wed Nov 19 08:24:10 UTC 2025","20411","HabitNuWebAppSuite","HabitNuWebAppRegression","WebAppSanityPackage.TobaccoSection","WebAppSanityPackage.TobaccoSection","case23","verify blank data in Tobacco section",""
"passed","Wed Nov 19 08:17:03 UTC 2025","Wed Nov 19 08:17:03 UTC 2025","278","HabitNuWebAppSuite","HabitNuWebAppRegression","WebAppSanityPackage.ProfileAppClass","WebAppSanityPackage.ProfileAppClass","keepZipcode4digitsAndSave","Keep Zipcode with 4 numbers and save → Should show validation error",""
"passed","Wed Nov 19 07:54:49 UTC 2025","Wed Nov 19 07:54:50 UTC 2025","336","HabitNuWebAppSuite","HabitNuWebAppRegression","WebAppSanityPackage.ExerciseSection","WebAppSanityPackage.ExerciseSection","setNegativeTarget","enter negative target values and assert messages",""
"passed","Wed Nov 19 08:22:52 UTC 2025","Wed Nov 19 08:22:55 UTC 2025","2673","HabitNuWebAppSuite","HabitNuWebAppRegression","WebAppSanityPackage.TobaccoSection","WebAppSanityPackage.TobaccoSection","case16_graphcase2","Load web app -> Click on Health section -> Weight section -> click on three lines -> Click on graph -> click on filter as last month",""
"passed","Wed Nov 19 08:18:50 UTC 2025","Wed Nov 19 08:18:52 UTC 2025","1317","HabitNuWebAppSuite","HabitNuWebAppRegression","WebAppSanityPackage.recipeBuilder","WebAppSanityPackage.recipeBuilder","searchForRecipe","Verify recipe loads upon searching and validate them",""
"passed","Wed Nov 19 08:06:25 UTC 2025","Wed Nov 19 08:06:26 UTC 2025","1343","HabitNuWebAppSuite","HabitNuWebAppRegression","WebAppSanityPackage.habiRecipe","WebAppSanityPackage.habiRecipe","case25_SelectMicronutrientRecipeFromList","Selecting the Generated Recipe and Logging It",""
"passed","Wed Nov 19 08:20:01 UTC 2025","Wed Nov 19 08:20:02 UTC 2025","295","HabitNuWebAppSuite","HabitNuWebAppRegression","WebAppSanityPackage.Sugar_Section","WebAppSanityPackage.Sugar_Section","highTargetWithBlankValue","edit -  high BS cannot be blank",""
"passed","Wed Nov 19 08:17:51 UTC 2025","Wed Nov 19 08:17:54 UTC 2025","3125","HabitNuWebAppSuite","HabitNuWebAppRegression","WebAppSanityPackage.ProfileAppClass","WebAppSanityPackage.ProfileAppClass","case72","Upload the file type and upload",""
"passed","Wed Nov 19 08:12:00 UTC 2025","Wed Nov 19 08:12:05 UTC 2025","5239","HabitNuWebAppSuite","HabitNuWebAppRegression","WebAppSanityPackage.Medication","WebAppSanityPackage.Medication","case1","Main Page - Navigate to Medications Section",""
"passed","Wed Nov 19 08:13:44 UTC 2025","Wed Nov 19 08:13:45 UTC 2025","174","HabitNuWebAppSuite","HabitNuWebAppRegression","WebAppSanityPackage.Medication","WebAppSanityPackage.Medication","case21","Adding Strength",""
"passed","Wed Nov 19 08:16:48 UTC 2025","Wed Nov 19 08:16:49 UTC 2025","909","HabitNuWebAppSuite","HabitNuWebAppRegression","WebAppSanityPackage.ProfileAppClass","WebAppSanityPackage.ProfileAppClass","case19","Click on Basic information and validate the presence of expected fields and absence of unexpected fields",""
"passed","Wed Nov 19 08:24:28 UTC 2025","Wed Nov 19 08:24:32 UTC 2025","3751","HabitNuWebAppSuite","HabitNuWebAppRegression","WebAppSanityPackage.waterLog","WebAppSanityPackage.waterLog","case2","8 oz Water Log",""
"passed","Wed Nov 19 08:13:45 UTC 2025","Wed Nov 19 08:13:46 UTC 2025","614","HabitNuWebAppSuite","HabitNuWebAppRegression","WebAppSanityPackage.Medication","WebAppSanityPackage.Medication","case24","Coach- Users- Medication- Creating new Medications details like selecting Dosage",""
"passed","Wed Nov 19 08:18:22 UTC 2025","Wed Nov 19 08:18:23 UTC 2025","1613","HabitNuWebAppSuite","HabitNuWebAppRegression","WebAppSanityPackage.ProfileAppClass","WebAppSanityPackage.ProfileAppClass","case81","Enter new password only and click Change Password",""
"passed","Wed Nov 19 08:16:43 UTC 2025","Wed Nov 19 08:16:47 UTC 2025","3627","HabitNuWebAppSuite","HabitNuWebAppRegression","WebAppSanityPackage.ProfileAppClass","WebAppSanityPackage.ProfileAppClass","setTimeZoneEasternAndSave","Select Timezone as 'Eastern' and save → should update successfully",""
"passed","Wed Nov 19 07:54:27 UTC 2025","Wed Nov 19 07:54:28 UTC 2025","705","HabitNuWebAppSuite","HabitNuWebAppRegression","WebAppSanityPackage.DiscussAppClass","WebAppSanityPackage.DiscussAppClass","case19","Click on + button of memebers ( it should list all memebers)",""
"failed","Wed Nov 19 08:11:37 UTC 2025","Wed Nov 19 08:11:43 UTC 2025","6182","HabitNuWebAppSuite","HabitNuWebAppRegression","WebAppSanityPackage.Login","WebAppSanityPackage.Login","testFullPasswordResetFlow","E2E Password Reset Flow (T-17, T-20, T-21, T-22, T-23)",""
"passed","Wed Nov 19 08:21:58 UTC 2025","Wed Nov 19 08:22:00 UTC 2025","2037","HabitNuWebAppSuite","HabitNuWebAppRegression","WebAppSanityPackage.Sugar_Section","WebAppSanityPackage.Sugar_Section","case19","verify decimal data in Blood Sugar section After meal",""
"passed","Wed Nov 19 08:21:15 UTC 2025","Wed Nov 19 08:21:17 UTC 2025","2186","HabitNuWebAppSuite","HabitNuWebAppRegression","WebAppSanityPackage.Sugar_Section","WebAppSanityPackage.Sugar_Section","case11","verify added today data in Blood Sugar section as Before Meal",""
"broken","Wed Nov 19 08:18:30 UTC 2025","Wed Nov 19 08:18:34 UTC 2025","3420","HabitNuWebAppSuite","HabitNuWebAppRegression","WebAppSanityPackage.ProfileAppClass","WebAppSanityPackage.ProfileAppClass","case87","Switch back to English language and verify UI text",""
"passed","Wed Nov 19 08:20:09 UTC 2025","Wed Nov 19 08:20:09 UTC 2025","465","HabitNuWebAppSuite","HabitNuWebAppRegression","WebAppSanityPackage.Sugar_Section","WebAppSanityPackage.Sugar_Section","editTargetWithNegatives","edit -  negative target values and assert messages",""
"passed","Wed Nov 19 08:22:29 UTC 2025","Wed Nov 19 08:22:29 UTC 2025","347","HabitNuWebAppSuite","HabitNuWebAppRegression","WebAppSanityPackage.TobaccoSection","WebAppSanityPackage.TobaccoSection","case3_ditTargetWithBlankValue","edit -  tobacco cannot be blank",""
"passed","Wed Nov 19 08:23:13 UTC 2025","Wed Nov 19 08:23:15 UTC 2025","1825","HabitNuWebAppSuite","HabitNuWebAppRegression","WebAppSanityPackage.TobaccoSection","WebAppSanityPackage.TobaccoSection","case20_case51e","verify added today data in tobacco section ",""
"passed","Wed Nov 19 08:18:01 UTC 2025","Wed Nov 19 08:18:08 UTC 2025","6710","HabitNuWebAppSuite","HabitNuWebAppRegression","WebAppSanityPackage.ProfileAppClass","WebAppSanityPackage.ProfileAppClass","case74","Upload the file, name and file type and cancel",""
"passed","Wed Nov 19 08:03:31 UTC 2025","Wed Nov 19 08:03:56 UTC 2025","25278","HabitNuWebAppSuite","HabitNuWebAppRegression","WebAppSanityPackage.habiRecipe","WebAppSanityPackage.habiRecipe","case11_GenerateRecipeForFoodAllergies","Generate New Recipe for Food allergies",""
"passed","Wed Nov 19 07:54:30 UTC 2025","Wed Nov 19 07:54:33 UTC 2025","2341","HabitNuWebAppSuite","HabitNuWebAppRegression","WebAppSanityPackage.DiscussAppClass","WebAppSanityPackage.DiscussAppClass","case24","upload a message in my post",""
"passed","Wed Nov 19 08:00:10 UTC 2025","Wed Nov 19 08:00:21 UTC 2025","10328","HabitNuWebAppSuite","HabitNuWebAppRegression","WebAppSanityPackage.generalContentWEB","WebAppSanityPackage.generalContentWEB","case2","Fitness Videos Details",""
"passed","Wed Nov 19 08:01:54 UTC 2025","Wed Nov 19 08:01:55 UTC 2025","778","HabitNuWebAppSuite","HabitNuWebAppRegression","WebAppSanityPackage.HabitsAppClass","WebAppSanityPackage.HabitsAppClass","case22","double click on habit button and it should open the pop up",""
"passed","Wed Nov 19 08:03:23 UTC 2025","Wed Nov 19 08:03:24 UTC 2025","1358","HabitNuWebAppSuite","HabitNuWebAppRegression","WebAppSanityPackage.habiRecipe","WebAppSanityPackage.habiRecipe","case9_SelectExistingRecipeAndLog","Selecting the Generated Recipe and Logging It",""
"passed","Wed Nov 19 08:02:54 UTC 2025","Wed Nov 19 08:03:19 UTC 2025","25289","HabitNuWebAppSuite","HabitNuWebAppRegression","WebAppSanityPackage.habiRecipe","WebAppSanityPackage.habiRecipe","case7_GenerateRecipeForDietaryRestrictions","Generate New Recipe for Dietary restrictions",""
"passed","Wed Nov 19 08:11:01 UTC 2025","Wed Nov 19 08:11:01 UTC 2025","328","HabitNuWebAppSuite","HabitNuWebAppRegression","WebAppSanityPackage.Login","WebAppSanityPackage.Login","testLoginWithOnlyPassword","Verify error when only password is provided",""
"passed","Wed Nov 19 08:30:10 UTC 2025","Wed Nov 19 08:30:11 UTC 2025","827","HabitNuWebAppSuite","HabitNuWebAppRegression","WebAppSanityPackage.Weights_lbs_Kgs","WebAppSanityPackage.Weights_lbs_Kgs","case9","Dashboard weights match unit selected",""
"passed","Wed Nov 19 08:12:10 UTC 2025","Wed Nov 19 08:12:11 UTC 2025","585","HabitNuWebAppSuite","HabitNuWebAppRegression","WebAppSanityPackage.Medication","WebAppSanityPackage.Medication","case7","Creating new Medications details like selecting Frequency ",""
"passed","Wed Nov 19 08:06:17 UTC 2025","Wed Nov 19 08:06:25 UTC 2025","7552","HabitNuWebAppSuite","HabitNuWebAppRegression","WebAppSanityPackage.habiRecipe","WebAppSanityPackage.habiRecipe","case24_LogMicronutrientRecipe","Selecting the  Generated Recipe of Micronutrient considerations and Logging It",""
"passed","Wed Nov 19 08:10:52 UTC 2025","Wed Nov 19 08:10:53 UTC 2025","1454","HabitNuWebAppSuite","HabitNuWebAppRegression","WebAppSanityPackage.Login","WebAppSanityPackage.Login","testLoginWithInactiveUser","Verify error for an inactive user account",""
"passed","Wed Nov 19 07:52:08 UTC 2025","Wed Nov 19 07:52:09 UTC 2025","208","HabitNuWebAppSuite","HabitNuWebAppRegression","WebAppSanityPackage.BloodPressure_Section","WebAppSanityPackage.BloodPressure_Section","case3_verifyPlaceholderText","[MAIN CARD] Verify Set Target modal placeholder text displays correctly for systolic and diastolic input fields",""
"passed","Wed Nov 19 08:22:38 UTC 2025","Wed Nov 19 08:22:38 UTC 2025","260","HabitNuWebAppSuite","HabitNuWebAppRegression","WebAppSanityPackage.TobaccoSection","WebAppSanityPackage.TobaccoSection","case10_editTargetWithNegatives","edit -  negative target values and assert messages",""
"passed","Wed Nov 19 08:03:19 UTC 2025","Wed Nov 19 08:03:23 UTC 2025","4263","HabitNuWebAppSuite","HabitNuWebAppRegression","WebAppSanityPackage.habiRecipe","WebAppSanityPackage.habiRecipe","case8_LogDietaryRestrictionsRecipe","Selecting the  Generated Recipe of Dietary restrictions and Logging It",""
"passed","Wed Nov 19 08:29:14 UTC 2025","Wed Nov 19 08:29:14 UTC 2025","168","HabitNuWebAppSuite","HabitNuWebAppRegression","WebAppSanityPackage.WebAppHealth_WeightSection","WebAppSanityPackage.WebAppHealth_WeightSection","case10","Add data as 1000 weight",""
"passed","Wed Nov 19 08:26:04 UTC 2025","Wed Nov 19 08:26:06 UTC 2025","1832","HabitNuWebAppSuite","HabitNuWebAppRegression","WebAppSanityPackage.WebAppClass","WebAppSanityPackage.WebAppClass","case11","Click on View Food Log, and add food - Dinner",""
"passed","Wed Nov 19 07:55:23 UTC 2025","Wed Nov 19 07:55:23 UTC 2025","201","HabitNuWebAppSuite","HabitNuWebAppRegression","WebAppSanityPackage.ExerciseSection","WebAppSanityPackage.ExerciseSection","case10","verify others data",""
"passed","Wed Nov 19 08:18:21 UTC 2025","Wed Nov 19 08:18:22 UTC 2025","283","HabitNuWebAppSuite","HabitNuWebAppRegression","WebAppSanityPackage.ProfileAppClass","WebAppSanityPackage.ProfileAppClass","case80","Enter current password only and click Change Password",""
"passed","Wed Nov 19 08:21:58 UTC 2025","Wed Nov 19 08:21:58 UTC 2025","337","HabitNuWebAppSuite","HabitNuWebAppRegression","WebAppSanityPackage.Sugar_Section","WebAppSanityPackage.Sugar_Section","case18","verify blank data in Blood Sugar section After Meal",""
"passed","Wed Nov 19 07:55:12 UTC 2025","Wed Nov 19 07:55:12 UTC 2025","784","HabitNuWebAppSuite","HabitNuWebAppRegression","WebAppSanityPackage.ExerciseSection","WebAppSanityPackage.ExerciseSection","case5","add yesterday's Exercise n it should show last added data",""
"passed","Wed Nov 19 08:30:08 UTC 2025","Wed Nov 19 08:30:09 UTC 2025","342","HabitNuWebAppSuite","HabitNuWebAppRegression","WebAppSanityPackage.Weights_lbs_Kgs","WebAppSanityPackage.Weights_lbs_Kgs","setTargetMoreThan99","enter target more than 999 and assert messages",""
"passed","Wed Nov 19 07:52:51 UTC 2025","Wed Nov 19 07:52:52 UTC 2025","1456","HabitNuWebAppSuite","HabitNuWebAppRegression","WebAppSanityPackage.ChatandNotificationsClass","WebAppSanityPackage.ChatandNotificationsClass","case6","Click on notifications section",""
"passed","Wed Nov 19 07:53:57 UTC 2025","Wed Nov 19 07:54:03 UTC 2025","6090","HabitNuWebAppSuite","HabitNuWebAppRegression","WebAppSanityPackage.DiscussAppClass","WebAppSanityPackage.DiscussAppClass","case6","Upload only a file (should not allow)",""
"passed","Wed Nov 19 08:02:43 UTC 2025","Wed Nov 19 08:02:46 UTC 2025","2952","HabitNuWebAppSuite","HabitNuWebAppRegression","WebAppSanityPackage.habiRecipe","WebAppSanityPackage.habiRecipe","case4_SelectGeneratedRecipeAndLog","Selecting the Generated Recipe and Logging It",""
"passed","Wed Nov 19 08:02:16 UTC 2025","Wed Nov 19 08:02:25 UTC 2025","9421","HabitNuWebAppSuite","HabitNuWebAppRegression","WebAppSanityPackage.habiRecipe","WebAppSanityPackage.habiRecipe","case2_ValidateRecipePageAndGenerationFlows","Case 2 & 3: Validate Recipe Page and Generation Flows",""
"passed","Wed Nov 19 08:07:37 UTC 2025","Wed Nov 19 08:07:52 UTC 2025","14158","HabitNuWebAppSuite","HabitNuWebAppRegression","WebAppSanityPackage.habiRecipe","WebAppSanityPackage.habiRecipe","case31_SetAllPreferences"," All the Preferences",""
"passed","Wed Nov 19 08:18:59 UTC 2025","Wed Nov 19 08:19:00 UTC 2025","619","HabitNuWebAppSuite","HabitNuWebAppRegression","WebAppSanityPackage.recipeBuilder","WebAppSanityPackage.recipeBuilder","ClickViewFullRecipeToViewFullRecipe","verify 'View Full Recipe' recipe button",""
"passed","Wed Nov 19 08:28:44 UTC 2025","Wed Nov 19 08:28:45 UTC 2025","672","HabitNuWebAppSuite","HabitNuWebAppRegression","WebAppSanityPackage.WebAppHealth_WeightSection","WebAppSanityPackage.WebAppHealth_WeightSection","setNegativeTarget","enter negative target values and assert messages",""
"passed","Wed Nov 19 08:10:26 UTC 2025","Wed Nov 19 08:10:26 UTC 2025","369","HabitNuWebAppSuite","HabitNuWebAppRegression","WebAppSanityPackage.Hba1c","WebAppSanityPackage.Hba1c","editTargetWithNegatives","edit -  negative target values and assert messages",""
"passed","Wed Nov 19 08:27:03 UTC 2025","Wed Nov 19 08:27:03 UTC 2025","0","HabitNuWebAppSuite","HabitNuWebAppRegression","WebAppSanityPackage.WebAppClass","WebAppSanityPackage.WebAppClass","case29","Powered by Edaman link test case",""
"broken","Wed Nov 19 08:29:47 UTC 2025","Wed Nov 19 08:29:54 UTC 2025","6827","HabitNuWebAppSuite","HabitNuWebAppRegression","WebAppSanityPackage.WebAppHealth_WeightSection","WebAppSanityPackage.WebAppHealth_WeightSection","case13","verify last week , month , year data ",""
"passed","Wed Nov 19 08:25:09 UTC 2025","Wed Nov 19 08:25:11 UTC 2025","1326","HabitNuWebAppSuite","HabitNuWebAppRegression","WebAppSanityPackage.waterLog","WebAppSanityPackage.waterLog","case15","710 ml Water Log",""
"passed","Wed Nov 19 08:00:31 UTC 2025","Wed Nov 19 08:00:34 UTC 2025","2739","HabitNuWebAppSuite","HabitNuWebAppRegression","WebAppSanityPackage.HabitsAppClass","WebAppSanityPackage.HabitsAppClass","case1","Click on Habits section (It should take to Habits section)",""
"passed","Wed Nov 19 08:30:11 UTC 2025","Wed Nov 19 08:30:12 UTC 2025","1512","HabitNuWebAppSuite","HabitNuWebAppRegression","WebAppSanityPackage.Weights_lbs_Kgs","WebAppSanityPackage.Weights_lbs_Kgs","case10","Health section weights match selected unit",""
"failed","Wed Nov 19 08:19:03 UTC 2025","Wed Nov 19 08:19:06 UTC 2025","3642","HabitNuWebAppSuite","HabitNuWebAppRegression","WebAppSanityPackage.recipeBuilder","WebAppSanityPackage.recipeBuilder","verifyFavoriteRecipesUnderFood","verify favorite food list under Food>Favorites",""
"passed","Wed Nov 19 08:28:48 UTC 2025","Wed Nov 19 08:28:49 UTC 2025","363","HabitNuWebAppSuite","HabitNuWebAppRegression","WebAppSanityPackage.WebAppHealth_WeightSection","WebAppSanityPackage.WebAppHealth_WeightSection","editTargetWithGreaterThan99","edit -  enter target more than 999 and assert messages",""
"passed","Wed Nov 19 08:10:18 UTC 2025","Wed Nov 19 08:10:18 UTC 2025","219","HabitNuWebAppSuite","HabitNuWebAppRegression","WebAppSanityPackage.Hba1c","WebAppSanityPackage.Hba1c","setTarget","enter target values and do click on 'x' mark and do not save",""
"passed","Wed Nov 19 08:10:58 UTC 2025","Wed Nov 19 08:10:59 UTC 2025","418","HabitNuWebAppSuite","HabitNuWebAppRegression","WebAppSanityPackage.Login","WebAppSanityPackage.Login","testLoginWithOnlyEmail","Verify error when only email is provided",""
"passed","Wed Nov 19 08:17:18 UTC 2025","Wed Nov 19 08:17:19 UTC 2025","1372","HabitNuWebAppSuite","HabitNuWebAppRegression","WebAppSanityPackage.ProfileAppClass","WebAppSanityPackage.ProfileAppClass","case48","Keep Hips (in inches) as blank and save",""
"passed","Wed Nov 19 08:18:18 UTC 2025","Wed Nov 19 08:18:21 UTC 2025","2579","HabitNuWebAppSuite","HabitNuWebAppRegression","WebAppSanityPackage.ProfileAppClass","WebAppSanityPackage.ProfileAppClass","case77","Click on delete file and cancel it",""
"passed","Wed Nov 19 07:54:26 UTC 2025","Wed Nov 19 07:54:26 UTC 2025","664","HabitNuWebAppSuite","HabitNuWebAppRegression","WebAppSanityPackage.DiscussAppClass","WebAppSanityPackage.DiscussAppClass","case14","Edit the post message and then cancel it ( It should not edit the post)",""
"passed","Wed Nov 19 08:22:33 UTC 2025","Wed Nov 19 08:22:38 UTC 2025","4734","HabitNuWebAppSuite","HabitNuWebAppRegression","WebAppSanityPackage.TobaccoSection","WebAppSanityPackage.TobaccoSection","case9_editTargetButDoNotSave","edit target values and do click on 'x' mark and do not save",""
"passed","Wed Nov 19 08:12:42 UTC 2025","Wed Nov 19 08:12:44 UTC 2025","1921","HabitNuWebAppSuite","HabitNuWebAppRegression","WebAppSanityPackage.Medication","WebAppSanityPackage.Medication","case13","Weight loss medication Your Medication Edit detials on Yor Medication",""
"passed","Wed Nov 19 08:16:52 UTC 2025","Wed Nov 19 08:16:52 UTC 2025","649","HabitNuWebAppSuite","HabitNuWebAppRegression","WebAppSanityPackage.ProfileAppClass","WebAppSanityPackage.ProfileAppClass","keepAddressLine1Blank","Keep Address Line 1 blank and save → Should throw required field error (if validation present)",""
"passed","Wed Nov 19 08:11:30 UTC 2025","Wed Nov 19 08:11:32 UTC 2025","1554","HabitNuWebAppSuite","HabitNuWebAppRegression","WebAppSanityPackage.Login","WebAppSanityPackage.Login","testForgotPasswordWithInvalidEmail","Verify forgot password with invalid/unregistered email",""
"passed","Wed Nov 19 08:28:43 UTC 2025","Wed Nov 19 08:28:44 UTC 2025","1072","HabitNuWebAppSuite","HabitNuWebAppRegression","WebAppSanityPackage.WebAppHealth_WeightSection","WebAppSanityPackage.WebAppHealth_WeightSection","placeHolderOfTobaccoCountValueInputBox","verify placeholder - weight ",""
"passed","Wed Nov 19 08:01:29 UTC 2025","Wed Nov 19 08:01:31 UTC 2025","2895","HabitNuWebAppSuite","HabitNuWebAppRegression","WebAppSanityPackage.HabitsAppClass","WebAppSanityPackage.HabitsAppClass","case16","Click on Back button and go back to Habits list",""
"passed","Wed Nov 19 08:21:19 UTC 2025","Wed Nov 19 08:21:30 UTC 2025","10938","HabitNuWebAppSuite","HabitNuWebAppRegression","WebAppSanityPackage.Sugar_Section","WebAppSanityPackage.Sugar_Section","case13","add yesterday's Blood Sugar n it should show last added data After Meal",""
"broken","Wed Nov 19 08:17:13 UTC 2025","Wed Nov 19 08:17:13 UTC 2025","15","HabitNuWebAppSuite","HabitNuWebAppRegression","WebAppSanityPackage.ProfileAppClass","WebAppSanityPackage.ProfileAppClass","addWaistAsLettersAndValidate","Add Waist as letters → Should show validation error",""
"passed","Wed Nov 19 07:57:07 UTC 2025","Wed Nov 19 07:57:28 UTC 2025","21248","HabitNuWebAppSuite","HabitNuWebAppRegression","WebAppSanityPackage.foodGrouping","WebAppSanityPackage.foodGrouping","case10","add Meal to Snacks",""
"passed","Wed Nov 19 07:59:15 UTC 2025","Wed Nov 19 07:59:17 UTC 2025","1618","HabitNuWebAppSuite","HabitNuWebAppRegression","WebAppSanityPackage.foodGrouping","WebAppSanityPackage.foodGrouping","case20","Logging 'My Meal' from exsiting group",""
"passed","Wed Nov 19 07:53:34 UTC 2025","Wed Nov 19 07:53:44 UTC 2025","10413","HabitNuWebAppSuite","HabitNuWebAppRegression","WebAppSanityPackage.ChatandNotificationsClass","WebAppSanityPackage.ChatandNotificationsClass","case12","Click on Reminder : You have an appointment in an hour",""
"passed","Wed Nov 19 07:54:50 UTC 2025","Wed Nov 19 07:54:51 UTC 2025","1288","HabitNuWebAppSuite","HabitNuWebAppRegression","WebAppSanityPackage.ExerciseSection","WebAppSanityPackage.ExerciseSection","setValidTarget","enter valid Target",""
"passed","Wed Nov 19 08:20:35 UTC 2025","Wed Nov 19 08:20:37 UTC 2025","2203","HabitNuWebAppSuite","HabitNuWebAppRegression","WebAppSanityPackage.Sugar_Section","WebAppSanityPackage.Sugar_Section","case4","Click on Blood Sugar , click on add new button and add Blood Sugar After Meal for current year current date ",""
"passed","Wed Nov 19 08:01:55 UTC 2025","Wed Nov 19 08:01:56 UTC 2025","704","HabitNuWebAppSuite","HabitNuWebAppRegression","WebAppSanityPackage.HabitsAppClass","WebAppSanityPackage.HabitsAppClass","case23","Click on Edit and edit the habit",""
"passed","Wed Nov 19 08:01:12 UTC 2025","Wed Nov 19 08:01:13 UTC 2025","1744","HabitNuWebAppSuite","HabitNuWebAppRegression","WebAppSanityPackage.HabitsAppClass","WebAppSanityPackage.HabitsAppClass","case8","double click on habit button and it should open the pop up",""
"passed","Wed Nov 19 07:52:04 UTC 2025","Wed Nov 19 07:52:08 UTC 2025","4606","HabitNuWebAppSuite","HabitNuWebAppRegression","WebAppSanityPackage.BloodPressure_Section","WebAppSanityPackage.BloodPressure_Section","case2_setTargetButCancel","[MAIN CARD] Verify Set Target button functionality - enter values and cancel without saving",""
"passed","Wed Nov 19 08:05:29 UTC 2025","Wed Nov 19 08:05:31 UTC 2025","1909","HabitNuWebAppSuite","HabitNuWebAppRegression","WebAppSanityPackage.habiRecipe","WebAppSanityPackage.habiRecipe","case21_SelectMacronutrientRecipeFromList","Selecting the Generated Recipe and Logging It",""
"passed","Wed Nov 19 08:14:16 UTC 2025","Wed Nov 19 08:14:16 UTC 2025","325","HabitNuWebAppSuite","HabitNuWebAppRegression","WebAppSanityPackage.Myrecipes","WebAppSanityPackage.Myrecipes","test4_fieldsvalidations","Then user is validating the fields in my recipe",""
"broken","Wed Nov 19 08:19:06 UTC 2025","Wed Nov 19 08:19:06 UTC 2025","41","HabitNuWebAppSuite","HabitNuWebAppRegression","WebAppSanityPackage.recipeBuilder","WebAppSanityPackage.recipeBuilder","verifyFavoriteRecipesByRecipeName","verify favorite food list under Food> by Recipe Name",""
"passed","Wed Nov 19 08:16:50 UTC 2025","Wed Nov 19 08:16:50 UTC 2025","203","HabitNuWebAppSuite","HabitNuWebAppRegression","WebAppSanityPackage.ProfileAppClass","WebAppSanityPackage.ProfileAppClass","invalidAlphabetContactNumber","Add alphabets in contact number → Show invalid contact error",""
"passed","Wed Nov 19 08:01:28 UTC 2025","Wed Nov 19 08:01:29 UTC 2025","814","HabitNuWebAppSuite","HabitNuWebAppRegression","WebAppSanityPackage.HabitsAppClass","WebAppSanityPackage.HabitsAppClass","case15","Click on Activate and add the habit back",""
"passed","Wed Nov 19 08:24:48 UTC 2025","Wed Nov 19 08:24:49 UTC 2025","1744","HabitNuWebAppSuite","HabitNuWebAppRegression","WebAppSanityPackage.waterLog","WebAppSanityPackage.waterLog","case8","Custom again Water Log",""
"passed","Wed Nov 19 08:26:58 UTC 2025","Wed Nov 19 08:27:00 UTC 2025","2150","HabitNuWebAppSuite","HabitNuWebAppRegression","WebAppSanityPackage.WebAppClass","WebAppSanityPackage.WebAppClass","case23","Deleting the Food from Frequent section",""
"passed","Wed Nov 19 08:16:58 UTC 2025","Wed Nov 19 08:17:02 UTC 2025","3841","HabitNuWebAppSuite","HabitNuWebAppRegression","WebAppSanityPackage.ProfileAppClass","WebAppSanityPackage.ProfileAppClass","editStateAndSave","Edit State to 'California' and save",""
"passed","Wed Nov 19 08:17:35 UTC 2025","Wed Nov 19 08:17:39 UTC 2025","4093","HabitNuWebAppSuite","HabitNuWebAppRegression","WebAppSanityPackage.ProfileAppClass","WebAppSanityPackage.ProfileAppClass","case67","Upload file type only and submit",""
"passed","Wed Nov 19 08:28:45 UTC 2025","Wed Nov 19 08:28:47 UTC 2025","1369","HabitNuWebAppSuite","HabitNuWebAppRegression","WebAppSanityPackage.WebAppHealth_WeightSection","WebAppSanityPackage.WebAppHealth_WeightSection","setValidTarget","enter valid Target",""
"passed","Wed Nov 19 08:14:16 UTC 2025","Wed Nov 19 08:14:27 UTC 2025","10374","HabitNuWebAppSuite","HabitNuWebAppRegression","WebAppSanityPackage.Myrecipes","WebAppSanityPackage.Myrecipes","test5_enterrecipe","When user is able to enter the fields",""
"passed","Wed Nov 19 08:16:35 UTC 2025","Wed Nov 19 08:16:36 UTC 2025","1295","HabitNuWebAppSuite","HabitNuWebAppRegression","WebAppSanityPackage.ProfileAppClass","WebAppSanityPackage.ProfileAppClass","selectGenderMaleAndSave","Select Gender as Male and save → should reflect",""
"passed","Wed Nov 19 08:20:02 UTC 2025","Wed Nov 19 08:20:02 UTC 2025","312","HabitNuWebAppSuite","HabitNuWebAppRegression","WebAppSanityPackage.Sugar_Section","WebAppSanityPackage.Sugar_Section","setValidTarget","enter valid Target",""
"passed","Wed Nov 19 08:14:30 UTC 2025","Wed Nov 19 08:14:32 UTC 2025","2165","HabitNuWebAppSuite","HabitNuWebAppRegression","WebAppSanityPackage.Myrecipes","WebAppSanityPackage.Myrecipes","test9_addcustomingredient","When user is able to add custom ingredient",""
"passed","Wed Nov 19 08:24:14 UTC 2025","Wed Nov 19 08:24:14 UTC 2025","476","HabitNuWebAppSuite","HabitNuWebAppRegression","WebAppSanityPackage.TobaccoSection","WebAppSanityPackage.TobaccoSection","case25","verify data should not be more than 100000 in Tobocco count section,Systolic should not be grater than 250",""
"passed","Wed Nov 19 07:54:53 UTC 2025","Wed Nov 19 07:54:55 UTC 2025","1310","HabitNuWebAppSuite","HabitNuWebAppRegression","WebAppSanityPackage.ExerciseSection","WebAppSanityPackage.ExerciseSection","editTargetWithGreaterThan99","edit -  enter target more than 1440 and assert messages",""
"passed","Wed Nov 19 08:01:53 UTC 2025","Wed Nov 19 08:01:54 UTC 2025","758","HabitNuWebAppSuite","HabitNuWebAppRegression","WebAppSanityPackage.HabitsAppClass","WebAppSanityPackage.HabitsAppClass","case21","Single click on habit button and mark a red",""
"passed","Wed Nov 19 08:08:44 UTC 2025","Wed Nov 19 08:08:49 UTC 2025","5313","HabitNuWebAppSuite","HabitNuWebAppRegression","WebAppSanityPackage.habiRecipe","WebAppSanityPackage.habiRecipe","case33_LogAllPreferencesRecipe","Selecting the  Generated Recipe of All recipes and Logging It",""
"passed","Wed Nov 19 07:55:30 UTC 2025","Wed Nov 19 07:56:09 UTC 2025","39331","HabitNuWebAppSuite","HabitNuWebAppRegression","WebAppSanityPackage.foodGrouping","WebAppSanityPackage.foodGrouping","case1","Main Page Navigation",""
"passed","Wed Nov 19 08:10:26 UTC 2025","Wed Nov 19 08:10:27 UTC 2025","357","HabitNuWebAppSuite","HabitNuWebAppRegression","WebAppSanityPackage.Hba1c","WebAppSanityPackage.Hba1c","editTargetWithGreaterThan99","edit -  enter target more than 14 and assert messages",""
"passed","Wed Nov 19 07:52:16 UTC 2025","Wed Nov 19 07:52:18 UTC 2025","2247","HabitNuWebAppSuite","HabitNuWebAppRegression","WebAppSanityPackage.BloodPressure_Section","WebAppSanityPackage.BloodPressure_Section","case15_verifyNoDataMessageAndAddButton","[MAIN CARD] Verify Blood Pressure widget displays 'No data recorded yet' message and Add New button",""
"passed","Wed Nov 19 07:52:48 UTC 2025","Wed Nov 19 07:52:51 UTC 2025","2701","HabitNuWebAppSuite","HabitNuWebAppRegression","WebAppSanityPackage.ChatandNotificationsClass","WebAppSanityPackage.ChatandNotificationsClass","case4","Without typing the message click on enter",""
"passed","Wed Nov 19 08:18:34 UTC 2025","Wed Nov 19 08:18:36 UTC 2025","2206","HabitNuWebAppSuite","HabitNuWebAppRegression","WebAppSanityPackage.ProfileAppClass","WebAppSanityPackage.ProfileAppClass","case88","Open Notification Preferences from Profile dropdown",""
"passed","Wed Nov 19 08:07:25 UTC 2025","Wed Nov 19 08:07:37 UTC 2025","12133","HabitNuWebAppSuite","HabitNuWebAppRegression","WebAppSanityPackage.habiRecipe","WebAppSanityPackage.habiRecipe","case30_DeleteRecentlyGeneratedRecipes","Delete Recently Generated Recipes",""
"passed","Wed Nov 19 08:28:32 UTC 2025","Wed Nov 19 08:28:43 UTC 2025","11202","HabitNuWebAppSuite","HabitNuWebAppRegression","WebAppSanityPackage.WebAppHealth_WeightSection","WebAppSanityPackage.WebAppHealth_WeightSection","case1","verify - Blank weights",""
"passed","Wed Nov 19 08:26:31 UTC 2025","Wed Nov 19 08:26:36 UTC 2025","4986","HabitNuWebAppSuite","HabitNuWebAppRegression","WebAppSanityPackage.WebAppClass","WebAppSanityPackage.WebAppClass","case15","Click on Date Picker, Select Previous Date, and Add Food",""
"passed","Wed Nov 19 08:25:08 UTC 2025","Wed Nov 19 08:25:09 UTC 2025","1269","HabitNuWebAppSuite","HabitNuWebAppRegression","WebAppSanityPackage.waterLog","WebAppSanityPackage.waterLog","case14","473 ml Water Log",""
"passed","Wed Nov 19 08:17:26 UTC 2025","Wed Nov 19 08:17:27 UTC 2025","160","HabitNuWebAppSuite","HabitNuWebAppRegression","WebAppSanityPackage.ProfileAppClass","WebAppSanityPackage.ProfileAppClass","case61","Click on Devices button and it should take to device page",""
"broken","Wed Nov 19 08:13:21 UTC 2025","Wed Nov 19 08:13:32 UTC 2025","10704","HabitNuWebAppSuite","HabitNuWebAppRegression","WebAppSanityPackage.Medication","WebAppSanityPackage.Medication","Case19addValidMedicationName","TC: Add valid Medication name and save",""
"passed","Wed Nov 19 08:25:28 UTC 2025","Wed Nov 19 08:25:37 UTC 2025","8714","HabitNuWebAppSuite","HabitNuWebAppRegression","WebAppSanityPackage.WebAppClass","WebAppSanityPackage.WebAppClass","case1","Click on add food and add the food - Breakfast",""
"passed","Wed Nov 19 08:14:50 UTC 2025","Wed Nov 19 08:16:03 UTC 2025","73213","HabitNuWebAppSuite","HabitNuWebAppRegression","WebAppSanityPackage.Myrecipes","WebAppSanityPackage.Myrecipes","test18_searchrecipe","And user is able to search the recipe",""
"passed","Wed Nov 19 08:25:54 UTC 2025","Wed Nov 19 08:26:03 UTC 2025","8873","HabitNuWebAppSuite","HabitNuWebAppRegression","WebAppSanityPackage.WebAppClass","WebAppSanityPackage.WebAppClass","case9","Click on View Food Log, and add food - Breakfast via all section",""
"broken","Wed Nov 19 08:29:22 UTC 2025","Wed Nov 19 08:29:24 UTC 2025","1126","HabitNuWebAppSuite","HabitNuWebAppRegression","WebAppSanityPackage.WebAppHealth_WeightSection","WebAppSanityPackage.WebAppHealth_WeightSection","graphcase3","Load web app -> Click on Health section -> Weight section -> click on three lines -> Click on graph -> click on filter as last year",""
"passed","Wed Nov 19 07:52:52 UTC 2025","Wed Nov 19 07:52:52 UTC 2025","141","HabitNuWebAppSuite","HabitNuWebAppRegression","WebAppSanityPackage.ChatandNotificationsClass","WebAppSanityPackage.ChatandNotificationsClass","case7","Click on the Mark All as Read",""
"passed","Wed Nov 19 07:52:32 UTC 2025","Wed Nov 19 07:52:32 UTC 2025","189","HabitNuWebAppSuite","HabitNuWebAppRegression","WebAppSanityPackage.BloodPressure_Section","WebAppSanityPackage.BloodPressure_Section","case20_verifyHistoryTableDateTime","[MODAL] Verify blood pressure history table displays correct date/time entries with proper formatting",""
"passed","Wed Nov 19 08:29:06 UTC 2025","Wed Nov 19 08:29:09 UTC 2025","2261","HabitNuWebAppSuite","HabitNuWebAppRegression","WebAppSanityPackage.WebAppHealth_WeightSection","WebAppSanityPackage.WebAppHealth_WeightSection","case5","verify added today data",""
"broken","Wed Nov 19 08:27:03 UTC 2025","Wed Nov 19 08:27:08 UTC 2025","4762","HabitNuWebAppSuite","HabitNuWebAppRegression","WebAppSanityPackage.WebAppClass","WebAppSanityPackage.WebAppClass","case30","Coach-Users Test Case in meals section",""
"passed","Wed Nov 19 07:55:14 UTC 2025","Wed Nov 19 07:55:16 UTC 2025","2388","HabitNuWebAppSuite","HabitNuWebAppRegression","WebAppSanityPackage.ExerciseSection","WebAppSanityPackage.ExerciseSection","case7","verify blank data in exercise section",""
"passed","Wed Nov 19 08:13:46 UTC 2025","Wed Nov 19 08:13:47 UTC 2025","1153","HabitNuWebAppSuite","HabitNuWebAppRegression","WebAppSanityPackage.Medication","WebAppSanityPackage.Medication","case27","Creating)",""
"broken","Wed Nov 19 08:29:21 UTC 2025","Wed Nov 19 08:29:22 UTC 2025","1148","HabitNuWebAppSuite","HabitNuWebAppRegression","WebAppSanityPackage.WebAppHealth_WeightSection","WebAppSanityPackage.WebAppHealth_WeightSection","graphcase2","Load web app -> Click on Health section -> Weight section -> click on three lines -> Click on graph -> click on filter as last month",""
"passed","Wed Nov 19 08:16:41 UTC 2025","Wed Nov 19 08:16:43 UTC 2025","2512","HabitNuWebAppSuite","HabitNuWebAppRegression","WebAppSanityPackage.ProfileAppClass","WebAppSanityPackage.ProfileAppClass","setDOBAndSave","Select DOB and save → Should update successfully",""
"passed","Wed Nov 19 08:12:20 UTC 2025","Wed Nov 19 08:12:42 UTC 2025","22137","HabitNuWebAppSuite","HabitNuWebAppRegression","WebAppSanityPackage.Medication","WebAppSanityPackage.Medication","editWeightLossMedication","Edit details of Weight Loss Medication",""
"passed","Wed Nov 19 08:19:22 UTC 2025","Wed Nov 19 08:19:22 UTC 2025","97","HabitNuWebAppSuite","HabitNuWebAppRegression","WebAppSanityPackage.recipeBuilder","WebAppSanityPackage.recipeBuilder","verifyRemoveFavorites_from_recipeList_page","remove fav recipes from recipe list page",""
"passed","Wed Nov 19 08:20:11 UTC 2025","Wed Nov 19 08:20:19 UTC 2025","7818","HabitNuWebAppSuite","HabitNuWebAppRegression","WebAppSanityPackage.Sugar_Section","WebAppSanityPackage.Sugar_Section","case1","Click on health tab and verify no data recorded yet in Blood Sugar section",""
"passed","Wed Nov 19 08:17:27 UTC 2025","Wed Nov 19 08:17:30 UTC 2025","2992","HabitNuWebAppSuite","HabitNuWebAppRegression","WebAppSanityPackage.ProfileAppClass","WebAppSanityPackage.ProfileAppClass","case62","Click on Upload/View files section",""
"passed","Wed Nov 19 08:25:11 UTC 2025","Wed Nov 19 08:25:12 UTC 2025","1320","HabitNuWebAppSuite","HabitNuWebAppRegression","WebAppSanityPackage.waterLog","WebAppSanityPackage.waterLog","case16","946 ml Water Log",""
"passed","Wed Nov 19 07:55:23 UTC 2025","Wed Nov 19 07:55:26 UTC 2025","2735","HabitNuWebAppSuite","HabitNuWebAppRegression","WebAppSanityPackage.ExerciseSection","WebAppSanityPackage.ExerciseSection","case12","edit data in exercise section",""
"passed","Wed Nov 19 08:19:23 UTC 2025","Wed Nov 19 08:19:29 UTC 2025","6415","HabitNuWebAppSuite","HabitNuWebAppRegression","WebAppSanityPackage.recipeBuilder","WebAppSanityPackage.recipeBuilder","addRecipeToFavorites","Add recipe to favorites via three-dot menu",""
"passed","Wed Nov 19 07:55:21 UTC 2025","Wed Nov 19 07:55:23 UTC 2025","2508","HabitNuWebAppSuite","HabitNuWebAppRegression","WebAppSanityPackage.ExerciseSection","WebAppSanityPackage.ExerciseSection","case9","verify data should not be more than 100000 in exercise section",""
"passed","Wed Nov 19 08:11:13 UTC 2025","Wed Nov 19 08:11:14 UTC 2025","1255","HabitNuWebAppSuite","HabitNuWebAppRegression","WebAppSanityPackage.Login","WebAppSanityPackage.Login","testPasswordVisibilityToggle","Verify password visibility toggle",""
"passed","Wed Nov 19 07:54:52 UTC 2025","Wed Nov 19 07:54:53 UTC 2025","1313","HabitNuWebAppSuite","HabitNuWebAppRegression","WebAppSanityPackage.ExerciseSection","WebAppSanityPackage.ExerciseSection","editTargetButDoNotSave","edit target values and do click on 'x' mark and do not save",""
"passed","Wed Nov 19 08:09:47 UTC 2025","Wed Nov 19 08:09:50 UTC 2025","2754","HabitNuWebAppSuite","HabitNuWebAppRegression","WebAppSanityPackage.Hba1c","WebAppSanityPackage.Hba1c","case4","verify added today data in hba1c section ",""
"passed","Wed Nov 19 08:28:45 UTC 2025","Wed Nov 19 08:28:45 UTC 2025","424","HabitNuWebAppSuite","HabitNuWebAppRegression","WebAppSanityPackage.WebAppHealth_WeightSection","WebAppSanityPackage.WebAppHealth_WeightSection","setTargetMoreThan99","enter target more than 999 and assert messages",""
"passed","Wed Nov 19 08:12:09 UTC 2025","Wed Nov 19 08:12:09 UTC 2025","372","HabitNuWebAppSuite","HabitNuWebAppRegression","WebAppSanityPackage.Medication","WebAppSanityPackage.Medication","case5","Creating new Medications details like selecting Type/Form.",""
"passed","Wed Nov 19 07:54:28 UTC 2025","Wed Nov 19 07:54:30 UTC 2025","2282","HabitNuWebAppSuite","HabitNuWebAppRegression","WebAppSanityPackage.DiscussAppClass","WebAppSanityPackage.DiscussAppClass","case23","comment a message in my post",""
"skipped","Wed Nov 19 08:18:43 UTC 2025","Wed Nov 19 08:18:43 UTC 2025","0","HabitNuWebAppSuite","HabitNuWebAppRegression","WebAppSanityPackage.RegistrationBanner","WebAppSanityPackage.RegistrationBanner","signMeUpEnglish","verify user lands on Sign me Up page",""
"passed","Wed Nov 19 08:13:17 UTC 2025","Wed Nov 19 08:13:21 UTC 2025","4692","HabitNuWebAppSuite","HabitNuWebAppRegression","WebAppSanityPackage.Medication","WebAppSanityPackage.Medication","Case18addValidMedicationName","TC11: Add valid Medication name and save",""
"passed","Wed Nov 19 07:56:30 UTC 2025","Wed Nov 19 07:56:43 UTC 2025","13003","HabitNuWebAppSuite","HabitNuWebAppRegression","WebAppSanityPackage.foodGrouping","WebAppSanityPackage.foodGrouping","case6","add Meal to Lunch",""
"passed","Wed Nov 19 08:17:30 UTC 2025","Wed Nov 19 08:17:33 UTC 2025","2642","HabitNuWebAppSuite","HabitNuWebAppRegression","WebAppSanityPackage.ProfileAppClass","WebAppSanityPackage.ProfileAppClass","case65","Upload the name only and submit",""
"passed","Wed Nov 19 08:22:49 UTC 2025","Wed Nov 19 08:22:50 UTC 2025","1002","HabitNuWebAppSuite","HabitNuWebAppRegression","WebAppSanityPackage.TobaccoSection","WebAppSanityPackage.TobaccoSection","case14","verify added today data in tobacco section ",""
"passed","Wed Nov 19 08:16:52 UTC 2025","Wed Nov 19 08:16:53 UTC 2025","1238","HabitNuWebAppSuite","HabitNuWebAppRegression","WebAppSanityPackage.ProfileAppClass","WebAppSanityPackage.ProfileAppClass","editAddressLine1AndSave","Edit Address Line 1 and save → Should save successfully",""
"passed","Wed Nov 19 07:52:35 UTC 2025","Wed Nov 19 07:52:35 UTC 2025","354","HabitNuWebAppSuite","HabitNuWebAppRegression","WebAppSanityPackage.BloodPressure_Section","WebAppSanityPackage.BloodPressure_Section","case27_verifyNegativeDiastolicInputValidation","[MODAL] Verify negative diastolic input validation in form (alternative test scenario)",""
"passed","Wed Nov 19 08:11:49 UTC 2025","Wed Nov 19 08:11:50 UTC 2025","1164","HabitNuWebAppSuite","HabitNuWebAppRegression","WebAppSanityPackage.Login","WebAppSanityPackage.Login","testHabitNuRegisterNavigation","Verify Register navigation in HabitNu",""
"passed","Wed Nov 19 07:55:16 UTC 2025","Wed Nov 19 07:55:21 UTC 2025","4122","HabitNuWebAppSuite","HabitNuWebAppRegression","WebAppSanityPackage.ExerciseSection","WebAppSanityPackage.ExerciseSection","case8","verify negative data in exercise section",""
"passed","Wed Nov 19 07:52:11 UTC 2025","Wed Nov 19 07:52:14 UTC 2025","2313","HabitNuWebAppSuite","HabitNuWebAppRegression","WebAppSanityPackage.BloodPressure_Section","WebAppSanityPackage.BloodPressure_Section","case10_editTargetButDoNotSave","[MAIN CARD] Verify edit target functionality - modify values but cancel without saving",""
"passed","Wed Nov 19 08:25:49 UTC 2025","Wed Nov 19 08:25:54 UTC 2025","5429","HabitNuWebAppSuite","HabitNuWebAppRegression","WebAppSanityPackage.WebAppClass","WebAppSanityPackage.WebAppClass","case7","Click on Add Food, go to Custom and create a customized food",""
"passed","Wed Nov 19 07:52:32 UTC 2025","Wed Nov 19 07:52:32 UTC 2025","559","HabitNuWebAppSuite","HabitNuWebAppRegression","WebAppSanityPackage.BloodPressure_Section","WebAppSanityPackage.BloodPressure_Section","case19_addPreviousDayBloodPressureReading","[MODAL] Add previous day blood pressure reading and verify it updates the main card display",""
"passed","Wed Nov 19 08:02:05 UTC 2025","Wed Nov 19 08:02:09 UTC 2025","3411","HabitNuWebAppSuite","HabitNuWebAppRegression","WebAppSanityPackage.HabitsAppClass","WebAppSanityPackage.HabitsAppClass","case29","Click on Activate and add the habit back",""
"passed","Wed Nov 19 08:01:15 UTC 2025","Wed Nov 19 08:01:22 UTC 2025","7552","HabitNuWebAppSuite","HabitNuWebAppRegression","WebAppSanityPackage.HabitsAppClass","WebAppSanityPackage.HabitsAppClass","case10","Click on Calender and edit  and save the details",""
"passed","Wed Nov 19 08:01:31 UTC 2025","Wed Nov 19 08:01:38 UTC 2025","6833","HabitNuWebAppSuite","HabitNuWebAppRegression","WebAppSanityPackage.HabitsAppClass","WebAppSanityPackage.HabitsAppClass","case17","Click on Active Habits dropdown",""
"passed","Wed Nov 19 08:28:49 UTC 2025","Wed Nov 19 08:28:50 UTC 2025","1081","HabitNuWebAppSuite","HabitNuWebAppRegression","WebAppSanityPackage.WebAppHealth_WeightSection","WebAppSanityPackage.WebAppHealth_WeightSection","editTargetWithBlankValue","edit -  Weight cannot be blank",""
"passed","Wed Nov 19 07:54:21 UTC 2025","Wed Nov 19 07:54:21 UTC 2025","519","HabitNuWebAppSuite","HabitNuWebAppRegression","WebAppSanityPackage.DiscussAppClass","WebAppSanityPackage.DiscussAppClass","case11","Edit the post with subject line (should update the post)",""
"broken","Wed Nov 19 08:12:55 UTC 2025","Wed Nov 19 08:13:06 UTC 2025","11039","HabitNuWebAppSuite","HabitNuWebAppRegression","WebAppSanityPackage.Medication","WebAppSanityPackage.Medication","case15","Coach- Users- Medication- Creating new Medications.",""
"passed","Wed Nov 19 08:10:22 UTC 2025","Wed Nov 19 08:10:22 UTC 2025","247","HabitNuWebAppSuite","HabitNuWebAppRegression","WebAppSanityPackage.Hba1c","WebAppSanityPackage.Hba1c","setTargetMoreThan99","enter target more than 14 and assert messages",""
"passed","Wed Nov 19 08:26:40 UTC 2025","Wed Nov 19 08:26:43 UTC 2025","3119","HabitNuWebAppSuite","HabitNuWebAppRegression","WebAppSanityPackage.WebAppClass","WebAppSanityPackage.WebAppClass","case17","Edit Food - Update fields and validate changes",""
"passed","Wed Nov 19 08:17:13 UTC 2025","Wed Nov 19 08:17:14 UTC 2025","1428","HabitNuWebAppSuite","HabitNuWebAppRegression","WebAppSanityPackage.ProfileAppClass","WebAppSanityPackage.ProfileAppClass","case44","Keep Waist (in inches) as blank and save",""
"passed","Wed Nov 19 08:21:41 UTC 2025","Wed Nov 19 08:21:52 UTC 2025","11429","HabitNuWebAppSuite","HabitNuWebAppRegression","WebAppSanityPackage.Sugar_Section","WebAppSanityPackage.Sugar_Section","case15","verify last added monthly and yesterday's data in details page in Blood Sugar section",""
"passed","Wed Nov 19 08:16:19 UTC 2025","Wed Nov 19 08:16:19 UTC 2025","101","HabitNuWebAppSuite","HabitNuWebAppRegression","WebAppSanityPackage.ProfileAppClass","WebAppSanityPackage.ProfileAppClass","openProfileDetails","Click on 'View profile details' → open profile page",""
"passed","Wed Nov 19 08:29:14 UTC 2025","Wed Nov 19 08:29:17 UTC 2025","3575","HabitNuWebAppSuite","HabitNuWebAppRegression","WebAppSanityPackage.WebAppHealth_WeightSection","WebAppSanityPackage.WebAppHealth_WeightSection","case11","Add data and edit",""
"passed","Wed Nov 19 07:56:44 UTC 2025","Wed Nov 19 07:57:05 UTC 2025","20853","HabitNuWebAppSuite","HabitNuWebAppRegression","WebAppSanityPackage.foodGrouping","WebAppSanityPackage.foodGrouping","case8","add Meal to Dinner",""
"passed","Wed Nov 19 08:14:29 UTC 2025","Wed Nov 19 08:14:30 UTC 2025","569","HabitNuWebAppSuite","HabitNuWebAppRegression","WebAppSanityPackage.Myrecipes","WebAppSanityPackage.Myrecipes","test7_toastvalidation","And user is able to validate added ingredient toast message",""
"passed","Wed Nov 19 08:27:03 UTC 2025","Wed Nov 19 08:27:03 UTC 2025","269","HabitNuWebAppSuite","HabitNuWebAppRegression","WebAppSanityPackage.WebAppClass","WebAppSanityPackage.WebAppClass","case27","Validating data from View Food Log section",""
"passed","Wed Nov 19 08:27:08 UTC 2025","Wed Nov 19 08:28:29 UTC 2025","80169","HabitNuWebAppSuite","HabitNuWebAppRegression","WebAppSanityPackage.WebAppClass","WebAppSanityPackage.WebAppClass","delete_from_all_food_sections","Deleting all data starting from breakfast to snacks",""
"passed","Wed Nov 19 08:21:30 UTC 2025","Wed Nov 19 08:21:41 UTC 2025","11390","HabitNuWebAppSuite","HabitNuWebAppRegression","WebAppSanityPackage.Sugar_Section","WebAppSanityPackage.Sugar_Section","case14","add yesterday's Blood Sugar n it should show last added data Before Meal",""
"passed","Wed Nov 19 07:59:01 UTC 2025","Wed Nov 19 07:59:15 UTC 2025","14034","HabitNuWebAppSuite","HabitNuWebAppRegression","WebAppSanityPackage.foodGrouping","WebAppSanityPackage.foodGrouping","case19","Create 'My Meal' from logged foods in SNACKS sections",""
"passed","Wed Nov 19 08:22:44 UTC 2025","Wed Nov 19 08:22:49 UTC 2025","5437","HabitNuWebAppSuite","HabitNuWebAppRegression","WebAppSanityPackage.TobaccoSection","WebAppSanityPackage.TobaccoSection","case13","Click on tobacco , click on add new button and add tobacco for last year and and Total count of the day should be 0",""
"passed","Wed Nov 19 08:12:09 UTC 2025","Wed Nov 19 08:12:10 UTC 2025","1303","HabitNuWebAppSuite","HabitNuWebAppRegression","WebAppSanityPackage.Medication","WebAppSanityPackage.Medication","case6","Coach- Users- Medication- Creating new Medications details like selecting Dosage",""
"passed","Wed Nov 19 07:53:52 UTC 2025","Wed Nov 19 07:53:53 UTC 2025","684","HabitNuWebAppSuite","HabitNuWebAppRegression","WebAppSanityPackage.DiscussAppClass","WebAppSanityPackage.DiscussAppClass","case4","Click on post button without entering message (should not allow posting)",""
"passed","Wed Nov 19 08:28:47 UTC 2025","Wed Nov 19 08:28:47 UTC 2025","238","HabitNuWebAppSuite","HabitNuWebAppRegression","WebAppSanityPackage.WebAppHealth_WeightSection","WebAppSanityPackage.WebAppHealth_WeightSection","editTargetValid","edit Target - valid",""
"passed","Wed Nov 19 07:58:47 UTC 2025","Wed Nov 19 07:59:01 UTC 2025","14204","HabitNuWebAppSuite","HabitNuWebAppRegression","WebAppSanityPackage.foodGrouping","WebAppSanityPackage.foodGrouping","case18","Create 'My Meal' from logged foods in DINNER sections",""
"passed","Wed Nov 19 08:18:39 UTC 2025","Wed Nov 19 08:18:40 UTC 2025","1304","HabitNuWebAppSuite","HabitNuWebAppRegression","WebAppSanityPackage.ProfileAppClass","WebAppSanityPackage.ProfileAppClass","case90","Click on Manage Devices and validate connected devices",""
"broken","Wed Nov 19 08:27:08 UTC 2025","Wed Nov 19 08:27:08 UTC 2025","15","HabitNuWebAppSuite","HabitNuWebAppRegression","WebAppSanityPackage.WebAppClass","WebAppSanityPackage.WebAppClass","Case31_add_food_check_in_coaches","User details in coaches-dashboard",""
"passed","Wed Nov 19 07:55:12 UTC 2025","Wed Nov 19 07:55:14 UTC 2025","1676","HabitNuWebAppSuite","HabitNuWebAppRegression","WebAppSanityPackage.ExerciseSection","WebAppSanityPackage.ExerciseSection","case6","verify last added monthly and yesterday's data in details page in exercise section",""
"passed","Wed Nov 19 07:59:45 UTC 2025","Wed Nov 19 07:59:48 UTC 2025","3352","HabitNuWebAppSuite","HabitNuWebAppRegression","WebAppSanityPackage.foodGrouping","WebAppSanityPackage.foodGrouping","case24","Deleting a single item from 'My Meal' group",""
"passed","Wed Nov 19 07:53:52 UTC 2025","Wed Nov 19 07:53:52 UTC 2025","231","HabitNuWebAppSuite","HabitNuWebAppRegression","WebAppSanityPackage.DiscussAppClass","WebAppSanityPackage.DiscussAppClass","case3","Post a message with description only (should allow posting)",""
"passed","Wed Nov 19 08:30:08 UTC 2025","Wed Nov 19 08:30:08 UTC 2025","369","HabitNuWebAppSuite","HabitNuWebAppRegression","WebAppSanityPackage.Weights_lbs_Kgs","WebAppSanityPackage.Weights_lbs_Kgs","setNegativeTarget","enter negative target values and assert messages",""
"passed","Wed Nov 19 08:16:28 UTC 2025","Wed Nov 19 08:16:31 UTC 2025","3147","HabitNuWebAppSuite","HabitNuWebAppRegression","WebAppSanityPackage.ProfileAppClass","WebAppSanityPackage.ProfileAppClass","editLastName","Edit first + last name and save → should reflect",""
"passed","Wed Nov 19 08:16:19 UTC 2025","Wed Nov 19 08:16:23 UTC 2025","4659","HabitNuWebAppSuite","HabitNuWebAppRegression","WebAppSanityPackage.ProfileAppClass","WebAppSanityPackage.ProfileAppClass","uploadProfilePicture","Add profile picture → should upload",""
"passed","Wed Nov 19 08:10:22 UTC 2025","Wed Nov 19 08:10:23 UTC 2025","191","HabitNuWebAppSuite","HabitNuWebAppRegression","WebAppSanityPackage.Hba1c","WebAppSanityPackage.Hba1c","editTargetValid","edit Target - valid",""
"passed","Wed Nov 19 07:53:52 UTC 2025","Wed Nov 19 07:53:52 UTC 2025","283","HabitNuWebAppSuite","HabitNuWebAppRegression","WebAppSanityPackage.DiscussAppClass","WebAppSanityPackage.DiscussAppClass","case2","Post a message with subject only (should show error)",""
"passed","Wed Nov 19 08:24:20 UTC 2025","Wed Nov 19 08:24:28 UTC 2025","8367","HabitNuWebAppSuite","HabitNuWebAppRegression","WebAppSanityPackage.waterLog","WebAppSanityPackage.waterLog","case1","Main Page",""
"passed","Wed Nov 19 07:52:34 UTC 2025","Wed Nov 19 07:52:34 UTC 2025","430","HabitNuWebAppSuite","HabitNuWebAppRegression","WebAppSanityPackage.BloodPressure_Section","WebAppSanityPackage.BloodPressure_Section","case24_verifySystolicMaxValueValidation","[MODAL] Verify systolic field maximum value validation (max=250) with extremely large input",""
"passed","Wed Nov 19 08:01:09 UTC 2025","Wed Nov 19 08:01:11 UTC 2025","2282","HabitNuWebAppSuite","HabitNuWebAppRegression","WebAppSanityPackage.HabitsAppClass","WebAppSanityPackage.HabitsAppClass","case6","Single Click on habit button and mark a green",""
"passed","Wed Nov 19 08:22:04 UTC 2025","Wed Nov 19 08:22:28 UTC 2025","24182","HabitNuWebAppSuite","HabitNuWebAppRegression","WebAppSanityPackage.TobaccoSection","WebAppSanityPackage.TobaccoSection","Case1_noTargetSet","verify no target case",""
"passed","Wed Nov 19 08:22:40 UTC 2025","Wed Nov 19 08:22:44 UTC 2025","4214","HabitNuWebAppSuite","HabitNuWebAppRegression","WebAppSanityPackage.TobaccoSection","WebAppSanityPackage.TobaccoSection","case12","Click on Health tab and verify 'No data recorded yet' in Tobacco section",""
"passed","Wed Nov 19 07:52:46 UTC 2025","Wed Nov 19 07:52:48 UTC 2025","1881","HabitNuWebAppSuite","HabitNuWebAppRegression","WebAppSanityPackage.ChatandNotificationsClass","WebAppSanityPackage.ChatandNotificationsClass","case3","Type a message in chatbox and close the chat",""
"passed","Wed Nov 19 07:54:26 UTC 2025","Wed Nov 19 07:54:27 UTC 2025","140","HabitNuWebAppSuite","HabitNuWebAppRegression","WebAppSanityPackage.DiscussAppClass","WebAppSanityPackage.DiscussAppClass","case16","Add the comment ( It should add the comment)",""
"passed","Wed Nov 19 08:22:30 UTC 2025","Wed Nov 19 08:22:33 UTC 2025","3291","HabitNuWebAppSuite","HabitNuWebAppRegression","WebAppSanityPackage.TobaccoSection","WebAppSanityPackage.TobaccoSection","case8_editTargetValid","edit Target - valid",""
"passed","Wed Nov 19 08:02:25 UTC 2025","Wed Nov 19 08:02:43 UTC 2025","17697","HabitNuWebAppSuite","HabitNuWebAppRegression","WebAppSanityPackage.habiRecipe","WebAppSanityPackage.habiRecipe","case3_GenerateNewRecipe","Generate Recipe",""
"passed","Wed Nov 19 08:28:48 UTC 2025","Wed Nov 19 08:28:48 UTC 2025","421","HabitNuWebAppSuite","HabitNuWebAppRegression","WebAppSanityPackage.WebAppHealth_WeightSection","WebAppSanityPackage.WebAppHealth_WeightSection","editTargetWithNegatives","edit -  negative target values and assert messages",""
"passed","Wed Nov 19 08:17:21 UTC 2025","Wed Nov 19 08:17:22 UTC 2025","1466","HabitNuWebAppSuite","HabitNuWebAppRegression","WebAppSanityPackage.ProfileAppClass","WebAppSanityPackage.ProfileAppClass","case51","Add Hips (in inches) as valid number and save",""
"passed","Wed Nov 19 08:22:29 UTC 2025","Wed Nov 19 08:22:30 UTC 2025","330","HabitNuWebAppSuite","HabitNuWebAppRegression","WebAppSanityPackage.TobaccoSection","WebAppSanityPackage.TobaccoSection","case6_setTargetMoreThan99","enter target more than 99 and assert messages",""
"passed","Wed Nov 19 08:12:12 UTC 2025","Wed Nov 19 08:12:14 UTC 2025","1444","HabitNuWebAppSuite","HabitNuWebAppRegression","WebAppSanityPackage.Medication","WebAppSanityPackage.Medication","case9","Creating new Medications details like selecting add time (What time(s) do you want to take this medication?",""
"passed","Wed Nov 19 08:18:23 UTC 2025","Wed Nov 19 08:18:27 UTC 2025","3166","HabitNuWebAppSuite","HabitNuWebAppRegression","WebAppSanityPackage.ProfileAppClass","WebAppSanityPackage.ProfileAppClass","case82","Enter wrong current password and new password, click Change Password",""
"passed","Wed Nov 19 08:17:33 UTC 2025","Wed Nov 19 08:17:35 UTC 2025","2144","HabitNuWebAppSuite","HabitNuWebAppRegression","WebAppSanityPackage.ProfileAppClass","WebAppSanityPackage.ProfileAppClass","case66","Upload a file more than 15 MB",""
"passed","Wed Nov 19 08:19:33 UTC 2025","Wed Nov 19 08:19:50 UTC 2025","16792","HabitNuWebAppSuite","HabitNuWebAppRegression","WebAppSanityPackage.recipeBuilder","WebAppSanityPackage.recipeBuilder","logRecipeFromThreeDotMenu","Log recipe from three-dot menu and then delete logs",""
"passed","Wed Nov 19 08:11:09 UTC 2025","Wed Nov 19 08:11:11 UTC 2025","1425","HabitNuWebAppSuite","HabitNuWebAppRegression","WebAppSanityPackage.Login","WebAppSanityPackage.Login","testLoginWithInvalidEmailValidPassword","Verify login with invalid email and valid password",""
"passed","Wed Nov 19 07:57:55 UTC 2025","Wed Nov 19 07:58:07 UTC 2025","12072","HabitNuWebAppSuite","HabitNuWebAppRegression","WebAppSanityPackage.foodGrouping","WebAppSanityPackage.foodGrouping","case14","Add food item to Dinner section",""
"passed","Wed Nov 19 08:06:26 UTC 2025","Wed Nov 19 08:06:32 UTC 2025","6464","HabitNuWebAppSuite","HabitNuWebAppRegression","WebAppSanityPackage.habiRecipe","WebAppSanityPackage.habiRecipe","case26_SetLocalFoodPreferences","Local food preferences",""
"passed","Wed Nov 19 08:10:22 UTC 2025","Wed Nov 19 08:10:22 UTC 2025","230","HabitNuWebAppSuite","HabitNuWebAppRegression","WebAppSanityPackage.Hba1c","WebAppSanityPackage.Hba1c","setValidTarget","enter valid Target",""
"passed","Wed Nov 19 07:58:07 UTC 2025","Wed Nov 19 07:58:19 UTC 2025","11603","HabitNuWebAppSuite","HabitNuWebAppRegression","WebAppSanityPackage.foodGrouping","WebAppSanityPackage.foodGrouping","case15","Add food item to Snacks section",""
"passed","Wed Nov 19 08:29:09 UTC 2025","Wed Nov 19 08:29:09 UTC 2025","195","HabitNuWebAppSuite","HabitNuWebAppRegression","WebAppSanityPackage.WebAppHealth_WeightSection","WebAppSanityPackage.WebAppHealth_WeightSection","case6","verify multiple added today data with 998",""
"passed","Wed Nov 19 08:25:37 UTC 2025","Wed Nov 19 08:25:41 UTC 2025","3854","HabitNuWebAppSuite","HabitNuWebAppRegression","WebAppSanityPackage.WebAppClass","WebAppSanityPackage.WebAppClass","case2","Click on add food and add the food - Lunch",""
"passed","Wed Nov 19 08:12:44 UTC 2025","Wed Nov 19 08:12:55 UTC 2025","10376","HabitNuWebAppSuite","HabitNuWebAppRegression","WebAppSanityPackage.Medication","WebAppSanityPackage.Medication","case14","Weight loss medication Edit details on Log",""
"passed","Wed Nov 19 07:52:15 UTC 2025","Wed Nov 19 07:52:16 UTC 2025","1221","HabitNuWebAppSuite","HabitNuWebAppRegression","WebAppSanityPackage.BloodPressure_Section","WebAppSanityPackage.BloodPressure_Section","case14_editdiastolicTargetWithBlankValue","[MAIN CARD] Verify target edit validation error when clearing diastolic field (blank/empty value)",""
"passed","Wed Nov 19 08:12:05 UTC 2025","Wed Nov 19 08:12:08 UTC 2025","3069","HabitNuWebAppSuite","HabitNuWebAppRegression","WebAppSanityPackage.Medication","WebAppSanityPackage.Medication","case2","Navigate to Log page and open Weight Loss Medication form",""
"passed","Wed Nov 19 07:54:48 UTC 2025","Wed Nov 19 07:54:49 UTC 2025","236","HabitNuWebAppSuite","HabitNuWebAppRegression","WebAppSanityPackage.ExerciseSection","WebAppSanityPackage.ExerciseSection","AsetTarget","enter target values and do click on 'x' mark and do not save",""
"passed","Wed Nov 19 08:17:14 UTC 2025","Wed Nov 19 08:17:16 UTC 2025","1436","HabitNuWebAppSuite","HabitNuWebAppRegression","WebAppSanityPackage.ProfileAppClass","WebAppSanityPackage.ProfileAppClass","case45","Add Waist (in inches) as 0 and save",""
"passed","Wed Nov 19 08:14:49 UTC 2025","Wed Nov 19 08:14:50 UTC 2025","483","HabitNuWebAppSuite","HabitNuWebAppRegression","WebAppSanityPackage.Myrecipes","WebAppSanityPackage.Myrecipes","test17_navigatingrecipe","And User is able to delete the recipe",""
"passed","Wed Nov 19 07:52:32 UTC 2025","Wed Nov 19 07:52:33 UTC 2025","651","HabitNuWebAppSuite","HabitNuWebAppRegression","WebAppSanityPackage.BloodPressure_Section","WebAppSanityPackage.BloodPressure_Section","case21_verifyRequiredFieldValidation","[MODAL] Verify required field validation when submitting form with empty systolic and diastolic inputs",""
"passed","Wed Nov 19 08:19:02 UTC 2025","Wed Nov 19 08:19:03 UTC 2025","174","HabitNuWebAppSuite","HabitNuWebAppRegression","WebAppSanityPackage.recipeBuilder","WebAppSanityPackage.recipeBuilder","verifyLoggedRecipeUnderFood","verify logged recipe > under view food log",""
"passed","Wed Nov 19 08:11:25 UTC 2025","Wed Nov 19 08:11:26 UTC 2025","995","HabitNuWebAppSuite","HabitNuWebAppRegression","WebAppSanityPackage.Login","WebAppSanityPackage.Login","testForgotPasswordFlow","Verify the 'Forgot Password' flow sends a reset link",""
"passed","Wed Nov 19 07:54:49 UTC 2025","Wed Nov 19 07:54:49 UTC 2025","365","HabitNuWebAppSuite","HabitNuWebAppRegression","WebAppSanityPackage.ExerciseSection","WebAppSanityPackage.ExerciseSection","BeditTargetWithBlankValue","edit -  Exercise cannot be blank",""
"passed","Wed Nov 19 08:01:23 UTC 2025","Wed Nov 19 08:01:25 UTC 2025","2199","HabitNuWebAppSuite","HabitNuWebAppRegression","WebAppSanityPackage.HabitsAppClass","WebAppSanityPackage.HabitsAppClass","case12","Click on Archive and do not add the habit to archive",""
"passed","Wed Nov 19 08:20:37 UTC 2025","Wed Nov 19 08:20:46 UTC 2025","9063","HabitNuWebAppSuite","HabitNuWebAppRegression","WebAppSanityPackage.Sugar_Section","WebAppSanityPackage.Sugar_Section","case5","Click on Blood Sugar , click on add new button and add Blood Sugar fasting for current year current date -1 ",""
"passed","Wed Nov 19 08:14:15 UTC 2025","Wed Nov 19 08:14:16 UTC 2025","876","HabitNuWebAppSuite","HabitNuWebAppRegression","WebAppSanityPackage.Myrecipes","WebAppSanityPackage.Myrecipes","test2_clickonMyRecipes","When user Click on My Recipe",""
"broken","Wed Nov 19 08:13:06 UTC 2025","Wed Nov 19 08:13:16 UTC 2025","10226","HabitNuWebAppSuite","HabitNuWebAppRegression","WebAppSanityPackage.Medication","WebAppSanityPackage.Medication","Case16verifyAddNewMedicationElements","TC: Verify the elements of Add New Medication popup",""
"passed","Wed Nov 19 07:58:32 UTC 2025","Wed Nov 19 07:58:47 UTC 2025","14228","HabitNuWebAppSuite","HabitNuWebAppRegression","WebAppSanityPackage.foodGrouping","WebAppSanityPackage.foodGrouping","case17","Create 'My Meal' from logged foods in LUNCH sections",""
"passed","Wed Nov 19 08:24:34 UTC 2025","Wed Nov 19 08:24:36 UTC 2025","1274","HabitNuWebAppSuite","HabitNuWebAppRegression","WebAppSanityPackage.waterLog","WebAppSanityPackage.waterLog","case5","32 oz Water Log",""
"passed","Wed Nov 19 08:24:33 UTC 2025","Wed Nov 19 08:24:34 UTC 2025","1241","HabitNuWebAppSuite","HabitNuWebAppRegression","WebAppSanityPackage.waterLog","WebAppSanityPackage.waterLog","case4","24 oz Water Log",""
"passed","Wed Nov 19 08:19:29 UTC 2025","Wed Nov 19 08:19:33 UTC 2025","4233","HabitNuWebAppSuite","HabitNuWebAppRegression","WebAppSanityPackage.recipeBuilder","WebAppSanityPackage.recipeBuilder","removeRecipeFromFavorites","Remove recipe from favorites via three-dot menu",""
"passed","Wed Nov 19 08:18:36 UTC 2025","Wed Nov 19 08:18:37 UTC 2025","413","HabitNuWebAppSuite","HabitNuWebAppRegression","WebAppSanityPackage.ProfileAppClass","WebAppSanityPackage.ProfileAppClass","testToggleNotifications","Toggle notifications On/Off and validate state change",""
"passed","Wed Nov 19 08:05:38 UTC 2025","Wed Nov 19 08:06:17 UTC 2025","39307","HabitNuWebAppSuite","HabitNuWebAppRegression","WebAppSanityPackage.habiRecipe","WebAppSanityPackage.habiRecipe","case23_GenerateRecipeForMicronutrients","Generate New Recipe for Micronutrient considerations",""
"passed","Wed Nov 19 08:12:11 UTC 2025","Wed Nov 19 08:12:12 UTC 2025","1132","HabitNuWebAppSuite","HabitNuWebAppRegression","WebAppSanityPackage.Medication","WebAppSanityPackage.Medication","case8","Creating new Medications details like selecting add time (What time(s) do you want to take this medication?",""
"passed","Wed Nov 19 08:17:25 UTC 2025","Wed Nov 19 08:17:26 UTC 2025","190","HabitNuWebAppSuite","HabitNuWebAppRegression","WebAppSanityPackage.ProfileAppClass","WebAppSanityPackage.ProfileAppClass","case56","Click on close without editting Health parameters",""
"broken","Wed Nov 19 08:26:08 UTC 2025","Wed Nov 19 08:26:29 UTC 2025","20952","HabitNuWebAppSuite","HabitNuWebAppRegression","WebAppSanityPackage.WebAppClass","WebAppSanityPackage.WebAppClass","case13","Click on View Food Log, Edit a Food Item, Change Date and Save",""
"broken","Wed Nov 19 08:13:47 UTC 2025","Wed Nov 19 08:13:58 UTC 2025","11053","HabitNuWebAppSuite","HabitNuWebAppRegression","WebAppSanityPackage.Medication","WebAppSanityPackage.Medication","case28","Creating new Medications details like selecting add time (What time(s) do you want to take this medication?)",""
"passed","Wed Nov 19 08:20:59 UTC 2025","Wed Nov 19 08:21:10 UTC 2025","10909","HabitNuWebAppSuite","HabitNuWebAppRegression","WebAppSanityPackage.Sugar_Section","WebAppSanityPackage.Sugar_Section","case9","verify added today data in Blood Sugar section as Fasting",""
"passed","Wed Nov 19 08:16:55 UTC 2025","Wed Nov 19 08:16:56 UTC 2025","1413","HabitNuWebAppSuite","HabitNuWebAppRegression","WebAppSanityPackage.ProfileAppClass","WebAppSanityPackage.ProfileAppClass","editAddressLine2AndSave","Edit Address line 2 and save",""
"passed","Wed Nov 19 08:10:07 UTC 2025","Wed Nov 19 08:10:16 UTC 2025","9407","HabitNuWebAppSuite","HabitNuWebAppRegression","WebAppSanityPackage.Hba1c","WebAppSanityPackage.Hba1c","case10","edit data in Hba1c section",""
"passed","Wed Nov 19 08:14:32 UTC 2025","Wed Nov 19 08:14:32 UTC 2025","215","HabitNuWebAppSuite","HabitNuWebAppRegression","WebAppSanityPackage.Myrecipes","WebAppSanityPackage.Myrecipes","test10_validatetotalcalories","And user is able to validate total calories & Detailed nutrients",""
"broken","Wed Nov 19 08:29:18 UTC 2025","Wed Nov 19 08:29:21 UTC 2025","2886","HabitNuWebAppSuite","HabitNuWebAppRegression","WebAppSanityPackage.WebAppHealth_WeightSection","WebAppSanityPackage.WebAppHealth_WeightSection","graphcase1","Load web app -> Click on Health section -> Weight section -> click on three lines -> Click on graph -> click on filter as last week",""
"passed","Wed Nov 19 08:17:22 UTC 2025","Wed Nov 19 08:17:24 UTC 2025","1506","HabitNuWebAppSuite","HabitNuWebAppRegression","WebAppSanityPackage.ProfileAppClass","WebAppSanityPackage.ProfileAppClass","case53","Select Activity level as valid reason and save",""
"passed","Wed Nov 19 08:09:50 UTC 2025","Wed Nov 19 08:09:55 UTC 2025","4868","HabitNuWebAppSuite","HabitNuWebAppRegression","WebAppSanityPackage.Hba1c","WebAppSanityPackage.Hba1c","case5","add yesterday's hba1c n it should show last added data",""
"passed","Wed Nov 19 07:51:57 UTC 2025","Wed Nov 19 07:52:04 UTC 2025","7062","HabitNuWebAppSuite","HabitNuWebAppRegression","WebAppSanityPackage.BloodPressure_Section","WebAppSanityPackage.BloodPressure_Section","case1_addInitialBloodPressureData","[MAIN CARD] Navigate to Health tab and add initial blood pressure data using the Add New button",""
"passed","Wed Nov 19 08:22:50 UTC 2025","Wed Nov 19 08:22:52 UTC 2025","1616","HabitNuWebAppSuite","HabitNuWebAppRegression","WebAppSanityPackage.TobaccoSection","WebAppSanityPackage.TobaccoSection","case15_graphcase1","Load web app -> Click on Health section -> Weight section -> click on three lines -> Click on graph -> click on filter as last week",""
"passed","Wed Nov 19 08:25:02 UTC 2025","Wed Nov 19 08:25:03 UTC 2025","1092","HabitNuWebAppSuite","HabitNuWebAppRegression","WebAppSanityPackage.waterLog","WebAppSanityPackage.waterLog","case10","Total Water Logged Count",""
"broken","Wed Nov 19 08:13:32 UTC 2025","Wed Nov 19 08:13:44 UTC 2025","12225","HabitNuWebAppSuite","HabitNuWebAppRegression","WebAppSanityPackage.Medication","WebAppSanityPackage.Medication","case20","Creating new Medications details like selecting",""
"failed","Wed Nov 19 08:11:16 UTC 2025","Wed Nov 19 08:11:19 UTC 2025","3057","HabitNuWebAppSuite","HabitNuWebAppRegression","WebAppSanityPackage.Login","WebAppSanityPackage.Login","testLoginWithValidOTP","Verify successful login using a valid OTP from email",""
"passed","Wed Nov 19 08:04:54 UTC 2025","Wed Nov 19 08:05:17 UTC 2025","22878","HabitNuWebAppSuite","HabitNuWebAppRegression","WebAppSanityPackage.habiRecipe","WebAppSanityPackage.habiRecipe","case19_GenerateRecipeForMacronutrients","Generate New Recipe for Macronutrient considerations",""
"passed","Wed Nov 19 08:24:14 UTC 2025","Wed Nov 19 08:24:17 UTC 2025","2696","HabitNuWebAppSuite","HabitNuWebAppRegression","WebAppSanityPackage.TobaccoSection","WebAppSanityPackage.TobaccoSection","case26","edit data in tobacco section",""
"broken","Wed Nov 19 08:29:36 UTC 2025","Wed Nov 19 08:29:47 UTC 2025","10653","HabitNuWebAppSuite","HabitNuWebAppRegression","WebAppSanityPackage.WebAppHealth_WeightSection","WebAppSanityPackage.WebAppHealth_WeightSection","graphCase6","Load web app -> Click on Health section -> Weight section -> verify graph values",""
"passed","Wed Nov 19 07:52:33 UTC 2025","Wed Nov 19 07:52:34 UTC 2025","399","HabitNuWebAppSuite","HabitNuWebAppRegression","WebAppSanityPackage.BloodPressure_Section","WebAppSanityPackage.BloodPressure_Section","case23_verifyNegativeDiastolicValidation","[MODAL] Verify form validation when entering negative value in diastolic field (min=0 validation) and leaving systolic field blank",""
"passed","Wed Nov 19 07:54:28 UTC 2025","Wed Nov 19 07:54:28 UTC 2025","342","HabitNuWebAppSuite","HabitNuWebAppRegression","WebAppSanityPackage.DiscussAppClass","WebAppSanityPackage.DiscussAppClass","case22","Post a message in my post",""
"broken","Wed Nov 19 08:08:51 UTC 2025","Wed Nov 19 08:09:13 UTC 2025","22247","HabitNuWebAppSuite","HabitNuWebAppRegression","WebAppSanityPackage.habiRecipe","WebAppSanityPackage.habiRecipe","case35_RegenerateSelectedRecipe","Selecting the Generated Recipe and Regenrating it",""
"passed","Wed Nov 19 08:26:50 UTC 2025","Wed Nov 19 08:26:51 UTC 2025","1371","HabitNuWebAppSuite","HabitNuWebAppRegression","WebAppSanityPackage.WebAppClass","WebAppSanityPackage.WebAppClass","case20","Add food quantity as 0",""
"passed","Wed Nov 19 08:22:29 UTC 2025","Wed Nov 19 08:22:29 UTC 2025","332","HabitNuWebAppSuite","HabitNuWebAppRegression","WebAppSanityPackage.TobaccoSection","WebAppSanityPackage.TobaccoSection","case5_setNegativeTarget","enter negative target values and assert messages",""
"broken","Wed Nov 19 08:24:17 UTC 2025","Wed Nov 19 08:24:17 UTC 2025","128","HabitNuWebAppSuite","HabitNuWebAppRegression","WebAppSanityPackage.TobaccoSection","WebAppSanityPackage.TobaccoSection","case27","verify decimal data in Tobacco Count section",""
"passed","Wed Nov 19 08:20:00 UTC 2025","Wed Nov 19 08:20:00 UTC 2025","196","HabitNuWebAppSuite","HabitNuWebAppRegression","WebAppSanityPackage.Sugar_Section","WebAppSanityPackage.Sugar_Section","placeHolderOfBPCountValueInputBox","verify placeholder - High and Low ",""
"passed","Wed Nov 19 08:18:21 UTC 2025","Wed Nov 19 08:18:21 UTC 2025","240","HabitNuWebAppSuite","HabitNuWebAppRegression","WebAppSanityPackage.ProfileAppClass","WebAppSanityPackage.ProfileAppClass","case79","Click directly on Change Password without entering any data",""
"broken","Wed Nov 19 08:18:43 UTC 2025","Wed Nov 19 08:18:43 UTC 2025","3","HabitNuWebAppSuite","HabitNuWebAppRegression","WebAppSanityPackage.RegistrationBanner","WebAppSanityPackage.RegistrationBanner","setup","setup",""
"passed","Wed Nov 19 08:16:31 UTC 2025","Wed Nov 19 08:16:35 UTC 2025","3044","HabitNuWebAppSuite","HabitNuWebAppRegression","WebAppSanityPackage.ProfileAppClass","WebAppSanityPackage.ProfileAppClass","lastNameBlankTest","Leave last name as blank → should show default name or fail gracefully",""
"broken","Wed Nov 19 08:14:33 UTC 2025","Wed Nov 19 08:14:34 UTC 2025","527","HabitNuWebAppSuite","HabitNuWebAppRegression","WebAppSanityPackage.Myrecipes","WebAppSanityPackage.Myrecipes","test12_savedrecipes","And user is able to save created recipes",""
"passed","Wed Nov 19 08:20:05 UTC 2025","Wed Nov 19 08:20:09 UTC 2025","4301","HabitNuWebAppSuite","HabitNuWebAppRegression","WebAppSanityPackage.Sugar_Section","WebAppSanityPackage.Sugar_Section","editTargetButDoNotSave","edit target values and do click on 'x' mark and do not save",""
"passed","Wed Nov 19 07:53:13 UTC 2025","Wed Nov 19 07:53:24 UTC 2025","10300","HabitNuWebAppSuite","HabitNuWebAppRegression","WebAppSanityPackage.ChatandNotificationsClass","WebAppSanityPackage.ChatandNotificationsClass","case10","Click on HabitNu: Welcome to a new week! Please step on your scale to record your weight 3 days this week!",""
"passed","Wed Nov 19 08:01:56 UTC 2025","Wed Nov 19 08:02:04 UTC 2025","8249","HabitNuWebAppSuite","HabitNuWebAppRegression","WebAppSanityPackage.HabitsAppClass","WebAppSanityPackage.HabitsAppClass","case24","Click on Calender and edit  and save the details",""
"passed","Wed Nov 19 08:21:52 UTC 2025","Wed Nov 19 08:21:57 UTC 2025","4830","HabitNuWebAppSuite","HabitNuWebAppRegression","WebAppSanityPackage.Sugar_Section","WebAppSanityPackage.Sugar_Section","case16","verify blank data in Blood Sugar section before meal",""
"passed","Wed Nov 19 07:55:01 UTC 2025","Wed Nov 19 07:55:01 UTC 2025","251","HabitNuWebAppSuite","HabitNuWebAppRegression","WebAppSanityPackage.ExerciseSection","WebAppSanityPackage.ExerciseSection","case3","Verify No data added for last 30 days",""
"passed","Wed Nov 19 07:52:11 UTC 2025","Wed Nov 19 07:52:11 UTC 2025","404","HabitNuWebAppSuite","HabitNuWebAppRegression","WebAppSanityPackage.BloodPressure_Section","WebAppSanityPackage.BloodPressure_Section","case9_editTargetValid","[MAIN CARD] Verify successful editing of existing blood pressure target with valid values",""
"failed","Wed Nov 19 08:17:10 UTC 2025","Wed Nov 19 08:17:12 UTC 2025","1922","HabitNuWebAppSuite","HabitNuWebAppRegression","WebAppSanityPackage.ProfileAppClass","WebAppSanityPackage.ProfileAppClass","addValidHeightAndSave","Add valid Height and save",""
"passed","Wed Nov 19 07:54:22 UTC 2025","Wed Nov 19 07:54:26 UTC 2025","3477","HabitNuWebAppSuite","HabitNuWebAppRegression","WebAppSanityPackage.DiscussAppClass","WebAppSanityPackage.DiscussAppClass","Case13","Edit the post by adding a file (It should edit the post)",""
"passed","Wed Nov 19 08:26:43 UTC 2025","Wed Nov 19 08:26:46 UTC 2025","3693","HabitNuWebAppSuite","HabitNuWebAppRegression","WebAppSanityPackage.WebAppClass","WebAppSanityPackage.WebAppClass","case18","Attempt to Edit Food without Mandatory Fields",""
"passed","Wed Nov 19 08:09:55 UTC 2025","Wed Nov 19 08:10:00 UTC 2025","4475","HabitNuWebAppSuite","HabitNuWebAppRegression","WebAppSanityPackage.Hba1c","WebAppSanityPackage.Hba1c","case7","verify blank data in Hba1c section",""
"passed","Wed Nov 19 07:52:14 UTC 2025","Wed Nov 19 07:52:14 UTC 2025","382","HabitNuWebAppSuite","HabitNuWebAppRegression","WebAppSanityPackage.BloodPressure_Section","WebAppSanityPackage.BloodPressure_Section","case11_editTargetWithNegatives","[MAIN CARD] Verify target edit validation error when entering negative systolic value",""
"passed","Wed Nov 19 08:20:00 UTC 2025","Wed Nov 19 08:20:00 UTC 2025","380","HabitNuWebAppSuite","HabitNuWebAppRegression","WebAppSanityPackage.Sugar_Section","WebAppSanityPackage.Sugar_Section","setNegativeDiastolicTarget","enter negative Low target values and assert messages",""
"passed","Wed Nov 19 08:13:45 UTC 2025","Wed Nov 19 08:13:45 UTC 2025","131","HabitNuWebAppSuite","HabitNuWebAppRegression","WebAppSanityPackage.Medication","WebAppSanityPackage.Medication","case22","Creating new Medications details like selecting mg or ml.",""
"passed","Wed Nov 19 08:27:03 UTC 2025","Wed Nov 19 08:27:03 UTC 2025","14","HabitNuWebAppSuite","HabitNuWebAppRegression","WebAppSanityPackage.WebAppClass","WebAppSanityPackage.WebAppClass","Case_28check_the_link_in_log","Checking the nutritional details pop-up",""
"passed","Wed Nov 19 08:10:50 UTC 2025","Wed Nov 19 08:10:50 UTC 2025","450","HabitNuWebAppSuite","HabitNuWebAppRegression","WebAppSanityPackage.Login","WebAppSanityPackage.Login","testLoginWithInvalidEmailFormat","Verify error for an invalid email format",""
"passed","Wed Nov 19 08:18:52 UTC 2025","Wed Nov 19 08:18:53 UTC 2025","1471","HabitNuWebAppSuite","HabitNuWebAppRegression","WebAppSanityPackage.recipeBuilder","WebAppSanityPackage.recipeBuilder","validateRecipeCardElements","Verify recipe card elements",""
"passed","Wed Nov 19 08:25:03 UTC 2025","Wed Nov 19 08:25:08 UTC 2025","4814","HabitNuWebAppSuite","HabitNuWebAppRegression","WebAppSanityPackage.waterLog","WebAppSanityPackage.waterLog","case13","237 ml Water Log",""
"passed","Wed Nov 19 08:25:12 UTC 2025","Wed Nov 19 08:25:13 UTC 2025","1315","HabitNuWebAppSuite","HabitNuWebAppRegression","WebAppSanityPackage.waterLog","WebAppSanityPackage.waterLog","case17","1183 ml Water Log",""
"passed","Wed Nov 19 08:01:38 UTC 2025","Wed Nov 19 08:01:40 UTC 2025","1521","HabitNuWebAppSuite","HabitNuWebAppRegression","WebAppSanityPackage.HabitsAppClass","WebAppSanityPackage.HabitsAppClass","case18","Click on Active Habits dropdown",""
"passed","Wed Nov 19 08:28:50 UTC 2025","Wed Nov 19 08:29:05 UTC 2025","14908","HabitNuWebAppSuite","HabitNuWebAppRegression","WebAppSanityPackage.WebAppHealth_WeightSection","WebAppSanityPackage.WebAppHealth_WeightSection","case2","Click on weight , click on add new button and add weight for last month",""
"skipped","Wed Nov 19 08:14:09 UTC 2025","Wed Nov 19 08:14:09 UTC 2025","0","HabitNuWebAppSuite","HabitNuWebAppRegression","WebAppSanityPackage.Medication","WebAppSanityPackage.Medication","case34","Medication Log History ",""
"passed","Wed Nov 19 08:17:10 UTC 2025","Wed Nov 19 08:17:10 UTC 2025","291","HabitNuWebAppSuite","HabitNuWebAppRegression","WebAppSanityPackage.ProfileAppClass","WebAppSanityPackage.ProfileAppClass","clickOnEditHealthParameters","Click on Health parameters edit → Should open edit mode",""
"passed","Wed Nov 19 08:00:43 UTC 2025","Wed Nov 19 08:00:52 UTC 2025","8950","HabitNuWebAppSuite","HabitNuWebAppRegression","WebAppSanityPackage.HabitsAppClass","WebAppSanityPackage.HabitsAppClass","case4","click on forward arrowmark it should take you to current week",""
"passed","Wed Nov 19 08:00:21 UTC 2025","Wed Nov 19 08:00:29 UTC 2025","8414","HabitNuWebAppSuite","HabitNuWebAppRegression","WebAppSanityPackage.generalContentWEB","WebAppSanityPackage.generalContentWEB","case3","Verify Fitness Videos Details Consistency",""
"passed","Wed Nov 19 08:10:00 UTC 2025","Wed Nov 19 08:10:04 UTC 2025","4461","HabitNuWebAppSuite","HabitNuWebAppRegression","WebAppSanityPackage.Hba1c","WebAppSanityPackage.Hba1c","case8","verify negative data in Hba1c count section",""
"passed","Wed Nov 19 08:13:45 UTC 2025","Wed Nov 19 08:13:45 UTC 2025","227","HabitNuWebAppSuite","HabitNuWebAppRegression","WebAppSanityPackage.Medication","WebAppSanityPackage.Medication","case23","Creating new Medications details like selecting Type/Form.",""
"passed","Wed Nov 19 08:20:01 UTC 2025","Wed Nov 19 08:20:01 UTC 2025","387","HabitNuWebAppSuite","HabitNuWebAppRegression","WebAppSanityPackage.Sugar_Section","WebAppSanityPackage.Sugar_Section","setLowTargetMoreThan200","enter Low target more than 1000 and assert messages",""
"passed","Wed Nov 19 08:04:41 UTC 2025","Wed Nov 19 08:04:45 UTC 2025","4192","HabitNuWebAppSuite","HabitNuWebAppRegression","WebAppSanityPackage.habiRecipe","WebAppSanityPackage.habiRecipe","case16_LogDietTypeRecipe","Selecting the  Generated Recipe of diet type and Logging It",""
"passed","Wed Nov 19 08:12:08 UTC 2025","Wed Nov 19 08:12:09 UTC 2025","363","HabitNuWebAppSuite","HabitNuWebAppRegression","WebAppSanityPackage.Medication","WebAppSanityPackage.Medication","case4","Creating new Medications details like selecting mg or ml.",""
"passed","Wed Nov 19 08:14:27 UTC 2025","Wed Nov 19 08:14:29 UTC 2025","2616","HabitNuWebAppSuite","HabitNuWebAppRegression","WebAppSanityPackage.Myrecipes","WebAppSanityPackage.Myrecipes","test6_createrecipe","And user is able to create my recipe",""
"passed","Wed Nov 19 08:18:45 UTC 2025","Wed Nov 19 08:18:50 UTC 2025","4802","HabitNuWebAppSuite","HabitNuWebAppRegression","WebAppSanityPackage.recipeBuilder","WebAppSanityPackage.recipeBuilder","verifyRecipeSectionOnHomePage","Verify recipe section on Home Page",""
"passed","Wed Nov 19 07:58:19 UTC 2025","Wed Nov 19 07:58:32 UTC 2025","13865","HabitNuWebAppSuite","HabitNuWebAppRegression","WebAppSanityPackage.foodGrouping","WebAppSanityPackage.foodGrouping","case16","Create 'My Meal' from logged foods in BREAKFAST sections",""
"passed","Wed Nov 19 07:52:09 UTC 2025","Wed Nov 19 07:52:10 UTC 2025","422","HabitNuWebAppSuite","HabitNuWebAppRegression","WebAppSanityPackage.BloodPressure_Section","WebAppSanityPackage.BloodPressure_Section","case6_setSystolicTargetMoreThan250","[MAIN CARD] Verify Set Target validation error when entering systolic target value greater than 250",""
"skipped","Wed Nov 19 08:14:09 UTC 2025","Wed Nov 19 08:14:09 UTC 2025","0","HabitNuWebAppSuite","HabitNuWebAppRegression","WebAppSanityPackage.Medication","WebAppSanityPackage.Medication","case33","Weight loss medication Skipped and taken",""
"passed","Wed Nov 19 07:56:43 UTC 2025","Wed Nov 19 07:56:44 UTC 2025","1335","HabitNuWebAppSuite","HabitNuWebAppRegression","WebAppSanityPackage.foodGrouping","WebAppSanityPackage.foodGrouping","case7","Verify the created group name in Food Group section and Log it In Lunch",""
"passed","Wed Nov 19 07:54:07 UTC 2025","Wed Nov 19 07:54:09 UTC 2025","1793","HabitNuWebAppSuite","HabitNuWebAppRegression","WebAppSanityPackage.DiscussAppClass","WebAppSanityPackage.DiscussAppClass","case8","Upload only a file (should not allow)",""
"passed","Wed Nov 19 07:54:03 UTC 2025","Wed Nov 19 07:54:07 UTC 2025","4092","HabitNuWebAppSuite","HabitNuWebAppRegression","WebAppSanityPackage.DiscussAppClass","WebAppSanityPackage.DiscussAppClass","case7","Upload a message with description and add file (should upload the file)",""
"passed","Wed Nov 19 08:26:06 UTC 2025","Wed Nov 19 08:26:08 UTC 2025","1677","HabitNuWebAppSuite","HabitNuWebAppRegression","WebAppSanityPackage.WebAppClass","WebAppSanityPackage.WebAppClass","case12","Click on View Food Log, and add food - Snacks",""
"passed","Wed Nov 19 08:02:04 UTC 2025","Wed Nov 19 08:02:04 UTC 2025","190","HabitNuWebAppSuite","HabitNuWebAppRegression","WebAppSanityPackage.HabitsAppClass","WebAppSanityPackage.HabitsAppClass","case26","Click on Archive and do not add the habit to archive",""
"passed","Wed Nov 19 08:17:19 UTC 2025","Wed Nov 19 08:17:20 UTC 2025","1357","HabitNuWebAppSuite","HabitNuWebAppRegression","WebAppSanityPackage.ProfileAppClass","WebAppSanityPackage.ProfileAppClass","case49","Add Hips (in inches) as 0 and save",""
"passed","Wed Nov 19 08:16:35 UTC 2025","Wed Nov 19 08:16:35 UTC 2025","201","HabitNuWebAppSuite","HabitNuWebAppRegression","WebAppSanityPackage.ProfileAppClass","WebAppSanityPackage.ProfileAppClass","clearGenderAndSave","Clear gender and save → should save or skip validation",""
"passed","Wed Nov 19 08:17:16 UTC 2025","Wed Nov 19 08:17:18 UTC 2025","1522","HabitNuWebAppSuite","HabitNuWebAppRegression","WebAppSanityPackage.ProfileAppClass","WebAppSanityPackage.ProfileAppClass","case47","Add Waist (in inches) as valid number and save",""
"passed","Wed Nov 19 08:04:18 UTC 2025","Wed Nov 19 08:04:41 UTC 2025","23406","HabitNuWebAppSuite","HabitNuWebAppRegression","WebAppSanityPackage.habiRecipe","WebAppSanityPackage.habiRecipe","case15_GenerateRecipeForDietType","Generate New Recipe for diet type",""
"passed","Wed Nov 19 07:52:51 UTC 2025","Wed Nov 19 07:52:51 UTC 2025","127","HabitNuWebAppSuite","HabitNuWebAppRegression","WebAppSanityPackage.ChatandNotificationsClass","WebAppSanityPackage.ChatandNotificationsClass","case5","Close the chatbox",""
"passed","Wed Nov 19 08:17:48 UTC 2025","Wed Nov 19 08:17:51 UTC 2025","2622","HabitNuWebAppSuite","HabitNuWebAppRegression","WebAppSanityPackage.ProfileAppClass","WebAppSanityPackage.ProfileAppClass","case70","Upload the name only and upload",""
"passed","Wed Nov 19 08:17:39 UTC 2025","Wed Nov 19 08:17:45 UTC 2025","5782","HabitNuWebAppSuite","HabitNuWebAppRegression","WebAppSanityPackage.ProfileAppClass","WebAppSanityPackage.ProfileAppClass","case68","Upload file, name, and type and submit",""
"passed","Wed Nov 19 08:18:16 UTC 2025","Wed Nov 19 08:18:18 UTC 2025","2584","HabitNuWebAppSuite","HabitNuWebAppRegression","WebAppSanityPackage.ProfileAppClass","WebAppSanityPackage.ProfileAppClass","case76","Click on delete file and accept it",""
"passed","Wed Nov 19 08:14:42 UTC 2025","Wed Nov 19 08:14:49 UTC 2025","7025","HabitNuWebAppSuite","HabitNuWebAppRegression","WebAppSanityPackage.Myrecipes","WebAppSanityPackage.Myrecipes","test16_logmeal","And user is able to add Meal which is logged from my recipe",""
"passed","Wed Nov 19 08:23:02 UTC 2025","Wed Nov 19 08:23:13 UTC 2025","11084","HabitNuWebAppSuite","HabitNuWebAppRegression","WebAppSanityPackage.TobaccoSection","WebAppSanityPackage.TobaccoSection","case19","Click on tobacco , click on add new button and add tobacco for last month and and Total count of the day should be 0",""
"passed","Wed Nov 19 08:16:39 UTC 2025","Wed Nov 19 08:16:41 UTC 2025","1575","HabitNuWebAppSuite","HabitNuWebAppRegression","WebAppSanityPackage.ProfileAppClass","WebAppSanityPackage.ProfileAppClass","clearDOBAndSave","Clear DOB field and save → should save or ignore gracefully",""
"passed","Wed Nov 19 08:22:55 UTC 2025","Wed Nov 19 08:22:59 UTC 2025","4476","HabitNuWebAppSuite","HabitNuWebAppRegression","WebAppSanityPackage.TobaccoSection","WebAppSanityPackage.TobaccoSection","case17_graphcase3","Load web app -> Click on Health section -> Weight section -> click on three lines -> Click on graph -> click on filter as last year",""
"passed","Wed Nov 19 08:14:34 UTC 2025","Wed Nov 19 08:14:35 UTC 2025","1497","HabitNuWebAppSuite","HabitNuWebAppRegression","WebAppSanityPackage.Myrecipes","WebAppSanityPackage.Myrecipes","test13_addremovefavorite","And user is able to add &vremove the favorite recipes",""
"passed","Wed Nov 19 08:17:09 UTC 2025","Wed Nov 19 08:17:10 UTC 2025","887","HabitNuWebAppSuite","HabitNuWebAppRegression","WebAppSanityPackage.ProfileAppClass","WebAppSanityPackage.ProfileAppClass","validateContactDetailsFields","Validate presence and absence of fields in Contact Details section",""
"passed","Wed Nov 19 07:55:23 UTC 2025","Wed Nov 19 07:55:23 UTC 2025","190","HabitNuWebAppSuite","HabitNuWebAppRegression","WebAppSanityPackage.ExerciseSection","WebAppSanityPackage.ExerciseSection","case11","verify negative data as others in exercise section",""
"passed","Wed Nov 19 08:29:05 UTC 2025","Wed Nov 19 08:29:06 UTC 2025","1423","HabitNuWebAppSuite","HabitNuWebAppRegression","WebAppSanityPackage.WebAppHealth_WeightSection","WebAppSanityPackage.WebAppHealth_WeightSection","case3","add yesterday's weight n it should show last added data",""
"passed","Wed Nov 19 08:16:47 UTC 2025","Wed Nov 19 08:16:48 UTC 2025","1610","HabitNuWebAppSuite","HabitNuWebAppRegression","WebAppSanityPackage.ProfileAppClass","WebAppSanityPackage.ProfileAppClass","closeBasicInfoWithoutSaving","Click close without saving Basic information → No change expected",""
"passed","Wed Nov 19 08:11:46 UTC 2025","Wed Nov 19 08:11:47 UTC 2025","1278","HabitNuWebAppSuite","HabitNuWebAppRegression","WebAppSanityPackage.Login","WebAppSanityPackage.Login","testLanguageChangeToSpanish","Verify language change to Spanish",""
"passed","Wed Nov 19 08:18:57 UTC 2025","Wed Nov 19 08:18:58 UTC 2025","669","HabitNuWebAppSuite","HabitNuWebAppRegression","WebAppSanityPackage.recipeBuilder","WebAppSanityPackage.recipeBuilder","viewTheFavoritedRecipePage","view fav recipe",""
"passed","Wed Nov 19 08:04:47 UTC 2025","Wed Nov 19 08:04:54 UTC 2025","6723","HabitNuWebAppSuite","HabitNuWebAppRegression","WebAppSanityPackage.habiRecipe","WebAppSanityPackage.habiRecipe","case18_SetMacronutrientPreferences","Macronutrient considerations",""
"passed","Wed Nov 19 07:52:20 UTC 2025","Wed Nov 19 07:52:20 UTC 2025","76","HabitNuWebAppSuite","HabitNuWebAppRegression","WebAppSanityPackage.BloodPressure_Section","WebAppSanityPackage.BloodPressure_Section","case17_verifyNoDataFor30DaysMessage","[MAIN CARD] Verify 'No data for last 30 days' message displays correctly in widget",""
"passed","Wed Nov 19 07:54:27 UTC 2025","Wed Nov 19 07:54:27 UTC 2025","131","HabitNuWebAppSuite","HabitNuWebAppRegression","WebAppSanityPackage.DiscussAppClass","WebAppSanityPackage.DiscussAppClass","case17","Click on + button of coaches ( it should list all coaches)",""
"passed","Wed Nov 19 07:52:36 UTC 2025","Wed Nov 19 07:52:37 UTC 2025","838","HabitNuWebAppSuite","HabitNuWebAppRegression","WebAppSanityPackage.BloodPressure_Section","WebAppSanityPackage.BloodPressure_Section","case29_verifyDecimalValueValidationAndCleanup","[MODAL] Verify decimal value validation in form fields and cleanup test data using delete action buttons",""
"passed","Wed Nov 19 08:22:28 UTC 2025","Wed Nov 19 08:22:29 UTC 2025","336","HabitNuWebAppSuite","HabitNuWebAppRegression","WebAppSanityPackage.TobaccoSection","WebAppSanityPackage.TobaccoSection","case2_setTarget","enter target values and do click on 'x' mark and do not save",""
"passed","Wed Nov 19 08:11:06 UTC 2025","Wed Nov 19 08:11:08 UTC 2025","2263","HabitNuWebAppSuite","HabitNuWebAppRegression","WebAppSanityPackage.Login","WebAppSanityPackage.Login","testFieldValidationOnBlur","Verify field validations on blur",""
"broken","Wed Nov 19 08:24:49 UTC 2025","Wed Nov 19 08:25:01 UTC 2025","11982","HabitNuWebAppSuite","HabitNuWebAppRegression","WebAppSanityPackage.waterLog","WebAppSanityPackage.waterLog","case9","Custom Water Log by Using + and - Buttons",""
"passed","Wed Nov 19 08:10:55 UTC 2025","Wed Nov 19 08:10:57 UTC 2025","1926","HabitNuWebAppSuite","HabitNuWebAppRegression","WebAppSanityPackage.Login","WebAppSanityPackage.Login","testLoginWithDeactivatedUser","Verify error for a disenrolled (deactivated) user",""
"passed","Wed Nov 19 08:16:23 UTC 2025","Wed Nov 19 08:16:24 UTC 2025","666","HabitNuWebAppSuite","HabitNuWebAppRegression","WebAppSanityPackage.ProfileAppClass","WebAppSanityPackage.ProfileAppClass","uploadInvalidProfilePicture","Try adding PDF as profile picture → should NOT allow",""
"passed","Wed Nov 19 08:10:16 UTC 2025","Wed Nov 19 08:10:18 UTC 2025","1996","HabitNuWebAppSuite","HabitNuWebAppRegression","WebAppSanityPackage.Hba1c","WebAppSanityPackage.Hba1c","case12","verify deleting of hba1c datas",""
"passed","Wed Nov 19 08:01:13 UTC 2025","Wed Nov 19 08:01:15 UTC 2025","1304","HabitNuWebAppSuite","HabitNuWebAppRegression","WebAppSanityPackage.HabitsAppClass","WebAppSanityPackage.HabitsAppClass","case9","Click on Edit and edit the habit",""
"passed","Wed Nov 19 08:20:02 UTC 2025","Wed Nov 19 08:20:05 UTC 2025","2297","HabitNuWebAppSuite","HabitNuWebAppRegression","WebAppSanityPackage.Sugar_Section","WebAppSanityPackage.Sugar_Section","editTargetValid","edit Target - valid",""
"passed","Wed Nov 19 08:11:22 UTC 2025","Wed Nov 19 08:11:23 UTC 2025","1696","HabitNuWebAppSuite","HabitNuWebAppRegression","WebAppSanityPackage.Login","WebAppSanityPackage.Login","testLoginWithInvalidOTP","Verify error message when using an invalid OTP",""
"passed","Wed Nov 19 08:24:32 UTC 2025","Wed Nov 19 08:24:33 UTC 2025","1173","HabitNuWebAppSuite","HabitNuWebAppRegression","WebAppSanityPackage.waterLog","WebAppSanityPackage.waterLog","case3","16 oz Water Log",""
"passed","Wed Nov 19 08:06:32 UTC 2025","Wed Nov 19 08:07:16 UTC 2025","43743","HabitNuWebAppSuite","HabitNuWebAppRegression","WebAppSanityPackage.habiRecipe","WebAppSanityPackage.habiRecipe","case27_GenerateRecipeForLocalFood","Generate New Recipe for Local food preferences",""
"passed","Wed Nov 19 08:17:03 UTC 2025","Wed Nov 19 08:17:04 UTC 2025","434","HabitNuWebAppSuite","HabitNuWebAppRegression","WebAppSanityPackage.ProfileAppClass","WebAppSanityPackage.ProfileAppClass","keepZipcodevalidAndSaveforminus","Keep Zipcode with valid numbers and save → Should show validation error for missing '-' ",""
"passed","Wed Nov 19 08:10:23 UTC 2025","Wed Nov 19 08:10:26 UTC 2025","3213","HabitNuWebAppSuite","HabitNuWebAppRegression","WebAppSanityPackage.Hba1c","WebAppSanityPackage.Hba1c","editTargetButDoNotSave","edit target values and do click on 'x' mark and do not save",""
"passed","Wed Nov 19 07:52:10 UTC 2025","Wed Nov 19 07:52:11 UTC 2025","860","HabitNuWebAppSuite","HabitNuWebAppRegression","WebAppSanityPackage.BloodPressure_Section","WebAppSanityPackage.BloodPressure_Section","case8_setValidTarget","[MAIN CARD] Verify successful setting of valid blood pressure target values via Set Target button",""
"passed","Wed Nov 19 08:29:06 UTC 2025","Wed Nov 19 08:29:06 UTC 2025","176","HabitNuWebAppSuite","HabitNuWebAppRegression","WebAppSanityPackage.WebAppHealth_WeightSection","WebAppSanityPackage.WebAppHealth_WeightSection","case4","verify last added monthly and yesterday's data in details page",""
"passed","Wed Nov 19 08:22:30 UTC 2025","Wed Nov 19 08:22:30 UTC 2025","232","HabitNuWebAppSuite","HabitNuWebAppRegression","WebAppSanityPackage.TobaccoSection","WebAppSanityPackage.TobaccoSection","case7_setValidTarget","enter valid Target",""
"skipped","Wed Nov 19 08:14:09 UTC 2025","Wed Nov 19 08:14:09 UTC 2025","0","HabitNuWebAppSuite","HabitNuWebAppRegression","WebAppSanityPackage.Medication","WebAppSanityPackage.Medication","case32","Weight loss medication Review",""
"passed","Wed Nov 19 08:09:24 UTC 2025","Wed Nov 19 08:09:29 UTC 2025","5443","HabitNuWebAppSuite","HabitNuWebAppRegression","WebAppSanityPackage.Hba1c","WebAppSanityPackage.Hba1c","case1","Click on Health tab and verify 'No data recorded yet' in HbA1c section",""
"passed","Wed Nov 19 08:10:04 UTC 2025","Wed Nov 19 08:10:07 UTC 2025","2505","HabitNuWebAppSuite","HabitNuWebAppRegression","WebAppSanityPackage.Hba1c","WebAppSanityPackage.Hba1c","case9","verify data should not be more than 14 in Hba1c count section",""
"passed","Wed Nov 19 08:01:22 UTC 2025","Wed Nov 19 08:01:23 UTC 2025","252","HabitNuWebAppSuite","HabitNuWebAppRegression","WebAppSanityPackage.HabitsAppClass","WebAppSanityPackage.HabitsAppClass","case11","Click on Calender and close it without making changes",""
"passed","Wed Nov 19 07:59:34 UTC 2025","Wed Nov 19 07:59:38 UTC 2025","3539","HabitNuWebAppSuite","HabitNuWebAppRegression","WebAppSanityPackage.foodGrouping","WebAppSanityPackage.foodGrouping","case22","editing 'My Meal' from existing group, delete items, then cancel",""
"passed","Wed Nov 19 08:29:56 UTC 2025","Wed Nov 19 08:30:02 UTC 2025","5770","HabitNuWebAppSuite","HabitNuWebAppRegression","WebAppSanityPackage.Weights_lbs_Kgs","WebAppSanityPackage.Weights_lbs_Kgs","case1","Set Targets with Unit Toggle and store selected unit",""
"passed","Wed Nov 19 08:04:09 UTC 2025","Wed Nov 19 08:04:11 UTC 2025","2040","HabitNuWebAppSuite","HabitNuWebAppRegression","WebAppSanityPackage.habiRecipe","WebAppSanityPackage.habiRecipe","case13_SelectRecipeFromDashboardAndLog","Selecting the Generated Recipe and Logging It",""
"passed","Wed Nov 19 08:18:27 UTC 2025","Wed Nov 19 08:18:28 UTC 2025","1687","HabitNuWebAppSuite","HabitNuWebAppRegression","WebAppSanityPackage.ProfileAppClass","WebAppSanityPackage.ProfileAppClass","case83","Enter mismatched confirm password and click Change Password",""
"passed","Wed Nov 19 07:57:28 UTC 2025","Wed Nov 19 07:57:31 UTC 2025","3014","HabitNuWebAppSuite","HabitNuWebAppRegression","WebAppSanityPackage.foodGrouping","WebAppSanityPackage.foodGrouping","case11","Verify the created group name in Food Group section and Log it In snacks",""
"passed","Wed Nov 19 07:56:17 UTC 2025","Wed Nov 19 07:56:17 UTC 2025","69","HabitNuWebAppSuite","HabitNuWebAppRegression","WebAppSanityPackage.foodGrouping","WebAppSanityPackage.foodGrouping","case3","Verify the created group name in Food Group section",""
"passed","Wed Nov 19 08:19:22 UTC 2025","Wed Nov 19 08:19:23 UTC 2025","94","HabitNuWebAppSuite","HabitNuWebAppRegression","WebAppSanityPackage.recipeBuilder","WebAppSanityPackage.recipeBuilder","verifyRemoveFavorites_from_recipeView_page","remove fav recipes from recipe view page",""
"passed","Wed Nov 19 08:17:24 UTC 2025","Wed Nov 19 08:17:25 UTC 2025","1471","HabitNuWebAppSuite","HabitNuWebAppRegression","WebAppSanityPackage.ProfileAppClass","WebAppSanityPackage.ProfileAppClass","case55","Select My diabetes status as valid reason and save",""
"passed","Wed Nov 19 08:11:52 UTC 2025","Wed Nov 19 08:11:57 UTC 2025","5357","HabitNuWebAppSuite","HabitNuWebAppRegression","WebAppSanityPackage.Login","WebAppSanityPackage.Login","testProjectPowerRegisterNavigation","Verify Register navigation in Project Power",""
"passed","Wed Nov 19 07:57:31 UTC 2025","Wed Nov 19 07:57:42 UTC 2025","11206","HabitNuWebAppSuite","HabitNuWebAppRegression","WebAppSanityPackage.foodGrouping","WebAppSanityPackage.foodGrouping","case12","Add food item to Breakfast section",""
"passed","Wed Nov 19 08:17:03 UTC 2025","Wed Nov 19 08:17:03 UTC 2025","221","HabitNuWebAppSuite","HabitNuWebAppRegression","WebAppSanityPackage.ProfileAppClass","WebAppSanityPackage.ProfileAppClass","keepZipcode6digitsAndSave","Keep Zipcode with 6 numbers and save → Should show validation error",""
"passed","Wed Nov 19 08:20:47 UTC 2025","Wed Nov 19 08:20:48 UTC 2025","735","HabitNuWebAppSuite","HabitNuWebAppRegression","WebAppSanityPackage.Sugar_Section","WebAppSanityPackage.Sugar_Section","case7","Click on Blood Sugar , click on add new button and add Blood Sugar After Meal for current year current date -1",""
"passed","Wed Nov 19 08:10:18 UTC 2025","Wed Nov 19 08:10:18 UTC 2025","72","HabitNuWebAppSuite","HabitNuWebAppRegression","WebAppSanityPackage.Hba1c","WebAppSanityPackage.Hba1c","noTargetSet","verify no target case",""
"passed","Wed Nov 19 08:01:11 UTC 2025","Wed Nov 19 08:01:12 UTC 2025","255","HabitNuWebAppSuite","HabitNuWebAppRegression","WebAppSanityPackage.HabitsAppClass","WebAppSanityPackage.HabitsAppClass","case7","Single click on habit button and mark a red",""
"passed","Wed Nov 19 08:18:53 UTC 2025","Wed Nov 19 08:18:57 UTC 2025","3991","HabitNuWebAppSuite","HabitNuWebAppRegression","WebAppSanityPackage.recipeBuilder","WebAppSanityPackage.recipeBuilder","favoriteTheRecipe","verify recipe favorite",""
"passed","Wed Nov 19 08:00:34 UTC 2025","Wed Nov 19 08:00:43 UTC 2025","8456","HabitNuWebAppSuite","HabitNuWebAppRegression","WebAppSanityPackage.HabitsAppClass","WebAppSanityPackage.HabitsAppClass","case3","Click on backward arrowmark it should take to last week",""
"passed","Wed Nov 19 08:16:56 UTC 2025","Wed Nov 19 08:16:57 UTC 2025","565","HabitNuWebAppSuite","HabitNuWebAppRegression","WebAppSanityPackage.ProfileAppClass","WebAppSanityPackage.ProfileAppClass","keepCityBlankAndSave","Keep City as blank and save → Should throw validation error",""
"passed","Wed Nov 19 08:24:10 UTC 2025","Wed Nov 19 08:24:14 UTC 2025","4361","HabitNuWebAppSuite","HabitNuWebAppRegression","WebAppSanityPackage.TobaccoSection","WebAppSanityPackage.TobaccoSection","case24","verify negative data in Tobocco count section",""
"passed","Wed Nov 19 08:17:20 UTC 2025","Wed Nov 19 08:17:21 UTC 2025","542","HabitNuWebAppSuite","HabitNuWebAppRegression","WebAppSanityPackage.ProfileAppClass","WebAppSanityPackage.ProfileAppClass","case50","Add Hips (in inches) as letters and save",""
"passed","Wed Nov 19 08:16:50 UTC 2025","Wed Nov 19 08:16:52 UTC 2025","1280","HabitNuWebAppSuite","HabitNuWebAppRegression","WebAppSanityPackage.ProfileAppClass","WebAppSanityPackage.ProfileAppClass","addValidPhoneNumber","Add valid phone number and save → Should save successfully",""
"passed","Wed Nov 19 08:14:16 UTC 2025","Wed Nov 19 08:14:16 UTC 2025","250","HabitNuWebAppSuite","HabitNuWebAppRegression","WebAppSanityPackage.Myrecipes","WebAppSanityPackage.Myrecipes","test3_NavigaetoMyRecipes","User is able to navigate to My Recipe page",""
"passed","Wed Nov 19 07:59:38 UTC 2025","Wed Nov 19 07:59:45 UTC 2025","6956","HabitNuWebAppSuite","HabitNuWebAppRegression","WebAppSanityPackage.foodGrouping","WebAppSanityPackage.foodGrouping","case23","Editing 'My Meal' from existing group, updating all items' quantity in the group",""
"passed","Wed Nov 19 08:17:54 UTC 2025","Wed Nov 19 08:18:01 UTC 2025","7279","HabitNuWebAppSuite","HabitNuWebAppRegression","WebAppSanityPackage.ProfileAppClass","WebAppSanityPackage.ProfileAppClass","case73","Upload the file, name and file type and upload",""
"passed","Wed Nov 19 08:02:04 UTC 2025","Wed Nov 19 08:02:05 UTC 2025","809","HabitNuWebAppSuite","HabitNuWebAppRegression","WebAppSanityPackage.HabitsAppClass","WebAppSanityPackage.HabitsAppClass","case27","Click on Archive and add the habit to archive",""
"failed","Wed Nov 19 08:30:02 UTC 2025","Wed Nov 19 08:30:03 UTC 2025","847","HabitNuWebAppSuite","HabitNuWebAppRegression","WebAppSanityPackage.Weights_lbs_Kgs","WebAppSanityPackage.Weights_lbs_Kgs","case2","Dashboard weights match unit selected",""
"passed","Wed Nov 19 08:05:31 UTC 2025","Wed Nov 19 08:05:38 UTC 2025","6664","HabitNuWebAppSuite","HabitNuWebAppRegression","WebAppSanityPackage.habiRecipe","WebAppSanityPackage.habiRecipe","case22_SetMicronutrientPreferences","Micronutrient considerations",""
"passed","Wed Nov 19 08:09:29 UTC 2025","Wed Nov 19 08:09:37 UTC 2025","7998","HabitNuWebAppSuite","HabitNuWebAppRegression","WebAppSanityPackage.Hba1c","WebAppSanityPackage.Hba1c","case2","Click on HbA1c , click on add new button and add hba1c for last year",""
"passed","Wed Nov 19 08:23:15 UTC 2025","Wed Nov 19 08:23:36 UTC 2025","21510","HabitNuWebAppSuite","HabitNuWebAppRegression","WebAppSanityPackage.TobaccoSection","WebAppSanityPackage.TobaccoSection","case21","add yesterday's tobacco n it should show last added data",""
"passed","Wed Nov 19 07:57:05 UTC 2025","Wed Nov 19 07:57:07 UTC 2025","1489","HabitNuWebAppSuite","HabitNuWebAppRegression","WebAppSanityPackage.foodGrouping","WebAppSanityPackage.foodGrouping","case9","Verify the created group name in Food Group section and Log it In dinner",""
"passed","Wed Nov 19 08:20:19 UTC 2025","Wed Nov 19 08:20:34 UTC 2025","15013","HabitNuWebAppSuite","HabitNuWebAppRegression","WebAppSanityPackage.Sugar_Section","WebAppSanityPackage.Sugar_Section","case2","Click on Blood Sugar , click on add new button and add Blood Sugar fasting for current year current date ",""
"skipped","Wed Nov 19 08:11:44 UTC 2025","Wed Nov 19 08:11:44 UTC 2025","1","HabitNuWebAppSuite","HabitNuWebAppRegression","WebAppSanityPackage.Login","WebAppSanityPackage.Login","testReusePasswordResetLink","Verify reusing same password reset link shows error (T-24)",""
"passed","Wed Nov 19 08:16:49 UTC 2025","Wed Nov 19 08:16:49 UTC 2025","151","HabitNuWebAppSuite","HabitNuWebAppRegression","WebAppSanityPackage.ProfileAppClass","WebAppSanityPackage.ProfileAppClass","openContactDetailsEdit","Click on Contact Details edit button → Should enter edit mode",""
"passed","Wed Nov 19 08:16:36 UTC 2025","Wed Nov 19 08:16:39 UTC 2025","3033","HabitNuWebAppSuite","HabitNuWebAppRegression","WebAppSanityPackage.ProfileAppClass","WebAppSanityPackage.ProfileAppClass","selectGenderFemaleAndSave","Select Gender as Female and save → Should reflect in profile",""
"passed","Wed Nov 19 08:22:38 UTC 2025","Wed Nov 19 08:22:40 UTC 2025","1367","HabitNuWebAppSuite","HabitNuWebAppRegression","WebAppSanityPackage.TobaccoSection","WebAppSanityPackage.TobaccoSection","case11_editTargetWithGreaterThan99","edit -  enter target more than 99 and assert messages",""
"passed","Wed Nov 19 08:10:18 UTC 2025","Wed Nov 19 08:10:19 UTC 2025","310","HabitNuWebAppSuite","HabitNuWebAppRegression","WebAppSanityPackage.Hba1c","WebAppSanityPackage.Hba1c","setNegativeTarget","enter negative target values and assert messages",""
"passed","Wed Nov 19 08:19:10 UTC 2025","Wed Nov 19 08:19:22 UTC 2025","12181","HabitNuWebAppSuite","HabitNuWebAppRegression","WebAppSanityPackage.recipeBuilder","WebAppSanityPackage.recipeBuilder","deleteFavRecipesFromFavorites","delete fav recipes from favorite section and validate the same from recipe list page",""
"passed","Wed Nov 19 08:10:28 UTC 2025","Wed Nov 19 08:10:42 UTC 2025","14217","HabitNuWebAppSuite","HabitNuWebAppRegression","WebAppSanityPackage.Login","WebAppSanityPackage.Login","testLogout","Verify error for a valid email with an invalid password",""
"passed","Wed Nov 19 08:19:53 UTC 2025","Wed Nov 19 08:19:59 UTC 2025","5923","HabitNuWebAppSuite","HabitNuWebAppRegression","WebAppSanityPackage.Sugar_Section","WebAppSanityPackage.Sugar_Section","noTargetSet","verify no target case",""
"passed","Wed Nov 19 08:17:45 UTC 2025","Wed Nov 19 08:17:48 UTC 2025","3341","HabitNuWebAppSuite","HabitNuWebAppRegression","WebAppSanityPackage.ProfileAppClass","WebAppSanityPackage.ProfileAppClass","case69","Upload file, name, type and cancel",""
"passed","Wed Nov 19 07:52:18 UTC 2025","Wed Nov 19 07:52:20 UTC 2025","1879","HabitNuWebAppSuite","HabitNuWebAppRegression","WebAppSanityPackage.BloodPressure_Section","WebAppSanityPackage.BloodPressure_Section","case16_addHistoricalBloodPressureData","[MODAL] Open Blood Pressure modal and add historical data with date picker and form validation",""
"passed","Wed Nov 19 08:02:11 UTC 2025","Wed Nov 19 08:02:16 UTC 2025","4427","HabitNuWebAppSuite","HabitNuWebAppRegression","WebAppSanityPackage.habiRecipe","WebAppSanityPackage.habiRecipe","case1_NavigateToRecipesPage","Main Page",""
"passed","Wed Nov 19 08:23:36 UTC 2025","Wed Nov 19 08:23:49 UTC 2025","12836","HabitNuWebAppSuite","HabitNuWebAppRegression","WebAppSanityPackage.TobaccoSection","WebAppSanityPackage.TobaccoSection","case22","Click on tobacco , click on add new button and add tobacco for last month and and Total count of the day should be 0",""
"passed","Wed Nov 19 08:20:00 UTC 2025","Wed Nov 19 08:20:00 UTC 2025","353","HabitNuWebAppSuite","HabitNuWebAppRegression","WebAppSanityPackage.Sugar_Section","WebAppSanityPackage.Sugar_Section","setNegativeSystolicTarget","enter negative High target values and assert messages",""
"passed","Wed Nov 19 08:14:30 UTC 2025","Wed Nov 19 08:14:30 UTC 2025","61","HabitNuWebAppSuite","HabitNuWebAppRegression","WebAppSanityPackage.Myrecipes","WebAppSanityPackage.Myrecipes","test8_validateingredient","Then user is able to validate added ingredient",""
"passed","Wed Nov 19 08:17:26 UTC 2025","Wed Nov 19 08:17:26 UTC 2025","717","HabitNuWebAppSuite","HabitNuWebAppRegression","WebAppSanityPackage.ProfileAppClass","WebAppSanityPackage.ProfileAppClass","validateHealthParametersFields","Validate presence and absence of fields in Health Parameters section",""
"passed","Wed Nov 19 08:17:30 UTC 2025","Wed Nov 19 08:17:30 UTC 2025","228","HabitNuWebAppSuite","HabitNuWebAppRegression","WebAppSanityPackage.ProfileAppClass","WebAppSanityPackage.ProfileAppClass","case64","Upload the file only and submit",""
"passed","Wed Nov 19 08:28:47 UTC 2025","Wed Nov 19 08:28:48 UTC 2025","854","HabitNuWebAppSuite","HabitNuWebAppRegression","WebAppSanityPackage.WebAppHealth_WeightSection","WebAppSanityPackage.WebAppHealth_WeightSection","editTargetButDoNotSave","edit target values and do click on 'x' mark and do not save",""
"passed","Wed Nov 19 08:17:02 UTC 2025","Wed Nov 19 08:17:03 UTC 2025","677","HabitNuWebAppSuite","HabitNuWebAppRegression","WebAppSanityPackage.ProfileAppClass","WebAppSanityPackage.ProfileAppClass","keepZipcodeBlankAndSave","Keep Zipcode blank and save → Should show validation error",""
"passed","Wed Nov 19 08:30:09 UTC 2025","Wed Nov 19 08:30:10 UTC 2025","1021","HabitNuWebAppSuite","HabitNuWebAppRegression","WebAppSanityPackage.Weights_lbs_Kgs","WebAppSanityPackage.Weights_lbs_Kgs","case8","Set Targets with Unit Toggle and store selected unit",""
"passed","Wed Nov 19 08:25:44 UTC 2025","Wed Nov 19 08:25:48 UTC 2025","3143","HabitNuWebAppSuite","HabitNuWebAppRegression","WebAppSanityPackage.WebAppClass","WebAppSanityPackage.WebAppClass","case4","Click on add food and add the food - Snacks",""
"passed","Wed Nov 19 07:52:40 UTC 2025","Wed Nov 19 07:52:43 UTC 2025","2717","HabitNuWebAppSuite","HabitNuWebAppRegression","WebAppSanityPackage.ChatandNotificationsClass","WebAppSanityPackage.ChatandNotificationsClass","case1","Click on chat ( it should open the chat box)",""
"passed","Wed Nov 19 08:19:10 UTC 2025","Wed Nov 19 08:19:10 UTC 2025","150","HabitNuWebAppSuite","HabitNuWebAppRegression","WebAppSanityPackage.recipeBuilder","WebAppSanityPackage.recipeBuilder","verifyFavoriteRecipesByRecipeServings","verify favorite food list under Food> by Recipe servings",""
"passed","Wed Nov 19 08:11:33 UTC 2025","Wed Nov 19 08:11:35 UTC 2025","2109","HabitNuWebAppSuite","HabitNuWebAppRegression","WebAppSanityPackage.Login","WebAppSanityPackage.Login","testPasswordResetPageAccess","Verify password reset link flow and modal confirmation",""
"passed","Wed Nov 19 07:54:37 UTC 2025","Wed Nov 19 07:54:48 UTC 2025","11430","HabitNuWebAppSuite","HabitNuWebAppRegression","WebAppSanityPackage.ExerciseSection","WebAppSanityPackage.ExerciseSection","noTargetSet","verify no target case",""
"passed","Wed Nov 19 07:55:26 UTC 2025","Wed Nov 19 07:55:27 UTC 2025","1074","HabitNuWebAppSuite","HabitNuWebAppRegression","WebAppSanityPackage.ExerciseSection","WebAppSanityPackage.ExerciseSection","case13","verify decimal data as others in exercise section",""
"passed","Wed Nov 19 08:01:28 UTC 2025","Wed Nov 19 08:01:28 UTC 2025","222","HabitNuWebAppSuite","HabitNuWebAppRegression","WebAppSanityPackage.HabitsAppClass","WebAppSanityPackage.HabitsAppClass","case14","Click on Activate and do not add the habit back",""
"passed","Wed Nov 19 08:27:03 UTC 2025","Wed Nov 19 08:27:03 UTC 2025","174","HabitNuWebAppSuite","HabitNuWebAppRegression","WebAppSanityPackage.WebAppClass","WebAppSanityPackage.WebAppClass","case26","Collecting data from food section-Carbs",""
"passed","Wed Nov 19 07:52:10 UTC 2025","Wed Nov 19 07:52:10 UTC 2025","273","HabitNuWebAppSuite","HabitNuWebAppRegression","WebAppSanityPackage.BloodPressure_Section","WebAppSanityPackage.BloodPressure_Section","case7_setDiastolicTargetMoreThan200","[MAIN CARD] Verify Set Target validation error when entering diastolic target value greater than 200",""
"passed","Wed Nov 19 08:17:04 UTC 2025","Wed Nov 19 08:17:05 UTC 2025","1427","HabitNuWebAppSuite","HabitNuWebAppRegression","WebAppSanityPackage.ProfileAppClass","WebAppSanityPackage.ProfileAppClass","keepZipcodevalidAndSave","Keep Zipcode with valid numbers and save → Should not show error",""
"passed","Wed Nov 19 08:12:08 UTC 2025","Wed Nov 19 08:12:08 UTC 2025","216","HabitNuWebAppSuite","HabitNuWebAppRegression","WebAppSanityPackage.Medication","WebAppSanityPackage.Medication","case3","Adding Strength",""
"passed","Wed Nov 19 07:52:35 UTC 2025","Wed Nov 19 07:52:36 UTC 2025","1309","HabitNuWebAppSuite","HabitNuWebAppRegression","WebAppSanityPackage.BloodPressure_Section","WebAppSanityPackage.BloodPressure_Section","case28_verifyEditFunctionalityInHistoryTable","[MODAL] Verify edit functionality for blood pressure entries in history table using edit action buttons",""
"passed","Wed Nov 19 07:54:55 UTC 2025","Wed Nov 19 07:54:59 UTC 2025","4009","HabitNuWebAppSuite","HabitNuWebAppRegression","WebAppSanityPackage.ExerciseSection","WebAppSanityPackage.ExerciseSection","case1","Click on health tab and verify no data recorded yet in Exercise section ",""
"broken","Wed Nov 19 08:03:56 UTC 2025","Wed Nov 19 08:04:09 UTC 2025","12540","HabitNuWebAppSuite","HabitNuWebAppRegression","WebAppSanityPackage.habiRecipe","WebAppSanityPackage.habiRecipe","case12_LogFoodAllergiesRecipe","Selecting the  Generated Recipe of Food allergies and Logging It",""
"passed","Wed Nov 19 08:08:49 UTC 2025","Wed Nov 19 08:08:51 UTC 2025","1262","HabitNuWebAppSuite","HabitNuWebAppRegression","WebAppSanityPackage.habiRecipe","WebAppSanityPackage.habiRecipe","case34_SelectAllPreferencesRecipeFromList","Selecting the Generated Recipe and Logging It",""
"passed","Wed Nov 19 08:19:00 UTC 2025","Wed Nov 19 08:19:02 UTC 2025","2293","HabitNuWebAppSuite","HabitNuWebAppRegression","WebAppSanityPackage.recipeBuilder","WebAppSanityPackage.recipeBuilder","logRecipe","verify 'View full' recipe button",""
"passed","Wed Nov 19 07:52:14 UTC 2025","Wed Nov 19 07:52:15 UTC 2025","411","HabitNuWebAppSuite","HabitNuWebAppRegression","WebAppSanityPackage.BloodPressure_Section","WebAppSanityPackage.BloodPressure_Section","case13_editsystolicTargetWithBlankValue","[MAIN CARD] Verify target edit validation error when clearing systolic field (blank/empty value)",""
"passed","Wed Nov 19 07:54:28 UTC 2025","Wed Nov 19 07:54:28 UTC 2025","159","HabitNuWebAppSuite","HabitNuWebAppRegression","WebAppSanityPackage.DiscussAppClass","WebAppSanityPackage.DiscussAppClass","case21","Click on my posts ( it should take to my post section)",""
"passed","Wed Nov 19 08:25:41 UTC 2025","Wed Nov 19 08:25:44 UTC 2025","3727","HabitNuWebAppSuite","HabitNuWebAppRegression","WebAppSanityPackage.WebAppClass","WebAppSanityPackage.WebAppClass","case3","Click on add food and add the food - Dinner",""
"passed","Wed Nov 19 08:20:46 UTC 2025","Wed Nov 19 08:20:47 UTC 2025","946","HabitNuWebAppSuite","HabitNuWebAppRegression","WebAppSanityPackage.Sugar_Section","WebAppSanityPackage.Sugar_Section","case6","Click on Blood Sugar , click on add new button and add Blood Sugar Before Meal for current  year , current date -1 ",""
"passed","Wed Nov 19 08:25:13 UTC 2025","Wed Nov 19 08:25:24 UTC 2025","11183","HabitNuWebAppSuite","HabitNuWebAppRegression","WebAppSanityPackage.waterLog","WebAppSanityPackage.waterLog","case18","Validate setting reminders and verifying active time slots",""
"passed","Wed Nov 19 07:52:43 UTC 2025","Wed Nov 19 07:52:46 UTC 2025","3456","HabitNuWebAppSuite","HabitNuWebAppRegression","WebAppSanityPackage.ChatandNotificationsClass","WebAppSanityPackage.ChatandNotificationsClass","case2","Send a message in chatbox and click enter",""
"passed","Wed Nov 19 08:16:50 UTC 2025","Wed Nov 19 08:16:50 UTC 2025","203","HabitNuWebAppSuite","HabitNuWebAppRegression","WebAppSanityPackage.ProfileAppClass","WebAppSanityPackage.ProfileAppClass","addInvalidShortPhoneNumber","Add numbers less than 10 digits → Should show error",""
"passed","Wed Nov 19 07:54:09 UTC 2025","Wed Nov 19 07:54:12 UTC 2025","3501","HabitNuWebAppSuite","HabitNuWebAppRegression","WebAppSanityPackage.DiscussAppClass","WebAppSanityPackage.DiscussAppClass","case9","Upload a message with subject, description, and file over 10MB (should not allow)",""
"passed","Wed Nov 19 08:14:35 UTC 2025","Wed Nov 19 08:14:37 UTC 2025","1964","HabitNuWebAppSuite","HabitNuWebAppRegression","WebAppSanityPackage.Myrecipes","WebAppSanityPackage.Myrecipes","test14_logrecipes","And user is able to log the recipes",""
"passed","Wed Nov 19 08:20:09 UTC 2025","Wed Nov 19 08:20:11 UTC 2025","1416","HabitNuWebAppSuite","HabitNuWebAppRegression","WebAppSanityPackage.Sugar_Section","WebAppSanityPackage.Sugar_Section","editTargetWithGreaterThan999","edit -  enter High target more than 999 and assert messages",""
"passed","Wed Nov 19 08:30:09 UTC 2025","Wed Nov 19 08:30:09 UTC 2025","243","HabitNuWebAppSuite","HabitNuWebAppRegression","WebAppSanityPackage.Weights_lbs_Kgs","WebAppSanityPackage.Weights_lbs_Kgs","setValidTarget","enter valid Target",""
"passed","Wed Nov 19 08:01:40 UTC 2025","Wed Nov 19 08:01:49 UTC 2025","9386","HabitNuWebAppSuite","HabitNuWebAppRegression","WebAppSanityPackage.HabitsAppClass","WebAppSanityPackage.HabitsAppClass","case19","Click on Add button it should take to create the habit page and create the habit using flexible days",""
"skipped","Wed Nov 19 08:14:09 UTC 2025","Wed Nov 19 08:14:09 UTC 2025","1","HabitNuWebAppSuite","HabitNuWebAppRegression","WebAppSanityPackage.Medication","WebAppSanityPackage.Medication","case31","Weight loss medication Review",""
"passed","Wed Nov 19 07:52:20 UTC 2025","Wed Nov 19 07:52:32 UTC 2025","11403","HabitNuWebAppSuite","HabitNuWebAppRegression","WebAppSanityPackage.BloodPressure_Section","WebAppSanityPackage.BloodPressure_Section","case18_addCurrentDayBloodPressureReading","[MODAL] Add current day blood pressure reading via modal form and verify entry appears in history table",""
"passed","Wed Nov 19 07:52:33 UTC 2025","Wed Nov 19 07:52:33 UTC 2025","153","HabitNuWebAppSuite","HabitNuWebAppRegression","WebAppSanityPackage.BloodPressure_Section","WebAppSanityPackage.BloodPressure_Section","case22_verifyNegativeSystolicValidation","[MODAL] Verify form validation when entering negative value in systolic field (min=0 validation) and leaving diastolic field blank",""
"passed","Wed Nov 19 07:56:29 UTC 2025","Wed Nov 19 07:56:30 UTC 2025","1386","HabitNuWebAppSuite","HabitNuWebAppRegression","WebAppSanityPackage.foodGrouping","WebAppSanityPackage.foodGrouping","case5","Verify the created group name in Food Group section and Log it",""
"passed","Wed Nov 19 08:11:28 UTC 2025","Wed Nov 19 08:11:29 UTC 2025","1001","HabitNuWebAppSuite","HabitNuWebAppRegression","WebAppSanityPackage.Login","WebAppSanityPackage.Login","testForgotPasswordWithValidEmail","Verify forgot password with valid email shows success message",""
"passed","Wed Nov 19 07:54:49 UTC 2025","Wed Nov 19 07:54:49 UTC 2025","223","HabitNuWebAppSuite","HabitNuWebAppRegression","WebAppSanityPackage.ExerciseSection","WebAppSanityPackage.ExerciseSection","placeHolderOfTobaccoCountValueInputBox","verify placeholder - Exercise ",""
"passed","Wed Nov 19 07:56:17 UTC 2025","Wed Nov 19 07:56:29 UTC 2025","11841","HabitNuWebAppSuite","HabitNuWebAppRegression","WebAppSanityPackage.foodGrouping","WebAppSanityPackage.foodGrouping","case4","add Meal to Break fast",""
"broken","Wed Nov 19 08:18:37 UTC 2025","Wed Nov 19 08:18:39 UTC 2025","2060","HabitNuWebAppSuite","HabitNuWebAppRegression","WebAppSanityPackage.ProfileAppClass","WebAppSanityPackage.ProfileAppClass","testToggleNotifications","Toggle notifications On/Off and validate state change",""
"passed","Wed Nov 19 08:17:16 UTC 2025","Wed Nov 19 08:17:16 UTC 2025","451","HabitNuWebAppSuite","HabitNuWebAppRegression","WebAppSanityPackage.ProfileAppClass","WebAppSanityPackage.ProfileAppClass","case46","Add Waist (in inches) as letters and save",""
"passed","Wed Nov 19 07:52:34 UTC 2025","Wed Nov 19 07:52:35 UTC 2025","361","HabitNuWebAppSuite","HabitNuWebAppRegression","WebAppSanityPackage.BloodPressure_Section","WebAppSanityPackage.BloodPressure_Section","case26_verifyNegativeSystolicInputValidation","[MODAL] Verify negative systolic input validation in form (other)",""
"passed","Wed Nov 19 08:17:30 UTC 2025","Wed Nov 19 08:17:30 UTC 2025","242","HabitNuWebAppSuite","HabitNuWebAppRegression","WebAppSanityPackage.ProfileAppClass","WebAppSanityPackage.ProfileAppClass","case63","Click on the Upload button",""
"passed","Wed Nov 19 08:07:52 UTC 2025","Wed Nov 19 08:08:44 UTC 2025","52550","HabitNuWebAppSuite","HabitNuWebAppRegression","WebAppSanityPackage.habiRecipe","WebAppSanityPackage.habiRecipe","case32_GenerateRecipeForAllPreferences","Generate New Recipe for All Recipes",""
"passed","Wed Nov 19 08:17:05 UTC 2025","Wed Nov 19 08:17:09 UTC 2025","3940","HabitNuWebAppSuite","HabitNuWebAppRegression","WebAppSanityPackage.ProfileAppClass","WebAppSanityPackage.ProfileAppClass","validateAddressConfirmationSection","Keep Zipcode with valid numbers and save → Should not show error",""
"passed","Wed Nov 19 08:18:58 UTC 2025","Wed Nov 19 08:18:59 UTC 2025","1335","HabitNuWebAppSuite","HabitNuWebAppRegression","WebAppSanityPackage.recipeBuilder","WebAppSanityPackage.recipeBuilder","clickHereToViewFullRecipe","verify 'View full' recipe button",""
"passed","Wed Nov 19 08:25:03 UTC 2025","Wed Nov 19 08:25:03 UTC 2025","625","HabitNuWebAppSuite","HabitNuWebAppRegression","WebAppSanityPackage.waterLog","WebAppSanityPackage.waterLog","case12","Validate setting reminders and verifying active time slots",""
"passed","Wed Nov 19 07:56:09 UTC 2025","Wed Nov 19 07:56:17 UTC 2025","7794","HabitNuWebAppSuite","HabitNuWebAppRegression","WebAppSanityPackage.foodGrouping","WebAppSanityPackage.foodGrouping","case2","Create Meal in My Meals Section",""
"passed","Wed Nov 19 08:29:14 UTC 2025","Wed Nov 19 08:29:14 UTC 2025","140","HabitNuWebAppSuite","HabitNuWebAppRegression","WebAppSanityPackage.WebAppHealth_WeightSection","WebAppSanityPackage.WebAppHealth_WeightSection","case9","Add data as negative weight",""
"passed","Wed Nov 19 07:54:12 UTC 2025","Wed Nov 19 07:54:21 UTC 2025","8603","HabitNuWebAppSuite","HabitNuWebAppRegression","WebAppSanityPackage.DiscussAppClass","WebAppSanityPackage.DiscussAppClass","case10","Upload more than 5 files (should not allow)",""
"passed","Wed Nov 19 08:10:19 UTC 2025","Wed Nov 19 08:10:22 UTC 2025","3282","HabitNuWebAppSuite","HabitNuWebAppRegression","WebAppSanityPackage.Hba1c","WebAppSanityPackage.Hba1c","editTargetWithBlankValue","edit -  HbA1c cannot be blank",""
"passed","Wed Nov 19 08:16:49 UTC 2025","Wed Nov 19 08:16:50 UTC 2025","415","HabitNuWebAppSuite","HabitNuWebAppRegression","WebAppSanityPackage.ProfileAppClass","WebAppSanityPackage.ProfileAppClass","blankContactNumberValidation","Keep contact number blank → Show validation error",""
"passed","Wed Nov 19 07:54:50 UTC 2025","Wed Nov 19 07:54:50 UTC 2025","428","HabitNuWebAppSuite","HabitNuWebAppRegression","WebAppSanityPackage.ExerciseSection","WebAppSanityPackage.ExerciseSection","setTargetMoreThan99","enter target more than 1440 and assert messages",""
"passed","Wed Nov 19 08:21:17 UTC 2025","Wed Nov 19 08:21:19 UTC 2025","1193","HabitNuWebAppSuite","HabitNuWebAppRegression","WebAppSanityPackage.Sugar_Section","WebAppSanityPackage.Sugar_Section","case12","add yesterday's Blood Sugar n it should show last added data Fasting",""
"passed","Wed Nov 19 08:02:04 UTC 2025","Wed Nov 19 08:02:04 UTC 2025","233","HabitNuWebAppSuite","HabitNuWebAppRegression","WebAppSanityPackage.HabitsAppClass","WebAppSanityPackage.HabitsAppClass","case25","Click on Calender and close it without making changes",""
"passed","Wed Nov 19 07:53:47 UTC 2025","Wed Nov 19 07:53:52 UTC 2025","4765","HabitNuWebAppSuite","HabitNuWebAppRegression","WebAppSanityPackage.DiscussAppClass","WebAppSanityPackage.DiscussAppClass","case1","Post a message with subject and description (should allow posting)",""
"passed","Wed Nov 19 08:18:40 UTC 2025","Wed Nov 19 08:18:42 UTC 2025","1225","HabitNuWebAppSuite","HabitNuWebAppRegression","WebAppSanityPackage.ProfileAppClass","WebAppSanityPackage.ProfileAppClass","case91","Click on Profile Dropdown and validate List of options",""
"passed","Wed Nov 19 08:16:26 UTC 2025","Wed Nov 19 08:16:26 UTC 2025","388","HabitNuWebAppSuite","HabitNuWebAppRegression","WebAppSanityPackage.ProfileAppClass","WebAppSanityPackage.ProfileAppClass","firstNameBlankValidation","Leave first name blank → show error",""
"passed","Wed Nov 19 08:16:16 UTC 2025","Wed Nov 19 08:16:19 UTC 2025","2779","HabitNuWebAppSuite","HabitNuWebAppRegression","WebAppSanityPackage.ProfileAppClass","WebAppSanityPackage.ProfileAppClass","openProfileDropdown","Click profile picture dropdown (should display dropdown options)",""
"passed","Wed Nov 19 08:02:48 UTC 2025","Wed Nov 19 08:02:54 UTC 2025","5398","HabitNuWebAppSuite","HabitNuWebAppRegression","WebAppSanityPackage.habiRecipe","WebAppSanityPackage.habiRecipe","case6_SetDietaryRestrictionsPreferences","Dietary restrictions	",""
"passed","Wed Nov 19 08:19:59 UTC 2025","Wed Nov 19 08:20:00 UTC 2025","305","HabitNuWebAppSuite","HabitNuWebAppRegression","WebAppSanityPackage.Sugar_Section","WebAppSanityPackage.Sugar_Section","setTarget","enter target values and do click on 'x' mark and do not save",""
"passed","Wed Nov 19 08:09:13 UTC 2025","Wed Nov 19 08:09:20 UTC 2025","7328","HabitNuWebAppSuite","HabitNuWebAppRegression","WebAppSanityPackage.habiRecipe","WebAppSanityPackage.habiRecipe","case36_deletegeneratedRecipe","Selecting the Generated Recipe and delete it",""
"passed","Wed Nov 19 07:52:14 UTC 2025","Wed Nov 19 07:52:14 UTC 2025","386","HabitNuWebAppSuite","HabitNuWebAppRegression","WebAppSanityPackage.BloodPressure_Section","WebAppSanityPackage.BloodPressure_Section","case12_editTargetWithGreaterThan250","[MAIN CARD] Verify target edit validation error when entering systolic value greater than 250",""
"passed","Wed Nov 19 07:53:03 UTC 2025","Wed Nov 19 07:53:13 UTC 2025","10268","HabitNuWebAppSuite","HabitNuWebAppRegression","WebAppSanityPackage.ChatandNotificationsClass","WebAppSanityPackage.ChatandNotificationsClass","case9","Click on HabitNu: Please step on your scale to achieve your weight tracking goal!",""
"passed","Wed Nov 19 08:24:36 UTC 2025","Wed Nov 19 08:24:37 UTC 2025","1301","HabitNuWebAppSuite","HabitNuWebAppRegression","WebAppSanityPackage.waterLog","WebAppSanityPackage.waterLog","case6","40 oz Water Log",""
"passed","Wed Nov 19 08:26:29 UTC 2025","Wed Nov 19 08:26:31 UTC 2025","1850","HabitNuWebAppSuite","HabitNuWebAppRegression","WebAppSanityPackage.WebAppClass","WebAppSanityPackage.WebAppClass","case14","Click on View Food Log, Select a Food and Delete it",""
"passed","Wed Nov 19 08:30:08 UTC 2025","Wed Nov 19 08:30:08 UTC 2025","371","HabitNuWebAppSuite","HabitNuWebAppRegression","WebAppSanityPackage.Weights_lbs_Kgs","WebAppSanityPackage.Weights_lbs_Kgs","Case4","verify placeholder - weight ",""
"passed","Wed Nov 19 08:09:37 UTC 2025","Wed Nov 19 08:09:47 UTC 2025","9967","HabitNuWebAppSuite","HabitNuWebAppRegression","WebAppSanityPackage.Hba1c","WebAppSanityPackage.Hba1c","case3","Click on hba1c , click on add new button and add hba1c for last month and and Total count of the day should be 0",""
"passed","Wed Nov 19 08:16:58 UTC 2025","Wed Nov 19 08:16:58 UTC 2025","327","HabitNuWebAppSuite","HabitNuWebAppRegression","WebAppSanityPackage.ProfileAppClass","WebAppSanityPackage.ProfileAppClass","keepStateBlankAndSave","Keep State as blank and save → Should show validation error",""
"passed","Wed Nov 19 08:09:55 UTC 2025","Wed Nov 19 08:09:55 UTC 2025","231","HabitNuWebAppSuite","HabitNuWebAppRegression","WebAppSanityPackage.Hba1c","WebAppSanityPackage.Hba1c","case6","Verify last added monthly and yesterday's data in details page in Hba1c section",""
"passed","Wed Nov 19 07:54:51 UTC 2025","Wed Nov 19 07:54:52 UTC 2025","341","HabitNuWebAppSuite","HabitNuWebAppRegression","WebAppSanityPackage.ExerciseSection","WebAppSanityPackage.ExerciseSection","editTargetValid","edit Target - valid",""
"passed","Wed Nov 19 08:14:11 UTC 2025","Wed Nov 19 08:14:15 UTC 2025","3691","HabitNuWebAppSuite","HabitNuWebAppRegression","WebAppSanityPackage.Myrecipes","WebAppSanityPackage.Myrecipes","test1_clickrecipes","Given user click on Recipe",""
"passed","Wed Nov 19 08:12:14 UTC 2025","Wed Nov 19 08:12:20 UTC 2025","6683","HabitNuWebAppSuite","HabitNuWebAppRegression","WebAppSanityPackage.Medication","WebAppSanityPackage.Medication","case10","Weight loss medication Edit detials on Yor Medication",""
"passed","Wed Nov 19 08:29:17 UTC 2025","Wed Nov 19 08:29:18 UTC 2025","670","HabitNuWebAppSuite","HabitNuWebAppRegression","WebAppSanityPackage.WebAppHealth_WeightSection","WebAppSanityPackage.WebAppHealth_WeightSection","case12","Add data as double weight",""
"passed","Wed Nov 19 08:14:32 UTC 2025","Wed Nov 19 08:14:33 UTC 2025","753","HabitNuWebAppSuite","HabitNuWebAppRegression","WebAppSanityPackage.Myrecipes","WebAppSanityPackage.Myrecipes","test11_removeingredient","And user is able to remove ingredient",""
"passed","Wed Nov 19 08:13:46 UTC 2025","Wed Nov 19 08:13:46 UTC 2025","232","HabitNuWebAppSuite","HabitNuWebAppRegression","WebAppSanityPackage.Medication","WebAppSanityPackage.Medication","case26","Creating new Medications details like selecting Frequency",""
"passed","Wed Nov 19 07:53:53 UTC 2025","Wed Nov 19 07:53:57 UTC 2025","3698","HabitNuWebAppSuite","HabitNuWebAppRegression","WebAppSanityPackage.DiscussAppClass","WebAppSanityPackage.DiscussAppClass","case5","Upload a message with subject, description, and file (should allow uploading)",""
"passed","Wed Nov 19 08:04:45 UTC 2025","Wed Nov 19 08:04:47 UTC 2025","1530","HabitNuWebAppSuite","HabitNuWebAppRegression","WebAppSanityPackage.habiRecipe","WebAppSanityPackage.habiRecipe","case17_SelectDietTypeRecipeFromList","Selecting the Generated Recipe and Logging It",""
"passed","Wed Nov 19 08:16:57 UTC 2025","Wed Nov 19 08:16:58 UTC 2025","1283","HabitNuWebAppSuite","HabitNuWebAppRegression","WebAppSanityPackage.ProfileAppClass","WebAppSanityPackage.ProfileAppClass","editCityAndSave","Edit city to 'Los Angeles' and save → Should update successfully",""
"passed","Wed Nov 19 08:26:54 UTC 2025","Wed Nov 19 08:26:58 UTC 2025","3466","HabitNuWebAppSuite","HabitNuWebAppRegression","WebAppSanityPackage.WebAppClass","WebAppSanityPackage.WebAppClass","case22","Custom Food Edit in Dinner",""
"passed","Wed Nov 19 07:54:27 UTC 2025","Wed Nov 19 07:54:27 UTC 2025","115","HabitNuWebAppSuite","HabitNuWebAppRegression","WebAppSanityPackage.DiscussAppClass","WebAppSanityPackage.DiscussAppClass","case18","Click on - button of coaches ( it should go back )",""
"passed","Wed Nov 19 08:03:24 UTC 2025","Wed Nov 19 08:03:31 UTC 2025","6599","HabitNuWebAppSuite","HabitNuWebAppRegression","WebAppSanityPackage.habiRecipe","WebAppSanityPackage.habiRecipe","case10_SetFoodAllergiesPreferences","Food allergies",""
"passed","Wed Nov 19 07:54:28 UTC 2025","Wed Nov 19 07:54:28 UTC 2025","95","HabitNuWebAppSuite","HabitNuWebAppRegression","WebAppSanityPackage.DiscussAppClass","WebAppSanityPackage.DiscussAppClass","case20","Click on - button of members ( it should go back )",""
"passed","Wed Nov 19 08:29:09 UTC 2025","Wed Nov 19 08:29:14 UTC 2025","4737","HabitNuWebAppSuite","HabitNuWebAppRegression","WebAppSanityPackage.WebAppHealth_WeightSection","WebAppSanityPackage.WebAppHealth_WeightSection","case8","Add data as blank",""
"skipped","Wed Nov 19 08:18:43 UTC 2025","Wed Nov 19 08:18:43 UTC 2025","0","HabitNuWebAppSuite","HabitNuWebAppRegression","WebAppSanityPackage.RegistrationBanner","WebAppSanityPackage.RegistrationBanner","eulaPageLanding","verify user lands on EULA page",""
"passed","Wed Nov 19 08:21:57 UTC 2025","Wed Nov 19 08:21:58 UTC 2025","285","HabitNuWebAppSuite","HabitNuWebAppRegression","WebAppSanityPackage.Sugar_Section","WebAppSanityPackage.Sugar_Section","case17","verify blank data in Blood Sugar section Fasting",""
"passed","Wed Nov 19 07:52:09 UTC 2025","Wed Nov 19 07:52:09 UTC 2025","384","HabitNuWebAppSuite","HabitNuWebAppRegression","WebAppSanityPackage.BloodPressure_Section","WebAppSanityPackage.BloodPressure_Section","case4_setNegativeSystolicTarget","[MAIN CARD] Verify Set Target validation error when entering negative systolic target value",""
"passed","Wed Nov 19 08:20:00 UTC 2025","Wed Nov 19 08:20:01 UTC 2025","667","HabitNuWebAppSuite","HabitNuWebAppRegression","WebAppSanityPackage.Sugar_Section","WebAppSanityPackage.Sugar_Section","setHighTargetMoreThan250","enter High target more than 1000 and assert messages",""
"passed","Wed Nov 19 08:25:48 UTC 2025","Wed Nov 19 08:25:48 UTC 2025","394","HabitNuWebAppSuite","HabitNuWebAppRegression","WebAppSanityPackage.WebAppClass","WebAppSanityPackage.WebAppClass","case5","Click on Add food, Go to All section and check whether the same food is listed",""
"passed","Wed Nov 19 08:02:05 UTC 2025","Wed Nov 19 08:02:05 UTC 2025","242","HabitNuWebAppSuite","HabitNuWebAppRegression","WebAppSanityPackage.HabitsAppClass","WebAppSanityPackage.HabitsAppClass","case28","Click on Activate and do not add the habit back",""
"passed","Wed Nov 19 08:01:49 UTC 2025","Wed Nov 19 08:01:53 UTC 2025","4086","HabitNuWebAppSuite","HabitNuWebAppRegression","WebAppSanityPackage.HabitsAppClass","WebAppSanityPackage.HabitsAppClass","case20","Single Click on habit button and mark a green",""
"passed","Wed Nov 19 07:55:01 UTC 2025","Wed Nov 19 07:55:12 UTC 2025","10836","HabitNuWebAppSuite","HabitNuWebAppRegression","WebAppSanityPackage.ExerciseSection","WebAppSanityPackage.ExerciseSection","case4","verify added today data in exercise section and verify total exercise per day",""
"passed","Wed Nov 19 08:16:26 UTC 2025","Wed Nov 19 08:16:28 UTC 2025","1966","HabitNuWebAppSuite","HabitNuWebAppRegression","WebAppSanityPackage.ProfileAppClass","WebAppSanityPackage.ProfileAppClass","editFirstName","Edit first name and save → should reflect",""
"passed","Wed Nov 19 08:18:08 UTC 2025","Wed Nov 19 08:18:16 UTC 2025","8028","HabitNuWebAppSuite","HabitNuWebAppRegression","WebAppSanityPackage.ProfileAppClass","WebAppSanityPackage.ProfileAppClass","case75","Click on view file",""
"passed","Wed Nov 19 08:13:58 UTC 2025","Wed Nov 19 08:14:09 UTC 2025","10223","HabitNuWebAppSuite","HabitNuWebAppRegression","WebAppSanityPackage.Medication","WebAppSanityPackage.Medication","case29_NavigateToLogAndCheckData","Weight loss medication Edit details on Log - Check for available medications",""
"passed","Wed Nov 19 08:22:29 UTC 2025","Wed Nov 19 08:22:29 UTC 2025","185","HabitNuWebAppSuite","HabitNuWebAppRegression","WebAppSanityPackage.TobaccoSection","WebAppSanityPackage.TobaccoSection","case4_placeHolderOfTobaccoCountValueInputBox","verify placeholder - MAX ",""
"passed","Wed Nov 19 08:00:06 UTC 2025","Wed Nov 19 08:00:10 UTC 2025","4739","HabitNuWebAppSuite","HabitNuWebAppRegression","WebAppSanityPackage.generalContentWEB","WebAppSanityPackage.generalContentWEB","case1","Main Page",""
"passed","Wed Nov 19 08:16:53 UTC 2025","Wed Nov 19 08:16:55 UTC 2025","1411","HabitNuWebAppSuite","HabitNuWebAppRegression","WebAppSanityPackage.ProfileAppClass","WebAppSanityPackage.ProfileAppClass","keepAddressLine2BlankAndSave","Keep Address line 2 as blank and save",""
"passed","Wed Nov 19 07:54:33 UTC 2025","Wed Nov 19 07:54:34 UTC 2025","399","HabitNuWebAppSuite","HabitNuWebAppRegression","WebAppSanityPackage.DiscussAppClass","WebAppSanityPackage.DiscussAppClass","case35","Click on Replay ( It will display all the recorded meetings)",""
"passed","Wed Nov 19 08:25:54 UTC 2025","Wed Nov 19 08:25:54 UTC 2025","0","HabitNuWebAppSuite","HabitNuWebAppRegression","WebAppSanityPackage.WebAppClass","WebAppSanityPackage.WebAppClass","case8","Click on Add Food, go to recipes and search and add it",""
"passed","Wed Nov 19 08:26:51 UTC 2025","Wed Nov 19 08:26:54 UTC 2025","3044","HabitNuWebAppSuite","HabitNuWebAppRegression","WebAppSanityPackage.WebAppClass","WebAppSanityPackage.WebAppClass","case21","Add/Edit food with decimal value (Should allow decimals)",""
"passed","Wed Nov 19 08:16:24 UTC 2025","Wed Nov 19 08:16:26 UTC 2025","1675","HabitNuWebAppSuite","HabitNuWebAppRegression","WebAppSanityPackage.ProfileAppClass","WebAppSanityPackage.ProfileAppClass","replaceProfilePicture","Replace profile picture → should update",""
"passed","Wed Nov 19 08:14:37 UTC 2025","Wed Nov 19 08:14:42 UTC 2025","5129","HabitNuWebAppSuite","HabitNuWebAppRegression","WebAppSanityPackage.Myrecipes","WebAppSanityPackage.Myrecipes","test15_foodsection","And user is navigating to food section",""
"passed","Wed Nov 19 08:10:43 UTC 2025","Wed Nov 19 08:10:46 UTC 2025","2471","HabitNuWebAppSuite","HabitNuWebAppRegression","WebAppSanityPackage.Login","WebAppSanityPackage.Login","testLoginWithInvalidPassword","Verify error for a valid email with an invalid password",""
"passed","Wed Nov 19 07:59:17 UTC 2025","Wed Nov 19 07:59:34 UTC 2025","17826","HabitNuWebAppSuite","HabitNuWebAppRegression","WebAppSanityPackage.foodGrouping","WebAppSanityPackage.foodGrouping","case21","editing 'My Meal' from exsiting group and adding Foods",""
"passed","Wed Nov 19 08:26:36 UTC 2025","Wed Nov 19 08:26:40 UTC 2025","3773","HabitNuWebAppSuite","HabitNuWebAppRegression","WebAppSanityPackage.WebAppClass","WebAppSanityPackage.WebAppClass","case16","Click on Date picker and pick any date from calendar and add food",""
"passed","Wed Nov 19 08:07:24 UTC 2025","Wed Nov 19 08:07:25 UTC 2025","1489","HabitNuWebAppSuite","HabitNuWebAppRegression","WebAppSanityPackage.habiRecipe","WebAppSanityPackage.habiRecipe","case29_SelectLocalFoodRecipeFromList","Selecting the Generated Recipe and Logging It",""
"failed","Wed Nov 19 08:24:37 UTC 2025","Wed Nov 19 08:24:47 UTC 2025","10248","HabitNuWebAppSuite","HabitNuWebAppRegression","WebAppSanityPackage.waterLog","WebAppSanityPackage.waterLog","case7","Custom Water Log",""
"passed","Wed Nov 19 07:54:26 UTC 2025","Wed Nov 19 07:54:26 UTC 2025","258","HabitNuWebAppSuite","HabitNuWebAppRegression","WebAppSanityPackage.DiscussAppClass","WebAppSanityPackage.DiscussAppClass","case15","Add the comment ( It should add the comment)",""
"passed","Wed Nov 19 08:20:34 UTC 2025","Wed Nov 19 08:20:35 UTC 2025","1243","HabitNuWebAppSuite","HabitNuWebAppRegression","WebAppSanityPackage.Sugar_Section","WebAppSanityPackage.Sugar_Section","case3","Click on Blood Sugar , click on add new button and add Blood Sugar Before Meal for current year current date ",""
"passed","Wed Nov 19 08:18:28 UTC 2025","Wed Nov 19 08:18:29 UTC 2025","306","HabitNuWebAppSuite","HabitNuWebAppRegression","WebAppSanityPackage.ProfileAppClass","WebAppSanityPackage.ProfileAppClass","case85","Click on Language Preferences section",""
"passed","Wed Nov 19 08:13:16 UTC 2025","Wed Nov 19 08:13:17 UTC 2025","293","HabitNuWebAppSuite","HabitNuWebAppRegression","WebAppSanityPackage.Medication","WebAppSanityPackage.Medication","Case17validateMedicationFieldRequired","TC: Keep the Medication field empty and save",""
"passed","Wed Nov 19 08:02:46 UTC 2025","Wed Nov 19 08:02:48 UTC 2025","2537","HabitNuWebAppSuite","HabitNuWebAppRegression","WebAppSanityPackage.habiRecipe","WebAppSanityPackage.habiRecipe","case5_SelectRecipeFromListAndLog","Selecting the Generated Recipe and Logging It",""
"passed","Wed Nov 19 07:53:24 UTC 2025","Wed Nov 19 07:53:34 UTC 2025","10303","HabitNuWebAppSuite","HabitNuWebAppRegression","WebAppSanityPackage.ChatandNotificationsClass","WebAppSanityPackage.ChatandNotificationsClass","case11","HabitNu: This is a reminder for you to keep stepping on your scale, recording your meals, and logging your activity! Check in on our discussion forum to stay in touch with your coach and other Team members!",""
"passed","Wed Nov 19 08:25:48 UTC 2025","Wed Nov 19 08:25:49 UTC 2025","1049","HabitNuWebAppSuite","HabitNuWebAppRegression","WebAppSanityPackage.WebAppClass","WebAppSanityPackage.WebAppClass","case6","Click on Add food, Go to frequent section check whether the same food is listed",""
"passed","Wed Nov 19 07:54:53 UTC 2025","Wed Nov 19 07:54:53 UTC 2025","366","HabitNuWebAppSuite","HabitNuWebAppRegression","WebAppSanityPackage.ExerciseSection","WebAppSanityPackage.ExerciseSection","editTargetWithNegatives","edit -  negative target values and assert messages",""
"passed","Wed Nov 19 07:54:33 UTC 2025","Wed Nov 19 07:54:33 UTC 2025","511","HabitNuWebAppSuite","HabitNuWebAppRegression","WebAppSanityPackage.DiscussAppClass","WebAppSanityPackage.DiscussAppClass","case25","edit a message in my post",""
"failed","Wed Nov 19 08:30:03 UTC 2025","Wed Nov 19 08:30:07 UTC 2025","4256","HabitNuWebAppSuite","HabitNuWebAppRegression","WebAppSanityPackage.Weights_lbs_Kgs","WebAppSanityPackage.Weights_lbs_Kgs","case3","Health section weights match selected unit",""
"passed","Wed Nov 19 08:18:53 UTC 2025","Wed Nov 19 08:18:53 UTC 2025","211","HabitNuWebAppSuite","HabitNuWebAppRegression","WebAppSanityPackage.recipeBuilder","WebAppSanityPackage.recipeBuilder","clearSearchBar","Verify recipe clears up on clearing search bar",""
"passed","Wed Nov 19 08:00:34 UTC 2025","Wed Nov 19 08:00:34 UTC 2025","14","HabitNuWebAppSuite","HabitNuWebAppRegression","WebAppSanityPackage.HabitsAppClass","WebAppSanityPackage.HabitsAppClass","case2","If there are no Habits in the Habits section - it should display There are no Habits to display",""
"passed","Wed Nov 19 08:21:10 UTC 2025","Wed Nov 19 08:21:15 UTC 2025","5729","HabitNuWebAppSuite","HabitNuWebAppRegression","WebAppSanityPackage.Sugar_Section","WebAppSanityPackage.Sugar_Section","case10","verify added today data in Blood Sugar section as After Meal",""
"passed","Wed Nov 19 08:18:29 UTC 2025","Wed Nov 19 08:18:30 UTC 2025","1802","HabitNuWebAppSuite","HabitNuWebAppRegression","WebAppSanityPackage.ProfileAppClass","WebAppSanityPackage.ProfileAppClass","case86","Change language to Spanish and verify UI text",""
"passed","Wed Nov 19 08:11:02 UTC 2025","Wed Nov 19 08:11:05 UTC 2025","2451","HabitNuWebAppSuite","HabitNuWebAppRegression","WebAppSanityPackage.Login","WebAppSanityPackage.Login","testEmailCaseInsensitive","Verify email input is case-insensitive",""
"passed","Wed Nov 19 08:27:01 UTC 2025","Wed Nov 19 08:27:03 UTC 2025","1621","HabitNuWebAppSuite","HabitNuWebAppRegression","WebAppSanityPackage.WebAppClass","WebAppSanityPackage.WebAppClass","case25","Collecting data from food section",""
"broken","Wed Nov 19 08:29:24 UTC 2025","Wed Nov 19 08:29:36 UTC 2025","11993","HabitNuWebAppSuite","HabitNuWebAppRegression","WebAppSanityPackage.WebAppHealth_WeightSection","WebAppSanityPackage.WebAppHealth_WeightSection","graphcase5","Load web app -> Click on Health section -> Weight section -> click on ""i"" symbol",""
"passed","Wed Nov 19 08:20:48 UTC 2025","Wed Nov 19 08:20:59 UTC 2025","10749","HabitNuWebAppSuite","HabitNuWebAppRegression","WebAppSanityPackage.Sugar_Section","WebAppSanityPackage.Sugar_Section","case8","Verify No data added for last 30 days",""
"passed","Wed Nov 19 07:54:21 UTC 2025","Wed Nov 19 07:54:22 UTC 2025","689","HabitNuWebAppSuite","HabitNuWebAppRegression","WebAppSanityPackage.DiscussAppClass","WebAppSanityPackage.DiscussAppClass","case12","Edit the post with describe line ( It should edit the post)",""
"passed","Wed Nov 19 07:54:59 UTC 2025","Wed Nov 19 07:55:01 UTC 2025","1941","HabitNuWebAppSuite","HabitNuWebAppRegression","WebAppSanityPackage.ExerciseSection","WebAppSanityPackage.ExerciseSection","case2","Click on Exercise , click on add new button and add exercise for last year and and Total minutes of the day should be 0",""
"passed","Wed Nov 19 08:07:16 UTC 2025","Wed Nov 19 08:07:24 UTC 2025","7561","HabitNuWebAppSuite","HabitNuWebAppRegression","WebAppSanityPackage.habiRecipe","WebAppSanityPackage.habiRecipe","case28_LogLocalFoodRecipe","Selecting the  Generated Recipe of Local food preferences and Logging It",""
"passed","Wed Nov 19 08:25:24 UTC 2025","Wed Nov 19 08:25:26 UTC 2025","1250","HabitNuWebAppSuite","HabitNuWebAppRegression","WebAppSanityPackage.waterLog","WebAppSanityPackage.waterLog","case19","Validate setting reminders and verifying Wrong timings",""
"passed","Wed Nov 19 07:59:48 UTC 2025","Wed Nov 19 08:00:03 UTC 2025","15200","HabitNuWebAppSuite","HabitNuWebAppRegression","WebAppSanityPackage.foodGrouping","WebAppSanityPackage.foodGrouping","case25","Create new 'My Meal' group, add random items, edit group name with edge cases, and validate",""
